ll,T_NDH,T_ND,T_AMH_Alt,p_AMH_Alt,N_Anc,N_Yor,N_ND,N_Den,N_Alt,model,T_Gho,T_Gho_Den,p_Gho_Den,N_Gho
-43.33322140690124,762903.4871419992,717896.602210091,300818.7078179917,0.1111606590343572,16497.576963045954,27013.357479093876,1555.6561972952693,4074.474788806238,2588.943183118597,rep0,,,,
-43.31672330285083,766683.1904888158,708969.0680135116,302093.49080597254,0.111446500746108,16440.34642944482,27121.64700068065,2005.9844034962732,4044.430156766958,2589.8207904706137,rep1,,,,
-43.34304562311247,761726.6127003646,718558.3625787243,301133.14941936027,0.1112690359179055,16515.484843218153,26979.647892058965,1491.55273154333,4076.819396389024,2590.8820463019806,rep2,,,,
-43.34273993594759,761941.5376428897,718785.5331807323,301693.1271809487,0.1115519795764813,16512.39199026773,26985.34570056607,1490.0369051522262,4077.553547659096,2592.793416441796,rep3,,,,
-43.92658014343791,750316.076435004,735163.8185755891,301439.5240509927,0.1118179656710506,16690.196521599046,26649.89671994388,516.6924618590364,4131.497140742418,2599.2806277856207,rep4,,,,
-43.39519380840853,771446.5235518726,697336.850053727,302904.4879604356,0.1116408003640183,16367.593048728646,27255.768743072204,2594.111954508702,4004.1304034029854,2585.4593853768138,rep5,,,,
-43.32205249279899,763715.2772989766,715539.7470688398,301531.428107726,0.111448744664377,16485.806170277283,27036.16042205972,1667.2810056744088,4066.823009396342,2590.3133488654485,rep6,,,,
-43.41071359174086,772031.7644615853,696170.2719870755,303818.577395998,0.1116003508618489,16358.360619736268,27275.244715364985,2657.4382897300347,4000.0487152436494,2591.7007601239434,rep7,,,,
-43.49185877982024,757112.7510319804,728051.492198952,301058.017061757,0.1115564431708086,16586.2350128148,26845.51483655074,996.8549945815012,4108.022449079506,2593.967080943718,rep8,,,,
-43.32112606289557,763665.3475271752,714333.947057985,302649.3072460521,0.1116468702981919,16485.69332932515,27034.96734322457,1708.3827120992985,4062.687855854467,2596.1230152608846,rep9,,,,
-33.19872115755372,787969.1496224577,726213.346977768,249431.60729099612,0.0866869010109733,16045.82998756882,27910.124072658946,2158.3973111851865,3637.976769486632,2400.082395375641,0,3998985.41750586,92126.6203901317,0.0009591861024185,5769.502609645084
-33.239405556164186,782516.6584400146,714928.0734366821,249612.06160448,0.086729873278138,16131.005210820098,27760.51724804549,2386.939730977359,3616.519804324645,2394.7336008624998,1,3999999.999991941,90791.89306976576,0.0009272382746544,7630.38083541281
-33.210049661388084,782480.0597557864,716833.3251357921,248975.64069967443,0.0872452317075199,16131.631193747216,27756.253169093823,2311.6896515371377,3612.840418821273,2383.180213975213,2,3999999.999981667,91220.65172935456,0.0009515394947881,7953.203840809316
-34.23806105998821,795761.9704870466,698202.3411864692,246748.99972238127,0.0848812351125874,15922.933865458754,28131.583959339358,3480.635494628124,3531.5206011283244,2379.002496129809,3,2887444.4107976644,90029.03544634514,0.0016371853544319,8677.278091327813
-36.29458988458131,792375.7635149979,681739.018090379,273619.9237797868,0.0991131938874369,16024.31075806953,27883.824407554363,3907.520895634831,3423.8950117549853,2449.834218748153,4,958622.540221222,92286.84459860786,0.0072861139641769,99975.6356323303
-33.15563502784472,786228.0229680559,727829.4200042412,248751.8569839864,0.0858454982418101,16069.44868224436,27874.112756710907,2041.535982169108,3632.212194726784,2405.6228151284054,5,3532547.102354744,94039.56220050664,0.0012127414483853,7497.689720193104
-34.482000752049075,774635.7759364878,688140.6557171124,258091.8255914621,0.089784386774689,16257.507753616026,27521.72529047244,3099.3703497034744,3466.711638282692,2417.1678486490587,6,1753405.9455519323,90790.69861900852,0.0034686015377915,9598.876249839072
-37.55932453230399,815241.4212279214,665734.8864977392,262010.9588257998,0.0915744676899304,15649.726397401644,28559.719736243733,5368.629432651609,3386.9325092158715,2414.171340844159,7,1244918.69581939,90000.00000058302,0.0053929903007707,99236.3386665404
-33.18894979906538,769710.5129371847,734410.187916985,240955.93279991852,0.0831285530248676,16314.532041663202,27439.9212810935,1233.5980551498144,3579.998579169107,2365.5520048301846,8,2153899.7175427126,102751.38417712924,0.0030506622713874,9045.538938019454
-36.89863371677375,822037.6797509152,679246.7202048022,262759.2166747565,0.0869234157255183,15518.778431282197,28846.50305915104,5108.811829519022,3488.1420220253726,2487.563818735044,9,3000066.940363945,90000.00000000109,0.0015264132562919,17850.0578246063
-33.08437001538756,769780.5946594735,732511.7235707085,263901.27411919227,0.0931406792937997,16331.925830976312,27386.631317973333,1289.1953588355807,3671.308124158729,2463.4964893626307,10,3999999.999999729,94190.6541021686,0.0009419949361097,6749.517398631087
-33.22301621368122,780805.3850680885,729732.8571212969,248438.8896093763,0.085343425950766,16150.666157853006,27726.46434454717,1783.115489994782,3587.697516758348,2409.996025772721,11,2361021.3665021583,94124.97675693769,0.0023976696032458,5787.766285710383
-32.66728650506166,769125.2769507536,745270.8492989854,249611.35069814263,0.0866155734271776,16333.699842611908,27393.43258773923,824.3892839473381,3700.457069559154,2413.092942795625,12,3999999.975982901,96429.09585914791,0.0009755206130885,6028.331318876236
-32.97801822671987,779762.8005081378,726024.6241894948,248395.5214049868,0.0868548218545358,16166.870432709253,27679.76387362213,1882.0908430076856,3644.244545614594,2388.1418856623577,13,3999840.0769197736,91826.72468682252,0.0009470079260705,7004.095735795564
-34.3872266657641,759865.7790287106,738204.3376013209,236727.0938938791,0.072230605121148,16397.65480441785,27436.011376081828,754.8089829155671,3652.016946121385,2493.1772448429583,14,1708399.748566791,245862.3497993105,0.009541638686999,99999.99999970816
-32.905955344894544,779754.0334495668,729534.3654094017,250024.49666170764,0.0868137506182846,16171.92166234376,27686.65632075489,1754.2776541188762,3651.8713102205406,2406.7872214854056,15,3999975.301935358,92650.0076775908,0.0009551263487976,6730.30998333124
-33.02197446429457,760547.99129699,727876.8602161027,242902.01021825089,0.0848898061053717,16466.137206099203,27162.07760956074,1150.5724801606366,3648.229612515548,2361.8126810767258,16,3999999.999999999,92520.33570675358,0.000957931020168,6912.337974482288
-34.69374871199523,764699.0485644155,727022.4831729892,244361.3263662063,0.0828634884846331,16377.088751489358,27412.94304518571,1323.3952646072123,3703.766550095712,2405.8177768817554,17,3999999.9999972703,159241.2480690679,0.0014881816968352,99999.99999983856
-34.952157587528255,790739.8287393411,684072.438041242,249260.77347250484,0.0832639287658797,15992.75849195407,28022.0773778207,3850.11108170693,3400.929488076978,2410.6556119580077,18,2089374.8198842728,90000.00000000013,0.0030672233804993,14250.339420042194
-37.12608067624558,766479.5558960165,702392.0419992581,256273.68157127252,0.098500419782749,16435.04868558399,27107.66470577682,2231.368524455125,3181.589366714746,2310.8964536653,19,766479.5558960479,96071.04255309426,0.0135189655167144,99999.9985206488
-33.11924482926271,782433.717198504,720747.3041055826,248910.36783396068,0.0867497444233944,16131.040397093497,27758.911187281767,2167.985376281888,3622.9057243519487,2390.549184316018,20,3999999.948583536,91633.13456099542,0.0009543180447892,7589.736510212087
-34.04078210308892,775409.6238257552,713447.4854767323,229634.93974268527,0.0791086815387777,16227.279883102046,27631.23611766965,2217.7687922328387,3594.533876882737,2297.521871549227,21,3999999.9930581953,99224.57249517272,0.0010775605912924,17410.17537976034
-32.773071951937894,779487.5569492669,749589.8527744025,247449.76634128368,0.0852973774173981,16170.460517304624,27692.08469973357,1029.008559162871,3686.175224386223,2411.290930422272,22,3699064.59859132,97100.9341851617,0.0011675366336369,6232.197063227228
-33.28384920480876,778316.513572801,729336.9453160679,244464.38160100175,0.08353290836503,16185.039527331872,27672.33735699844,1715.0254381664267,3561.897929173454,2393.558603325439,23,2162013.1608604765,96507.49973847184,0.0029000763567214,6953.779373253242
-35.390300239714506,760729.054251409,718994.9963351021,238155.5732740466,0.0715490865373561,16377.417680603015,27488.07526969882,1479.2505516528358,3654.5020376339808,2505.7362419641818,24,1756132.3762189632,266846.20394498203,0.0093209969413728,99999.99999938396
-32.860847010500834,779108.0930954412,744923.0908251412,244862.1774470035,0.0840048856000439,16172.47603313085,27693.32883347795,1182.489610209038,3647.819742357038,2400.39626969745,25,3071373.622435016,97854.66610285745,0.0016410956174049,6575.396765556285
-32.895822122286035,762767.1688188721,734802.3255046947,242211.33432139564,0.0854827922772098,16428.024035068927,27225.721462404545,976.4307791040236,3640.789859483594,2346.444017064049,26,3999999.3655712903,97113.26020195126,0.0010399192356504,7348.458644638807
-35.45786286004391,789116.5140205421,726269.7571526486,239508.995314895,0.0750127273591187,15965.39182469027,28193.5948108978,2211.929070257097,3684.601390152745,2470.32651268277,27,2609652.278426455,210637.08038860865,0.0038582764579106,99999.99999926194
-36.31982141830702,786597.2114399126,731253.0077115537,242556.68698328917,0.0679209848866046,15947.789694990624,28298.078722904786,1930.302744663209,3783.6379595402577,2618.9206031849303,28,1730017.847426223,348151.69116357,0.0115917956688094,99999.99999999984
-39.06518557703656,749770.2396344868,679575.7807576717,228554.11047863195,0.0565393758985751,16464.40896091355,27397.006248509,2531.8469242299147,3871.2559871641024,2623.5718955400766,29,1216372.2492019285,679558.0043808494,0.032014741110465,99999.99999999984
-34.200580590993575,792424.8187014499,692571.3567015198,252023.4009844692,0.0870634918050659,15977.560605964129,28033.690476645537,3569.164032025845,3528.674045851373,2397.2421610551623,30,3144028.404095792,90000.00000000029,0.0014006500896184,10502.56522932712
-33.731260693485524,762797.7676179576,725595.3941614466,274225.4934076899,0.0967897636926307,16452.174929833305,27154.122665956173,1292.6748503914405,3758.028249583488,2509.5113475231187,31,3999999.9999764087,92016.43600418315,0.000707264059755,3827.514020411536
-34.90218361094247,809034.0328422359,773187.2563565525,237496.40301318423,0.0789567314345534,15699.386558045671,28542.16755426428,1211.9800903081164,3667.682422961645,2412.887430537391,32,3108540.556210122,99938.68800924928,0.0018005750184117,6042.803735557136
-33.36287286875884,781288.7943436749,719870.8081041824,260070.6639564927,0.0885640122426931,16148.395232492005,27732.661903463235,2154.6084334064485,3615.901243692324,2475.043724879626,33,2958720.829510256,92558.40034930162,0.0015432382560267,7007.345780843509
-34.26936141046994,781760.5293647596,686783.1009078256,265823.9733052216,0.0933717109985788,16154.950733592734,27713.378024677582,3392.549278179521,3577.9514905510496,2447.1113663814685,34,3999999.69835272,90000.00000000029,0.0008326477383145,12889.052129589438
-32.76864970359859,769688.9894769844,738595.6371729774,243639.6245310833,0.0845852699290411,16320.15170339548,27423.65990350703,1082.2777057665817,3639.9470860735655,2376.0051089217527,35,3317089.959819888,95299.15806959376,0.0014041140037664,6506.670289540628
-34.02512227758781,781490.112649006,767802.1467748447,241834.65214306055,0.0781055678228724,16095.97256215634,27929.73862501404,465.20473071625946,3778.7910309892823,2470.305563738328,36,3999856.6075412496,182776.3233673711,0.0017553305900253,60521.41801717496
-32.6898788445075,768334.579397058,743603.4089095269,248451.37756505416,0.0864636177804172,16346.322209135047,27376.228040772065,855.9605008719013,3689.970500891583,2404.5165856368144,37,3737728.9075963134,96450.38733657027,0.001106616065776,6513.462685537529
-33.18636332579347,787187.6895979352,756695.7275722829,245330.5122458409,0.0836238808329626,16047.37841966792,27913.504316078164,1043.2598694265778,3671.863726662245,2416.383480939138,38,2892305.932791144,98162.83877799888,0.0018198622743304,5565.833881257242
-33.91879817840298,765524.4560352284,728925.5912737853,243421.66624722932,0.0849968591908544,16375.818247547244,27354.96694499438,1282.8045823754687,3669.690504799633,2361.2402361965114,39,3999993.973870976,126420.90566888604,0.001222868557192,27026.691014913027
-35.143373123097646,768271.3210516742,738156.8664465314,233185.6568152045,0.0666456439926026,16234.836641551245,27779.365085966267,1040.3762279800355,3670.986331429703,2555.912762510586,40,1356244.535236944,322676.0039949992,0.0190696512365842,99999.99999999984
-33.431338073939145,782259.3449779726,719956.072250513,253396.4135995796,0.0848472718502004,16129.268626028575,27774.240016727606,2202.2005985363894,3644.7510809485098,2458.987642992235,41,3999990.568390535,93176.42339134928,0.0009117082381803,7163.892305086159
-33.91832802468355,793324.8272640994,702365.852127746,249377.6491866877,0.0855214877732115,15960.786451457052,28067.63574239935,3237.365432453667,3556.738817631905,2400.0100321956365,42,3705364.3058186527,90000.00000099502,0.0010862997255124,8860.15249172334
-34.50359465457184,773700.7146207276,742906.3135502241,259907.72576132944,0.093412455204874,16295.33188781517,27410.460822054072,1049.7984725470897,3510.2171812419024,2427.5439871384333,43,1023943.3101151368,99528.58960400351,0.0080784908314569,6712.069628417643
-33.67726522571533,786387.4661877619,713458.4182658362,246355.80643817972,0.083614845399405,16062.3111076873,27893.667387016747,2582.1915382023662,3542.547166672732,2401.898020190265,45,2437476.698157765,92915.23061181731,0.0022845834819027,7635.38203309888
-33.7323568410615,772208.6978591073,698292.4631405016,242900.4688406717,0.0851208082010812,16287.404367711635,27484.630308586868,2653.9548345798253,3545.606538487387,2337.927298148152,46,3276250.3018470327,90000.20766331845,0.0013181711995126,63023.51011664505
-33.02882779464355,780009.5312869792,722915.6901920657,248321.65512889516,0.0864061504517584,16168.396696602182,27694.459746067216,2005.5539465597467,3631.366230105316,2391.335628924636,47,3999999.8782318905,91299.09912935409,0.0009516705959502,7399.111705014315
-32.663691471550294,772913.8660628761,745682.6854357491,249067.2298441059,0.0861852184413,16273.9603108238,27505.83466018722,940.5203795552162,3688.576330101918,2414.7612946189365,48,3999999.9995824695,96478.78062137878,0.0010038844927431,6487.692712856691
-33.16022919084126,754080.5664426672,742848.4003972071,248103.3458245038,0.0866035751211676,16563.958884414675,26971.57484726948,389.0191226165293,3680.575670647228,2395.9973986628884,49,3482849.560733,96914.0904904688,0.0012479097465691,5993.967948887358
-33.13320449817684,778178.9340074726,755877.8850075254,259880.73064447453,0.0905316589163924,16197.25660111309,27634.25595411264,758.0310403755716,3756.009545309752,2468.9674829906494,50,3999956.7860152936,106662.03047463372,0.0009901158467652,6166.153011889894
-38.69351605614239,749167.9746638407,685397.8090525942,232224.49854650057,0.0576984611873008,16477.119441040006,27397.024621479395,2192.3021589738246,3807.8794157725793,2659.6828521572897,51,990722.7133170431,604201.1310599537,0.0631202072245058,99999.99999999984
-34.82065490861335,782888.3698175963,745494.8527312899,262035.83684393796,0.0943362467361405,16155.847799067686,27657.38758220092,1266.6240313868632,3491.011220007923,2438.857305988212,52,997144.6989792176,103559.95711688868,0.0089612403107017,11213.475830592812
-34.89176295427716,787219.1413168651,747510.5505666882,243350.11694081256,0.0762396530113798,16000.121666069976,28116.80928162495,1362.083283652241,3588.580659280853,2502.791189019878,53,1541808.15959533,205900.97597935985,0.0100439166947679,99999.99999936976
-33.997819550451624,771908.3035223456,720322.9283409729,238972.92164099755,0.0836748276256094,16275.951844625492,27531.4953368158,1817.982648858462,3534.21341432038,2327.1475068458394,54,3999999.8258110336,101789.91021895684,0.0012643481194322,19965.22600600695
-33.24078364577272,774932.305995117,735307.1388398475,244510.79254341064,0.0841881866604919,16238.07892005354,27571.24907983124,1379.288488941079,3559.166472565517,2388.5544398098577,55,1977609.2024716255,97850.88731485164,0.0034005438099831,6196.708080444222
-33.03593237942788,779245.5656620763,729951.5589872766,247207.12279141592,0.08509526956077,16173.039248759656,27688.90413847812,1723.0949149268645,3604.470398584067,2400.3099265503106,56,2875232.5248844204,94565.37486043504,0.0017634555033906,6569.710976126564
-33.75018892680478,746268.0962148217,718286.0101799982,250653.26863785408,0.0892609026796521,16692.288266039814,26733.07754013369,988.9081088886558,3646.529114578565,2374.117386936654,57,3999999.767425783,91813.62903311122,0.0009003814525782,7509.775533938487
-33.52428305359436,780905.8670093277,706327.3613353313,246201.8255535682,0.0852218473985167,16151.461715508873,27728.95728998221,2654.403530876891,3551.1861965882736,2375.143370142248,58,3038479.064962425,90432.80811364904,0.0015314540087487,7857.077288318782
-32.68979322455091,773921.1809433107,747446.1325406515,251298.0763596978,0.0872889844136567,16260.094383784708,27528.80942442017,911.3235453185628,3704.126328434247,2422.606933409784,59,3999998.317550191,98313.05694882188,0.0009991956780667,6907.666634361081
-33.09884304078217,787541.0097606645,735176.9034185247,248603.7285999409,0.0859682802906032,16051.70552705407,27895.786849681925,1821.2643168372667,3679.753181413975,2406.6986420436624,60,3999996.316666828,93004.5169985424,0.0009300005734285,5423.862725086709
-33.149143897973374,773471.0015059459,715422.0082600145,251121.69644093723,0.087329841512945,16269.420358559224,27512.336416135084,2050.878583114576,3608.322320009538,2401.9228384383405,61,3485312.3893158245,91401.1309295016,0.0011784980378849,7389.413518677815
-36.93332751576551,758330.3874241973,720801.4065430369,241986.3845501613,0.0699494475840903,16394.420635468803,27466.77149680605,1225.7047007722024,3752.538814583596,2575.06533511598,62,922849.4458257466,514471.1973690122,0.0697178724403631,99999.99999939198
-36.93956881584904,792931.9723898672,708775.3867853227,248994.3347894488,0.0767405730485579,15900.604781400598,28326.99799768018,2994.1868132845125,3780.645213478774,2521.901268088693,63,3999972.0663266266,279816.7192088722,0.0020027542939323,98436.9468350604
-37.57326071846276,783674.1328577463,734515.22633205,247081.71244362072,0.0727450775363109,16019.724319051656,28128.301092959555,1575.33241484733,3713.0525787172287,2590.041951042076,64,931118.772479386,482358.0650691872,0.0698265349960409,99999.99999970887
-33.33104605290541,787829.8338218422,724861.1220764347,248044.7328183054,0.0851269067922581,16041.454605167251,27924.283933453,2205.3599061703617,3598.130012922635,2405.966540849979,65,3060849.8728606566,93675.41402475104,0.0015782060104743,7093.857676467026
-33.44393703231701,774359.4486195847,704126.8876778834,250186.12718559065,0.0875203153995491,16258.744666030443,27532.07215048805,2502.255882673805,3589.49774715941,2383.9967270855377,66,3635579.459047677,90000.00004977216,0.0010611239207702,8484.418755685418
-33.89479921143189,775515.5055311747,693795.0081400749,261485.96299608392,0.0900990907830184,16244.43978743543,27567.06524355945,2923.893585470779,3580.564273605361,2451.915380495683,67,3999957.13944666,90000.00000000013,0.0008800296556786,12913.61941209998
-35.774119456627616,773915.1668722158,744684.3617898023,226299.6562353888,0.0619609648459887,16123.624958184628,28002.030789581284,998.097272599124,3759.336214470901,2578.848469724633,68,1250191.9583460577,394083.6740492832,0.0264375172331397,99999.99999999948
-33.54929121437293,750994.6749001243,744205.7050331482,246656.1809193092,0.0856617055359527,16609.409784071184,26889.87803614178,234.8705531700913,3667.409601353924,2395.063626031888,70,3013159.663499673,97694.91494912634,0.0016123273238694,5474.934733542468
-35.06689334864882,743031.848255605,719625.9670888088,252619.9402127497,0.0887832705477007,16728.36096740804,26700.64615426716,825.9131082270989,3694.57675381017,2401.136411689342,71,3999990.066716433,131891.52385640424,0.0011230381919529,25053.048183246217
-38.91780064115756,763820.1135721931,680800.6882286627,215063.8894867856,0.0517419502649526,16231.626445262542,27878.677463554533,2755.5204421081794,3755.802553966695,2618.5480479826406,72,942957.8506525469,607518.3719965529,0.092193038841572,99999.99999900402
-32.77814243337346,777764.4925665545,736530.4675853683,247409.71486903392,0.0859507594936847,16200.404889470565,27638.0968707964,1434.4479164353104,3668.527217651826,2395.740276316279,73,3997778.9128836766,95174.02037802168,0.000986783082837,7180.138920415076
-34.62704622980265,779027.7521672618,735941.2624506905,263462.7022701877,0.0946226404831456,16214.230304188934,27560.695042687203,1472.255405316175,3495.302471065962,2444.2676873085197,74,1028322.1628734984,102380.34131362844,0.0083093933693857,14051.854725435956
-33.957159396545464,781068.2990278212,724302.7602958684,251798.66494762272,0.0879232730485529,16159.878857762986,27690.946261199628,1980.034339330026,3524.421306139851,2406.293547820646,75,1465157.6365388571,95646.1139651303,0.0048800782648991,5204.076125292512
-38.9124722482307,779456.1179077865,667158.7907466121,225049.8644782305,0.0601760669290006,16039.155143754444,28168.712437267804,3287.653633422305,3816.869790248473,2542.763671457,76,859665.013344117,667158.790018875,0.170913447473178,730.3551599907332
-32.87625326874093,782835.3785822113,741933.0468634019,244721.81558413856,0.0852852684111963,16120.798492908889,27780.606304923967,1415.4055127081626,3669.800803511313,2379.096524841942,77,3999980.593515227,96049.94610599086,0.0010187486522829,6918.379082902671
-32.82152233432679,763931.9270627261,734333.3153249215,254792.3633566929,0.088905328410477,16418.117864021107,27242.839283164823,1030.0798900492186,3690.389013199613,2429.255881087867,78,3999855.769183445,96192.45673089867,0.0009403473974749,7577.14426632609
-37.09647435642135,779164.2643895637,657527.3379891831,257348.50221907935,0.0960908447138095,16229.141219189232,27514.747711049065,4405.876614469445,3349.27728814637,2316.5457932962586,79,929747.8855683825,90000.02493062148,0.0071941597363694,99842.67290752124
-35.230390169712464,767523.2889901223,736435.8465718868,269615.1854006574,0.1015355693682096,16418.685984686974,27151.62575468051,1053.45853232478,3490.4150395879838,2424.887241789707,80,806450.6382379174,102707.26730774336,0.010371106455504,99986.00422812546
-33.56247712666925,783499.5695530118,706726.516768283,260384.52510047867,0.0903413774587811,16119.229212421726,27777.821776697816,2712.1269674694554,3600.7744219766373,2445.437800104697,81,3999998.523835687,91021.29062106558,0.000913153859408,9482.809406998544
-33.95466480541366,792447.519496744,703766.149350937,244373.73131283687,0.0840579529014984,15969.025953167971,28053.029610884587,3156.303127395456,3516.6933073267323,2369.4033729702487,82,3255228.5989053976,90000.00000000013,0.0014424218444326,8366.364113546279
-33.1365354534736,777894.1738285378,718347.9175237074,243323.10540931937,0.0848123734512133,16199.422273325728,27641.164730467728,2105.712330271665,3619.69748279629,2359.8882992887143,83,3999971.500500157,91548.24333123075,0.0009477735094014,7411.291891313481
-37.09116727992951,787655.442471296,645407.9731819985,268737.21137329546,0.0968489292324879,16083.11042137369,27801.99309554684,5180.1726545539605,3367.755031471247,2393.5020198420493,84,1269186.65684676,90000.00000000013,0.0047155433263824,99999.99999887896
-34.12944314102144,796941.0286764045,710134.4904844258,249802.9652897481,0.0853128562494392,15903.376680582664,28166.51655136067,3065.021920940435,3544.513310592405,2411.4084607554223,86,2525044.251138424,91619.91858105312,0.0021087900597653,7598.285991384369
-33.32475495543447,781284.1689602314,710227.2232739608,249192.36617026365,0.0867977868286316,16149.923259986435,27727.893793816587,2518.2869094312487,3601.2592333948123,2386.829673709094,87,3999980.887468653,90933.32271831046,0.0009346632258982,8726.029557757396
-33.45070437468101,788382.2923082671,720584.5503222799,245511.93029896065,0.0844296160780035,16033.252672682062,27940.8079644169,2385.116203556017,3580.6911950220856,2387.555023327929,88,2933981.783379655,92863.62161888483,0.0016869357388431,6917.321512051726
-35.59584423695834,728244.932661959,707995.8223906535,244098.87929176688,0.0886577996310842,16966.906493712802,26209.827775889804,723.4008837765309,3612.765437143692,2304.3841602297903,89,3999999.999993149,92016.04149610478,0.0009021999112989,8298.348696509434
-32.92629359276195,778332.5362550876,727582.8425880164,246902.99196251985,0.0863922128652253,16193.56900121706,27643.877116782696,1777.2156799214868,3643.513374397828,2379.3057532123594,90,3997706.736833544,92670.41801629392,0.0009525962029538,6137.036900946991
-34.47917576899846,765054.9342328286,730846.7594051156,241034.1598879989,0.0802454303787449,16362.400205564962,27435.682705150557,1202.978980356604,3718.4786054705687,2410.0290779546945,91,3632120.080851113,172895.47748617252,0.0017845734668534,99999.99999901307
-35.88277686061284,787107.4766236962,769503.4569911391,265026.41844318545,0.09635285758089,16101.64559635276,27745.023036817154,580.245992992935,3509.6441309646725,2456.722212254492,92,898324.7700975968,122255.57880702616,0.0120367434435848,99999.70035092652
-34.76496970178091,778028.4322955017,687694.1259569613,263027.109610858,0.092282316158346,16216.136004783042,27589.01012629305,3225.170847902938,3482.703776944972,2436.5419890315834,93,1519955.4032305188,90000.00077689964,0.0039861298715449,8989.160486315843
-34.323318732906486,783108.1454170472,700462.8638820823,249768.31289569772,0.0864264139077671,16115.668637749704,27818.18019673222,2946.5615971551656,3579.748231322057,2391.105662209421,94,3999999.999892863,105309.5530754236,0.001070826418097,30008.13317629757
-34.76395442399623,766680.2530959346,716897.2820615366,252481.6762320839,0.0858395357173347,16360.54838354573,27422.23146155121,1755.7866718549142,3666.57959424084,2441.4538596234315,95,2598364.701742785,141123.7376176953,0.002577069108642,99999.99999999984
-72.01462496543539,738787.5983010861,646362.5932523417,236526.7334768715,0.0961437340204824,16836.590407274765,26291.965561337285,3286.192640512358,1750.902568918651,2086.595274881745,96,738787.5983013381,90205.69412664992,0.0292849052713496,83261.35598450774
-33.22955059316328,787675.4883486487,724627.0047957345,250818.0459786053,0.0866060240959966,16048.46374502296,27906.487003599093,2206.632912579174,3627.216923828172,2413.6834415246267,97,3789479.7770593422,92348.49387865816,0.0010575687901078,6951.730980908772
-33.47168997912378,762867.3076283851,706988.5173648646,251701.67901996564,0.0892022027677487,16438.12222387699,27204.798390292613,1986.575536269598,3610.041503989356,2378.296896524233,98,3999999.999999999,90798.72482295938,0.0009035517261154,9607.27201166133
-33.81848090226991,793722.1513782174,715308.8132665083,248600.861314044,0.0851577801476259,15951.816250400554,28077.8556636314,2762.2609936661624,3560.641720795864,2404.986999524195,99,2703448.75841078,91587.4269625011,0.0018966822758595,6742.847205027499
-33.48091278499615,759919.6718913993,754108.2305570338,245868.98013971795,0.0845792353247502,16467.19761822469,27154.77414161708,199.1623320173964,3669.6118426338767,2405.997088379511,100,2916490.522086792,101364.57477162496,0.0018264198096721,6117.518863251707
-33.090173109581,760819.8275691896,721899.444241433,248347.9843202144,0.0872157292774407,16463.024702549712,27163.42724611867,1371.9663031954556,3634.015639492676,2379.5596567337457,101,3999999.995766002,94418.71464064428,0.0009650387957987,8310.830539270428
-32.882886997886075,771453.4107889225,742195.1202530268,255886.3768964843,0.0882924007964366,16299.685504564002,27451.16730044142,1010.5971549735424,3687.617661562271,2451.213139924387,102,2918762.7562252544,96289.99762803098,0.0015848177078285,4921.572950365967
-33.348675649364175,784844.6724395185,753243.3675079041,245681.49148382508,0.0829457143256714,16077.388989325127,27871.51283480159,1083.5589546681788,3613.041089857221,2427.160731762714,103,2254218.918275327,105644.8312494807,0.0030039115861525,7722.094150700946
-32.947085415096424,780016.0174231925,729603.3181514234,254598.2702046783,0.088458892388617,16168.877912390191,27686.238523627755,1756.4092557987642,3655.5993171721607,2428.3215760932617,104,3999999.999998976,93333.27703869896,0.0009475064911136,6593.042838690474
-36.55261930444127,767533.5347795822,708409.011526877,229117.9404948188,0.0634908126707373,16226.605059232856,27818.658876272417,2112.5680629659305,3722.516008426514,2546.5897231316644,105,1634139.2231295318,362345.32531580125,0.0136450275137985,99999.99999914524
-33.1100391180253,779724.8639599539,726838.864083099,251434.3868008404,0.0867418207880864,16169.974094374713,27688.58894664261,1849.192535247132,3617.773477764392,2418.8636619562235,106,2814459.229518983,93679.03839263694,0.001733963603443,6043.459990551309
-35.7312897621387,804602.4354197552,742406.0210177865,252101.47270029143,0.0823500431565168,15755.161656845732,28509.983163611047,2142.9109655346538,3760.6563329764217,2497.776352778488,107,3985431.0516978144,175785.8413201476,0.0015169679446727,99999.96009779934
-37.4280366402112,776616.0339294188,692538.9906826223,241429.55301237383,0.0678690107033202,16108.448160278243,28022.413898426865,3037.3756323449297,3661.66292568533,2571.921602605414,108,1861306.7015060703,318226.21979787364,0.0095811346128728,99999.99930105403
-38.39687797696341,795495.9714329911,652388.5389663462,260625.34419723117,0.0952066421882971,15971.339900641226,27957.55573166499,5157.872197861888,3113.631403865334,2347.23688471958,109,899221.1573697607,90000.00000408887,0.0104867403729977,99999.99999993198
-33.16694764908645,773818.1613557789,735178.2810106947,244780.686934576,0.083842907579699,16250.853349051024,27549.795846957808,1346.0008029778692,3550.778823185381,2394.778365048206,110,2173867.7759220386,97616.98593678832,0.0030060492168834,6359.4685458540525
-33.55979632318031,789845.0038861118,719837.1355631179,247914.8199664631,0.0850187767829182,16010.579310887524,27979.950826669177,2459.6592339881504,3573.078744154288,2403.1073649081745,111,2755312.72916476,93535.83642741836,0.0018862192541368,7878.574616482072
-33.11505902975968,778871.8360283194,718292.0443181949,246151.48991070208,0.0861737484764332,16184.828151918704,27662.02186429116,2136.3232049251424,3608.848200897092,2369.5732738691577,112,3999951.420132972,91365.78864145534,0.0009641162712498,7604.8634333168275
-38.807232575501935,757546.4577171179,680827.6521563599,216593.723237533,0.0505936099223464,16324.836298717424,27708.77199793069,2452.240859448415,3841.484598336391,2661.8610288341706,113,900813.0908017243,680827.6521562908,0.1195397277672238,99999.99999999984
-33.636879667248586,794658.609348343,769537.567684034,250117.746736494,0.0861184614287201,15935.57160719844,28104.72790462765,845.9262058312316,3737.133537308795,2434.56660452576,114,3999883.626249888,102344.60040106912,0.0010822065867453,6642.07250070661
-36.67638358551565,766779.2571539304,729930.8888673765,243638.54683942584,0.0742024955189307,16291.594147912074,27627.571260705285,1213.6783852488095,3638.1110654734734,2529.6440700628973,115,941252.7457833256,423021.7304289756,0.0548421748161883,99999.99999999364
-33.786960090172855,784769.2323833428,743848.933131268,252922.70824322008,0.0872293781550536,16096.751673095598,27807.4907446212,1405.6435385703664,3572.024993765808,2437.372804038428,116,1574903.6867048878,98271.69241767377,0.0045989173840798,4709.127378088973
-34.55491832614227,789833.5560437323,750074.9246290524,237534.61766138143,0.075794978175256,15961.391686390472,28186.610839254045,1374.5568209145151,3734.2017960809967,2452.619518429772,117,3322327.9741167305,189087.0379447012,0.0024453309454296,99999.97644507608
-33.48553222457717,759292.5148296615,718158.2052949774,251423.20873989156,0.0883291674104332,16488.971786280723,27107.737840929225,1449.47637591523,3579.885054665525,2393.220634528633,118,2234328.2583497087,93502.33972830232,0.0024438175951672,937.689064409835
-38.283425227809566,779075.9371657516,687911.297863335,229916.29621203407,0.0607776023677713,16037.95580449878,28185.468030627748,3291.2575429618787,3778.1694260531817,2584.087895776187,119,1462196.3938016817,461541.4026976842,0.0186417553954454,99999.99999999984
-36.08246558341623,795011.5286686372,684925.2560695201,272957.13342709653,0.0959321782478974,15969.384313448823,28003.076765607428,3890.669125705821,3390.4835545821625,2480.1649602290863,120,1091793.2656393875,90412.8844858472,0.0068390646083001,18761.89299461501
-33.580508118059655,794232.7980129906,744093.218017941,241205.5766230328,0.0827414159456647,15937.303780775075,28107.0089563015,1731.654084483111,3616.266456115317,2378.795548891476,121,2754137.360822092,96243.50893164132,0.0020044895191722,6855.483189507329
-33.142800583224684,757063.409873558,732518.3670587206,262574.5922951667,0.0914933057888176,16525.884424291453,27039.24283018062,853.6730429820178,3689.294148540756,2471.006182155981,122,3999999.875572059,94241.75766917555,0.0009080832684853,6389.573540736181
-32.88313992156516,778640.3401452685,729554.8740992434,248688.50173380147,0.0864587611776339,16188.484569771208,27657.483455903654,1715.69786808585,3649.4008896156656,2397.80415290091,123,3999999.9999928935,92870.09941550622,0.0009638132555693,6972.001533975885
-32.931861880213944,774125.2319325036,724083.9980625435,251279.3313477856,0.087423943059423,16260.45500632483,27528.942077104664,1756.2811755850698,3645.136094789984,2408.165325862416,124,3999990.415818032,91712.47925452144,0.0009371745806769,7600.332755789388
-33.22880109437595,778870.9863398375,723542.4411396651,252768.8352929271,0.0873686257639481,16186.00321853384,27658.69969374245,1938.32760503188,3615.1393284877176,2422.4341251449137,125,2562116.358660706,93338.43964317012,0.0019614460855586,6078.433104826486
-32.70128116401715,766152.2919962674,740110.5581162118,248595.32016631545,0.0867843832164524,16381.508038886848,27308.23949252468,904.0795059063796,3686.460129612252,2398.3787349150766,126,3999739.198750836,94467.65927840109,0.0009612285650389,6206.518191511547
-32.71917779599113,766628.6867646608,737302.7832697892,250068.8377482076,0.0871815359008751,16374.525182129972,27319.96373194242,1020.1471588162946,3686.863169637301,2406.380688698462,127,3999993.143053764,94771.23721562952,0.0009476302376268,6338.60262146519
-34.2120767774383,772080.7897785897,684137.6403399142,255110.92223716315,0.0886830745423796,16293.162057449335,27475.096089087,3176.218704818032,3523.1982815017022,2400.367377286705,128,3925187.138554881,90144.74279975482,0.0009481401614243,12701.825879372816
-33.400494193416016,787924.4975038823,716190.05544301,247132.22937588135,0.0862581033432739,16046.402781204191,27906.654922095026,2529.0557881861578,3615.347143195129,2377.39507045566,129,3999999.999999999,92051.48717512346,0.0009376758834927,6792.8514785578345
-39.07293456936189,791107.0787635299,734720.3599143571,251274.1749908276,0.0903529913861441,16010.445064390566,27980.273209183568,1886.0440377915168,3098.868256368548,2376.7361893558077,131,921946.9760455604,173713.7163876359,0.0255969546878868,99999.99999997408
-34.91645299125139,790342.0413246322,671154.2953724572,252511.91822758145,0.0878348676894647,16013.856176872989,27977.28965183527,4326.553890178207,3489.2170126332007,2376.425547184214,132,3999999.999992197,90000.00000040366,0.0009138526143665,23028.776510991385
-33.07799911129766,780295.3994908835,720433.3689121563,248794.54261586603,0.0865107943115061,16163.38949858782,27700.734041381915,2107.6409284495608,3625.1365716818464,2392.51518443788,133,3999999.999936476,91739.92507868187,0.0009487168042423,7509.493158585154
-33.24121558508413,757139.379402585,725183.6066951633,252545.9318533463,0.0887764131618675,16522.251982358728,27047.91729978108,1120.474039166832,3630.9061406837513,2402.7778828577725,134,2736612.654956911,94123.25899084967,0.001745931297639,6069.813601630162
-32.8694965033001,783565.1422849414,748807.6686624348,244843.27052979503,0.0845836649429774,16106.416053511502,27807.826396225555,1197.4316389804196,3682.621405293948,2393.8845841346683,135,3999735.217717901,98082.81941609146,0.0010430791773063,6811.261199998592
-33.0388787046066,773694.5133803824,756963.6699073883,246106.6524327925,0.0843782616705157,16254.235725302156,27538.79330291056,571.8470329498515,3649.819350225478,2411.809558319559,136,2585274.7790464927,99660.564336492,0.0022349788838518,5094.277547331114
-32.93200331067288,777182.1037006162,725567.6145440789,248134.6080101032,0.0865255695296312,16210.807546695049,27617.09422983411,1809.7753660870535,3632.4231021459223,2389.277113043612,137,3999999.999962113,92241.1066787622,0.0009694922123527,5358.740511538585
-38.68725984996667,748848.0609659164,691050.9076692389,221657.0510470129,0.0545001486934002,16471.25675864903,27408.30476986397,2067.3272735638666,3917.568562083764,2627.748587163447,138,1224940.6850052697,691050.907666407,0.0330101761452372,99999.99999989236
-38.435303838796486,778476.9194100172,693533.442688113,235572.3444391029,0.0649079995886263,16065.219895018688,28093.931810115537,2879.904897520424,3759.139843669141,2571.4781658126544,139,991622.7982017384,540660.881118386,0.0585792879129716,99999.99999837874
-37.10550634108903,762276.7149556271,714849.4511506849,236952.0407779308,0.0660171647612825,16316.57150151526,27635.7684956652,1580.9855951055931,3738.546847364087,2586.5088955122537,140,965927.3015670972,502350.79812153726,0.0609365967194511,99999.99999995864
-37.236547445151245,775966.6824088193,727744.0311333131,238038.16851013005,0.0676900470476234,16116.712221129956,27981.556888856958,1558.39402313057,3740.094804595831,2580.1357311270813,141,936559.387771677,508404.7516056252,0.072712674878628,99568.97841485355
-33.86320787834815,779091.1523146945,718224.213609334,252323.69165928272,0.0879030083319603,16187.301827941486,27645.38389432285,2134.438191231927,3518.3755272361013,2407.777218083006,142,1586392.4862132105,94827.266983591,0.0043337693966287,6163.507125295917
-34.53998002722532,781515.1340920853,679632.6299994256,256064.97596260748,0.0903998323537905,16160.883323593367,27710.04332424406,3677.1829658773095,3585.7244877885782,2389.2629534656053,143,3999999.999998436,90000.00060525279,0.0007863950908689,17578.70243149629
-32.85731298713938,779139.7157660325,734731.5651206883,246990.2604490593,0.0854684372047753,16178.272249333204,27678.549239318123,1547.5176807471355,3654.3909212102462,2396.9045368192296,144,3608802.833597719,94240.1005715517,0.0011679384960306,6632.446424735677
-33.82161839204414,774737.1368940922,693403.898612554,249496.06490658328,0.0866493097603396,16249.630847898818,27553.198714952603,2922.648195702315,3538.0161018775366,2379.506844500699,145,3291915.3889752906,90000.00035388682,0.0012863399046875,10461.589240620477
-32.90501162764183,778686.2336363394,728320.5883529265,249983.79272804383,0.0870930657049734,16189.022404710782,27655.21041669896,1760.6268751501364,3653.022756637298,2401.4106490460044,146,3999999.999996446,93247.9219723461,0.0009522538469334,7125.380175735049
-33.140446362312254,781825.3600374372,722163.1011023003,248862.8653903217,0.0861976311001398,16138.366523667037,27747.92240781221,2095.5856678973214,3614.6362443094345,2398.3750149911743,147,3320172.126334887,92167.57396904562,0.001313840146627,7001.219104201409
-37.31631404603701,766296.8227265329,718321.1262189453,231035.69911462712,0.062903928373189,16244.590398797469,27777.200922263204,1496.1258905329196,3797.1748630404863,2593.722577947702,148,890736.9784051812,588651.4398717968,0.1071596861473145,99998.2074394882
-33.27472838815861,790291.6315753997,727936.7203023178,250550.44398172884,0.086767480706318,16009.569702552457,27974.96514427484,2174.0387177498937,3641.6502729431386,2411.241363011828,149,3942703.346233261,92480.34084931148,0.0009867409427523,6768.21131261904
-33.1759268552637,763076.5261818152,729873.1708909237,250585.00076036417,0.0870031603169668,16427.67988943145,27224.39051058925,1160.4486569694332,3600.7814105793964,2409.3926519476527,150,2184889.562855336,95040.12826970567,0.0026301727857493,5817.123751964459
-39.87261784652283,772270.7546257204,648571.8720018636,236376.3463903122,0.0608174343775556,16143.102722421216,27986.321608288657,4172.8704542646265,3731.260633010388,2589.4733903212755,151,932968.2594788384,648571.2768768902,0.0886985275535353,99999.9999998064
-33.86445914996714,775257.9547391498,728213.8520427397,258933.38309620027,0.0904468164277836,16253.03632495152,27518.47886695966,1633.0786467007474,3555.271091343533,2445.8186949660403,152,1420678.3212342754,96363.25153578693,0.0049003924493132,5531.714076034909
-37.50023537076744,775522.507549423,728765.8903743408,233407.53032082,0.0644114018984408,16111.343584928178,28007.428768034864,1468.3733602063824,3869.277229311741,2601.117114042733,153,910927.95179492,604735.9708098633,0.0944369917322962,99985.41788181124
-32.69751455220871,773324.4883210433,751897.9594953958,247268.8978491611,0.0857642522789249,16265.990920230715,27515.47441945135,736.2190976343956,3702.98490113867,2404.098937058741,154,3999982.84015139,97659.38757264086,0.0010162602051967,6385.4057543484805
-33.62187766820053,781544.7898687011,703125.5487254699,253883.1367822397,0.0879901967271575,16146.28125201587,27732.11455523669,2786.528849976989,3561.7861753500306,2412.0980021472446,155,3021005.027574355,90000.56073658406,0.0014765201646172,7962.552377836527
-34.88594518846111,774408.2217761485,709186.4896162619,283914.2524227221,0.0997359359367286,16271.685477984254,27464.6877336012,2276.7478822893468,3648.2543693655807,2547.224016511361,156,2176895.955967518,93167.1424102147,0.0019384755672349,100.00046494167118
-35.71443772511929,780934.9749660667,672040.7460511468,242959.91215201613,0.0855353207070387,16158.857448772638,27683.88087597591,3960.126055276695,3328.0387188924665,2311.320924824392,157,1414600.7593828388,90000.00001428231,0.0050966206254381,7941.346574019697
-34.4489958859277,779764.5448432317,710867.7867570156,267433.9500354439,0.0913808600487462,16182.340502070529,27644.35209487925,2420.920886708007,3507.0492734357854,2501.329857373752,158,1474243.7276181255,90000.00000000029,0.0043755085304521,3479.630284713185
-33.88979180777763,799615.0072003811,725362.3267030728,257745.7973457596,0.0889743349094568,15869.609690025973,28215.151319519737,2580.5192258678426,3640.7078202583566,2452.45808652452,159,3999999.903108346,90000.00012994435,0.0009301870627343,6248.066472255194
-34.11141073090589,789811.6201464834,700557.6549919746,257882.0791518525,0.0876714836688829,16015.742234390684,27964.497831430515,3169.8065261206866,3521.122954491841,2449.438704565413,160,2452980.9382148595,90104.03276750213,0.0021291530253286,7694.310746931057
-32.91434299612186,781413.296606893,739808.2258307396,247427.9226343641,0.0850313055890471,16140.21354282284,27750.215003577858,1443.1314661586862,3650.9211109060952,2409.92494288171,161,3210051.6573535395,96416.59859720735,0.0014756369738431,6924.263174903445
-33.01757215676894,776667.2641204551,720872.3245866203,250948.2149310535,0.0871816109511553,16220.50970111896,27602.65565700681,1962.3853780662223,3629.576154316501,2405.92650776294,162,3999999.734380304,91667.42702769976,0.000948688615286,8023.551418808552
-36.23594308831397,773414.453541905,652600.2137566791,274806.6772048852,0.0964247241612479,16290.748500008462,27480.79842905143,4413.921740716893,3505.304260053606,2459.6953008579085,164,3999999.370509022,90000.00025913157,0.00075751118948,49404.03880626279
-35.68136221229682,779608.7169359104,664796.900595598,272298.8637101516,0.095548989567953,16197.310932185716,27631.837423975456,4164.373629137659,3582.2866060605056,2458.4103090001936,165,3999999.999996745,90000.00000017168,0.0006691414402291,22477.872694974205
-33.02233122433994,770894.0497546149,719604.1256667251,250103.42814884707,0.0875677150236053,16311.814896717617,27430.71002695484,1808.189745132548,3641.0707272939712,2391.8914351270505,166,3999961.577321737,90707.22439842513,0.0009008705886524,6324.230550455812
-32.66886538250317,772883.6209236947,742663.5477369451,247917.5905368224,0.0860116793925479,16275.793969299508,27501.212345468528,1047.02592995474,3687.384356220356,2403.474545709656,167,3999999.999999501,95134.7674104134,0.0009781207686661,6185.349997560014
-33.039838527737345,788021.2709477294,742830.5234535498,248558.37133491703,0.0856151107715471,16040.622128182134,27924.26836254993,1560.975959190877,3677.8571463330886,2414.8038479497527,168,3918580.214498591,96044.61864895726,0.0010455407699277,7454.705703212781
-34.23771559522416,778332.5884885263,699344.1970575765,270064.61102667486,0.0930276097350531,16200.12928624584,27622.10562628972,2794.024846960404,3530.1653047847176,2493.286726720658,169,2162531.559199876,90000.29348252244,0.0024476173452742,7054.408478726606
-36.5520663562901,792006.5357605682,717993.1840454105,234769.55093068627,0.0735890687958251,15926.940150147026,28233.76072057114,2620.127052939798,3376.464706907087,2438.2583606908875,170,1812166.144097105,139263.51782717285,0.0065923953136409,99999.99999999684
-37.87544131620887,765715.7602653815,695462.2643588333,227561.10453906783,0.0600206272563589,16234.102706488708,27770.18737677689,2476.870573980248,3796.420626510984,2582.1838880798678,171,1159927.0624189582,522746.2067761249,0.0346724625971869,99999.99963242044
-36.11308015176411,799443.4990964215,719506.9318153288,247107.66395770363,0.0795321114753607,15827.094402402949,28403.967820743568,2813.159776279796,3667.8836113703896,2474.102409122572,172,2924234.568656994,176988.25987902208,0.0026770687280374,99999.99999995864
-37.22120928417189,795728.6750671299,701797.2157239087,256608.72401455115,0.0798233935783776,15873.6823549025,28351.770293435035,3344.2705619804856,3693.3293508549896,2543.0187415214,173,2911776.1652341364,228677.793413501,0.0030126847209284,99999.74921379086
-33.54347921865232,787721.3517054216,722085.5403167838,234503.07920200328,0.0812193030937259,16040.66938217766,27938.685670211235,2318.4593134330494,3594.6505319942817,2320.6623649146727,174,3775543.8815466,93178.7599217974,0.0011453246901716,8683.079303785411
-37.87358807942837,800971.776990706,648629.4110467064,226496.50358620187,0.0750679395716083,15823.72184596102,28350.667342684737,5701.011624916109,3337.8971221769925,2266.0569437253384,175,3999999.98184134,90000.0000000329,0.001081430253108,54053.36850205297
-33.32235664970959,784002.8041626472,714851.4200258118,253469.35385755287,0.0883353939217398,16112.119995087996,27786.105695750222,2437.1088060996367,3639.595009644661,2411.968348518847,176,3957251.615535993,90356.68915242076,0.0008885944832632,6405.505508770113
-35.5544690224678,747114.0521469169,685862.6420036855,233249.31749502767,0.0829527573891077,16667.988790237687,26789.906450169183,2234.1589125860646,3444.144396486966,2257.5039643404216,177,2263536.842043375,90019.14627415122,0.0025264806891078,10569.32703703194
-33.04005278687855,779444.1440902906,722021.687150179,250362.584905512,0.0868910509618936,16178.050882598578,27679.09100001563,2018.1387686685837,3637.4462977262097,2404.946519679274,178,3908575.3284264314,92047.48931381913,0.0009789603647959,7863.88229561272
-35.85843188803556,765595.2577635498,728199.0431362023,234153.00727821264,0.0662487835749862,16260.767998961175,27752.365625993058,1325.96680502373,3879.1707385839777,2564.9865889556786,179,3072247.755887638,377973.5059174819,0.0043050256820326,99999.99999986714
-33.04191441669107,770874.6601594039,746347.2489135532,248552.8145489653,0.0846845887836177,16300.923746072209,27463.552515182284,846.9430473266975,3637.7636042279823,2430.4943303425443,180,2183825.9430297106,101604.87267645758,0.0028245393955568,5925.691316177959
-34.06430178388261,791708.704086103,780452.8825032073,245863.7771570169,0.0837038473054886,15976.87503383074,28036.49902922258,376.5549678790524,3742.658557140376,2431.3064356429013,181,3999994.9107849593,102458.21244065766,0.0011194168933137,5782.824992881197
-39.636829061849184,779593.0517349753,654287.7885565403,225122.89426249583,0.0572321278810157,16016.48785229199,28246.442601539195,4678.594642294088,3787.351294385398,2555.14058709799,182,1882762.2883948465,650456.3170290751,0.0120985238794147,99999.99999999984
-37.37401170396993,769535.9855171981,664133.4060120322,271626.10247843905,0.0929846979430835,16331.456755419,27395.131092373613,3830.8714167887183,3320.9417229058995,2473.173087862862,183,1369711.8359285253,108870.38458806345,0.0063376825364901,99823.25470774458
-36.79020147375636,779734.3755667643,710126.3202188355,237852.1817817071,0.0702193085622421,16079.825442852622,28045.071297056493,2476.3501381770834,3778.3512822619073,2520.7666184184204,184,1786606.826197571,336776.1288910734,0.0093788551756563,99999.99999999788
-38.7012538628314,763505.1558710323,703576.466408535,252283.0526288644,0.0840915564655161,16394.24232228039,27375.908105682312,1990.492549629652,3578.406762226805,2454.6198466232795,185,869802.3916813268,417317.515392414,0.0583168346091321,99999.99999999984
-35.92385279156941,783339.8549999531,688938.1876693312,276748.8770452938,0.1012800787064051,16166.314600737183,27626.34232642217,3311.852483040938,3414.810629120806,2460.791452840494,186,924751.6105959328,92086.46752716084,0.0078696977539513,47806.59032358223
-33.30285726305152,760031.753108454,715362.662218564,249477.8576204334,0.0875861843288073,16476.37943141787,27135.566674763475,1581.993437224939,3612.424467188788,2382.2613281514678,187,3379801.846330334,92176.4125017166,0.0012344966744911,7095.049964549578
-34.93384979679689,750050.7382187868,724981.9270532201,243564.9158205147,0.0805320159152419,16591.17853436237,27008.448008224223,880.2961781328686,3547.526327020796,2426.230290022239,188,1561302.4729382815,176520.92659294244,0.0079059025299523,99999.99999997372
-32.826129596168045,768397.0400757068,728726.8694444943,248303.59719542012,0.086758274307047,16346.608197554997,27370.88480839269,1390.0557282676102,3653.64572684031,2389.2503485666666,189,3999995.926908296,93176.93763150425,0.0009499373548287,6789.423584957222
-32.864646567312626,767425.7638728912,729647.7236284589,246757.602139347,0.0859806878769798,16359.45150811202,27352.81663764836,1323.347223598911,3636.87964226762,2384.844748625792,190,3397672.837359383,93613.4460392676,0.0012847412041633,7296.958607056912
-37.37773253357656,777661.8627347413,707135.9616310877,245728.8574596101,0.0718796599164091,16111.973941138249,27979.051756321685,2450.448797503049,3596.303531655291,2563.872427683404,191,1134338.3454763188,352170.92989306094,0.0283227500654636,99999.99999894555
-33.56121994020706,798199.3452519114,748404.0364273535,245289.80593734543,0.0841045566896495,15881.995564023193,28202.329428790425,1712.7128543430767,3683.676222485504,2405.8263364404106,192,3999999.999986527,94837.84456114468,0.001011945561992,5863.278476181677
-38.18662334307197,777504.9826177951,695778.1865193543,225126.9393472814,0.0580745900478095,16042.614922638291,28189.65859817434,2975.4322658363008,3910.026874991688,2595.436977804381,193,2342820.6919605,591879.8977365092,0.0080199978920294,99999.99999985224
-33.339887598069645,787497.3657992359,717909.9937328241,246456.3124885217,0.0861566042935845,16053.046770429804,27896.640969953354,2449.1676839119978,3611.264097677841,2372.0044654568114,194,3999999.9896191824,90859.28038518688,0.0009570660933969,7582.772557111455
-36.35756711816941,773841.7653043899,703033.4047822283,233703.58828960903,0.0721193062249994,16192.79813270391,27813.24240911096,2549.6070079656365,3609.428339528984,2439.86143143,195,2130324.87929421,224761.8552556819,0.005824026663722,99999.56893164858
-38.63172395684581,783020.1837331542,684700.5251901046,229423.36307870003,0.0597049759385732,15968.157036023546,28311.705052981357,3598.719586908507,3889.1902993478993,2590.882278972713,196,2284418.006989833,627890.6698272745,0.0081140643756952,33893.766455816
-38.2138205284883,766517.1168052912,690825.0152120144,223236.59814409656,0.0564527458131899,16211.018304949666,27891.76237752837,2655.053704035559,3794.444260068239,2607.019859653111,197,1104071.89538575,549104.9219574102,0.0435742842570927,99999.99999999364
-33.179206355758694,779834.6202157093,717284.9848363546,251901.48704630585,0.0876508537224292,16171.490391545542,27684.4259033604,2202.049635410539,3608.314633179362,2407.434168894285,198,3567091.7684812434,90798.54136452232,0.0011425295965967,6809.2320908035945
-33.26927287754724,759418.8416442303,716213.3577873226,250507.486630884,0.0887357073453352,16489.78479964794,27104.93502455472,1527.845896774794,3634.810452783031,2378.680410480434,199,3999999.999999501,90678.85940838646,0.0008947928528317,6434.752359243474
-33.55302395537326,789021.004211776,715564.6652574921,253651.18928958493,0.0865626455821281,16026.022530977249,27950.297224373287,2586.7736474568555,3583.910429558735,2436.27022264539,200,3103092.4270710954,91776.49874670716,0.0014826729643149,7406.878415446404
-32.9780931562792,770832.2887929181,725665.6303520891,252665.4932205458,0.0886394518636954,16316.3758349542,27430.37271435048,1583.36872846552,3676.9054602931496,2415.6515357135463,201,3999999.9996158793,92855.53029795724,0.0008860591834189,5686.336740527001
-33.19065374668984,784999.2782569347,750763.6368613101,244117.28324365136,0.0830380886233614,16078.422568756976,27864.75257386132,1177.23298370296,3627.39050030601,2408.7959799872383,202,2499918.9552706825,100193.0618181829,0.0024069248130841,6509.592906591662
-40.25814674502272,726183.9477032361,686389.41972315,221347.53312728656,0.0554600255225914,16821.36792604691,26744.580433708958,1459.4730084999635,3908.243085209922,2599.2099960245478,203,1515467.9604448702,686386.4567623404,0.0190185154337568,99999.99999877009
-38.60350437890237,761051.0894649914,682532.2854628394,220173.69445755845,0.0541742251061113,16282.777885710031,27769.866342326462,2823.9862589742465,3848.773554401384,2611.685184291403,204,1246322.4786460025,620225.4356207256,0.0317857789781634,99999.99999999984
-38.098527457322405,794343.7321781996,705686.5707591303,249492.2183707802,0.082691574348381,15915.536562461928,28217.456327210573,3089.399182057434,3278.899450820944,2440.2942340591626,205,1190307.762968465,178268.63982477703,0.0155630675116099,99999.9999999867
-39.388936594388326,774022.4229479266,657250.593455708,222362.797735126,0.0523259460657007,16080.141935940548,28165.520664193093,3582.9753884047227,3772.4429956967015,2651.5496674242936,206,881347.8618855682,657250.1740528739,0.1529677864003288,1297.3585644807772
-38.77537869528179,756542.8587117348,685614.7123627451,247968.62289002503,0.072390364819223,16435.10521331543,27379.949980547488,2231.5178411916263,3690.3621152097776,2563.006615636616,207,851356.5397219541,570144.2668980064,0.1138171142591918,99999.99999999984
-38.8893736787415,763161.545069701,661288.6353662243,270454.91761458595,0.1033251620434537,16488.97422848145,27012.31431085168,3631.942093107617,3078.558129233041,2361.946838504647,208,767248.323912522,90925.85940154588,0.0127925258493891,99999.9999994307
-33.0644389658308,780276.6811492136,721198.5808378817,249255.54248721412,0.0866002166217504,16163.743730610924,27701.500050078103,2077.3486132634407,3626.481769248032,2396.5121098887007,209,3936296.853094913,91889.42720377048,0.0009764527297488,7332.699572974289
-34.23017833223807,781073.6323132783,750815.7479842142,237819.6281516343,0.0751274860344942,16093.05637553116,27944.49752006258,1042.0373925479637,3625.3883861570944,2465.548849028525,210,1855252.3300648085,189954.8442730148,0.0068472775749902,99999.99999983732
-32.986664418553566,756440.7592605131,736459.8393047123,247810.8795707353,0.086678026751401,16527.75769211772,27040.731978309646,696.1075004157182,3656.7240522215,2389.02937962032,211,3422008.1807947163,95481.44475367435,0.001283671306948,6534.591909020841
-33.158453759494684,758081.7795082029,723045.6725601902,245308.6966780239,0.0863939982371906,16504.152198619606,27082.069389465905,1235.511133074004,3627.541868833844,2360.2896827782283,212,3528791.6486535594,92710.79648583585,0.0011749003551674,6560.784654076027
-37.30868941019671,729021.4386944957,712317.4625705666,246811.52598007812,0.0786807411343579,16890.34754324676,26491.54469229172,583.4840379609907,3549.1072545962998,2475.885893736121,213,1121935.5579099914,290307.22787649074,0.0216964961618478,99999.99999923458
-34.368857836932804,772875.0366356551,691760.6622473536,246240.72688122155,0.0864673279697531,16279.105972932995,27486.521365217457,2910.969197334284,3439.5907015084404,2346.827719403598,214,1790761.7957675173,91073.630144366,0.003619938936588,8955.935256233954
-34.70668245695273,794811.745368525,774692.7759690027,244423.27208697065,0.0831547055062086,15931.869600294654,28105.84509579141,674.6840944630947,3604.492226334866,2421.669905221466,215,1632482.94314576,104372.63544463612,0.004950602920694,4263.647171193826
-38.342625919364494,782175.8064062053,694345.8386420928,235655.81707026224,0.0647166753550248,16006.013025418184,28205.84004552202,3062.2957831222966,3724.251628506665,2574.1580443977587,216,1113943.7000526756,471886.8198175641,0.0370219466745838,99999.99999990374
-37.073091985906814,764731.2844105468,717294.9603545552,235583.2817418878,0.0653702555887617,16276.445858121093,27710.73786672589,1575.28175565299,3754.290414706664,2587.321191682145,217,965976.274495411,510565.7645250624,0.0623977989323302,99999.98968066192
-35.94017015026006,773693.5017985624,668903.7874581619,233350.15118935585,0.0822134233040142,16270.41843961793,27513.20661796077,3858.3526360344113,3455.4119715970637,2257.1553258664485,218,1838754.5614097775,90000.00000000189,0.0030101079287053,40398.31385800008
-34.48636682032662,777082.4491658715,709459.2935501118,254242.87623776903,0.0905148987398113,16232.1464865477,27545.23821395194,2378.5891935215245,3470.2329474406574,2388.4570130231677,219,1246484.9495364227,93812.69778262278,0.0058892537350342,7308.991495227045
-33.37355619738695,787326.8680158921,716242.983829155,249233.6195715588,0.0861236425764948,16054.13869396326,27898.046220621494,2505.82480860689,3602.069145355716,2399.5211048178494,220,3649733.92324979,91136.24168072424,0.0011152006482508,7264.626765416153
-33.06142616649497,781479.098433104,732041.2008040532,248120.4461249069,0.0847211735548186,16137.721426006294,27754.2906281222,1726.1341202868214,3616.945717829025,2415.7042933922257,221,2899474.760988652,95365.28380187812,0.0017353603987778,6755.3294894861865
-33.09580105115104,781361.7080750235,723714.8088076303,249945.19340473672,0.0862427428727077,16144.94613225242,27737.77825736813,2022.9930268598928,3620.681700921927,2409.793472654452,222,3376177.221930678,92813.76507847937,0.0012840379998845,7043.843695404954
-33.28306461100413,769912.4446510463,738968.7273183141,248352.7961158743,0.0862264349345567,16321.380001492866,27409.94808736395,1071.6086020359649,3574.96081244615,2401.298598687435,223,1763373.0600153168,98482.75735260478,0.0038935606330908,5283.478305948375
-32.90618903398247,768954.8637064784,735187.0556500625,243768.40467118032,0.0837938407943385,16327.914001515106,27413.833374682825,1179.6592502737496,3602.616782164325,2386.666862504619,224,2790449.110809789,95733.57871714576,0.0019187612688028,6713.128537292659
-33.44089959518964,752068.3303701758,729393.998745817,246261.45636675117,0.0858634431178886,16593.728419034094,26919.67140709393,795.1546594740803,3595.840772509888,2380.5343308827173,225,2274506.232813581,95502.3401766358,0.0025043681949671,5821.470380537738
-39.26931517597023,754384.4693282153,672921.0242849301,225550.49875835635,0.0523544973786235,16378.264566860507,27615.37408005606,2885.169917630636,3844.616057107805,2684.967691617899,226,1075801.1277391112,672921.0242816309,0.0514001118764001,99999.99999999984
-38.243783085031,772578.1435926354,688604.1545496095,233724.5874828544,0.064957227042711,16160.722617538191,27916.638072067173,2403.265776160411,3766.8588679538702,2561.937162130136,227,846460.0423662026,642081.1951399571,0.1737475005297755,99999.99999871412
-37.38679980481834,757941.5740303125,706022.6609739912,235642.57167176876,0.0659354971489334,16383.398808639056,27514.28221044294,1758.7520624994536,3719.971753770859,2567.427603221501,228,982932.5166747632,491661.5311860005,0.0550151609544858,99999.99999999984
-38.622384520126005,789705.6997779469,687215.9937729007,232659.8724022388,0.0616392219233346,15870.804523070276,28479.72752728365,3735.487173872015,3866.704251464047,2588.604871026026,229,2464583.161349122,547784.4385900346,0.006849182967967,97480.10943728156
-40.472679084252135,766247.9793412306,639059.5091738964,214037.58282783197,0.0525600956376594,16203.561722454026,27920.445200501443,4288.267004235071,3678.273192570579,2531.6140203643363,230,927789.442992726,639059.5088729691,0.1007855305852359,99999.99999715092
-32.896497041935966,765058.1961084974,747938.1272761932,242110.99773154635,0.0834672828323161,16387.30491890236,27303.795489395503,591.8051305956445,3647.422548589882,2379.7709672268807,231,2874637.525747218,99251.97801826366,0.0018545926512451,6343.875757360673
-33.07656813390929,777301.0428462009,764393.2771544654,248254.25163505835,0.0855794482769232,16204.935756788696,27623.283716299866,438.208138454676,3732.3506840586,2422.356541469457,232,3966531.346599368,98648.29192246815,0.0010421227254081,5335.208057460601
-33.99182686822278,792147.3330142047,718057.8995851056,240193.56922404547,0.085600644797279,15981.51730275094,27990.855858926585,2607.4078351258504,3634.6877055782425,2302.7527505109497,233,3996009.396605383,91136.31756435789,0.0008855284356625,4366.357360839491
-36.57681611605037,778643.1327498012,698013.7064615816,274058.97147319367,0.1016694064895619,16251.364840060198,27473.045382137265,2820.779657326468,3548.560059591201,2444.2497892507536,234,801785.8713577397,103698.8131495962,0.0080631769977918,99956.6846079148
-37.51208225285802,783001.5556621465,709555.0075659765,266437.0277586656,0.0975283790255756,16156.516870234773,27709.44705983144,2514.5652930691645,3401.5906368613046,2429.8377562657383,235,918303.2563627098,187233.60313931067,0.0182541613191239,99999.89780706448
-33.090334996480514,779627.0575919921,719340.2993186053,248038.78055788865,0.0862036484979056,16173.324830002151,27684.221968213667,2124.5692042232963,3618.092303278397,2388.246000223118,236,3999993.3573921714,91145.71608302947,0.0009501013444076,7230.426244883476
-34.85715453039249,812055.4098560428,720953.595387288,249415.49794781685,0.0841869044191018,15671.15507119593,28572.179638474223,3192.0680900367265,3634.5215260729306,2432.998073834795,237,3999960.869573407,91559.96074462742,0.0009293365079195,6401.493714935044
-33.1371524038161,774587.5833246856,718451.2128471092,246334.794917668,0.0856042031149676,16248.613120401242,27552.269497630125,1981.7624334887385,3596.378672273101,2378.610927578182,238,3099319.7810733146,92605.423886618,0.0014873301181374,7359.314925982865
-34.30163150611406,782925.9868576261,727379.103700834,243944.97448045417,0.0817602413423982,16099.180457834402,27877.384249162813,1947.6413658726465,3625.951470356281,2414.5227480524622,239,2568236.1919122306,133585.79148128288,0.0027413993474591,99999.99999683598
-34.69954861980558,780353.6979737565,713010.273351061,264455.6546016608,0.0932755288023753,16187.415938652932,27626.4214087181,2349.695650430379,3452.935977997789,2453.560667844868,240,1157440.21603189,95991.75235786509,0.0067953315093877,9241.962542470406
-35.43176031331871,767820.6081248916,744761.6629824555,212003.19206868095,0.0626267424166207,16242.607963014729,27802.954093403067,808.1509780584237,3743.1253395783374,2413.8457300732857,241,2339184.61382639,266043.38353534875,0.0065948259147075,99999.99957777084
-32.85160414607445,776282.879853387,735991.8633231175,247261.4230718648,0.0850041779063584,16218.922506549,27606.88375593729,1403.508360235059,3638.001801297354,2406.4921541400063,242,3141405.147202969,95381.7072057329,0.0015127303115882,6619.9004629428455
-33.55798950535494,759025.8584562587,711800.1345575639,239292.058722434,0.0851636236410581,16490.15278314825,27114.57839897205,1683.0631151666244,3597.23829400758,2308.0062555032614,243,3999929.595343304,92184.41216252778,0.0009676445695042,9402.973025160443
-32.95618185016631,779941.0012191185,740532.2130721329,249516.1183799568,0.0854138771019336,16162.30904671178,27709.6978667766,1365.080530912598,3639.236158088072,2425.5790622058025,244,2802831.8999473043,96946.70306620748,0.0018534287901027,6307.625213153046
-36.178520481901685,747167.3001072268,710874.7575916479,247798.0653934241,0.078324946962337,16615.55751541343,27007.635454672178,1283.8238272994531,3566.131390620244,2488.473427235874,245,1385641.276824116,245521.2394026079,0.0126042193160116,99999.99999897488
-36.160348964572734,781579.0907129507,751276.8378156598,236272.63178828268,0.0645742781956771,16025.015911396067,28157.76282430763,1027.1247053223449,3603.942608564448,2627.565147567368,246,1192397.9485213133,325822.799941269,0.0271023749700507,99999.99999991388
-37.21120101557675,773404.3887071168,695992.8337863008,266585.6383184159,0.0942639605938332,16290.064494325206,27490.095944109657,2709.485802768316,3407.4948555018464,2454.2456027954863,247,1000793.3343748612,167806.1199094106,0.0137279041606161,99999.98818626053
-35.534302319117515,786281.5236170181,676944.2372385832,262719.5391702972,0.0933101896862865,16095.506919522408,27786.40631619847,3912.936383071064,3401.555190634952,2410.7159472025696,248,1265635.8053123364,90005.99511544668,0.0053852166469266,16717.9856568263
-35.37314512832948,776425.8813832786,742965.4986329963,249919.27609057727,0.0762770062188514,16161.303365684904,27834.084464114752,1142.949178157823,3615.247912842436,2561.846579828224,249,1196390.107151207,277940.75296903896,0.0191513451298061,99999.99999999984
-36.17800573973463,791451.7715251253,666833.9335878772,263023.4382423036,0.0910399292008286,16001.144973157492,27970.85484123339,4487.572765569581,3310.804820845389,2422.537606821147,250,1445876.9183082294,90000.07075614747,0.0052411245258564,32954.60236780747
-40.007990188189936,790411.377770126,659290.3843419737,221627.8627945235,0.0528431342937311,15831.06634822176,28600.651064880047,4638.05218378654,3776.305985244616,2618.6032038635394,251,1095255.0947764495,647566.6022880791,0.0518050349432585,99999.99999999913
-38.927838400803125,782060.0661878352,695198.7380752864,209569.83200230903,0.0497821512549763,15941.858999865946,28422.78141218441,3080.6229771388907,3830.2068704676767,2627.8042727638194,252,1239405.3384883974,567363.6665883072,0.0352961652400952,99999.99999987266
-34.093427190017145,762603.9338216044,741334.332699547,241493.72829306687,0.0778001775727836,16385.972738699733,27402.56875233912,737.677374292604,3598.314810386114,2455.839377059714,253,1736681.457827581,184839.78491228315,0.0072271701399563,99999.99999979396
-34.4482285093889,760896.7488943711,757374.0870834399,240254.15655090945,0.0765559567625293,16408.273179166437,27365.3666468668,120.83620903453532,3721.26463801644,2471.160546910299,254,2692218.760932666,184565.7944816126,0.003426197387076,99951.30735324087
-32.822461882185735,776011.3662028416,731273.9931089325,247990.70700254128,0.0860385286434536,16227.26765953976,27590.815935970026,1563.1708655241855,3644.297230581127,2397.5227543501264,255,3999875.009226449,93245.71305668006,0.0009856759047123,7172.135530760691
-33.17136396810589,790106.452734031,749664.929466737,245395.3669448276,0.0836967801947425,16002.166805721938,28001.6407211798,1392.043093768946,3675.947196310945,2412.528487565943,256,3744712.9057342,100265.67852993912,0.0012057408191255,7777.407497895459
-36.95385136390338,757165.6207716783,704824.7336053874,235893.0514550528,0.0736051272621862,16438.89898870538,27378.189728401383,1888.551012582444,3781.452336446807,2442.153800825045,257,3999989.323863069,297053.863283174,0.0021702278686484,99999.99999929553
-42.994788367172,767481.282620815,650257.763563777,304509.83993935667,0.1022790559568553,16366.917734096658,27385.968868401545,3970.131287021355,3594.960825118273,2629.674238780583,258,847274.1576982777,474315.8256380934,0.054635938980248,99999.99999999984
-38.01194880298248,801576.7527870735,708989.9089899918,228083.3728945203,0.0684502671336322,15744.88095285786,28624.961950511093,3273.134462328811,3569.649105529604,2447.589998463046,259,1508558.5055939918,269565.5808200992,0.0134460952527683,99999.99999999984
-36.519819453715705,770843.1068917959,701431.9302736346,236952.5117331001,0.0752633950893954,16242.412695064371,27716.67013554102,2498.0660140865243,3660.5914883311593,2423.383772765469,260,2912665.5161256306,234695.2706100439,0.0034369652776969,99999.99976916138
-34.832871591804874,775371.7388400391,732739.0088174903,239116.59320288643,0.0734199298524038,16164.246155043587,27858.23533445203,1497.5843171064653,3754.542505568616,2495.8071475990764,261,2572633.935381738,251619.08212704628,0.0043704821611127,99235.3803996137
-37.03887605962908,767236.027864172,698299.1269285678,227032.38049338484,0.0660762348425586,16249.646792241829,27756.84289173114,2492.973583770685,3586.323657541593,2469.494625568344,262,1962801.3803027968,277301.49236815627,0.0087471233416556,99999.99999999984
-37.64946933938109,794785.166018902,681676.6532406828,248310.2789526608,0.081046875730291,15909.229967903844,28245.52817062343,4086.911808380531,3534.6807365959035,2433.670152332398,263,2226273.5987711754,164583.96698647484,0.0038338495670213,99999.99999999984
-32.706888498195504,772598.7913342621,737215.4139697069,248257.16450500372,0.0866335637708668,16281.37121481648,27489.51903580953,1230.2439189883903,3673.245054587527,2395.371571299788,264,3999999.293977159,94662.7607269671,0.0009722679768392,6579.736728206867
-36.06920506854658,754080.9578306838,669455.1518261206,273389.84364249033,0.0936267186908318,16574.926600144685,26955.056125790383,3086.165033822053,3478.03937715324,2491.3550115975777,265,2159562.961755617,90000.00000020812,0.0022721736791485,25941.99059810136
-32.86406122057802,762333.5715609224,730834.6994337742,248162.928199762,0.0868046967943579,16439.58115414759,27198.448132449263,1103.0920262131451,3659.8415872082783,2387.663645526895,266,3999999.997569218,92929.56657257365,0.0009423493664416,5997.650376848149
-33.23093912111092,777982.7191867522,765161.536863974,244372.6117022881,0.0836601996405528,16188.41842191527,27657.99996156243,435.4987451589479,3690.7213293747714,2409.287691286725,267,3033888.802561876,100020.63724381714,0.0017211559968386,5148.612865007617
-37.240339440886366,778489.3738403993,712105.3522262326,232894.32103070756,0.0661669073270924,16063.664609731848,28106.45819244809,2382.569079466796,3903.0996393443465,2540.8765588240067,268,3803881.900803523,440716.3097334141,0.0029628949689013,99999.99999946836
-37.68566193906101,783539.5392178542,717519.3864685392,230721.3091595372,0.0621341782800314,15973.585000366063,28277.702023663296,2240.281861389446,3747.605179349301,2597.817724802499,269,1067567.8196032655,476829.3274074567,0.0458154971456377,99999.96955681073
-35.809567752663675,788514.7526396249,726469.5625269894,238858.9100419552,0.0717775507721866,15954.96853227767,28243.77937903217,2174.446140850864,3658.942675817573,2514.4802544577674,270,1771662.660987503,256373.53835963955,0.0090814488084425,99995.9881279648
-38.51289724761,772741.5018070766,689829.6326503447,224493.7624018859,0.0573552049641991,16119.028127206404,28018.47211784141,2964.128140228143,3886.5925205013614,2585.779829834368,271,1263548.509426375,640786.3926764868,0.0286746556664901,99066.73442112656
-38.54320973219775,757111.2764634188,696430.8606558202,258729.4558496512,0.0828014020421016,16473.438488005926,27262.50655291296,2063.1527970457014,3552.2650452397816,2521.9140588967443,272,922822.6655336346,387433.9300155209,0.0460047378137403,99999.99999278696
-38.56351123115668,780866.0085136523,693838.4008687444,246273.96751800732,0.0696597507346303,16048.883784684296,28085.158801579804,2353.586124825435,3717.416979109988,2600.501986547444,273,838598.2132612716,626129.2637914394,0.1999998119190146,63973.84151313558
-36.34351587859327,787596.1983500725,751060.5279668118,235587.82663517343,0.0632040430967753,15904.46636096463,28418.16884314369,1269.3309686706664,3955.946829725234,2654.774656826242,274,3144746.346387301,407320.0141778362,0.0044829469446287,99999.9999999986
-33.831885868806246,762609.3035986121,698609.467894365,243301.95421383495,0.0861451647754799,16436.399564671356,27211.540958887847,2298.9086324843056,3553.216466444988,2328.2128652647752,275,3653617.488233207,90000.00175895105,0.001096644518377,9627.02405341764
-33.493436542039525,785560.3247953525,709766.4799487764,248891.80103933028,0.0859934291231409,16081.280831524073,27851.513933846585,2685.716135603611,3577.339558662069,2393.550444983376,276,3317303.140331236,90660.5899032602,0.0013023934025601,7720.396371623785
-33.48028128174515,759106.733290424,710148.7098789326,247360.5785073997,0.0867679408553108,16491.465600191776,27114.432947065558,1744.8235686424518,3608.737229093795,2370.238442129309,277,3999970.973196471,91299.23370529644,0.0009217358305281,8484.011302296096
-33.76211354982589,778190.2167630631,698032.8270520314,249816.62679363484,0.0864599695765417,16191.766648205654,27657.211891193987,2867.445729967248,3517.8361836840754,2387.130319812818,278,3999999.999999999,90000.00960117778,0.0010045230375059,9564.763891660645
-33.055036100848824,761698.146109176,734669.3059187653,245358.00639069543,0.0854361001090155,16443.99679858437,27193.4342722037,942.8971121196582,3604.514414633849,2379.043056685141,279,2385662.796076624,96312.30119850958,0.0023832420029583,5799.862897291497
-39.05833090812875,773812.1913120064,678891.7786179943,266106.06089379074,0.0792390169417393,16186.523338115212,27809.9766175068,3418.7008538092737,3762.902168140895,2604.994517931665,280,1615711.8558254093,407309.7568366386,0.0102872508173808,99999.99999999984
-39.17827096665612,775400.1785391035,667898.9612384345,231856.9875759525,0.0591531172148555,16088.744575954795,28089.0432287652,3742.788698324067,3812.5522567998514,2603.6717731072,281,1024777.8709898554,655660.231203679,0.0575793234515557,99999.99999942146
-35.13336285869482,788651.6264524983,750987.5622255406,239552.7893380256,0.0723688460213385,15957.94436913597,28226.58628401545,1288.0275614130392,3623.2409581103,2528.9203196048984,282,1495971.9374501524,246048.4967479386,0.0126722404381986,99993.41476321276
-42.9299315830197,786384.8401505223,612270.0257408929,208712.71270417137,0.0532780920050554,15903.58042677228,28470.456697077792,6574.7442332602,3602.45432984756,2417.1895707949298,283,1343571.2363863336,612270.0257408788,0.0266948140097526,99999.99994333155
-39.95106023560491,808787.8877694537,681595.364169237,239086.44880771707,0.0709816433526043,15627.43408027448,28834.60460818317,4617.076491812277,3842.146116255484,2492.8031135973933,284,3999999.95916147,465393.18392146734,0.0022951950227544,99999.99888105136
-38.54116712828551,778904.0836248653,661602.5141376747,272726.2500397978,0.0982364071534348,16215.402644224694,27534.285485002445,4195.10964091389,3075.084077319131,2427.198123010416,285,968711.8084227524,90000.00000000413,0.0104262750413099,34199.98589877581
-33.61571621881487,795100.8440179258,740431.6819247089,236511.09117959152,0.0808704995332053,15921.145710147006,28145.6372014228,1899.9750055073887,3613.220746733179,2355.3079660498447,286,3412824.4118240853,95788.79320773654,0.0014335286789312,7140.453132926591
-39.51469266024058,731837.4499810014,675343.4527569856,233376.01208495817,0.0608942452483584,16761.30662795503,26836.089695717623,1582.0664519238858,3799.4994069531326,2620.0320676680462,287,806318.0467698683,675342.9661316471,0.1999999999996889,99999.9999997634
-39.53481839373701,762688.3584238618,658812.0334745947,222886.8289327163,0.0534890259689042,16255.700052048536,27837.682139129047,3862.926216324472,3799.6717194968414,2612.853308023054,288,1548248.9582422609,658811.8274703141,0.0193523146200159,99999.99999980356
-33.16502153982854,769183.9509205074,735489.2308641046,250688.2932821496,0.0865366748664432,16331.548461373934,27397.65614408404,1170.871644461237,3592.695910395957,2419.177135507149,289,1976499.281190483,97955.020069195,0.0032048573411949,5828.097657776255
-33.28066086531714,774123.1880544678,709298.5958517824,253367.98512943205,0.0884609577202163,16263.36082965126,27522.05952596749,2298.503895425333,3611.658151590852,2406.693789058717,290,3999999.807630164,90027.68368583031,0.0008981779938736,7922.172559107501
-32.97914164906321,775095.1647892584,727665.9761505299,258277.4432276861,0.0904561680983331,16251.25262992234,27534.76160122688,1653.5403144209793,3688.222517492308,2440.338223540772,291,3999686.364769544,93096.0192478202,0.0008715379351883,5815.514184233931
-33.21295568446092,777294.6737195128,721838.9210816433,245755.78011556377,0.0870062324448337,16218.229222485146,27601.74557895249,1951.243728158496,3687.5852884925785,2357.6657345446024,292,3999986.047026246,92313.11154770116,0.0008605358682168,8159.824800667556
-40.67864602641068,768389.8435084628,639532.6030024796,334494.333682073,0.1187903137701609,16396.813258550745,27225.283005120596,4571.867472988194,3198.374331511897,2681.608392549625,293,913805.64405837,90000.00000000653,0.0085395689541397,99999.99999995454
-38.762206302163136,777669.2906558311,686229.5780001093,235213.4716048917,0.0626582203087285,16066.39863531562,28117.099611483674,3100.830728974507,3698.224176767314,2597.6727648051515,294,983115.9441171044,526373.3052241516,0.0642958185287544,99999.9999989017
-35.667710007182535,780341.2995322302,720871.712372371,240329.03396480967,0.075664370612979,16099.95644710395,27962.900497145118,2109.806745806231,3769.733385158976,2464.441483751877,295,3872107.376374413,246944.1837850984,0.0020406504110034,99999.99999999984
-33.9627535040126,788423.9319381753,708484.5257304946,249445.69387688665,0.0860594256557247,16040.249836558009,27917.614435691925,2830.8684689876422,3554.770387239809,2397.440034024621,296,2125780.019642665,91780.70097412096,0.0026047651609105,6870.61123273354
-33.11525363370999,756266.7904630256,727858.1782883324,252617.91404098689,0.088089171637622,16531.992094867685,27026.42841396317,996.0182727332052,3649.186940716386,2413.368758015085,297,3453522.706515204,93309.75930228268,0.0011983740198002,6288.399168367189
-33.693595791465775,781916.7909862945,722787.9512278601,252946.59967020128,0.0865436816018567,16133.32931796025,27756.071502672912,2068.263865815724,3515.2420337467265,2432.743409284294,298,1868883.497898104,96741.85848338802,0.0036799962796182,7579.017606254438
-32.80809213903443,760582.325455981,740840.5658144568,246886.17584900977,0.0864547727098668,16465.104315869867,27153.05755789312,685.4195874301577,3683.5383923699633,2383.555541161309,299,3999999.976281798,95870.29426303906,0.0009808445982345,6628.269007000228
-33.19839739369296,752132.225976478,734206.4613632264,245124.2598642037,0.0862548726042326,16593.23272119063,26925.680829515783,625.7751374168444,3644.1494433233192,2365.726556972956,300,3999999.999921484,95593.58783146711,0.0010249018083899,7532.429256876477
-33.61852272869221,789286.6048609236,709865.653604561,249618.00123792503,0.0860412386261354,16024.208442667774,27951.24345606249,2811.452399488817,3579.2619991917654,2400.045326623289,301,3271688.517797511,90337.81833340612,0.0013206872769576,7946.436169072957
-33.18130141202904,785674.8507695282,724820.83450205,247236.8909749472,0.0868878167897215,16083.833667897494,27845.614798330145,2129.7860693556013,3649.657122176696,2377.5834193469404,302,3999999.979938848,93286.38328248545,0.0009491116434648,7816.420438176847
-33.5466004682933,788568.3525448364,709014.4140264073,249465.84130542423,0.0868104232476193,16036.949813284631,27926.283237910942,2815.349757698543,3585.607962700308,2387.281827859078,303,3999999.992026288,90242.40291932276,0.0009489969987422,8534.291452888869
-34.55792741446449,772911.8371706657,690715.7999404779,228278.05412413983,0.0804726903321553,16267.190089783877,27524.89884952332,2990.5257279081434,3489.8182858632326,2242.0992691723936,304,3817733.309727676,90000.00000000013,0.0011114919470276,12516.413704439818
-38.0347770273349,799723.0807423848,722432.7736220632,251759.6251630016,0.0825861730068461,15838.213969899254,28369.574016144637,2632.123011766296,3455.131927989747,2477.773911042997,305,1059524.4590948902,253452.28770254695,0.0238575941657064,99999.99138735788
-41.94817068599027,790595.0655287297,661611.1060022529,188549.0895146018,0.0370329437160585,15752.533691301143,28871.96202308929,4694.5711077262895,3785.0357453251727,2705.745805382497,306,1284279.5392176723,661611.1060017981,0.0404714530730545,99999.99882063658
-38.93418286948825,769833.0037285481,684056.5771154271,226506.8122524297,0.0520318274869387,16139.399420211956,28045.344228201277,2926.8338399235795,3872.439478795929,2717.580612731056,307,1002459.006701338,684056.577101972,0.0711782755239963,99999.99748770834
-33.02587476770156,779439.4632001892,731574.4029422507,248364.3670987192,0.0853497247140254,16171.916841279151,27689.408269425872,1671.0643242778633,3621.067525782774,2410.496519226003,308,2824023.2367115263,93999.91511065412,0.0017633577164603,6076.112826771477
-33.3913232791094,765669.4549693213,744782.6021015318,251895.92713443207,0.087622681003685,16386.019082616334,27291.475410615985,717.8363665963784,3574.362726213104,2421.57155646528,309,1691308.6630480564,103094.906247216,0.0043554759043386,6499.831790490219
-39.5972474967846,776180.08606605,654782.0582009864,245726.5472746793,0.0885224446008188,16257.39526223072,27487.177100806723,4487.247341688187,3552.758000652193,2278.7173957757277,310,1208846.8446997015,98812.35552813644,0.0034777449498732,99999.99636687624
-35.85791488464289,773334.570906153,686115.4204691,270100.29635156656,0.0985297125294877,16314.087480454777,27378.00371974489,3085.0844448481103,3398.060110334676,2430.075561895809,311,949578.3818384218,98200.34639041508,0.0082175986331359,99625.37139524282
-34.53520876316751,792651.3309184494,700420.4362156661,253879.80032061544,0.087188754946718,15975.99222153334,28031.49584509402,3270.505012924908,3479.7013763791088,2419.9857181758257,312,1757218.8968396585,92768.22434809984,0.0037203133829862,9242.010982865668
-33.67524200115233,786471.7836769241,722014.4016169095,245716.4871118164,0.0838701939190813,16059.804960692,27877.68086148585,2265.781928954381,3530.5497394148274,2395.446177274784,313,2214920.853021116,90621.21080546956,0.0026475753359695,3631.6971874573687
-35.137941743762724,766275.3159785556,686853.30108734,244816.90649880344,0.0878546750588258,16391.554924322343,27266.6594034632,2858.9690066724934,3428.307027880547,2308.183565992622,314,1375910.8520360866,94114.64811541006,0.0051361093148517,28521.79673373471
-38.42433577792622,778283.8352420449,677274.3147745371,241505.49551370923,0.0678875611388257,16082.029890916168,28060.884950808693,3697.401768517676,3683.47110360589,2553.563784753231,315,1925678.3564934337,355131.3575300501,0.0088729239214522,99999.99999997836
-38.9859942400032,791335.4607974944,679915.7282175996,240834.7350703774,0.0666257493287197,15866.756087486165,28475.8702235399,4080.64450608467,3791.8970115025018,2571.2526784504807,316,3999999.9999998426,427233.6442712485,0.0027289556763579,99999.99999848905
-35.25530965868563,804797.0564460071,678707.4692972457,250467.63642771172,0.0865914768844497,15790.368768334116,28365.674097416035,4544.510014564527,3521.549765863891,2378.823612933139,317,3798486.349822571,90000.00048097124,0.0009779153324176,17027.366873948104
-37.09039204958496,775308.5055267607,703374.6027877419,272571.0363039936,0.0850071583700176,16203.149428191742,27757.373238389144,2565.685207948225,3740.668245789325,2624.75531320541,318,2928803.030020606,229274.7001782361,0.0026210399307045,99999.9985301152
-33.49053056573953,783906.6502474176,734471.37303246,243659.73836706887,0.0827175722963453,16096.361054198976,27830.4132932752,1722.7963709823232,3550.0094417552814,2399.5067375460085,319,2006036.937139055,97845.53430217432,0.0033883021489909,6759.74483587844
-33.08088760578913,777975.9017711078,732857.3634887552,252174.82928147083,0.0865494388081512,16195.106964014263,27647.11805976303,1570.2820283546207,3613.121853744066,2432.3562530242407,320,2507382.092472982,95302.822139001,0.0021632539232436,6197.167359442483
-33.02796796428279,778123.1389035347,723822.9049326509,253009.74856056925,0.0877799547754598,16198.098661588449,27636.83625780844,1902.9526254912344,3634.0027429068823,2419.6939051218133,321,3554661.818081088,91475.03846639606,0.0011375601653996,6357.39274664497
-35.52624985597633,752389.0282870772,709264.2183720133,269008.787466608,0.089737593251593,16575.190612586757,27007.83316402862,1528.6574628076348,3588.621793033129,2532.25666914212,322,2601834.361692816,128306.89383344768,0.0025258992847174,99999.99999999984
-33.25443879885286,781681.8863168705,715780.0147446716,254312.6936782266,0.0886258285521,16147.52921375638,27728.32960690513,2320.817759925347,3648.030285292352,2417.390515242319,323,3999999.994922588,92881.62135137878,0.0008926698771631,8531.53380318104
-34.37512821293292,772136.6606826856,748856.4318076181,244730.2605478229,0.0828217885832191,16263.559071774383,27576.54517422402,794.5775070213408,3488.137751364499,2420.53156958662,324,1375790.6380110432,156651.10635221694,0.0097388905758908,99999.99999999984
-36.72791342865714,795005.9781632735,701870.2130208937,265765.1510457209,0.0860104697034628,15911.11958713613,28229.88311165572,3296.8108969959662,3617.688440809008,2543.382931549574,325,2416463.925045404,162904.89283851784,0.003192836558385,99819.84167281636
-35.95429780270466,767057.5463881592,696614.2029804641,267207.015289531,0.0981076941658302,16417.390411534172,27193.425752605952,2489.334087743155,3512.7172337277693,2428.7812318421343,326,916252.3820435174,91745.5698965773,0.0067396824618561,4929.45815717082
-38.19031589935204,768323.8804510625,717367.4660474949,308288.79381316697,0.1107273202401512,16393.333333373073,27224.901875704723,1717.802711271191,3268.261628384508,2644.7702441092715,327,834841.1123230102,126461.40494110204,0.0148779426270281,99999.99999999984
-37.12525898730643,793274.1212047656,702763.5454393491,254712.4571019648,0.0801155823455412,15909.618859391843,28287.47277311329,3210.539440014777,3677.63543272488,2523.242378566053,328,2358543.901947176,237948.7726713844,0.0045255087781154,99999.99999999932
-39.28604948721488,780557.955739321,668264.6922860967,226969.91430110703,0.0570746905040653,16001.7963311862,28257.31287035484,3930.7943692085705,3811.4689198194887,2598.632673642261,329,1052511.270236075,652330.6576879492,0.0540775137230364,99999.99999915413
-33.99541159916197,787637.8484092074,697380.2704052477,245419.83452312576,0.0862211671866995,16048.675025058596,27913.49112922612,3219.920390417752,3513.5896684127592,2349.0294238419788,330,3999999.999999999,90000.00563270565,0.001028789785278,11543.61717383596
-33.51525550876234,788464.4754428685,721064.8745176407,243151.54065313912,0.0831610832578705,16029.045644956746,27949.7273305834,2373.365561669505,3568.338263380708,2380.696016393562,331,2753478.161697479,93154.07410277567,0.0019078380551973,7392.233772808264
-32.722266143306946,769391.469965582,742385.4093768547,248341.92798791447,0.0861618128827159,16326.999915513472,27407.49957733007,935.108391582734,3662.572522348181,2404.768405796467,332,3379374.381930513,95777.39994645676,0.0013382025359707,6192.839653170174
-34.48065011429719,754763.569593869,688937.0119348697,250902.3738904976,0.0881184337993356,16560.91424193581,26993.470516506743,2380.9242569452854,3550.55085496846,2373.476344533576,333,3846133.590145744,90000.00000676657,0.0009598242236973,11971.580822972575
-34.528319930201505,801599.8272364195,705201.0047298541,252963.12290557005,0.0871938423940522,15837.013961785731,28304.38049502072,3403.815598573633,3594.0549963704198,2418.0045351359745,334,3999999.9999979674,96576.31700871474,0.0010118418467115,20676.786965558345
-39.30108007794351,786415.8002578426,697577.2691355107,289908.93979530083,0.1082221838930752,16137.278072699904,27698.86014225319,3008.8548440197787,3301.139596016178,2516.925314835082,335,786415.8002579809,188532.3914020788,0.023350662410048,99999.99917421347
-38.07094609353287,762200.569918097,688104.7797733973,235258.75910853103,0.0649210510293854,16310.646373281572,27648.869931045327,2644.415825415248,3769.553281406437,2558.8227199521143,336,1227871.7127948827,487960.91520400095,0.026495452819012,99999.99999999434
-35.685683315238045,799522.1237313335,700851.4445247026,282210.98460928415,0.0923732687326156,15869.72999408476,28224.960876545338,3472.182340095512,3518.111726491198,2606.7424635480334,337,1966729.071444715,91118.09456988148,0.0029271648247001,7835.92944891839
-37.46191072505637,771790.6895019566,660566.1087705346,285439.8953858966,0.1095219537656746,16366.808138552004,27249.616140737675,3942.5008265881543,3344.0899007975886,2434.666104077849,339,785913.4937022501,90000.07778039142,0.0086787027757955,99999.99999999984
-35.84429957977404,786378.1438644882,694962.8375108608,239519.81399674632,0.0827501232966687,16058.649790530442,27875.001190857496,3263.8811978248023,3244.9440219331204,2328.3832234776405,340,1442223.633150763,92149.34297548672,0.0063770718736037,9185.48032267028
-33.40043890382529,783423.7397294848,715931.6909019732,247735.18671454093,0.0852668740783823,16110.844060438112,27800.675785992244,2382.165411758472,3569.259983758276,2395.493586105212,341,2778026.913535048,92303.2684634609,0.0018145627489041,7309.735125089498
-33.436555173257005,748907.2674935646,728438.6726272602,248600.30788167665,0.0875560045898712,16645.49910915813,26821.42580295593,717.6538088297496,3637.1798013746375,2381.1068269568104,342,2995606.979060483,94916.34111922544,0.0015503270934196,6299.674554697929
-33.02731543957195,773809.6774304056,739678.6018725109,250956.76479181103,0.0864930119312457,16258.537228909934,27528.55187301841,1181.3855950861944,3617.713871598629,2424.5975972618567,343,2266558.1687179664,97506.9160916,0.0025884903517977,5392.90851211989
-34.3766061961157,778087.1403226977,708989.634350059,248609.7008043599,0.0854896021721711,16195.25876774507,27663.726494877883,2462.467628857501,3670.052672611239,2395.789005749752,344,3999999.999826328,111541.41414846432,0.0009364232223382,16529.550292051612
-34.482463839764456,749410.4931117548,698305.1555144464,250175.595081288,0.0879213019188875,16638.773121786944,26840.1737046622,1834.4947416292016,3528.1986727365866,2372.920730798218,345,2356218.05366961,92954.20513582916,0.0022505004268817,9938.395327566604
-37.80777513782513,767112.9585611278,690326.793882855,231968.19192463084,0.0626255255339626,16224.086914992477,27833.979818053704,2762.9287286270246,3764.882272377096,2570.481107766706,346,1441914.8128278889,452588.27256245736,0.0188618226130903,99999.99999999398
-36.77731237766597,809508.0887487249,717308.7538829964,247784.8642060057,0.0800033357058544,15677.949428432205,28644.842606724334,3238.99283562264,3614.5857376060585,2471.039980353854,347,2463898.135744722,156239.78624076393,0.0033170589510422,99999.99999999984
-39.85881074047721,784559.3143176151,655578.6024675724,241349.91088384503,0.0652783552584151,15972.040562063485,28292.594742015062,4815.792809790562,3803.61452992376,2568.2828161155244,348,3150204.7921492974,655578.6012973072,0.004229802075339,99999.99999903084
-42.84831209258533,792112.9491811665,640008.0549950288,292142.7538311888,0.1104278185722244,16053.08625387493,27839.103075923937,5357.390401122524,3197.22230329039,2457.9597378843014,349,792112.950056674,170553.9078018504,0.0192109179563674,99999.998498876
-36.71371655101076,788103.5189298572,756320.859779138,259468.79062329428,0.0845266233705461,16014.5209388952,28060.29529622023,1038.1273345735374,3542.745962623356,2548.018501632749,350,979528.8274546076,304539.9574315389,0.0339437547044844,99999.9967385329
-45.01872908244766,790575.9956088266,618347.900541308,305007.5424232159,0.1032534513256391,16027.703917088364,27966.895644168195,6358.95280522816,3676.375062646,2576.158295410616,351,3999999.959584613,513194.0058886528,0.0006717337657495,100.0153054331452
-32.91852224622681,781023.5499043111,734052.3345690606,243952.03269682568,0.0845350187558918,16146.820571886665,27736.49099368581,1638.634330070202,3638.970939139069,2377.8168000866945,352,3740709.489059923,94550.65242524742,0.0011373892125454,7583.336514328264
-32.72727121576131,769197.0686875411,743062.0910445192,249186.031332701,0.0861189273291096,16329.577105431865,27403.383841349045,904.9271646652724,3673.311153261184,2414.043489859989,353,3313944.091641354,97387.19699239412,0.00137382506046,6275.970597287276
-32.9089807453477,768355.8878200111,742917.9512217598,246442.78913660324,0.0850698898710807,16339.149646883328,27384.071578946456,880.7803318620018,3620.782819579348,2398.9828827933184,354,2463015.5615236475,97461.66780399292,0.0023259372333871,5668.967437319147
-37.83880386383979,775697.6404931098,688938.748314506,229277.408895883,0.0621883434015485,16091.990216501536,28078.10180004162,3161.447501147122,3772.903043781514,2550.3840009073083,355,2102841.714430148,417806.7919601475,0.0087157251523293,99999.99999871074
-33.89684230393107,764133.9182966433,714712.3797075562,253718.7081999693,0.0893076592278439,16419.374155934216,27226.14583055712,1739.6360275448712,3509.8858056606223,2401.295955103988,356,1566220.7082199047,94665.06763869851,0.0043566401057569,6569.130907391095
-35.280488348518894,791101.4083190094,730295.7668943295,244168.0917863185,0.0781104791079971,15950.286719162788,28194.746748219222,2126.611576224093,3689.137923609462,2473.135584794063,357,2468483.811423493,190572.7939917257,0.0037661565048401,99850.51231296844
-35.58723568257186,793578.5719160998,756051.5191651772,225577.50253713227,0.0667558415769283,15855.004930394847,28442.000185699388,1299.8719132709014,3888.393234630348,2486.57020052328,358,3484393.5264232093,303854.4494436496,0.0030182242251318,99999.99999999984
-35.567301271468764,786505.9651160145,751621.5570511278,277425.8840041932,0.0868990009113549,16029.00095626806,28049.26390711029,1190.067100024684,3843.86136612065,2674.099851640092,359,3999999.9964204975,211457.9125656364,0.0016076716416488,99999.99357003576
-38.325240204611646,802328.8488356505,653721.4871711751,260527.57226148836,0.0895620377251989,15832.85021357176,28252.77983463812,5382.509526183787,3124.1476655217443,2408.2078424878264,360,1207354.5804373834,90000.00034991495,0.0077944662204472,33456.37816438406
-38.85273964557818,790132.7504606438,711555.604729302,239163.3566328603,0.0629039312047669,15872.003597136896,28449.81026363628,2461.5798801748474,3876.802747842183,2660.441551941746,361,923919.98198335,643426.5246335194,0.1027302011733666,99999.99999999984
-37.09606722044337,766748.2537312389,736399.3539805412,279706.94534396165,0.0876511591450083,16328.65291333579,27512.73078374067,1002.542654039586,3661.1012905992025,2670.5236563755598,362,967716.3503076484,370400.3080697143,0.0370447917739397,99999.51742205246
-34.08719128386148,756643.0767277952,746788.5251624386,239282.53759292624,0.0769719614455315,16473.251028800863,27247.99321799582,341.4012273492309,3683.798309792092,2449.027554582831,363,2368975.220702981,187820.8293606465,0.0042780581987935,99999.99999947513
-32.95282136344633,772646.7452207363,757662.8393571917,246403.9326028984,0.0844172377688711,16271.244389787156,27510.776198227966,512.3901233808293,3678.136734216027,2415.79566540397,364,3060996.779543596,99644.09770439305,0.001676070204351,5697.1610942907
-33.10057445203758,770780.5897740552,719024.0817965835,244975.96065582667,0.0850604424185518,16305.887042580893,27451.042148515804,1829.5410801630835,3595.061069389361,2372.349425253501,365,3303038.0723220143,92371.89180445307,0.0013535956539427,7470.357862336501
-32.78479553465276,776566.661934003,733999.8882038427,248756.86514016497,0.08643925622207,16219.859316546535,27601.560280102167,1483.3164495425242,3661.258917437123,2401.440351717345,366,3999999.999976792,93826.9480608574,0.000971163564414,6680.981017918362
-39.45265589960356,774804.0955303666,659586.4206679764,223486.18287471283,0.0530933024965027,16068.638117811492,28174.582067226784,4222.103367091889,3793.926919714856,2625.242163229646,367,1326348.191248123,659586.4184854792,0.0282457632841879,99999.99999999984
-40.9475587796716,782254.5068686198,639167.6286406677,220117.32978262292,0.0602112206384918,15990.61542569318,28257.243954958863,5378.39724661333,3727.085430969149,2431.197004447928,368,1877474.4410978109,639167.5408007975,0.0115074628144319,99999.99999999984
-40.90902762872904,826699.4388202466,720303.0773829207,212299.9819252997,0.0572234207876264,15285.163884171154,29526.272310105443,3780.391027834396,3887.437493759166,2512.852928229408,369,3865611.590274536,425767.6692723077,0.0033580961752494,99999.99999999968
-44.685481687234514,815436.1062324097,609883.2255601909,243230.9063930929,0.0528688372998813,15432.93961678269,29324.654142878466,7739.108821856182,3582.9042944782213,2678.07289230559,370,1412432.4480362297,609883.1607796764,0.0262495663545906,99999.99999979344
-38.46425908765909,774687.2674587575,689128.382769399,229559.58724931924,0.0599095634282692,16101.84077270864,28061.022318878917,2787.5595046943063,3786.623889248666,2602.416697736915,371,927585.8020129936,609698.967781326,0.0930372290214147,99523.70904588012
-44.08658211869779,803054.9706979507,616684.35785091,244397.5298158044,0.0790106814296302,15762.089185792289,28542.07367838712,7024.909178603017,3655.392747083946,2356.375226112326,372,3359231.208430401,616684.0601194673,0.0024620615149113,99999.99999999984
-38.285129506239215,788329.9935249338,705440.6854948469,221359.62522487485,0.0832005584365422,16044.490286696027,27859.48738925764,2918.1318476379497,3166.799319000096,2120.084463330616,373,1102794.4088573807,102118.93774864484,0.0106474651215376,99999.1636893787
-32.92063171117225,768881.5966989262,739704.6952201352,246044.7248434318,0.0846184845711819,16331.379594695798,27406.627922326,1013.7669099296412,3618.165388984356,2400.526913920979,374,2446552.4049462005,98050.67730397284,0.0023482705079864,6150.729134492288
-33.9864144987597,770040.8285355229,709255.8237431272,253762.4720237624,0.0883535090521465,16324.139938207823,27403.979865005105,2148.1291390473034,3478.5388014830446,2409.210227966924,375,1609483.8251452218,94811.12273509972,0.0043541594839941,8714.445399048456
-33.5228073728353,773852.2146892413,711859.0604245248,252523.014678225,0.0875944557835281,16263.406518138288,27520.26638696254,2191.407072851228,3552.075195796773,2409.8677813981285,376,2187597.3254750185,92698.226038968,0.0025642244274821,6747.540175861143
-33.20735762138233,765244.3583092621,713799.942325309,250020.68945142205,0.0875886215591321,16398.152395435045,27279.924293405595,1823.6183253516408,3622.352643320461,2387.142192993422,377,3999998.242589258,91128.0259346579,0.0009152235918334,8111.854676077603
-33.05409124972333,776882.5675368308,727080.249960408,245417.73709656583,0.0845410706433534,16208.938323440098,27620.70382878256,1747.3713788178657,3594.997996380624,2385.6803899251177,378,2853383.3999853134,93412.4941813248,0.0017662174043133,6339.134948349679
-48.6154784351921,790926.1156020946,557120.04005722,234487.43005162737,0.0595527605131031,15855.683906735962,28541.85358814206,9018.29709867541,3345.535236328586,2410.264190745467,379,1247242.2985029125,557120.0400564383,0.0303940956207446,99998.63209313972
-34.359704369737344,788227.3943164187,694671.3762998712,265966.4537349991,0.0905948072782804,16045.042545274266,27907.651570211678,3325.138710531964,3529.220957311258,2481.796707327313,380,2412991.362309772,90000.00116438362,0.0020743780896606,9138.40831057263
-42.53900299221303,800515.9959758177,612952.8900244214,230521.1996080061,0.0562612572108199,15692.531443757498,28845.442623153784,6094.462712418818,3584.739865631811,2565.3179334747,381,918581.2281751282,612952.0400907199,0.1269718577441256,1421.8925093231408
-33.83946621094761,787791.2982451855,708573.0253764319,243777.72568168127,0.084463682219779,16043.77543504849,27916.01654650678,2809.1183903999804,3528.3226442328046,2361.232850087801,382,2376117.425525709,92162.12375139265,0.0023533903241635,7615.706091334155
-44.85004640783805,807650.3078910063,599860.2520078477,228418.9915658434,0.0556578054672862,15582.257578606032,29000.78613096032,7864.507456721495,3541.514344444724,2516.228531902212,383,1245341.869504452,599860.2520078466,0.0320426868622391,99985.98865823964
-41.51575795398188,778820.976872233,636062.6259103791,264205.8797443469,0.073248364272567,16091.213028409506,28019.989568102093,5270.873517177245,3723.438675053052,2603.027410181582,384,1344858.4423725775,636062.6259103781,0.0184799842289339,99999.95919011226
-32.75159847739574,776664.918106359,751357.8876353663,246111.71557988232,0.084252776915201,16211.322998244284,27617.8303637103,871.9841599250192,3682.027465230366,2413.2316577729043,385,3998821.332656266,96175.64418857708,0.0010255316883076,5050.364058282897
-32.72155082653675,771292.2051527044,735377.852363266,248527.7853933132,0.0867465607398755,16301.567391584817,27452.010317245185,1250.7685712092327,3669.011339951013,2395.075118340084,386,3999990.486769391,94247.06705939514,0.0009659099585081,6763.020756982376
-34.6080607022761,780750.8726903425,708368.1175230053,252989.7812773136,0.0897539114574387,16174.798141903802,27646.78231787616,2549.079283979941,3461.589087640817,2384.428415756548,387,1242828.432084201,92824.22889152488,0.0059161627117276,6279.552471375523
-34.87830128450725,780648.5051018316,700878.1619916763,261337.8930007733,0.0927301933347697,16181.101319728974,27633.549582075066,2811.1524552085084,3447.17754553804,2423.472042211379,388,1180001.432265226,95451.2008325875,0.0063833884876223,17182.74207379808
-34.463940060292806,790538.5005168497,753510.8817753402,248184.36291867148,0.0823110327814636,15980.970106648309,28074.652626578147,1262.8683853948608,3586.1719200002663,2463.223604484709,389,1685523.4252653983,139626.403450426,0.0059915676723951,99999.95356452084
-44.37174555972689,795081.7048890123,600914.7571769671,270534.1754154025,0.0780969490563788,15857.762742462117,28431.564484731734,7414.910399390562,3579.9205890225217,2534.983447681508,390,3999974.502055418,600914.7571765732,0.0021785525651781,99999.99999999984
-38.54013337351056,799694.920887664,689422.2054942218,246522.3492159123,0.0753466453633857,15790.08063628895,28537.447554427108,3974.843585266223,3785.3883691866936,2504.5825304409286,391,3999968.8404406616,330967.4171394107,0.0020752058685593,99999.99999966196
-38.77109491613962,766700.8148711745,684466.2684594404,221138.56114862897,0.0647029427039983,16259.87457834395,27709.55680029636,2289.077491082322,3812.300202211783,2433.991676031595,392,831104.9505887654,671742.8211253813,0.1928134972964501,99992.70682983524
-34.45910262920375,780157.3269479377,746184.0045793446,243144.67883739556,0.0768641154863116,16111.039139154216,27906.366294542346,1170.5989822629058,3553.645766376066,2489.523171035377,393,1676756.0677839443,179555.1988903287,0.0080992747337086,99999.22284318172
-36.30027791470511,789321.559603717,724448.7740097306,228402.7520498824,0.0666802928431708,15913.111602414516,28345.49661342663,2299.510252336383,3790.651037943852,2485.4132800845077,394,2910791.9374654163,308543.2531141543,0.0042364024500168,99993.159006605
-37.43607474771933,775634.2076781772,726189.6357948295,224574.42939297005,0.0558998516267586,16062.607762760676,28162.785688351185,1770.0531711953845,3947.745010335949,2664.0233489847897,395,2633332.4842847013,495271.4828700691,0.0064698711978611,99999.99999995684
-33.17335672214231,783596.0510276332,719428.5546072572,249516.31974866663,0.0867460104808741,16113.00304668485,27793.60125947433,2256.669033305592,3618.958586786058,2396.129183126918,396,3999952.0064953743,91886.6802538718,0.0009584990928087,7846.065010044051
-33.077417771513566,770877.2952130651,719947.7603850787,241866.31263996524,0.0846622930903159,16306.100577100537,27451.8660966261,1801.013016204062,3618.350714470927,2347.1972342446747,397,3999999.9999995297,92808.73134049776,0.0009772213877333,8664.973775489643
-33.34037054937367,779613.3628893018,732386.0629715421,230769.2309388033,0.0807302235699088,16167.13739453579,27710.83270279353,1660.4000915908882,3650.967377157935,2291.5101818441244,398,3999834.844774923,95664.89624871738,0.0010171883796166,8587.776848086693
-39.0657478455924,791212.1907249737,675859.1569055326,235634.42882328265,0.0637008055947863,15856.408985794902,28501.286184573957,4237.508662854216,3826.793220337017,2567.917030406824,399,3040732.46231908,524177.39395912,0.0045960431949394,99999.9999991328
-35.04836738099727,777087.1019005704,742594.7591417439,242260.43009395915,0.0764161920705744,16152.87832233758,27844.80481116088,1179.8643731192972,3504.77550565206,2480.8161044048484,400,1285398.8244571816,229231.1114178021,0.0160941916072434,99999.99999999948
-34.10220192775491,793530.1259873946,711603.6245182696,236433.77697793083,0.0825277522081116,15949.788597589531,28081.73029442411,2900.5139930624164,3519.8111434200177,2311.424341957239,401,2737033.8531322046,92794.4434276198,0.0019898264174781,8001.276398005922
-37.464498293329584,766377.2057391447,747774.793306368,202785.7722681438,0.047474664459626,16172.48288030371,28017.108561456134,646.2896540757271,3698.900756160999,2664.266409201988,403,1468120.1480752805,370896.1085931522,0.0226178448112068,99999.99999997873
-35.91965255205518,800490.4104733231,696852.6546872309,224227.42266771707,0.0789032544483444,15838.46481257241,28280.08563536845,3710.449364184254,3362.768349892999,2225.021157358516,404,1912852.79959544,90000.00006739455,0.0038801440072999,8065.237698881794
-36.05470487643559,774024.5373709571,709171.5662335469,247253.22101247156,0.0781981457428449,16206.447676224338,27738.91106130609,2298.2232148831645,3460.71849734062,2483.991369905657,405,1546443.0756438903,188042.16561027663,0.0093973488275218,99999.99890365852
-45.19502766308243,785978.5733905904,650331.9109423074,340690.69642168854,0.1242998310039458,16146.830396484582,27668.294670310835,4787.814261375984,3833.6653278285817,2702.566966202285,406,785978.5735933016,475453.5951798352,3.234274547513407e-05,100.0000000800648
-33.19761610634005,782137.1890474707,727445.4859882655,244230.6263715772,0.0837133364382534,16126.52507266412,27776.63237634347,1917.7149700423383,3585.556583767972,2388.595311313086,407,2724687.8952387464,94420.46762958688,0.0019591191890254,7040.716820207137
-33.43314840016336,763837.8453854492,715909.335368128,252489.6150743763,0.0878286080577167,16416.364021133893,27243.84220702197,1692.1738368908611,3568.165922452883,2408.998924209397,408,2271987.753443672,93544.14761516024,0.0024300903169228,6910.567068666758
-36.05585827913106,773586.1462401202,716129.5401457192,242635.26020507133,0.0741846754457828,16184.028042588556,27842.62921409462,2045.8653999819528,3802.446720245018,2507.015865820543,409,3999896.811320773,296164.81447613216,0.0022098479183358,99999.99999864891
-34.39250932715541,785598.5507585072,710958.5547531616,248167.691004556,0.0853241709708469,16078.923694729569,27879.43558042305,2649.2023060440765,3664.749215604557,2398.560510762182,410,3999999.999962809,112531.98931701748,0.00098474335226,19784.945469339906
-38.72355128132986,785916.9978577172,691243.7370778031,236899.9124004051,0.0624666063682463,15935.351303029483,28351.56016123252,3305.343419570064,3747.065464009445,2620.011108969023,411,1122669.294207167,501320.7971699539,0.0388396628711535,99999.99999994156
-44.43570535367984,806804.768087128,618048.9265099271,254471.94404647185,0.0841664032330195,15738.085401515911,28531.16797284755,7045.809984028388,3394.916976753588,2378.7911138328536,412,1537600.3766894713,217040.4071199882,0.0071030778713806,99999.99483039124
-36.748660408442575,775430.9800102946,723569.7873824469,232444.67630290583,0.0621753000019902,16090.044077460148,28070.250893111574,1798.570437410743,3774.220613364568,2616.5412293730046,413,1269812.8487335888,434792.60805075546,0.0268503602828663,99900.1271312515
-37.81288816162795,797713.4239216485,703095.7739984626,261093.4328610055,0.0837045615412555,15876.699911041307,28291.39641061039,3380.1686822690326,3771.609669610047,2540.381408622781,414,3860414.654754244,196549.7435675808,0.0012457907543416,99999.99999585826
-38.771530864298455,810790.8791366342,710979.7676540134,245287.7498255581,0.0795418144369036,15660.232986919877,28685.166652937023,3469.1314934313887,3456.311082108224,2450.564116692667,415,1211623.4592548583,216530.6053081968,0.0157183995194943,99966.162381117
-40.39616129518491,795558.1498481925,725119.2579689343,311895.8977131549,0.097525870628747,15918.92066343814,28198.350140257364,2427.08653757339,3971.998693540011,2802.0824019197184,416,3999999.959432628,314238.4595979597,0.0011003394400484,7638.627321923511
-37.43107135894197,752344.9332438181,700081.907210045,223025.99935192565,0.0744314678793807,16531.80003885688,27154.3654608052,1885.6435564048008,3588.580929860549,2280.104016936379,417,2056486.1829990668,217952.6306268336,0.0059044574402717,99999.86829391794
-34.18612498197098,749101.6448527754,702907.2583628144,256367.9817033927,0.0916442108334233,16655.024029128683,26801.2264266198,1647.8048835263803,3627.916796411877,2391.7555073000767,418,3924115.7846541065,90033.35238194861,0.0008559858657123,8951.450732312653
-33.124819822065305,767226.6029236283,742780.623724517,250773.62854520185,0.0862531336076498,16358.389264024718,27351.1359969072,844.291705734388,3595.518015309728,2427.053953907041,419,2013297.889279052,100227.65088656604,0.0032661783484362,6285.256768944398
-33.60175583766366,772366.5977980532,701646.6173972269,253170.66346108567,0.087872221664267,16289.600364586646,27479.73471580703,2523.459925234198,3581.26255583809,2406.1678065426568,420,3079577.184110136,90000.07234211754,0.0013833933503049,9654.744321164442
-36.04206228117496,782086.826932698,712095.0771189327,240455.53935292503,0.0739566423134378,16071.739617103802,27990.59743645689,2504.74738057863,3619.907029958826,2480.273413598665,421,2426193.6899913917,200014.59862362212,0.0041247541582692,99999.9999999906
-46.77089179667024,805517.9555720935,566047.6491828583,251444.19605296952,0.0624069431341129,15636.633752884203,28936.70295361748,7062.614990831136,3372.2872652323763,2550.873419334606,422,873889.6111524062,566047.6491728727,0.1999922622676988,1240.0392942100727
-37.733906222286514,790062.9149356119,658327.9108351981,312295.8176404375,0.1039228701438005,16035.77231623125,27935.801338473382,4731.456110131123,3558.6373190158065,2672.223502504102,423,3999999.9999833154,90000.1010076519,0.0006788340693546,45045.39709109202
-33.73646989062999,770662.2671321102,696901.0704488918,254374.01230018772,0.090786829222937,16322.774343845636,27407.48737738638,2632.8402596331443,3595.2375874932527,2379.693879390868,424,3999999.999626381,90000.91017969952,0.0008573351222926,9695.616351843057
-43.173095126345096,810330.7733355196,668771.4818693469,222831.98219685844,0.0524044025019008,15517.52511517193,29193.77311376893,5038.607645671226,3455.170466144259,2653.0279471786444,425,1212387.9139002184,386111.9500802172,0.0379395708476575,99999.99999999984
-36.76807325458496,778455.8282470759,664136.9397495112,241064.3228296853,0.0830409252013288,16173.141130350805,27680.9323384989,4182.920605632301,3188.803196410122,2314.7229904923056,426,1788472.328838701,90000.00000000269,0.0045806543229134,14328.873666136524
-36.78354633669365,786899.2387041794,714993.1659840021,243131.1722058636,0.0707236750843959,15959.644864128384,28254.43180873912,2546.231181747129,3794.477612594126,2563.928227688155,427,2025674.811582432,345487.337141316,0.0077802414613812,99999.99999999984
-36.95274595492299,796973.5153548591,732008.8438077207,235863.65346531116,0.0667904652277172,15781.295818977926,28612.75906547944,2284.64185967466,3907.5528456726415,2575.959399477411,428,3941773.4206821513,383790.8846838482,0.0028046118696521,99497.0330700672
-33.7746970884659,749765.0961665622,717675.3928515081,239502.9568869902,0.0839859133710737,16625.338447110975,26865.582039864315,1140.766395283397,3570.816760329134,2328.622167766932,429,2868151.045122044,93560.70320464976,0.0017488403447989,9076.795269021752
-33.37906738698826,771388.2506452947,722285.5896187843,256221.19296870485,0.0859220070588116,16292.988268074723,27501.568221276026,1730.6808977170483,3617.423168785094,2477.2612377598407,430,3999999.9999993024,97830.69139130064,0.0010465341766088,12334.69410225386
-34.45560215989276,797869.1942994936,784359.1314731238,247241.5227519948,0.0843554357140498,15884.971931740152,28198.18347447957,449.8940331825439,3772.45619306261,2441.719651135894,431,3999999.3320457297,103640.00802349676,0.0010931031799628,5224.136417366821
-33.205854500649494,765665.5787635084,715027.135293656,248384.4832746712,0.0880661162148577,16395.65098015308,27283.103939889963,1791.9109321636454,3645.015606111055,2366.1035270094103,432,3999999.9989540656,91462.8686536066,0.0008874337273499,8159.891556723932
-39.31494286273281,777030.7067504491,666854.1076043023,232232.9391474695,0.0603123107172787,16065.622614543656,28131.89754998792,3925.601051148336,3741.8347488156674,2584.377235169075,433,1122896.4596219813,558374.8345486198,0.0396724457710139,99952.555769019
-44.071383406948286,794923.0318016447,611684.1449077383,273401.908388093,0.0655874614809951,15793.74456720949,28633.38454205929,6820.5055352152285,3603.996177697805,2704.633276571006,434,1321568.780022023,611684.1393423694,0.0257060023089507,99999.99917014437
-38.79592469913613,780558.785209382,684183.0617290555,233592.76623784692,0.0608403542268031,16014.793003075916,28200.850000620827,3433.293724284507,3835.500083603242,2608.556814524632,435,1195312.4436771376,587882.0467545792,0.0316671180562664,99999.9999636474
-47.64868662810504,790771.2201283062,596605.9804871161,294890.4423572626,0.1075322641238587,16041.697394051096,27940.06983151505,7216.977464943328,3565.72749642883,2458.018099832435,436,3999999.92790984,373361.7112947792,0.0006776265162237,99999.99999819291
-39.322138958522565,757789.5843108033,668335.0454631483,233771.272863824,0.0600347910877073,16369.50814910964,27556.86954053383,3155.284400278961,3829.476970077125,2605.7291472320144,437,1008007.8802773316,668335.0454608949,0.05387885052138,99970.40130786425
-37.17826319272605,785061.7609005349,711028.4169793982,232832.61333040832,0.0639331724353749,15957.51519753407,28304.59676430275,2623.9125558540704,3770.385945728176,2576.93839536831,438,1585568.8679714138,393622.3832299169,0.0147972753932349,99998.4010580784
-38.01818967902526,774887.426687828,710152.8968235549,230781.046584888,0.0731687303165502,16173.246773878713,27833.66432747145,2213.041025401253,3515.416393927349,2398.4726569542654,439,1007267.9364347768,350522.32252888696,0.0391037267429385,99805.79673146996
-33.48526123684529,769455.6723251229,704467.9903373941,246668.1073764449,0.0861585749870636,16330.126284648588,27396.81843449353,2322.3804707515087,3585.1286680839085,2359.8112462672225,440,3999999.99999872,90000.62554426353,0.0009153479121838,8771.918610274955
-33.26807388728437,785301.8095365576,746262.8597474556,253074.31950522287,0.0864128101756247,16080.286738738234,27851.029421579125,1341.4922459949005,3632.910373439378,2450.6051824260685,441,2403038.142785293,97965.26292226148,0.0024085742299195,5581.561394159753
-33.472993383118535,784301.3277835423,707846.5448839526,249533.1283841278,0.0867590820205461,16102.736796564644,27812.932936388926,2710.870216687742,3578.506788056793,2389.1521486459,442,3649210.324071739,90157.588393721,0.0011065869279865,8656.120832846938
-39.74455981185019,767498.4195807459,651608.5449935639,224401.92086360056,0.0558370346057443,16197.206805230431,27918.72077060946,4196.6717152015,3764.209599348492,2572.84672107747,443,1135061.0626070672,651608.544889678,0.0410043281143719,99999.99999963444
-42.46190742612527,782402.8664165441,626837.2686563252,267651.30007155606,0.0660329850653519,15999.672454235511,28232.4546242917,5577.161196848803,3660.747563355535,2698.165971954272,444,1029584.1197456174,626837.2686563219,0.0520857273467613,99999.99999580836
-41.805702912278704,788318.0518412828,631839.0681172372,268076.01697421115,0.0787682299440762,15965.072424595472,28226.18666038322,5861.771650121825,3716.7001863194696,2562.85985687119,445,3801957.223512754,631839.0681170711,0.0023222896744119,99999.9999999661
-33.52069173688851,780814.6547312909,739389.7911510412,242391.82386829576,0.0835944325053546,16149.5239986794,27722.97367268516,1436.2435074855714,3552.5348793180638,2377.110867936322,446,1764364.7535414342,97486.0479800846,0.0040333044439482,5132.495929004304
-37.900741553804295,780479.2000657929,700998.5396267487,231591.3990359286,0.061018934583193,16015.070792757931,28212.74480836881,2804.3344635937337,3767.8251528773294,2608.995995154094,447,1239804.908200432,468535.5634056132,0.028287580773295,99999.99873205712
-45.0451580129333,784774.834498839,603643.133350175,285237.7392838527,0.0707372044129974,15968.847207177958,28309.48989683382,6972.879378063361,3582.658357755161,2703.420222956332,448,3096937.0382159315,603643.1332685151,0.0042433746681269,99999.97636571329
-38.70144078841316,800735.4858068151,709828.5496054112,233671.867301312,0.0677320371753476,15728.823791047276,28673.52345586835,3247.4103983336786,3945.749898735045,2518.1253298644315,449,3999977.3531520655,514443.9652668851,0.0026140755134594,99995.29339417064
-39.88669108832509,783362.8190258654,666596.8587543569,244043.9645279643,0.0668817961679137,16001.380872364438,28191.598867832006,4147.567794992519,3708.5843451477226,2579.674157589934,450,1071839.3865336974,519307.4416253796,0.0392741680507479,99999.99999880222
-34.43397939939766,749092.7556067314,696812.9125596136,246349.8110173157,0.0880404315554091,16647.352877429577,26823.87449225807,1881.278189336196,3563.401965528906,2333.383607556289,451,3999999.9988950766,90000.00000296975,0.0009209061608526,10011.126938900816
-33.15242992670812,774570.5918884017,715312.4779660379,245288.7310620226,0.0859038560532444,16253.37921201982,27541.78039400973,2099.029478643578,3618.4215364114616,2363.4141418834565,452,3993448.054300107,90604.74156866172,0.0009277851867365,7399.870076087647
-33.61634753586415,792386.1356680888,722730.4947143442,248570.7408326828,0.0847828395280316,15970.737699988882,28049.04058935181,2441.955004090345,3587.613797592528,2412.9987833615505,453,2803242.4479395687,93902.9016379922,0.0018212304439613,7435.929941437228
-32.97776550393447,785772.0981238271,738105.1005984012,248356.7785058009,0.0859387277970399,16072.784015828684,27853.32028614948,1653.4490378001112,3670.1342665028615,2405.161014151904,454,3999999.999989952,94213.89641521042,0.0009801824283481,6665.193942894949
-34.15884028900352,782429.4586040406,724995.7748053249,245961.8361085544,0.0863937157795035,16137.164256460816,27725.346931301523,2004.4971592419408,3492.472703279775,2366.7851513510727,455,1388834.6296363557,96230.76516672954,0.0055161000759132,5684.080700207401
-40.35411345904125,764061.4928055875,641143.4722594132,213201.9277086077,0.0527676560452086,16239.764350749403,27863.021870070654,4062.8635360017406,3697.1439472486927,2527.508515260515,456,908149.9280749988,641143.472259412,0.1130788984342099,8362.91733493668
-42.55834894205638,815151.9586295884,642181.2730201242,203305.2769641745,0.0487842473445145,15436.73490435262,29334.88338892407,6548.474316387228,3730.5395717003994,2506.7520422785137,457,2772325.500386007,642181.2230629956,0.0067468927304983,99999.99999998954
-50.22506184605991,824051.872571951,562016.6832593875,215893.3428891995,0.0561823083101965,15342.094463549834,29422.29295754355,10288.023681937051,3372.192916992068,2330.00542573684,458,1675747.299733673,562016.3908288322,0.0148477322274871,99999.99999987088
-41.33902483695927,789349.8799300706,649076.4017227974,271376.98282572185,0.0870375585965944,15986.571143084491,28118.737779188352,5153.010472847589,3759.427457598634,2524.8565982482287,459,3999999.999999999,462605.111720976,0.001521774400818,99999.99999942786
-42.92756273050476,803813.295104971,616719.1167357417,254060.6031838131,0.0688366633092889,15683.966686517237,28801.74508700364,7108.090409559612,3641.321003002773,2553.8804797505645,460,3999999.999999757,616719.1167357406,0.0027494358362117,99999.99999999968
-38.82035827275868,792170.0760918881,700903.6067957777,228570.56691646573,0.057062522705101,15809.973891502686,28613.03019275701,3199.477682896267,3802.9255679548687,2654.317605932153,461,1245811.684707645,517059.788090769,0.0323558873152052,99947.80704619818
-33.22253940792005,774556.8760318977,735487.550921939,251128.48884779803,0.0863727986821141,16246.98426395869,27552.106710774464,1355.9845469236705,3576.5349497301013,2426.0843509766187,462,1983904.252611179,97914.42582789429,0.003289735940362,5957.2917397749015
-33.98009589322908,792620.7829695098,697996.9749473581,250319.08362229916,0.0863655253753552,15973.38632040856,28042.00404515308,3374.996041100482,3552.633698098545,2393.7602994464287,463,3999999.919120483,90000.00146037021,0.0009463968932311,10224.332771384485
-34.45897184397725,782998.6331508079,706846.8826528927,261642.8809889948,0.0910553809625881,16131.427308519222,27743.68439997698,2675.1422584688808,3461.2290809013725,2449.426961015616,464,1464546.2046080488,95243.43378978064,0.005036586528479,11287.905117255848
-33.416251006069416,787699.2748544457,715625.7207138672,249685.5076333748,0.0862189340864739,16048.063241928305,27909.572311459277,2540.4958340575045,3595.082266135246,2402.752426212874,465,3488501.8453128543,91267.07385261476,0.0012101351298773,7504.352327692732
-33.425295925545605,769212.8519899411,713326.3625977843,253618.2786356961,0.0879374422723602,16334.191784418896,27394.35614227196,1975.0169668736964,3566.7566187546563,2416.814461521247,466,2362733.504050016,92962.3379280698,0.0022643318836742,6988.201515654765
-37.08545323847108,792602.1002788858,662126.4349940133,220853.76428518648,0.0785792853088428,15960.773369343951,28073.137294138225,4794.7736542462535,3256.026486175824,2168.028421461064,467,1871248.5486598853,90000.00000000573,0.0040519403470044,25684.31541808567
-33.80333795455265,787272.4452653625,730733.6203996219,227754.07153451917,0.0803371398101278,16045.850660473652,27909.029641124576,1985.7709561773456,3587.376751787409,2261.753086053321,468,3391621.748422024,90004.06248955362,0.0013648794949943,4738.517063364387
-39.91104973011621,788111.1735102843,657819.5196367508,215805.0309267246,0.0505956686366908,15854.226675662603,28577.227214840997,4782.696563217484,3787.2841438951273,2607.636582113301,469,1378275.413413874,657819.1587687131,0.0271924123960777,99999.99999994584
-35.85504052915407,739618.5091564587,682584.4150051647,253042.70848166329,0.0916985314853816,16801.56999498799,26526.11391697089,2070.505178986913,3572.4277663711127,2345.541689802589,470,3345325.8252807576,90000.00310878862,0.0010724191844572,11608.592082582982
-35.321447480734605,748667.7278977517,722264.8625030182,246393.6238380884,0.0845105007467691,16632.93506637233,26900.93026050946,924.0417886131456,3517.1000491373165,2398.6752993080145,471,1297863.903117721,169994.37054121922,0.0097213554851355,99999.99999999984
-38.67543867169774,793937.4736454198,679880.8677034525,249739.7779143294,0.0858006470353628,15942.504980475333,28147.67661475941,4068.8635574667305,3451.079435548744,2382.11410845469,472,1273264.3192052518,187016.33978306604,0.0106406586709913,99999.9999948541
-32.86739148646795,770502.669890076,726204.1105770931,248760.4550299592,0.0869456570724951,16314.640681491095,27429.72746584978,1554.193988294331,3645.19329479785,2389.945229314546,473,3999999.9999966025,92907.90575853433,0.0009523110153016,7121.74865947629
-33.222746908700685,760692.4734078257,716363.1699080553,250344.9570617036,0.0880822780100382,16468.02534811023,27151.06904386597,1568.161065190513,3628.075856441929,2385.110048230749,474,3999999.999984068,92089.58306358394,0.0009240552810676,7507.904311255263
-37.637103477062205,788034.0692428782,740686.649536743,208326.68397029676,0.064991483168438,15966.407312549418,28211.898581304184,1648.9878205376706,3548.7579116667607,2309.447010520187,475,1341250.941694755,237147.020853168,0.0152389753216428,99999.99999999913
-35.959410325884434,804634.394338032,676904.6408782006,272768.5130482448,0.0942701497184274,15798.549608369138,28331.793622508205,4549.729189835534,3481.0882595460257,2486.932961473097,476,2431604.95204654,90000.00000000013,0.0020238308043984,13846.252004770324
-39.46904646028878,803908.4249218614,705569.864680687,217981.1983189413,0.0577729517552687,15654.052970679772,28884.921476838823,3569.493081345561,3746.736399541824,2540.5521145325315,477,3999061.848603343,329011.8997365841,0.0028511987504947,99999.99999997462
-37.05804581458055,758911.2047038686,715431.0745692133,226341.3389625835,0.0675117547256394,16378.595161315574,27494.65023628792,1558.8793437951906,3902.874221066877,2455.952743964568,478,2473259.650224741,430700.3914748436,0.0055973277408974,99999.99999999984
-37.61903232629261,771827.0025122933,721796.8186536699,293638.30923786183,0.090411768925996,16263.4516124753,27629.982315799552,1722.5816243089214,3561.2570190498186,2739.717608161304,479,1234815.8490547398,221357.4952145239,0.0133522795202621,99999.99853498224
-36.33840286325509,803038.0273561677,680487.3549992864,254352.20609567812,0.0919186602391342,15840.63085315126,28224.5389263807,4364.329341043077,3460.510708321357,2351.3510158902013,480,1299464.1373893437,90000.31852834235,0.0048576025747435,11741.51534237778
-37.99928473061768,754888.1676907617,723398.0951922574,277427.5233222858,0.1015542520659492,16596.892766045316,26917.83197326385,1041.1129253711135,3531.2881119908984,2493.678606440371,481,806948.502687146,312864.22075670824,0.0378306962608704,99999.99116815352
-33.817564028909544,771689.3627334617,715276.4778953597,276186.1597684667,0.097459707133488,16315.82857561286,27404.64119647552,1970.8036529078165,3709.074456060109,2514.1938945714514,482,3999996.280109864,90000.00603297078,0.0007352488220054,5582.009301044468
-35.92052288275684,764542.5680760111,703889.1690301998,249827.31697419644,0.0813072525917702,16364.729419105117,27443.945955996056,2166.2099049061703,3618.6607030206337,2462.5738895922373,483,2135655.135080642,193952.4628609937,0.0046263693618306,99999.95222206876
-33.019676219860514,775333.4788747176,736149.1495387087,249802.1569378942,0.0858108646402213,16234.11885764419,27576.05208242704,1361.830912322971,3610.728022737205,2420.882589006494,484,2398695.1013766383,96018.20873420796,0.0023617756460694,5844.639270371791
-33.07094988061486,774205.5103432798,717503.645523331,250706.51464461564,0.0874595933252186,16258.779148388356,27530.644564640523,1999.8203345627976,3619.6934489129258,2397.654494422855,485,3888554.6696829535,91448.11059533524,0.0009831713590146,7528.067127365971
-33.339372559161895,761473.1577684615,712415.7910945943,249735.27668328528,0.0880864384743441,16458.832931245666,27169.220579989586,1741.465833676116,3636.4898782740647,2378.163366492965,486,3999999.999997128,91648.13229959448,0.0008879393908606,8413.675630219206
-46.37394407526124,799642.393192793,575768.2468418125,211641.30990162265,0.04255480987179,15634.682190989432,29054.778510819106,6726.719195396166,3338.994197204415,2599.6045197151047,487,897942.3916609662,575768.2468092127,0.1999999999999636,46447.96215673938
-37.24656662022518,771268.9245275615,644524.2570778816,243301.42674959492,0.0853644144765261,16290.168101390136,27484.631227675243,4710.024434888264,3268.93731516006,2291.0801203473075,488,3253889.8500707094,90000.00000000013,0.001596017963004,29122.79739662384
-35.92557985012363,786904.142119345,670706.0378199426,232340.00531041776,0.0821624104020257,16057.306342610518,27876.991786412505,4242.063820624301,3308.3477466500613,2245.648166793794,489,1632181.3017199894,90000.00000010389,0.0045468662609405,17440.57789687499
-36.70426813108618,792780.1127970148,703856.4014178674,240580.94456221824,0.0777324446810875,15930.381464771885,28244.14974513529,3184.0501837497877,3642.496177419281,2435.6961207479035,490,2875897.776496718,183755.10359067784,0.0027919461600504,99999.99999999984
-35.38934524946234,770795.9753518014,709385.9687364986,224375.40028907443,0.0772755968529571,16274.628861457126,27507.462242238245,2200.312143013323,3324.435377452347,2252.4218901997315,491,2577923.0325265573,90000.0000000353,0.0027198938649195,5950.109926953199
-38.22207868265002,788140.6761302577,697739.4969632674,252751.40444328103,0.0778288948752639,15982.097478305344,28163.28125189845,3175.639462132282,3515.5065041175426,2532.795786150465,492,1168442.6279443775,290360.21533386863,0.0215500284214424,99999.99999999984
-37.41183504879327,770983.9019887248,673616.7527569357,239676.41968933988,0.0823102381152482,16286.086245215842,27470.987151871035,3542.108784360687,3128.3322647069235,2317.176552399022,493,1527491.418380475,90000.00110755627,0.006164163140605,10239.408602198926
-36.08245510029092,782906.3654623347,709129.7030629483,284612.26476401114,0.0973926743171271,16144.9043859597,27732.318811108973,2564.529097882358,3521.811848918542,2582.8568048773386,494,1151374.5697297957,123746.74524626216,0.0076096462170467,99999.22372448113
-33.317725066461634,786070.2125637301,735184.1436474494,243814.3199890775,0.0834487783028277,16065.299806364495,27880.37356845579,1771.7575919602227,3592.502172446116,2391.751276147153,495,2435582.189622414,95224.8163721828,0.0023670799015431,6061.143283097296
-33.976139196065205,771211.7437159679,757203.1110211691,235956.9467367608,0.0726020247672892,16229.90278708715,27726.15474450513,480.6701791230991,3679.307531224516,2490.8527723839384,496,1933971.3968525224,219633.9984183064,0.0072074415966658,99999.9999992568
-32.72064036457219,769941.6691150162,737538.3769601805,244430.33665695172,0.0853495563326235,16318.953525643192,27422.626737179984,1128.5698326896263,3655.459990419919,2373.506347721357,497,3999985.7108500535,94383.9704966516,0.0010066855044876,6720.518842058375
-33.836394411599976,788623.8933309469,739045.090997955,227523.2284537308,0.0785880385359122,16014.42959195134,27997.089140760098,1729.9745378939522,3567.692543946684,2290.54423590819,498,2984335.198328872,100174.65377498612,0.0019907040728775,9696.145407617772
-36.89929418359557,772384.1484302987,711583.7161995051,246863.522730226,0.0722876713108486,16181.622681940156,27857.624983631224,2173.674387313121,3887.7548185249575,2572.244054922046,499,3370075.142086219,403229.98500419146,0.0032050962186785,99999.99999999984
-33.44150356398853,775874.8945270496,716839.5948808406,238690.33684269385,0.0835977103046738,16251.734712609828,27608.722001753667,2090.2705239723705,3559.870165064544,2328.3445722852634,500,3239568.008502782,90000.00000000189,0.0014486571984673,6822.587456160674
-37.98093766618722,812085.935355605,677742.6637339648,267762.2596452004,0.0960478766279031,15721.11761535404,28421.979128491883,4764.603073476719,3523.57157443634,2430.025255259909,501,1015534.42860769,90346.8634257328,0.0055821675637601,99999.89058250772
-34.12411264347047,805228.4981524927,739823.8704406327,247456.78041978777,0.0835218847746383,15770.75611634245,28406.13117360799,2261.712614726413,3647.368025856937,2432.11385433668,502,3698088.319875381,94554.09731909772,0.0011757247101537,6851.324386420961
-37.179933394533,780413.4987641977,720283.2465066037,238164.4006606284,0.0670379734065936,16044.327053948884,28118.016272071043,2055.725315350237,3724.684915439696,2583.965284858622,503,1096669.446432016,431540.1203732546,0.0365738470454424,99999.99999982452
-35.50621666423302,773521.8018298566,721142.7837230491,241008.23552755336,0.0727548639891398,16182.86457747254,27839.52776901208,1857.6367407370951,3765.983767634629,2516.0759624749885,504,2692362.9786052094,279937.6433357949,0.0042723054586898,99999.9966264787
-50.22975923505803,829727.3367436003,582972.0976816611,242833.03294547496,0.0666688039938188,15288.924248690304,29480.952862082435,9525.229661342582,3335.025770780228,2434.0936991738736,505,2872023.7546263337,323073.10118118144,0.0044723421084632,99999.99999999984
-36.74488809607587,720416.7645132141,699961.7988670081,249555.03175104444,0.0905411799992306,17091.56348817831,25981.465574432,735.0117725620748,3610.613247521428,2337.0377415039834,506,3999994.052169741,90734.5225625834,0.0008554950564918,9068.684343596484
-33.14226243536984,784576.153314757,734299.3219746855,248220.10443023656,0.0848601646742136,16090.587648288332,27839.21069022028,1750.0837743115576,3618.5701491414993,2417.177304058864,507,2817613.2060924717,95648.23938840529,0.0018356173121586,6676.088866124682
-32.74728173027677,771688.9848547991,753943.1614130153,247945.93968962855,0.0856790198169661,16291.390874139586,27473.61545074743,608.7890981547284,3703.386153046448,2414.935398164851,508,3999984.79049432,97656.93920665358,0.0010244443050534,5836.207238473503
-35.79880566227099,787546.2111934554,736795.1816737427,227201.4469034453,0.0719201930819441,15978.426532024425,28169.80310090928,1756.692596684089,3504.1318084485465,2392.439345546688,509,1497816.119987916,217208.27429443452,0.0122641247535317,99999.99999999984
-48.19565083917742,791544.8676318172,563969.4438322288,259289.4289108097,0.0649095054655459,15856.745454988031,28526.60363155052,8704.088644818428,3383.251789853403,2523.9612553660854,510,1253590.304558335,563969.443806371,0.0286844485352894,99874.4938050654
-38.10786136173597,798399.1092767318,709513.0063129484,225509.6378759872,0.061303131393371,15741.944561648552,28765.234135549694,3191.048451312077,3864.047136341128,2562.58022155659,511,3081928.571928212,424463.0207383133,0.0045883669740067,99999.99999999984
-39.73357524888458,809400.8010407551,684420.651938976,224680.8828096233,0.065340151962527,15598.949368284651,28925.514538965792,4544.383772182069,3716.623589984941,2446.1137749257205,512,3154912.351626525,337185.2793627219,0.0038458145221115,99999.99259749324
-35.169021153521456,790272.1272443722,742236.7248408429,244823.96284282536,0.0853532813302961,16009.957156246128,27973.954350683118,1643.0448097836431,3416.409029317505,2379.511460354069,513,1199819.7813814324,121588.41057538184,0.0095621905471119,99999.99999723423
-39.11096344907041,785053.5880064648,679121.1201477036,232142.3886229284,0.0595694825196751,15944.79697719193,28339.22969997113,3510.318537504064,3854.2073704939007,2618.111190380564,514,952080.4893189071,679121.1200779373,0.084971587361291,99987.47211890874
-41.648488705637234,776247.5264095326,664150.4678562053,283878.2049133406,0.0982016552455493,16247.297652806385,27563.947830758032,4067.8599202002015,3820.9086870530377,2528.745303284038,515,3999999.999999999,328937.7160546564,0.0006577653093289,11278.20970939326
-39.83902308010455,779312.5172154146,661572.4386014845,237858.79975867705,0.0620085324803441,16051.969248610918,28121.51251601018,4275.869808855682,3813.261073530544,2592.8503872558304,516,1184487.8598701423,661572.4379370199,0.0299044016071218,99999.99999999968
-33.452429267918134,756330.915261551,717999.9301430096,249662.1305337344,0.0871747271109189,16530.308298378746,27038.41363877163,1354.6734573063927,3584.6784284015093,2390.668346358939,517,2573012.6186066447,93759.28034798912,0.0020043617659928,7301.1136702788735
-32.92373558371509,767974.3535075494,735019.4227575943,247774.19653840704,0.0863738974096474,16350.68645388783,27361.480324043143,1147.591936730412,3638.258247418041,2391.1150779047757,518,2622579.980057721,96398.17222963498,0.0019675048634387,5662.907014071447
-35.143420053320554,741903.0761395337,704530.3055547932,242535.32433581515,0.0868353072335685,16757.546324795192,26601.62770218416,1336.4737909986704,3487.880616278106,2311.873112350587,519,1605876.4021422907,93388.5115162574,0.0040957378175266,7388.634167406585
-34.57300513845491,792469.0669559374,695462.1777883868,237530.52148346207,0.0847921488730892,15984.865470975288,28019.43088975004,3479.8862832968102,3608.832048458819,2287.2183339105086,520,3999998.310975031,90013.5523356531,0.0008446157954945,12421.42545230621
-43.73827904566255,799359.0947141165,605860.5206056437,235430.630627014,0.0619274413118163,15734.60344022772,28684.09277028272,7400.94796704569,3578.792720763778,2475.902412308534,521,1585088.4431576768,605860.5206056415,0.0153444853959793,99999.9999999009
-38.98891058043256,761380.0812645025,655876.1336195647,232895.1735407441,0.0616090844963664,16316.998674959554,27664.875016496728,2973.673250462476,3765.130408623909,2578.0669531867666,522,830777.9668441295,655876.1333785233,0.199999996825976,1401.1023904508334
-34.89671459214541,790973.1438219408,701095.7943253228,260162.841207074,0.0849248870489078,15981.097659908684,28040.51426097628,3201.2520798183173,3430.1356925648333,2504.3235890026112,523,2590165.736780627,90000.00000001276,0.0022777085470544,7570.058912764794
-41.50665664043174,795486.8885451881,655170.4352818077,288533.5094203639,0.0842443953131454,15862.01397534303,28383.46540832017,5136.025009710719,3813.4376502046857,2681.9738385131013,524,3781928.7656602063,655168.2276373095,0.0022061803572701,99999.62824294256
-41.55876598392682,810193.6866688824,643824.8275662079,232867.0954255557,0.0634124815403137,15567.445650376603,29020.701355205685,6224.447310860743,3729.832827501639,2506.403322494844,525,3997101.782588792,562673.3018039798,0.0029148365447652,99999.99999963531
-41.453779014514325,811133.2278410398,644490.1327983967,235294.23399929912,0.0627796606960654,15556.513610347763,29032.12579088603,6259.998242033842,3754.14839411136,2536.557724046823,526,3999719.399881588,644490.1327983956,0.0028703727807904,99999.9999803926
-42.96357615974957,762919.4099960551,687910.91646143,302024.575874181,0.1104721445300323,16491.489118176192,27052.588964279203,2615.757288737461,3919.512837592472,2585.199296952173,527,762919.4099960916,480432.4709476765,0.011418348861816,100.05302962734925
-38.0336050601196,781530.0537645243,686881.2579857083,236883.46983696584,0.0693683417366862,16047.793722521665,28105.76785610817,3401.483713322098,3559.891352089341,2499.208716220909,528,1432870.8090396742,303066.58084038686,0.0154479887403657,99999.99999983038
-39.25374323680249,779543.06066145,664316.5995108937,223474.48250651165,0.0567444985634193,16013.861751083952,28250.655571363903,4285.051751386516,3826.6938253085686,2564.495065658112,529,2072690.054618009,664307.4957510314,0.010197854575853,99999.99999930333
-33.13732904323281,780169.5842164708,765050.1075600631,241358.415184718,0.0827004977533943,16153.981583452563,27722.34766338629,514.6175728274621,3697.7382629884896,2391.2435822682983,530,3527230.913458686,99320.68263977404,0.0013450663478812,5490.560100458041
-40.7884178113233,799106.9902553201,647843.0868143833,248098.03188516916,0.0714240074529491,15776.29190927442,28591.21829871731,5627.482722103528,3776.964967136649,2522.5160416544745,531,3999930.214008815,647843.0868140174,0.0024485121261642,99999.999999935
-39.398928125174514,785819.0560678461,668086.3908371613,225572.419104215,0.0551781162611632,15911.671122694934,28437.271476725888,4268.898998833185,3831.691320102975,2617.7806792832253,532,1310810.0130809087,668086.3551172318,0.0281790406142196,99999.99999832457
-38.57783541323367,784294.5227395621,670596.2650721868,339386.55611600145,0.1158744299482734,16131.182725711951,27742.46761251929,3979.531311585536,3621.212175859368,2765.152462313245,533,3999999.988816227,90000.00075897861,0.0006342940342362,30690.180668068584
-40.85754750418741,817499.3857841081,678069.7901137599,239951.9310002404,0.0637854506460743,15462.85081080322,29166.82597393581,5086.528740917225,3883.0576197466335,2605.785250007292,534,2812001.02580739,669142.8241645287,0.0050118950293213,99999.99999938736
-41.30893926745969,770656.8803411792,675347.7098439559,252355.931969299,0.087498850865845,16303.49433476592,27509.088889324677,3128.2464366310883,3542.348850669407,2388.7872648535367,535,834306.5578674908,461767.495409088,0.0783334042546878,99999.93177780235
-38.11536437624976,757757.4792703938,692206.121146132,232908.86714420668,0.0631164999218373,16375.43740380926,27540.400355487203,2087.9015560439275,3771.952295883392,2581.021158599243,536,883613.3973120432,604917.2817461845,0.107596396386242,99999.99999991208
-39.17217997295837,792252.5894091348,679546.6612743118,260356.97461787888,0.0801347982107094,15904.218409751473,28345.63154780341,4060.4212814332254,3712.525605277196,2551.1173552276755,537,3991261.697176482,310807.00101687136,0.0022374298586704,99999.99999982114
-39.44344523441045,809046.6918563539,757473.2998568405,250838.68148599577,0.0744331625452339,15639.617317809656,28784.02813074157,1639.5210889611578,3641.073449306854,2614.060824464956,538,972640.5345741502,413238.2971847007,0.057079631251676,99999.99999999913
-33.03655459489194,774071.8108420742,718875.0505132445,248589.33936961897,0.0869593929121333,16261.371340220932,27528.690749723784,1946.1906074037624,3629.464429686766,2384.637807613616,539,3999999.999998208,91809.9279659328,0.0009399940491681,8158.584418048585
-33.00573879002529,769784.3911687009,728765.5911496766,248524.07889521887,0.085952981801986,16320.776848949365,27422.84951200274,1435.9162407753577,3607.018299736946,2401.9415895322472,540,2599070.084762562,95680.51126585437,0.0020442123962552,6080.389733527913
-34.12016239154238,781376.7202555625,747891.7361626377,249879.976105792,0.0819103939250496,16140.8714388051,27764.143214816955,1160.7053206283229,3661.3361721223896,2489.2454010699307,541,1825681.823879743,101327.49973916115,0.0034584794379897,4865.173513100454
-33.24705103920381,760932.271537777,723124.7904163583,257789.924587281,0.0912619550301288,16473.3379328037,27142.509189156888,1324.8822697972255,3704.406632973183,2424.7280244141907,542,3711101.625902963,95234.30383838614,0.0009675199832618,9076.650922537228
-36.78660169055311,796748.7815717595,696969.0009686091,268765.6330281536,0.0990531916457701,15970.369110175174,27952.42705176757,3476.684087975048,3359.1371697800496,2420.8333820802723,543,796764.9348365313,94338.19615027048,0.0105136516874178,99999.99999214178
-38.3366515361842,734096.1186836637,704350.5537320444,233702.74939284724,0.0792226300496693,16824.43443563638,26596.16177927097,1042.8008360510755,3407.839019588775,2325.872360571113,544,1083661.1268514558,254639.75897946957,0.0228423944345488,99999.99999999968
-37.35743093786779,809964.9822085398,705635.2388383407,230970.66942924104,0.0772765870642279,15676.283670572462,28638.06049975463,3720.6640170208593,3596.2773673381525,2332.7281123853,545,3315340.3523308043,138479.929692309,0.0018555165933531,99999.99999999984
-38.677748774370585,810238.306062204,795998.9630767435,240682.2563466623,0.0768519300085296,15655.759257732132,28690.60726967368,455.9236595123869,3607.455185937908,2491.016480953041,546,1078307.5115187175,281105.88203448826,0.0269640514904693,99999.99999999984
-40.22526438546336,785261.2312594693,657595.2315586905,259134.9075098166,0.0881352038661003,16081.785059433843,27905.408981468063,4602.311225102085,3245.4464541568245,2420.8841614416506,547,1115905.613986696,171551.35784414856,0.0142286649223962,99999.99999999984
-36.82757803855432,777956.2437434258,691343.8570744463,244112.48062625885,0.0829576293725264,16174.343589487667,27742.61118040914,3125.4067733837437,3625.261557432166,2372.546643234843,548,2787840.726437147,170988.381110133,0.0024185912977603,99999.99995872336
-36.487990880179055,769042.4271732199,717386.0469111525,254041.21816258045,0.099324040968635,16398.697562740224,27174.341406575903,1773.4308793931643,3257.9148998911346,2287.277336134004,549,776733.4213933762,102293.98585740144,0.0135959539999577,99999.84847517894
-33.870647581551424,753852.3723308557,704692.9854466917,247520.5322633665,0.0875203425505034,16574.011523870362,26959.02979967425,1759.5415123225669,3606.376417695016,2356.894502161898,550,3999999.9999996577,91714.75788219526,0.0008976904517162,9375.262795781742
-32.77576911649838,770987.3933331491,732738.0608968732,249062.87167775512,0.0865948508982689,16305.160112480078,27448.31850529114,1335.170781637177,3658.7787514473575,2401.263791712556,551,3723613.252194517,94896.99264684838,0.001096214198292,6900.242121252852
-34.638117356562056,761844.0017103174,713875.1520809167,244357.7743159936,0.080989497643716,16420.25876966805,27283.12839300866,1709.864102739902,3511.650012873083,2416.609507743572,552,1961332.684916742,122869.70498991697,0.0041634588527476,99989.79878251773
-35.916785467251366,795586.340671884,708219.3953333134,240834.2975297612,0.0804520763218536,15901.36444203805,28244.18675402345,3109.853381590249,3606.9748085164906,2388.6302005834737,553,3999990.6398812407,135938.64048038723,0.0013543338955617,99970.4418354956
-41.56868397847988,819973.6969899058,730600.2605831419,227223.36696128003,0.0676558442705238,15453.464031089392,29150.657187604083,3054.372899359338,3248.875302712793,2466.6598889292445,554,1307456.5585985023,217424.1859954928,0.021403880423096,99999.99997036702
-37.10342797076719,763290.3740070871,715784.1331118398,224118.7422836359,0.0603041832753971,16271.58184968562,27741.59389888624,1696.5723378512048,3920.2954299230296,2564.291832186985,555,1792347.5079381417,515689.46780274855,0.0123269463012825,99999.99999993463
-35.526112982700695,788568.0281894188,746777.1565690441,254440.63098615964,0.0901052539600058,16049.795026564429,27859.369126166966,1414.702004266648,3337.3614108626884,2413.347176486211,556,1052671.9920431422,111459.9396231306,0.0109486792891073,99999.99999999984
-35.044932989702176,788817.3513150216,711524.7269322837,265571.61430597777,0.0922193955051115,16052.74210345871,27904.698538772496,2713.7266239581,3745.9031854252808,2479.2316882197997,557,2615006.292095518,102864.22924951105,0.0014687019259781,17855.52128186965
-37.857447219885415,790526.9509439205,658525.5606003646,249334.1949841329,0.0948598046324693,16060.70203341915,27800.89628946232,4756.38698836819,3230.613543163396,2257.738294627596,558,851712.2505817644,90000.00003316576,0.009768459508065,99999.9999990605
-35.91722800961628,752827.0432538883,740260.2133368307,237972.6875131008,0.0682722294244555,16473.486151175486,27323.673963684727,419.92055117819376,3721.252735776354,2578.0856264540785,559,1025346.7401948546,424255.4639737009,0.0423687959896293,98484.16801848236
-38.03777753555664,784988.2953550239,734796.672463004,259744.24626065564,0.0791039640975212,16022.832612487467,28082.96508148365,1582.5538223601548,3752.210210321002,2613.031286651539,560,901305.7825529577,507155.3342790175,0.0760935952972257,99999.9693347948
-32.78718548247481,773478.1573841578,756271.7574692947,248628.1651621076,0.0859212410830415,16263.696912691415,27520.519336810263,588.618122031952,3710.4680167768406,2417.773715174837,561,3981173.389313241,98203.87301785988,0.0010354959044288,5919.484956259697
-34.538780824123286,767083.8801269253,738614.3262760337,234852.2356592669,0.0707329143861564,16280.75100353782,27659.02101502252,990.187305535077,3640.672758398492,2499.9123491319046,562,1589178.958132872,256877.61954083212,0.0114486958381463,99999.99999989344
-36.79428822282883,774049.7325595849,726936.3535063679,225270.67568161295,0.0593872841530507,16105.25983307015,28054.15462136618,1630.740102449403,3830.591278519573,2604.6195396740463,563,1241164.0831210087,471702.82536360313,0.0290221837585941,99999.99999919036
-34.18186446554225,797722.483644363,701908.9094256439,248564.0775542701,0.0850720133740545,15890.134456800495,28192.97708784705,3406.0490828716665,3528.8666987436327,2396.027547888046,564,3469047.466873744,90001.25114292503,0.001266628810389,8603.453663048218
-44.453840043233946,778743.8983304626,616891.7418294253,213188.89510645324,0.0844626483630944,16225.231766903722,27549.301249211934,6143.462016280117,3332.0725445002945,1966.419403038304,565,1126185.701974726,90000.87419590323,0.0045557199813603,99999.70406343396
-40.826343328496,779494.4988503413,644046.2946593314,252388.4610233135,0.0712252884571867,16079.006517748508,28038.784763414,4736.8485190294,3739.1183922740825,2557.9254978424483,566,977936.477236127,644046.2946593303,0.0564859873793464,99999.99999999968
-38.72035490288992,746955.4500499269,680293.6253666471,239497.0683971708,0.0690141924080642,16563.632584359024,27173.041781856784,2449.9292214721,3750.268227548204,2521.9495874048503,567,2079516.5035630767,393630.93552386673,0.0075862108451437,99999.6875415125
-36.84315357486759,781797.1410114863,653888.4209330218,256564.03671027976,0.0946119679373966,16178.93967946785,27622.443252800804,4646.159992860425,3321.9846923391865,2321.9122568807647,568,1060135.0780312305,90001.1101931996,0.0066441594878784,99999.78676068988
-34.8307170616034,796471.6037277567,760042.3795430433,272501.100421865,0.0885422978585395,15902.795085948725,28177.41110963909,1230.5720232868755,3668.0664103224417,2608.3724193814205,569,2123944.942063546,108101.94400306745,0.0031139271629095,7924.523119087129
-38.58467842890921,792097.8533892126,683903.3541657198,267495.0553824984,0.0828562058863566,15946.420622223204,28216.10814737119,3910.892139605305,3693.736915120743,2584.4606346681467,570,3963091.316161676,220574.86983883887,0.0015019645349159,99999.9998271724
-36.82898290638152,802040.0295908322,756777.9973045728,215565.44407012203,0.0635642376679712,15716.449504672646,28716.69795573068,1559.9243690467858,3565.056393790256,2434.915078402186,571,2378648.050964959,207129.6931103323,0.0063678070425083,99999.9834636975
-34.654645500824884,751003.6623276995,689035.0205449532,253229.62568553697,0.0907126371453643,16623.33465265431,26865.382728550136,2234.450999476098,3565.483315650572,2363.114834066988,572,3999999.99999916,90000.00056764575,0.0008696799227291,11467.78764290848
-32.84430402309485,769540.3966057565,729068.0587293686,253383.8951071504,0.0886790004786233,16330.920056138715,27392.28056754539,1413.4989550208454,3653.756467187404,2414.5111386295043,573,3999999.9739551535,92230.89996531284,0.00093549721588,5866.390549990967
-38.93645532892768,781472.7599586896,678323.7691003736,241316.4867052946,0.0687088867175726,16029.572591565486,28162.857217792294,3783.324506241944,3850.440457384221,2543.0648658940977,574,3999562.803486933,523321.59886782325,0.002608097896142,99999.99999904045
-38.80789473986662,790348.0469462906,675037.6795596378,322206.2820961277,0.1164288490247436,16074.966176465949,27767.088302888904,3977.469910784044,3246.509523497336,2663.911018726328,575,790348.4473441178,90742.95875615548,0.0108351954488624,99999.99999890188
-35.730764639970474,783895.7821901153,735015.3859496178,238190.1140509203,0.0709029464357274,16007.030417986096,28176.18272642864,1715.1354434462246,3881.7450986100102,2530.5093361252448,576,3999791.174832138,333309.53925133555,0.002431496136003,99999.99999999984
-35.58697479714476,799190.175795785,668222.9092970315,250567.58565440823,0.0858711154267469,15867.449446363162,28234.252802190997,4772.6306814543095,3425.6876871522186,2379.197625664934,577,3781882.9999787128,90000.00000000013,0.0011239987373102,23915.51947146097
-35.53228868729725,788776.0681644694,734942.203113515,239253.97795039837,0.0697559563216281,15936.203082652786,28304.610034774483,1888.225630853385,3776.979379453489,2560.805776086045,578,2685749.350823939,278204.3882692099,0.0046076579077512,99999.99995537136
-40.42304037213805,761800.2264564063,658614.0311085538,211847.43271442183,0.0481449613022293,16244.801435797815,27882.638489121982,3921.042449572174,3795.6310167619463,2623.7058049709804,579,2182174.1127833943,658614.0311084777,0.0105833906187524,99999.99999999968
-37.34906186402173,799801.8457913627,723583.1819572113,219359.8655950769,0.0656625941881673,15763.783525851804,28627.26364949851,2685.1082058690504,3675.073481027839,2421.634924748756,580,1919331.4494672832,267485.872579327,0.0087545129307213,99999.84660746052
-37.61219098497922,801273.9516111559,729976.4206712327,247602.12759754783,0.0724525567391732,15756.093295768003,28599.787021962064,2449.801951104977,3665.636910594149,2593.1584178563,581,1283869.707588709,316445.4495273676,0.0194114385931164,99561.01974360782
-37.91306901873995,734515.0720361565,703310.3696672213,224889.75541932523,0.0594552348255431,16708.10752842592,26943.7569771478,1109.533346615201,3789.159866094321,2575.330958641262,582,1241847.019207767,479418.02064181794,0.0277852364269439,99999.847560442
-33.803017039795094,763543.7287890211,703659.4850938658,246047.5416695869,0.0862269904907299,16420.285596639107,27236.09861179721,2139.363047179137,3522.816233854796,2357.946571516378,583,2283027.0155000524,90957.32263098063,0.0023991241755189,6964.140590266223
-33.60721414770416,756085.5807888067,728813.0149309286,252758.5053231946,0.0882267055477133,16537.31269094144,27017.662504786324,952.0039000820096,3563.149894036919,2413.783293502175,584,1715746.347244413,98578.71924653818,0.0039270020404909,6750.358035181195
-32.86882010768411,773278.7031825051,726839.2106587897,248345.08227304128,0.0866292605876895,16271.354955842866,27510.054145455768,1628.0264272634995,3641.2326335016137,2389.910885002476,585,3999894.134434783,92744.31281502495,0.0009673146380717,7662.482391585999
-43.50940657796972,787022.0365031591,600288.6319718289,238224.5844789092,0.0625053171990233,15923.433878798844,28407.84294562376,7221.63870938937,3563.485331064758,2487.6104684537,586,2666796.66404188,600288.6319718278,0.0059240336838823,99999.99999972824
-34.67037604729042,776969.698836237,753758.0557295335,240506.99851641228,0.071303735216906,16116.921471734946,27978.20889459839,802.6356106354035,3880.8104224078143,2560.478984314166,587,3982378.51740756,299831.68026133254,0.0024446028654004,99999.98618455636
-36.131615373299205,781777.7422610869,665124.6798364182,248022.6929041264,0.0861028293345083,16136.955796784578,27733.23398928034,4249.607100667161,3245.5838510121957,2345.243411079617,588,1540210.2206116556,90000.00004845162,0.0051532846462006,18084.552738066934
-40.3105544138365,808875.8279695255,678443.1618728526,238432.43201680115,0.0665756629576042,15598.601959684009,28971.302681565856,4746.265631518483,3667.736041856545,2549.367291373065,589,3999999.999452029,321837.7090127466,0.0028208732270197,99988.47940289152
-41.44265663448533,813320.9626641239,661475.5649225669,270167.99637817586,0.0804832233796862,15593.354598122807,28862.63431642096,5535.901151120851,3713.280840968897,2603.262544147498,590,3999999.9452878535,339276.3509015236,0.001846750607069,99999.99910645984
-38.30897656963428,754013.9301074741,701114.1709746063,262076.78823259167,0.0749587476305145,16472.128497563677,27332.12536809635,1803.8075664692087,3609.084214452803,2657.2595753967644,591,984327.6207421976,418349.1863755532,0.0464093778017418,99999.9999999954
-43.4843757148866,804710.4397496898,637379.2513160892,192108.12901309849,0.0354914313808762,15522.012918477614,29320.687642128127,6370.017882305827,3691.658187761652,2717.9107730226874,592,2018807.7084902185,637379.2513124661,0.015463184618136,99999.99999998404
-41.130155694839445,775170.3036749506,628827.2947921704,212667.9499664078,0.0502153895845267,16055.148632254482,28217.25375777332,5365.711654423478,3661.50395781539,2538.895298460682,593,1135287.3360925545,628827.2852734078,0.0458750502590467,99999.93133045136
-33.36596072740734,793810.7415556842,761059.8940357855,244457.6473651595,0.083607071882458,15946.883875573316,28092.665969406626,1116.1197986559878,3706.230895603492,2410.303115956425,594,3999999.999989242,97974.27555674144,0.0010639004572231,6290.841725816956
-33.249840956731475,783311.7279056355,757077.1795133285,240617.66847121075,0.0820153924212883,16103.987947118529,27813.223432238094,898.9033345071323,3635.59987452808,2389.147836471234,595,2392404.1931250454,99244.32825554984,0.0025631808347833,4980.361422201026
-33.54177017956867,791179.9505275493,727548.3547854841,246739.25637042944,0.08473789082497,15991.508558684627,28014.986234454187,2221.932548249216,3603.331619960897,2402.2701077201245,596,2642965.2075016247,94171.56922269944,0.0019878609321059,6565.634986069936
-47.27993400742989,819003.6591461655,583027.2379428322,261872.55624870412,0.0793568398650179,15505.863619125032,29012.9924549081,9042.63534837496,3498.645760200864,2432.413583958404,597,3999999.996936068,583027.1980239594,0.0019484229375114,99999.99999999948
-39.79634643875605,778884.6370906199,652441.8729525242,239417.95373858715,0.061049675980148,16038.96710593405,28189.016557669773,4704.170090741765,3781.861878977573,2607.20532510725,598,1746117.8561789112,652441.8729496071,0.0133872846499089,99999.99999990837
-35.35734621159614,805556.0601748322,683733.2351416944,244997.9607112436,0.0835169792889802,15765.867113598397,28412.57582145965,4382.780330098985,3433.4392033285903,2368.1873970008323,599,2572411.9168868256,90280.18833313209,0.0021728692538843,13751.626374943802
-42.6290767692075,710536.9794414295,660034.5402762571,224863.313677417,0.059045754407536,17080.174992935197,26222.72726831116,1587.5384216785374,3763.827086895667,2544.620209914182,601,818916.0208852042,660034.5402762524,0.1412148007440216,99999.99999982592
-43.61742271087316,794449.7763015525,628819.9093496624,189157.4412238396,0.0338366302755501,15677.957411954983,29024.87430609505,6259.622905245277,3647.415624735745,2721.487615775849,602,1395584.5292596784,628819.9093496613,0.0335590414501781,99999.9999999986
-39.66839261182382,802238.8026090094,707574.1409771807,230983.41236316363,0.059804567672751,15676.394469573832,28839.230764854696,3200.9280279813515,3708.6203045677225,2641.0422216352445,603,1064259.4244600646,483322.90429409005,0.0520195986236977,99989.2017208629
-38.86246834222692,739001.8204412521,700746.4205188493,215438.0870056492,0.0633535695055702,16665.075490546787,26962.87311176232,1361.9832899352482,3826.892897988914,2391.3572179643184,604,1234343.3529299544,500370.5999311343,0.0250761757904513,99999.99999996484
-33.26191938425835,773221.1219943591,763016.5601375237,247537.80973248492,0.0846362146287981,16262.083676315387,27525.4340188292,346.79611249736234,3681.037368458348,2426.8618230154125,605,2963892.647300596,100248.5201258854,0.0017928066574544,5365.587426315931
-33.200494702949825,776225.9031610278,713015.7218067042,253865.7295816144,0.088453072497435,16230.22609169644,27582.82664637604,2233.1692822143464,3619.286971114384,2413.204685630709,606,3999996.112965616,90830.0118406641,0.0009167057627803,8576.104367177171
-33.25471000014073,769317.212581377,725642.9986900744,246930.56257963288,0.0856822128118643,16329.931442825986,27400.83453604408,1533.1425066001557,3574.661907657281,2387.063265856588,607,2082387.3090970544,95208.21514130276,0.0028790710578647,5992.6520919632185
-40.18513423009425,788149.9537296289,714879.8621550739,225632.14617866735,0.0693111494181896,15944.010408872988,28218.27669660548,2530.756288937748,3953.0698995360217,2403.025484950328,608,1155473.1161577406,603564.2022455637,0.0281502921387184,99999.99999551366
-42.46277976302757,802158.4840679618,623130.5459511254,227597.5555083952,0.0555712186703849,15654.209575624827,28908.0096577725,6531.696980405595,3639.954934335204,2558.4350206790104,609,1175951.3797979148,623130.5459511243,0.0421318225900146,99999.99999863132
-40.26739670738939,781473.273546984,646652.6828862199,231810.7455310051,0.0638213775336396,16017.547593362204,28199.7000291206,5028.194016171259,3763.354379891682,2494.1119182740395,610,1861242.3210491124,646652.6828862176,0.0110047436946361,99999.99999882656
-43.719871381825,784859.6552905967,600163.0016049405,210137.6819049174,0.0514924188461706,15909.47693063551,28476.215048822916,7076.042386254343,3544.2803453909573,2441.7642765207547,611,1414451.4351245866,600163.0016049395,0.0252306799434107,99999.99999999984
-43.58783219589464,808634.7311252895,619963.8104792525,231375.8290630504,0.0693613974813688,15636.055008487634,28826.276318564385,7160.85723547115,3660.6421053941062,2377.302951896771,612,2941218.512934993,619963.810479192,0.0039595643069437,99999.99999999897
-34.0976629610301,739885.633880103,729346.7499844645,250873.34592475285,0.0887507680728794,16785.138950120898,26562.64901217057,368.6647872540606,3632.200957515951,2393.4617714812803,613,3134898.408008296,94517.0627214246,0.0014547397154538,5402.14710736333
-40.64958044375808,791118.0984570284,645624.4287310045,212740.99527141172,0.049359116078547,15805.843912500892,28673.16882575024,5359.519626959455,3735.8742292027496,2591.6294040864486,614,1288968.4215561976,645624.4287310033,0.0328184918338574,99991.26438008678
-38.26258722068066,732712.1586931852,707014.9879676142,224927.5521843038,0.0549722593620543,16712.78336873286,26971.04583322886,911.394966037688,3777.036134408679,2671.230020532137,615,1226259.3954874866,481258.3983827177,0.0313159626181339,99999.99999996484
-33.1750773907354,766071.1781644274,744516.227661004,252458.34236289552,0.0870096823156278,16379.69932659496,27313.260904896422,742.6858392426551,3609.7164334514096,2439.45991511642,616,2000697.4921075115,98308.92800107184,0.0031878895043978,4672.930086326399
-35.23682292579809,773186.8462647967,673473.148786001,256831.77804143104,0.0906634565853944,16287.746092025642,27460.500767527068,3605.789976945452,3409.607383250551,2384.2741066296253,617,1487297.1713201215,90000.00000015473,0.0043210516281215,19317.690636393163
-33.6206690125467,787245.8739876116,723405.9124427425,246030.41701210983,0.0860808888157278,16053.548484756036,27917.773759486,2236.0402092468985,3646.0561220744767,2373.135215482353,618,3999999.168530294,104817.19570798104,0.0010591549624335,15160.241452366943
-36.698680102989314,790703.6852780337,647418.2817814709,253145.0161880136,0.0874802396500536,16002.360862517982,27992.61292115576,5269.293029429383,3273.4827800301678,2363.1961425046006,619,1904743.5698411888,90000.00000000045,0.0035650416984384,85273.79621942059
-33.962490289209505,781667.3269916814,756494.6387615852,250021.57206223856,0.0830427426283392,16118.093330603466,27829.82754219003,857.3761479967712,3618.455234555791,2472.294699196505,620,1790471.178444503,139438.3797573705,0.0052941752536317,75949.70175258847
-36.180042146287406,740411.7554951392,719493.4575781146,244113.251265972,0.0793962543150333,16726.552279058018,26785.672886447057,728.5382690937024,3500.692465293944,2443.493674491572,621,1169537.757670933,249037.93762925096,0.0183470592933292,99636.5072481022
-36.05505455200808,791420.8041495925,736062.0164152535,237883.44454576235,0.0740934657869364,15932.785219489437,28250.65101954545,1907.2212783498824,3531.1040569865354,2475.013124087708,623,1292839.7651444762,237035.63665026563,0.0158839011258793,99999.99999999984
-34.996781922144564,788228.5319698021,762243.4247928225,252426.95080758937,0.0829625899615244,16014.67112963659,28038.73199963626,872.1472142727619,3564.948951766843,2504.120117416455,624,1303968.0224002,185469.632043331,0.0116707982161753,99999.99999924222
-41.79419362661778,770603.4453573461,650878.0731699539,270380.1810877386,0.0947788777070797,16334.40589193488,27432.24234614376,4389.237355516467,3700.4273357224506,2443.6471643698883,625,1757282.3029601742,246330.5973461884,0.0032123642485282,99999.99999999984
-38.02040224483732,776646.7268822215,686772.9131534878,237026.56306108853,0.0801869864110181,16175.628425946894,27756.09771996754,3239.602073876425,3592.360272783594,2319.74636287796,626,2246814.38433678,206410.17592160316,0.0043438494996437,99999.99999999984
-33.66971888736607,785218.4313597126,713768.1722050722,252126.10556493732,0.0869394950564156,16086.247913425885,27841.317761083767,2515.737173382719,3544.760460092436,2415.285748623476,627,2272432.234993301,93091.20978743954,0.0025139991854761,7355.2542861558195
-33.04563017367148,764437.9130187716,721197.1744209701,252676.9419953508,0.089428775634272,16413.121633974137,27246.29504938018,1519.530055202023,3648.7739959038554,2394.758049763557,628,3999999.999997455,92368.73356441269,0.0009132198093517,7228.671431872925
-37.32655763080086,803586.5826148863,733894.0234518121,217048.077213428,0.065345795685818,15699.033731440964,28740.74753526029,2455.460946295177,3767.343836023893,2405.692098035581,629,3999997.424530836,268840.6995368189,0.0024913749208719,99999.99999999984
-47.62008175417115,799036.4726023737,591744.1940924912,332678.8520371713,0.1042300049685532,15860.47954811706,28307.322550683748,7714.46389800874,3541.5082695594706,2674.573235928181,630,3999999.590702776,591744.1940912256,0.0012548035119198,70638.58554349803
-41.50339765082592,835303.809577814,634156.0090918263,238145.8843518207,0.0850146537611356,15329.292529145803,29109.51727895197,7361.282995629488,3138.915723966675,2240.360870711753,631,1227415.109358268,90006.60504573114,0.007206283196615,99999.9999910916
-40.58555798704457,830995.0541939699,628311.2416982017,233218.70597899525,0.080851706550939,15371.841538114117,29080.231431155426,7531.647204984818,3213.719031622111,2235.713249787989,632,2092333.2347114843,90018.54023548386,0.0031727047731857,99999.74145189862
-39.10666482492719,774812.3298883945,670216.1873999519,228029.58379872705,0.0591733982521168,16093.811796209146,28092.62718958465,3895.0424736263753,3840.5108036044576,2569.5552336399123,633,2645197.27171806,624954.0446155224,0.0062668676801213,99999.99999999984
-33.93083598890256,774210.0452513021,727948.4041400478,253875.2537969609,0.0891454065780691,16267.889605456272,27492.670257602207,1607.3270946908997,3513.983257848565,2413.164439979161,634,1339075.0815525474,98804.06176479124,0.0057396591116369,6686.355802991454
-37.01514870492203,798445.9720514439,710214.1724238809,230728.17723162047,0.0733467233844792,15836.6903805053,28405.783600590174,3157.766357891956,3638.467802039427,2395.375340702575,635,2952600.0527877286,170799.9935682702,0.0026117994741002,99999.99999999984
-36.99079874700419,799762.2349837676,708290.9929519953,246826.25182803292,0.080290531852011,15827.907211885426,28378.48474521513,3222.6387900659274,3493.7650076046034,2450.965122246105,636,1524906.508843404,176125.53101126166,0.0084602797755791,99999.9999056188
-38.61838862355184,784175.0681182503,688560.2033665698,236740.34514991724,0.0763933339204672,16069.346314958771,27980.83145008541,3428.291696735356,3350.0065703969626,2394.134568353737,637,1183519.0641526163,193942.0820835987,0.0152858776117509,99999.99999999984
-34.23742740822605,740458.6612125941,723149.481769983,242019.4625524025,0.0852910781799654,16770.072599406554,26591.27511332205,611.0625159442279,3570.4587680045024,2340.3071204323464,638,2257943.940468495,96110.07506427528,0.0025813672300393,6357.466246400847
-33.038981914892375,772411.0409726643,734826.9344434771,249537.8057829333,0.0858524889403514,16279.557423820985,27494.54001243704,1308.173343030165,3602.494704276968,2416.254647270976,639,2285330.99994413,96534.47650495888,0.0025514746133564,6053.877607802334
-40.97483131626736,763208.6349605625,643111.1460965652,250904.84569786864,0.0736910724982171,16336.348943547411,27565.30869707556,4491.9943497028,3758.252090210741,2508.4399290564093,640,2063787.4288547172,632493.19304173,0.0072384015890841,99999.99999999984
-37.69365248752058,804898.8415750444,734506.6298831991,222688.6105969794,0.0645676200217383,15677.718805680512,28765.100253173543,2435.536909682536,3579.2873572504923,2479.186703810856,641,1407424.3945728592,279138.4848788924,0.0171764502212536,99999.9999697881
-37.79501776543845,776894.6788262025,629016.0942731905,245393.99480146717,0.0874626482327984,16217.54713473677,27618.41157024717,5534.830293298098,3296.662185799096,2273.3706010051183,642,3644963.475895457,90000.00000000045,0.0011663372352145,99999.99999047715
-35.14310648392002,749479.7134545912,688212.0780246,269717.7307172765,0.0979147695097953,16658.260830789863,26789.889656629977,2189.2779624274626,3609.3385357245807,2434.227788919369,643,3999984.39662756,90000.00000000013,0.0007780792063498,11467.416133382296
-44.55440862504372,771183.0012990655,701856.9951507456,350749.0994299501,0.1255140441964436,16368.506425448946,27268.5925814527,2369.748862442176,4027.610203184509,2819.603857303092,644,966739.3002391284,215206.42943637585,9.322307754484531e-06,100.00004418609107
-36.1130837153716,786069.6220983702,713006.1349178752,244630.01397497,0.0758739807985429,16016.295283980684,28100.91672056209,2585.415145784751,3562.75788051072,2498.222602894439,645,1689785.1813571132,209171.60446780123,0.0082895679616841,99999.99999978526
-46.38614252759778,847981.2967413871,646031.1969540026,248928.15947333616,0.073061503735766,15051.280918232544,29793.079437611,7426.634634583077,3473.2357278506884,2507.3210665413885,646,2921880.627745178,215705.95351355508,0.0031739248073925,99999.99999999984
-38.1563389443988,793409.7801872216,693317.6412119744,225818.4695913977,0.0654406686072052,15858.2617984639,28459.61249435086,3620.180285501439,3524.2775608408,2462.7364035808155,647,1928914.397597537,245027.91522841784,0.0085549208553921,99999.99999999984
-44.71277010077952,801686.5289465359,725580.8602741231,409926.44610171847,0.1358391190848005,15866.575218056983,28194.639608904312,2470.2163105785203,3697.205843925684,3110.0035181365,648,1249887.52597725,90001.8574633031,0.0040481275575519,9803.107936450222
-33.14241072148461,756857.8869229861,732458.256056478,242324.0909639081,0.0839700264776499,16517.0922559285,27067.61708401793,856.0383519834088,3622.388199147241,2367.05392570647,649,2739733.4946366344,96121.9059877062,0.0018838682588576,7366.180007538648
-32.84625301965834,774392.4367442032,734813.7920100095,246275.54719244505,0.0852284893360287,16249.807950718614,27552.49307051331,1379.795033653824,3634.439678069068,2392.6122620214555,650,3094951.3750831326,94896.8268953614,0.0015419373260105,6501.64690465591
-46.49641401531849,792177.7779733763,577221.541201133,207181.2770029464,0.0518006889742078,15803.032848854313,28660.72393430884,7622.698029320651,3401.401704296657,2370.975986422031,651,977029.8414745332,577221.5354540588,0.0887258651445464,99999.98509873229
-34.71856390635738,778772.4386758053,717633.4873146531,264391.48508489016,0.0931563161162164,16212.58509447734,27587.64888961363,2138.002482169549,3683.8478163273294,2460.7620866525053,652,1513527.3820264668,94603.14254146304,0.0033261530439091,4691.943863815854
-36.31148034638416,820134.1057595058,711745.6575021143,235504.83358876803,0.0791173528764777,15526.257592435995,28839.420629101554,3822.547746019285,3463.208000895848,2352.6903915451107,653,2688962.0493887374,95580.5038701862,0.0023256530678427,11183.609247568604
-33.90353158574456,786532.5544864931,695942.2250220934,248480.5744632409,0.0866139714129037,16066.12314177457,27874.26245992309,3240.905518594707,3526.3932453769826,2372.4517186263406,654,3573747.8651186144,90000.00000003116,0.0011761284636697,10295.339585108146
-36.08979798241538,773515.1242152175,717502.4058535247,260158.0718684481,0.0775870822424516,16196.21357734212,27804.602235255035,1979.356383710926,3736.977408625768,2619.214780904556,655,2145959.6575048743,271969.729829762,0.0059068949421353,99999.99999999984
-39.50319127459513,792051.0889695968,691766.9130490837,237145.94011938432,0.0657358075019804,15860.779565010112,28514.90755934556,3639.477169025852,3557.11733561711,2567.378718610892,656,3350801.0366435726,248629.49012996745,0.0037702287918017,99999.99999999984
-40.022601965893045,816510.0788842898,684254.4490612458,266887.9285700027,0.0838680459716457,15561.54740378229,28891.763380969787,4718.298876934759,3694.379051820942,2563.690858846466,657,3999999.9999999134,246102.62242265852,0.0017295982657879,99999.99857702167
-36.256779378983566,787138.1051031862,725402.147299259,231377.67453716285,0.0656456420083599,15941.844533437126,28314.355891579988,2165.9582957313223,3683.5100435988143,2545.2278941908894,658,1603572.2843227708,311958.1352279397,0.0133791004449145,99999.99999999737
-36.23768957315738,775452.6957259064,709432.4234795264,238259.7376502469,0.0725812886270821,16152.65214542969,27896.75309652963,2362.881595504179,3751.295487607116,2483.3646611524127,659,2969350.587396271,286621.415835556,0.0036379121101851,99999.99999998244
-33.023896343751346,770987.2943521793,757110.392775061,246665.73376358877,0.0842000194824341,16295.892943968358,27468.06193432834,474.802251292896,3669.377498156115,2421.017009451716,660,2778699.2452889904,100954.16967586604,0.0019772298591192,5510.319197657387
-34.27227668713672,759861.5368373973,744511.1432286181,238667.87723347667,0.074792379180725,16414.242196716794,27377.773317851075,529.6982847017628,3593.0381709607145,2475.745062959676,661,1496546.7117189383,222775.6048103677,0.0111828544159257,99999.99999998476
-32.936989229660014,768267.0759434123,723648.7370026755,247693.06233549028,0.0869336116774254,16349.818830197448,27365.02451972063,1569.2886819895523,3639.138638601284,2377.8331518161344,662,3902379.93477186,92275.12379647345,0.0009816890834153,6955.523887392854
-34.80614186239502,800714.8709665146,688219.6165275289,261502.23710511808,0.0895063215112335,15850.75504625412,28251.055536931504,4012.67184351912,3525.9011217526577,2449.9161237774674,663,3999999.9999998,90000.12968043315,0.0009260361516009,10769.291785744925
-41.08558847054224,751879.8731021783,652663.4082928953,245762.471970698,0.0567980387598461,16422.473402013045,27529.16469304489,3737.455423426526,3778.983114377516,2717.597086588225,664,1969760.707601824,652629.1064417276,0.0116870413684861,99999.99999999984
-37.965731502749634,800231.6070535386,739607.6447206162,235619.9778435328,0.0661632543693724,15733.478297645874,28667.03153837519,2072.1794620271608,3847.110881501733,2590.5553862035326,665,1344636.374649626,422772.6889682416,0.02108949109941,99911.194635001
-41.47786181260111,774691.7787564166,625564.2175679805,242965.80989365556,0.0647015962152629,16123.00064209958,28014.258616674528,5599.060744538938,3673.0215576288215,2539.2068193735768,666,1456300.6265237448,625564.2171373118,0.0181308763002775,99999.99999976093
-38.1015597728514,779313.0777426519,712044.0427475945,277188.05971539783,0.0762683942681096,16087.704419911544,28044.610106734584,2385.286614258926,3756.19136363334,2769.0479524558004,667,2239948.147788068,305655.18992631364,0.0061008000825549,99999.9936649886
-42.23634086001445,761872.6784811207,654600.740858816,304999.5524676588,0.1014053428195891,16456.173264096793,27226.961463148586,3908.872385647367,3757.098647681196,2642.1173028614694,668,3999999.999996034,308367.4389783692,0.0008990680065859,99999.99999999984
-36.572277764052366,769111.5958579234,725147.5173975731,244776.62567012565,0.0712792616833566,16244.761664772725,27737.106978348453,1495.2645567617883,3646.7808666382207,2582.829191162485,669,1038033.5868010544,384681.9600939197,0.0370962726415198,99979.50791821384
-41.60443459987567,786087.284719255,641142.2868174425,266694.2169915577,0.0802921730265557,16014.705081518252,28122.19206996611,5350.344689922353,3548.602618763975,2550.699262810488,670,1662607.889816125,311643.9318083526,0.0088765532444897,99999.99829385352
-33.59651404504437,768073.4250926761,701446.2426954174,249486.35836556688,0.0872035902617274,16350.8906418609,27366.89529303081,2381.91459758114,3550.677466347259,2377.349009642725,671,3999999.999847048,90000.0000483525,0.0009634933381234,9313.383837161526
-32.85606996626087,768513.8800700253,748533.0513258649,238936.908063647,0.0833206421639641,16337.692071708365,27391.690186703378,690.7018525031052,3663.912579333493,2349.5440327599576,672,3167522.3358540195,96873.88179351763,0.0015341228326815,5280.07974029013
-39.58226155448397,790886.1925134257,665446.4798065794,222355.52916568,0.0540607901232678,15828.310370764875,28595.70535863102,4626.53881686036,3824.352962907341,2606.5866076832103,673,1644783.1858937915,665446.4798065781,0.0168746884159938,99999.99999999718
-39.90129510997276,772744.9608982194,654391.3571301082,225670.6334766677,0.0504342416417203,16088.242680933256,28171.98842507229,4006.7862549336096,3750.327332718208,2699.0292362667965,674,962726.3270904412,654391.3568164839,0.0906643106757068,94964.30505458494
-39.67832092762208,788191.6400311438,717186.5983455302,246300.31646315052,0.0714929362021221,15951.628868231195,28222.44842570537,2395.777234769014,4019.106624284534,2585.212350199989,675,1023941.6516252157,717186.5983455289,0.0438369551091028,100.00000391131468
-37.35202364052821,787863.0067140158,735371.0533721126,239111.6546980773,0.0659718945096333,15911.07970613115,28372.800663810027,1848.1221596357736,4001.248615241677,2621.6785300274423,676,3975340.986230559,490900.0576271272,0.0028283855871318,99921.4023629794
-56.26565469006901,793512.4909326815,562286.2569732583,154430.22927697017,0.0121510633219202,15570.509587343517,29473.303768001315,9124.23539031303,3292.329044868042,2948.4043120897686,677,1424704.0900576846,541098.4837007078,0.0435139222144535,99999.99999999984
-41.12077887453676,809207.8370762893,665521.2089341485,230045.1903375349,0.0560747649937608,15559.603299435394,29036.563437150555,5178.885743820604,3818.715775220876,2635.613654633461,678,1249920.292377006,665521.2089341461,0.0316639495649582,99999.99957827816
-35.01049755134365,757929.0725184473,740506.3589876549,249666.37248073568,0.0912389093254021,16530.44841537723,26985.358642830677,595.4590965946544,3371.756909508373,2349.054439885935,679,997965.4757910616,106769.10015084872,0.0103993381516771,33166.25782412496
-39.64299382404627,733965.8032562527,679102.671227141,222876.26908938988,0.0617100155974005,16731.78884092132,26873.74435323471,1953.8607975429263,3752.0030189786967,2486.032042296406,680,1074628.6176677,530629.562934975,0.0398574057714852,99974.14767560374
-37.56177186544461,780172.8605428841,737219.3431404615,235459.98461733837,0.0643206754204188,16038.235084712784,28140.858590014657,1294.335926775451,3782.626574897848,2626.924096987809,681,888502.4964722196,574639.2822217662,0.116903478073821,99999.9997928452
-33.25673340042829,763920.8270221658,715116.7486340363,258272.8319797433,0.090844594281857,16422.94800535538,27231.266140809428,1720.172064125621,3639.339339910991,2427.3229286493097,682,3999993.032367228,91331.86746805026,0.0008942398808781,8560.99192356825
-33.77626386634319,766192.8759780432,704529.3926704136,269120.55086296814,0.0950162691887955,16395.236348103397,27273.91314813116,2178.297200466392,3639.252894214725,2471.3383802318863,683,3999999.700307821,90000.00028354388,0.0008154795196211,8345.266558730003
-35.13483249224076,755093.3770012175,726667.0343856852,225518.8112674945,0.0836446141342462,16550.936513950193,26963.509293104245,997.2437106070296,3481.962995273974,2171.2011737546604,684,1505044.0416877896,97637.04042595708,0.0051226973698567,6175.761392878632
-41.5168614599138,787066.060888742,640193.0030190934,208241.49207681013,0.0546398648872514,15906.014094776843,28413.97287334406,5025.844819468392,3704.950989874958,2429.3681154050946,685,949561.4106440664,640193.0030190912,0.0870656668027439,2148.4971645973847
-37.917885471751376,770060.5094512213,699587.5672926371,235912.1329176181,0.0651729181759022,16192.75838985242,27865.502920189803,2379.939146931995,3724.271277922094,2575.4774365512258,686,981630.7400651732,512441.9397006565,0.0597830310475211,99999.99999999984
-34.40972037516758,787462.182599824,721052.5059989765,268609.6680976156,0.0917634389579954,16062.376447591452,27864.05714772424,2307.3357208339776,3537.550500062772,2512.5185353906927,687,1503890.2347184091,95722.72281041674,0.0045663026400497,6515.636435640149
-39.55032890244433,775071.9701270763,648418.6171419472,229205.7608381556,0.0579819218537455,16093.739591725836,28092.95626639512,3892.382944397225,3734.150089098111,2588.452148224136,688,869821.9112448657,648418.5241545538,0.152289681994172,1473.0114218446622
-38.85911317442261,815275.5762408361,716193.8129217548,245403.52307548936,0.071623836255832,15536.012845003805,29012.60865245959,3503.2407242210165,3882.54067877826,2579.7373624763127,689,3999999.8934732014,348298.5607854508,0.0022427419184078,99999.99961266117
-73.23887828055835,761409.2219310979,708386.869200424,539716.7147614112,0.0833013981288325,16157.900515659856,28219.491021584006,1623.6786549877668,3943.700638655166,3778.976463714327,690,994031.4840574312,708386.8691954874,0.098657403480439,99999.99999999824
-38.40408982333463,779788.9945148292,698578.7501881253,232958.48507487128,0.0620767676718656,16031.316460890366,28159.906847785227,2780.591109741413,3858.7667331075527,2596.8841028513825,691,1041502.8050974788,600646.0048211964,0.0506355169321539,99999.99999999984
-39.28364511728505,718249.7682634054,694188.600415565,255069.85772167577,0.0914583503401342,17113.60244289863,26002.64930112918,862.0200236515124,3651.6253234440255,2376.380062620645,692,3999999.999999999,141341.21462546944,0.0011422809404676,99999.99999984424
