ll,T_NDH,T_ND,T_LY,N_A,N_ND,N_Afr,N_Yor,N_Los,N_Nea,N_Den,p_N_Los
-284.80038145444854,752227.9922214438,655561.963638224,72950.846037398,16957.31825379532,5763.322929533832,27031.91027859197,50794.39121183101,2403.1179781074547,3027.8948780152205,2914.896991694608,0.0324777672907628
-322.60171412019577,774231.0871433057,687497.9326735921,75577.30997931144,16674.93769796517,5004.332154256343,27384.24790855491,32759.823274790397,2815.8606898335024,2990.360020299803,3013.827312298917,0.027430336521873
-265.3433169492262,758642.1927193666,684925.0733473001,54471.4663512728,16605.120120484386,4556.206869634198,28407.65668128718,32337.79363754456,1879.602470125872,3191.638549320357,2892.588829824068,0.0296206574092348
-522.4228576091817,754054.2285738608,672255.8746068152,60800.49854324928,16693.389412427594,4956.449010045989,28471.9842586258,41592.41981702782,1883.055541263993,2994.87070525958,2939.776837234728,0.0257098744471222
-365.3516723749841,800615.530573011,573637.1123262707,61029.54716729146,15944.075415471703,13405.66756172614,29084.0022593707,45616.30419986,1975.4728238845,2668.285960031916,2632.990410847242,0.027162666433598
-524.4536060508624,787294.386481475,672078.6436449479,93498.40589833797,16305.012924979732,6980.716209177112,26618.599986311918,86082.64774641048,3199.7547232353186,2894.6118884498287,2966.7889411216283,0.0253298056746722
-331.3739010164445,784356.6739715441,648044.9556626978,90530.09137272832,16222.865445603256,8715.175078265234,26541.25445074937,40021.23833849594,2993.428884765596,2965.4110820972446,2843.011518892137,0.0219085683557056
-349.17727818928364,757480.358061353,663768.5015779538,63555.89294047926,16500.75440463874,6139.626174555714,28455.40561375968,27523.14530999863,2068.7352101143524,2947.435099519768,2918.9442247174857,0.0122955290279627
-180.5577328236968,792551.2717464868,628877.5305488895,63368.27241677656,16015.158219242425,9922.61950822509,29686.679396442392,24242.66685952663,2133.7541660225247,3017.3554962066005,2873.420378280307,0.0236657257697584
-328.52486258677504,800811.4883681415,716368.0136022446,53200.61010667462,16039.840602928296,4787.962883277492,29462.884166846678,29737.437783686837,1647.6237003002614,3049.386650995794,2999.3319929780114,0.0304321843129676
-284.2361164370607,803985.9237227318,615232.6623585032,73714.7888116157,15899.45712206806,11173.267695018832,28775.780920866684,30723.933066658465,2386.208013127392,2876.251900749175,2745.939773809784,0.0265617186304196
-313.7974511684937,852041.314141335,582556.3672231942,56707.46085907524,15130.58746680393,15420.336546892033,30429.08364294802,44022.35501436883,1973.2166140786524,2824.3880988881765,2731.6012137748207,0.0230933741499193
-356.2702473032441,792177.9341863961,570704.4342348868,63714.24640459319,16378.681517573874,13228.574822597218,29141.015812593152,34017.938805081394,1896.005278975824,2707.6972085447774,2688.38182911927,0.0306285853493534
-275.0394534418781,765692.0174390387,678366.3243004556,59294.09540331776,16636.770760110587,5397.340758616969,28691.14622738632,26497.978599447782,1871.1906156452724,3015.3575078391696,2916.748349125926,0.0142864767287088
-199.28796847061164,815502.7703479379,669611.9319433221,79345.91619413768,15986.687176486414,8316.97153811469,29085.598218750063,34255.25747839188,2604.633776095084,2935.159463439674,2873.442773379243,0.0178134290614705
-323.22919263717904,755001.2155559795,616956.2669684441,50000.000000121065,16581.183895078462,8507.36609853176,28573.0137435424,42291.45313455175,1592.1600008757332,2794.453905408746,2837.596588861395,0.0196785886060563
-340.48087596526614,793465.0458254933,605186.8165324229,70316.27850083783,16161.779487730731,11067.146077340763,28647.77517917228,64807.62039577484,2401.610999735498,2757.6504229101715,2775.684888283869,0.0370333634896116
-351.75354684254063,794164.9947750152,662267.4433794771,50000.0000001518,16026.73421304384,7926.400191402653,29675.570567429324,48046.71833662806,1592.2699601537752,2921.907995557956,2938.1227912022364,0.0235029307893546
-608.484448295721,782682.5739556015,661819.9244972079,50000.00424979777,15987.802992654484,7513.919170032422,30268.16123164345,37472.321928558566,1509.2372332867917,3030.61279050841,2923.4893144344096,0.0251874165439392
-368.1694778946815,799978.7258088979,629954.2002295725,70955.3739178665,16143.23968263378,10517.598943243322,28677.48466924916,38526.93336207022,2332.5208196649933,2835.997897683677,2756.4777089957647,0.029111092277151
-344.08761679148114,794070.1864364635,613018.9828810649,56059.30884369217,16046.0874348269,10702.979580807258,29921.853118584702,40198.10770474013,1894.9959173783925,2794.070073052881,2754.7583212201544,0.0239002835755963
-424.3522979130501,783350.2162969834,692718.4140206664,63361.21870223166,16218.836531780446,5124.6103416244105,29379.833610010926,28361.002722629444,2152.493439247972,3054.503322986073,2982.2080597347235,0.0235683481083451
-290.6930740298649,777893.3281529453,591830.5618849816,57407.93279142117,16395.194839598957,11502.39112337434,28255.089369334677,53435.38352288509,1942.6704702802992,2780.5648481710127,2724.0273858292912,0.0387526601858272
-252.75190939091584,782024.7217567345,690165.6506080297,54348.164965349584,16216.45997163447,5752.075728865785,29549.49160015584,31667.128999677523,1746.522270058106,3072.220509773277,2951.8167473016406,0.0227336674102133
-362.06236483333134,780499.4812814917,674078.258448048,64488.73395803727,16346.614611286888,6378.919014771726,29057.39320843322,31686.321640886683,2182.693275515457,2907.5660453540945,2950.675205048936,0.0309065063137669
-525.0172089282871,748768.9496106352,608350.6389649143,61820.87269945116,16880.975177846285,8267.029493065009,28260.515648270088,63651.17891137521,2188.757079132749,2817.8355646029127,2859.696119685116,0.0205804254498174
-189.78815977662663,795941.5751266506,591714.0526983793,50647.780239322514,15993.70862441344,12954.542136939048,29399.232292448218,35398.55759986523,1638.7309497441015,2795.8150680468743,2755.9439579614173,0.0288807396126248
-286.1935509696791,785382.4764802599,685866.2959967168,50000.000000092106,16216.208850561496,5997.431344038072,29982.862460245546,24336.186901888632,1575.7138150800365,2914.403766240089,2996.511906170765,0.036754519466606
-413.1030566555448,756112.3124272556,685973.7989036393,72274.97620492803,16704.191841462853,4126.600616962378,27737.009123292715,62619.71257254106,2272.2879143601645,3033.725699721759,2938.5081527321704,0.0219382458232435
-398.8102158634748,808948.3029621849,624141.373958389,70058.39449125878,16070.020934696038,10970.394983923396,28733.27233784117,56507.50787635174,2465.615654517388,2989.6588999278183,2854.775002954804,0.0242266306507135
-227.6148554509008,787132.619627365,684319.0297535871,68349.76008625788,16158.710427001051,5827.868913150135,28962.075043169032,38746.08705837194,2239.928988397396,3084.28508966816,2974.114914817887,0.0239384484548023
-232.8008640408713,788688.0621899093,637632.8196174173,61082.81161348012,16399.17375139427,9308.336216445408,28124.39823876714,92552.29244144482,2086.9336217800733,2740.445059678372,2948.77678333868,0.021546275543351
-546.5335101732733,799079.7675161946,551613.9769500977,81652.68962724847,16036.552259358772,15322.766180589888,28407.384025373794,54466.62721754886,2931.797004963116,2760.0277766779814,2672.240579828908,0.0310133986618418
-219.86863642997875,778819.2702679427,606222.9767728004,50861.50123118686,16284.831122554737,10941.645483497876,29633.400995399028,29425.54855036272,1560.1919791071025,2813.9555210999474,2811.0904517230765,0.0164135955721185
-382.9033450517018,797533.7313683638,623357.9123897153,57119.10156277796,16005.96184909393,10295.137388716405,28796.9787011678,96814.6679241171,1985.2685687199703,2967.430654905132,2835.139413462606,0.0280136580388339
-174.85676202811305,788808.6927727738,621512.6934318346,64799.71946381687,16128.935808929396,10665.783087495864,29545.23620962813,33087.00124353229,2041.543480186752,2890.6298109899194,2758.707891650201,0.0225278767128207
-329.8771315789994,764326.1780177237,662513.7117086833,50000.00000044357,16572.267902272084,6137.634159516785,30137.637109041996,31284.354729016588,1401.889287825223,2965.385345334481,2931.4731859019566,0.0319440112074789
-427.0291515717008,808580.3860242886,611499.598939345,52671.97460361751,16007.931140003127,11541.595984884112,29497.23727157789,24480.55505427177,1719.6962518734638,2929.120628262894,2784.072936155506,0.0229293081458609
-277.86526384072886,809743.3085731375,642172.1039651039,58239.65356549832,15831.601302489456,9882.812048738468,29471.39380059555,47234.66948498469,1862.808200326452,3007.478320660622,2845.716806869495,0.0331667743009255
-484.12457079288265,803125.8058715928,620645.2296979183,80981.05032971353,15949.692575724448,10669.457743069475,28695.83018271583,56050.09046260975,2853.935649238421,2896.3978567197414,2756.352469686876,0.0229351108503126
-330.1180417030819,813175.5276225804,582289.9318962026,60368.41874444297,15822.526908320233,13624.411294750278,29777.22778963574,70665.88329324493,1861.0179779413777,2797.853042045152,2713.100839829061,0.0308618915486067
-326.8110364682718,777475.5094052767,687631.2237382784,50000.0510433899,16429.212615821365,5114.251646227956,29167.41457449558,48967.66049271859,1556.1528521364714,3023.874965798818,3003.770337457839,0.0306833634002156
-366.197959204075,816487.3098823036,619211.4561926246,84727.3565305818,15905.554597999431,11376.235280200672,28249.30519374545,51773.88568992812,2904.5069002273613,2834.3092750253218,2832.4815632005675,0.0225268709264853
-331.99902193190826,821803.910782832,646579.7867288955,71954.52566287048,15693.405292670142,10295.469820635864,29009.02372328548,50564.81303840358,2501.64603634419,3058.549761285179,2888.723093218253,0.0228027169200231
-295.50924661020343,789007.1941946051,650302.6045788621,84304.1252111797,16218.677914863812,8867.869887254128,28820.31202407965,49105.58073520442,2874.4017976200607,2906.419140137877,2887.237043580469,0.0255725857202243
-317.59118186130627,771723.133071405,700306.594731601,75972.57459903421,16407.920987268473,4214.4794907521655,28301.437883326096,41131.85927718788,2679.1732055785187,3037.0875305202203,2983.911040157785,0.020900123096494
-432.12455655834685,718921.0634994893,636184.465482059,57827.46394764876,17342.26303536813,5160.689865407247,27492.16820694524,27383.933486508708,2031.1122137839784,2857.810325502092,2787.2483081673045,0.0170398815211141
-332.4323388674904,789863.8963622416,639858.6813080775,68500.04517690421,16273.488806612886,8926.508938292745,28856.257079851268,28992.23402975442,2447.264908150109,2942.5318003608013,2878.38189902068,0.0177462601035185
-328.6297678931112,796858.1189318873,632844.9382009647,62437.73404073231,15900.60108615666,9445.73052697832,30079.115407772835,18779.102650356253,1966.098464664488,2949.7698995855626,2790.273984264611,0.0236273811950203
-218.139921719393,773391.848324048,616189.6054160408,50048.16725535591,16451.59019037885,9560.550993403158,29183.18513945884,999999.9999999622,1716.7827907946032,2910.135261409435,2820.22277284162,0.025168433983074
-408.9669786438944,786114.0745552036,603176.5550336445,61424.43497512696,16406.932287694395,10816.968963640624,29134.10595134964,43352.02186455207,1962.4119918490248,2802.5366363464505,2699.8605910546203,0.0242523925842623
-381.9670546845027,789156.3182792027,691649.0029644,62946.73472883384,16248.21456103797,5247.294577326213,29274.30882788217,51220.07733099828,2146.4556182553656,2906.1841214485225,2906.5510836233816,0.0314161483088139
-649.5318421520885,775127.4414363317,580030.2459455247,55346.37885661677,16216.9584506898,11707.770192760428,29726.827063194163,56651.29938845921,1746.567047129306,2757.042403119341,2662.073957321131,0.0361567754676689
-282.2434648141381,769951.4874047077,619443.1545053573,65182.20777792215,16780.26810767403,9286.563982957692,28814.244836402308,58480.16760533853,2136.398685823319,2885.225514791243,2831.125406846926,0.0240352862387883
-478.7590026268138,820635.5789170301,670674.5586731883,52352.24049391873,15635.41589205615,8287.912959954407,31507.92698198643,34970.0099644943,1697.8293284557974,2971.689163764564,2895.7212691616924,0.0258852669514596
-288.2684601390701,799385.9914613455,615542.1752439307,68716.55005007307,15788.728906892602,12393.420873643448,29011.950319143973,51100.21440869872,2391.690659109186,2966.131124418697,2751.712332813452,0.0241744710226144
-437.5880084881605,783635.8664523775,676573.9946916623,92706.85418586188,16302.292092072514,6732.321699556918,27002.95646621549,58334.95516505269,3091.0638391066877,3054.33059304632,2971.930425579641,0.0250218833255853
-362.5180654844023,804673.9720376784,642801.7215079796,60453.172418738126,15867.495737250174,8939.814652828523,29966.80956143947,33811.60966784992,1882.7832013127731,2960.533660542699,2859.452826277515,0.0386015836303475
-436.786300442152,780358.1559793885,685521.1553503098,58688.88151999387,16370.620485055657,5288.262809354321,28878.533239923097,65270.75907943132,2050.872474988877,3039.689567925607,2954.1044792790462,0.0267477832352456
-339.72919927579414,752775.3314431293,662749.9606834967,56021.824446432656,16742.059599883516,5180.92939767804,28605.391434253463,36341.92449291657,1970.1876316955413,3095.524036905935,2976.091073135838,0.0247064381927672
-246.6113442412536,780417.5161177819,618854.8227518225,69140.28106052573,16328.194255368418,10374.792836849409,29219.26279628924,29039.930557563264,2513.3388384887776,2841.6794271563363,2805.93170382219,0.0248201318900416
-381.90350700199656,780581.2781550696,550912.437045894,72598.92653659044,16608.547651828154,13770.2531545057,29172.162934495296,20554.918313907023,2266.125640786486,2718.821608924832,2697.638453783356,0.0384051395214896
-323.1227597789096,788704.7316011247,692992.973080715,50861.30282453718,16301.066098588752,5416.180767533096,29060.477432904663,28660.016936196094,1608.6966018596663,3102.566110106754,2972.4571624923283,0.02603479037788
-275.990844679579,830877.2597121886,673200.5923662664,65264.62045285818,15545.626504506688,9172.019570130416,29379.57323025522,31794.416074324305,2125.424789291566,3058.348789866169,2974.4735001815475,0.0334698427159529
-340.77852964791987,815846.6973413958,580007.6015239197,50705.92788835101,15709.821605337183,14420.572167093876,30302.267488525693,46524.734214803,1591.6521600916524,2684.2737496544823,2710.278405450659,0.0179193399990258
-267.87229210339933,772365.6199414831,706855.2867972096,62876.62843119142,16595.302683729777,3929.7081791009687,27955.86900606368,56688.23741531782,2231.7250347006016,3141.1647959362285,3044.8677240553925,0.0291788031365845
-345.8849280884709,758994.0244246877,670238.3335084352,68488.09681209097,16561.109609473,5326.6257124682215,28609.358232037324,47898.05364778484,2378.991661760936,2964.0698846803566,2928.269061511625,0.0224523839079566
-203.09188363566204,803633.2129652885,586459.7852486339,56155.042652776414,15988.24364939207,13278.639205997204,29310.10395637169,32437.066549327275,1848.518119761828,2790.0505280709185,2761.5599903774023,0.0204667172403569
-353.7299161494799,821389.3225128797,568686.0822647434,69472.68981207946,15523.62836909772,15402.018775105793,29401.986090645023,46282.98777264146,2623.55055953632,2772.184156240796,2727.900612837688,0.0282339391419862
-459.73244070442144,815062.0842605804,655809.2877599326,62315.30858257035,15720.868433584224,10097.42851809992,29477.65166072041,41448.68222647758,2361.168648957801,3052.6165938769523,2882.607952684107,0.0265810356791252
-217.93190566942167,790030.330913356,631343.897967862,60163.753194541976,16414.071215900593,10369.814038709805,29019.080436758923,30596.78916153362,2046.6544624595324,2973.9225551579334,2791.638904382932,0.0192502682137576
-429.5629040375189,788155.633313769,672434.5969961758,50681.15646722997,16331.969269625655,7133.243156249613,29830.43588505391,21932.21006014733,1474.9057727494398,2938.8359192464027,2937.667816154271,0.02330094418201
-484.43693678125567,794294.079384246,704601.280354659,56558.57790936805,15830.404078651156,5192.19817994629,29269.64720359601,45726.34600581618,1750.3334875084831,3072.92229334498,2956.3307810500496,0.0254160500948595
-338.1991154142821,816247.0225770961,625716.1512035262,107330.77204155448,15970.910118616448,10980.347094465327,27207.52734605821,45204.767598638224,3745.367762552195,2958.537366651813,2820.7195095049365,0.0279358438768345
-326.0206788118247,813091.2401521611,617944.1750553465,71926.04152866142,15839.234334947683,12200.983569316895,29830.88339445159,38890.09029376092,2371.6185713872965,2916.681839403327,2876.431681732149,0.0222059173877597
-355.33319671082427,795025.3063137986,598776.3165873755,79870.21726887468,16013.668484989425,10899.519503893094,28320.338284554146,30500.952809737755,2440.141452628709,3001.504581773859,2867.4294139667454,0.0296510178954087
-274.8927329046463,777450.2982715762,621099.3895837533,77024.78773772232,16437.01223275755,9651.841848165375,27600.769059951108,37989.07370846393,2468.4083163437567,2915.7028216257927,2726.7081209062358,0.0263708911506421
-250.19318942855827,762375.6500780671,672925.6958339773,62676.515158107664,16710.85227667503,5588.830362165505,29743.3409347214,24460.589877650276,2079.427765312248,3052.220955231204,2881.453268197714,0.0194880043159299
-320.9343816404599,816913.5839590513,615139.6235718991,69331.79260670775,15505.243486621215,11475.957893384608,30238.67610024498,25691.91979855833,2426.8107182733734,2984.71460524393,2789.858365512088,0.0172618825246291
-390.6811752201703,799734.9872263422,692117.0014337052,69471.64149497621,15861.972723730314,6668.430832594348,29721.57662680863,24283.2770552551,2244.5731469444154,2936.417736423684,2959.141876385868,0.0289568275916774
-309.50940538874977,780617.0685959145,606596.9932373075,67818.93663602519,16333.95872742969,11249.75586185811,28174.044713496864,41960.01808506415,2452.267043154692,2818.249607913807,2739.926069519881,0.0265814958369409
-246.02760652694107,752212.8764773305,670831.70488619,60108.090205269305,16681.08782881922,5053.550208114259,28445.580571058887,26707.714712591045,2019.3160182450872,3045.5537882126696,2883.79693613424,0.0227573830404648
-398.6984492626491,791878.7494694368,569299.2883361165,71666.6038488168,15985.326293393293,13865.908600145567,29933.25679775444,20905.77682859563,2584.9906824959958,2644.727007976476,2656.2185381762206,0.0126921285673792
-239.52646877970483,816373.1892406057,640945.4099577832,169836.42830686027,15732.717252222285,10823.232403679449,24537.85873919797,102475.19955824522,5389.930355501754,3010.819813272401,2808.5460450464634,0.0280364309692485
-252.50329122252805,804681.1093929643,635790.4469198956,50000.07640215609,15864.318873833545,10613.114786348966,30437.64560737856,28373.729223565253,1731.2004501177723,3103.497395348142,2887.3332242132497,0.0196932427866046
-311.8240982580925,779011.0378761844,577625.5662276135,79323.86349820232,16288.807995566796,12886.57264301318,27859.78479999758,83354.21896893757,2485.069611570449,2804.4656438819843,2685.469526896385,0.0306468251095144
-289.6033484286504,812363.0056982461,619464.3548399458,74067.38931486572,15835.001243421122,11056.53295166686,30340.8466920502,78841.20535942436,2483.8175943686174,2916.856952075559,2899.851944979412,0.0293932484403088
-252.0235198091524,812112.9898503614,721551.8980312913,54024.44501670898,15754.192283411232,4968.631890429771,30615.269109775465,22437.167054620357,1668.3092433318725,2975.338991483168,2983.293362472737,0.0215782135937534
-245.5772159842534,782359.1568164666,582911.6545906625,62460.2259642025,16232.693136444192,13544.59238966121,28734.11489610032,31271.60181702638,2149.6419558555654,2765.348662838049,2709.098550189587,0.0190546654875278
-301.84045183222213,778382.2124411934,604710.4445894763,53206.2772050746,16391.53839501585,10960.921013507756,29914.48060766633,38266.57117966917,1577.9102427054963,2861.556739417246,2721.6755542848164,0.0305893299064356
-562.1495254799286,767789.7512035035,664724.6236972581,57922.37909429629,16559.503059426657,5582.770113206605,28125.032459903672,102068.90311857327,1964.446368179976,3000.722913698188,2867.2154808022574,0.0321722558496397
-318.6012207072286,749878.7355331007,657468.6548011567,63396.182959221645,16661.052700225806,5441.728819395949,29172.509036712785,46954.93775043746,2295.188917563941,3067.040801281418,2851.991211853374,0.0264997181967098
-447.1440365728701,858288.3066753173,659562.7611477544,66311.69345229612,14770.97181791855,11306.691532064644,31454.27165871805,41663.75181971287,2269.868772935757,2974.33841686126,2985.9233855141188,0.0291573896244894
-444.6772136204314,798618.1451646859,683956.0927356965,58508.01058595702,16009.816675158789,6490.695660771708,29859.178346299435,118701.37500777752,1925.518247355963,2988.149746345899,2952.566004734496,0.024082890480097
-401.3154158731514,803972.1263320128,603688.7586493939,69786.22393550535,16037.92329703266,11373.184695090436,28875.75038710697,54092.53503003527,2373.7531866669856,2829.549939806921,2757.3033205234115,0.0208981462012351
-252.6050580441556,769820.0365326506,632352.9471731402,70785.51580224732,16619.66543861208,7919.579513402601,27458.27373057688,48196.85808565096,2365.4924222249338,2906.5244506598065,2873.0852425586304,0.0261460317722028
-282.93488605346465,790054.408075706,644227.5108583136,50000.06611871435,16061.097081947748,8861.628441745012,30037.508949101528,49057.53268221833,1479.696111116365,2950.3513144105614,2816.813649870984,0.020416889577128
-266.36583771107126,772684.1890799989,699023.5604824928,82040.67959336746,16586.86728193539,4530.564255926681,27510.48960333272,83544.26648079566,2572.2492174435733,3129.37121225359,2955.704017686192,0.030414309603322
-204.1514982552067,796442.7206420643,673745.8728241177,62993.34154114604,15980.737801171696,8100.195104331062,29120.392318312748,34617.805244447634,2159.656779444557,3017.466234024246,2859.456796615042,0.019605384219141
-374.8476227917354,809388.895392544,668307.8936840054,53593.09079423102,15896.67747754521,8041.764138319731,29812.609334623845,25647.60746187453,1769.637208807782,2952.598916112323,2894.603502557825,0.0223682229070808
-409.59850129492577,845520.6451471364,701173.2387332944,71128.09264758638,15158.452821994046,7812.26958058205,30725.527404600198,67485.71066229563,2202.9291427429284,3093.006888465964,2968.582561963748,0.0336794665929097
-207.34183227275517,795211.5276023722,656648.7891299862,62011.30526825498,16127.867263660584,8632.875860085553,28657.32969984934,48160.57335160853,2033.672068453222,2925.4453806589195,2918.0991457306477,0.0296939299116443
-484.87997299777226,816048.5834175013,700917.3596126921,81163.5843911178,15681.128671450018,6089.855285396761,28523.349886583263,66449.35990507118,2712.7484952464024,3044.287872483118,2980.111239649664,0.017929594857127
-284.51747510027144,746422.3005237869,651069.7155942738,58600.78122907344,16970.746846602444,5975.002964340878,28392.346696510165,37789.25406484294,1926.863971210956,3029.286576236937,2902.3156684335595,0.0369843854921166
-482.5523524400733,788906.9882069399,591304.2197714454,75540.52008619929,16030.048457022056,11956.56426243658,29310.183712520837,31405.284156767448,2514.3761723874054,2771.7474379983028,2675.377442939114,0.0258892303010145
-332.182291428991,779000.7351569957,604673.0785248738,51502.00578614176,16218.347696714223,10687.81743463297,30532.54504827167,21191.348565172128,1619.7365176489757,2832.306972317372,2754.97114195272,0.0229867318184306
-379.25649839010487,796480.3332266579,644513.235732697,77965.3275209121,16056.990835108554,8611.204372864508,28718.549093646303,48347.25973835734,2594.202791387402,2957.4325224148165,2845.38728526798,0.0249673816804706
-238.26309090545735,753654.2861756412,636779.4110130314,79234.77792514412,16875.651954217465,7068.889282298735,26897.322844516653,45221.39649296903,2585.248394299728,2895.492122866172,2908.6418670828234,0.0239874411005866
-333.75451810939995,774048.2607133823,710075.6062486785,50000.48626644084,16273.902075534146,3471.9407311610244,30269.05730430909,46247.51109620043,1532.612948039924,3092.1427264506247,3009.665693860238,0.0243298026004937
-298.5528583051008,803815.3578555139,611472.9380176973,54820.40058020998,15854.81364990235,11123.604449892018,29870.95009282248,66720.05473449363,1897.332891151576,2875.5991667096123,2797.5076819404926,0.0227362505776382
-491.1432747316184,782455.1314247466,614617.4906529343,73117.68003751921,16334.92965050926,10281.13727717164,28721.100806564107,47703.40357122393,2435.4447363135687,2890.6674151765483,2814.2349994933675,0.0224271599059574
-330.0184188625503,790670.0066502105,632886.0708150167,82268.26185390443,16291.664137923744,9690.654674452971,27867.17455133979,58632.063300725626,2586.4212294359986,2895.8678734190603,2835.1568170771725,0.0359594868837936
-371.51739950390186,777144.8894085247,601759.9393859522,55679.32522926401,16297.095653224613,11834.619889522142,29866.158469818223,26167.813322354305,1821.9595898719224,2869.4655962306715,2847.313463410558,0.0216331915795257
-336.92243694707213,747041.5200371052,638650.3590196365,82553.69241799049,16760.50757316552,6386.709072973642,26912.355578819428,46240.537554370654,2878.1456508268525,3018.78328106379,2897.070852712286,0.0256212120497086
-401.9419701082722,806441.1080150005,599068.8383947406,80375.5898130648,15694.474688299122,12240.256981375403,29383.89659189917,33352.55408913001,2512.330522435956,2888.852436220687,2743.0291447166564,0.0321673852468338
-474.7166409636741,763931.3527033315,587302.3656416532,50000.00004894992,16496.27479846397,11824.357799739735,29609.512866700705,25201.61720806824,1605.2034538655437,2723.9936976910844,2727.159220192276,0.0167947698147826
-355.9043559262832,795117.524962619,636714.8233872979,65139.963286187536,16244.8517222096,9607.552039559923,28781.05642448113,35930.11982807862,2314.574913874761,2939.9355172119685,2838.759756716779,0.0242054041240363
-499.6784073091914,805679.7638879002,627936.9517689613,71543.97960222718,15846.822010005171,10343.459304881062,29278.27511635027,23824.76695321192,2417.7434686682504,2944.0555203910544,2771.240143509647,0.0219416960991215
-272.4619837948618,799815.2554178701,689795.8522877207,63085.06606910163,15903.4924742445,6056.412934564613,29845.282388411903,40433.71379864582,2132.185097018039,2909.863383642562,3028.751085065825,0.0240504419607798
-320.3944349938423,765147.6436442778,673340.0546469978,50000.00000750493,16413.560967568195,5453.705363203985,29422.29858679973,32121.825871301156,1542.7076375258437,3087.2722176520547,2931.623959696049,0.01422413504028
-423.41151372433046,786885.6380786877,567889.0407809437,51205.51730880104,16223.47315034429,13374.377793947036,30056.41704703746,23230.858989479384,1880.4889637409951,2765.654145369665,2739.2282865160214,0.0220763134419912
-442.3038246038533,777601.3461193844,688718.7845278974,72216.2079391938,16495.078824677104,5237.712077619156,28150.06613368464,35442.945278805935,2565.251225982243,2982.4847428444327,2899.420638117174,0.0232514571315448
-203.94662449533243,788473.5370704922,653606.757697271,105680.26073060012,16502.516279317253,8371.57498467562,26444.162639869606,64469.186257205234,3582.1799082111665,2909.831850540367,2885.0106888897903,0.0335333455112063
-301.4610790295716,761840.9299810372,673375.7166567857,50690.26756948177,16838.86819450081,5557.08200693754,29233.71687037424,31633.54514290212,1669.0527732731534,2986.13532049315,2950.783116939464,0.0137124796219412
-290.0108003551335,812319.3054337456,598323.6341465703,81109.29195825609,15713.557341918786,13309.28063949352,28858.593915016423,45481.63843561112,2444.460374724013,2807.2394084500643,2739.0723984751226,0.0231037550850951
-389.4361264389103,784854.5004173624,586758.600028129,50437.995692445336,16439.720009021366,11373.727602670662,29921.04276721096,76070.07425947355,1636.9498446770804,2657.325708741841,2768.4117550560627,0.0218155076946918
-433.0621548745812,799666.3349181118,675279.1649549024,72848.88439165753,15882.020410255349,6956.848361418062,29846.95658249836,35162.584853659486,2574.624208888716,3023.9223963101526,2929.0391476696104,0.0251605539926738
-302.9193751246796,772146.4442037886,656998.9936182306,80154.66066224032,16479.354490106434,6747.440730265218,27928.0071422188,54388.84683264396,2696.48089975641,2988.698559869499,2880.2490881321937,0.0271275251511145
-462.14789127414986,766748.7354681417,642519.3351619389,50000.10582180011,16524.955796348902,6983.442711483279,29207.515866180995,28543.89898022029,1679.2191768416258,3069.972857883823,2900.2268513286635,0.0251163483335838
-324.0230160358758,781345.288083963,575610.7796885868,58920.860547398486,16210.194918743677,12506.242491117506,29365.469898922493,28801.41739035889,1955.502069275314,2757.312541345244,2751.560025410781,0.0230914523253524
-284.7757484825654,785873.4286588946,645675.4920886073,50000.02218675665,16216.716403126871,8170.979558095103,29988.681849368204,33879.43465390084,1556.713620094506,2956.496631794452,2855.735154071414,0.020533419123725
-463.59420025052594,798097.4806968917,675577.295285314,60315.81273082205,16060.437102423695,6640.136348121768,29392.205057019502,26798.379242101066,2028.4505435826231,2983.561303766972,2889.5466891158185,0.0147634305437382
-314.58493486280645,791286.9429223704,674997.6705461937,52805.77356463215,16184.469297548176,6354.484969601117,29740.957970921576,36055.32540162174,1680.716271853886,2956.903527752876,2987.3182084363534,0.0313459661285756
-363.0687309503535,772136.3829076948,541345.6022578492,80586.01405428628,16425.12446237295,15214.02045277978,28186.76282784707,46577.7603901477,2826.4752906659387,2739.507215916917,2641.655066339219,0.0204639132833704
-411.39217513837366,841133.4724792322,685407.4062318873,50000.143725045535,15326.574988818593,8407.806794677505,31849.254283934788,46645.22428085645,1507.559541925455,2955.173030921281,2978.0175632594496,0.0296981723360483
-354.44246348473143,771504.7583321299,683687.3213151019,63495.41569200732,16445.620983709046,4930.0802956023845,29186.47810480245,22998.59041201013,2056.336167898675,3204.8323564691023,2943.201997774958,0.0245651179364879
-276.1893488819501,774623.4471679007,642452.4039445326,88244.16542125639,16521.516201551636,8019.814567951579,27908.60312676665,38884.43628558704,3099.426590471974,3036.1532867719266,2844.1422820997805,0.0373208564087028
-256.5461526085281,805884.8127605831,691503.4137979568,84752.73484297554,15867.905115346664,6488.763107153897,28398.430278561424,38045.418561163104,2995.054896804404,3064.565906403496,2901.129519886803,0.0255374651414951
-488.8594934683896,778687.1654828723,556947.3569416958,66194.1885486446,16499.347805574955,13562.924445739947,28830.159679967208,34024.39762978218,2226.294855174446,2699.034501860506,2666.28541169736,0.0243724463560433
-219.40096158107525,785055.0368242164,631661.8276307954,72174.54612076514,16333.667125166226,9551.39570769958,27990.9009820553,42578.71532706962,2648.062396807285,2911.1572100025896,2758.686305318275,0.0206942595498079
-578.8924486567821,833066.8762928812,602693.0709247708,120533.10001437322,15431.073994093478,13682.846451566344,27048.32641980659,104924.67390175514,4429.489315965342,2921.3246992060776,2714.36534532592,0.0329070190955627
-353.5461117677726,821484.6250214679,647379.0425187325,66355.33146869365,15741.229294373425,9980.510294728136,29521.19265971751,33695.621327679764,2286.0417828131085,2854.8024962141635,2861.697180788796,0.0296207903971355
-424.89698754841504,797663.4611432893,651649.9552116386,80814.20013827279,16040.26557212318,8801.071603539307,27795.710107500283,41612.786834835766,2789.7494213458813,2882.576027761859,2911.378581757021,0.0198846595827166
-300.3791936273742,775486.966736001,632161.5807107928,73866.27498464189,16339.263050796017,8727.061401706807,28018.712995064478,46582.48808724247,2632.3465712393318,2948.155514811928,2773.128091348073,0.0294985981852917
-302.4713722236688,813736.826623275,651843.6246491639,76984.09671242253,15876.942238809468,9422.73480352818,28978.681335500307,43307.76250248278,2543.8047937722995,3083.875568924132,2839.2393459530726,0.0244570404761136
-393.2177862644861,813257.8921716191,705735.6231813759,62621.94976433936,15787.38053510289,6247.513852413774,29765.685807639635,54144.35548658947,2091.085227091487,3022.1019812054337,2922.2621239665045,0.0215531945763711
-494.9604742939746,807590.1648215818,702221.4951472913,67972.89028905495,15805.688064214912,5665.489246690877,29763.936535053017,49031.56390153548,2318.624417257095,3082.651013832165,2950.437445198424,0.0200247715209244
-314.4219101792353,766068.8219570968,584490.7433096,76511.43979178644,16524.308139057393,11772.657669086766,29124.492509357624,30953.514632468607,2606.0126722401787,2849.9237363727925,2647.164032163426,0.0281641694116021
-241.50465074852465,766413.5253775736,621467.652433066,67495.42229231265,16540.912688236836,9225.55635739768,28462.17193279371,34281.72041430501,2272.644517493037,2916.9759613580013,2765.042778181963,0.0170914966725699
-363.45337360046,768915.1951680775,628699.7397997483,50000.000000056585,16449.106042883723,8782.681846609115,29994.91576645977,31082.75558302512,1533.6079310661514,2889.3379816446904,2873.9312830758754,0.0288464456760765
-266.2305232326559,779926.0153214127,628551.6909933712,50000.01880270969,16348.707856180015,9428.290392780238,30059.53683592921,34960.84984725615,1605.1384506640063,2873.7755024126363,2892.7189862003343,0.0188586036450252
-284.17688977372984,801422.6588476438,639845.0332990894,54361.99756374165,16076.126837236035,9978.784866203034,28758.149896900883,34288.49430623617,1689.8688054968843,3008.8956059044726,2869.2019713596446,0.0256159977766747
-234.4554511380173,788950.0399794364,619622.8708748658,66123.65616040234,16352.491063016483,10219.167165093417,29253.025800105,25506.02451973388,2182.779109696016,2926.8574294954465,2769.2588310389524,0.0324157430724353
-323.9960439723624,817324.0531518763,616317.087980844,72171.9307181115,15681.477350843148,12172.665583551056,29775.89659765941,38676.90889769976,2463.38066285972,2980.169232908324,2805.2359730636563,0.0361291600804165
-350.8932361589105,766165.6656919302,605351.9463618937,61384.94340433928,16577.414359541723,10488.170527207916,28786.977224192004,33047.277949911426,2057.602992027058,2868.3774365277004,2805.6810556311702,0.0270808588174574
-523.2019661368408,805265.3156583135,586684.2850167203,76454.34159567724,15889.334838685074,12846.52220358466,28330.02073267171,68265.11405070168,2552.205766027012,2769.051827418797,2770.492692664353,0.0258407570419178
-548.1537543037726,773900.3504826861,673925.6081045353,68450.48161916848,16476.840496622503,5832.241665903938,29432.34637810151,33725.72916512047,2418.130655862833,3085.0906631807134,2873.314257432408,0.0214764326529113
-460.9775574531944,792849.986988342,697456.0576411302,66168.81576088682,16086.768066970537,5482.361602469473,28466.490109416965,31200.839267241503,2191.1198300665887,3081.0251783966733,2965.343604310206,0.0251983384254226
-290.1622377991112,797015.9319088443,706327.2872502902,58695.72856185241,15976.181093153284,5108.268351215314,29768.905089888485,41005.95791815456,2018.0284891034928,3087.660959469219,2902.248906148824,0.0313831544169062
-391.7890356088335,807741.5980939086,621297.5090252414,75074.50549429434,15904.105308336231,10952.523694599518,29363.53516481236,45446.26210960609,2698.73181566366,2819.078192008599,2809.019593148206,0.0220950986721186
-358.09510626282406,785630.8689830984,708679.9896111864,105207.30038795322,16124.480520245388,4467.624082319721,27066.95917938445,41842.97525708727,3885.700706351896,2952.416033911079,2973.6826176918835,0.0305024647580167
-338.4245507033522,757177.9870981106,616975.4593751053,50000.05158209341,16587.283835336668,8898.725529847965,28965.15384871948,51870.12109996346,1614.8771172063907,2941.9663105507448,2794.984026643924,0.0268285421387095
-377.4544997087542,793847.9739356951,699348.8615128689,64733.77431765537,16047.14283087865,5171.627065503615,29930.091927328893,37960.411144933205,2040.8450402043627,3056.4726338457576,2999.212845157375,0.0218516197171993
-486.3105145388136,798268.3274770123,621400.1856348165,72401.40202645819,15962.633286885792,11002.112435115616,29097.21428087578,50600.06244963991,2232.8038342318127,2964.0045873288627,2844.984557560131,0.029307482844254
-169.98623735267108,798848.1456626173,633136.1048263661,58867.8017284897,16104.752404271168,10394.587420459717,29307.908730716037,35289.39565042288,1938.2587917037797,2843.029017067147,2854.755373152917,0.0213734134379225
-343.26396297063764,784237.1406957043,652851.0194180674,117612.27086037995,16319.196929943677,8224.122389248587,26174.85804228857,66851.51279136425,4265.3027617961525,2908.3666168342133,2784.471016858262,0.0257844777171748
-371.4302804243098,714028.1152549093,634273.5615871231,58419.64521323411,17378.595344986807,4978.66755479521,27513.707167087003,33131.282779132074,1944.7031278093336,2943.232577474365,2745.241712744627,0.0171940741564926
-301.6460409093696,758064.345966853,654849.0572212217,90017.56728113348,16688.548408155777,6603.165115400009,27017.664660209342,40153.23508036897,3113.0914743372578,2981.837858143094,2908.373430533815,0.0274872876737452
-381.4121047345993,806059.0000010141,615354.5800732342,77857.96305464169,16023.248366366057,11284.220796883905,29252.812066260125,34046.66005463804,2707.470629174408,2879.3523578893964,2846.2469143729336,0.0253449033735499
-477.89326959456827,789850.9575162207,666189.8512960251,94692.20526308334,16229.540898539364,6947.566840631747,27850.38476971552,60717.5693846457,3524.4680363826774,3216.9829314399726,2975.629357683448,0.0239491950461891
-354.0338853548222,772465.374659747,614498.2406105241,51171.549485431766,16453.79520561212,9970.648161945644,29618.289043769702,26597.258787415427,1599.533623252279,3034.018696408968,2744.6021961180973,0.0270337715154427
-324.498522533325,805734.0197152062,659001.1546092953,88049.57574827012,15768.896976273463,9260.121748003035,28742.76117182208,49073.29560867919,2901.1477957578027,3075.0152709175213,2919.649956949862,0.0320456139797431
-524.3469602325374,822548.6324545027,605757.2680276306,51543.1221079727,15500.45714430428,13657.966953497624,29967.00350254781,40729.34088625997,1834.255528937636,2804.2817504250197,2783.69529893233,0.0210120500603448
-306.3912037743961,804158.6170490572,624066.7172935032,56706.51058830039,15816.751820779877,11142.988304784463,30216.47596598699,30595.96340580825,1888.7482910357944,2977.979720005592,2788.364116269345,0.0214891163297999
-573.5096526904767,745231.2448392018,678197.5364270586,50000.00000011351,16887.90470437532,3962.2996699449272,28766.546235016096,28779.373492259478,1608.4046947496404,3031.267439064204,2938.126767679509,0.0221407679520886
-441.0724659540573,837536.0476973351,627877.108229249,71185.72404620274,15118.345103828991,12486.10815091562,30432.174371537923,43568.53779547093,2523.5590530034838,2996.2926676096045,2811.97324352674,0.0192978396860842
-286.24353641906407,771299.0224708915,587629.627086826,72600.81406169251,16510.599620460525,11381.22137586663,28881.893522931005,40111.83178309844,2432.9168556280747,2729.6356518685216,2780.08559979988,0.0244319613207017
-410.6648710099712,799058.9231695439,697770.5887119485,68643.92513995073,16051.899349179264,5727.856998239323,29344.77981594797,28487.09554971781,2076.2624842093333,2905.477709103286,3086.7162162586037,0.025937580470313
-241.74994743625516,781161.3296983452,627026.3212566662,63947.420166346565,16304.55352076106,9108.714150376729,27973.8821861244,64277.90866945143,2292.1874877821565,2905.383544503468,2855.107343817285,0.0240216375828285
-249.35079652834088,804248.8965897663,599891.2870120131,58889.9219286249,15982.66597669019,11996.020694318537,29458.70947711092,51121.23424160224,1871.1387979265771,2764.0965344503725,2722.8789516486218,0.0202860277109043
-314.0713982744445,801093.3978286943,612135.7846102605,68065.13166781423,16154.896594122469,11769.090232322036,28250.8019766902,116084.3299939332,2237.766223176264,2758.588143897184,2814.524431142131,0.0263100243275143
-308.12982847440696,791787.7914243947,600333.4524515272,63369.78453432296,16092.26711078838,12620.242563888907,29435.484821100254,36577.08732778185,2184.169399323043,2859.1666501884497,2797.4593476216896,0.0252301387531187
-269.0259301028577,754959.9897278099,655605.1468277989,51220.6631330896,16873.383647204733,5843.100563876859,28742.71971399565,38582.2289706278,1656.5467099833647,2910.729932704361,2858.754221581145,0.032130475047537
-629.5179835742263,837077.4028488745,658679.4930406073,107505.96074457292,15439.06349544382,9932.540542468449,28040.2351322766,41363.63746787305,3638.880712099877,2985.62196915944,2930.889929839921,0.022687523228437
-418.3144964997501,810909.3826596976,647517.3998562458,65567.96361156256,15891.540788485574,9984.442790928631,29289.828537187444,49243.01999300205,2243.649829714132,3008.0587974715354,2829.015110051133,0.0303918302693021
-368.1305483447144,793341.8598571917,632789.8652227421,71558.78407838965,16087.9994118111,9410.042601638646,28421.12766826963,31630.01640076957,2497.1326080045365,2887.9582128582,2811.3131770641544,0.0233773768807542
-340.41702162491106,770338.2941783281,699846.406435262,58242.76926583049,16615.986035878348,4385.852102969817,28607.402567922258,22937.388975965267,1923.5816424293205,3101.2203842962986,2985.8984845126533,0.0300103841695042
-381.37488813655375,796995.0401230993,633334.2367018887,70505.94982789311,15969.820492427954,10209.690990548312,29023.92709208742,42504.70519161037,2382.900218483742,2992.192696793448,2831.089165931984,0.0295620810086259
-317.97989907199326,775832.4481759062,615643.7962115566,82139.57872626127,16444.074220406877,11214.119074924356,27189.94362277601,75929.88269141309,3032.3992819266336,2850.473409645449,2885.271780509719,0.0247772262005393
-459.4893059378143,773935.7858448413,565013.7957755467,67239.99176621152,16511.39555179389,12894.399113399084,28242.172201160927,31169.927146568996,2179.0587936080724,2735.018386568741,2784.744446523034,0.0254739727417323
-229.7468887896981,816434.7647031915,643961.9938672332,51611.2599930439,15932.090564744913,10574.694996565762,29831.90362817873,22440.721714252417,1565.8117825909476,2915.354057703375,2886.6628343534603,0.0334146172055359
-563.9415927365186,744361.3179370028,657018.6460074158,59541.44290343895,17071.975390284373,5223.143876494267,28377.332875421187,33718.961759823185,2157.586650707179,3065.300712205013,2959.4254720652525,0.025114612695249
-279.6727618269,747799.7813091435,629020.8820356635,79926.40276082938,16828.79157010117,7657.202736328441,27312.2437187684,60825.31543834483,2766.043216908997,2905.909249951581,2815.5505770666746,0.0241763028400176
-423.78435737834127,794427.6579035838,695140.3392631086,62131.710258746345,15986.538990366991,5813.029331490299,29526.94700684488,38257.41363977891,2185.504038133588,3236.700286017804,2973.0880671454183,0.0292240799854834
-352.67597121543884,750918.6320765197,669824.7750419741,61014.25543278857,16853.518963454208,4913.893483909608,28651.29725164776,26706.34470412016,1981.0557352053315,3048.897393116915,2910.8129139376,0.0302937667094334
-422.2074219365911,782369.9507165963,634085.6561875622,68863.50405204664,16240.477920816054,9091.829483777596,27918.558385565884,76726.67458015677,2402.864745031447,2934.8432089862217,2876.201675476255,0.0313655549845517
-279.2390750375017,767822.0298710583,673731.1819709209,50081.15710232153,16492.034514211453,5839.124042301838,29193.5812087205,30777.27410144828,1622.2253882549394,2993.4277961365333,2980.178665289416,0.023409672361154
-328.24118115714055,777970.328354566,605106.4363494625,58635.516382047485,16358.1595795179,9849.715165305335,29856.31058886413,44051.35418663432,1932.2853017669704,2883.972767881594,2745.3221437108677,0.0255245530410141
-435.6547325659002,754473.9933665338,668308.239275281,59802.41050531332,16847.50849941173,5156.4012841551,28737.806704690945,31771.32599796852,1998.9492711767696,2948.434643662495,2845.1948731154416,0.0287691880645173
-348.7561476531754,801690.4073314177,590791.3221148562,59770.60550763311,15860.501426538936,13510.370712316904,30227.98125882245,34458.84653738878,1911.4030239858075,2740.042590133092,2634.185537406324,0.0270762507031818
-293.78610184943784,747082.1192660509,657924.3399096454,66765.40780289304,17034.88939459563,5474.39512847329,27473.7477974544,64840.240178077045,2038.7915997829875,2888.6620264831054,2909.559147783549,0.0198699683950143
-220.0792450746336,780911.2436287029,607289.5364198944,53672.01664006732,16461.383365349666,10902.80917933482,28996.496444307,23863.160563554404,1693.1463595421724,2881.152345370529,2781.689847995436,0.0245066987961697
-306.8111879803985,815936.7082052752,613486.8151801836,81033.23331730957,15645.155947919868,13660.283241512516,28998.403513087465,30324.938675943184,2862.027785689876,2959.4277130583664,2832.3447170720315,0.0167913193491825
-251.9943468529058,771004.3132561824,692844.501269546,50697.26640612094,16651.321703038197,4372.857183688223,29325.03096401034,22391.90958019923,1538.3662492422443,3134.573726253412,2882.478504115587,0.0197449280497681
-303.874781733196,774447.9166099803,600897.500113964,73896.81298479984,16244.135903208457,11517.227788385682,27950.699205628654,44766.82261257778,2413.744834403692,2897.044305437568,2669.7063677561496,0.0311617998696625
-413.66083433703454,758177.524840396,708254.7635816976,93646.00514454531,16686.48935577503,2843.1415439987504,26831.660994506416,57034.24100478607,3416.869757803136,3066.8627367407084,2968.946500082685,0.0208239540828378
-292.7783283507515,760634.2371649082,674961.6221555788,54723.29060168393,16968.218732867543,5485.4416979117805,28180.806314548645,52073.756069463314,1830.1455261383187,3041.779749809608,2934.816396838774,0.0339589903215727
-173.72305930265293,806716.1320516078,667852.7298726502,70462.99310932096,15799.240137167324,8163.031890740046,28816.7591655585,52738.08190240874,2597.5673182391,3064.0716039574204,2945.077273107094,0.0249836109915538
-340.68707877040214,792035.0526377944,553827.5823942664,61985.07610679215,16079.51396799946,14841.513587661224,29140.361185820955,73027.18713349832,1864.1767217633428,2649.5773789795157,2658.056883839987,0.0262067766823157
-297.5671107936173,807160.9181137249,599753.3692753165,57065.15819534349,15995.747053276316,13162.396644699134,29354.0983711135,34637.44348226545,1829.8978821240523,2805.743484263479,2751.833998170178,0.0247760766611356
-270.51113042882463,782630.7944915157,695521.7752194157,70311.5973052776,16468.62500533067,4924.343221620043,27934.17268690625,50090.19402572142,2417.062383635656,3046.469164932935,2966.9695226356785,0.0259461462919114
-315.00463850522885,789394.1943690109,620294.7385860673,61383.06869398448,16110.745928336124,10173.644109632614,29667.646054345056,40293.02502976837,2006.7356646271337,2961.308798427473,2806.3173784353603,0.020042716644887
-350.28198701125274,746425.2109941358,684707.4229214295,56301.90587311061,16814.670497209343,3712.41795484317,27358.558426718035,999999.9999962016,1819.248297104871,3034.683268671258,2967.269282083256,0.024535073982544
-310.2884668458834,791929.6410852288,730093.2889822624,66732.68158137807,16159.35229505113,3554.803493752372,29844.45859724282,44894.730297963935,2272.080971331181,3216.224388256908,3070.2140694366626,0.0178831921016165
-534.5362716903729,812855.7581153533,609899.1343846392,66647.98650301553,15863.34261743319,12910.717061881322,28618.59016116264,42946.76701000877,2129.393219744188,2994.373825718428,2731.744103937594,0.0125894532505784
-345.1949635255528,781816.382044295,653690.0200305046,50000.00000002043,16356.934140431376,7504.730672778405,29804.494922950063,30785.715685330186,1482.176567015605,2983.183518211798,2922.6067850313457,0.0210978287381212
-267.44359879984347,825869.69260531,609461.6369757702,66881.57610944191,15679.158813573613,12651.163122158912,30284.32014782456,41192.79567457452,2167.109993158119,2890.670876775905,2759.205459837101,0.027690041039443
-470.35245932319424,805669.4543497424,591159.5794411781,64500.47395997564,15835.82929393348,12769.066786432524,29610.69605125673,36923.51985878493,2038.8724347515908,2842.7121918201706,2784.4044710245007,0.0237984395446214
-411.5024695199702,827827.8817502682,673238.9027193736,50000.147956178575,15357.910873155844,8513.62162196668,31303.591234122745,24885.29502594028,1556.177266787504,3111.379879505002,2876.8616205293733,0.0250115676626919
-351.35032463166,792489.1443806156,667356.826634332,65358.260964368135,16325.363074670924,7899.321134788281,28453.44333909005,80342.07054405197,2147.4468243201613,3058.839241020901,2864.3303487994226,0.0325436819289454
-405.5193193531599,799934.0756083305,685231.6239997514,79287.02307866757,16056.528866751143,6343.634894986521,28616.09079541765,63824.31880773743,2800.460110761429,3034.979309150365,2955.7975896697603,0.0270859190943399
-308.5756049821444,774172.4928196468,612341.3751709805,77046.2024550726,16512.33497502978,10027.527333631166,28083.480751911848,33206.10404378921,2843.529172467787,2825.2646618805616,2807.983325671743,0.0248272204226399
-220.96047392386737,745679.3118126806,633455.3356811784,123802.0400290038,16982.320779107413,7517.689770713723,24925.73528937526,44232.40484981144,4612.542477278443,2989.509953065869,2822.05533431219,0.0252330069247162
-313.7937436089966,792356.8648024797,622927.8601210908,112137.48603156132,16138.851055831608,10650.925927026095,26835.60558117257,62078.13915262152,3844.1868832112336,2965.34174259168,2855.31895497672,0.0278563957387354
-434.9931572894186,784695.0621792368,612419.9186690253,57209.55414136378,16276.386644704984,10713.568196720827,29457.91179828337,34391.89524751045,1915.25448535031,2841.560484666893,2802.4420214400047,0.0345855917790117
-328.3454652018889,783320.776591683,684982.1566750449,69749.81187114521,16353.73042770141,5908.036083586617,28578.518787420344,46101.8130062982,2236.292247637549,3030.8645979850176,2880.2053540316124,0.0276926945483738
-238.9462099904017,764824.14288602,667583.4591982443,76469.56691039976,16595.533808793843,5435.797562624852,27839.334220163088,30018.32248713945,2695.5528793310577,3010.206950156066,2908.499044881874,0.0307922640779874
-324.6766699312449,739640.1574762323,656539.0859226043,62931.60664734658,17107.41752599914,5215.888995776348,26870.449721226865,30530.953674641965,1997.0928241924264,2964.803445585331,2925.4702102888004,0.0194178319298243
-398.88334797003046,742083.7885770511,657566.8585492978,60278.5597980696,16924.053202299023,5078.802121063804,27785.57473213321,29542.62778809409,2009.738620571558,2894.227589839004,2919.8509945923943,0.0225663365138179
-559.5255077692459,801395.7232046456,605729.0225755398,68339.55828043421,16036.152309765865,11016.856191713889,29620.38266157353,27891.487883611117,2124.9025860011407,3028.8450491024,2850.500989749581,0.0317665007521538
-309.61031181181846,787859.1265220052,588437.0113383328,73674.6350426776,16232.86908437399,11646.175262874702,28652.615217191185,42858.57033524499,2613.621007540155,2852.418117693585,2784.3881744827536,0.0187859403340661
-528.874685778454,790997.2205841013,588221.9624755571,66390.04557899818,16050.474399052762,12029.123722596049,28218.09945276548,47460.95373172813,2316.5010565542816,2754.857374884451,2722.0837313779625,0.0259444571365656
-383.54305427449407,795964.8243215297,630687.9930026919,51699.21172089975,16067.512060419593,9618.28855733071,30251.22083999923,21611.541009800512,1776.610844564668,2874.3462805362838,2761.844973363591,0.0252288713293206
-402.4520102848061,773412.8330616979,579954.333416718,59358.912263256185,16193.223367251358,11788.285642399236,29215.16161354937,27887.126093010957,1879.809376719308,2745.788310358785,2760.3044835602977,0.0221449405769766
-414.4805239843839,770490.1490525245,639325.1649375509,50000.00000002683,16364.708663807533,8251.639296879996,30127.93694439836,21505.358722533176,1318.151726411805,2916.969280653538,2919.913863052468,0.0251598146776262
-311.2725385107294,801165.5306526783,648031.7864113513,71142.39530445516,15914.373551159531,8930.834450971937,29200.66502474539,30508.087265176804,2258.5122678692,2973.697176540971,2848.7184634051446,0.0237928812718995
-282.0141172575864,771198.2094933409,687094.483357947,63326.288258202505,16406.478694423826,5143.626705297219,29091.39739200797,36936.973474187726,2102.623895312453,3094.3647500026805,2949.752528822837,0.0172667024685032
-437.16642079514514,764075.1577024303,644504.1612145345,50000.514441296655,16485.170760250236,7017.302583288575,29504.33525126552,20985.54701550235,1640.6332283002562,3053.889022247885,2842.041134820121,0.0271036720762461
-598.2731511501021,737013.3722017447,649213.9843527402,57000.204959351686,16958.51081740422,5290.722106536558,28089.81305272248,51208.07998318104,1884.339452836885,2998.094030890517,2881.59123093808,0.0237817698664065
-463.176935536246,780263.8817867303,629211.6891638538,82740.25121635986,16238.265535365232,8755.925138183036,27450.3004764636,58267.859934585744,3001.2869662400003,2950.194222517965,2833.9578748490108,0.0251994571858314
-409.990453833654,782053.5942916853,641060.6037891874,55300.300607105615,16104.87633220282,8333.840853197155,30163.63520830914,37845.123302460735,1759.8210803988495,2869.157524440723,2860.856432298778,0.0244854583934176
-255.3295719425635,823704.0131641002,551933.6935681356,81165.93659034748,15550.510599017696,16880.827181185785,29238.882711759637,48415.62675830986,2781.1818290722263,2696.166431934151,2590.705284811694,0.0228415005958493
-265.9975108708056,782003.6178569235,654276.9485595567,51990.30975059614,16594.2993944151,7698.66623712256,28874.236966084536,42108.45433689173,1635.1209162804485,2971.4717743523856,2828.0542010865142,0.0186879433378557
-377.8137034676564,757848.5430437757,679193.7713203013,77269.86636568666,16618.31653723539,4955.458873578511,28045.116561802533,43662.04471881049,2387.8796375282373,3111.121644222114,2885.439721825556,0.0379141782332648
-448.3576534656399,741595.664024649,655440.1469905226,62108.499175211946,16953.26957608318,5192.97232690404,28672.59296491345,42859.82103171623,1909.5031672252733,2943.8582725422134,2925.2784493038084,0.0265579535103806
-337.8552573091757,780632.5899838341,675004.5167751332,50000.00000004184,16539.503055050354,6380.231488193966,28869.75541700229,35547.03244604998,1588.60258779142,2958.927702751464,2844.792950911121,0.0285299992444408
-379.1266392030449,783828.4161172113,631232.7192951839,68320.64828378738,16172.402324917084,9304.000879906964,28783.78502087857,49103.95934906737,2388.43428595784,2767.9890546347333,2861.223721255757,0.0229412722608222
-268.71373761607265,769626.772277846,619470.830712263,76746.09159634689,16714.305150936972,9618.619396942093,28204.329424351377,49756.35928408733,2706.595526143963,2837.2463589329022,2848.5956469860525,0.0193811895853954
-392.2260821492618,802947.766445871,592437.855264907,128098.8053790842,15832.291382688643,12764.930196292977,26633.804972234204,73821.68920286927,4046.114199921627,2756.9299675361253,2743.87580968177,0.0253148925086522
-265.35668036235126,791611.9249913146,641597.333554806,72309.35717952393,16197.30154696455,9175.502194812578,28491.913898906914,34474.55094362352,2384.896186561567,2890.80154485644,2923.617716510114,0.0267719954025122
-479.37037513500456,775370.5691496718,609580.378828801,70897.27138547169,16621.69531520068,9585.668126801447,27667.783427404305,75205.49318324735,2495.559251680918,2791.0194110233847,2768.9351768380725,0.0252881091114475
-289.6911398368884,804836.5591558075,662724.95903718,50000.01435821127,16086.455341099923,8178.171865558169,30338.061582384977,23081.548844237423,1720.760163432789,3051.563004360094,2837.688054268914,0.0210356126784943
-366.3513649354045,763562.0642225974,665507.4020822467,78504.43333602701,16568.397876406176,6201.93093181685,27805.80506558005,54010.29857698076,2593.8331005539817,3066.5915861092262,2903.688255997556,0.014772880933177
-185.3526702464754,775821.4995019116,646335.1502066791,85431.6142855221,16555.752660266116,7226.814383558405,27781.78363500408,58396.32422348533,2834.8868199417698,2792.1008805283063,2840.1729057429798,0.0211338681452795
-352.8606113389929,773236.7967493099,684059.2714205784,59980.97254128168,16270.292672681526,5492.690897376168,29441.73136302143,24885.731702357232,1981.08862967989,2987.053360549809,2932.8062244209045,0.0155791197572553
-427.3927770868609,789059.1871558997,604448.1817187543,50867.01686095402,16154.66502319214,11025.262828008945,29546.434815360477,38457.681095775006,1586.1435450676695,2895.056727515799,2599.544842339717,0.0226800618754999
-409.906879214934,808088.4633912967,684956.2389390551,56288.774574832845,15859.689678866496,6849.5123247713045,29646.55999225981,39442.9371764026,1986.12641876174,3138.8486605160924,2853.5063274980284,0.0278838179343229
-265.1339455758836,790391.4416686437,632500.5768285365,54646.504565720425,16419.018724239686,9399.302608498165,28670.594157523657,26753.93902727678,1818.787075349288,2923.443930626767,2775.01455815432,0.0291704148514809
-369.2229415365391,762305.6131409879,603271.8599954932,50000.0000000112,16693.120662424808,10425.345924453924,28964.182013083908,39276.69864125791,1655.528173168011,2858.5960310881783,2781.748163435725,0.0259627671986039
-388.05286785962096,807769.7325372796,629881.4391406638,50000.000000048414,15822.134422678631,10297.692157884054,30184.0318246249,33922.46430373416,1537.3692068052555,2924.305833563132,2802.7934197399472,0.0284016657187515
-227.1229900220355,823427.9413363053,675257.6553739503,73715.68476399947,15754.60112691528,8426.802756212232,29065.131585109106,47599.62313666376,2368.013225032056,3032.9711066123577,2903.4059395918234,0.0408291276322854
-399.1584054851292,796096.6646031298,594989.0449273562,82777.90268781019,16034.90244955949,12939.140783144065,29200.58593724733,32061.85108170265,3039.6799976352627,2921.8275736584487,2715.6477809764638,0.0165186340394808
-280.17015319103507,773389.1284525996,627783.3696192937,72300.62697665994,16300.165366140449,8492.071868861105,28437.143294008725,29281.19521315804,2563.5294621287003,2866.0244842043926,2898.1085276826666,0.0236340940981319
-418.4746865810535,823781.3457211616,618934.8801894266,77123.21763720583,15395.668540859751,11859.48617582051,29575.88315404709,26854.42050689757,2704.1723928242022,2874.764034695424,2759.1954811536416,0.0218445355154526
-416.33849063204855,813893.6836022459,587586.9686173613,74334.10691753375,15784.237208087496,13365.66306729674,30056.30823099852,48437.92216132677,2331.326477375632,2839.074563399937,2741.3312394191903,0.0238449611677736
-225.72289305662383,761743.0788637314,677185.8624641757,81443.05321757396,16529.024859600053,5457.844886292536,27684.99442622259,31477.079298735986,2688.011937509429,3151.268377921703,2958.1471508094564,0.0317566647436258
-325.58328000620224,772808.1977347427,685842.9910854673,61595.39910355601,16458.966770751016,5033.7304214633405,28743.73495848912,44675.76898494407,1991.136522796922,3076.746698777057,2961.757898143217,0.0213736320688985
-405.1312024928757,782659.9595574372,680276.3303578933,58146.687275036464,16256.135931801722,5788.691557600862,28760.088282805,39043.78201636815,1933.7042262443535,2961.849201975295,2901.0844852989458,0.0256582815111748
-339.93041454804745,746427.0746174924,671857.442075802,70397.30299608517,16951.32284620477,4325.953352358568,27737.790423448165,58190.08013737626,2321.791808429238,3050.036573971815,2913.157313098044,0.0264523752331478
-320.72982755899795,793374.0601509212,645308.36779303,70307.95787508931,15975.40496143924,8835.513587785026,28978.16216792821,77235.78250194267,2468.240198160176,3000.645422916542,2787.841384932792,0.0183558612472559
-323.9700936317878,767063.1184563208,608361.7304809943,91743.4238975726,16508.17917081786,9187.781276579455,27117.495959418608,41842.49941454964,3050.8700982704627,2802.788423803177,2736.528925508124,0.0295925447194952
-357.99289113633347,811551.9055431208,642646.244769655,50000.00000110854,15658.92922165266,9631.571812856244,30355.22788568175,50335.71865167221,1627.5375886290117,2929.687913723589,2911.723443744222,0.0242467260732812
-277.7738256510697,804933.7712019655,652391.9121983813,66065.90721985695,15954.97003731848,8829.057306652187,29046.9716350484,27212.200420923557,2092.601321212312,2908.9424126227896,2841.8113542120136,0.0290242786794444
-137.4327767113664,790185.5252702183,692827.2086281005,63112.75362454336,16128.664124317957,6181.7458835525085,29659.63740913752,33105.82300144922,2355.2277420859023,3108.2569513899875,3032.450161170051,0.0195809175623308
-304.50413570549773,814009.559185699,574720.851497117,138392.2784973276,15663.631900456394,14956.89554419219,27010.048005413064,42993.73435712959,4998.365216399846,2654.3701828423955,2707.9578295733872,0.0313644328280639
-340.3261858867881,786813.4022168438,664441.0086974966,50000.006974838085,16060.28171400502,7322.99994054055,29765.673460023925,23839.490365168276,1675.0869842717348,2949.648573731153,2846.5815472336003,0.0280202258784533
-340.4010174750093,815921.6476102525,608886.759759002,71925.58454864903,15714.459679302165,11147.70201873062,29316.80068374144,34741.365246776746,2557.761983333277,2876.130724341815,2804.2047833231727,0.0237771725519092
-259.0796988523508,796607.0648221001,611061.454281091,72838.06791603626,16087.427951985,11662.576652020784,28507.39844998294,33368.546308318335,2674.8198155480923,2868.839744949018,2786.943310193617,0.0336992215608333
-452.85739653871656,822996.1984747562,614283.3488886605,58872.36283734999,15508.038444613812,11988.205959649746,30307.42743089622,40282.77477481719,2017.680578193666,2964.2261297911737,2728.9566367616435,0.0228392458445059
-291.1578531911835,792803.3072932581,567223.2249798265,54878.04570513176,16120.796709060342,14664.630481623006,28743.096666669717,59544.37579973255,1740.7250273796783,2741.65801815177,2747.13971331465,0.0246166680364173
-262.3592047290117,732296.9266407142,597556.5685599969,71104.18004721336,17190.190621922167,8824.264544038626,27243.222749655528,64662.313555693545,2401.128581243994,2815.8222933143325,2702.4067940872383,0.0260473538545733
-490.68841598527,739897.4126353059,657395.9499698041,60588.48437962264,16860.224198897104,5094.7847047086125,28818.87692247877,32134.83061486464,1955.2625482833248,3055.9683594095686,2897.61744747633,0.0219042406184642
-329.50151415249724,807972.8717520451,631077.3540665028,50001.85752515013,15865.277348073574,10785.87334601059,30355.867754035884,21880.292667547525,1604.3308045205997,2853.325199592006,2813.445185605123,0.0179042037715206
-299.9651420001117,777228.990878129,584069.725318667,78527.23282663112,16465.97941184557,11617.1770078969,28500.515972391204,35218.112344711546,2681.903389341593,2851.90128455341,2753.6388420555627,0.0339172735580854
-385.486596842184,795325.712777702,688473.5880175947,71628.68150510565,16115.098409658414,6181.207859284729,28910.023930373303,36769.04036731405,2446.8029224057377,3202.6628789902147,2965.9547071509887,0.0282014856604594
-456.03778611425633,770669.8816242145,661673.543934485,50000.0000003162,16589.708389112686,6617.148468507662,28842.92449594993,34023.78497812787,1559.649960527206,3032.5186406540124,2938.956445738108,0.0201755465516304
-305.3305711620232,794620.7014858365,702486.9844980681,64015.07488501031,16079.840360297643,4854.07630281652,28957.295908750548,37668.63321635669,2108.588976713788,3084.9015416785564,2943.984826419688,0.0275325700882378
-299.6191932886109,789310.3336109404,725199.3964140554,54044.58067183249,16229.638088918786,3705.457104050916,29338.529766757478,25142.10296965409,1692.075696969133,3240.0467024085647,2974.8948825211,0.0228683462740838
-356.5983225716885,785221.7795381692,620201.1339758884,92384.46179513834,16233.594260015858,10134.173401489124,27062.660800976395,121981.25208866564,3110.7962891520947,3030.01713821896,2756.301662143342,0.0280402773548125
-269.4315507078176,805416.288822934,708220.0495069792,70669.59761280175,15940.46052738648,5465.334784297373,28833.281745804237,35313.91182581088,2365.0083965984622,3124.513495482046,3012.80568006322,0.0220103734854078
-240.12382116074903,791904.105378323,596609.8209610959,66740.97838921094,16035.392838814088,12734.880360096067,28880.155270546617,44757.38132519918,2243.538348463722,2818.5549993950663,2832.039727635726,0.0213137721755111
-410.4698235034618,767666.6344117902,574810.9899117647,60254.22109673966,16377.953311785195,12241.065623573086,29495.70991909181,36591.49899219553,2117.7352738017075,2718.737288991771,2723.4093360310726,0.0105355115482701
-185.29664889325431,819299.9769869866,654949.8192373053,68181.929982827,15616.609013618632,9542.255479496516,29688.573204642074,39671.61961036497,2152.3066795382183,3002.827909378722,2842.944846241208,0.0224265050402436
-371.9891670851621,767810.1818760263,690570.339394879,74462.64605960036,16699.927983611422,4382.581707626797,27567.17964356181,48832.9372728509,2606.524324814174,2964.0537782031147,2863.1384366149946,0.0344899012256655
-260.9214361851121,801098.366522096,669696.2691073136,50000.14938846664,16052.792223583872,7703.057538581141,29805.834004870463,33890.306003112724,1549.5138834740571,2979.02979925575,2887.377277995231,0.0240047233842286
-238.0929512033448,786417.8087110446,622202.0533477693,95020.58827308772,16142.523453030051,10215.11992482534,27177.371262233508,45107.17959199655,3439.5603008711973,2901.895081816212,2885.998941065153,0.0232708095801764
-298.6727954749142,776245.3429853937,610826.6257169927,55507.78962266951,16556.29025078671,9938.545111065614,29385.61386309434,29194.70691623697,1772.9264166642224,2923.604006316399,2842.0017001672904,0.0216740223893064
-287.5188164323984,754751.1519312096,667745.506783587,78898.95064702527,16786.741319298344,5413.189668444444,26553.10043770859,34263.33396041052,2869.287787088125,2931.1615806840755,2868.6008855390514,0.0248982710220842
-278.51200418705827,747639.8542451059,598776.0842904077,50000.01275345193,16934.590130667435,8719.182682894045,28480.48013872805,27447.01244724813,1703.9479853915896,2866.2817702516318,2732.829954188751,0.0264550963699012
-280.6596161914514,776946.6492781513,647415.8632646238,65288.53847737904,16369.436479849755,7811.921693254755,28786.2904286268,58153.16131744985,2236.3582909539064,3015.389629537058,2830.078201445994,0.0126838109569305
-212.8908195658826,765519.3967531275,673224.748051092,62178.92942455557,16563.542010215075,5473.727287817868,28100.00601193592,41900.75059137053,2190.785837379336,3120.163730072044,2904.618085962852,0.0283543630705206
-261.73214707056246,781556.1475556128,693583.6240504958,65864.22274109778,16492.670917587224,5438.852890260589,28244.05384631085,37325.61073561391,2218.814141829168,3015.074412266956,2997.1325968935816,0.031259435631252
-288.29111367726,777678.496976363,686296.6608372759,50000.00000003953,16387.612013194368,5381.422864327525,29510.868990741328,23968.13158652765,1576.6180855185903,2934.2619647068486,2945.84787247752,0.0271216405975556
-359.049426003864,793585.3328026035,610531.4595525422,51206.21997773768,15914.32537832524,10819.943389161224,30378.939857902093,33298.86926918028,1709.0544536878342,2942.1181907049795,2751.8888482531333,0.0252302813762672
-434.9435199899863,793009.4435091446,615019.9861929521,66043.86014803572,16160.80414430434,10808.832707853073,29613.426965271443,20965.98775096603,2154.691423353744,2812.4637209764974,2754.5053567286814,0.0237787767228414
-317.6758371882895,801432.8570065296,607672.3314519427,58638.38487890304,16047.082342584135,12260.881405200227,28913.42357548528,44324.84609000109,1896.2754837401176,2924.67552309242,2765.0581545016503,0.0245754512918352
-272.09243405372126,800532.2596717862,610071.2160435425,61242.823305539925,16086.57261758051,13030.862454879189,28648.602929161087,105136.01253330738,2086.535365548364,2839.704053518688,2841.535205640777,0.0218345522478146
-252.7136880158747,799106.3206105676,574808.8316984939,60464.99151461691,15986.038210024564,14396.838169153005,28876.384175843847,69647.69036588732,2084.2202766001737,2878.813841080545,2652.25369108556,0.0324658019081131
-277.8352498605501,781716.8433882063,698242.1559889696,58735.13355149698,16213.265343635994,5267.414003336278,29758.926140737414,37277.8754529001,2157.6308905875426,3020.204201417535,2884.002191923132,0.0249982953407089
-183.6302113564525,798227.846548008,598625.0979698254,60006.3040759047,15934.21615896137,13553.10786996146,30094.21470327828,32963.50554654554,2049.1826074119,2824.068700588429,2795.494853809547,0.0249496439989134
-269.8902300609348,782027.382830931,681080.7426271135,68176.78643826542,16396.832841553904,5931.437139247089,28249.36901366376,61852.82748733846,2113.8323146084576,3102.833643418988,2999.0444136522606,0.0239092656913579
-434.3730016012038,769171.81716169,678563.569385856,61062.1056767556,16567.536527756278,5167.760584041221,28135.543547860027,40322.82842753859,1886.4621387473687,3011.092551546638,2868.552696551844,0.0208789077991968
-570.5122964389866,815659.1375983887,643228.5119670455,50000.32410664606,15553.298664031096,10432.0831358903,31242.84429222448,20629.617243609067,1573.5725310142595,3103.645683911032,2926.01035297298,0.0224484036211147
-264.4087499258064,780448.1162511066,590776.3051397416,50000.02587567134,16423.72017385451,11598.274084176675,29839.08450674387,21242.084946561485,1664.0977638154031,2807.42183829732,2763.762971174173,0.0192260904833921
-339.262526468191,780059.4008447814,680277.977684979,58910.06839231637,16259.49524332879,6038.200510859178,29766.66522088612,31245.626664651467,1927.5196501290309,3022.268280007578,2981.032915730633,0.0244782803001892
-380.1821745432072,801310.5933389519,686336.122193546,68078.88567622591,15809.093202167966,6742.528375795852,29305.60864164077,41290.072929430535,2258.8252298812954,3199.1446491386764,2900.6502732463982,0.0212307820280247
-526.0175957180511,819985.1417598766,603357.7845408019,59259.29749229641,15686.418110226552,12767.30010631019,29782.69008660688,25139.35790915428,1908.1369378247557,2770.378321041453,2739.1395677064934,0.0314500805394759
-239.7256239375047,780402.0716272609,625256.8427024808,64124.01818811212,16371.062919342636,9262.296713057867,28848.155381872297,38219.63747953171,2020.3740478337947,3006.7999005187444,2860.971031128377,0.0258259090526763
-359.7135824931304,761441.9302164329,627838.7308739335,99431.28093312414,16760.94411013613,8304.682083363634,26151.61417697817,63318.82123369186,3587.48937453505,2897.077441614424,2798.1640655171914,0.032648698741833
-306.52478840433537,770607.2822891888,676409.2597788692,59485.25651342465,16456.2226847505,5328.383176014491,28860.322343883818,30138.436500113647,2117.709467070145,3076.3427568534157,2937.1634832235545,0.0197843338251999
-294.5156135476026,766743.2844399239,603839.3804270964,57146.25170744796,16698.81623968101,10119.35072700464,29173.629051981155,35008.60054033381,1750.7044595917298,2880.2754714720086,2765.9476536702387,0.0221212795631284
-322.53416335169646,751918.141228322,687219.9387778438,79557.63012241156,16851.93156339701,3952.30853226663,27718.77404161497,26360.63646098184,2678.092664322567,2968.821341707512,2999.2852450964365,0.0260210473857177
-256.9834429658773,766005.7502717847,705871.4160403762,87398.83823264934,16441.994175241627,3591.278076410615,27138.572869221192,51652.58225406786,3097.672990300961,3263.3573483021232,2969.315260246127,0.0335639776847423
-387.0074516672621,774538.6535098181,680340.4562771145,59351.1200117267,16405.217608256902,5164.815809237186,28480.18004267768,34510.59782576653,2055.387819763268,2987.665359250822,2946.829299977364,0.023230066528227
-381.2062427962617,816190.8609869651,651440.3109405148,95113.86405579222,16013.232530774769,9050.56946899468,27231.06945794092,56127.264932934326,3401.610198994135,2911.191652218575,2852.87085793008,0.0242693091480579
-490.835407870158,784402.0498729636,705998.5389428798,65423.93567636275,16236.354504782075,4865.323346177825,29194.61468961125,33468.16562572875,2099.568459122647,3122.404854400489,3002.9565209292723,0.0228297882915185
-195.3777262811854,806211.9323408772,662262.8468888964,51375.99205518772,15804.62463615954,8288.94291866012,30805.25794529569,23736.42422921697,1495.9222810113042,3013.63912727551,2916.833033100717,0.0232789186442913
-321.8825672826512,789473.1799538168,676674.1292829756,59039.65518489399,16194.939288997752,6642.444145716019,28979.119282636788,88486.16931454415,1859.66922964392,3010.936718204716,3008.6667724523936,0.0306815141389915
-311.5229957371005,758000.1801245416,569774.7611884999,87997.36670008514,16693.731802460894,12267.27809068799,27583.9490091754,46469.008864447664,3096.198453183355,2713.437717945797,2672.371894686638,0.0232721636684634
-262.3638245940139,805903.9045597941,647327.2191100712,84739.65204200037,15907.646369556456,9525.133391682262,27871.0131714339,41804.2315210548,3012.9112561142383,2993.56185272795,2743.8318938225502,0.0223673702527681
-466.8888355066568,815296.4555126496,704220.6520514248,67925.19302057251,15745.451750039096,6085.149700634511,30464.558238532245,38729.37069190286,2367.3144045106037,3138.022123970265,2938.48508074865,0.0285390960664385
-359.50196176386214,773468.580064988,684408.9990236189,62668.623766886696,16357.2163254409,5312.579466148631,28464.033905518925,52309.02110918469,2215.4544952488977,2923.362207337352,2966.7367656452907,0.0165880030151526
-324.85462808348666,843465.8539982123,618212.9315397936,69257.48085830346,15290.443235919563,13071.413369678115,30006.865535325716,35636.912395739535,2478.538582988568,2844.283751461105,2774.654299873704,0.0201837592821043
-546.7306972803025,787785.8810156415,659232.1917367467,50000.18597918133,16273.38056203112,7676.629033373909,28715.40067843736,32591.15199396772,1691.7853891975642,2959.948454127698,2848.5465803972816,0.0283189487355338
-331.4685496989296,788785.6879805468,615883.9251765072,67408.64445019401,16280.328566368107,10647.008926899747,29157.4587774146,27277.149974830587,2137.0114505639517,2802.5604891325643,2773.267611148034,0.0316094807659146
-246.61553640680165,780113.8601797004,608619.7986005459,91920.59806287114,16319.496421214611,10663.919542575544,28095.82348050166,38667.08032171039,3408.260949142447,2856.3392130990896,2793.7194413535176,0.019667828461357
-472.1952508539185,844451.1312686441,627284.1682750746,58575.53905064805,15132.100395355616,12198.33569389771,30914.839984768096,41935.98494460859,1916.6931224968,2859.8411841973684,2790.511348001554,0.023897949366475
-261.0819175720057,742046.6088275915,651840.2542156809,50000.0000386308,17261.48591617776,5686.219757570542,27823.083320817568,24378.234261850488,1632.2314606331374,3001.2657782445235,2892.559994833421,0.0273728932816687
-264.79556050933456,766038.0527192572,604526.3318620871,50000.00000001839,16460.411959822337,9868.087811112677,30122.771597335337,27154.17386085804,1526.746517970749,2842.023519340503,2812.045383849329,0.0219221974632185
-238.63463460683465,790514.3610670457,626730.2531682729,66721.69346393549,16122.12353572028,9657.138440692575,29121.861407437675,38775.232085108,2190.847510079634,2882.758831882159,2841.8104337772747,0.0144823274960011
-434.4154468279105,750212.0996155471,637327.4000753604,50000.000000001695,16781.481092455433,6605.412711800494,29251.26997720021,27975.16212507957,1632.566164041097,3023.8347198432084,2798.9190124315505,0.0238582835699773
-315.1416876707327,787285.345401117,700531.8300608769,60853.38252588946,16142.48167433484,5261.32453828532,29039.2750695852,38713.19804848291,2060.638333127641,3098.9984568134646,2961.5405619057487,0.0225399084914983
-518.9110721010456,772910.7568122438,618411.5416754369,64097.93698762825,16458.822941212668,9257.786695102755,28469.711563882804,37547.448561486,2035.045282567424,2879.403376381115,2791.08360786515,0.0194003079394054
-345.0012142015547,788901.4995021282,611869.4828351246,74066.7815163799,16167.176607175224,10200.349120275434,29129.029684214114,27492.37899068308,2577.250794152936,2988.367198043351,2755.7318809904714,0.0119857028653609
-370.5608958780772,779349.286499017,700109.2862375202,55222.7778639034,16196.13747873498,4989.601120005032,29988.87485035805,29539.026138526548,1834.124709356044,3067.4734519010426,2899.3260404609173,0.0285937398226003
-396.9064208839025,793790.0007753897,634750.0218765318,75368.04710135428,15951.064959044934,9336.164362225269,28977.15625103931,53208.77194130558,2667.5269162379404,2836.8892565339797,2811.517068847836,0.0198385589729271
-395.030560595198,787208.6073983177,589367.6301633999,74972.77781680675,16167.37284495167,12323.341903763125,27984.55659347962,58512.67257611903,2515.7401992392024,2846.6247680731794,2745.227167364608,0.0376197034038482
-381.8959300878259,771416.5715348832,591828.0559545301,81229.62009922645,16562.42664284122,11881.079444519355,27286.815891607093,32157.42684317754,2717.286150494037,2862.536710413168,2711.576903269892,0.0203122585637251
-307.8601678099767,813541.8026549973,636994.2891946468,62690.72300614962,15672.35970968853,10667.3480375402,29694.159068055786,33494.04337704967,2100.481156557993,2994.938123434581,2865.79053473945,0.0255554927230034
-171.48712796461967,836277.4177501615,668172.4788960465,69692.87045462147,15249.450804468212,9133.481483524642,28987.417073635457,106371.19579685957,2384.9931153167527,3016.403720921169,2900.36209939039,0.0241459048762512
-486.7491902228268,818292.9492359131,576021.001230523,74514.79542123059,15699.67865414511,14564.123591545638,29277.99688146351,36544.72600462414,2397.4559480060066,2886.4506538755013,2619.930364145982,0.0183131587034937
-490.6528098831834,782679.4031436798,653242.1814616855,50000.05123545007,16318.462067585182,7429.030599532305,29625.101352833382,22963.037759382925,1500.6038593835303,2903.4954629511094,2817.512393639665,0.0245354834057569
-206.10290530950056,773116.0503323936,659759.4534996852,77315.19704996372,16530.78684250064,7433.1387181280925,27872.658291312902,36966.46485413962,2601.849015517729,2978.536572028524,2911.2022991956014,0.0211524631940617
-222.13682859923327,786135.9096023781,707466.3314902794,70474.07974608078,16432.775407517845,4520.543091337213,28189.86026842896,33443.683127588345,2346.2575515906333,3161.7239464661952,3050.4706655204623,0.0282264844133833
-175.69165157990167,832667.3852745129,659888.6110773099,67497.0787517607,15583.133095449168,10744.943998767603,30053.44847676353,25871.003294525195,2259.474748777554,2944.257980788483,2843.7849837503877,0.0248531707063881
-258.19309997348296,806146.4771549687,564829.3670852156,70523.04757136614,15914.919340379422,16189.066128232713,29664.05007543204,35312.34384240775,2330.8268047259085,2676.7109983923688,2707.319099623262,0.0270103400080359
-247.96561662232847,793279.528883343,587372.3952473413,80353.14627096061,16048.01880076181,11994.848804513058,28610.05941968148,45380.77590912361,2766.908753773448,2721.0923514302817,2794.7313457107844,0.0227753166121063
-346.93061054025907,802336.1064127841,632380.8004171721,75816.12651700148,15719.906445830768,9804.772795783294,28957.297244504585,28906.636457720397,2499.1013120273465,2999.017131151459,2878.522303767917,0.0254730496632235
-255.46125685774328,795766.4597132994,627063.3460209159,58606.57863155097,16142.895323057375,9953.341275266052,29840.78524612974,28744.401595680167,1957.0157385770613,2876.8292110465136,2816.332266396416,0.0233448069007889
-340.98240307061576,811525.1430357978,640564.5060510928,52621.96514816698,15834.258680566149,9863.098046571617,30270.9592436296,34520.883126493594,1481.851798921184,2963.9496338913023,2800.4735270446317,0.0353256492369418
-370.79653125844135,787783.8816501761,589494.1177826637,51823.95626885291,16165.955778476397,11765.493935717794,30498.52550895772,20819.09575161854,1604.5037942205715,2796.8479048028958,2712.007698987196,0.0234709789040699
-343.5714591033045,790031.7993076729,630087.9799340866,55850.43391862046,16103.351166762985,9664.38590971961,29111.572619819028,32921.110925534515,1809.203840139524,2934.5432752498477,2830.33351314845,0.0188360090761846
-202.6293809292723,795073.9103199323,638414.8320227498,65523.287535304335,16242.102234166889,9868.891717702669,29143.73706626537,31814.20649349769,2137.7733078064075,3025.276661188044,2747.350684784377,0.0276738162207512
-331.13099242277895,810052.6632951776,629566.1801303847,63361.35148321756,15833.604862633689,10508.924672205709,29759.662675805845,49470.986225516615,2065.6857123393443,2832.329594560609,2881.736314714413,0.0286758328151899
-355.58562246811016,785351.6384896117,670024.9510560201,50000.00000000081,16198.45311782996,6690.4040057836255,30759.933316117826,30482.9056842707,1526.0309863480866,2880.7168189528265,2953.367907387376,0.0191107965311767
-229.45252779776297,820601.4955795615,670186.3863382562,60290.01577663445,15614.869912333766,8937.935749274558,30837.52200526469,23919.23223024704,1911.455320235099,3115.411064350431,2886.2235025977907,0.0211601596507903
-204.1857543468733,784301.8494607708,659529.5135889548,85735.27492267123,16084.310046095508,7448.766464944558,27957.03171154502,43344.08269663177,2859.809974814995,3044.15792957912,2881.753303263621,0.0284363178274628
-259.5850104911842,763681.410005841,683865.5621424248,59985.15086962428,16425.542480572218,4666.542640640812,29497.84987385796,29328.3606970398,1959.8319525464915,3041.3588064969,2889.226714794956,0.0189247237154003
-363.6072815826077,801634.8719803874,619296.0634066607,87664.02299222253,16054.8793819127,10473.331936093751,28545.164013963597,35292.785410814584,3054.9685166849727,2819.245919109376,2794.8792604917694,0.0229190048444827
-316.7532796721743,785240.7500865817,615807.9945379702,65919.38272510302,16160.231312788814,10415.189198401797,28974.178858127238,30482.891818216853,2308.131461034512,2905.306688210235,2732.3317153135367,0.0295327545854315
-226.2421337730064,762956.3158515403,661800.5186417118,62867.362762593766,16564.92454378051,6065.084332935737,28368.322288276984,60086.77770853574,2159.6562762139265,2909.315430409497,2893.7391641462905,0.0236478360648419
-333.2894164649148,785047.6465913425,634373.2534695031,51789.09039571829,16190.046106966289,9346.54177571459,29487.47868119741,21070.324879245665,1850.885477877251,2933.983971489506,2829.553473165125,0.0330270830570647
-466.8474085237343,749164.8575011923,622378.9546822406,92481.44721893284,16761.50520187076,8097.840353013147,26085.399704157797,39353.28435792479,3301.047230419193,2889.0932618415745,2864.073593751312,0.0250582879211374
-418.6444226364874,808905.9284142521,694338.2542218295,59968.39805069655,15952.139805486027,6195.1470802450585,29736.547711603853,30259.0876849519,1903.5945038727373,3212.064791606907,2913.336859808573,0.0229861391502129
-428.6488339445251,790423.3709993423,692127.0920529283,64988.27974558638,16080.304902298252,5966.93826192425,29906.915558404973,35977.74862571507,2242.8893219548227,3134.201525730713,3017.192674842443,0.0288054694363705
-411.4188729829441,782211.2196368604,680619.5299878997,55718.7129368112,16414.003007444702,5994.890020986269,29104.306960746013,48468.417438476754,1880.1237802689463,3030.205573842378,2903.82736678078,0.0244628793110151
-372.1239243740658,794786.2602608504,672132.6378587583,70149.92549489047,16171.83093016546,6599.6689427281735,28886.919753801136,40928.01498111639,2724.748447214039,3085.873667821189,2895.294918384432,0.01910127403547
-416.4582474732113,767610.8845404531,632585.6670293525,50000.14058922563,16649.565689891588,7808.919742935182,29922.011819489264,33437.0892435214,1795.6224416400166,2924.246625888184,2802.9812190386533,0.0250218346036
-325.6758651002417,800135.1851985896,657952.1232866456,50000.007956679954,15995.655955332097,8282.232234204055,30187.926657319866,26985.9084009018,1450.7850833111297,3028.468933866257,2909.167270322822,0.0302337111205038
-268.1623477442182,781809.5520459213,655645.9524188354,96872.18410796262,16450.03643781712,7655.795604966789,27023.64974109013,39881.28674053519,3556.6582555436253,2915.775131247324,2849.831135020414,0.0277365120717484
-328.1343990866602,758453.1969260533,673841.9047327427,56044.5047274689,16726.4723593268,5089.947892648289,28599.13312051878,26540.854642372527,2029.8708405936663,2977.668560969793,2916.538384897709,0.0272286674941432
-258.4544654597661,777318.6437471822,635134.7703427634,75418.98871129843,16395.870229221837,8203.340281902543,27801.62433305246,41015.48547574152,2705.6007429277524,2843.5575851664235,2783.12812064132,0.0232013788584798
-294.95104397590904,775143.1111302698,588775.2890827736,67272.25949609578,16556.971990964044,11575.254359166063,28936.813980561677,48588.319853641406,2243.279096313478,2821.273881302824,2729.595751877745,0.0242787723997176
-424.39961529060565,822207.6584554188,614146.824581418,58537.723215866456,15720.094504660672,12371.555790557928,30334.34318193572,44818.36803619739,1963.3652774617196,2824.448532867824,2847.1624029968903,0.0289019119382577
-362.00322948054793,795705.4377473593,637949.1086460797,65080.061683618296,15850.71836082692,10366.10079835232,29781.09395893917,28240.967617814516,2186.846229699875,2895.667881663838,2797.638762782381,0.0242793951750231
-387.1367858558277,774021.5514923879,602748.6889742377,76374.40792687582,16395.14643075596,11054.184761683273,27585.48056622705,52510.05160572629,2752.755676828759,2829.3392654613785,2795.192938540394,0.0218215780034228
-372.98983409980553,808786.8290504391,651705.9288288413,50492.78985258006,15822.990685570574,9452.00209318763,29810.56835403011,23251.5184800775,1552.8034913978634,2996.358943881313,2846.0712961573536,0.0282556816530181
-462.3495348946283,741082.2334394733,657689.4758392931,50871.87006181121,16932.98712541949,5175.740542020984,28227.58977388149,45612.20807828147,1641.527882730683,3161.415556010534,2855.1751807690302,0.0255668590512315
-435.2072800640617,745752.1507240604,656689.3252700607,57952.74890001284,16909.892846799277,5606.00796796498,28724.23740223533,36903.78406586596,1972.911087735124,3081.1344698027497,2891.436870262952,0.0308362726718254
-399.1671823383459,764632.2054756889,676999.4327540409,59827.12778054969,16627.563609668563,5170.180175818569,28660.036490070604,36597.88655528639,1954.358332899751,3031.4159965326635,2829.2129129533423,0.0222144446610293
-282.8176611251887,775423.7518836458,655964.2813652857,93413.34521322494,16392.992487497824,7207.626663193679,27477.69594605932,44442.58258333865,3369.627858563696,3007.007592254065,2909.507719414992,0.0245908066863264
-456.9720173345296,764807.3616986062,680822.8690870864,50072.55459853314,16617.442306674024,5120.371387217711,29555.40149066488,35874.69340500743,1569.695964432247,3134.2939150878706,2949.0152213390907,0.0325043018406841
-278.30014193135537,797303.4107032352,607204.8348041951,51162.74881340654,16093.104160988732,11076.169154328249,30510.83979908341,23204.445869071445,1617.783124361295,2843.044388072597,2742.6610562241376,0.0275884051728496
-327.23287491506187,814951.6503905264,706065.9915768221,61411.86599845128,15790.618259899427,6008.046863405553,29717.55198584016,49572.43028682692,1944.1511887453648,3075.9829205241363,2947.689651456471,0.0256789998565641
-337.50060442970255,761078.5355767873,664837.9062168541,59343.780481871145,16808.858903022592,5951.344612205917,27968.31392223662,32733.34428953493,2036.1486410765472,2990.2477917984675,2880.048503781193,0.0318247044418112
-422.01215417131465,754928.7889623491,610094.7396760558,50000.01699464983,16758.505887088202,9144.36141819242,28147.536748222585,41923.65594213752,1731.339181900829,2816.158910966828,2755.662405133153,0.0267121755689679
-404.2571287791589,778583.0364473739,701704.6094577452,56419.94535352368,16254.143648989104,4767.982443708202,29691.585829622298,42985.30675786565,1949.5598244758871,3261.356530535337,2948.317064903675,0.026147809650515
-495.8566190817708,763637.779616102,663621.3148188002,81164.62994330892,16609.001772357853,5862.42743212276,28384.50305123096,36435.81692917836,2732.4119128355137,3275.8569536729283,2881.7753360337474,0.0350059169335087
-411.0498909848973,796336.4132327104,607013.2420060815,51706.03799204486,15822.44502705518,11215.40092223045,30195.86425519195,33285.44887975312,1737.2983502523723,2768.878722006681,2806.3191531336115,0.0284550612901669
-525.8586345279236,788589.3059274239,678182.4655227091,59304.73567377665,16124.795359003096,5886.496559048433,29568.040348424354,28167.909704121303,1972.967717906896,2993.1453795636794,2977.27794865662,0.0215191827537395
-359.73456891831086,798390.7553906234,614372.0802338506,83230.05516091161,15804.342264112538,11021.054742170963,28458.277176165604,41758.76228758804,3129.0347170926007,2982.8307893878145,2790.166952777132,0.0215413421543446
-439.7427217024724,813351.8108871477,627840.8834353391,67187.80714147715,15992.26698770402,10488.270158418154,29318.527933198748,69372.50070224232,2271.3201322152463,2949.6130188599195,2866.474316173551,0.0250628436840552
-204.10554019651957,789320.7385565472,633168.1498581548,64362.35448055618,16266.1093601362,9668.8159690591,29310.508127678208,50213.45353258968,2086.439085709977,3052.9224796269814,2758.945355899216,0.0216719598706211
-394.6105927872027,784681.8313655324,678667.3874319388,50000.00000061516,16413.701996310898,6430.658824686465,29191.48660533908,26133.455722112365,1687.6874248086006,2918.211738975988,2911.501090300221,0.0233014555968686
-211.59942623496903,780042.4254100542,666914.8199488799,50000.000000058535,16260.385838235945,6569.17311946379,30121.2471274156,21992.658767643166,1505.804234950554,2890.9266214743466,2875.743787615252,0.0267655722001571
-157.5084101805063,767818.4188753134,636152.880986187,66557.85187539927,16748.88582559441,8280.448463971576,28710.55414612824,22470.505116979504,2358.097962212704,2933.2370009139454,2837.882263079542,0.0146976797255116
-274.30383904501235,795200.8474071131,653419.4387031025,125608.18173991809,15889.778045622026,8683.565515785978,25957.90371212804,44114.05495252703,5130.64112080863,3044.801020539376,2817.2688870498205,0.0215644646958926
-372.0454762328167,796287.5763820403,613295.2555164455,87436.99624548189,15926.304665639069,10866.337073325409,28032.408858966057,65227.96815925681,3156.9146717641725,2976.502245802013,2841.391587533404,0.0227482120665753
-342.40213544460926,769061.797056211,628158.4117968628,50000.00000000001,16351.853499661736,9057.95516056302,30134.67865109035,29510.47138936376,1561.665600548558,2927.657992309172,2805.907295993791,0.0186257739008833
-212.4066186279323,784259.0688976907,629847.4743048939,82089.28950048861,16373.58142167484,9488.263846894351,27835.17341014716,39090.4288519981,2731.897321683639,2899.3817302850825,2851.480817746679,0.0272793115544345
-498.36040542140586,755829.1357929698,671766.5338626724,59445.99910045709,16823.26535995335,5105.007562402888,27881.419872719587,58595.71546681373,1992.0295256455684,2939.1653169299266,2848.693398479208,0.0255512868954244
-282.7573881914032,792992.8206801985,631220.1097591962,59223.45106222679,16144.361031219603,10532.321271898722,29662.067254730864,35604.42215533375,1807.5910885346152,2937.633486322697,2889.1129073977395,0.0301089002668654
-329.6106355035342,803324.9927671052,644004.9097088403,60488.97555512609,15835.861464487029,9409.39731868508,29549.9463892372,23011.448655517204,2058.647041804629,3031.4755548886237,2798.0641721880147,0.0240526569150156
-301.913657738211,798230.8347165207,634695.881807108,65471.37888558493,16171.146899543244,10004.496055721427,28913.461682749123,34655.73354540166,2189.655390719546,2902.060285676178,2879.4159891116783,0.0216980683381319
-318.8448366344562,792835.4631956727,602443.7891162891,69617.13190979975,16133.416152177962,12074.609505029754,28107.719003727903,43838.34122926133,2376.9674405826336,2903.8049701168266,2807.7533585300816,0.0264809038425449
-331.586628488178,804972.4171439761,637136.2472232978,84202.0869737062,16129.89153811668,9697.227530150363,27866.92057292896,51080.05712445109,2761.6687639034394,2839.502775231096,2802.9857795776597,0.0165430960346356
-498.57701532959936,775654.5955451594,675266.9828872775,80247.61706511099,16469.63905984031,5923.329020128674,27364.13051639128,39924.34064258614,2691.621180642007,2945.2235438581124,2900.2684264287336,0.0174571024366215
-478.485444463291,808481.2987085052,639939.4514005576,50000.0005030696,15714.441237826417,9639.16839169593,30717.846493266003,22008.008506905928,1565.8063277075462,2977.33383904838,2838.5240423144924,0.0222424245374283
-255.38737803116575,816079.9096409715,611735.384982607,72366.62420587466,15721.624611598074,12324.028927352356,29127.11217570258,40709.067357792,2574.894998552275,2996.421107180307,2805.462468379206,0.0197831704578511
-409.4210124559008,791231.7753741995,699614.1655263121,67924.80907655174,16162.145417246202,5215.599439610445,29698.07093218472,21148.7944589846,2370.2247874268464,3109.934654545731,2886.2879739769965,0.0209822304117026
-241.49477037177007,775825.4035795527,682083.9053581901,53119.79326843353,16486.714870210206,5479.354986426823,29152.14034247657,17360.101569576364,1748.384173715061,3091.7464575209974,2915.4319214343827,0.0265045652961009
-207.02846433593092,765164.8705276763,672327.9386193448,80048.99611565398,16697.4064257198,5744.104506626426,27115.36010188888,133620.53056009868,2790.2006047190216,3025.0047080332806,2924.983150434754,0.0228481502871244
-255.67099726229543,835952.5465045315,664745.9708846915,96321.53625452376,15408.087461038442,9634.442624356228,27859.403016232827,93860.1773067849,3415.182348645099,3061.9025568669185,2798.9032606282867,0.0182579267260071
-434.2987234374009,775412.9124206257,696420.8032230966,74266.27881122893,16409.294174608094,4481.220207987201,27608.030891525425,49283.94798405269,2766.160045885443,3015.885601219145,2923.2648680641096,0.0218701484957286
-324.7739018908493,797708.7336323212,632487.5367237566,50000.00000000409,16090.952334513871,10176.654248005394,30116.39733121252,34675.32440963572,1593.4432649796163,2870.794470694091,2923.4834316001024,0.024332820467457
-237.5205217804749,795426.6312842544,630963.8316712857,73345.36830370006,16228.76201927202,10499.667674661225,29310.031775238243,35461.6506774877,2559.1342147500995,2967.319947047904,2847.6765000885857,0.024404554859297
-270.3232995905105,769745.0502109928,634424.1700263084,81778.57048152474,16683.38739884584,7799.58791193785,27119.17376577125,36467.00090183668,2937.5100651623147,2984.352208597428,2861.7484675168503,0.0265300941347904
-280.45358112974,794357.9557563126,617499.6893790631,61044.35305662775,15884.934488713096,11149.356485361095,30583.518808676672,27878.844937288966,2168.8011293083728,2952.656733537012,2781.238758751173,0.0178165249287999
-394.74167677859066,796213.7933330503,655519.8176234381,81550.30567623535,15892.46400521982,8456.75848696839,28599.671761920352,60924.42563630054,2462.0224139476563,3067.563520693716,2930.6162055581917,0.0264242701411189
-275.0911039070576,779602.5946494716,563231.0073986964,74664.37779645447,16620.49459782559,14743.05060830904,28079.45488590125,97430.92414082978,2514.2115175041067,2665.6631504087213,2676.443616021734,0.0209959071348644
-219.346444122964,741827.8265444061,635359.4622674807,66204.11166397134,17206.719514151522,6676.614987011721,27395.31248304957,36482.58846925449,2155.4366683781805,3025.429405698399,2825.405783103074,0.0246243859081386
-349.0968013314312,784229.826630732,624173.2360017934,67546.46287846353,16287.766112660009,9255.957755184689,28353.15999467556,29572.921330278616,2274.7042673586,2848.67960577192,2793.2933005036407,0.0262052647132576
-325.9523793378419,742290.6423714934,660146.2571843095,60563.21725757679,16986.026966658428,5008.107585835641,28223.65504932483,27300.26672596692,2031.81277548252,2995.429253593982,2864.9437054187274,0.0234621152176804
-230.78177824225415,822202.0736731765,646119.2646936073,75734.76084388726,15620.660501812152,10907.1188549268,29548.02541238452,23607.647749837808,2534.742127521073,2970.158595288417,2828.617910376256,0.0243950678498692
-381.2310367150892,780174.5781972655,714558.5033113189,61970.9760216642,16301.795256187605,3677.166567351351,28835.24062292221,55125.057466293016,2140.678433008301,3170.064339218771,2958.9717995422307,0.0271175447294041
-562.3670418690197,796679.931307097,686278.9547698839,68595.88371951602,15919.45089355172,5654.502927655296,29720.62904090854,46435.079879251694,2274.088061230793,3243.243171500131,2985.4740100411263,0.0218269341771083
-224.1083759745927,766046.8113712163,676832.090025329,56071.03591449643,16739.156596484994,5408.291923058943,29369.941228799253,33698.81927037685,1966.6015868928664,3133.63535092485,2933.665877754805,0.0179157153257569
-303.94867023122686,770686.854772005,630192.6230276143,78573.76977923207,16505.724348227795,8791.647596780032,26720.78224302898,81433.47544257289,2706.381471457315,2962.606912487956,2775.5427332259965,0.0200019470653559
-371.5072291241216,822792.714215189,623067.84841349,56479.62085151589,15608.49829331892,10990.847357224497,30159.02383852219,28128.96168762166,1870.138327861771,2846.4010736731734,2819.037484416256,0.0224489105307743
-446.15204050783535,737058.502215144,654366.0983144013,50000.00292161877,16766.06938784077,5204.643596121542,28751.949664151925,35510.258510327374,1680.4410012896994,3049.633205439193,2976.606041628221,0.0226732168265634
-333.8606817144852,823496.291071188,672347.7762494795,53862.35297390961,15289.807387491262,9488.880317184676,30168.56254510911,35429.94174432604,1724.451754553305,2956.1866220337297,2935.923030699415,0.0272089325954253
-366.5868605710955,778381.2242005958,674056.965733594,53464.05149640981,16240.590830325473,5932.187587631321,29257.01300532265,62999.01146541822,1707.6165691014578,3116.499409356581,2909.3963888812914,0.0231735843104014
-449.4238990620963,815115.9115128705,612059.6867669964,78554.39663617163,15745.124932397295,12544.076630377476,29277.712280367912,40638.693413714354,2652.120062970542,2948.809942235247,2880.9505211493592,0.0257312454725797
-133.54551759500302,752826.9348914984,629587.6031768224,71151.27550259617,16930.645607827933,7718.991702180519,28170.691656808925,51008.031279745686,2577.947536655743,2909.7990191201934,2798.352193613836,0.0280049737313996
-318.748541745989,756408.6477064808,657488.9416914822,75965.50893755646,16805.391838508145,6325.593669832084,26871.915435460804,54319.69842666024,2675.565391746435,2878.6421715474503,2854.567288644822,0.0246345085000381
-521.0024047927416,781877.1711504587,692478.8883034216,84356.70014867693,16348.72822814164,5216.695649837193,28233.182071824343,45067.70059836881,2728.229583530521,3003.1176013232,3052.2047673645243,0.0319865963916308
-545.988880111387,833762.0238040359,658340.9738479535,61574.09867323008,15529.196059270687,9810.475207668484,30127.548103707755,39450.724372132296,2069.8411851269225,3125.771692027873,2884.3324945047552,0.0275666099176349
-307.53951712347435,809268.8449916254,656069.7677688708,65222.561620111206,15890.44311358563,9468.65903197475,28156.461528707783,43810.939260626896,2282.3211353239003,2848.5082587196925,2912.479991606855,0.0180459695666753
-312.71497169726854,805009.8748061137,579411.9345079039,66904.85063923262,15904.822658180095,13516.742104811005,29809.34313698387,38705.44031385241,2137.620258565544,2767.433960237558,2708.612179283109,0.0236113138872278
-316.16129474127297,773545.796465695,607149.7088185824,50000.0679478484,16496.32109754807,9474.331377292678,30310.54293027994,27460.87191786652,1654.6200641606722,2844.234715793116,2783.497566368901,0.0239801591671681
-401.9504993767033,789087.1179258403,683747.3569497862,72235.01896247784,16273.443695985272,6208.173829677188,28161.682440592223,33377.8495288991,2460.23816269709,2975.85012080456,3026.194823696275,0.0274453529962378
-338.0378001021779,747627.3035321755,624974.9490023376,50000.08981549995,16774.561896550906,7762.695638195793,29080.697644765754,24372.38809899155,1642.260962545343,2909.7720510554705,2836.48267474584,0.0213252049762061
-355.9993380672483,821915.3881349822,600850.3481513707,55028.41453434794,15688.767227042505,13244.899434778124,30555.56231861534,26016.329114824443,1710.194257122833,2924.077045152082,2738.54452155249,0.0141722898887797
-383.2400722382861,824839.1535867401,606328.3315535701,51192.25361897359,15547.907752100098,13767.81014241619,30023.61775527635,50470.21716823297,1810.6939516845623,2859.333488978325,2708.5639499290746,0.0220146965773685
-500.6330721387642,817350.5773731754,607740.0740436094,69089.23295261095,15658.020014337988,12219.87898641976,28873.4452275604,116438.56730366177,2498.44897506523,2850.976789064925,2710.8084229607034,0.0227616143276236
-319.1567141855286,813637.3901369878,620700.3692799053,51535.51550996578,15600.138643911128,12443.574135091876,31180.77938826491,30215.540286565287,1591.900499342007,2951.7207761944314,2832.1659929469424,0.0268619001093942
-246.85893685837243,799016.5470256504,623770.2914812957,58683.756277818175,15769.408020879117,11043.36147477268,29711.14082457827,38503.34921879351,1908.8073514294117,2958.8870465766663,2839.977561848045,0.0245292658952712
-282.4066810961116,813887.553869407,654257.6124173867,55591.388484531824,15846.710665087869,9592.280369112072,29124.362168150376,52692.3416543373,1839.537543905217,2855.651977406995,2908.6871672907737,0.0238199191181522
-365.3362702637476,761164.4753277685,613628.5508135068,60133.68013693624,16645.51378711125,8822.06124583537,28509.198048177383,27413.41957810517,2061.423048620349,3017.1451927183966,2917.0847723473366,0.0268061442434425
-294.82535407199805,797115.1242225687,644807.5874797319,68095.70300846078,16097.842686641086,9191.19371682786,28424.554151475342,53578.38595922871,2375.766366328638,2922.33155283247,2886.3596860794632,0.0318176923901358
-258.0663846984311,789597.4731816265,637470.4356750543,76562.89593141974,16219.358813017932,9994.255644433966,28020.173854897854,55658.950299354045,2547.589092617125,2864.3189166722486,2857.538262835201,0.0289761884953127
-261.79764855335577,760143.8903792052,672666.3148402285,61653.33797430741,16797.723347114425,5126.968762401603,28787.28994127343,31251.302609776096,2067.735093531787,3012.4028870205098,2909.5235503379954,0.0147268369177055
-419.4906054409513,775804.8413187207,621753.020820035,74255.80497382878,16223.483800448384,8989.078478036603,28959.333193944192,28829.618112592845,2565.0384380036057,3022.3932840536686,2726.125143546722,0.0249934857809598
-489.7523354691673,813185.8751886477,624276.7761750615,66135.71563035352,15695.14464059999,11718.281285694951,29862.617587833647,27561.68379797929,2321.6012852654985,3034.155192879002,2767.667454900838,0.0194219587506197
-355.2942290424342,801169.1603280363,629069.3810906414,59123.20879306706,15811.398648902614,9970.272233754033,29878.67760218567,25207.029738508536,1783.0675207170175,2799.136938147776,2801.8690467428387,0.0205482200875657
-384.0823567011955,736445.6150485969,657040.037076182,56832.91728830504,17073.185540720755,5035.187442150167,27810.84664622448,37200.826869392426,2020.3983960477512,2964.572719431173,2870.782711361059,0.023054720692884
-494.7724868608343,796198.3704407343,671504.9754570216,63020.6696082148,16079.696121845953,6289.875671149231,30393.88472331612,29447.227914570507,1919.3892415840112,3190.3563484046667,2842.032106982208,0.0269358518802592
-372.5440161259538,794094.0205432758,698214.4416181744,54519.038450310894,16175.138762845952,5081.687005733334,29459.896682125825,29838.09969598577,1920.089202419636,3138.855768151856,2989.837094742779,0.0175677249750764
-323.93761558162964,778746.7814338347,566587.651923286,62273.31815174485,16399.022561303176,15092.946147828234,28433.469960258288,33944.730325925695,2133.125458951588,2805.394161720199,2566.75705325474,0.0286980776226978
-196.70659178913263,751468.4436666867,671590.1041784767,62013.243973975215,16942.335701980068,4834.274209472096,27846.52658259031,27093.754623695957,2096.4452140217877,3064.83524336864,2890.622474312044,0.0352267630943028
-339.40329352216634,801137.2562936972,700364.3960757157,51943.52074119986,16155.269885778947,5607.211143361423,30127.97127648961,29561.946100945457,1650.7735146744426,3079.7105975452564,2902.6015591838127,0.0297222513015373
-548.4113853383365,783038.5579909903,577679.699963726,65619.46182076322,16186.797961817572,13099.031174833392,28966.475878918307,35862.2461088313,2256.938707157047,2828.279138161168,2739.344659722822,0.0290496140593915
-348.8183322885758,808332.3367031472,624075.8171081936,56023.11054175761,15950.206189955574,10275.756289188876,30100.01773767176,26782.127619147297,1763.8053265570186,2892.845501292391,2785.8780955264992,0.0343842709301414
-351.97994691032613,783666.3931935001,601628.1345270613,70813.17695591616,16299.14985141366,10900.585365141596,29785.49070910168,29541.72035963218,2484.6998379481347,2856.299395161875,2740.04198345959,0.0163297794179436
-210.90163977963888,757559.8537770846,629058.3794026204,56423.197289707015,16819.38708835914,8197.797309777225,28757.4495911888,32090.215122381163,1922.7472329520983,2849.0995726711008,2750.772142990277,0.0224285865627738
-471.96539027133423,758320.5681967357,636318.861812493,50000.183815241006,16571.75876594177,7708.385057925127,29794.578650621603,20457.90933221948,1600.0810921120296,2868.8354690372216,2856.7098399975566,0.0189671630845988
-281.53161510174186,779402.6154323937,563018.288261351,63752.23313413683,16211.0588012535,14290.259352928571,27773.17011578144,36970.99197900604,2246.144061345462,2728.771369455796,2623.1877917078027,0.0235990607073567
-569.9235351377502,745824.3749605117,658560.2542683125,74655.64728292495,16795.420790278356,5216.051966784738,26955.26458229137,63476.75065832412,2389.339367951715,3077.458015600056,2948.155192342239,0.0240434397993613
-370.2031711854178,789916.72452895,692728.7517550584,75597.14456007678,16040.450661932866,5930.970281094027,28878.217961460243,41500.60853518945,2425.7053336230183,3110.8245070393546,2985.8114389131674,0.0281712607377101
-339.3329103805142,818552.416355742,630930.0182635168,54889.44531703887,15767.068428219056,11099.425207963071,29962.450989088287,26981.119614044328,1613.1424053067335,2876.70834894124,2834.846170337624,0.0224758158567313
-234.45344091310776,812764.3750321688,563840.27216356,86145.57078079174,15909.43244689155,15261.821870480277,29170.78186013929,52705.90400831191,2782.0467093886364,2784.967811921382,2705.3448513018307,0.0294400627575228
-300.2215445624511,780515.2085798214,694650.8737859493,57690.9731024681,16270.968308041269,5031.47052768111,28918.211451378906,102943.03259767329,1812.843892856194,2937.2957157114133,3009.621368944879,0.0268879952999043
-335.18118142815445,748966.3924306072,664226.8369613448,64196.83538133187,16743.015361082566,5168.524175348751,28535.228434815315,30059.53264699806,2201.5768886309334,3033.0589037240165,2882.6532621320325,0.0205653517078783
-325.82578695847724,759988.3889826062,650100.4679438068,71733.05616212563,16800.97175438718,6625.402392772035,27405.44326397229,39976.297571408526,2400.953129029831,2948.7823184960407,2863.817258637797,0.0300748469266821
-399.7883988571044,747129.3873463528,607816.0176106299,50000.000000010754,16745.498912486302,8538.574299604386,29404.07701357049,44193.21489101669,1593.8621588328044,2837.0998554138378,2798.298613503589,0.0217074105734527
-274.86512362534705,800198.0579091195,615610.3405562629,74246.63943945112,16270.725771961015,10400.241011715148,28653.4927679718,28674.46367139355,2682.0328117312706,2745.230616006331,2855.423275660022,0.0224724005624103
-529.9857864573105,751141.0485539094,665322.6384061507,61329.34789087974,16728.835591537856,5115.686196685453,28064.870046714736,37876.35420454187,1999.0347156400096,3062.4619301552984,2968.4599641285545,0.0280235787405129
-399.08844326521154,770733.3967619966,602997.7216390708,60579.40842410138,16256.31253723476,10395.850235184407,28952.412003859667,35652.91799775366,1900.2062351933444,2918.5599488004677,2756.8039189689075,0.0180419344726299
-335.349013070851,788872.9312395515,635248.6950174855,57690.02233133289,16276.374784273416,9593.060625470824,29385.39284695793,29222.53121270241,1942.2480664970608,2971.7471584645177,2841.822480538402,0.0263923366715623
-279.3563817190296,800710.1147071635,572509.8694804506,74021.76552648861,15953.861304297645,14976.839676437874,28765.06872865452,54519.61039439302,2502.5217736273044,2765.742280419766,2754.1151429494003,0.0226295070626947
-345.1213110961937,821477.1071539646,606463.4682406525,61913.53325553149,15672.067172420446,12929.486938352482,30557.009752324942,40075.4880441486,1996.235555691292,2842.780795313678,2766.260286704005,0.0224785298976171
-285.0767310247129,759952.7984022351,649723.3301426943,87598.24042507425,16398.597276649623,6871.658886977813,26843.25008906532,87589.27134523739,2975.009808285109,3015.6769211997494,2796.136387218713,0.0230138443989943
-392.1765087863772,820613.7185236333,704128.9573149683,59180.23437474779,15580.632025179277,6560.021175108141,30806.339355213742,43147.90751295725,2038.367108789599,3071.15775128011,2995.909264880343,0.0261703723769142
-324.0381279444649,810306.7523504836,622404.3877151898,56969.19964880175,15915.157293135017,12324.876644189188,29737.253980347326,37723.16946082942,1933.8424900963305,2783.428963349702,2804.847627626858,0.0214098617644675
-303.3279485326842,789377.8088301241,597933.3744838675,53118.60897691482,16261.695633367131,12322.53710417666,28966.13640568268,47448.26962211146,1758.7366030013443,2742.140420501034,2779.2900943531445,0.024073326059258
-359.2942849989774,781895.6419444528,699531.125665432,62241.47095045732,16171.431727208388,4965.7689026702365,28118.297162602597,34650.33824961811,2120.388723618809,3057.1185704005256,2940.4631921611126,0.0305330926240945
-352.32912701578675,806369.0214397272,675654.3323400024,50000.00001622028,16058.506285174197,7602.290629546082,29911.428979306824,18610.596145799773,1586.9516100585904,3148.4254815529,2901.9581524653204,0.0231159114264386
-202.91161797977168,813896.5692738534,595849.2354405477,97326.30456472964,15806.591780349096,13143.025395469782,28206.463270229488,60213.737636998005,3296.2528260447207,2818.5566178758845,2798.57850793032,0.0240608217081012
-361.62161149379,785725.6986181414,666649.8615380904,50000.02147222639,16119.643314259652,7242.228880268466,30077.01981274842,29846.26334344564,1657.3581148718854,2991.9777326853327,2866.89696222176,0.0285611425037917
-449.57926930398406,768265.9783543083,645539.2189973656,66984.95961015463,16707.432483072364,7563.184681220416,28157.811026400104,29749.61973086476,2250.606785054179,2970.337044562364,2828.171030361137,0.0426224077230868
