ll,T_NDH,T_ND,T_LY,N_A,N_ND,N_Afr,N_Yor,N_Los,N_Nea,N_Den,p_H_N
-258.22267049582683,796334.1451802478,685861.5642180756,50000.0013144333,16443.700175235812,5279.868821025663,29865.85045987981,25155.259168043387,1560.664027379465,2037.7261506264729,2991.7900784537683,0.1314940144751066
-271.6361448436266,833082.7491265541,728586.9379864268,73734.66339788707,15907.008417237068,4788.730898299391,29245.483875045244,28763.16746139868,2832.078399871052,1837.8082838735315,3097.302417090585,0.1281414813348689
-264.1451734881182,816790.1970881169,725852.4458419534,57656.12063004581,15942.086448340611,4555.593629495749,29586.67960643652,37062.06396312823,2119.722632552393,1972.702090690365,3031.163202174001,0.1201237501810607
-197.6384797449495,817391.9366869403,684997.7736605685,61871.93181935653,16153.069561908596,6121.333445324142,29683.263588842277,32050.234691836315,1965.14050373972,1896.203706700954,2972.731028432349,0.1508577225041562
-329.38778396825285,857162.5386564779,622199.4689883249,85041.13927741631,15404.428996515757,11401.79113127706,28713.786771667423,37997.65635528047,3281.6231355560813,1832.0551295409543,2837.8245459182044,0.1276605043499988
-262.94147981032654,828809.7164019296,709721.5538784841,72800.18118808644,15990.950939536318,5553.048072852008,28344.08472676254,49226.67965106821,2550.880502350364,1647.9549547881315,3023.0115257658927,0.1527166980376504
-210.1824359599467,847849.4048402322,739202.5527137929,70704.18535614944,15556.423109452277,5278.245552250807,28959.15016927032,29215.299030653547,2379.149516751193,1995.5256847456808,3083.456982599311,0.1304316651724595
-163.76855636063257,813922.9554543816,741220.1930049467,77001.72746742607,15829.390452113665,3830.685484148578,29135.715452513443,30624.239323223515,2668.7618162978374,2054.723766441576,3095.750629472015,0.099561905196737
-217.60691928623208,816431.2756962815,711557.4054997915,60242.22179417097,15781.086022983874,5222.221815784556,30444.81272588206,21811.57689823252,2157.029333918449,2244.8296356940496,3087.181210456504,0.0900241542315126
-231.95463367810123,852155.9572549374,700560.2472864906,60974.10868236654,15636.821250049965,6759.934029488156,30363.24740024672,24900.500325268706,1991.898857643439,1914.7583070560336,3019.678144958639,0.1443807347600814
-249.01468949630703,836643.9246654796,718604.5352570851,79741.96063300892,15536.44587020364,5580.622345003533,29281.947363737243,29497.163155632512,2918.6155285820378,2041.9205672807464,3058.0747638988723,0.098356776290827
-204.562035169047,857984.5249769895,672083.2510566312,52360.11187128293,15316.773092935984,8751.735265122505,30182.45828312652,30094.090985589493,1787.8675587244677,1974.9974422786493,3012.8289321855336,0.1147418975173701
-204.8320639930536,826089.8458599779,691365.4879172291,59950.00801165053,15986.169629952596,6245.348900256666,29995.10015369353,26675.723487937623,1940.477233158016,1918.9744815158692,3017.525326813194,0.1318297232012522
-171.0642753999835,817351.0657513691,749018.5849792615,77313.22389735757,15966.058140446505,3446.3409106666163,28912.801309852788,37784.75315457679,2630.592326951283,2200.28902405784,3087.460407626608,0.0771994841205731
-136.37087461759708,841962.8465148229,735782.8892714594,74752.65837946498,15706.593294512537,5016.736051375748,30063.065642387653,30057.790844686653,2553.0951819071543,2097.356107591724,3021.108450458926,0.0831069629979605
-269.4272215650743,825348.3923451629,688487.2147035082,72295.0154404031,15612.992087168715,6929.300572590524,29287.80745224213,50129.73285404317,2587.684429492301,2023.442631148358,3039.2789560612937,0.0888545112709229
-416.847556690459,831117.8543919518,704140.0504499252,69527.60130144349,15845.014820524031,5884.260500179579,29401.11399955832,38640.11022800671,2416.94956458065,1880.564434513918,3036.869754400297,0.1240048367969169
-286.24268951755283,817487.2335547593,705647.9302407035,56500.26682670767,15888.558742966046,5439.423566149146,29777.504405944743,35819.79845260168,1972.595589090203,2008.099664748268,3025.796813431343,0.1067508229419497
-265.40243536589867,880259.2312626746,687703.9826396754,93738.99050282352,15094.71639563357,9359.54191341768,29174.277295356456,41880.30081792387,3642.861756023096,1764.3921767734514,2979.5665616851707,0.1788077576735227
-342.0645521565353,852222.8054489711,715274.495012863,64755.90699701978,15521.73654520478,6674.41280713082,30281.379641833497,24316.22106709338,2277.9049664264776,1842.274126431533,3050.2035420558286,0.1317343758956038
-278.3491753597598,839523.2508603166,735048.0872073461,61172.33138326217,15621.033294128374,4806.584425154381,30088.077768182822,42091.23943637092,2165.761079691149,1946.4730775572511,3076.18430885738,0.1100000461952106
-243.95953392496108,851284.3883092211,721577.2063602571,68385.93755018633,15440.732823212336,5940.307171370651,30118.696587954822,26315.11867949228,2479.3246664989365,1780.681028016888,3066.604757019952,0.1440582345412689
-314.1151168563975,852536.8707324653,714531.3584781655,65914.55465144438,15532.76986722594,6042.251546484132,30263.349704510663,27674.940429885173,2637.528155433736,1873.8726927740968,3082.264789651056,0.1420190915284135
-222.4142896892768,796412.8176628151,728562.775993415,67693.33108163542,16233.940632523176,3421.405193421791,29083.20583524333,31139.038107879995,2431.341718897257,2068.2674690935974,3048.033483385537,0.1069582287924419
-370.8978693226409,828225.8186089651,722515.0105116453,57714.652674097386,15853.039738122026,5148.250293389914,30530.93126675076,21273.42641462897,1949.165367039855,1836.339434103188,3054.2407881360955,0.1341118044633353
-217.38796052093835,821045.4477552987,689985.5790407992,62924.28397191152,16268.807481729868,5749.096658811093,29219.08792304644,30292.277780041717,2470.6031705471987,1723.4885368896353,3092.7511819435117,0.1571419704316149
-237.06823476104523,827957.346865562,672087.5546627431,50000.00000000001,15733.53915373911,7740.639026386082,30585.156537040937,32835.28877993641,1589.221061347382,1889.789447111862,2968.562568512893,0.1298922025225952
-305.48831438355654,857470.2046090188,717471.0611949147,50000.000010050455,15444.86642034087,6564.171139688872,31340.699555079165,28462.39305718557,1558.3613986384703,1871.3292617117488,3132.811211739079,0.1288452245984496
-156.62573626172735,802791.3159933707,706006.5625576552,63162.42176130434,16186.580411230316,4781.3863189838885,29614.735412654536,27706.97460115632,2101.5793238543006,1963.0435139652484,2974.437900340765,0.1283670454151868
-167.0189511973648,823082.0573279159,690055.8763226336,63147.89235054704,16247.092238819374,6174.958738545051,29306.20960574822,29254.23752023509,2218.85715664466,1966.745715286792,3002.150658318292,0.136198412459569
-258.38099032634625,825381.121870519,717456.4936592799,82350.10141931094,15797.013622926564,5111.400485057868,28961.489943302226,37398.11436396393,2979.371500302528,2124.326191054305,3050.8817242460373,0.106705193406587
-269.09513483999854,826304.3212991644,737781.9905005996,80263.09761276931,15964.576946475376,4542.734326826873,28060.92248614053,60372.16937201696,3052.423053769462,1972.4958929536083,3177.242346304902,0.079922838538759
-209.2421272179821,830937.50500499,642878.1477945389,52689.25310924899,15970.493177192551,8539.911859161752,30336.429573921425,20025.971724496867,1788.9582421385746,1880.6185709761876,2946.2013738980168,0.1716272343354942
-155.30724510610372,797611.3035996554,710248.5215145373,66030.24064691216,16163.52184076914,4462.400345777979,28998.4698819419,35861.59703607857,2212.481745209718,2082.0435524899685,3057.74441415689,0.0962353859186103
-352.66931949702354,824992.3194644796,714135.2923000767,64191.36020211,15892.32425127346,5124.678262661209,28708.6062107516,41741.87934640524,2298.1808449978075,1911.101097155626,3062.4579834572182,0.137746651729489
-230.3559743613368,841373.717117622,667912.6645174443,65363.03315527065,15498.556276541272,9341.777158216792,30534.93458907402,29525.621703416957,2191.089762275262,2051.1375635619647,2892.527719848742,0.0950825668290587
-272.9224732863377,850084.9379006237,680586.7843115198,66400.74354720656,15513.661608203653,8186.560821518035,31027.5960991326,23615.743643494086,2116.980970093647,1979.206204141535,3000.3464503056284,0.1246947052669006
-174.6224701891553,837730.4197214016,680619.0233379899,76720.6882659954,15918.894976893487,7086.656319150818,28985.047797043902,21646.10022921439,2820.6337357469383,1854.83963045186,2988.7628098836467,0.1439380884660311
-268.36146815099914,861361.374279796,732434.7421045023,61995.74558252279,15252.312809365872,5844.551934227858,30558.608672390248,29852.27772387723,2098.6558728046566,2086.3708830523465,3027.9363876225416,0.1188260880840497
-219.18514002113545,872872.1151516434,685021.7632621707,67064.01082406787,15277.180554842334,8377.612507776092,30314.694939403264,27028.357617642963,2409.31390584726,1920.0087154001808,2957.784923936316,0.1512930849916418
-346.96432273003734,881326.6337510244,635479.3844306369,63978.30388435515,14976.745780181498,11144.826285993626,30998.5736751189,50688.45829736813,2263.492154785402,1892.5065703167315,2906.989831799459,0.1264177657720001
-270.17431488199776,823348.4956485407,726443.1166948575,51072.34328697003,15914.49868214375,4588.427740741888,29923.8045921982,29588.01831360473,1609.489384206019,1880.069374867316,3090.710993667713,0.1259254474214424
-202.0486817601877,856175.2521821973,657330.8364025013,61702.21917193631,15541.988586787676,9175.458695115609,29840.05214261214,30121.620818741463,2106.214390103746,1922.84686400484,2945.934149119401,0.1319510746835921
-183.7183681901157,834196.5157135348,719923.9539199091,69039.40721647798,15752.8727379746,5515.104996264229,29474.23680018315,27669.05133908769,2496.675568508657,2015.145169524469,3056.600203362492,0.1151548081268239
-296.9847596796113,850126.9536226245,696481.5268818949,101319.67981153692,15421.993250484724,8058.673041519205,29077.142204915854,44689.10145456969,3657.376191387445,1969.6317090035432,3028.628864690726,0.1173344355475795
-181.08233826618056,793551.0068328466,730743.3513819776,88310.53454002837,16338.404288483463,2970.8116902067536,27727.481138486808,36200.649972019215,3240.032595460869,1969.714380760156,3053.2946767823337,0.1194110787247563
-185.3136309050612,797717.1938548053,701290.4394795627,76416.81469347914,16420.041035938386,4685.776827781008,28325.187641151988,31653.94387553711,2928.820300964525,1802.839405332268,3066.484886426619,0.1210765390165259
-108.49443429357372,835292.8010715073,677726.617691067,67733.41978024816,16015.74890937999,7507.094549873409,29475.16159860754,27805.06218972291,2518.0012285923704,1827.2122983207105,3019.031462041832,0.1372114072028852
-260.5884044352725,857617.3240232426,660493.3778031832,64260.1801273306,15394.113305451336,9223.01924596393,30311.21077831692,22155.167812670188,2328.85241909886,1821.963781874556,2843.971768180839,0.148457382794036
-278.8455878226114,814628.071693838,687913.8921458555,50000.00000000001,15976.08768997944,6024.991656638953,30186.54849643371,90801.29143209636,1782.7077632777562,2077.31441920849,3025.1931770395904,0.1064025522875272
-234.224611259627,832434.7843915758,719979.6067115065,59009.217409141,15953.143386240818,5072.075232941013,29883.71050269464,29063.146648839524,1900.6495879501963,1867.910169261516,3002.855093532973,0.1287064400167951
-298.3956321005293,839109.08485743,737575.064678206,76944.95205917017,15728.584427667713,4467.439578963603,29773.58778755977,47942.20687381769,2953.7249530114545,1861.3903244518456,3028.773360721523,0.1173947585969502
-256.830375650481,881266.5559167765,665769.0828010507,56441.49518990342,15071.081756163874,9432.701328173467,31093.475398922204,27036.384708907262,1959.9712315321349,1722.4148907009935,2925.44958900851,0.1928001315489467
-243.3198618012397,814220.2091909399,695071.2833041837,57479.423022240815,16288.144631212142,5865.687870250536,30270.46373327185,26393.27920032431,1912.3005628560943,1959.9774746433693,3020.872095035176,0.1179565114399979
-199.7872838013638,853027.9597550461,751331.3138415337,65508.13990053293,15526.209794539547,4163.556320818452,30582.76158990501,32193.796480239213,2304.55452544792,1812.667427334189,3093.446277302418,0.1579453552018054
-253.3537411809685,835109.5346561332,713584.1048111698,68536.46691000152,15499.64627021941,6220.1048525759325,29607.73568457336,32007.16926671719,2467.155360366833,2006.059380681222,3017.4923465424595,0.1291757659129181
-238.36631146935457,826178.3429132627,709466.0672509333,110184.44729643872,15949.381782465673,5867.984455833473,26667.49910795422,72523.29331579532,4147.984044516836,1937.0815899235552,3062.1310989109747,0.1327023210756777
-289.4045996218856,848242.7070705289,709211.32898002,75272.86733835538,15486.678674750508,6217.000518771652,30303.049384942035,28884.64362369509,2647.7455759863724,1825.9531293789955,3008.810287681949,0.1475371885683847
-237.14406606554027,859208.1656302437,665177.2526951106,60249.37172437023,15376.060754305674,8706.698221652252,30812.95060840642,33332.89828629826,2274.174339616172,1822.6352935642344,2883.410472944214,0.1424947435230529
-171.2961567698866,803674.6113501051,695327.2987299049,63372.1034546885,16269.595601757454,4950.826582838309,29131.497672312096,27477.970085412133,2266.555775371488,1963.0199972971316,3038.739003536926,0.1286206941671703
-237.46404986166863,792103.7709134674,676248.3355055741,65399.24305549331,16331.708612819422,6092.297861743375,29659.52687310841,20490.83113890552,2484.396586269474,1940.1443964155253,2952.577413512007,0.104442996472685
-215.3101043458542,829125.2537099967,697073.8068739226,79776.61074477437,15964.704162635466,5605.597408311438,28664.451255924163,20903.41734134046,2925.673731393655,1873.1936100826767,3063.632191488869,0.1506205669478045
-154.61101915202158,829710.5825250036,737131.1811012771,58787.57515545375,15945.925104708249,4202.672642552416,29211.864209315165,25550.52029016777,2044.0806077032453,1904.8101586330968,3103.1703201358728,0.1416360692511097
-237.73019705781007,878429.8191695913,729217.3856324875,70076.55403603673,15020.232254911542,6873.7458215064935,30243.72035949589,28219.621546014576,2479.387206953201,1974.1289189005572,3108.360593092643,0.1360465059011076
-189.48683429116565,835865.715225856,630664.2498222865,52036.25865973697,15640.842859486822,10243.702202249358,30549.09356159282,32773.499771312825,1645.3928931098665,1887.44219309698,2864.4675359240778,0.1104694705411687
-194.42990169284863,813860.1174089471,714349.9069734594,67852.73833395739,16103.53197098974,4881.8568881034125,28724.59364042143,37862.31651512804,2549.1562800742004,1995.4034172104084,3078.820547782608,0.131719233121507
-224.51965138581937,827879.2866979602,734079.5887666241,71004.99603694795,15896.490602849024,4402.370699640042,29247.240275890257,30380.42922945344,2623.293234673555,1925.887514080048,3086.310170063238,0.1263220409324487
-195.4644075408801,821671.293900331,632995.0956455098,50000.03261896512,15887.14806251586,10137.834604010644,30122.14317511656,25272.03567862968,1630.858362894032,2153.027198898632,2983.753467202798,0.0816860970238445
-266.43474256459814,862018.8724665114,646889.9504869351,53653.38677491173,15271.879335626323,10232.380778330822,30580.479504765717,27373.495444517783,1980.2276093885064,1912.1960981026316,2950.6230902216003,0.1409641213663574
-273.9990231031368,866197.3002963458,674760.5535767687,66735.04538087622,15315.397823699204,9525.064384766018,30156.23362770909,32999.34252075676,2693.68544306935,1817.63740880208,2961.9823745902704,0.1577806155002764
-127.5424833964741,801187.380523443,698549.662147651,64206.65212702554,16305.463382178425,5413.791107294298,29273.33251341238,26054.463358134,2242.4253732379143,2134.46738427442,2949.731471707292,0.0943954992713567
-97.17033095023592,846839.3073210019,679462.318756971,58944.15446129572,15766.94973269259,7695.386865082727,30353.624368631863,20430.256453501446,1768.8738042532914,1867.182116771245,2926.5342709024017,0.1584466452234956
-246.88036390233648,870045.1323423038,762608.1099963542,62712.59764261378,15084.936779723948,4650.102411991375,30818.450424740586,32639.275491002754,2071.309652475225,1840.6527055529048,3118.476252723161,0.14681052306924
-182.71470279653943,835893.1755867959,715909.9645626744,72195.52682044364,15858.992649194544,5573.196979442598,29673.80197411562,23909.39709380023,2577.7442756558157,1921.9099207919655,3096.730056877583,0.1329686291174129
-228.9229924037517,851552.0634577502,666588.234742825,67590.03313964917,15491.61342860907,9191.885146066978,30669.66347518926,25605.75489651105,2317.061383440268,2024.0227142634071,3058.0758765640003,0.1207778805770892
-257.7010569356823,853562.5018919258,646041.4212566459,71582.71877955063,15445.21717492931,9644.294844994369,29168.60719079686,30889.10522929668,2315.8541679026403,1960.7040419378536,2970.571182892964,0.1312503965439804
-271.3154784818688,830707.7744800698,720087.4744169593,76874.06795055869,15810.86171570374,5500.694660667473,28995.90538976412,30949.940233867743,2723.025758529237,2065.391592376769,3004.0063562514183,0.1006020394248578
-179.71103694003014,801837.1655782473,716658.7127364288,59281.16694642696,16246.403648613064,4315.298043873549,30688.72574196425,22141.88886138169,1969.1603606905169,2076.9031280700083,3012.042953979193,0.0931957410718391
-148.59666080520958,862010.5377847884,715650.7047182446,69221.08506827679,15226.947358013627,6573.352398236787,30228.837858729145,22516.49959200891,2407.856853025047,1903.762104547531,3015.816260260047,0.1363266799704491
-272.11279773259434,850822.0942637341,759063.4783806017,80368.91366092209,15231.767999521304,4331.511361531722,29704.37388301021,34517.90760034369,3109.362309768956,1921.9038725006208,3089.7728756646948,0.1314155699581845
-275.73886913641763,820885.4022888865,695962.3652021779,75135.96326243185,15973.352889394208,6286.959155857899,29068.98291895129,37221.32001042878,2847.7885560064187,1978.774272026796,2961.6457201378016,0.1261725899216109
-237.0101488765996,813301.5748723916,728434.5585687278,68731.45325469412,15955.122181474351,4256.478913219359,29604.563311120884,24258.79044115099,2424.276880826661,2059.274580853175,3040.0507207810297,0.1118571648521716
-173.9303946123504,852834.5454412781,642408.4976102768,93248.62074091926,15486.695057361623,10390.820406012976,29005.03698825785,26241.300914792257,3510.0276281116157,1772.0298765561129,2953.244711916865,0.1358058268671717
-223.0449713316129,858616.9960866703,724581.1780082328,73347.84626438882,15226.214464896162,6712.235918466492,30290.838406427363,30402.93095020096,2358.3809959893497,2091.7169223974115,3041.881314231349,0.1075233014104168
-99.99653863135195,816791.1794123309,701004.067422504,59213.987270834856,15931.317347989523,5833.915441754563,30169.87910475116,31736.239246787427,2158.211354671392,2149.2986447844355,3025.349488787491,0.1220431625482595
-343.00815227653584,826015.158067171,701258.3935710769,62620.49676741924,15994.54610004922,5580.710282790315,29576.72581304927,80882.06047659187,1973.309226388543,1875.429653088624,3021.7771119616164,0.1330494847578573
-269.6848114454853,844828.4705780891,665540.26184071,54748.13297498799,15458.577642792194,8666.086633277275,31904.862899175423,29242.35843848149,1841.9513429278068,2070.518269466392,3078.905423833746,0.1028455518359559
-169.8720836170029,836619.1408519,758488.3640033234,72406.2790915853,15578.297259618768,3597.015228833315,30032.85184000835,22711.131302618025,2517.596449544892,2000.0659203418925,3052.487814049546,0.109298288166804
-108.35906784927197,807739.94488407,678953.6741603607,74228.46966309834,16078.63249478018,7143.253142410162,28855.33843013657,33160.826188284846,2755.1715254818373,2103.9150727061988,2975.20099529458,0.0972440831534912
-286.3027014545559,839403.5600839223,731832.2668000279,60027.22303336772,15846.642196223547,5133.614353497981,30264.90617573987,28062.72611742636,1928.1477215369964,1951.6835230896456,3018.700393339563,0.1292301207246378
-380.1052556852492,829922.6120037736,707599.7865327564,64409.74244134445,16064.800288674918,5144.425006129452,28552.062442789807,45563.68723011256,2282.60274663295,1755.1672896805546,3014.0206611305857,0.1589568227482288
-183.5973256699873,845558.0863775931,717171.7223515189,60508.30419479752,15555.514350535545,5702.413086863937,31301.443327576395,24382.11117302645,2193.413677028313,1911.0295541469093,2977.23525248894,0.1432111499473317
-245.4058706037885,860954.1543364996,724839.9070188922,66002.28472188453,15065.581463946131,6122.103184371866,31067.23765723253,23841.869381461915,2358.715602684368,1925.127285439432,3155.396725266777,0.1326685402667115
-245.88114788858428,829821.9944840731,709923.9739970575,71270.03198225617,15833.232353235931,5458.840436349535,29768.446562159315,42406.8077393477,2696.8570299101293,1834.566543169608,2992.724723359445,0.1318581111256711
-232.54392922934093,853867.4578511185,668579.3537185519,66171.06601455538,15512.7627127386,8246.675206850428,30239.53369645685,26849.683414000952,2356.3312120767214,1870.6621613876337,2985.6184532848806,0.1260621346454173
-283.9631370748124,833490.0492820524,695992.4096294165,75143.13730669637,15885.640517049243,6546.7867512790335,28834.82076838253,41649.408194538686,2806.699265150064,1914.1706646446123,3070.167229525356,0.1137925750441818
-224.16197768346547,809608.1781924182,716979.4784361342,50000.0000000461,16005.153494922828,4655.993057601236,30464.87283948153,27578.089513364903,1531.3949159773567,2064.492261286053,2991.764521718956,0.0947962997039773
-328.5556256495913,830128.0668268229,743940.4169522434,95518.36215053024,15902.694333525906,4187.969624726351,27701.003062425138,58142.23494700426,3326.012459920928,2002.079194070825,3032.388396132445,0.1181017723770009
-168.89194028997682,802311.0241839614,713951.063519869,66254.33485004882,16081.567587595133,4527.203163196458,28930.426971615296,27336.32273428136,2428.29119049038,2007.320341918572,2941.2729311486582,0.1031181621241006
-186.88679144910904,842739.1234502911,719420.2631150133,66446.94577223512,15549.31239019616,5573.663823240194,29831.379416074287,26365.56470710584,2367.4143566052626,1957.3815455048973,3045.511206769166,0.1257392831719063
-267.22065567011043,878674.2478457313,776661.5083338147,54040.57510314053,15097.862736296662,4341.755456280839,31196.776328503605,32527.676539756485,1730.4899553572225,1934.400140568731,3169.685184516672,0.1406674842323794
-330.94318403869295,836011.3597006304,737766.7369225275,72574.28645242531,15638.941796165656,4942.573138719071,29378.380844562813,31206.309511662123,2701.0586328457243,2112.437962996567,3170.7480698239888,0.0800558805554275
-276.4284051593364,874793.9458522841,723200.5880423547,70792.20892509837,15090.302814360204,6697.985470274194,30163.59292640114,37310.878801449326,2446.9256879590425,1879.21953844231,3081.247906056195,0.1183787788415953
-287.15900456324795,850182.9929180656,728783.4125175219,50000.00000138041,15847.094442361478,5711.097903099927,30375.317122152494,26739.04320172938,1686.0236497480985,1820.0331787186196,3108.579241053073,0.1552907192753932
-210.90252125365024,841627.4848975318,684147.9093417857,58643.35567701214,15621.814399551466,7109.925070120976,30592.012100936143,23789.892295297912,1936.750170543399,1820.7496000408184,2999.3308256769865,0.1505995834274502
-249.8168838625525,807121.8725471002,673793.6739459423,58764.79179516322,16217.157253411182,6492.556170009088,29669.874962880695,20864.47856264095,1940.1259196508397,1828.9445327130284,2953.155206284015,0.1377963322576388
-308.44876981478654,844892.414888536,745598.0560083895,71487.16938737816,15453.623288024824,4523.480053237491,29726.120990916235,35491.39045034156,2560.628058248839,1999.6836678335835,3060.385491946843,0.115033391677054
-153.10005151922996,772070.3259675401,680810.3269106534,70671.99391035082,16757.342039615163,4627.169493781698,27639.522099596867,33216.88012975824,2377.3494065429245,2079.119190367833,3014.625614194499,0.0965880109679875
-153.49798062812124,829338.4569627453,776251.7272210286,54166.65010349453,15864.936804555906,2344.6083333549645,30642.193532243105,26491.69267123916,1669.6838745385678,1930.521707045086,3137.944409573059,0.1504636974557005
-163.03750635158403,815961.0570780564,702863.3284836166,59332.35405564724,15878.87896782537,5438.028169746125,30095.461839299245,41995.52280986031,2084.5284597721275,1944.730630744536,2981.678698156796,0.1172094005512351
-237.7633210333476,857941.9943958685,631404.9261051449,58395.17889682394,15671.205438452773,10498.157273116203,30223.75107285339,24459.20392302529,1916.865429403025,1752.2989371837623,2876.713825938305,0.1531617202949674
-248.5320705161135,821768.0840765132,725524.261479691,58914.61329151621,15998.966483489625,4454.690619145394,29973.83498508974,24460.624598700742,1956.9115117045903,1916.0720568323209,3029.628575788841,0.134675271771054
-187.6951882122264,814513.7045555053,696678.5880478134,58127.31488988261,15982.37666291021,5737.894931745999,30367.77591400137,24948.248380780904,2001.264620729238,1838.6276150676688,3119.055404346081,0.1424239898949804
-225.6520768283398,849689.939136146,659435.9272648509,80948.057464101,15651.07231960452,9324.438246930227,28909.1966475129,48399.81596760434,3070.362428296143,1895.3256209274944,2940.219847049766,0.1394787260780173
-357.2330714853297,875336.1926683445,646858.9521080045,58736.14798709203,14932.828435235946,10470.769021456405,31432.92486371903,22580.833165907025,1885.8502556917936,1884.9640789892348,2891.223395352087,0.1466144610011472
-179.49543621318296,849993.0636487356,658437.5583215405,62697.934773009925,15397.744887434195,9765.077014285813,30597.87310515599,33061.63783878921,2215.2832700418758,1871.020258332252,2957.763155673143,0.1476467835562338
-163.10456279662722,834309.3184896264,663793.2636087936,72694.6177077929,16006.506946362304,8090.1986065567,28765.488975786862,40437.07004731197,2717.6689104642205,1899.9806400908376,2909.2827570005165,0.1356843934658323
-198.30954130828223,852346.1713860385,710807.3584986714,72056.55658716102,15412.579584866757,6426.117733896945,29726.11531897562,27210.46165828828,2563.286945667775,1997.4642507374265,2989.8640482591227,0.1307370476376859
-244.9790909238179,844844.5036596588,741926.258760341,60172.92893122848,15391.664214780854,4744.187936658813,31036.71690560953,24688.81978816039,2129.0502492259893,1982.3339852433128,3119.716699166748,0.0945097705299873
-114.02625016285891,823040.2427746214,717253.9345233996,50003.89408003862,15752.858918851924,5219.246450970627,30874.403300118625,24987.305812525625,1577.9015134206782,2086.1652241201905,3041.6422693544087,0.1015831162561895
-157.54789044273724,834091.5940824072,638931.0805669237,56924.33063812121,15860.211785604732,9604.18559062294,30298.939147942507,22521.54353226716,2084.222899438743,1857.301267351144,2981.1484525143105,0.1363490597073327
-167.38254313785944,831145.9138801742,734185.867046798,104378.17923801162,16157.356816025407,4363.156019197966,27124.89449113544,35922.20697634651,4231.501967084423,1797.6810023315024,2987.5031634777984,0.145616230327303
-308.77871565139543,825073.7560106076,726578.4315807894,71301.2220361967,16046.6577532818,4856.721522765803,29059.045600729256,36532.36439041919,2573.6433376073733,2184.3451728842306,3075.549599505381,0.0786790025223706
-138.1942576083725,802101.9006009348,717928.503606385,63390.77912428034,16363.668815991694,4351.713080785448,29037.27850741375,34451.694362793045,2276.960491377757,2005.293470561143,3059.6904127716725,0.1033920473367521
-241.288331898374,843842.7007666562,726180.6811820554,66288.72902282992,15411.10469118434,5866.8980309922845,30053.592501396248,29826.575956291897,2086.9121535616105,2035.38231116708,3114.9947439505654,0.1041217228001134
-252.179682167117,812553.2875055751,687858.2436771352,52188.75530808252,16212.4831778163,5976.924464181415,29760.56423276497,56167.83346387008,1761.6346578462922,1853.0147459727432,3040.4606399718004,0.1127939280572969
-216.1834187551276,841704.3174331847,732225.6383812692,74804.98062980917,15557.449948723315,4768.699369396054,30245.278262736698,29827.07180320382,2879.77011415716,1876.3835197001447,3040.9749650507565,0.1328607942840142
-224.3313027714236,827040.2428020468,735765.7123474265,83142.64920743395,15762.9815070607,4434.672315886702,29079.32680183083,43427.535601547264,2909.4147920392616,2158.160996184883,3040.787579442795,0.0916957067443072
-160.3192235869758,832699.9654379707,700993.2071847104,54835.42439130005,16008.623231959276,5510.750279139988,30057.345805596244,23008.591339070303,1933.656611849374,1802.3849494544577,3069.076899823071,0.1703234230867407
-242.281172402749,796618.2127811334,684183.0525025919,62627.640776930144,16193.26889433748,5536.8624304302375,29279.53082024074,30349.798824097343,2199.2284130215603,2012.909780666154,3097.063929986248,0.1124060427581922
-72.44688477969055,823991.3326014263,699779.008472617,52454.33637898616,15868.070569827309,5764.331394845718,31032.309251214963,27218.06901010605,1716.8800621393627,2012.7615059801776,2970.2867738663517,0.1160603747128585
-155.1491967428088,862788.3728056961,742745.0971374586,63131.07969464963,15394.296105868692,5116.748517262838,30276.15548074281,27808.797685705733,2181.670706288566,1904.5346614034531,3046.006580891155,0.1357839464110436
-242.2237046149792,822878.8251059345,736688.3839414023,63480.22318647408,15904.035019648312,3933.454618255428,30052.81539854987,32596.39785709108,2093.162129867546,1957.956597769524,3086.698650542354,0.1227375533679935
-160.49302001308072,828899.2803151555,708126.0927684578,59856.35571220655,15827.469725960407,5908.32325367506,30758.017219634046,24633.46902148413,1983.0032241779563,1997.9366014936527,3047.850313081848,0.1235779970944974
-349.6121853063598,864709.3042250924,739219.1060357164,55811.274554578406,15269.22248682143,5467.564327174775,31521.46233990816,26881.974434035223,1758.3471747865472,1846.386091417536,3134.4700703606395,0.1324166330526412
-205.9087077061028,832225.54743666,719386.4529239676,72249.94440988971,15807.10351240482,5103.604875095557,30030.991079294545,23976.60720642811,2476.604867080578,1984.4914680294924,3039.030557784772,0.1307328968969418
-327.7701377997758,814592.3213102225,693205.5940941797,63995.9561719172,16259.41801283188,5412.413864255546,29649.46221282673,25147.26996858568,2314.7064484204748,1942.426966180004,3041.907621552875,0.1531747368276802
-224.7060025325437,818169.6613180834,737322.7228421968,59261.6752712829,15923.7246291556,3710.4795944170446,30240.28134276532,20210.807437228505,2122.315564309902,2133.093439363917,3040.143372300117,0.1193517001091504
-225.93476742799209,822122.0151911604,668423.0277563368,67791.17265857923,16099.356657652086,7023.73182904088,29731.84406212372,26685.977923918534,2537.776250531408,1819.32566251702,3025.1624017844224,0.1441759490281112
-177.7564279565857,821668.5674288799,708655.594393132,68336.43210610551,15935.264918115658,5655.159301125555,29353.34424133346,32488.466553681832,2588.431821936439,2094.211063115657,2961.162117124122,0.0961097360892207
-246.2965353581177,906471.4279939124,751893.873027083,68542.83919816698,14695.56990883916,6406.61914209194,30983.099969132087,27183.34431910497,2494.375707182243,1871.0342080866103,3105.32773252849,0.1685471002312893
-283.41128326752334,864458.2707958928,722045.6745944341,56823.766192427865,15185.458663680974,6303.071707968991,31017.1213430041,26224.978962407924,1999.2877225122188,1755.9427851210396,2999.54313181672,0.1432341398405563
-230.5492202604203,834293.3020579849,705607.965631592,100609.08238563332,15727.51983254432,6271.224008169815,27520.53996831474,43918.75650214758,3677.151319489608,1884.6818729830504,3063.481491349765,0.1170472701008224
-283.38157665712083,853962.1560034849,672527.9846831467,96278.5841971517,15572.698404464089,8903.543309379857,27871.78763272889,43651.06318400352,3611.8534199668006,1767.656714467285,2894.174793723951,0.1576495163785376
-242.7276608500924,845287.1749772376,729005.4222007972,65329.203254165775,15514.97459381408,5296.628721286434,30004.626462769407,29525.267301245447,2332.2707052152978,1947.093724325999,3024.515112443621,0.130782630012303
-228.8630564564289,839582.2307879195,706269.4299529371,50000.00000002372,15819.83825992751,6565.286240595118,30489.08815276666,34390.03601664362,1607.05171347737,1880.2100244572096,3011.303765573922,0.1341683943591507
-275.9541134459375,879710.7144349276,744097.3260945226,70170.48852120497,15014.1242220016,5821.313524807712,30888.768361444072,30243.0118193572,2429.3556144920462,1835.6379312927104,3120.332682455754,0.1450074975158528
-250.25944304162795,809100.93666537,618592.2554688231,79683.0003519012,16308.348768460812,9987.866438014804,29366.938301761034,27293.17389772072,2835.364050244145,1856.647334547729,2804.9613371099786,0.1493100323556736
-142.21118105583707,800417.9785118066,686661.0069891317,65582.04600556068,16177.212234417071,5967.338008580514,29473.075054602174,25467.349017964032,2325.8110733631124,2193.4693945989325,2946.171152986905,0.0931438462465399
-287.0239088011106,813833.6282172618,689889.9157027431,65507.140561601256,15958.56611354069,6004.4016886850095,29911.167730902456,22343.263786479936,2282.0649134403325,1832.9052996791456,3038.044131819306,0.1435041902536984
-216.7554722230645,790488.1975371685,710363.867513692,64707.9993761944,16311.29766460068,4031.876459651684,29731.88586709507,39688.34148276293,2249.6945701936243,2091.5729297446355,3102.7349535231047,0.0863298579798687
-189.7250354910585,821166.8429768365,722166.5299226169,76046.6781830544,15944.266507783635,4931.692392034755,28470.53125843945,31220.023065542628,2686.7202821676638,2057.2366834011887,3070.6126750029807,0.1111754875347778
-331.3590434113012,852584.573809327,661928.7481616247,72555.47558876907,15570.350446305729,9296.973978060569,30455.780215489624,22780.36346053214,2564.613207878648,1962.4285116828064,2905.9430907617475,0.121523061575052
-355.12700803275254,828094.4448689517,666669.6237895358,57660.5546605158,15779.225888094175,7828.323189173218,29779.76047586759,24819.2552636376,2140.7191063127366,1995.5507015998696,2951.2084016319086,0.138203309334645
-267.1868082354505,808853.5648543596,694420.0982065577,61151.8913599624,16147.564425844375,5889.332208804444,29488.949330929583,28800.08275520899,2117.854659542901,1928.9946408160072,2997.3009186750364,0.1342326675653004
-229.40988502402104,858562.4055667074,695786.0151612003,70179.84768266727,15395.133726627277,7547.210434724738,29362.42689935777,42915.0760946162,2507.217798335863,1853.2813437063523,3034.5656076547607,0.1288418265753977
-197.12173510391847,877045.4557421119,717225.9956894742,68282.45848349272,15423.310630638274,6772.921625566826,30333.75775838225,27556.85606787857,2408.3180984550777,1770.4233685311913,3029.589156581444,0.1763928428474411
-246.5807803403521,845720.5013610084,721467.7529947334,71522.26482654245,15568.312271752682,5846.492377429155,28938.49614666902,32159.2783802314,2584.333651672571,1905.6817807571872,3093.174346387657,0.1360875466673669
-293.350582789062,827895.9602127457,781648.0616661035,56767.26012343314,15626.903678683662,2134.1410960511766,31234.33879363019,25686.75427917484,2056.233314970057,2171.35678571068,3093.165307490403,0.0847997253531499
-197.0375637081505,832737.5919733653,692479.5422436032,111218.33880198958,15752.529848755375,6882.729436278748,27810.407290416973,61368.25900956738,4535.325503717246,1964.749743731084,2965.9564025432937,0.1074220001937336
-300.8501108930026,862484.594309784,753731.9851400512,97237.11939708116,15078.861051932246,4969.246789997216,29358.327070871404,32296.56556011651,3898.5227862227057,1864.537064139645,3059.45651650968,0.118430377108105
-147.0838670805706,836864.5664427745,734224.780894307,58186.14306611873,15681.725107115784,5099.128210241915,30153.56514699804,29291.44925764115,2000.830998520058,1908.559292233368,3160.218339857469,0.1378369285238673
-172.77065765406684,823764.3316041776,723420.2603111747,62538.1555640859,16054.007670451096,4275.131062857245,29617.34974426481,26480.043508527317,2015.3973311672717,1884.4232721920152,3046.6720136213976,0.1568458876130132
-244.25440879411929,816891.9341701393,712901.1031907852,53763.18517862227,16032.07177968796,4992.993926966394,29840.0697195116,22336.11172835249,1641.6504760719888,1847.011748373948,3115.9426146315536,0.1581619597315184
-203.18374959131376,808854.977836934,705018.4873416374,68183.64379366132,16065.61615448525,5536.65268871328,29257.22903217729,27232.330649549534,2565.983056463328,2145.516883518732,3021.0728053034945,0.0794395348164692
-185.6180025071456,810710.6620246881,722931.2969729555,82987.27922382833,16157.52503169086,4283.741590806049,28188.94970546061,38356.2833422512,3188.060367865593,1910.492384314651,2958.6850815576136,0.1380937549229101
-96.08829200332862,788216.5418440594,706801.6611166827,51771.26140674734,16714.97022983713,4084.6777164930704,29390.846602426005,23102.00926770381,1747.3702046899632,1915.94151697752,3015.2331342209945,0.1579537167383955
-319.59661831216795,835972.9286525054,681465.6060147734,81153.70369342374,15687.585389750526,7671.7074999571505,29285.2747908733,30064.55368941664,2908.3827088157404,1925.767345229292,2988.9194429209992,0.1165036913009237
-278.2782358998746,859845.3002751811,723357.4776009123,86100.71192366048,15442.516047557132,6077.7444684178,30291.57088248752,31216.07977493362,3328.2078001254595,1906.859866553624,3192.324222407402,0.1248651530223984
-156.552854717051,834798.6075907142,722092.8138515071,69468.75971673599,15866.618560990362,4949.00542026476,29894.442020391158,27550.203624291145,2803.1962510809253,1914.492108523999,3115.03182548665,0.1676249364411526
-260.8946761759529,843504.0858493351,655056.3099748488,61604.71413706229,15691.8295354333,9306.706283586278,30800.35652717393,20135.08521083582,2000.9574335431569,2013.2390713436664,2863.687157128068,0.1273850784715341
-290.1610686303675,845322.7810781301,709294.1470003144,71835.25378035565,15495.066858006485,6559.686498283318,29485.745524604365,29827.265934182004,2624.611717018371,1920.3903307062371,3047.2347104931628,0.1310986501276622
-193.60208808695552,841797.1515032577,723026.556383832,62241.84362883966,15538.758378280883,5594.491801368773,29843.94657301837,39585.99976407266,2349.148300763326,1874.862708581921,3099.805985502732,0.1476602291360898
-206.1105281722172,812773.9373470743,707194.1128339445,66130.1257032727,15887.038864293512,5173.230437780268,29857.989643401965,27292.031905508546,2351.00746807772,2009.073541031325,2997.289730312707,0.1129513681600363
-193.1173047364044,834581.9216230083,752333.2740630613,70908.95645453616,15903.717765923207,3801.615798615785,29407.862936902337,32917.63963901215,2703.070733132555,1769.760221728002,3113.295742615051,0.1657070134899974
-153.91258065175884,852929.1753801351,710471.686752618,59531.47212288529,15192.42521794664,6653.587412207184,30895.60787013,25608.69213132545,2074.721618356913,1999.5656299653112,3046.317308914606,0.1380321136891131
-303.67977918488793,821187.2612545132,695243.0230746729,68738.75216079135,15915.997787750435,6064.352148398692,30002.80966201937,31959.53257720498,2346.7162267238427,1982.1279460870128,3119.511471302726,0.1116257463974955
-246.574584711506,841477.5529403506,699141.2751458562,69822.38352172257,15818.869984818148,6157.64120947975,29878.220406078024,25313.85290138219,2314.762815075557,1888.8038720242623,3100.832883379812,0.1533952623321037
-225.0020955764465,824281.8176402277,718517.8590555973,63510.8734577721,15866.919696769522,5126.119343481985,29567.431525402066,31613.303483192445,2417.240811648894,2098.154541117748,3031.4845864407466,0.0957555030745253
-194.70238277744227,830481.4810725043,711267.091010232,65676.16716958304,15775.97306675646,5773.564824863928,29955.84265140244,39937.380530809336,2245.762744822066,2068.3736443231533,2962.8625971162805,0.090490075144916
-237.61267439070457,842834.35338189,735861.0320067579,64402.92541304005,15730.467915193116,5166.073109014843,29783.82257789405,58081.432422720296,2206.3425377929484,1908.9389127688487,3064.753972524505,0.1101419777845973
-192.6789228448509,811119.3540660861,712243.9685677363,62951.16676854823,16013.866714324073,4961.874653465895,29378.4285787326,27054.340017302788,2235.569987107128,1928.7667744776304,3077.333290266746,0.1255300346822137
-246.7108606347098,802538.5332263146,700649.7636834872,62885.56710438993,16256.929665816093,4874.748675528535,29645.69317685329,29582.29621309221,2036.0985328977545,1942.3930928730424,3001.657376030222,0.1313088733081537
-155.18514110114066,881467.9546469199,682493.2540886196,92662.47881498994,15226.586439503888,8498.076701145348,29102.88834735173,30145.09563688288,3404.213773141153,1789.3972508315435,3024.251651473714,0.1533083718247442
-179.7452394498959,837484.8568367247,700755.177783202,70300.7999588604,15919.466355467888,5908.403410237364,29761.0288650025,24526.25818778829,2603.200165751419,1817.340475304468,2965.263611870317,0.1702627344821198
-221.48553169982503,838108.6839902195,707111.7252999025,75973.79992172292,15624.824842257927,6173.577944635075,29422.14873977188,28796.23942455455,2774.549927219205,1943.1663526733344,2997.297322924829,0.1153005792519864
-217.45135339721185,862678.2555733843,744657.8387845667,64652.589727437306,15500.936686812329,5847.511139919914,30322.3450419027,20372.880876355168,2323.9414986600023,1930.4238137127631,3056.7676364268978,0.1472616932693679
-281.1252486733473,855414.5341601663,679285.5182015288,64557.52103482771,15394.065485119476,8768.994412096203,30116.24082642856,30412.86620322701,2199.84701014018,1923.1877042422109,2920.876369966462,0.1314098320601478
-229.84491296708552,788737.1018784588,695774.8360228081,76500.63232775008,16371.450734401757,4892.929237503353,27863.39924982695,49250.08078241341,2842.9132855630523,1952.431490942172,3113.871717586476,0.1256087318573183
-264.7868668210372,836235.0843246949,605489.8100967313,61121.44943104531,15951.561190225986,10823.677239430082,29770.31785991676,20539.368361918616,2014.762066896877,1742.8063769653345,2883.8150700481297,0.1640932919845895
-316.5105222253113,844615.0118552088,731549.8549660767,66918.01895073298,15753.110520790637,5643.180835473288,29786.27757987569,23650.07317120789,2270.888214706851,1956.0638846025847,3132.326906502756,0.1173038433244895
-230.1165976524497,865334.1098595202,677962.9826011574,81223.62260700921,15621.46244046025,8772.791131846123,29352.12106786708,39686.69433175892,3345.679705354754,1773.4158250767932,3063.802949623799,0.1801454085567138
-155.8103950084206,774537.8743165677,713018.7341871645,63216.76544604126,16813.645061509003,3218.083422432509,28064.11017781546,34902.95328471081,2260.491323947388,1954.531397566133,3019.837305101368,0.1416249950488475
-280.6487850609091,862306.0653610487,756968.1609089891,67257.48993715066,15250.467257945407,4735.6367491857945,30120.055010197557,32774.86250179737,2573.2745916844183,1893.37663886782,3093.78447844588,0.1436153733398712
-252.4193729752231,810743.7315594893,711987.252754818,63233.1674973419,16242.327887113004,4651.73834052525,29589.295356535426,23882.30575908993,2161.350272278987,1915.28318454532,3023.079006347816,0.1428707207287864
-226.14068379686609,849911.4984018849,707874.2935788698,52838.22553936573,15520.197454583878,6814.596486560697,30570.91314852367,26996.640512482583,1862.9482916449715,1871.2009677066656,3063.074900059614,0.1489967431414529
-201.60714109874365,802760.7747164695,747908.0359706782,50000.02919795277,16147.721367486736,2667.716436224971,30356.75216597505,23792.894567480456,1623.2809412563952,2003.6168319759863,3142.326251091029,0.1082121295527093
-201.50952760156883,821403.5324644307,658964.345914602,55724.69954622407,16005.062570623517,7560.831571972057,30047.16215026768,43018.89642176371,1917.4832572018763,1939.1474172351227,2942.352751668962,0.1369751589157189
-147.91683168023494,845252.532674412,712301.7779429307,81471.62392186829,16082.804757188134,6198.7582229425925,29531.42031671596,29700.82865784939,2853.526993645867,1762.413012026063,2964.973301695152,0.1638550105707096
-219.81503250593937,833821.5929956166,699232.8386377981,57275.13703724994,15629.084257466666,6389.927668049575,31003.27381149978,26014.457741109505,1928.2187266831304,1828.0014741760083,2965.528655984052,0.1353325533262318
-136.41669462786,801490.7784553891,716126.9705587844,67663.80399588015,16359.822418676526,4215.796406364671,28701.55214854329,42512.51582854809,2254.424465202189,2007.8605614787036,3040.886727540784,0.1122678930986151
-214.37446369743915,801230.4996126015,684412.1561073241,76051.47435186923,16298.174682097604,6103.239035359803,28775.436151002148,24197.844051441814,2695.851336359892,2018.5953645173647,2974.868999859219,0.1095186348762495
-108.25421926679664,848054.9431569418,668478.6972364546,78856.8987305873,15502.441709211933,10037.061010862632,29631.64085187305,23747.42543193563,2771.640334725609,2000.4989839804527,3012.185458905105,0.124995346685161
-119.42792815848496,797123.9909137035,718235.6584049353,50519.85436308336,16474.750515959022,3724.1341668166583,30198.62117857706,18432.59203788322,1587.9510437387214,2128.8162608758435,2959.479042274668,0.1033540738592595
-327.34110347387974,812493.6743373259,703761.1855047169,70413.56113173818,15899.410912330688,5575.330956818903,29156.843392278,31442.769570179255,2378.2883114693395,2030.3108294645492,2940.366799341235,0.1258939072467492
-228.7918506350112,801971.1336154944,726893.525389562,61732.91561320293,16249.381354892505,3425.476361275369,29504.6885432687,26635.05764019821,2121.025891563007,1980.64958943611,3000.8622090518243,0.1206273805778387
-300.5588258384232,837556.6883409583,720823.9815747801,63285.90911391688,15899.856092857286,5589.016781363783,30306.611529386915,43366.45834035002,2278.3249324826293,1983.4613748417355,3031.9906358876783,0.124767496898407
-289.6269079510018,831993.243914952,718580.8494269924,66959.89935153289,15496.090108348557,5797.960021121042,30029.446945583783,36220.34628357027,2645.027118445185,2156.7667101666398,3051.946052558056,0.0845480148730357
-218.05518986966868,832278.4266936479,642577.8405103364,73332.46565780982,15820.040874052173,9455.342639621244,29797.30694761365,37904.1182499256,2411.9022577764263,1892.2877810937125,2881.8362879994606,0.125451807183782
-235.8119024964669,830514.5484024438,712971.5961035613,65049.02177344122,15866.692149094752,6013.491719405251,29579.41065878337,32332.41751863132,2246.40448506156,2044.1209768208275,3020.618778049858,0.11310744816655
-256.6321681807441,824713.1227019328,719944.979590066,79094.03658962125,15884.391822762003,4792.740352785567,28792.055149311465,34405.358865870294,2858.6489487664203,2043.5627794540635,3019.7502433703694,0.1156710806217898
-134.6926474625226,822141.369182858,706195.4996250799,67541.54226855717,15879.155703180868,5639.597389164174,29947.00041964251,31195.72043614225,2389.059448586006,1968.515679422416,3017.5572140022864,0.1301703217374273
-225.2514737950092,829215.8386645379,731183.2067776158,62798.57852790982,15820.03435780273,4661.730394804035,28639.9530217128,147980.37487077928,2122.2770656121875,1974.0158438701976,3067.737043029735,0.1321002833729571
-134.31506293190552,823898.2438772622,731857.9650366617,62615.80076610921,15973.72121654996,4442.390910676659,30078.99507048423,24798.736170911605,2133.981935617955,1994.0374687278152,3059.3318870359967,0.1240346651565356
-120.52452503224546,843056.9045309894,694048.2687690987,67369.31793242661,15834.648711686965,7375.195799120053,28626.16866229484,28487.98239736313,2215.94695015784,1870.8435265484104,3005.156168365701,0.1456292085369796
-224.9826198076023,816932.2472328444,705850.1098225955,60948.88834784882,16032.928305492464,5358.880069656526,30265.01916850908,27485.70981473677,1975.2271721765665,1968.725467419261,3051.975054673315,0.1188201470334731
-254.99978566985283,820379.3897510151,715766.2098883493,64995.8871396659,15974.361654766604,4952.664629829694,29485.600261417538,23518.877913257213,2140.359945540157,2019.540046500577,3097.230837841681,0.1167423782437346
-293.73950127555065,867075.5486775063,671266.6892016686,83691.65957922993,15304.70951481405,9194.968741611228,29068.070128301824,36419.51037795942,3047.0651483162587,1872.0748128513928,3046.7648372571884,0.1362631724834778
-176.81194786863074,848772.233870353,748461.1400109589,60487.44997850502,15312.596221200134,4310.5876008042,30863.73811964276,24466.530464562984,2030.1707711467416,2013.7454557101728,3041.897471756517,0.1273737617439986
-229.020728753541,853250.7637457962,752967.8928974761,72690.41533249046,15527.033750752043,4598.936100101939,29255.47336691568,39655.23305422094,2760.585353660459,1938.352051658268,3135.1447303486093,0.1357066560485051
-270.2982383093929,856239.8705717612,704269.3130642954,60761.232105809606,15625.070954072222,6642.889268640137,30377.504972264007,33914.799813556594,2167.3796259531086,1839.5452380380912,3044.4924788624794,0.1452071898334802
-173.48964960619656,810541.5472827234,642245.1887626449,103646.91877683216,16170.838923615584,8747.902135088196,28032.084245937524,34499.79381395846,4206.623801247656,2040.36524737858,2919.940019117776,0.1109237027540787
-182.0676998550854,789616.6708974626,688966.2195964797,89470.4938097315,16475.157832996396,5389.069643557513,27922.300880531315,29632.85220441069,3244.2317562453704,2019.0933119350036,2981.907138932233,0.1095362951402541
-211.71983954814797,819392.1590264789,688139.9843706965,59093.11942206298,15990.095166701678,6348.269257814662,29865.14627046207,23140.34508434264,1974.493040600635,1851.2199885142545,3064.608980606201,0.1434024871374402
-258.2295343345261,833445.6766000101,697964.2653951292,66452.86807642077,15888.973155013837,6087.771561002484,29948.626739265448,23962.362573802355,2438.3774252192507,1754.2063573187484,3022.6936769119047,0.1606090002752259
-245.2722089807774,848982.9720574648,754286.0631073397,82022.2036671303,15552.974442952622,4332.815816384774,29291.79709704831,47982.917328927455,2900.98958578202,1971.9449994787576,2999.145565081305,0.1241524810258332
-247.340230722711,843549.1035218827,732981.3873305669,56773.90806270544,15809.875138935036,5130.691785305376,29263.466406879077,17863.695961152756,2062.270219552951,1911.154752133468,3056.600237548224,0.1411934361043259
-197.46679987571977,798378.2515662063,691816.1660596405,76505.67378102378,16457.74418070266,5501.333988268331,27704.64276519236,27444.078714981795,2562.950057392464,1988.3077327037547,3011.531926723259,0.1079073765564868
-207.3293907131429,807593.4122228993,725369.3739874572,70338.94017951551,16269.534852266372,3801.037222431636,28248.32863622116,41647.4321075845,2507.080009960124,1802.6600659962396,3124.197749770385,0.1425613091556727
-195.81727087804364,846059.0728862213,728673.9338016625,90183.48382650208,15839.481162465034,5010.779134149575,28981.53247824156,29879.874454573383,3316.922318074742,1816.6637302214708,3114.2137633942425,0.1640236194750161
-163.74725471038795,830708.0340305165,708060.2336052711,68300.81361907319,15913.638102346766,5429.971273508832,29316.80213360802,28138.8618800633,2569.693806491888,1935.7393356135155,3062.820715436774,0.1257837748309768
-223.86102851488332,864398.6141670205,635412.7067581336,93662.25300943962,15342.198770574743,10630.686560073029,28223.3062133279,47706.34719736836,3691.543832856976,1745.2920946015174,2849.1373388383176,0.1557931981247339
-176.1734765765934,842675.6583206482,724473.529197104,67280.18956677668,15665.88999685017,5471.85377485845,30365.62495023472,23027.208731191728,2423.120004982092,1876.4517904833444,3011.051983034762,0.1421187404241262
-179.75410104267834,846393.8508047939,611981.4986468336,82139.44492087017,15422.872437197757,11182.32452347316,29621.884512539255,33393.2020350607,2981.6971994462456,1884.831793111076,2824.047420337334,0.1313535458046966
-224.667600231714,863665.5993239032,621829.6892628388,63343.07502308597,15380.034482620516,11984.550852468024,30770.67019091259,25789.59742539609,1925.898590147037,1823.228118636484,2876.041753174213,0.151216098258698
-170.97999050493073,844442.623760323,707742.0179507346,72651.05439496017,15575.866491184885,6260.182040041696,29941.124395231174,20991.709240117103,2547.4030807499544,1955.8901826389167,3010.8378432933623,0.122327464588639
-166.81616792342265,793713.9444923375,713192.6900888397,67195.68735604612,16228.178762902497,4020.641765921471,28933.817476799533,31405.2956114203,2413.8810709324384,2064.676117670157,3020.2435441380635,0.1071932401412458
-249.71689859706007,847551.3151714912,727148.266807178,58625.075564052495,15690.983562643723,5581.346738912204,30290.968367459744,30490.93179271579,2071.132123736189,1766.3809145468886,3014.516993703512,0.1606487069595839
-237.27535080389,805175.3608898269,679989.7323603705,50000.00000007781,16342.046999893755,5708.065498482059,29528.563037554828,36472.65137075067,1537.7611535066503,1794.5785615038635,3000.475896178036,0.1579312016222611
-234.67014512901176,853792.1691798633,734585.2571576708,60244.416906968574,15503.094863912793,5363.051174462796,29872.979739963022,28774.536843746933,2141.6801278434014,1760.2172658351187,3127.6210703417537,0.1540879957813077
-249.66636726279503,804874.2603850965,697593.9940077917,61195.97347449831,16071.05894955366,5024.32885453446,29499.539301547786,36758.92299595156,1964.0604741968064,1920.0296643365648,2991.591259537816,0.1359098895309239
-243.50577611928887,864506.1008251086,603710.861403496,61240.388988324965,15186.130440882644,13396.703202306877,30792.462523715272,39680.88425705157,2047.6948150902808,1913.9444794778549,2796.696645749764,0.1182632380387045
-155.42719653616683,814735.9361127266,729187.2597132885,62463.34701105094,16313.247622879548,4192.695561294472,29172.75926023604,37888.11698950724,2111.2097844108885,2039.2570341349297,3043.300679004777,0.1144832575052902
-255.86901868452017,825854.4883463206,720873.9060909083,64655.69929306509,15751.423266112284,4998.36102195255,30087.92891675489,34330.588252668094,2246.1902777663595,1963.359447038356,3073.429885019539,0.1470029481900494
-240.883375845528,807249.7234216318,676808.1574944818,69128.31319126631,16253.18239811012,6175.942281529861,29782.628113831044,31062.939321899703,2338.390849595672,1835.5322106625456,2983.62721453748,0.138997406590565
-266.84966503945606,845606.384747416,726693.1117634664,65917.96248984714,15730.47423324688,5734.464775668842,29995.55777874174,34545.680418613374,2309.721930378408,1983.594767143377,2990.16637456263,0.1132367760038499
-279.69697973286003,808651.2808735456,684787.9464252281,66647.4293233778,16004.885683083425,6099.644487096691,29273.27174454872,33156.29636048387,2330.6357758918384,1871.3912889508376,3034.9106664694677,0.1139280803813006
-220.90155934025347,794506.959969011,687632.7114652223,97832.63191895776,16471.689789322383,5704.332443451573,27430.6452786749,47450.67526952626,3873.942184829125,2060.684659376423,3047.368620596748,0.0911086180695151
-155.0234362880529,809196.9088828654,675663.1440129314,87791.10348217114,16108.443603593149,6307.094565207578,28127.468206724818,35686.83124523182,2973.5288372307027,1880.5430212455044,2986.701954141677,0.133447594821109
-215.4342348665689,827733.8120837569,727129.8495971778,68495.38824288959,15763.245433554692,4789.366908625501,29885.79101428068,26352.52681773009,2365.5859128332418,1995.7533433667213,3178.211044594468,0.1190639787151879
-261.3299073607357,816572.6444891209,680639.4535558952,52211.439808573305,16285.13744503328,5985.292832310287,29433.281046746582,34417.80670833887,1739.3113691703106,1871.8294314637797,2985.908715719092,0.136284431554056
-155.30589279497175,828130.9945932573,694630.0323722262,55395.57660468814,15955.78190337826,6201.239312788243,30448.200546241034,19494.151408896363,1932.8239402282447,1969.6438012808785,3007.576316629718,0.1324137030551383
-120.9322836777662,799482.8700954309,712625.1086334375,74221.92363241831,16381.312877794946,4414.325665421743,28054.24289639197,39772.17719778721,2711.790808280341,1966.4489026177744,3018.4183034404546,0.1258572587684959
-218.5628132622257,812449.6527358971,704976.9281025616,70701.46036148834,16153.08392365918,4994.444269849476,29241.0133449635,41016.74962632482,2404.7534746234774,1954.065922434196,3008.9501506914667,0.0926896397837143
-143.78449750326934,807829.0803839392,659693.5161353288,64509.614924170986,16129.483840843486,7223.361328266485,29895.319728562077,20717.2180891569,2261.9990498501243,1766.9570365118464,2916.145604480203,0.1369167252158448
-159.14019409123483,809994.8136717044,669816.706174015,58886.63915315884,16218.597419197367,6357.6443281192105,28978.49318244112,29573.82317147845,1960.4177426039396,1870.926817949073,2807.802192300932,0.1601632729072767
-259.17268982280893,849772.595536432,715698.8542428908,63791.858798868976,15541.891685847011,5904.700650445996,30378.813913620164,30171.503264851617,2458.079522619368,1905.125965249316,2935.031761190046,0.1422498077803386
-239.8880795480107,815249.563204084,725003.2487118405,50000.37766771897,16221.370473401148,4508.19749318387,29326.135826954447,24106.26415979067,1715.1411604567925,2055.7498461368104,2948.9539266959414,0.1039252403717612
-234.0501333968695,809580.211032905,673299.1349271339,50530.744781055306,16212.858633767446,6761.314482286723,29874.57419368943,24539.69756822563,1690.9258263300285,1901.3637742165383,2987.0783875819275,0.1561279995616299
-251.6773114713679,841312.8132067126,666836.7541276017,54395.880543742926,15730.271390549084,8296.255530397812,30396.685332210174,22362.083042838112,1760.4715914966644,1842.2007085208893,3007.078102462236,0.145187673785572
-465.0229223056903,839317.6504549087,730158.3613524837,64750.41619670286,15653.45236684602,5037.49657684386,29927.83383147769,24139.288890355136,2245.393405205112,1942.917901349406,3067.8232547674797,0.1074063450132986
-110.66197116622791,823444.4538858383,632944.1259500048,83093.54268309049,15998.66503216483,9870.179995100356,29457.672224551145,26116.54834071055,3232.050346172228,1862.6118503417624,2833.067644124292,0.1502380074728108
-296.1234543704038,849693.0745034494,714669.2295763296,78831.96808443422,15323.300387718818,6219.588852008155,30324.79560965889,30277.63757052644,2964.904073241664,2027.098968625736,3083.3235637127914,0.0960471924670705
-157.0642752572689,835822.2739670416,707380.394585205,71248.14780372397,15532.45904550984,5829.182138349113,29618.044647895476,21473.436687737216,2541.956358278194,1997.7917040142863,3012.187223445,0.1250029831225011
-126.58171065634704,803559.1506888979,643152.4083936188,86172.31887436601,16319.99520636015,7416.026067937194,28643.187954937865,39803.29725655534,2853.924720460003,1859.1485022584277,2905.6564696182018,0.1463261894968879
-197.3902669699714,827024.6284593922,747938.2476665792,88391.60213912603,15750.863964273314,3898.8920542285778,28620.618952132587,33352.83730113676,3158.706426618545,2142.1466899362026,3169.324915803843,0.0995179431627256
-180.85478839510736,817385.6548364274,730491.5498063089,55559.09094390146,16097.49658814482,4026.587718211221,29385.221399441078,32848.1293879247,1803.5422094671253,2067.832465497323,3068.653001751195,0.1113447283212601
-156.18963825794927,837366.0428471204,725995.4862500508,64968.75935347544,15616.386850515972,5066.952633703081,29648.409522532034,28184.67761787768,2295.5925911325485,1909.661992787029,3064.233849381072,0.1436261886508503
-266.24386864323867,796947.7148878145,722427.2968225605,61041.52701264405,16533.54426071841,3321.788683293214,29197.56284053617,35915.53404126358,2081.771940214755,1809.569171069047,3078.236227499064,0.1501947151774227
-168.21948383264203,824898.4289374261,713826.7509810003,67542.70491396009,15658.804642463849,5418.79119213248,29632.932788259288,43184.68553936784,2394.478602794419,2048.126126683748,2970.327244176909,0.1088016818412473
-244.40017715250056,823840.6002451193,718110.3397562713,83147.36183670962,15942.120281066822,4748.294174378895,28728.52640377872,34125.07831831806,3027.950185939952,1905.268915187208,2997.295345104662,0.1256079445635592
-265.1020967304452,849715.7964682209,716956.0593286618,54791.346349595085,15381.03981460271,5979.743454320679,30606.020882543115,32462.275275080785,1795.9682291390293,1949.5844990028504,3094.277824308423,0.1220089996928349
-225.79523205650565,846114.8206264352,734120.8996135814,74146.65380808205,15636.180105335796,5033.348547305233,29620.49408219384,25331.466139621592,2554.841059398802,1936.393191577365,3074.284982775334,0.1204999501938222
-165.2544092787922,808700.6730636341,715895.8521694369,61743.76992663898,16039.57619525258,5015.931731897073,30264.47159282579,26600.995327097145,2315.9456077085165,2251.6048438625203,3077.073113850579,0.0852762724206001
-229.15127419449345,850900.355085053,767184.6876573933,92437.33844564804,15338.772375864,3960.762130702398,29656.868313263527,28693.60555967735,3546.701959545619,1934.221858057716,3098.588755757301,0.120264153546846
-307.033874958054,846176.7227103546,746874.415145189,71484.09444450085,15481.481274623788,4538.424029508794,30169.31883442038,26422.919480873166,2640.274632155092,1877.8713789577828,3087.166567461397,0.1260360032231759
-232.5504099321736,863870.6944475124,701426.1996345575,71642.83151854627,15342.41578630888,6772.566687379504,30101.769540014164,27248.583011596307,2548.5623407808225,1861.3682935978215,3039.347055777745,0.132241323798932
-388.3283864549498,851294.7900059415,735687.8967221244,81671.44285432999,15312.04181206511,5614.652481630763,29657.713496006443,31352.43887327668,3219.2147801581527,2043.6174075163224,3144.481512506488,0.1079130032288254
-208.6687580635048,867428.3573660699,663449.7464279882,60729.69764243447,15019.971190913113,9383.846199319158,30794.920935247043,24739.79642399051,2054.6618563713428,1883.017848540719,2905.4447792989336,0.1526707172553101
-165.93494485137757,822025.6714565894,687131.0993153133,55774.71921347313,15901.097759772863,6849.103499914389,29716.68424206089,22830.68876872021,1743.870088737561,1981.817980675121,3069.9708885606874,0.1247718559921566
-211.50518656460625,773537.1325970927,678695.9853850577,67082.27415085507,16673.237821155788,4946.438063952611,28444.934862349503,40336.47585566304,2374.1167672896586,2040.769018819012,2931.966673842166,0.099243479233655
-211.83294610924733,839867.461804325,689636.7146012677,59199.84247253279,15676.595520842508,7272.335752516599,30594.44637050576,27025.661273022262,1996.5926218947243,1840.1266186001171,2988.4442136465914,0.1478565705282704
-128.84135975266156,846979.8743497545,699846.9998942685,61445.61346409806,15531.660787216242,6879.907214173856,30758.38003846241,22383.689697585884,2130.3384886837275,1787.303377388968,3069.276597820787,0.1409299458636708
-274.6282125362309,821591.8826410775,643524.8780641063,71473.12538589773,16204.855967142965,8323.330145469004,29651.835025438948,25307.455111257957,2511.136011823605,1895.8228593720644,2937.864239712429,0.1666697004773127
-235.9167002418037,821247.8080089389,686263.3712430063,66804.91578835671,15946.170022459066,6239.072981553378,29622.26783796461,28293.78441963462,2413.5295043599904,1773.0966039968896,3008.480134686436,0.1530164113011476
-217.64240180258705,825855.6589894312,719685.2673605328,57849.48822237686,16008.270030995676,5002.805562349307,29449.831666808488,32246.58831846291,1958.7666648257032,2016.5559434684085,3082.644056854741,0.1210667152666642
-262.6828664473743,864356.2454596703,720874.7960375412,78156.35391158327,15366.255185165695,6185.04217695074,30070.99680382036,25586.39645198615,2837.792009551656,1966.634282096578,3060.2102538852205,0.1358567669545473
-143.44492074544036,803510.8398071452,770474.3137938031,66596.92068740862,16168.010349843042,1491.2530962981127,29572.26049653324,25761.948527634704,2256.235934276825,2107.065639999202,3097.020145045705,0.1101174289744833
-241.000456272556,835011.4330487404,726356.1536851623,63487.99351441465,15734.290168705938,5258.1759292647885,29530.35266895364,42444.28737557017,2055.6268478961592,1996.1137912023823,2985.006110587392,0.1363949749400857
-193.95703314391443,819325.5310395624,722164.9529494588,65397.030883647705,15962.040703294018,4521.249270108071,29891.910163042237,21497.849949875126,2194.702184480252,2047.0324070599056,3061.5013559223125,0.11322819322043
-179.35536021287967,841873.5419460356,663501.6398135409,68897.41846999672,15439.313451767684,9502.797575961422,30237.9480456172,34442.242883766994,2500.331593812937,2102.6620444808573,3037.1531349558386,0.095383806212562
-117.60580330967548,799774.041188973,633157.1407723749,57635.94450962645,16209.700826714476,8522.198222761224,29803.32859247154,30146.0752725405,2040.1499943525937,1908.8656553129829,2923.080053923489,0.1220959481722972
-218.7660754951684,832689.5558872954,719648.5734414022,54147.71830699685,15445.51099125026,5540.805912737111,30891.139057980818,23614.574463206645,1696.8906091292672,2258.1591782822265,3021.456816329635,0.0836548095459611
-347.9178343138815,828427.5571878749,744889.8697661973,99018.3733024914,15889.141053304054,3916.90670451051,27960.30635692892,48752.978313449705,4028.7888498520647,1951.5653226084576,2997.4265425896665,0.1150157325185709
-202.4368579692112,825646.9033437488,706341.9957073623,59803.17128890116,15861.03219411478,5677.460693904344,29892.222515124104,29987.8476779012,2048.774303393511,1980.7742984199176,2985.7669225056766,0.1156699788241123
-237.03411044507368,816367.8309872422,720431.9032845045,100547.8619855141,16026.702553684592,4914.720749782206,27078.056712730977,41501.81790973361,3923.6550578380966,1989.077038327218,3118.283901830179,0.1180868997023255
-157.8749338093751,814091.0790527464,645893.6319297735,64870.644197067,16255.799120396336,7989.824110221748,29472.46156149381,29138.903598553898,2326.8352473996583,2026.8759838384624,2946.1519362456443,0.118750297044819
-194.4355004706836,783199.0890497194,694782.5748159984,68995.88760650596,16586.48102013596,4642.093271061859,27889.322117027667,33821.951362145905,2490.237017966973,1967.385995754955,2926.3237613253496,0.1118116623113008
-285.9668701156292,787522.5814950971,676136.9644761782,50000.00000004166,16454.013723132688,5280.122056687646,30006.28789625057,20413.434033886835,1753.5344239866986,2108.89004876855,2960.11437758376,0.0972979245757229
-126.22869359937094,833197.1273775134,730348.7867306428,71568.49264078109,15671.950899179432,4967.009979021999,29855.51218329328,41401.80106465904,2608.6196159436568,2063.61009169634,3043.090066328461,0.1012330652365289
-286.60048318703866,810549.1563615671,738127.4092088661,68451.00412312441,15980.038457495704,3473.620805268734,28798.559493256973,44328.64870503634,2696.3608484517235,2108.2856059616106,3055.512871132268,0.1117500893256511
-251.9879747438276,813413.0492343596,717340.495193285,62814.04994451268,16200.014129447676,4962.887870556404,30063.447733061905,22852.10192172777,2116.133783954481,1997.8355236837303,3096.296074392424,0.1097415822964457
-263.3116023809352,813186.150468255,738502.5353709842,72673.32092875472,16131.65220596164,3489.084308917623,29126.45277715012,25835.322160456388,2640.7487366524283,1934.9049342908943,3108.272685569667,0.1245317894786436
-203.95624711404136,850050.169574842,657574.8698004648,60974.245763814,15436.850205644409,8987.286899755634,30454.48360098853,27430.234269611807,2124.7846539791994,1793.6811694449905,2895.304949997263,0.153076411736546
-177.3782742045442,840459.601072356,659626.3654747957,67185.66507732142,15936.174922533526,8738.118472220372,30071.660468953403,17105.34720374525,2362.792425135537,1791.791561391428,2872.955383352469,0.1621542719807447
-242.44361934244765,835832.9234356153,657850.628485182,66111.53072300446,15699.723594421786,9263.003290874813,29102.683348670835,31531.97758233655,2297.3575468793824,1954.5941244350963,2947.4165050976985,0.1260352748486985
-170.60996391047053,815304.4902162455,687892.0853904407,70917.60103035526,16096.847137772478,6633.072302371848,28759.15940336808,33408.66044840774,2632.6999962672394,2012.91191380606,3025.144334478914,0.1180114166645551
-283.1513127032349,826537.6761774509,705825.5135975247,69249.88875317234,15637.307604873744,6096.675565242386,29109.07509269232,47734.84915999616,2752.5135625949943,2090.626460635623,2971.398072273427,0.114687288778748
-193.6255096179509,807149.3531349957,745439.2121084189,83209.36439190785,16029.306842285408,3268.0071312359505,29473.343855187315,36989.61299332221,3461.7532355280505,2110.4776419902582,3016.7394949977343,0.0932702895858753
-254.81550134938684,810194.1931928913,716276.0085919946,53497.51288241661,15849.375489187829,5370.151411399323,31117.45974808796,21373.88315797712,1858.1112733153163,2141.135536465916,3131.416328667967,0.089535154183233
-212.9274751507051,833184.9370550293,726510.4380295663,63228.56514407059,15820.223154202224,5222.606511417846,29559.603052042217,40684.825908390856,2071.8166464247474,1963.1990969073483,3169.198188508441,0.1186175495430314
-170.49315133283116,826176.1336756109,710975.4719010532,61291.76222127747,16050.05412943284,5234.288129177118,29055.367254337198,31170.802647513905,2003.306431615778,1915.6312394234344,2978.557810759896,0.1381009930186768
-155.61086452973774,883438.9945994124,677514.6770235979,54970.17360689792,15046.817679378824,9311.231958035827,31377.08676926898,20308.326484894507,1853.2388644459663,1872.2823423830944,2972.102035465793,0.1705951657674876
-143.13131149621984,831422.2587873162,649731.4834748221,57778.98606541792,15885.792824008391,9004.07926137125,30779.574342763328,20867.522444010512,2056.571124505333,2056.0250923059857,2914.388300360486,0.1036130291808422
-173.46441997536866,818218.4294490499,701753.4248971636,77368.01114838225,15911.183738643267,5869.610914695143,29770.67047525953,30692.15058109629,2824.2485937158763,2030.163257827529,3045.147974250246,0.1337654568764833
-173.2542911051206,820588.0850430055,737556.2608126291,68918.53106273153,15875.034509752217,3971.4253782504097,29564.77565421948,30751.959678598272,2377.4575433785917,2054.581527178806,3056.6732824551827,0.1317516525286726
-294.6218259384802,868506.7047023696,716285.5864164719,68527.6663298249,15192.971573457577,6318.848579487857,30355.77238941935,22121.940279719936,2393.455613841344,1769.9124127838168,3043.370247894712,0.1605227695669708
-229.4129461106715,817664.3083607362,692095.5443192055,72298.1687421098,15978.248723869285,6000.545999525394,29326.073217103996,36153.77877089295,2471.774260029968,2062.691918886959,3071.0211265627254,0.1183650519150413
-282.7645234884271,854589.965596335,671883.8479600699,50626.86987893164,15564.370297768668,8583.8289985369,30505.601380763168,34336.29007352468,1723.8003308998962,1857.1514065096069,2949.6410761414445,0.15800357273855
-191.5916744469652,811907.9227823385,740747.4742762587,63132.8349202346,15992.75660320061,3380.1195203823468,29583.908815366885,31795.45060164218,2382.779707546125,2075.68755925994,3096.1565706483216,0.0981693705653961
-154.56448526406618,822813.447321481,691613.4126601048,58734.86319458562,16161.413759916531,6253.41587952128,30237.16833659376,26327.9309865298,1849.2384395222648,1948.9042436600016,3004.1655555106927,0.1405023573439924
-220.35127086789427,805327.1832505835,750557.6660781358,74771.80987371579,16301.976683941632,2575.690798140607,28848.273960867016,24793.280428493632,2585.791689263888,1877.7808806285984,3156.7668198838087,0.1298082939937427
-312.2971599848626,841216.6178474954,732400.6978394513,78500.19050587973,15642.665733601874,4939.338859919976,29436.9801672717,31289.434811209318,2870.9768122239248,1823.9702325424864,3049.738503552463,0.142861990094531
-310.7902116273017,822255.4731139339,772043.5693276323,56819.76265981369,15961.33257817174,2209.5765875672155,29851.250607308903,28753.553636561035,1924.759672994344,1861.916082369079,3191.2560995629538,0.1232832520954385
-275.19883268658714,858317.2523000317,728601.2339476846,90851.006553365,15520.384531898926,5766.024249505538,28830.991602281087,36597.8583152029,3555.3215233559804,1918.3687769509756,3055.948270983029,0.1095183819178791
-186.68335978857596,798009.5633735264,705324.8653440409,55360.32156571192,16395.652594306343,4313.32284953589,29633.70098051369,22902.008397926154,1708.1741943842874,1868.0625779250347,2972.281632664104,0.1624268324292848
-220.76355143978947,862147.2161097834,757021.1554042357,67652.13837552759,15136.19607745309,4930.592016003944,30751.781699457977,27528.002800912596,2190.061214890047,2044.8364921726911,3113.9812115973227,0.1041542592640255
-344.76369317186635,845112.3553254764,696405.8625566795,100810.11191617152,15742.070158909784,7106.278641346279,27523.544476388783,131027.18040101872,3656.0181986792313,1908.873002382445,3057.7464749922187,0.127979628552978
-193.75355265503032,805423.9538336277,705141.2213012595,87408.84273897963,16143.459647303507,5073.213630011742,28357.61509863908,50355.95795042435,3349.6069845189418,2040.0402054118188,3017.5497027660604,0.1027599100198249
-254.6850734779929,844117.7517633778,754610.0558846906,72386.25247170325,15421.376680246782,4309.076173422568,29716.293478446503,31086.144583881392,2571.7454400013075,2231.4192740397325,3036.9383219530973,0.0887823824310261
-198.08324303136527,825341.1111192644,784888.6969059603,62115.23641085927,15939.037125199837,1743.370709694405,30712.605406062383,18444.983718900392,2147.140788646534,2014.4818149618516,3126.921093970951,0.1382150588969519
-158.214992002325,826108.7972245251,723081.6672788169,65802.32960890171,15885.635186279504,4966.9616522542665,29165.873887918755,35763.52729060187,2407.346995304919,1856.5759628041703,3073.0907691171446,0.1211679644027822
-224.54175945029684,882587.4800446929,732004.8746156172,117594.5854023802,14858.418776884662,6974.180743324396,28107.625489091926,53278.79774125104,4961.68533250383,2070.38114842741,3044.8822781786757,0.0893059663484885
-199.4667349562639,834145.8884759365,724880.6902940151,60377.164446330105,15814.355266420138,5052.197667846201,28962.602049948506,32906.97997050845,2192.264528362964,1916.5967239470256,3015.32347799601,0.1449590010843262
-326.32422160533895,838913.5308826853,658648.3994662802,85910.61471102556,15717.220142805889,8437.671419698661,28743.288680496004,38086.07121588372,3089.805900598937,1866.9047055136396,2969.875768626906,0.1269346201519225
-183.79147905981324,788321.2871431011,712166.0634071477,85215.9973040211,16339.450988914954,3919.8049254075113,28410.92135639863,33266.03161444747,3085.314240291221,2076.262996674662,3057.457706524376,0.0990335771308345
-281.7465983039914,858593.4985004307,718020.5780435384,69559.13382812339,15228.108246191176,6026.441164175357,30295.092774352102,40161.35977284096,2463.8511863414715,1906.7484964601783,3054.864106954371,0.1434184694421891
-224.78599316421693,787030.4031227645,691058.584739487,53585.97070619516,16779.91050980783,4827.057896601044,28858.09327103129,26583.5103147468,1982.496795001509,1941.170100649692,2996.976359998592,0.12397775037432
-217.32631178314531,802186.955017445,711384.2816810887,50000.02669769271,16077.319814595625,4655.418230204351,30821.511471864924,27956.03117696137,1569.474735920339,2038.744053764296,3077.3435695312146,0.1039888655407945
-145.43164826297811,804007.0266617899,717850.8802736707,67647.43824241225,16094.601810946526,4265.055929684003,29488.469481789645,26977.983246684656,2233.985398005336,2106.190732307275,3102.1457267324813,0.0904997357966658
-192.8710120989299,836538.6083970402,723800.167575797,58611.11713086623,15671.997675874696,5054.698753804944,29950.874007822797,27842.956665978563,2005.855692413698,1927.481539003592,3054.9500417730565,0.1496531133771683
-230.49517898373625,846395.9043338598,738123.3437448598,66215.20337312491,15482.978689557436,5258.413094225324,29629.41702178135,33758.03452148101,2352.834543942002,1940.7681246842417,3082.258518747108,0.112872289082241
-139.0708355445285,815109.9477540811,645926.595752998,52401.455638214655,16184.408263395931,7904.810781005902,29277.36965966096,24063.946009732143,1707.1191751769222,1876.8202638092785,2874.281019956379,0.1513071332748378
-134.50477885091692,821796.6903226341,714558.1254967056,80722.08681237795,16103.223109344322,4911.870657821186,28833.524401496903,25475.39489666714,2920.513671369932,1915.4291744701368,3002.25292676106,0.1309564150232895
-254.5402496557148,811635.4907536106,724333.2702283366,62068.85563650915,16076.477536167438,4141.701209402891,29839.22614705016,28432.935568983707,2230.3138825484693,1894.219064103376,3021.835792054069,0.1454190346170319
-205.64702422512167,824250.3881766651,706912.458843806,75367.83201904721,15787.67832571793,5406.329397536071,29172.850399003924,41228.3394092985,2703.03440841235,1905.763290833933,2950.5351969093986,0.1218126788862525
-486.2438207938129,845252.9501076246,628298.0999857684,87354.93007992869,15566.777219684707,11419.799366652853,28665.4767625549,44333.326038274405,3199.148551603241,1895.1875596700704,2854.5296704823872,0.1367189546247814
-140.58685285480612,828046.5367397896,701944.9907819562,69669.54386504093,16008.820236401034,6075.440664205208,28724.376845876737,24539.037085499152,2309.923404818454,1983.6745191190264,2988.0973450564807,0.1361387696816395
-226.54965764478808,830424.6037307603,705128.010446681,50762.44662260876,15796.97149029592,5923.129031024666,29948.921535881564,22565.40038076676,1626.536550183081,1944.480837380189,3034.3840317905638,0.1448791032022242
-318.9109498335807,838440.885625502,715979.7598623583,66541.70251535761,15389.07897182197,5714.922850539902,29002.80631388723,46358.06328568479,2361.750229859709,2174.262035740401,3032.6843342413126,0.0837188008956063
-118.8168242275836,847077.4543713741,645549.0049851335,62374.94109779783,15573.745680199769,9510.858723197724,30177.035216723136,20827.47380040112,1976.3407873685128,1889.2922828305896,2834.101426154432,0.1387032519989994
-190.6942221189733,867383.3426664865,697337.5889231267,59214.05060659274,15386.893309652376,7562.952584076933,30548.092989106823,21989.40795097563,1898.095435819061,1899.849153660547,3062.279649449104,0.145947063871468
-190.88111083074529,819034.3859739252,736610.2894466196,71486.78555587273,15931.901608331533,4480.273733360113,29353.545955794158,31694.39811941477,2534.287774795722,2210.49048144217,3081.4098960830047,0.0782503040119552
-274.08297324352486,804339.5029695809,715037.7772228791,68682.88477223595,16149.748361430764,4183.876806671141,28736.576035154914,22749.320978861902,2409.6352908248746,1977.345972800622,3089.098115489454,0.125361586393238
-209.1321964882126,850458.1264051422,764527.1453500232,62381.72014504429,15353.507813027776,4488.54244646285,31041.76447938053,18592.53454526804,2192.4467632728843,2159.9793964045666,3122.076711969368,0.0824600378692244
-221.49977289707545,839060.3382612221,628364.902230585,68389.5235492112,15557.33490318082,11314.679392724429,30149.82389884578,25679.572438165786,2490.293490811636,1960.9974339108064,2916.734157418448,0.1151657909461756
-234.82385488446417,852596.2373637162,703924.7295253555,84058.19933399056,15357.758429002834,7070.634133820861,29549.836184219235,42610.42407967187,3120.001497647704,1973.5765539329088,3079.2040846346345,0.0918138738754439
-156.73301554262184,875841.7835004481,733011.517248129,68265.44407140856,15039.944580794145,6486.598639419629,30423.997935239164,25348.26846819523,2387.142845576348,1906.2666258565,3127.7797133248323,0.1492377295688444
-213.7480729748691,807525.220177408,699570.1253270688,65146.76547313835,16149.225678478797,5292.904307532313,29821.570416198185,25395.62293593829,2320.206956342652,2005.358401091391,3025.6200152436754,0.1076813947293237
-362.4416564144223,857663.7111569404,721996.2811219583,55329.14556043692,15279.292602664727,6088.498091245448,31475.752217714784,29356.67969363256,1564.8971646585242,1910.759296338324,3054.5170507902694,0.1222520872655941
-177.41676502012473,811939.0546475066,702448.2663676551,59643.92588717757,16247.963921170413,5007.274227354063,30095.03387250159,19032.20832164061,1983.6204811770824,1866.4837059673423,3003.021076555194,0.1446670245502854
-90.3902048445735,821838.8418077491,688065.8568240338,62555.05143994564,15868.415311333183,6351.738381465207,29962.04646039986,26230.150976189037,2151.806791290162,2055.7510129486936,3013.7177166784786,0.1077071167240072
-179.36484776393783,818151.5693250174,721849.6034832605,67656.96304841129,16097.56826119481,4654.355576760797,29612.070622503517,27517.326811199688,2409.193446771868,2002.3326093007945,2976.052825930353,0.1228604207081289
-273.9922754154494,857480.9895937534,684889.6291318142,60921.937665751095,15453.48929138366,7466.48481383537,30577.65994521859,27938.29359808497,2111.8150287309395,1852.339379147908,3025.6876466674285,0.1326959268387388
-127.72565374084628,833649.2966573589,699725.8439792997,50932.594738437285,15861.95398808598,6109.57479024071,31553.219154798207,22139.06752241982,1600.5015512295145,1845.9852956766504,3021.7048624578542,0.135041843208672
-219.2464923543732,852779.594477739,738285.2922921084,66559.46766864698,15181.185211434702,5794.369277035445,31254.652442778715,21538.04088961983,2246.30193944066,2333.3082019551744,3076.29002858664,0.077954475921129
-282.53581059825143,815715.9347758029,707511.0519828445,63164.99128898083,15762.268454402209,5312.031265961662,30202.9073779194,27320.21337962317,2132.052649052965,2081.134338648406,3017.8066201755782,0.1129497956004794
-165.4472509786404,808342.8690338684,743427.7381149371,60013.93575597348,15950.82955205752,3150.559941712097,30596.4806344335,20793.07377785949,2011.8920321360945,2072.499067689529,3032.5790077302186,0.1066141437542964
-223.6196609539126,848736.3381942936,721369.5994076632,96111.10285007248,15466.748015035082,5917.006384843485,29433.4413976702,32249.25117177897,3538.405776705548,1915.143444060996,3046.8114107258207,0.110838644853925
-251.10209358560044,813222.4105614629,652605.2291277705,75100.35778061583,15996.74055183595,8019.986154819363,29157.09634043224,22834.681248963912,2872.785426430952,1965.1351039925644,2853.1336231271275,0.1268377056207429
-230.9475778285301,795031.359073692,699088.6593561076,67277.61532627139,16359.764730490844,4727.388232493333,28427.61487329404,32641.166438359927,2554.4825253471963,1996.7378251757227,2987.7841977286985,0.1179763004736564
-194.56883035989287,845083.5632934007,666920.48086725,67815.38800688084,15543.813501142866,8641.29287445164,29942.704347042138,21844.1951000347,2633.7791092245698,1915.9329672459287,2919.823926410145,0.1367673920427916
-183.8857900553448,837590.3272950117,702567.8236737333,76982.61641061003,15767.910670578229,6393.115107238953,29336.473177017808,27223.85643223185,2774.1730333818564,1854.3769830655965,3083.4292556659243,0.1393387432910836
-191.9975250657667,841010.5697191572,710805.3469398137,54076.509362528544,15732.631753808402,5673.464247677434,30448.06306711629,21133.28145979885,1767.8455793992202,1840.8194368165668,3012.678202364469,0.1518615422100406
-263.85634438557133,841706.5087716295,701753.9147237164,69681.45104632092,15655.95865765511,6748.556692364208,30562.157247919484,28618.82021037796,2597.49171006102,1968.815537686744,3083.9753116611982,0.1455213699911856
-296.0007547377612,820822.321454757,737602.4702368664,61394.25217228864,16003.189193055408,3862.441632463556,29535.60539487191,34604.26586353445,2208.608519019726,1895.9413231612075,3027.7776546217287,0.1270663095807478
-221.42146160549908,819730.9940225198,684677.2075880228,63629.57420328954,16156.269891165895,6019.310882568991,29408.623790973703,24804.264664531107,2492.277731364651,1976.898059560476,2945.0263492989247,0.130395341226572
-194.7532466278716,799364.2596715615,711616.6332820007,73679.69886689314,16370.321665073026,3944.36726966536,29803.36012154697,36525.5282955249,3036.823840719869,1901.4231491484825,3024.2504334910404,0.1393506818501505
-271.47756863515144,861203.3415756433,710506.9100843132,65157.67812257977,15285.130290778625,6656.592497719484,30778.270686134427,27608.61517376415,2241.33860828196,1940.9431475345484,3021.133679813657,0.139038145339625
-276.8163046684221,827931.4594634039,725864.6659963143,75300.88516357291,15856.822978224462,4986.67866699846,29280.176222773087,27024.44066820957,2741.095024669907,2032.503016647658,3053.324248944187,0.1030094635235479
-292.4158281234355,792096.6841757473,706530.733589547,59785.47408423759,16458.35260049569,4308.469604469105,29150.194886801823,24037.65326001911,2195.93907983455,1944.0531008532569,2952.9122233584358,0.116630634031734
-237.94450183673692,805585.2973959959,725858.3193589473,64732.79107126616,16132.959017438834,3651.8108092931416,28965.501899666004,26591.44172335192,2435.3163612689664,1987.4227037357696,3012.873713694778,0.103083563133339
-216.9698215804485,832551.448458653,704882.5008177647,62362.86807280878,15946.544251090245,6208.060754149351,30362.060795095986,29836.576818465684,2005.9413913113751,1971.7829228284695,2983.99300837472,0.1171433235416881
-230.93586646471744,828647.0496756466,692463.4790404119,55300.89199644041,15842.296664273634,6390.160636784277,29953.543643444267,32141.1364860693,2007.5211027510425,1869.223286013877,3012.620117419382,0.1263225444052083
-179.75780470576098,844469.2134214186,717586.444486878,63104.32101646246,15413.81879622228,6388.287727724127,30328.08017780169,25879.578586315343,2282.323931761285,1903.7239602453983,3011.3231949942774,0.1296009326283821
-255.848767385563,809205.0129502409,717775.4191499157,89466.20770560595,16169.066336437634,4571.144080529297,28094.44660260233,42520.20570813241,3406.853327955252,2026.8584474564732,2988.4710479982805,0.116181664282068
-304.5133934804432,855506.4016590684,667861.8326353963,88944.53002024832,15358.541330155447,9212.334470985184,28841.749802960177,40715.57488536164,3346.550552542306,1907.266075342701,2882.526101696897,0.1263895291504657
-282.6758249934694,801630.246754138,713855.9577711953,50031.45471068662,16357.026824667812,4315.301538045469,29402.47555047054,28801.601114553032,1665.7034258022668,1921.530249913718,2987.2050829596683,0.1493399864834435
-267.63861061632,818472.8105494515,688727.0794180307,51693.85258914399,16176.53055972458,6361.703176196726,30000.9843899506,23103.85659375503,1723.1142302226122,1829.3039455689573,2977.191175050067,0.1703504286284316
-229.0550586073095,841746.1435444793,738505.9345727524,84165.60590813191,15701.52950363037,4711.677657479308,28888.906863528813,38639.84776754209,3127.290379912552,1911.8496623926844,3024.2954830245585,0.1241649940346831
-250.69115810805775,835565.3369562848,724025.0353404053,77249.9079515824,15753.084232087978,5292.17900970391,28959.441365336632,33080.67968144416,2698.691538764268,1951.3538175915696,3049.305475733063,0.1181401519075495
-302.28847178064376,800795.712378063,739244.6872576856,66304.31059630273,16425.375820305733,2737.2139798532307,28867.651949023988,30498.353374518167,2207.2460846741083,1834.3610434989405,3137.689804842144,0.1576799867772138
-284.6383428450272,851884.8781552684,652620.7042037302,50000.00000013616,15568.047998307768,9576.392758496644,31669.160145425885,18055.640084701787,1563.8011101757393,1923.938350630429,2893.619417282293,0.1230725914158947
-197.6218095169981,842120.0847723563,719473.7857399132,55787.90627050064,15590.296333752702,5706.487024255854,30638.137261357715,27289.492618484583,1796.5492988988622,2031.7017191438235,3054.730984772997,0.1267719491016841
-240.4478463408574,858299.8285685083,739791.8442060585,69044.9469914235,15683.329843018626,5547.81960537152,29977.080695025837,25834.64564601122,2353.443088976698,1865.0594497188288,3072.572489244435,0.14415437262316
-233.8579198576228,839112.1779406766,738783.4916381191,60580.95941272428,15686.590765234478,4511.1724181760665,29254.479255526014,38876.81172058226,2227.3937035807203,1880.237644745772,3160.468027576462,0.1388044017065949
-215.8879172135669,815407.8076831454,750198.6625417643,68382.49898203822,15898.624826728692,3241.5523337853983,30495.99838845809,37969.8775618317,2458.9022443593103,2020.686272210804,3071.7784118745176,0.1344400010144105
-207.2959970728748,817909.9222889057,738352.3591716698,65294.75614667196,16219.244576312292,3360.431275844764,29550.82948652424,19037.98409767408,2324.373607035224,1837.1484710142413,3072.858357239153,0.1737365477665702
-225.27259994430804,832870.9655438078,628839.52816672,67739.84463555583,15669.5627763643,9785.51307499003,30312.099811363863,24970.277818390765,2478.6007165377146,1792.41124518855,2961.6972327279186,0.1525447829590492
-295.68238982551134,828398.9595435187,672097.3384658828,59729.12961177871,15924.841844193064,6872.211373662658,29895.89361242659,23918.214023370947,1986.2997199663769,1704.6162688042882,2997.820907381067,0.1483838049987493
-142.67140079379362,841542.1747249964,679958.4503143191,67890.02342743492,15532.33668414267,7564.155792229507,30642.14786125554,26579.64675019625,2471.5355405995297,2000.4079289354677,2996.03106376815,0.137134665432013
-229.8689592865622,860619.163398793,734194.7341631453,85216.22750689009,15497.326688644784,5779.899867159508,29734.51003466076,37868.744928904365,3035.273091013209,1938.848614832344,3097.110944925426,0.1296616220704198
-247.87430607117133,830830.7860643716,723534.1908930207,60385.73755216029,15807.61395033512,5298.956248888585,30606.08981201945,33045.778199666725,1997.0201199424805,2143.628514637336,2989.1518381380183,0.0994938456115885
-246.4501979335841,815669.8831735421,748770.0650210411,65428.03310799241,16141.381667734302,3068.9680128262025,29248.86832980713,30423.63046172373,2461.7516838280435,1882.5381696569984,3105.720336681333,0.1233789064053047
-236.136973919437,814285.1146180853,707690.3979470748,56879.04817941774,15876.521268178194,5225.301789748991,30434.830667172613,26658.114891564728,1842.8766616099492,2078.6160695515823,3015.0863300695687,0.0845160249621662
-115.71202924127982,793847.1912113831,690674.1804350162,62891.84537788312,16456.128337275244,5577.003066280814,29607.03606399131,20293.336530333658,2281.988761807351,2180.525952679802,2990.4223269322383,0.0808137554049151
-180.57609093939053,872463.8854087337,720169.5813704749,55959.24579003773,14928.742527709232,7084.081744635138,30827.72045566424,18948.21843547598,1983.5386098735253,2011.1400553900903,3051.363018087168,0.1171878852155618
-154.64050653578312,810153.6824893408,697988.201709101,70563.76139004304,16024.621564265091,5130.345652991037,28955.32998434559,31039.22984191079,2482.8718966609763,2046.5298225319716,3001.8218428715004,0.1267500223475647
-157.76817735205734,818747.2597734843,681455.2025264493,50958.488363724326,15979.419617224035,6823.841443731416,31048.21142663075,19865.23847199332,1653.673405772972,1942.0902853228356,2965.535856348828,0.1453550593325018
-306.88377725289024,834015.3759417058,714352.4303652135,77838.27444254009,15661.528633498678,5935.060309478701,29711.53309260599,29325.29867241725,2681.996687570203,2156.8641797612377,3086.002126037013,0.087253700931852
-194.4170564542939,831723.4459147286,726194.3241812082,57733.389438254046,15914.255571951371,4978.620873635614,29583.22481679658,31078.43588446709,2029.3005758381448,1746.680403180207,3017.366140065144,0.1592053493713297
-281.2610678135536,798371.7249862489,709620.1702546738,81914.41376593731,16166.42996415296,4568.448497589235,28749.044484629187,32450.9854997006,2867.609781513901,2065.4829755521832,3137.1560982413857,0.1127181201927834
-191.63574210852136,843748.4365062016,725387.697482586,62326.5669839394,15618.118187333164,5472.122707442763,29776.922247634586,24992.6457006819,2166.7314265467808,1987.1736758755912,3004.842826181462,0.1235279589701112
-171.78366952892625,809615.8024117829,711352.9854651558,68178.22184561305,16262.309464583335,4864.896393066063,28660.633140332167,34103.9251099313,2508.542532938884,1905.954943547797,3077.284101520446,0.139652033804327
-265.6373144577524,861561.9823016665,725463.4668645055,63134.51823106044,15223.39774556199,6638.576527812967,29949.995363587743,34108.932864149945,2193.287827911595,2002.934194720418,3037.97418148335,0.1153755159708568
-161.44071584332835,831538.9575023546,718471.6007597087,69836.29643522215,15963.244594081583,5347.394472054095,29279.83245294024,29313.939553820925,2252.44553187119,2006.013976207056,3010.417683029584,0.1060566065464173
-133.14697290638225,812791.604635768,696763.1024145859,64756.47982948989,16351.501175469924,5383.762681020125,28333.69549132589,27522.022622889315,2251.378593732999,1946.9465074021732,3019.475950803153,0.1475649686394051
-200.2504003073736,856910.0464053306,631729.5191592304,59999.73490352797,15379.92454177413,10565.39109978161,30510.57886494379,20010.67775331615,2008.2760807980965,1802.0868723625051,2839.6844917974818,0.1414980007037015
-170.8064623020096,849544.5343629308,664538.7837565097,71176.2775873699,15542.662139817452,9117.921858853251,29483.96627492343,34629.499122330504,2690.593656081497,2057.40158315199,2912.763232394442,0.1124625205520595
-218.3552165903187,815347.3344902168,731726.9080688774,74406.64614288913,16018.118591380236,4126.890441833657,29285.373956286785,25540.293218931125,2669.396017063222,1933.1779552222083,2982.987199829316,0.1243346879841155
-178.51460415858145,818248.7252218828,734011.5092006029,60496.54480020559,16056.633238074231,3879.1642010598,29687.27603645414,19200.574460126256,2157.9850333354075,2046.474754089929,3062.944930901983,0.119368400907998
-256.568211546227,782051.8520816632,681540.6265605061,60579.39974693108,16610.341818411085,5294.765509765028,28797.370836491365,49356.257263822205,2115.7285209360925,2104.479469758559,2964.466815305638,0.1035228758138784
-132.28006224481078,849474.4312714103,737096.24796742,66937.44148796468,15375.749946057576,5172.491207287285,29250.10922703106,37518.721036275805,2325.198631186533,2076.6445723864394,3003.193662402781,0.1097551280787774
-251.9626598016564,848193.5789937541,757016.0116137009,66905.48197173882,15604.37707058644,4066.179758044698,29600.41914618,30112.322338160247,2612.3933936469352,1880.5272688098228,3056.715214947185,0.1375080642736147
-243.6832662979407,847956.371915292,678167.3445700054,52459.96095932263,15448.927814427409,8226.508922384615,31081.900539171587,23341.071921923423,1738.745928805314,2014.083261215844,3064.2303906958045,0.1038288981444306
-268.26721452015664,825494.0410786956,722916.9755172441,62305.91044547808,15894.061602137424,5414.030977888227,30322.791729181143,27363.41709954313,2263.195233653225,2158.935037987218,3064.04255244233,0.0904285564375393
-238.78342034652243,797312.155909458,723699.0981712377,60742.64642118803,16473.233009491196,3413.9325854322246,28845.267876222828,22872.51277063649,2267.9005030306475,2014.6137065381567,3058.842718000699,0.1094466030826383
-132.78679520102287,807684.8567947238,707401.9998578716,50000.00000641541,15978.184117739194,4926.128869275253,30811.85531810289,17540.533566172166,1702.707543784717,2022.313698633351,3016.744902431293,0.122263085072826
-163.98842390897687,815916.6565561962,680461.5853308627,50000.00036061821,16012.826776489668,6228.534787933446,29987.739559645503,25797.262205447685,1454.5809214774654,1859.383643248749,3024.3618238272525,0.1635573007912379
-177.71695990277084,820584.7112176827,649160.1152922884,61837.99446725408,16212.616127874107,9012.561426259712,29160.805447549315,51801.98721801946,2100.3121221346764,1948.6461933405888,2911.7808024560627,0.1229844242475214
-222.4742361723232,809791.924860795,667179.9350784043,68482.10131716738,16324.325303532012,7229.573171562323,29527.59962505325,28914.89875014956,2286.3450005974432,2070.3875607746013,2970.701340723159,0.1070897232189011
-261.5160905762923,860317.0548426607,693564.2014806566,77664.96817729977,15421.147433212242,7538.889922107601,29830.301329240592,27080.26229320329,2874.877362880311,1821.2056994546529,2929.6938647779984,0.1430476428283873
-180.14199925530016,791707.2473829748,725514.0563929421,62389.39869431422,16429.377644849126,3232.8009392765466,29257.53358595055,26891.89545741137,2193.4586082757314,2092.525626561755,3028.1874385867745,0.1119956675094365
-229.29630262958767,844840.1943845539,723411.2514504584,79979.19133072578,15433.11911278829,6194.068169609695,30201.51961247507,20642.88534052549,2928.0961200183724,2136.8333006061125,2984.929437585538,0.0938907396281691
-202.6031346312793,837798.4798365729,744158.7745436012,75007.92202891043,15801.552769400349,4220.9401234541965,29595.06775590734,30995.41726226924,2905.172343174745,1847.3389800489344,3031.6863334727705,0.14304524920635
-274.5654164075537,862186.132884663,719485.5141326342,74496.90200387062,15461.807622720544,5942.26617913775,29505.04096418137,39210.54831657694,2724.1883510000807,1805.180471014386,3019.252452481644,0.171353140168751
-123.65756939939352,794920.6866430074,719590.6313870826,56230.56518272025,16447.628499994928,3753.508699546901,30034.155109087194,25468.486115015327,1986.58436860358,2167.6939080003085,3042.1924335084927,0.0974207468636808
-161.87652421918227,820742.6370335496,690246.7691760123,59084.37235528494,16125.38625489671,6423.023491510369,28973.76947319474,38217.42305048783,2064.7375842440165,1932.329502248147,2916.7253707592395,0.1374128975602471
-252.97860386639445,847776.7310378512,709737.8541474055,60275.1885601358,15569.900030031857,6153.427576739315,29859.900369022125,23706.665523124597,2085.3911389249474,1958.5083623069693,3019.367121483035,0.1208678859255735
-165.53421428442468,823845.4335504913,669477.1246360365,55015.90255379952,15855.123139368732,7317.129159590311,29895.04426691552,24703.64588895842,1885.847401284576,1846.587013828868,3035.81843254372,0.1690134715531591
-269.3785796978903,882805.2146609225,708195.6635910902,61052.37226145445,14739.310110453407,9045.54937335427,31070.841957459263,25104.299671627,2165.707342376414,1938.0757015234603,3025.2767293892216,0.1316402619982689
-213.63523527137045,825234.5678640484,721988.272194074,51130.05292649653,15714.82312293172,4815.805050568072,30452.79922247284,33569.0718566856,1640.2431086886988,2069.15303631005,3038.2389242023564,0.1222909080254807
-162.162145352642,844304.5290997338,637641.1899989219,57924.18643376283,15686.15311235072,9688.417628563418,30535.387931672645,25027.02160201533,1909.410070638561,1851.0766639675687,2969.4240709683954,0.151319842356003
-327.87816538314706,784464.1103606505,692940.7716340248,56967.29511086344,16464.178560018354,4912.037595012915,30148.01205499399,36390.65292981356,1997.8830049925127,2135.949223120797,2997.959227609112,0.0796786063398709
-247.29440589740292,812733.8988749543,703261.1410743846,72514.93614578643,16194.772384341995,5651.3134401700245,29058.82296129967,27852.91013410332,2645.78122214442,1890.637369542388,2965.0167081965064,0.1155193188194446
-252.5144077855318,840861.9341363743,694354.8831965572,69476.12328984891,15900.23303238284,6655.008487145237,30072.29444391305,23738.60628572141,2330.057192960948,1776.0107716351351,3056.6384955968847,0.1636397550306759
-271.49012841897826,838358.6541344583,719548.1529784627,59679.55409239865,15869.11430868712,5146.442140828705,29908.97030197076,20579.63665683733,1981.028928809145,1785.2766079255457,2978.5407680632247,0.1642570552848856
-261.70191611804086,835505.4067602645,723013.858281163,85333.58235610113,15659.379712005975,5549.831432988508,28188.129430321715,41659.95561721735,3280.800070053009,2039.9510084807853,3113.240519747222,0.087879804964034
-193.60168101632055,821742.5934859064,720224.3162230442,59096.22017322721,15958.636670225778,4776.339092042906,30922.76999478935,21713.36388156588,1882.234269216496,2011.8209503702683,3021.692193543452,0.1225261278105284
-187.84820115275411,798162.9870242955,692146.9582138669,50231.65309994918,16441.605925867592,4683.154960010118,30840.786815252355,22734.08403851237,1681.150084775163,1946.5669890701136,3033.1483099664865,0.1414224339956456
-267.7822960459057,827051.2745279623,661591.8435913997,63417.73632562647,15933.383527716407,7604.20395707995,29046.284309271203,30945.69179629804,2212.5897866429727,1910.143498101788,2993.8556093031634,0.1340747922103522
-180.254012230038,824706.8690362853,713334.0323454221,53850.5692957896,15912.933890771945,5323.866298311108,30395.614260700524,27871.84761112741,1936.2519157325744,1934.3437445896263,3085.900486709309,0.1257392234890136
-77.20939400858325,857665.0877863496,664607.6523659087,64817.43486122589,15355.938934722515,9300.889391039897,30611.518888807444,24451.70551840174,2133.042481872268,2016.337325009884,2919.2225357979264,0.1240903974626753
-200.79310361346944,853765.1700196714,753850.9243915298,59011.93563854981,15271.09394826331,4731.511662621043,30468.98028067856,34053.42855104674,2140.4636863825463,1943.4489015805443,3032.4596928237124,0.1224387437629803
-212.7662676121722,846274.552542452,689362.6865660591,52283.76237100732,15590.27543193874,6756.12626211069,30422.23395646044,31850.43297163839,1858.4278495516728,1852.629379325856,2975.123037473914,0.1468918911358583
-199.03943026819348,868861.3925188453,682398.6455153552,54764.320544092894,15223.108469263763,9160.150711973532,31666.8724416512,21701.66383074443,1843.2905693240991,1868.279655836243,2972.071542918462,0.1542763377117193
-280.2322251429304,858201.333999368,673266.092573167,65466.47999683106,15239.503084652111,9559.48955688243,30286.26047124034,35354.79427600553,2205.298596198663,1927.525273525278,3002.614420834385,0.1272950851904676
-293.19141970120506,850813.4778843102,729124.6476029933,56538.406202415004,15432.618328702423,5883.008909054148,30098.026777674047,34670.91806397745,1971.493261765948,1928.8799410269344,3068.28963120502,0.1111034037504203
-312.06155675018493,819646.9232828626,684444.4792145317,68227.32382076103,16045.60221848582,6365.653714751992,29700.49105556392,27808.9668268038,2500.821126889581,1965.9321843327325,3091.2719749912976,0.1344283442473227
-238.8880394555709,834520.855358852,706922.7909602672,61086.07661756489,15758.059198466182,5999.198735136251,29941.97710166727,23287.63887653583,2151.63582388789,1865.725142654472,3029.65898253685,0.1334236505921591
-259.9393402671521,803623.4354824452,696682.417892359,68070.26952185715,16249.077324345566,5586.481717146881,29033.74660197524,30064.58898245029,2287.5458106183933,1925.4657802144532,3013.151717554327,0.1191421332863239
-104.37164076128896,831957.2427310911,719938.5298590936,64429.4639159718,15931.194293269476,5349.264118277989,30446.185600865112,27160.63332977621,2266.938509296043,2076.1596345427874,2989.4110518841435,0.0957286336842237
-264.8272243769508,786760.2673667747,720849.2637622793,67734.38936756385,16315.595842003886,3018.111104081604,29519.80727624409,22253.966119245728,2421.626935492277,2003.841781416028,3010.99902431344,0.1310907931842613
-141.89081795922834,858429.8298949352,701966.4394724695,81927.06239333446,15399.999271876672,7303.654335159619,29446.305692387392,32241.97431937336,3001.6684211204506,1949.534815999184,2999.3765540702275,0.1513915243230288
-185.65575063054493,863951.8022823766,694335.531526177,51397.2401192484,15270.60661901124,8200.193562046785,30963.223002711813,15138.54768995538,1635.0735610273268,1820.9422413695336,2953.367126476722,0.1332425804419997
-232.7355169143997,789337.1098951352,720491.1910192299,59576.68592039999,16433.223042425223,3441.8836506615057,29226.134350007276,25616.26016163333,2242.4153398233643,1880.9368262584403,3029.462237108268,0.1267384965503069
-249.7877506904993,828217.2052885921,707272.5259518105,50001.46024658945,15961.209295019866,4993.972312144913,30470.721852173207,27211.260557657857,1588.4478504737656,1918.534332184471,2919.3176215998838,0.1538616620397739
-101.12813641622832,816946.3434386007,712612.8792557225,57171.91332244641,16098.020294970724,4768.12878316074,29818.96717993064,24431.329552551266,2106.878374563367,2049.30904183713,3057.982985314768,0.1300766094668013
-262.4129824525822,817388.9692625591,709840.3095651525,89780.15335625646,16150.779529968284,5615.401696936475,27720.708598605757,29421.249918155816,3339.8892646180498,1840.6320109421115,3190.337597686051,0.1536148522232643
-251.95286747000063,817196.5803615887,730479.3671058943,61335.6329338179,16018.054343418866,4048.2622565305305,29514.98897045553,22637.967539855163,2170.1569699604283,2012.0620478763103,3049.7349014430447,0.1264853198954345
-291.12286823249394,825016.5511288332,721780.2529376167,50000.00020359804,16014.960880818258,4549.046218479065,30603.860872157213,16462.941571838444,1650.5057695534651,1934.4071523637988,3056.868457079767,0.1427566544347728
-157.3574374062436,825824.7912451458,639659.799020969,76426.39698503356,15978.336516351264,8818.512624245088,28458.11727751758,32796.575424553645,2834.704798692384,1838.9266542198463,2914.405222750569,0.1532392090534793
-378.4581694794097,837431.6750460018,718962.660086201,71321.13297363231,15765.317262126362,5380.549087252417,29715.427891977884,26199.646061975232,2498.6884334340302,1918.112776660687,3043.0303068932926,0.1238371452529649
-143.63729034419754,805311.2664173018,682536.2755471802,69202.74091613697,16302.660714369063,5928.325275809588,29657.29744385981,24342.014635504634,2450.1919107888893,2017.330524912975,2942.1292167846627,0.1133992381098839
-231.60796592400263,800679.1115146059,694531.2640666788,55616.77522053331,16284.915437692864,5564.610577423759,30158.584997016984,20451.02993167256,1909.0440807822083,2127.706204793514,2918.0260278534824,0.0775641555297474
-222.62056251667516,820140.2347897085,692441.1333577215,65542.5195752766,16006.953076457225,6159.217731240218,29999.558798051126,21858.765649792706,2381.2425070122845,1845.5171945238096,3011.8186028377527,0.1309430681388201
-268.96290364951386,828204.235613984,710937.6631638915,70561.21661439013,15665.625999179403,5874.308306484437,28738.759630899647,45151.07579330794,2734.188350679771,2064.2708561182767,3022.53179786917,0.1103107978907774
-223.9117125938792,828735.0737805623,709764.3785326814,64028.3724383858,15922.135441802267,5293.593909613507,28891.91403062074,34220.51023204261,2168.659222147412,1762.2443682004016,3106.121867894008,0.1596334671330151
-295.67429780702366,842209.9524498984,741879.6506072165,70904.11630441985,15503.111275576004,4894.8434482981,29590.728611240487,35602.33260957733,2453.4327431334214,1826.3870068526016,3094.5125237322013,0.1352409920936249
-163.35243433024715,813938.865039795,708753.1746780571,65949.67638348351,16092.992019441572,5153.5129626498965,29555.901017438504,26595.44909777464,2030.2270508325448,2010.9651604549804,3056.953029611732,0.1254011648487085
-265.13215406971767,851484.2352467705,653631.4092258144,90903.08250067264,15479.324027389875,9867.246607799108,29578.58798563233,38467.36185867674,3265.95481694944,2006.618490694371,2980.189508790073,0.1126306857789922
-201.12053089527285,813802.4966350519,739441.8375970967,57857.92213706452,16124.18544721343,3471.955236205071,29422.143105608484,43399.241171860274,1996.7730271943449,1911.2820500929863,3077.510473907182,0.1312739570072371
-179.4945036776101,796118.2527066446,677771.1069267838,68677.92836984443,16187.61377380325,6121.67935753275,29255.88302499353,26354.00867756195,2426.040000883299,1951.4343164771335,2915.257938201976,0.1140414819056202
-186.28298290847584,809428.6263896814,718062.3678211336,61433.02318178754,16248.84360319504,4298.9659235902045,29074.600296707897,31143.741084128247,2282.8093019732764,1884.928852452692,3046.9510304979185,0.1257384527927852
-215.5433217226758,812181.5044232307,697135.5457621922,57352.28680352056,16064.402967131184,5619.089430148674,29873.418194166632,38374.42089530348,1858.8104124823149,1874.4817581583516,3039.0717143512247,0.1349579892305313
-186.82346225911311,814120.2398749291,729592.6899804726,95509.73065079564,16170.01447603746,3903.040835598359,28359.12470616662,31636.97128529163,3733.5279367741614,2004.400801468517,3136.463637361016,0.0937857702041715
-210.2085893655189,874571.907433362,700668.3759930265,56209.55985959228,15283.247332676829,7763.590092900265,30669.89266790576,21141.192589456685,1819.2932501695068,1884.1474836744876,3074.9519907730382,0.16100514495073
-207.0531206091933,813073.4128328016,704558.8761630693,70839.5235067297,16010.235935980998,5155.680340072646,29030.1192228282,33702.11906673473,2427.364353526312,1944.2927468421997,3020.685037528565,0.1324414901657181
-184.08474024225043,816727.3122676132,682869.9613260437,82336.19724615618,16156.309379665425,6621.2726917200025,28905.608110903533,34477.16187216206,3266.211175984821,2007.7250876598896,2928.976064212956,0.1293606838943494
-152.82208628218493,816037.6718110843,675531.4726524751,71136.50406453322,15969.383283501977,7036.610207055544,29261.456978761864,33044.98469018954,2351.305856283942,2011.6476130643623,3010.0355416379125,0.1172401966164907
-190.68036292216908,851459.3556766199,657844.687219843,71924.31335030627,15497.762582012258,9252.544426974298,30809.366662761116,33225.370882469186,2484.807874964182,1906.5064061530604,2897.932538917926,0.1275909232906705
-186.203361281983,821837.7727082671,718227.7494275306,58650.332508615305,15679.520350919049,5157.430419922624,30065.510741911465,39283.64423722048,1970.4227639841745,2100.657602190454,2999.9229127968856,0.1041645940103687
-270.99134410398244,856220.1777993222,750697.7266358276,61600.95440522338,15311.05731404943,4805.216142505254,30558.346374495417,27291.000285554812,2110.1207285085,1866.284133624962,3136.582529110953,0.1448449398436298
-239.23484586644165,855083.5990108042,685375.1167222646,51805.057877260086,15318.32224905207,9029.235520690696,31029.680260884088,23971.31248290728,1751.1807256698212,1996.655484570712,2996.358382309112,0.0934834144099806
-197.41969672059489,817147.1896604075,699120.9287978966,65522.29503308256,16024.80311336901,5980.569510986576,29257.9735234772,36753.43888894928,2235.242614274928,1967.8106702005468,3012.6281487786405,0.1113774545390157
-319.5965797710457,829289.8286310954,747511.3595561502,61771.075123669376,15716.856652873965,4040.4738585038262,29556.846352863733,27897.798926594765,2152.329901070761,1891.0120080419117,3074.415931702723,0.1313563434162607
-175.12745963871436,832442.6636492126,750625.6929265459,63947.95209540018,15888.950545523652,3862.287139708916,29682.465864072477,19514.896485654623,2211.979834173107,2007.050947510915,3066.154842144584,0.1225441224016356
-191.78895206557848,836534.6409387968,697104.8266955557,82878.17475004352,15610.749892850105,6842.480905041925,29459.955408546004,38005.83787173568,3049.4890397327904,2150.5114619825654,3072.333927282708,0.0988742486958478
-216.70184428043643,820078.1144193221,707079.7097941046,60676.09892848668,15827.673109629482,5416.011344584847,30133.729561660475,29274.66905633916,2192.48672887172,2001.195299148024,3012.469966286948,0.1353437189111609
-386.3832827617674,845479.6625580019,750661.1379960958,79622.47493279418,15730.268745978516,4182.929062777302,29175.411277755367,35795.271275738254,2919.9350418871786,1786.7166451819924,3134.028329970194,0.1547367089884734
