ll,T_NDH,T_ND,T_LY,N_A,N_ND,N_Afr,N_Yor,N_Los,N_Nea,N_Den,p_S_D,p_H_N,p_N_Los
-22.25745754134089,790773.5823998,679512.9005309466,54873.07628180921,16306.8566268183,5685.068171231419,29194.46557428034,36413.67343448351,1723.0325412127545,2395.8192289920976,2972.7420834857576,0.0137481554454526,0.0668984011616961,0.0284153849060409
-36.50237320378958,802222.3251585691,727358.3211396944,74227.09036762331,16132.635360969114,3647.6361059094775,28728.1220711234,31780.45454117678,2739.777954099132,2497.846951006805,3060.357404494977,0.0203711583883633,0.043098061581459,0.0213780752206494
-30.142374599012804,784053.4401490578,709510.8882247711,50000.00766859204,16134.204665262,3919.999403499901,29501.999373257677,29934.578147693104,1699.8122892658391,2695.8419859754654,2962.4936222012097,0.0200417087287616,0.0394733546554605,0.0253152831681867
-41.69343460454306,795084.047506053,703734.4134996027,54095.30159854486,16098.797299326256,4463.525022288222,30051.02518389866,31960.36892721176,1679.372559819825,2400.787906984577,2996.5719462137786,0.0210728843163006,0.068902199204938,0.0207109932713549
-29.170322318536016,817585.7674989428,700015.6771136489,50216.1938864941,15544.243025656966,5753.571024506723,30769.095593594157,35360.92378438368,1669.0205788629548,2530.56703814952,2994.2291474866747,0.0345380638152105,0.0368652083002095,0.027186319143504
-33.03589045574242,789723.6657449614,695494.1196642817,68527.67941187377,16019.634142880865,4710.71361479925,29186.698982449878,59642.38424999602,2256.27405382232,2555.6568229622208,2966.2118753457025,0.0323894378195379,0.0315091784445606,0.0189090650327237
-34.95163635145131,825112.3088189976,732210.6675416823,75046.48884194219,15632.938198738975,4752.158199448596,28940.589544023,30152.898086051875,2488.2097721962905,2470.968650424249,3044.980601511828,0.0206835393082462,0.0590764132840863,0.0189231423717816
-28.813998941931462,810755.1440714368,720843.7504875915,54644.17612765671,15540.787652604831,4745.411209132204,30873.036941703376,23781.85187589771,1750.973104680379,2531.5466000860383,3045.245989482961,0.0254558118184587,0.0434445171826389,0.0129251788545189
-31.855666425510965,815812.0390065945,669503.7441823399,57217.80881331413,15781.370073573597,7434.873417060565,30187.41914380128,23576.152259499653,1916.9850027243676,2396.596381761314,3006.622072289878,0.0036691715583343,0.0688789007892596,0.0221823642918616
-62.50174617993546,830893.065812772,716857.2772872932,59271.67562286433,15610.472132340656,5384.4553563408535,30291.366214382808,30500.440269574752,1895.1489950161076,2371.7201112716657,3024.57625451174,0.0136727382023331,0.0652807940393877,0.0218428788652097
-32.49660618866432,812996.6290229597,699227.890877598,63077.43290661528,15639.735860008092,5681.454482778597,30171.542159040702,28149.83233286362,2044.950406185042,2588.287298229513,2961.457333775412,0.0184600935009322,0.0366230262329079,0.0229254871063404
-19.385550789247077,850012.9838757614,678962.2908702815,52119.1999949187,15156.85431969198,8260.558900398504,30545.863966734654,35118.32846649455,1757.399368126406,2410.643740535031,3002.1037146397757,0.0151481622755552,0.0558266872193204,0.0188789001763384
-39.296151780315945,802417.8968162593,684561.1739844509,59131.43345950484,16131.459330375865,5695.853309313396,30109.98087525643,29223.984125401334,1790.527843664201,2364.9632636415918,2988.418710401869,0.0156702371247903,0.0593210446612051,0.0211600834134206
-36.406018473998486,804237.1804511802,747201.5613572549,62607.25951333805,15917.467169157051,2846.8429860271303,29698.645606275128,34357.65263247281,2015.4909789880355,2617.727135200385,3074.8004811418023,0.0194231222840814,0.0365309817967727,0.0118518505409376
-25.359934540637585,824393.5488027042,728470.5769486248,74395.0784265887,15760.610941856778,4615.825483123081,29816.538019745825,34860.00546141207,2479.7049964511507,2481.492592243448,2998.342135958048,0.0125130233987871,0.041577458816741,0.0130649699538833
-51.55253255775708,785661.8918636142,676751.8305842094,54408.16833765724,16004.393808123505,5623.885324127412,30016.9431222592,36307.78206373989,1734.4036280341682,2528.7903358338285,2977.588186670132,0.0226871195394911,0.0308379586318602,0.0185313905401692
-26.84954543672818,802169.2971593416,697275.0147587915,61955.61352295658,15943.397327296345,5150.745625447475,29629.44307895089,51660.35499030229,2123.4522222958794,2497.499236825007,2988.004395332864,0.0228062767716999,0.0385495094792898,0.030525639745939
-55.72430298900126,790939.4345905212,689972.5443681716,53374.31399914148,15995.615797672355,5093.194262930241,29964.96144074232,41389.840315459725,1763.6907548167865,2476.215472702273,2976.3852154250144,0.0210302801779723,0.0440628053965797,0.0208461636223593
-35.15328041160571,808387.2732466816,700411.5287900179,54936.40928264717,15576.2729270073,5472.248159539481,31303.22158675088,31419.97366373476,1846.4460145047583,2554.6489533064696,2956.305733570716,0.0402774507790906,0.0477864188424693,0.0194360542131925
-22.371235367166264,807527.5437619931,715629.6378147271,65285.91526901524,15802.920140165046,4733.788020593598,29763.422380154745,32640.62919816005,2166.5347883209247,2516.367655088158,3025.561835044188,0.0242605679176743,0.0399632546467327,0.0238935502114658
-35.09410554006608,824361.241577419,719416.8324162764,57345.31701697907,15623.642394290357,5003.672995554623,30350.936526271315,42179.65153725602,1947.8723718628853,2388.390731360317,3027.14057219794,0.0152475192102765,0.0558479748139254,0.0219186930288151
-38.95895534119828,806780.6791774334,745477.0420006937,54261.63181821805,15689.625817666789,2920.181426201019,31073.790088913625,26926.54780211563,1817.948996206325,2547.535081250772,3060.325598366356,0.0279564766123619,0.0423594658163387,0.0179714430329813
-40.76676685783794,804454.4616274198,687078.8825573521,60296.86987009545,15972.20804331353,5830.2753653811305,29366.55888365004,38610.17447197267,2161.030193350281,2353.860007584459,2983.6314735360043,0.0138565544338239,0.0602215938455052,0.0284370703035002
-34.84547292342762,789736.6446316892,725263.3413158476,53629.63714140431,16024.504381028057,3321.687350223476,30160.424900414164,28617.29006709115,1746.5765915201107,2612.206647519773,3043.458966403783,0.0182896415855931,0.0410528039708491,0.0184306662515312
-29.280553170275496,794620.9780882117,715662.3574033064,51389.2275505851,16000.165079446302,3994.0224329090415,30755.786253802155,21442.64967147972,1682.7094004110938,2503.35329003816,3049.6267289881,0.0241181995358792,0.0390603001675636,0.0255237531866162
-26.601917438140923,779733.81485092,703335.4851710203,54530.48080621591,16295.158661223157,3594.3020831443287,30345.14462877496,31723.95069094944,2014.1466446551344,2518.378287540055,3050.4513925573265,0.033783236114357,0.0405584305995108,0.0124950014614668
-42.65126820917909,783842.9340960959,647000.4942042127,50000.0000000072,16127.959561820382,7569.753058331065,30079.447751082284,32344.032445549143,1592.864955000633,2515.587878513353,2905.0769270334945,0.0152676955725525,0.0401617861581068,0.0212791589292664
-33.98938063269276,814750.8013355095,715256.1711035185,50000.10575736983,15771.436157594571,5041.634051023597,30840.995986159207,27335.71153653865,1562.4335347081822,2388.1348784015745,3072.0493672089906,0.0184252273306415,0.0514384135802818,0.0304166732630986
-28.46934721840602,793031.2852563912,711769.97796669,61915.12628166819,16130.653152992989,4059.1357038339656,29810.88546032368,32759.377444755628,1940.0173599110772,2357.800867634286,2971.4780290208537,0.0154518254985815,0.066402751891258,0.0185754643618388
-40.939141499567874,807911.6134391002,702289.7579557709,63042.7741150342,16129.996275444222,5160.728184466273,29513.18378735621,35764.90517097923,2178.8680741424414,2406.285928496905,3014.53733339504,0.0153197912313314,0.0692250300315441,0.0170396103626675
-25.59515067363355,814023.540105431,708005.6203666887,70936.27468660372,15718.48736261436,5323.502752365438,29788.131680093116,39244.01957309884,2379.826349641008,2577.31621806752,3021.6477199118167,0.0166703162201992,0.0441053744606464,0.0216990977372604
-22.41380058481123,799381.4937798458,699985.5102276534,59592.4655004758,16015.68061734374,5289.784968660331,29195.845794799767,55024.31670614622,2043.161052097544,2492.901883609529,3056.7175361268432,0.0218105903567286,0.0258905380518415,0.0179960632328385
-29.130944574310803,822747.5982528598,685206.2445113184,55914.28535862376,15708.609317163247,6503.66366501197,30619.768814754,26957.03815284862,1930.204666334504,2286.192902204486,3012.624542709773,0.018293527499773,0.0846808912855981,0.0213883560368208
-41.2132085251923,787015.2326554847,696137.321460562,54557.840772803305,16105.131606027342,4756.187306529369,29661.677548773438,33711.57865335375,1744.5555534042578,2463.614700152263,3022.9882383441504,0.0138212181656774,0.0478353309627762,0.0138445202806109
-28.196404071333703,809671.6980419218,703802.2558340888,56325.6273279879,15790.71882811178,5281.671580417431,29526.517869319458,46211.14007080376,1901.3190101157572,2525.812063199869,3005.851528782476,0.0253273465852488,0.0484879244497764,0.0252913539111802
-32.56770826015811,806779.5059893706,659867.3464176368,60345.74991221454,15738.917643096356,8174.354394166934,30680.251750138134,27957.455481445664,1916.8993552697525,2667.8151189238474,2851.6182429787427,0.0199645730104125,0.0250921318434636,0.0187961831264669
-48.31341807279728,812085.5580508347,707794.3184109797,58791.59208257087,15944.532245843697,5173.168138210978,30676.68932924232,28357.873318011232,1778.5138998271802,2302.3364527124945,3048.456402192696,0.009208429548448,0.0731812573807341,0.0254264296292152
-29.141826619033488,814379.275263472,695578.4735202551,63970.47815857408,15814.197766847348,5663.812279240034,30070.965048468835,20914.86029719591,2190.047427636361,2533.887237440375,2973.215634450077,0.0248227271641749,0.0495884452274206,0.014595004429032
-36.68732102638808,838494.9669058992,709167.2711107044,57205.91317473761,15553.573420263518,6317.067277715771,29852.684242425967,35755.437181280904,1840.523572395692,2328.215820266381,2984.8240738706686,0.0039720677207527,0.0785059876660939,0.0262541721355499
-30.172595945955887,827844.7473258128,694376.2699671779,65719.52444095977,15467.18614504694,6213.976343919569,30281.21339720514,36288.96883531847,2241.1926268201137,2482.095329380389,2947.220257445116,0.0245717887014643,0.0600079955968802,0.0181188581402264
-29.046896085641947,827244.0080664798,664941.6751293144,55535.648340223655,15413.841452940222,7869.1799290294975,30942.27693924611,50595.52637288904,1765.7511358055472,2595.7226907505487,2918.761769845164,0.0234374153339253,0.0365014716587767,0.0243916047638728
-30.75192669019558,803707.5841995466,717483.7767445544,50000.00274837832,15915.573589232255,4264.60447932975,30448.15297024448,32407.807414038143,1595.5577441325474,2608.9051226268834,3024.7901336066147,0.0238816905783122,0.0375742095491719,0.0256656022093913
-45.88689169177604,831677.0987965576,675728.5227455659,63490.34117038753,15580.88955845248,7517.598919216298,29910.84520399607,37366.29328291759,2141.1062334025683,2409.875185154164,2968.3346441401623,0.0177661835910775,0.0543321307429848,0.016330212812622
-50.14868434101143,828365.839063379,717020.6202577751,62280.379513353175,15571.700302053348,5530.117544982512,29942.09708746406,32685.09280421556,2151.333598754568,2535.0513563862373,3028.6985681073384,0.0165681017242128,0.0517472444660493,0.0170539944390909
-23.115370948990577,819102.2827763996,698723.3203745921,84559.51885503049,15748.942081578316,6346.454814137569,29379.14943299819,50384.34164293083,2881.240335900902,2460.7784716447604,3000.6606583163657,0.0196029605446171,0.0482161975002384,0.0232218883097728
-30.85263019544239,772559.0384210682,745987.5349260747,70691.59318268398,16387.973767507832,1292.2762381851603,28743.01408135598,35081.4941108457,2437.1800346747245,2479.6902733626225,3034.736781190845,0.0195914858196531,0.0503306010556771,0.0161603787040694
-30.9582987917858,771863.9372681576,672705.3192122972,59066.48276966807,16336.412982490348,5044.908513492543,29983.739564777174,28715.43325307215,2094.812000243376,2610.994304811475,2990.47593899994,0.0275360350263899,0.0256936882758984,0.015659753198405
-23.76876189637315,797080.1511699026,694691.6539961376,60345.60509843879,16189.845312583751,5111.106170378474,29957.169007076354,26009.64924508246,2151.486869477044,2404.8608441663737,3009.39258986458,0.0212878472656999,0.0533046291746935,0.0102425819658388
-32.61898343938265,817675.6297309375,691797.9365233777,59012.57102491855,15572.382183864258,6091.501421402428,30809.17895352986,21331.59941111352,1997.9977664868245,2507.261324479613,2894.292580089337,0.0280225269765349,0.0461949258977987,0.0196683807558911
-42.20414490810665,794872.6519160108,652332.8981768079,50000.8031034489,16104.708106740529,7293.650025156881,29805.778852126183,272707.9986589206,1730.805874456771,2468.625731068452,2908.369596018858,0.0115040395590741,0.0484740041217019,0.0214482830316572
-19.29583358506825,774749.1494124951,724172.6485527306,51962.16120633205,16463.24494435674,2444.993550942517,29701.96481987933,35580.48140087249,1662.14925854135,2480.4964809316807,2982.442898024266,0.0271151736480103,0.0463080904065806,0.0202040591779762
-27.211947286835247,794346.6276158595,735959.6075324928,70851.65227180508,16084.129858295171,2651.497227547072,29794.704032568272,48682.88311307995,2478.496115822149,2477.155380149608,2979.578201565793,0.0230714834210519,0.0440669957127013,0.0278693055509782
-38.8834173733795,802130.2840992099,659844.7897574904,50621.24884907361,15650.441106146796,6967.898310244608,31382.814115109275,31597.07947461676,1611.1868653945396,2548.996966221802,2845.7106339150923,0.0365151079473147,0.045644927401181,0.0228577440377539
-24.54648908973509,785432.82952,661119.145710479,53376.0617076588,16354.954165870637,6514.893559701174,30370.46264918606,32296.736545095253,1730.1771850087146,2517.4753384357364,2914.7042986328843,0.0197821237701456,0.0419138411255932,0.0204989603572688
-29.146510651246384,835306.255392186,766411.4139042706,53716.982822413,15374.914499228262,2979.1669657860143,31594.59629648561,32305.884691948755,1784.536756106579,2373.0514033955988,3097.2717622905125,0.0237251878888278,0.0623110684559941,0.0180817349807448
-44.85356280039634,804282.1238141891,696678.4726392066,52986.17318685831,15635.28152066436,5928.980879048993,30196.082000253733,32585.30584662524,1765.6215183043785,2590.6816600418656,2946.1788730815265,0.0209757173135578,0.0478224304560916,0.0200827076082844
-24.370166775544455,802840.8666727192,706609.5287025654,81219.63178660459,15952.452600645283,5003.598747429474,28457.91088379542,58423.275399857645,2692.286616638312,2530.6153289314484,3047.8016545818746,0.0254295735126569,0.0504484559258083,0.0202073376706896
-34.31497515705587,827874.3102882182,715738.812564954,56086.92742127012,15427.688773450178,5189.6018325462,31512.213869719308,24924.463436819817,1765.814960443951,2462.667251793536,2985.519462291143,0.0230753949538641,0.0505036153454925,0.0282628722305062
-24.1873603632764,823439.4826819543,713406.2772004729,52122.17110977025,15509.842399563073,5127.919106508679,31262.187433611656,34392.945864622314,1806.1195975508413,2494.539348204615,2948.691131530272,0.0247693390780546,0.0476203217716183,0.0211279465380245
-21.26594139086893,793224.5225633971,700009.7841021077,59072.52622602348,16145.216197458343,4459.623921237885,29661.422968487383,33832.38700783932,2043.133870966335,2426.16301722123,3027.9836816094,0.0136671615277381,0.0639044396833284,0.0182862361413186
-30.25656810013571,794250.8615380554,667191.591391044,57264.839007629846,15973.044065178516,6944.095888528074,30934.882847757388,22076.76575292452,2036.6436512199773,2606.070148163723,2902.479955654693,0.0188512888101262,0.0284849163397274,0.0188588965832517
-33.98961897994075,794619.5725484657,700893.0319634771,86620.37697752439,16190.87134521468,4330.927379829664,28847.95661580562,23886.14008235167,2927.3790590376984,2369.625934484692,3073.70548720186,0.019243861757116,0.0659477130204298,0.0254173544950276
-32.67893384028561,817761.7965841271,724765.9724861071,52829.309969023176,15900.813925787135,4421.736036479371,29757.37114615592,25574.596973908705,1740.715966844394,2294.503100150592,3045.0924352282127,0.0119369126828124,0.0768443781211172,0.0172478684817646
-28.972316195939637,836243.6409954595,725939.4339079652,62803.44055488624,15500.857981378624,5440.726299201357,29880.49784945993,26379.30590511441,2120.0053953038105,2425.6545712444963,3081.9530063474394,0.0137246971956407,0.0626571518418137,0.0255788843622643
-26.90129608960329,824124.3908622636,640515.5380358954,54549.74118797453,15471.899620993623,9476.43279303609,30989.682565384635,39891.79017497242,1714.680057732866,2490.939964110489,2847.5797836567526,0.021918706575594,0.0378169872513627,0.0158544923093573
-35.75457558273581,800367.9050318181,747919.3615056452,70574.4496159331,16321.606811427277,2580.675917251909,28023.62909249373,52309.38026868301,2651.414372390693,2315.680055090945,3138.651136133116,0.0077714022188362,0.082029558866948,0.0234037203493245
-29.0247761437338,802869.2175820747,737676.949089949,70665.39285381116,15899.981752809195,3127.0083699135885,29538.83801994345,40796.45099056648,2509.628275941157,2520.897963947294,3052.487688203976,0.0245377272799331,0.0468422038043973,0.0188658859769881
-48.79084202031386,831129.9182613321,714547.3577308524,54746.408184776425,15588.561662104714,5820.814528016248,29950.72965663202,31910.649950647134,1806.1897620298807,2425.112962317347,3068.834496840604,0.0067864583948229,0.0569749217698284,0.019971128694444
-33.578672005595486,826793.286483356,664206.3643654834,54633.37531200839,15494.35118243516,8194.477561757703,30377.85520061312,35778.19871782262,1993.9032462636671,2421.356225067363,2976.9948075613565,0.0228118165191693,0.0563931801273499,0.0228707964391185
-59.23333366283309,824686.4123497513,711040.9879817435,56275.97910512854,15478.208689067184,5965.278447127513,30869.83211028456,33984.905218620646,2132.4110348721124,2552.656821733234,2995.7339326962474,0.0284597207618409,0.0489056710073885,0.0194065566131038
-21.702528454931013,806002.4851141183,670274.1148730216,61607.40634090048,16106.239284447833,7443.008441465687,29673.038752947585,30778.40912306677,2112.1183439406614,2518.847451895125,2866.2426971367527,0.0124134539977017,0.0464979101102109,0.0159168137979508
-22.369209318162568,814343.8615607286,705021.9665540768,50626.387567327045,15939.79143288033,5242.471065521309,30616.851963566747,18635.444599599952,1461.777314956327,2214.830136468147,2966.2788593004907,0.0174384444313597,0.0867524138547627,0.0143949792486361
-29.77713156229977,822771.920063016,758518.9769104085,51947.65281799962,15322.34031244421,3042.040743544728,31471.23221355169,36844.9972866785,1592.8954932839956,2610.586181097581,3055.570941194147,0.0270900779432294,0.0404299478224439,0.0173754029985397
-48.08118692937641,814045.6073781893,711695.7124163533,70722.25849202709,15912.725048522836,4935.8169482545245,29848.933091438168,25683.32681655812,2405.447095812672,2497.1869941494715,3040.3068845375324,0.019153849899365,0.0527861000550474,0.0192840751806949
-15.776181102382033,822271.6330340925,672997.15960379,56579.992068625645,15642.908276294014,7640.654766250744,30754.910374734194,26541.65559490764,1823.4588939594155,2446.861569491273,3028.084236706512,0.0200068075951614,0.0603528669603545,0.023621269553914
-31.88358051001788,810127.5893885765,679320.638631648,73055.5977331613,15882.056993137345,6341.031262259887,28580.93534628676,30402.533968000607,2269.172766656831,2528.770686158612,3046.3590041486746,0.0175421344482202,0.0544692191979392,0.023486221424853
-22.938718695895574,804888.8573865179,718038.0602282485,67257.16712865196,15988.152021206392,4453.958267728223,29135.46625089873,29848.387638145385,2172.053688414345,2550.936788734202,3002.978854350385,0.0183473295673423,0.0458931994190674,0.0232145157628664
-28.563913645654324,789118.5354236098,720917.2076385145,60446.51537144344,16202.777673588816,3476.7712864278524,30706.30532625945,22613.81222223906,2003.6875274512377,2537.0080228137963,2997.25914758014,0.0170466938161801,0.0461891693214543,0.0199030427977513
-31.204309303962763,825271.4455933999,711041.5317679408,71148.74703797388,15376.670082592886,5449.6807890408745,30365.979881187108,25778.05265989808,2457.7049681452536,2519.0861271470158,2986.9168147962,0.0239345790787878,0.0522294603966862,0.0128815545235917
-42.81419897239034,819151.1527699482,773400.3135087246,62366.87592318786,15505.055815179792,2264.5458012696936,30513.087498322744,24877.88892151788,2044.508953179993,2349.1804526845485,3119.2510852386463,0.0191926563094218,0.061169074011653,0.0229648441099323
-35.12470106297184,792632.1473561967,681910.3019581946,66334.63239061044,16132.146739384869,5880.979749786975,29211.34873955277,38173.87731433321,2363.9591010712343,2475.788400120045,2916.3195540542765,0.0187547813324603,0.0504941566333017,0.0216233019778085
-24.120178798590103,795555.6837359542,714920.7212107949,50570.76088234919,16008.844532308536,4283.298020129088,30194.417464453552,21577.43013834256,1646.7849436378126,2579.6409968277308,2959.5770490968034,0.0194097485885934,0.0451040191408827,0.0218254940025737
-37.08075810962721,805207.8699104951,633985.5612341366,69541.28550927053,15659.694877315378,8896.567723398468,30612.968379064536,20638.377842932005,2428.4483258017394,2400.022444463819,2888.616068264813,0.0340654773402767,0.0370874165617692,0.0089613355464469
-30.329075394214875,837403.3331922736,707700.2526949102,79263.57537486241,15443.394068462936,6559.701175087627,29697.53289268429,38989.67691633645,2383.02454833915,2471.338947520122,2982.354462336096,0.0124587112050853,0.0562605528387061,0.02332741649525
-25.3694582701889,803010.8745267873,690790.9410867514,54878.79950301668,15921.141622899371,5894.874175785859,30441.345665418776,34652.170049379536,1931.6972984693236,2510.901838779253,2981.734859161824,0.0123365323259934,0.065425630944229,0.0128644414426225
-69.23983632277856,815402.3243260166,687004.8956689155,70150.31897143018,15800.474460478275,6486.423594481267,29449.394229292408,71024.16087541485,2239.77085121727,2416.7799780535643,2973.084333451576,0.0153697338101557,0.0576443340463237,0.0248321804427291
-26.837902870256976,826911.8972783079,686221.0403410203,50000.000302088585,15561.74402965192,6787.742347234508,31957.375853036123,32915.759626034414,1571.7914077658272,2507.3684522859944,3063.77933231076,0.0144433081926479,0.048141921794585,0.0275251141147507
-30.469618452126944,816440.0596470133,751094.9186715072,62320.68376633319,15677.71857754054,3107.81080842174,30385.23809890536,23223.32959771442,2036.2935519180407,2414.9475778530423,3016.256891869929,0.0167752890377858,0.0505838878694512,0.0173023604887562
-31.499190080288063,806401.5275049788,671042.9174495151,60815.661992005415,15962.34769512231,7532.411968360135,29692.07438520046,27883.9777469223,2096.550690205967,2345.382214240732,2958.4369491636216,0.0082875677389372,0.0643657272292931,0.0150852806652883
-28.84791541350186,791196.1025978625,684488.7598880016,50000.00000078622,16101.32779737156,5710.40161605364,30638.816875254277,26116.65643606892,1517.2792469771246,2654.4359573133447,2937.209854390136,0.0263378134939643,0.0383974287729901,0.024583571618944
-45.7139359518256,813014.9824838303,717410.0819714187,60014.80338670632,15936.253601160395,4208.071116140585,29157.697551970217,145308.23332141878,2042.962941963876,2311.344082776113,2975.85540460415,0.0257852927731806,0.0654610392809735,0.0282429664639832
-28.94647249653451,814865.8987788805,701581.1324644253,59280.58193850239,15651.289534614192,5451.190950681668,31546.890589065308,28506.82308479752,2110.636663182238,2494.987543171901,2934.4144784719274,0.0211506742289293,0.0566696229807177,0.0182863649306023
-31.77466658816305,851850.7180150221,730185.5029520825,62942.69333092086,14940.252915541432,5677.747396484311,31601.312350346576,31816.422497864176,2153.435753884142,2404.07422658846,3139.313242698933,0.0180183589509368,0.0614005279730059,0.0247224356500859
-43.23372117836162,812531.0271609249,725680.8095094237,60436.55537695411,15651.544821725469,4091.712592213992,30962.35627095893,53294.01966843983,2037.2394431470575,2492.759937898757,3004.6072694292798,0.0259952956573339,0.0442670944346549,0.0205745711806112
-35.405267179227565,825169.7424244279,695952.3967830458,58626.13209241082,15505.624488957124,5904.999052478291,31016.87695480668,27782.168063742083,1924.52000636383,2459.041004397327,3001.478943192621,0.0289728946578581,0.0459511573662015,0.021117936659131
-38.67423152089365,798600.0303031219,688273.8743284568,71691.74658443536,16065.12070531998,5336.547062022257,28768.728493408104,52608.02230429791,2435.686070079535,2650.738571571921,3006.567935020485,0.0236959219982859,0.0307920548831544,0.0232178358891018
-34.22288007802791,798338.0134453829,710002.3648319732,50000.00000000071,15827.147257435963,4549.646199038563,31042.82328621042,31779.01099790484,1515.746094398379,2748.4639509648973,2993.317106272024,0.0218656720542556,0.0263039386751785,0.0180086331662653
-32.089021358918146,799193.6830775279,730655.8790615592,73981.4276166993,15965.104010635792,3477.4693960833997,28972.140453485576,52100.103575156754,2347.2515663384943,2660.317685964303,3034.18342838121,0.0209260267088318,0.0388523980436472,0.0255937584959542
-23.67212689928624,804951.7353892584,713889.8560704887,56316.20740636113,15725.986347510923,4837.205025369095,30214.630732169782,25899.26966066698,1957.516463753991,2613.428133254817,2918.4390209566814,0.0173405719602947,0.0377482608985135,0.0168113039719599
-22.770320058150915,834102.4864932938,724238.7507226204,56439.06682848359,15485.25570841566,5097.519393919857,30599.955005903357,26018.41457364362,1894.46212159172,2387.269734598081,3042.1865780223625,0.0146695407909665,0.0640680599734522,0.0175986455802966
-22.441795577079283,849327.841315437,763411.4074209161,50727.341449781874,15196.64950037716,3901.1970180721946,31650.648389467337,35810.44070089131,1529.5786367953044,2499.4565280289057,3104.8938053960755,0.0199325014181031,0.0561163123063398,0.0253979169927628
-25.11614296473228,815188.9849575865,725131.3878248667,59067.61885480931,15765.721208695337,4696.02734032627,29727.58066623207,37496.707071407945,1976.7974050556916,2562.335059182495,3084.664620931123,0.0135337920847529,0.0354565524021541,0.0259939371277852
-46.219934560239466,832612.2202469391,708782.8938353723,66739.04247864749,15216.243040078742,5723.572674431229,30778.94244452908,38999.8414275269,2241.756767642953,2684.4183258070325,3027.746706222547,0.0305761671414121,0.0288851413869266,0.0140071793141027
-34.5216114125827,794776.9607708025,692944.9760144093,50000.000000008,16075.523427720293,5255.155328049703,30653.188361368317,26293.735701359125,1609.6598501134924,2695.718363759924,2984.8973420626694,0.0313393364743062,0.0363678073975237,0.0272540473606769
-24.89883904223612,802826.9586637467,677915.3026918853,60000.29398223318,15707.66731670476,6161.735140996213,30878.737027956995,28756.491649083466,1961.122566210847,2459.0856653666947,2926.115258219249,0.0259510034615146,0.0512223555142972,0.0208854815389056
-42.8764330140196,784537.2412913709,694997.0143874736,52882.31198983666,16085.610715953497,4562.082242406839,30513.79438830091,24872.01469843505,1687.1821210092803,2561.0001170529035,2951.848216485413,0.0282600618310107,0.0392083125925561,0.0182296023038549
-34.837627487385305,810158.713541251,723412.7885425107,60335.88825946579,15744.6511352377,4148.924598980879,30109.68381900664,37990.92171947501,1988.0901183194824,2579.914886641392,2985.412384852419,0.021439081946181,0.0419553890608432,0.0203411342834589
-25.623762804120933,776984.7751320769,694269.2756529287,71533.9714016466,16540.600144305954,4218.374841259923,27878.07493539288,40063.57596219423,2329.0077738021814,2407.659364380461,3032.8987367604536,0.0094029958437141,0.0565309101358897,0.019761532281568
-36.11182022432901,806914.8121010985,768018.8934302195,50000.00000000205,15888.706057772502,1776.6005377810168,30808.22626254501,32547.949931522035,1520.9619576738337,2327.698849300705,3082.1463272511305,0.0193291611251848,0.0789455525162567,0.0182197255908321
-26.641588430004397,803196.4459563049,691454.0646917075,53198.52875290947,15832.768530915995,5470.752210982235,30410.57209076705,47969.39631144976,1776.730508112314,2469.87642111859,2981.490575601093,0.0158462526111404,0.0509570592204987,0.0185263767862898
-25.320691463325492,801103.3770238468,681426.868428188,50000.00000240146,15904.94976995851,5872.731508934114,30879.644464900284,24073.384358913667,1573.0771204764612,2604.341285931114,2963.96385047578,0.0318654298818649,0.0377422570334921,0.016135728725718
-28.99601847587978,797216.3217429717,701187.9299341397,59813.354063719096,16048.194990248125,4838.485193526215,30009.11383722072,31679.70564406537,1884.4195086489624,2581.660267360455,2976.437747951326,0.0225865100661686,0.0395746204530598,0.0242536842611002
-28.83321465702319,787594.310939062,682329.5127440626,56768.94703807785,16032.65933657626,5670.778997690942,30735.87508231321,25957.008510677315,1910.6599405111551,2491.182624563812,3041.696752556998,0.0245171524846502,0.0480501392414416,0.0166070782963147
-31.27912523739679,799920.4104779239,692959.9524897479,72833.74439973154,15995.401663229874,5309.610200132587,28922.38479843925,53425.57488161651,2467.8821232830123,2495.1832652983435,3006.22220387157,0.0242410855788164,0.055622659420598,0.0227768195482946
-40.20937960788297,829469.2695192904,694392.413547426,62330.69657103099,15262.452613406576,6515.837870662724,31323.7497586125,26905.07994043545,1930.99628335391,2545.257004652366,2957.796201416842,0.0224692825938754,0.0490249238413689,0.0255168961042144
-31.506402284750973,806212.9452541663,675024.5133275194,50000.000472996406,15727.286227424587,6685.6593320783295,30793.587229455206,32140.379871965648,1646.7298891489163,2275.9866706149105,2972.7387293615743,0.0233341895641408,0.0709397430492044,0.0153002143606535
-26.21794006835099,802969.834517149,698446.3724641918,60842.43984959259,16107.543478767113,5168.758626269553,29413.97354630621,31682.322155183992,2120.618986754262,2456.0556535941105,2962.485474284729,0.0212787789060123,0.0526017115156458,0.0168317678194132
-51.333144054738085,821236.2225183705,713116.6492992128,75405.48820337461,15596.109554398614,5161.573522665378,29618.09569182825,29315.50488275112,2577.873598685814,2519.2739702911795,2978.7365398600177,0.0198619991821271,0.0591338933551122,0.0161830743433311
-50.73310127445873,833714.6948986192,722577.428507562,59711.94124834366,15262.180913742674,5346.592949385275,31449.95838615887,36080.34544668146,2043.58517887326,2542.959928037037,3084.2460144157662,0.0176783341528383,0.0336939544476644,0.0193020469537217
-32.84598897286136,797361.8938195452,706480.7605760997,50000.00000000001,15867.901193505186,4591.991243018084,30858.097379330076,27680.33181833585,1540.3987814793272,2578.9826051224927,2993.9256056041227,0.0168195460869424,0.0441332022999558,0.0119418761691884
-40.79742331019009,795623.5096896369,652976.6472064137,57160.632959056216,16013.298187441009,7310.820029657398,30493.68193089274,25661.04052450104,2085.2907403676813,2447.0901663422337,3007.533691002769,0.0237104579142779,0.0498557900804555,0.0163837104789385
-29.2455530006905,800795.0741184981,731885.8431856157,81320.1683734054,16121.471487714376,3295.8001350400705,28553.511334449755,32823.957468569024,3110.8424037135865,2345.15949072324,2965.805085917444,0.024694950003577,0.0602240352935409,0.0161038247044912
-39.342092224089534,804651.7145458624,722200.2030355086,91739.5557605736,16236.558150930588,4332.528042890714,27802.64312664948,50808.49793187648,3075.985772568442,2507.79614244016,3031.2663065636098,0.0127767110039678,0.0414474491871019,0.029612205311239
-26.471493166291825,779849.9338029803,720919.4137372151,53111.15305663349,16333.172666372097,3075.5330453590063,29870.646976421667,29926.626999067677,1777.6987821160596,2586.349454531308,3043.483168052604,0.0218093133257139,0.0417998670329841,0.0102778995658251
-54.98984186400725,820944.8624705222,676191.4827739119,68131.18955619959,15477.869745788132,7703.880846566656,29955.132361204494,41877.75131210576,2102.3916833423264,2541.5932902098048,2960.083898171283,0.0193219253429431,0.0374171636728653,0.017867583984986
-27.12838281140936,784231.9945442106,661108.6985869654,50980.5638366101,16248.861948047344,6093.861938073688,30296.55858399861,55678.18736598634,1671.4989577375395,2470.926588946076,2933.958598511286,0.0256027425860443,0.0325099981561285,0.0164997248976322
-26.024302841526044,816609.0965592536,739467.5571813778,61038.81963839929,15552.000853136751,3529.773267112394,31235.082566782563,28245.25977071284,2141.5214435783428,2475.8297133511983,3020.0996753243166,0.0227988573224545,0.0511536922678547,0.0182058028086803
-29.37196742802616,790231.9816190909,711869.8102449529,68889.2343162243,16124.36215316347,3969.051760535429,29063.149149644283,41096.85880153618,2352.8983216069805,2574.435380942045,3003.031991873012,0.0166218626323216,0.0430354826663188,0.0259957603567915
-32.594191581790284,804226.4007423092,695373.3138232362,50637.84530904061,15873.028609360776,4966.777795133935,30897.409013367786,25903.243568335587,1724.9577430298075,2565.107036199069,3020.341789076333,0.0289769394918964,0.0528450444906172,0.0145538722102997
-22.0092873640556,787334.5324436895,661797.6468282539,50271.42681450101,15997.399727926788,6419.174772018758,30588.59176674473,23628.753160802007,1633.0382175522132,2558.77380288315,3035.7748250831264,0.0212622000588765,0.0411053890015739,0.0212143329263063
-16.80617714151831,812184.7422402622,707122.4942671506,50000.000000219385,15893.197623975066,5028.656091716726,31024.647160206423,31410.76347581508,1591.0065756138554,2292.324966662863,2982.752396587294,0.0095322309588682,0.072703408018636,0.0122651839272719
-55.52673201853682,812376.7639042805,747018.9901180725,50150.32949040619,15737.16416052404,2919.8599810948363,30856.79351667637,22902.557800038463,1590.4854364409562,2533.7050562448608,3015.518231070765,0.0263704168218661,0.0519351005012591,0.0096702061185664
-36.05365425349598,810048.4200382589,710825.8348235234,51459.239650684765,15847.338960055267,4701.073980036424,30528.74404222902,34039.87401005742,1610.3087059546244,2417.497910301455,3042.266481193864,0.015548736997916,0.0540828973497573,0.0252357262349796
-30.280730293188896,817619.8105902208,705185.1309044658,62705.292700128026,15646.100767824011,5635.183416686393,30935.600148100504,31174.44636451536,2104.893637213496,2526.9727019550824,3006.3820674174326,0.020920987984993,0.0531573547613655,0.0165004886334209
-25.644107746876905,837125.1080321148,741185.7106591947,50000.00000013749,15343.166909120444,4367.027439106888,31853.1915740498,32058.15510156761,1498.2830036402345,2466.525981018612,3108.081139662332,0.0247166446753282,0.0470987654466397,0.0247435376906675
-23.11796080126271,801870.8021223397,729638.659200535,69985.2689454427,15948.43363999072,3438.1299824576786,30079.160949832814,28123.65950357725,2305.843715808035,2588.5785697612678,3047.320795747312,0.02287231092028,0.0518522535261172,0.0219485694329794
-31.48912382613554,804924.4883896009,694487.3897686446,68054.46114123258,16112.15158455274,5461.385105533437,29590.808079632545,30705.29914781395,2338.4287620780224,2405.338123787113,3002.1714057987297,0.0145580807871484,0.0704303466409755,0.0308527741615204
-26.33767236994685,824241.6079435067,737010.4621555784,70017.56334288631,15852.04134567528,4070.5195057442447,29253.98117682311,29410.6283048204,2439.95770485524,2188.223917593593,3031.616444739173,9.983135531770416e-05,0.1004137802598581,0.0228392957161072
-52.5474319526411,795815.1384384404,624228.7603229291,63405.277036319145,16029.364400080907,8629.532256348162,30307.812375805315,28079.782148379647,2209.4870603778027,2475.6050296810827,2883.6549013985523,0.0271718451354114,0.0402959273859474,0.0157498883321668
-30.003336616855385,805346.285464724,674224.3540134223,61415.27995191622,15974.948988513011,6917.462334377575,29435.40118039891,33143.57541234317,2207.1898846183262,2500.4037268208367,2867.5774368357843,0.0129066404250774,0.0436237944805034,0.0163448635479043
-37.38101423826978,856219.6612648641,713752.4048067933,67706.46959086633,15095.236830355954,6547.256626315965,30493.506606172086,41876.12173109532,2311.1046749873244,2374.7979358967023,3000.454322934394,0.0221655408637675,0.075482352344237,0.0224633823984471
-35.442595653997074,834372.5734266759,720696.9282030688,58090.19006116431,15348.027785611768,5330.338285590434,30868.21221103559,28718.4506987806,1975.7583014364595,2355.2630732720395,2992.810851689175,0.0210944329340217,0.0499899827022733,0.022802208611019
-43.816758954860575,816932.5620942119,703736.1498213515,70267.61137930931,15607.36686975418,5674.956315537006,29629.931106655717,38869.05830786798,2386.615808554906,2509.7256714911173,3016.315876958597,0.0264604874299795,0.0385510314210818,0.0174918973123562
-24.866516720109797,798204.5005895026,697775.1732411536,70605.92062328053,15873.501732857005,5225.718305348058,29320.535109403707,37471.91500298736,2479.8470886164087,2599.010274539255,2903.895464391799,0.0299013138314779,0.0383507927187003,0.0202993018703393
-27.111572170031096,824183.858707243,723969.974848664,62873.11110883021,15577.806034257628,4855.853646493944,30223.97707181499,35799.190537339906,2078.167868893393,2568.092088978129,2976.5324970809465,0.0202596539283285,0.0514231319799162,0.0205370021061612
-39.95362750884092,810217.9859526018,630006.6857946196,52302.84211199826,15848.527611776157,9521.174515847457,30386.9846502837,70186.61946198095,1653.3192700448978,2401.073349892863,2845.8167307682997,0.0235450060369878,0.0489146355837404,0.0192661106127905
-48.75597067795785,809380.361465786,742311.22717917,57855.1192817635,15627.945933874946,3050.05477044792,30744.008954767312,34916.66508430417,1837.0290062646811,2535.345576677368,3095.756415911714,0.0292852039499661,0.0474735586323077,0.0175391907400765
-22.689213564515438,777190.2739474609,661297.6251533753,61105.05685652911,16391.868477967986,6276.311220384432,30048.186178450265,23902.788251987327,1942.3559151660488,2405.605434014863,2858.653056793949,0.0212067180670371,0.0578114668428535,0.0238950281909966
-33.7085603711063,789527.7054118096,694996.1751825246,65744.07293949489,16192.30797789892,4976.641240385514,29460.686528515635,30499.85934653844,2213.04998525106,2499.914284819951,2952.6899899794294,0.0121139187084427,0.0540159658914056,0.0158236629791978
-33.363429645801034,784511.9626948977,671707.6751262448,50000.026086492224,16030.175852380842,5966.706997472002,30904.317676228096,23170.83587455888,1561.6561631947732,2453.854319658556,2969.1257567861903,0.0231634104138465,0.0481457395636541,0.0226049209331775
-37.70712417266724,798541.8782647399,700801.5905757396,51732.379917119615,15869.980165629564,5005.970764316249,31127.006126705845,37304.36059056375,1668.1250646086696,2584.972316854855,3054.071765110743,0.0199061819158273,0.0359343115123978,0.0166910062958213
-63.39355945942756,806343.164874118,708224.7360637481,61400.86772233616,15924.033238233276,5093.494268933265,29106.638725488432,30855.64065579656,1989.0671700476275,2549.2331645588006,3029.749650403839,0.0139573799185945,0.0482376674183342,0.0171327608355906
-41.02832694334252,824358.0278640888,678322.4115545817,59004.57399491504,15820.786587593971,7382.432601104871,30762.278338459622,21550.925491196547,1922.0791089857469,2448.4635619916708,2925.934291753856,0.0135956126864187,0.0541096351457026,0.0280191437650298
-38.43128359154955,830805.7445985388,689893.471715373,66664.77901732756,15552.607130417216,7125.047807185222,30009.365833989086,35163.59090295297,2346.1269136671785,2425.7461314791485,2998.563596204148,0.0127268434225618,0.0665122875183201,0.0302709039701474
-35.50917225729246,779052.0991189331,692520.3697264658,69001.93056226047,16293.064343778622,4676.697711661656,28862.609261570786,37387.12970176194,2322.1970784996074,2448.3643970322937,2992.2261372944467,0.0196175779900028,0.0561493923493146,0.0235433219240628
-37.53039364543898,820533.185734405,676886.9171127256,62351.6158933313,15521.961541548617,6834.822779628233,29915.43109096596,49741.201787975406,2150.1987324603024,2515.5548913365046,2995.3541627469285,0.0295219929163467,0.0375172248100844,0.0189619667620775
-24.5553977755636,816177.595812516,747794.5239197896,53545.12071014306,15656.377701692558,3105.2433250170384,31541.099731493337,21662.443023191787,1739.454446551581,2536.933269648206,3038.598548495293,0.0362211252173726,0.0529462730546707,0.0117285345396474
-33.595991769811306,811508.802443531,747520.9015621198,66160.96702148505,15730.899991401871,3094.8052434107594,29203.169613846945,31223.295557998747,2287.4123942785445,2546.38894917371,3089.02914191557,0.0242115173892484,0.0491450254336979,0.0197596403300498
-27.437774668243023,814100.2937032414,778443.2441134077,62452.3628467991,15704.414576064184,1676.5361157727923,30449.379317816547,36855.07178510421,2128.7058448436683,2583.975587132904,3048.324435181434,0.0129943840857766,0.0425011867521632,0.0287806457857966
-59.53163869965975,808967.3941936777,700819.6849000189,61228.28080876436,15805.26262223107,5372.699502045853,30436.694010168365,36030.304100693065,2130.194573944163,2467.2223970327486,2964.131181242229,0.021076285128482,0.0432460663800161,0.0137282280164556
-29.811080716684312,827437.4480316078,767981.3119334712,73817.09336616236,15322.715257077656,2831.4365233347244,30458.07192927312,27757.97829691577,2627.226476028688,2471.3882922143707,3069.0188670065286,0.0202863166547026,0.0416990763983323,0.0214958780213278
-42.9231914437929,804842.7233820037,702687.2099807895,50000.00006373826,15823.557422606667,5319.732950371278,30603.380670671348,31344.12010363242,1617.2204432306405,2384.915282130127,3037.2877841673426,0.0178921460496912,0.0643817783395965,0.0178528645243426
-29.339265463374645,813705.071300316,727114.9397923079,65250.7637132545,15822.031969711254,3880.853065467867,30043.277262685184,31388.98725561769,2113.2639485070417,2371.314478586994,3004.5336173232804,0.0221883490773541,0.0676026981358414,0.0159076506684874
-36.55643182622872,807682.2532557498,718495.1436292209,62694.86126896653,15831.751667394545,4454.938648783208,30038.316079352648,39372.33832086686,1884.9993257055012,2383.975176208102,3080.594579338572,0.0238924666691862,0.0689861425071148,0.0274197759361053
-32.07546822703216,805813.602380353,697457.7366280694,57845.199096716286,15994.092349794471,5922.241176575671,29638.400860418584,32660.04775438504,1948.9194859763788,2501.289219370857,3008.204656393327,0.0105774655857489,0.0393625473541294,0.01864319819332
-36.1109321365123,789669.6539170165,735083.4472865005,77785.27656536226,16199.065952944642,2776.1497374348605,28522.2398274606,40657.67293944173,2795.4496676312665,2452.222028779161,2947.3437006671297,0.0186454571969347,0.0577750920343075,0.0172731082900658
-41.464538835687264,771655.6756626626,692008.5271883203,50164.22259917066,16585.226274889657,4174.3515534808585,29824.38859698161,25634.502761295094,1643.4029919175048,2316.6321556558555,2942.062436428996,0.0178357685211019,0.0770859059431992,0.0103871305753328
-29.616167112145728,786217.3958443352,706148.5784050595,68021.10610682236,16173.86518496868,4286.095087037315,29152.065564652257,28634.370436956397,2341.84517179192,2596.203759313618,3009.7295885294943,0.0256305330476566,0.0376087618931527,0.0245601218170039
-65.38577764090925,816383.0923609562,696585.8898048722,73981.85420006326,15751.86688179778,5867.035996350227,30399.428273941347,30424.83608181803,2620.573755837567,2641.4398936022058,3070.781062622625,0.0223868211131607,0.0334827196879295,0.0177682976414825
-30.997638870548432,820862.3651012948,663973.9166427142,71568.69580940345,15663.13566189742,7557.575987438082,30289.17605127793,31244.42298042108,2735.304411471007,2428.2074846465166,2990.7112387995408,0.0208555978525708,0.0756314500303229,0.0156167613178363
-29.65459879233433,812270.044142284,680875.1630804213,50000.18807237372,15833.748655078884,6750.2621743882855,30909.11986607398,22701.454454075923,1555.686057376948,2564.8617025311733,2915.033288639117,0.0189380720141796,0.0542182576073699,0.0237352013124672
-34.77399128373421,830160.0041819578,702511.4589603981,61303.81021205099,15394.712320860282,6683.447401939304,30959.46322718546,28547.07400891333,2014.926056664327,2620.47052003554,3003.795286750964,0.0204663016739494,0.0441938620941486,0.0262367836853114
-28.834681604462062,796929.992884257,703709.2300066585,54799.29504520046,15848.94083364424,4748.2673340068495,29965.59875228496,36976.95391886938,1896.401673302842,2486.7090207137385,3038.6431126570296,0.0273435958058641,0.0515681680776358,0.0141361484709103
-23.209980715550827,815002.195712833,697618.8305327017,59675.22157557352,15639.475141481624,5922.180000570997,30627.074238236964,29959.49776205416,2000.4563567284729,2474.8610289180333,2978.5878074427933,0.0152452236628523,0.054131248589069,0.0187231392013354
-39.610400230041975,793989.025841569,755221.5109412431,54269.4691199791,15977.97308627161,1882.218334237703,30767.671167882203,27277.79315425445,1860.346832962556,2411.6322492874074,3076.1816381527783,0.0309172382567818,0.056958864522572,0.0143242512312352
-40.70406602164955,846104.3900985125,708411.2102168484,63413.06672158888,15000.67534627439,6524.582851761936,31147.320244501167,32705.016119925884,2215.690865581749,2437.501306039258,3009.6437076269413,0.0170874719635571,0.0666040697768828,0.0139360128903391
-27.364684584114286,792748.1270640094,684098.068821093,66192.30825798142,16095.22675015832,5479.117230988518,29923.928661341844,34333.81075252564,2186.6443770368173,2470.4642832875847,3037.369822447596,0.0182504886305068,0.0417065599815124,0.0208547635175469
-56.15096055044149,808845.1565835088,709021.1513178688,58563.20282590576,15869.02394162942,4621.579750977166,30663.59977907673,23576.060336750958,1775.8041033314837,2461.042858022188,3093.354612153012,0.0247138757706882,0.0530935438071704,0.0223268665740737
-35.68447337444793,799704.0919125942,695462.7965390545,54819.78596694466,16049.517714580405,5215.949713207982,29261.1941396718,36150.95143192932,1957.742851486928,2517.224216176269,2983.099148100729,0.0136265087756406,0.0448170865844227,0.0200621085324516
-32.6133320890578,824594.4889340396,681804.5702059978,61676.162000571865,15649.543048365911,7110.14928284844,30351.43341742904,42929.38899955664,1961.12160421716,2457.4633383853425,2917.5178711813937,0.0160147616952226,0.0426191914067311,0.0178156732936144
-34.58716960928198,809697.3415237229,706592.0688509224,59891.84998802327,15919.816515196466,5315.961281451249,29516.21985418581,80219.12709276019,1955.0657669861275,2424.476764628315,3008.496728072628,0.0196295292365433,0.0420762221829696,0.0222560276137473
-28.583248728207494,812104.7005168558,695319.676709618,57259.50059370249,15725.621824435346,6150.651091261439,30469.98782901186,30859.64989559989,1983.681435979125,2399.24663801688,3028.863619651469,0.0162148788912786,0.0583725101332521,0.0198819312702045
-30.46627744043467,787982.0133346777,686110.1630592683,50000.019078376215,16259.080162944882,5137.926348901056,30098.821256175885,32206.857496634988,1595.2352591690146,2419.568174680703,2925.45425363922,0.0149996352684206,0.052316138504949,0.0239603096451334
-30.724081083948253,844365.3139550019,713212.5208916977,86816.81130364629,15203.345633895316,5961.353803985725,30103.04495567904,30010.459072980157,3015.888134915441,2521.723741620876,3037.047475928516,0.0303359153879808,0.0435812698153383,0.0131562778140948
-44.107603855467474,792638.2897124599,703424.85457032,67729.7429456871,16113.2109741,4340.232625907778,29686.48138701163,29105.868047340577,2430.069620631672,2552.379796362314,2913.6634577479376,0.027383458721675,0.0525130460730287,0.0164989821465685
-31.27412022162879,810205.6027366166,715075.6093126198,63267.11037291448,15750.91984580328,4641.567864097079,29790.232285865968,27754.872496441487,2158.2006307218885,2422.2338952319024,2992.5367195453014,0.0186578841169576,0.0505454707318543,0.0191712647294091
-21.885604327271825,829033.1962541866,749564.9747866764,51228.70324755089,15666.999511115018,3968.884443646536,30805.848781018594,18703.270130015808,1683.7823408936365,2558.266881566858,3074.6011555005425,0.0234856319646024,0.0524249647257173,0.0230002584924574
-21.846255666789084,826002.2269389443,708324.4178877905,61770.28317855965,15470.69995767605,6044.897255836582,30598.867733168823,32070.00026964109,2030.86477479183,2572.1099216138305,2973.8357386891075,0.0248595103708746,0.0468813493996988,0.0270159095854874
-27.51220964979337,774224.1652057759,689643.5701904569,69206.31559787752,16311.830181980113,4779.696541456368,28424.335927783846,68850.26245002814,2508.7964364025647,2557.2069730257394,3079.844631572677,0.0214620864671281,0.0445990663332264,0.0198367166403849
-25.5126246030418,803411.5658675932,640939.5478505397,73354.53119937066,15860.152163644569,8112.849642998762,29827.27474811182,31202.40775195263,2532.235836453393,2574.8915693815898,2942.65668557548,0.0335517722373875,0.0372609719865036,0.0205942308880576
-27.49418645093992,824514.1313360061,711936.7191848449,50000.00000511698,15733.651444300664,5642.208738173355,30899.74459122054,20045.337736781104,1529.8353777267323,2518.8473298790154,3041.8725174234182,0.0221145486697997,0.0404967574006106,0.0298524813900699
-36.31727279062375,796041.3518789076,691815.934701796,63581.06126096229,16118.644656435485,5202.387342396035,30107.9430161835,35651.45380759978,2313.670170191757,2509.0766956679245,3032.7127945334946,0.0318206018502771,0.055000682792468,0.0184908176481083
-21.662760489059902,762940.8476031139,720607.6757492969,68879.9111236879,16626.12383349368,2234.052680644197,28203.18740369341,42757.87921046039,2383.714177386919,2480.6764463295817,3008.409149656577,0.020658806221619,0.0661743454291537,0.019407056977685
-31.250536198824417,826835.4348502096,753935.1567897758,65206.80002027131,15445.107780397806,3551.875674654616,30345.28595865462,41373.083880045415,2353.457162162352,2512.9342774028523,3042.787015461412,0.0197166670609544,0.0622916211493874,0.0235500439063334
-30.53671250517357,795350.6977850182,713083.5542596098,65123.71490257259,16018.858121865298,4057.9857650668687,30108.88133331334,26704.641246786246,2163.6817403427967,2593.7056913191736,2977.704067139629,0.0256825078030284,0.0479551413144275,0.0230805935861775
-36.05294954422201,810056.7857229495,708603.9486060307,57384.41002437791,15740.399575614929,5095.907466880505,29973.466694895156,44154.8606035747,2011.394395357282,2570.9347536104888,3019.690139187495,0.0230609139973837,0.0505245968930993,0.0220997576244553
-30.25009098426212,795161.6699690127,749568.9876239434,55317.12993101875,15941.038945929628,2265.048439885659,30524.98232801505,31921.10237916299,1834.2333516583385,2529.0988019552765,3150.586879607406,0.0184831572580708,0.047383296134441,0.0183601833891402
-27.50386977218426,797485.3335046542,688894.7742714346,57448.39902965679,16065.577459681284,5140.200307657042,30628.05134122926,42181.06954430926,1819.1642203319964,2448.829934101372,2972.7366104974726,0.0210554234038888,0.0545033613180303,0.02326766616747
-28.361151387199985,794976.8678917508,719099.4844319894,63198.040083553744,16226.67694119035,3750.0210023373434,30546.905187997083,27306.09910126375,2066.160721302547,2383.3750282214546,2949.965256363701,0.0297610502283169,0.0551492346980601,0.0167257160141905
-26.341116111284187,795552.3939244798,685437.8000954969,50000.00000000098,15906.984443402913,5664.422531675339,31265.515074312458,26340.67339061321,1599.9005563678238,2419.4562537038946,2902.781694717484,0.0209301834681567,0.0460718670812361,0.0194116860050521
-26.58415808373349,771086.6500776925,717178.2697153362,68948.2319970509,16594.99742280448,2791.5302644862954,28313.62684586656,47888.420959132105,2229.747663352057,2340.520641830264,3040.110675979181,0.0121119997564198,0.0614320536350065,0.0147963578167985
-39.5588532304799,796635.7915955706,666033.0243495959,60965.88558299399,16136.200304709988,7038.570910863112,29754.990494983664,23264.43946929778,1982.0802629837744,2554.256880116916,2944.334358087991,0.0175836768062145,0.0415013008532822,0.019726947909611
-28.12330010580426,829741.557789275,674519.6978974526,70236.574321723,15441.597923816358,8855.200471183176,30356.87950587649,23638.619801365006,2366.082809956073,2477.145488693355,2995.037942666611,0.0182304359882335,0.0588184348954238,0.0119849953325701
-26.25763359028077,798157.4708922405,719444.212363071,50000.000000587,16306.500791047072,3793.201821640227,30107.95393435028,21395.419076803457,1537.8341924958784,2428.0194725667056,2945.101456472609,0.0088769592397061,0.0640573429711515,0.0160692718775492
-28.6833603458122,798305.5648992906,694282.2601482575,72375.05776364045,16004.538988158629,5650.488606394573,28560.31369346718,40382.09402991992,2384.656053106012,2368.598923676882,2905.71501108318,0.0106442881218523,0.0704196152244216,0.0269766051551522
-46.364697162690426,795564.761258299,739430.9640381703,60159.03669142825,16000.838154239367,2582.4852218910805,30175.106166671256,31933.453446279444,1994.741243511693,2477.379335658664,3006.457235625475,0.0205594071335854,0.0535514475504126,0.0212455004418821
-44.49488747407789,807279.9739563897,707057.8249710893,59486.36221404966,16116.190374814649,5242.068823229849,29882.161594162088,46056.7141085059,2025.2489427439175,2508.9337328992924,2992.99445842186,0.0152670995716965,0.0524969719145005,0.0268763477783652
-33.62545866148542,814801.9257091817,704385.3327939039,56077.83202181397,15578.383583861249,5662.172040459912,30251.543023257134,37107.12095340903,1996.3403084410395,2765.258800483428,3033.278673026268,0.0157367422332134,0.0270614610845032,0.0227663005988421
-38.33460288391868,813246.5200431254,633233.3896805365,60352.54737995591,15719.607857860794,9238.77977229215,30624.97859339719,37524.33766095385,1819.7278879994087,2422.662835000759,2872.24600006398,0.0214203138885862,0.0449716469259055,0.0190553001917998
-27.19311382994553,816505.0996810081,699855.4887279022,55939.0890231082,15818.985127834778,6053.065146422367,30031.71072078382,33366.85651819306,1840.4631927333276,2454.915371314413,2979.9402081185613,0.0155729437202609,0.0513786315823041,0.0205541910765396
-27.291018166190305,811347.6175675313,721592.0201472434,71336.95234400182,16001.357656361168,4316.681621636368,28788.46924308873,44163.86090922973,2464.382575212639,2400.6926726214374,3014.526924393489,0.0111903783200104,0.0592562306779358,0.021996794064459
-24.164171603243418,793202.5030122276,705956.045022341,61429.67363772435,16063.248172890166,4346.285143508284,30238.065118081737,33263.9795394185,2056.9052453168133,2417.692285593308,2989.487312192592,0.0172494397149646,0.0627127661226704,0.014055463200093
-48.02763644335805,819555.8558821557,733364.0481053717,60419.4010646867,15635.860228433145,4229.994988643486,29319.933508262257,746781.462536341,2056.21104883653,2458.2733933283166,3050.640738333185,0.0182208301517604,0.0598381703045576,0.0187277068147147
-38.66310942952097,792020.1072172704,752407.00530435,62775.86425059623,16142.605796565753,1972.544269590395,29860.30008221808,32325.96858993901,2104.3137489085743,2578.622809817908,3067.317118429051,0.0185212141071186,0.0509637622366421,0.0128538873778281
-32.87768466681801,818052.6706795861,680657.7227358394,60549.541103429336,15604.808697468932,7180.30545694888,30085.09770515257,26903.63843818708,1923.7143683176776,2663.789357745008,2933.536327860227,0.0324729060575839,0.038972220070653,0.0069865347148251
-41.256316422551166,798219.2974712555,703066.2964714059,50000.00412472838,15963.773157772102,4683.259396580899,31013.10761339686,30506.043634673075,1515.1880338112385,2563.779719939789,3028.1415077804218,0.024582774196241,0.0407513001256357,0.0173163167637882
-44.3736089690746,809701.5511999396,685171.8244055482,67909.4735842103,15843.126964557534,6183.696761150234,29857.91954347851,37092.66478010693,2183.5424902123737,2560.302806207895,2995.035083794904,0.0178329984555649,0.0464127397337501,0.0229518489330963
-28.263054392516697,807572.2032834024,705210.2264908726,60954.476639556575,15767.583778392134,4906.683930244216,29672.785329146223,31171.669291394883,1963.697448161886,2611.863818015315,3059.06044195337,0.0286664125137324,0.0412846148095048,0.0206709415960457
-21.271688576829657,830954.4604132982,756736.1081666028,53687.04406403531,15451.93911891755,3293.7807777191742,30984.414308641404,24254.964344402597,1684.340024991592,2341.2589065691955,3045.051444909038,0.010674906357409,0.0800858396775123,0.0200835262805752
-39.87290759692537,817907.1666984276,735022.5946863506,61556.4615074886,15768.773157994565,4136.460825723538,29706.49984876489,47922.953602352376,2099.3812800550068,2530.57974080467,3034.349697659886,0.0224967788889207,0.0509522401088067,0.0230731609716004
-25.68758673584932,817261.8609622762,723530.3282369642,65884.88584744431,15769.237534637785,4383.920902590571,29996.628916547284,48213.60091736879,2312.337546943825,2508.8894031899645,3046.7431187888983,0.023304352668455,0.0499034084499308,0.020294623252354
-23.76361510717251,784049.7969369179,653993.6166576477,76788.7719108736,16366.47293493003,6846.255464246984,28802.28987019844,30442.57118190581,2837.580180867856,2422.4506043192428,2922.78167204951,0.0138591934236142,0.0544298316314063,0.0201091744776053
-30.7927016034574,770248.1626275458,689594.6230942331,98128.02465670988,16591.12056207062,4393.922197324317,27205.9236492691,34330.24931300701,3524.4474683383164,2502.1599459835547,2956.151994603977,0.0130089862498189,0.0511087171854965,0.0202194030121114
-19.040265525616757,816821.6759524826,680186.0068421953,63773.52666907777,15643.35386800631,6943.770410835617,30514.74356533098,30467.559470370878,2110.1377143105565,2542.290372704787,3003.845357629001,0.0217745028703695,0.0472673792731465,0.0213471612692098
-23.241937308905516,801527.2289024225,710377.5161338139,53135.76234149353,15958.409306617752,4479.311159309639,30524.21816569233,26746.140961919387,1786.7990367756108,2355.3531287702376,3030.826596014912,0.0221176022238637,0.058589351080133,0.0239294951929822
-21.062080880949782,809031.81909168,756051.0853271318,62595.36221710627,15920.005737028794,2565.9818097912407,29875.61499483295,37024.25358083945,2002.8385755187123,2502.07607536183,3008.7887191311597,0.02004199109661,0.0524186371808842,0.0221365272572412
-21.51597482699736,806249.9311692987,757204.7101975159,70247.25992945267,16062.022343659748,2383.101393969232,28664.28046369312,26496.02661160245,2517.0276292430503,2481.32457699089,3089.1584519539992,0.0221410522656393,0.060153970979767,0.0255782577961901
-36.63387753149545,781354.4564625729,689838.326630235,67702.6625872941,16376.409007506862,4884.988404339595,28311.06265513546,32996.888358153505,2165.702823536081,2552.6148277148927,2995.086684847857,0.0200348431022148,0.0391056489455836,0.015149578705411
-26.18874210900613,773214.38720421,728496.86504662,61971.69138216692,16361.72465684552,2182.259820753223,28865.499082041097,44747.080673296776,2065.9363730684595,2430.395858536552,3091.306160984612,0.0256688941294973,0.0500120772875747,0.0168926932139194
-34.74971728535242,816323.403360372,713703.4182269598,76882.81807450033,15842.155412003303,4622.977371711663,29781.257090270323,29320.43085504046,2569.5169553441106,2453.1939739949016,3064.9016758800435,0.0262566319952103,0.0627266954354036,0.0208979408589954
-35.73950254399654,813786.1556277317,666755.6659862304,63349.42857253098,15788.71586105448,7099.125894297331,30053.944965740167,30726.180327331647,2302.8301022968703,2525.1054617544005,2963.804831953992,0.0226834199927337,0.0457700030931972,0.0133203285019334
-32.60453220022383,816990.5797285083,669824.9261908014,67376.69177763758,15480.179466348163,7096.993905385593,29932.16036077267,38706.85110953798,2416.460614892023,2487.205216151577,2906.5522292102387,0.032377845865544,0.0404016706754747,0.0169241638750191
-23.538099502912736,817489.344414887,720834.9961316509,56275.52813041677,15685.96488091314,4742.131768640157,31014.96215529641,21914.17403612353,1904.9648373882596,2425.8379913217345,2971.79469039755,0.0205626146673673,0.0561588870626475,0.0158472445283234
-23.45659520717797,810370.1260982071,642078.6700518534,65272.7554993712,15684.336391531757,8198.94909640343,30077.32543694229,26696.96223096023,2130.906610776589,2363.357775112392,2897.726591471097,0.0208200406028116,0.055616561407036,0.0187234476230688
-39.77565689602768,809757.8427321614,637060.7518223817,50603.8268973996,15784.841173255794,9294.953041231896,31481.196312057706,21225.238253245683,1388.8387419251706,2401.5614811535675,2920.587458289243,0.0280764605876539,0.0510800615406353,0.0184566507361944
-29.404743874866654,820453.8925529021,717245.8336574414,60657.15732708185,15588.205395408331,5055.348315214235,30589.011019859987,20880.5157834962,1959.517238393412,2506.17761004197,3007.611072006174,0.0183891583770821,0.0516634153117386,0.0172182011961017
-39.76608594047521,785405.6298766454,734884.4497784427,56309.339956953365,16032.604580615263,2582.342198945484,30212.49001838551,32581.67344651925,1868.869567683991,2674.86216015933,3058.536786932068,0.0199368160353883,0.038012209047045,0.0129519646079786
-33.52466343219466,784215.7700491144,701486.7593309765,52142.61564974625,16061.3491767971,4233.323253264566,30701.87348435099,26198.74422283092,1751.9494421131444,2654.59784210262,2931.6412760871526,0.0353775003575079,0.0371863503595317,0.0198242431343062
-70.32927498999427,755188.3603614517,676117.3235066171,50000.00000171357,16572.4860638417,3975.14208697971,29503.85921457364,47565.87010072408,1569.2769769148636,2516.2195447634285,2949.115655548808,0.026968955063334,0.0472969641764262,0.0177121653532128
-26.30313514356009,798323.2786986652,735009.2353600209,51251.301961524034,15830.557015567943,3015.465632503253,30145.049530961056,30408.235256915144,1725.9632089700192,2566.564162066987,3072.29639131663,0.0290542535119515,0.0447185867834242,0.0166008488428844
-53.05941648911236,807080.15604521,709320.5418702447,51065.49895697276,15806.124895284516,4622.475910572734,30815.597127262397,31175.4564616944,1560.0236621500007,2274.8600051677217,2995.910390819888,0.016359533958633,0.0712430904002074,0.0210323655728526
-23.99591081091917,833039.855208117,667317.5042744764,54930.31677561461,15427.015359776988,8452.5112486662,30740.06705517842,37960.56701632233,1750.4003369268128,2391.23097162383,2907.17649997307,0.0168339199952633,0.0549606492097151,0.0212742416424714
-26.210555046909118,802607.0081026455,728141.2432412165,53960.35715702047,16212.236485338002,3668.5501048316137,29898.550508034397,39500.9879333494,1728.3210051308506,2522.7138593627155,3017.828399767127,0.0176911382994261,0.0517017502048803,0.0150179726451976
-26.350310267998605,799492.9426341181,735684.5045467895,63834.75717383277,16073.325086542272,3126.667120648409,29474.31333996093,33457.02024589604,2062.6272434056423,2340.707712834522,3050.1059589171164,0.0144241789650411,0.0780114938219517,0.0313402386348437
-32.00483653784795,773327.2524573529,689313.4235227879,57535.26223934122,16316.119635928577,4256.851383596496,30350.00467571758,34631.453035065715,1785.3867478815407,2520.3937177550392,2963.1939247380087,0.0238992447251547,0.0415719808572123,0.0195405450926021
-22.76099477186205,824850.9119095027,721465.5808680352,50371.9330816262,15741.060803794056,5169.97979690278,30750.84057052911,32480.46652461817,1599.7667550783524,2445.7363700728506,2932.397570118328,0.0193251751430799,0.0475589815636066,0.0245765598210095
-26.94359228418452,795659.0506778525,697450.0389116448,63041.25862437326,15889.823049161272,4981.1088793618055,29618.633132489776,43930.83756618681,2144.2205400350604,2398.847081968129,3030.269108362776,0.0209809378614329,0.0415999287656906,0.0207819503396059
-31.48985773933767,790184.8168621495,668924.849381848,77359.09840381137,16236.226157685403,6624.054465015201,29048.11388402109,45238.89291410512,2787.452049594885,2628.1557029509213,2972.861621211415,0.0207846845773468,0.0293848476370858,0.015844653927496
-46.15842897285118,787608.0019052352,684895.4276266777,75180.87084461414,16052.5880357234,5120.567604907289,29231.756114162512,33612.984798763224,2370.220189113305,2365.9912780488803,2985.604032848881,0.020399970624171,0.0571818006007176,0.0153090860946955
-37.782518057506735,823256.1925538385,717366.2665075671,69341.02992819737,15677.56378428596,5168.667341349866,30033.07324007827,29512.734403660244,2315.971742809826,2374.479307607987,3147.356929155969,0.0118157467368935,0.0624010051004289,0.0213289843948737
-71.2198848086976,798212.8312507244,678784.8910603833,50701.26703357395,16189.959382276633,5615.896304177285,29922.202056213173,41482.778094227,1634.7809794547256,2390.381178783431,2944.018938546446,0.0204828699629336,0.051778624936877,0.0196270590294162
-28.08663077225769,801847.7696410855,697068.0596439005,50000.019763904296,16143.642197345636,5106.399372042179,30454.981342008858,22630.00864055162,1676.1317392165486,2408.1843259082,2985.555725880702,0.0154691878539205,0.0644741788469514,0.0166046030313605
-24.480488975646647,781335.8076120986,711567.104901549,73315.79120000039,16304.711601489656,3643.626468426379,28340.57166478677,47304.5244060242,2596.4790696353884,2486.263368524667,2989.810156852554,0.0200996837795212,0.0547934705598711,0.0113092098738904
-25.471101888486945,790278.6990168778,703968.0926148506,66207.90516374499,16226.774665525418,4135.1298737128245,29525.06988570659,40470.40990635796,2149.309560944804,2437.8162042746662,2973.178366067039,0.017295150233416,0.0348379594433844,0.0174216581513455
-44.20947322189576,781578.8140394279,714451.5699287119,54658.88239898397,15980.380410471944,3416.637106884786,31182.20661562614,21729.13578939025,1809.715589442456,2694.512167697517,3024.454928646005,0.0287987186552551,0.0307705259454347,0.0099245435897822
-38.148256996641045,794487.5532127976,680012.4120278454,50531.2269808081,15993.791410072814,5483.7094855627365,29952.991672273067,34852.94283935056,1610.1318056920352,2375.4980483776426,2810.3399807113683,0.0225006059442996,0.0697732781791436,0.0150999807995224
-33.741315742111695,821366.5475440352,714986.3946451908,60174.01092435351,15494.671023826384,4959.190688820143,30601.191643103342,37857.39890823257,2198.4795152990832,2625.4052909000675,2910.026812913764,0.0249125229320354,0.0420709243299509,0.0211188763949767
-51.83766904144744,789775.1827834148,713069.521689688,50000.38060637227,16453.90321262377,3950.384885417952,29088.95431541271,22991.56331447142,1634.5085436891698,2442.964593324102,2956.7090812179463,0.0095569212729557,0.0557926928951957,0.02294720470711
-31.600902315720205,795018.4633019182,656290.3745429306,50000.00000000018,16121.409814077331,7474.74612607304,30300.831506414823,32743.12372183256,1663.767306594811,2378.1822679043016,2935.422800270355,0.019480990923471,0.0622182622419786,0.0200134827114099
-31.185673649303794,824959.0975762283,690807.0876838864,50000.00000019114,15571.690211415602,6650.476456786704,31244.923973278565,26012.037491109524,1579.6948100667223,2420.028349636295,3027.1829638536724,0.0220823710551516,0.0567767982499084,0.0224443336631966
-23.867028823821236,816197.7394065063,760867.4798628121,66259.48645659615,15792.978764768251,2658.863874351823,29618.69485249327,33396.02416328151,2127.4361946779622,2641.036363477934,3076.880118450985,0.016918390908653,0.0354320779503262,0.0344342516635913
-32.07716133012937,794877.7234681523,654958.7333945778,79184.1906984523,15966.028248472152,7650.341228277252,30201.669881392565,28107.893234990872,2977.802963208292,2495.276247381992,2851.273587326034,0.0262074407104923,0.0488715328397235,0.0110468447036337
-32.20873584545952,800942.563114101,692048.1215900031,72992.79991521356,15791.307847947566,5438.7556677645725,30056.8471861284,31105.589774551878,2565.649089193066,2612.825835196073,3005.13037017078,0.0239670430739236,0.028522815240359,0.018650415877331
-61.9702938775019,835230.6040465523,690513.1923631508,66611.99816010913,15270.969701855574,6909.49954229098,30525.62726377916,23368.856970924327,2297.55258303035,2388.0138770792505,2959.759913886692,0.0143957735477829,0.0642610630646845,0.0141008033193337
-38.97084844598992,796363.6990142455,651084.9790101162,73270.04209521512,15976.200116167089,7034.846385027714,30335.50857176956,35927.10538555532,2297.344249315151,2399.17209500313,2893.181034281152,0.0218031954742097,0.0587282804439344,0.0133239033347702
-44.84483823561598,775570.3636082658,727032.8665917756,94637.14460468187,16282.889281036229,2586.5342307888004,27563.44502324276,36474.58480944728,3210.6630309271964,2687.640580984308,3087.426640543112,0.0151194240886513,0.0406305410235521,0.0230964260770473
-41.89422473419282,806968.2762271353,724974.3302384835,56761.78941638197,15980.351748742723,3901.680560608746,29520.06337331701,44840.85262586623,1838.3330325537745,2448.767517631979,3039.6447927421505,0.015338354308606,0.0581633442401816,0.0186720106082761
-20.757453367921546,805482.3644755823,732447.6009955499,55845.83908598169,15847.693494654071,3455.3082571401555,29880.87568006446,32397.57594404784,1858.6923420315552,2334.9928558031534,3046.931753036314,0.0173820729489333,0.0691125354687292,0.0189580408743636
-28.40910694704088,761816.4599510969,745586.6216534745,65822.31968499704,16669.771931034997,782.2612934874803,28717.21897938517,51202.64629814935,2215.2328992748444,2532.3899483403397,3080.713520524336,0.0241146434914605,0.0491028001350963,0.0211101846134449
-43.65933155631748,811670.626352216,719719.753088688,63003.96486568472,15630.577193863372,4510.2021052528335,29911.39240384525,48181.633958211896,2128.0089712043205,2521.49172594022,2951.880577054348,0.0163861630351482,0.0509889333572701,0.0150246932622255
-23.09353001425708,801773.5746684895,721545.7399533397,77153.07231296269,15925.581570055214,3755.128253669858,29229.5219899696,37756.76893479301,2653.6135551415477,2499.7421244113257,2962.5114961717336,0.0256152966021649,0.0422396041496401,0.0210958474207946
-34.41707356877885,813475.2477205007,710821.0208135073,50017.6087967712,15588.115475506378,4968.239663926855,30950.18370265471,39192.049363957296,1612.5370969414555,2603.9553321652697,3046.9876116199925,0.0208635635431825,0.0414612172917429,0.0183361281530722
-25.6400680251811,818590.9635094374,707801.206131249,60523.464918111975,15672.26266125072,5296.8262419163775,30254.77143731764,24469.544481621077,1961.1769661328133,2513.575337210302,2999.945036499039,0.0202713602405875,0.0430128795032497,0.0237699189510934
-40.41256332073868,809743.1512424774,705400.4596870331,58043.832095524485,15894.179586169192,5807.147583971796,30391.51711847425,27825.589660386348,2155.528583563728,2533.944501528891,3059.930824524593,0.0067957196190533,0.0515848089002709,0.0178149930266485
-33.367376674567225,814770.2101006748,716992.4847722834,97926.59768048704,15678.05076345268,4948.658395599426,29104.52649734157,31599.27382285752,3495.6987160069384,2319.0749318948724,3024.710785421806,0.0190344075507715,0.0572491808044801,0.0246023373738847
-31.657462846686744,808616.2456809707,703667.9506209817,56220.30824201094,15658.627199978384,5217.746828847834,30644.890144906687,27950.838286435937,1941.760064394247,2622.5669302909946,2951.4618000898704,0.0262555915204415,0.0346916255771004,0.023792608620032
-31.293807813901036,836899.1817773562,695400.797078634,66624.43695579267,15348.95112921185,6372.861909842037,30288.44037194056,30034.7741252916,2296.330368221109,2507.725402762684,2980.054797248272,0.0215233075025203,0.045651862535488,0.0171917168641838
-27.698766575901026,832441.1751813979,689145.158089352,61316.29104351037,15446.066388654062,7379.122091360004,30472.37904103559,26157.985050707524,2124.586805423324,2537.792006145554,2988.008917141517,0.0187093306391928,0.0424873818604858,0.0311957981991727
-26.683708003667878,826484.1074468998,686601.9927987134,54054.19472887004,15276.429545439578,6603.388725690246,31084.28496834808,30949.904531652333,1761.5944025198642,2466.617008438744,2922.6712982114345,0.0230986522740941,0.0589145913810767,0.0176175364987719
-29.68939744332737,800943.9991652359,647204.7229794877,50331.3317135221,15868.474773296472,8406.97931310358,30075.53492491485,28528.630390767416,1521.4091779455891,2524.9225362575785,2950.931937438698,0.0202271664005902,0.0450237381642974,0.0158751716999723
-43.3863291271126,747770.2220317433,649425.7878858956,54087.63302352825,16756.52179132388,5456.591112917121,29151.95467636385,44716.740958025,1773.380077959495,2594.819377280499,2845.6968623026546,0.0173330768095576,0.0331271725164568,0.0187860397384803
-62.206096564208586,796283.5685968277,687865.2664074973,51065.3145471267,15893.5881468883,5500.343247461775,30957.440681635784,26451.008694757387,1616.7462152277035,2498.852785252266,2944.584093942168,0.0250784594325554,0.0505318808941505,0.0162761126399084
-23.02449926524896,821787.19084925,691010.2933480314,55468.11824810123,15420.994795555212,6528.882613529664,31627.223667712115,21356.36632117601,1873.7054044347788,2464.551797008167,3012.575388917628,0.0256042909287941,0.0397833297179802,0.0116056002993371
-27.588569668964126,801468.7861943803,664601.0206611118,62523.30799798955,16113.37445313708,6590.319198685757,30380.815592819927,25655.949862576646,2064.520116961221,2402.067037674753,2956.1148278479777,0.0218745227863692,0.0665231123428313,0.0278177123995259
-40.75834015375771,800443.2466018903,691541.7299290531,63159.47613997917,15845.456670152826,5451.874449589236,30050.73149245908,30412.906948009368,2147.393955725045,2598.1635491316806,2971.3340090149677,0.0233892780319957,0.0432439349188413,0.0207209808558279
-40.5754862919184,789901.058589709,703692.6878566529,50000.06463001097,16179.188591079195,4238.457082984278,29589.75883410337,40298.761179477886,1604.208971332988,2507.8217842973354,2999.9831300324136,0.0229139268401557,0.053543004727917,0.0210552425538242
-48.55322481612336,822579.7605698269,710847.2735636801,61156.08111241498,15612.405581387316,5190.62953764696,30580.487429911085,26881.11188561724,2054.8648123479743,2578.389366162989,2995.6247852086035,0.0216836619817124,0.0441620734612816,0.021978081400881
-50.3000438409142,786555.2721618183,770234.2677075303,60541.02142031428,16369.111216131316,762.5229340004438,29245.01727166062,26233.86846654532,1935.5355039522155,2343.958013710145,3084.606205189198,0.005231555595868,0.0794602527988903,0.0174049873686977
-20.244198993176845,819926.6666912833,706046.6527682616,67297.54454755636,15662.2536800317,5810.227046802772,29655.02425237794,59019.88826722272,2166.0479711760045,2589.76510506603,2969.6673017160297,0.0216292256900098,0.0528612243173308,0.0234093404809239
-32.50017969341302,815672.7800299785,753775.3005331884,58365.39093108847,15857.040743888812,2924.277561302572,30057.80706387887,23569.16570052127,1882.9188249694048,2470.528211970607,3115.7373398804534,0.0122467879812907,0.0595125507993391,0.0177459519081732
-40.97759891200274,816271.1942798963,665727.0130077443,62539.27555140461,15670.603679927037,8153.038573615719,30157.361893947076,36998.22457538608,2136.1882357430577,2422.416420798111,3011.282173597533,0.0119274406095396,0.0538211378940275,0.0182956791625742
-35.14498772818888,780628.0376290545,673490.1308830418,50000.00081997379,16092.638030898996,5543.732576815527,30717.93118444409,28657.77735657275,1681.930190601268,2470.289380200213,3016.1172101299576,0.0224009789203256,0.0485160601108903,0.0091015455278619
-30.77123811071795,822665.449619555,716660.0603363188,61198.85617001501,15565.121623045949,5327.553421928763,30183.350665426475,32896.4862035628,1919.2828388468563,2594.0559502936862,2995.698448221134,0.0081119331900041,0.0464492996533367,0.019346445132946
-28.616070525072036,791201.2581443331,752369.3115963285,65236.03786429464,16168.44134563041,1897.474618092444,29312.286308237417,40548.55116062393,2290.742218483286,2555.6581643331638,2996.043895887377,0.0217484804023468,0.0390016900084161,0.0277170510415256
-33.01692791291191,819448.0934753624,715346.2460133256,55039.88135884298,15728.687780997538,5173.375301298137,30551.941784360424,32589.1044571232,1789.7768620561226,2402.1218791151805,2983.33916158346,0.0147047732146483,0.0565701803218994,0.0199639635070587
-22.154364094809544,798822.4467143696,695306.3581686314,92295.40816648673,15938.862586267956,5489.054936079893,27696.79465736163,40154.568943055565,3369.4161183136744,2552.0631917421374,3030.798128393924,0.0206098881579501,0.0444994783772646,0.0190436407880255
-31.94000763528896,793136.4919927907,686543.3042374786,60361.51108396003,16341.252033577975,5113.02386350663,29616.590078498743,29429.5412256474,1992.4851081158804,2420.066934953492,3009.088655721901,0.0152940648108683,0.0624389114484356,0.0170291300291075
-27.28496926656713,798103.5393357202,723162.6863835427,71311.35887016648,16117.718293303333,3791.922055704872,28569.884666869453,36800.48134532276,2536.297588789086,2447.0703974298262,3006.06596491398,0.0165498777094579,0.0524243213965578,0.0208251870375592
-54.03715483855869,784281.3269615228,677221.4751770073,50000.00000000001,16298.79475586537,5263.997881288031,30185.16677978973,26005.811234254645,1715.0001782237618,2547.020534328552,2950.9260463232854,0.0154924778390313,0.0429169566124507,0.0242098632280502
-22.86170607314929,815985.9967150004,727029.9620407197,62003.34826658426,15659.82063941256,4276.724155549404,30384.96363550693,41368.20356832979,2148.8915770286776,2479.625885499581,3021.0660386738414,0.0188305471313299,0.0522243672101932,0.0125252389683572
-33.20739506754429,804620.243525902,724992.7854432145,67516.0304405164,15938.686434049308,3883.8760676529455,28811.987792134496,51321.33212922092,2420.33338921834,2507.8413027420306,3004.303602535267,0.0119471333748741,0.0570938807531771,0.0248379397640707
-36.17485911718319,795729.4135412668,730845.1212748066,55808.522967242985,16238.33902841625,3436.9935211445472,29969.99485183753,26968.16775116734,1805.2317785925168,2557.5092270153627,3098.8133107946915,0.0167358963727341,0.0401363100232917,0.0239133241972124
-39.06088749426413,803624.4051792567,719623.5430724683,63272.64305440751,16007.76576507462,4084.148873079616,29626.523538259586,30006.021703743718,2135.9992061686894,2381.7061131401542,3025.364695396323,0.0155866019800764,0.0557680631276172,0.0223289779998482
-37.30969854169395,810281.1682879372,698836.4473881333,53197.11444882585,15563.64678364584,5432.089110493284,31201.51807559003,25105.95163033769,1784.614504442885,2490.6866237244285,2949.135475445891,0.0268443579841811,0.0491351855727747,0.0185626272845797
-30.85428950231344,821741.7955560749,688216.8322480737,68552.37614828415,15695.90476050487,6637.251691875004,30644.640238495205,20189.80351856751,2287.516633055548,2446.18482472455,2897.9866664299025,0.0278784941358281,0.0555690718902076,0.0180478159806699
-43.467487606729705,813956.4389166088,667445.912488234,58892.07162590613,15749.703147025715,7941.501222529564,29461.212266646715,40140.76635352722,1914.063425931383,2560.405803785391,2939.6408303705807,0.0220581634826718,0.0443084677812402,0.0203395616901194
-35.11081422694262,807096.0149327334,694895.4132655244,56090.53496932078,15924.284908835632,6000.285962302052,29699.011534204736,40089.34520109935,1880.7245257117231,2434.5233156485506,3057.242254633657,0.0166887486377647,0.0547510726497718,0.016838817824224
-35.58503187737375,810769.3679925557,669260.1976604202,58265.21269334089,15848.757756079234,7497.43573099084,29339.04249066428,65606.16212615288,2117.9104932900746,2372.3782193485517,2904.650674882888,0.0075489218535772,0.0704311983079773,0.0280250811689062
-23.468725354376566,796049.1757286169,758407.1558648247,51966.39257912804,15909.448092235303,1975.1852359505656,31219.315116899696,26127.90012987839,1845.55114009633,2516.9548398817246,3005.19628183265,0.0167314616706623,0.044521280954065,0.0216352550661401
-31.675547406586844,797985.6373519194,678233.9648501449,51170.95425631899,15959.28781842226,6850.21684832684,30513.03965417077,26210.372865290163,1697.3772380810533,2468.1835017748617,3030.919829747694,0.011623160570289,0.0494801050434299,0.0231951670021269
-24.76165343352152,795030.9862916281,721119.3772943652,60676.10953970736,16146.946062705916,3780.6553081981615,29392.444305420544,44700.43190526585,1890.747148006669,2556.8956526200054,3107.194712718601,0.0175527152506118,0.0452123705455686,0.0190726373763312
-31.30587713259542,797262.9675616232,707660.5958431492,50517.10818722861,16046.195177009731,4289.465202934346,29870.526291524995,28738.476474641328,1525.644302361799,2402.992409176765,2927.5603004626705,0.0220045073774179,0.0586916563461025,0.0153476765163804
-35.33711662025135,840603.9918845033,700950.9082915203,55887.10269433644,15245.491689721151,6679.454746620619,31284.228079878496,23060.059915194077,1848.4310949269416,2408.5910253451207,2999.8666810281547,0.0255957797302459,0.0721795934983875,0.015748219183466
-32.09631002351493,827926.5910090979,693725.5770643097,50000.03443486195,15669.371606974397,6555.716676678586,31381.219170949884,22060.00435285332,1688.0807328726962,2441.845951948668,3004.089275872909,0.0144083975047316,0.0549566387594833,0.0169863422788857
-35.65156465245633,800975.1327731512,706984.0163380431,62672.6676223623,16006.20933600438,4871.824328655773,30343.424105779846,28302.282503607705,2141.1607334505834,2325.971885228928,3042.538313146866,0.0126793673634685,0.0776326937432007,0.0194217493128342
-26.97036732745682,809965.1314068924,746112.4873045807,63596.90604308434,15790.591676430591,3145.1462550814526,29777.5738395033,31508.88173965116,2082.736117635118,2485.996010048771,3060.803772804536,0.0147883731018225,0.0710620809905628,0.0174195409695134
-50.29655945983633,832004.2769007563,719276.7475509571,61531.74193530412,15290.502966121036,5144.169537602227,31258.868290672533,21861.88098708201,1953.2797348437543,2405.850074676828,3013.3967320744423,0.0263006304224815,0.0509859077453575,0.0214702791055987
-32.97977208064137,803927.7096038368,685509.3200149948,52905.900610027245,16011.738972875226,5974.54414475335,30120.03634877648,32691.199185404537,1651.1483086092262,2517.793233467012,3021.1031932328506,0.0138984888194743,0.0540149138371775,0.0223977388403356
-44.04882630499097,807909.7968421729,696021.5807166637,60290.210772296414,16036.312333744912,5607.169469273323,29450.74271064501,46033.29203033803,2106.0191174042666,2312.407249656889,2987.689445719284,0.0167778107251302,0.071517378949013,0.025216239475938
-40.52990155770105,804066.803147751,730980.1287849891,51068.83837626545,15879.348210799732,3483.147198618179,30539.664909047693,26750.171437102777,1789.2402207397683,2537.9830836048477,3084.857512994723,0.0149025413371363,0.0461653773496121,0.0167029459927857
-26.04195530298314,792413.062201039,702603.53454647,50000.06238158391,16288.36599918636,4443.080074340075,30569.34555902303,26063.253559538505,1517.3556582510666,2408.674213850501,3012.8519637230274,0.0187811442865611,0.0669457565893387,0.0161764883652523
-41.040520777415466,787023.0000759792,751975.465381201,81460.9759063025,16275.95952714028,1755.4943566064337,28674.724039870634,29203.508169613717,2780.994787527939,2442.170702413252,3111.164215034241,0.0194947211863352,0.0523646953084753,0.0200732963016923
-24.281235633578724,802886.9846212225,746234.9239399843,73347.92073934419,15842.243527780927,2791.6648873935205,29348.509343848636,40177.55522349443,2583.3984740647825,2735.5280576053237,3039.7995125080784,0.0228879492564535,0.0434248195171853,0.0303046886395185
-30.34894318868917,791767.0675549697,764313.8483518495,58682.30285114183,16051.389441032616,1256.270862060887,29755.440652262045,31934.47526801014,1938.013601068084,2553.0535643796525,3113.991312848427,0.0289428437913278,0.0404084087376492,0.0224048310193363
-29.925053195550404,817395.2132259993,714177.6833038846,68067.18766231157,15764.71158334504,4835.658435550747,29832.120132523924,36445.51929391238,2411.931133228883,2591.3314143264656,2988.3030446920434,0.0268737282403054,0.0335862176953743,0.0179689965313629
-29.836150206648888,794869.048347997,724818.3604434152,51598.02580788935,16093.04451999309,3444.054858284148,30351.26727678263,27783.277573385003,1587.8995316303156,2320.9242828774395,3004.487913584969,0.0198708023566471,0.074548946067087,0.0181959842921151
-34.31689458789032,829280.5196650674,732698.6025820302,54764.35013568141,15421.612463767837,4836.474323709571,31347.15848341633,24840.47057574555,1631.7553117389457,2648.8714240521595,3048.834532795134,0.0162223275933085,0.0368943251064494,0.0164573907738145
-34.671179969782244,821546.0859745755,730359.9626763362,58867.70788480453,15645.113053279516,4415.66701651216,29990.39412012984,57470.95068017154,1907.503012791949,2524.1888108811645,3120.559980304339,0.0218349871323083,0.0480826799198412,0.0253775939104194
-40.78502237327004,763574.6762629746,650886.253097842,75335.5507214199,16475.572576743227,6133.748081581824,28823.733943054915,39007.302564967154,2662.995553159144,2567.5928069955457,2909.2878884245224,0.0195969756794091,0.0353699786948806,0.0174180871913439
-39.06421090213924,819051.5139209391,744146.7560852584,80647.34330998865,15745.302604746665,3677.125050682982,28521.80134502389,40099.35951293245,2879.06764338992,2465.4449690509905,3002.0654906881546,0.0080821933451832,0.058249062096893,0.0202547043127361
-26.99014450241012,815630.0823598511,776769.887503229,60600.54001270508,15841.51761045838,1768.4206171004091,30786.024728627563,26064.857146209983,2084.7529032399057,2427.493047768078,3099.1850743845907,0.0155156653118512,0.0721250685490142,0.0226623461879497
-23.793500425883416,794479.5670059132,697445.0701599707,60601.10414700058,15971.097692098723,4887.972383345266,29340.57817874201,46548.24620875005,2111.153317344656,2456.5817824549745,3003.671996886392,0.0233897691528585,0.0379443389085625,0.0147092025655227
-30.94791355973176,837847.172818149,708635.0625695189,69809.60459217953,15212.972380995005,6172.0845350859545,30538.87976018498,33700.52917448962,2584.445697461251,2642.019276419532,2973.7344220518844,0.0266605122222101,0.0307339112124672,0.0155856261044172
-34.339904533080315,820239.5774158408,724598.5074903113,56373.19155799548,15663.937778745643,4598.668577472467,29608.73091760616,36522.70549211797,1982.0965596516717,2352.3762721170287,3000.042539188453,0.019868541704263,0.0693180604925947,0.0218925273759748
-33.9700416273518,802369.553907357,648528.9172450269,64076.73667880295,15886.802225701334,7932.331923145742,29979.98587523727,27401.03605174381,2061.596852497731,2498.180156680997,2905.638656609191,0.0217985897523006,0.0381032775432715,0.0256879556652792
-21.34950934240841,786785.0540475672,682198.9264241478,79722.3022394229,16146.7450465997,5464.160214396508,29284.494251998905,33267.9440988415,2878.737196266952,2556.75232941948,2971.596520704725,0.0181636546705694,0.0408819597593873,0.0162449201479743
-34.87541104458017,843032.2311949135,719009.8134265752,65074.82150489698,15193.792074092702,5481.807317115332,30554.791188874417,47754.80050739789,2214.819372628105,2346.882445314864,3038.5564048972656,0.0221445599839558,0.0653212231698017,0.0212267246806751
-36.94809340649236,775915.3974712808,697990.6233672762,50524.869265384106,16616.235518685546,4047.83877545732,29160.072071444272,25686.189827710557,1750.7209664735756,2486.3967500847507,2986.617678191514,0.0179358620012912,0.0501608625003626,0.0219844898836414
-73.2970860605747,780328.5020809596,684637.7856620022,50000.00002774253,16244.26531263742,5103.937505999443,30337.54882721174,30774.223843042324,1562.9645206875966,2475.935608439182,2993.155098941826,0.0166930866214071,0.0480860818286469,0.0176258252165086
-26.739419593839703,788641.7523608573,700544.8932994077,58577.29846124286,16013.93280750456,4514.679495839588,30066.43363357444,26144.89475847087,1899.792630176153,2658.8857721833283,3032.1256127017045,0.0196841979131849,0.0333862938883477,0.0106904441462288
-29.95582768791406,812819.3268976768,702060.6141746305,50086.35431292575,15670.59645977402,5270.455959549549,30823.105959724824,30194.42478961541,1617.2647691485124,2422.029903095032,2984.2082262113536,0.0223880144327765,0.0676021656738522,0.0202367701496607
-31.582105067042733,827955.769471275,731458.1365116278,64555.379645280365,15380.034133976244,4862.910460304659,30240.57311255264,34822.657795846186,2215.8726411939388,2644.247159017896,3023.450087794256,0.0239437750981798,0.0375741492246169,0.0191214910642309
-42.39178402583112,786659.8694191128,666014.7277836079,53418.14212180264,16146.228201570431,6001.979178747648,29675.31693799293,27864.172093847566,1725.6844719387143,2544.179459208612,2904.1382076759232,0.0262460286135528,0.0536048154917795,0.0133395095109072
-30.37660998581953,781125.3103899531,701265.806015998,80416.83456504178,16245.108212467534,3922.1529546758015,29015.57440030865,28955.106467543646,2791.1803232766097,2590.817387679974,2951.6468358457746,0.0297677950511618,0.0469994263305636,0.0129516355071885
-30.894741277216475,784501.8179667428,744937.0838951468,56934.03264666288,16128.734231143031,1994.4042204311693,30274.98604898971,33307.99388829493,1915.5061412962575,2555.2741840818826,3039.405534242237,0.0232572591063424,0.0508605908046821,0.0232300101153178
-27.56303435176185,802792.8348793773,702062.8389359177,62227.08226061724,15735.20489988883,4910.235567911391,30178.278204260565,46808.28668715105,2095.8864213064203,2556.2141320115197,2946.9313414098683,0.025538348335199,0.0369840639837419,0.017793485546935
-50.14226672196384,821068.0276230794,627541.1843267084,66428.69695173102,15503.40596647094,10294.076720319845,30132.140560490498,39037.29447539869,2218.984323666857,2551.0009929014527,2850.0134211481723,0.0262490140933905,0.0371751446514546,0.0335931590128951
-42.68554952851736,816823.1016177422,696773.917029802,58062.56538648904,15815.454188465588,6109.796550941597,29844.387304205196,22649.501980675188,1817.3112429745136,2436.0830477245768,2971.3599040147446,0.0188226984715521,0.0666015610856723,0.015008587288258
-30.84274245587739,821082.9072350058,687898.1900948455,56246.39288201489,15613.917557504355,6609.045903853973,30017.409597494512,30717.41098645475,1825.2846269411004,2385.458684611748,2993.339538088687,0.0164983227115435,0.0705080321111906,0.0207145051768801
-42.22422941408142,842125.2006869535,725988.0307213623,60992.11033189189,15220.904427903328,5484.177488074623,29559.79284754243,82923.30656216892,2048.652294550201,2515.066060836779,3029.147187412344,0.0076681198887696,0.0472963800794528,0.0218504738318119
-30.786583384684512,817858.5404110685,650014.1012018082,56890.69324719963,15638.973237030365,8318.891347868657,30691.001255044303,22894.656119143183,1723.580984522779,2508.248270447746,2808.2572077629507,0.02344174181757,0.0511111581018974,0.0117519379179102
-41.409586259972194,820443.9464846648,715939.8697988933,51169.98967357405,15725.046119428758,4935.292271291285,30715.81818396644,23239.44067529888,1554.329888142924,2444.3625382521705,3049.6599352824965,0.0228325028063593,0.0574984070800256,0.0181422931160065
-25.895844224150565,795170.5632706655,727218.4323616811,77804.18528531097,16156.782767381406,3731.245573545929,28524.41547405036,42992.44448937054,2670.1428009604983,2523.1474868023347,3048.4233212608256,0.0129592759807753,0.0426293535476521,0.0197408865218254
-28.007302397246814,793978.5852870591,734963.5065798742,65545.29730794912,16216.8780248298,2846.5020870546577,28775.224006249173,28865.85939464876,2172.555334629443,2432.5836238857555,3104.5848779346406,0.0109589337936586,0.0615929996774147,0.024686370350698
-34.139969112258285,841173.220878874,746231.8380970343,62972.79778823717,15383.128356917478,4904.871622911931,30648.384314814302,22721.348136054057,2167.7238560179417,2503.335291299382,3051.1846052708183,0.0094058317168392,0.0462244559626831,0.0211604978902622
-30.35182870746908,822835.1852913414,630512.5621907266,59347.15118204089,15547.683055173147,10648.12652740772,31071.550363624512,28608.86617186451,1965.2935383150864,2408.680263403858,2900.244120948184,0.0163888845211017,0.047624809498572,0.0213632853674716
-27.214710491794044,827430.0453812318,664806.5593080234,65420.62408696105,15456.317791435322,8078.906346509641,30601.210904786876,33673.54742662361,2203.96838204476,2513.649461148628,2965.823905978329,0.0182716124855529,0.0291534438315303,0.017566687794908
-27.14910537324376,809455.2710355835,700783.5788058565,62468.28557361877,15628.357424995997,5434.472238895009,30355.04306099617,24391.853836786497,2085.146810180089,2576.4100058692648,3017.0156469437825,0.0249467903662299,0.0490339291198609,0.0163191092242066
-26.554339282156704,800570.356550454,699586.630746534,57471.6441706063,15979.671556949552,5074.881871534683,30373.133752102352,27449.522205771387,1923.7364924190613,2527.8487724992583,3003.6940852007383,0.0181201761687979,0.0416054459055949,0.0191427166008261
-35.96352034564394,829525.4920366661,696503.7933632579,50000.00000000303,15472.670552329071,6452.195835651464,31773.62911261407,29424.07286425544,1405.8336958487023,2548.1655130830463,2935.142674974557,0.0169413587751446,0.0422027341960298,0.0279849825729881
-32.67288027221969,797750.1770562263,695205.8528179714,53558.89473956268,16086.685668970116,4979.010805812241,30675.445886418973,20438.22167467231,1677.9579433714273,2366.381492017085,2979.5624942288296,0.0217708061965748,0.0589218754613084,0.0172918503050178
-44.36538537625028,809105.6227534052,689520.915577034,61370.87311758341,15920.05038684832,5876.83914748466,29600.34644029619,28924.316874638356,2069.983233970987,2296.0137663073474,3001.659117625737,0.0076462706377752,0.0728010942545036,0.0121661251929771
-26.073976679346625,795310.2719676077,704672.7836808956,64753.11149347651,16179.228951419014,4752.5070929625845,29695.96894469531,28498.50083298852,2181.408040680376,2536.739047874845,2917.319446978805,0.0144689118397186,0.0510613152642902,0.020668754018592
-31.51828936872544,821368.295405621,718641.1429744548,55853.15745076835,15683.704608471102,4745.005523347859,30765.327707787965,32276.54350835002,1780.3780437494083,2358.0041257558046,3073.7921517339337,0.0189854789051295,0.0561411981938107,0.0231116389664028
-31.316963803584688,812872.0435445915,710906.5666941623,50000.00000000001,15879.53458558943,4818.582392565895,31520.36274064191,27219.98177558186,1569.3995814053628,2248.107386465196,3027.3321794734456,0.0164521860780158,0.0676870062229819,0.01430302720262
-30.178117302944717,840064.6797533414,745787.3040623394,57594.07514332415,15405.668468173077,4573.18094404973,31119.29876158402,22193.07324786726,1774.8945943010929,2448.5658565526264,3054.3978794012387,0.004787476948634,0.067901908080242,0.0224905634702424
-36.01822953431624,809346.0454350616,685896.9246123872,67397.37254881769,15774.225469611414,6443.169574771298,29555.98174682378,32699.83512561012,2200.7994351009925,2468.2756812445336,2957.468999552216,0.0088526593165197,0.0573123361788938,0.0249948252459636
-38.36429271881303,798923.3113693892,745317.9158060701,55569.95014760825,15902.69397355439,2664.701312706244,30437.136551272724,27353.28405702082,1829.7729563188404,2425.0227930066303,3023.399487575908,0.0122488236445394,0.0607338249415608,0.0166209672614615
-34.25201488774712,829494.0768761288,710503.7562114042,84665.98948546954,15479.308808415712,5699.12167149578,30187.50005033446,32189.06705209357,3007.958453265587,2457.83573253501,3005.0332896722075,0.0200872882832734,0.0430620287728646,0.0170040770269225
-24.803900283114537,784810.8573242113,677369.514829774,54359.12731471547,16184.01874036222,5466.552145613087,29929.514308044618,21839.68302474436,1867.8283768584288,2392.7077605418167,2904.616015339823,0.0161632991337302,0.0586247315535912,0.0253745513202226
-33.37089991890897,796158.4712610374,718064.8236846102,62561.616567593206,16186.130613344456,3905.4904936413577,28699.89247015704,59616.54341953366,2226.6421768431146,2323.904492965195,2995.609124853198,0.0145610678041615,0.0685452855955819,0.0221374860978186
-27.406647923326812,810476.3197485899,715993.9360315574,62776.30729067222,15837.742282082005,4685.708654076546,29751.36544015792,24279.635915840856,2288.2035905577272,2350.124283477136,3009.5580965484487,0.0131759298363523,0.0685016636421828,0.0227313748804003
-32.506299270573535,795299.5212658172,686930.9650334553,68652.55379012076,15915.892190857665,5569.77008527001,29684.862404219177,26417.16968646392,2371.612340498843,2473.709706525082,3019.901678335266,0.0232081528465279,0.0480008360853782,0.0150676366318817
-21.667423167496157,828014.2346325174,732872.1438919904,50917.76774725937,15505.72517955011,4386.885438603775,31007.00166478314,26685.084438191392,1618.0624141185913,2500.304920429714,3033.8828746217578,0.022329446591854,0.056455412984387,0.0172431785503117
-67.93729722274843,815623.2514577648,720160.6030241321,66443.64948021575,15661.443687177562,4725.831998034336,30869.892381126298,31311.50630298026,2326.631386108242,2480.8495420359973,3079.6828097793104,0.0186339424577281,0.0643196950001276,0.0222996127671316
-38.73978848865872,790315.3579465721,755628.4552237126,63950.66155853674,16089.702176387136,1631.8299690460556,29797.37753435954,37410.37580247712,2282.286900938017,2619.014087132637,3031.876349829137,0.0288228758944244,0.0402669214736036,0.0197983547019751
-40.00927701921965,799510.4348890821,690191.3779395126,60951.66201187584,16005.0406606405,5140.196869847409,29871.285135682698,33519.319115342034,2240.574343477515,2659.0307317739907,2924.845010231584,0.0269836077599408,0.0398852779247903,0.0172643876712298
-32.80031723750719,791179.3417044454,702557.9901530053,58027.40611384813,16180.228844555491,4118.085910190546,30931.82199951682,29214.47633339769,2173.6890348456536,2380.3566051136568,2975.220674084691,0.0185807350851723,0.063077296124622,0.0182867169292027
-27.932181029028605,816829.5245637896,696558.548770784,50000.0000000096,15734.03602477001,5841.641825601617,30849.42570619875,25981.415678647576,1542.3072341747868,2463.4897069099807,2990.7172160473765,0.0182236330897989,0.0583474096467034,0.0234745275371767
-23.21849493747743,806679.3333371228,721919.9433338674,71601.7115447247,15989.664895520438,4250.07127489759,29497.55620962919,31322.544776984272,2483.205172822023,2477.6931974326503,3021.0998181312707,0.0155404414623747,0.0468187033744435,0.0243502271461167
-24.70211373228991,784273.4005083318,710563.0773706714,52096.84521043118,16237.622710606567,3737.9618825808457,29955.31583771794,25331.466665017804,1849.7886558164828,2572.320427547957,2967.605988982487,0.0212570740041927,0.0383018679393843,0.0236640411830985
-30.287357053166332,806455.407112058,710041.8248633554,62598.429345608194,15847.991388512326,4585.769105351121,29572.73067041832,30545.602735854707,2211.7692452269484,2455.905428785237,2950.904114434416,0.0157576647215523,0.0435483797426283,0.0185240925904822
-23.447837706848624,805766.066789352,651571.3442689438,57693.38723554512,16031.809135645555,8073.042645140359,30587.784992331646,37448.08674831298,1843.8290466515748,2574.795360073956,2891.270698571139,0.0200936295003062,0.0379726583392509,0.0179578297454141
-26.18669065289152,820955.492408092,689208.1253193489,55003.95658118616,15645.66502528282,6442.753634274186,30726.478120840253,33783.85950950129,1846.5574017094327,2482.2208582981493,3011.7586756019086,0.023594962677794,0.0441116931520681,0.0246646864230277
-35.65726447877739,812332.212504738,721081.4130166948,61657.3427404098,15594.15665976227,4682.933828407173,30735.60751028832,26052.088729059044,2093.294124336533,2431.534875159606,2985.409804556184,0.0207458226504175,0.0536448947014576,0.0186504278694188
-27.91712383453425,808515.4590444041,695738.320995723,73219.34117206366,15850.579377437338,5739.647134885722,29200.200482663466,51699.447219785456,2549.8593247551025,2534.28550742378,2940.7003322633896,0.0207135522350483,0.0490106447617216,0.0200374946954074
-38.69034309173962,828519.6204665663,717856.8331864318,63706.647644159566,15448.513056083251,5416.151604927387,30297.120034122658,29439.87502308184,2086.586099804087,2530.1653645507304,2975.744404165045,0.0228909447663806,0.0453310143975208,0.0221407766012455
-28.225044941278927,788722.0917446574,705771.9904928234,50285.828570530015,16119.525902498426,4258.14734372264,30177.05061216663,30458.57550578189,1645.6104028328675,2597.2128943295515,2961.6507302160944,0.0251106288197048,0.0530838956499315,0.0217723115611602
-28.859988549409632,769361.0916747514,700492.1468551687,55918.12732487792,16525.334249028023,3570.801967325338,29818.21546922597,32802.05253965097,1771.915197383459,2491.4544137878925,2941.146812974604,0.0285052678100741,0.060537250666218,0.0269756042383518
-24.83829015450064,802320.0985350494,733036.5877165599,69255.26274703335,15872.428637805544,3288.4042059274266,29554.50723584852,39399.29744231886,2396.755297742176,2546.885782031546,2981.492994133265,0.0251908778765182,0.0426716987134069,0.0181681642784084
-25.860984530983927,814958.2060779235,727486.4888564096,71620.45562548208,15735.215327540289,4309.069974300272,29691.98625468253,39405.80725249495,2443.527186377106,2541.534621295715,3034.247422498746,0.0206316734090854,0.0465353572300524,0.0195110073628565
-29.896744127914385,771750.9593779165,718497.8453599089,50000.00030032306,16388.17504470684,2550.1541595321314,30236.71525322077,32122.02304193688,1510.5844690543636,2571.770422494557,3028.730736094964,0.027818856316173,0.051426929586989,0.0276977746467663
-31.11737928543141,809217.7742086786,661955.5174231691,61102.39615474055,15886.486106245437,7335.90448924936,30546.70195039684,24199.952939509367,1936.3024955518667,2508.584404538586,2877.757037488544,0.0184256728632184,0.0453266135541782,0.0227782600528956
-28.88085789278586,819830.8840839141,707012.0742212333,57821.052041481445,15698.715823215089,5471.613859105037,30175.72155887354,40351.10711073651,1807.4649931496976,2412.999869853904,3028.1277612759027,0.014258314681644,0.0644610711879555,0.0219833125527045
-56.613353793454685,808708.7194239448,723102.620834328,58569.55631528495,16057.278690352749,4414.643387581476,30019.12201521641,29451.2814638324,1943.436432345388,2498.5862410310738,3011.876374769958,0.0228758882658751,0.0500933531912922,0.0227096511865118
-19.518586777714315,807045.2208810144,702965.4870262598,51488.4144053358,15990.417919332413,5013.443255278317,29511.89075581176,42054.82445310627,1791.585635544407,2267.106864801394,3058.1565657418896,0.0214065275067144,0.068021463956434,0.0237514666999485
-48.113442146818514,800174.4273613554,748647.1507607022,53094.03011209445,15975.17727072471,2596.0502881379903,30802.22324813807,36926.163692639486,1797.2113839878098,2374.718297021261,3050.9801388887045,0.0097139030618415,0.0814410103356489,0.0202586914671799
-27.96256178898896,788358.2039032568,751626.7192995846,73257.97242390388,16301.85039089855,1670.0348693312224,29195.57372804011,26874.79188897475,2559.3741091551683,2375.4383449807747,3078.703416921955,0.0189171427170472,0.0815087870826051,0.0235389423736263
-34.05014881273676,810125.1373071041,641287.2185484209,54523.626693886006,15593.14401280013,8435.090094566254,30973.19238447266,28697.47093385214,1857.9252284378003,2321.773771346381,2916.7322027322334,0.0220628555014342,0.0576163494484313,0.0233551887219348
-56.95832542270086,804869.6215659991,699970.2713268108,53097.81218872874,15688.95244580772,4749.070751709387,31449.80178100289,23304.371801804755,1691.091135246883,2578.322779212649,2989.3917154166115,0.0318748157434103,0.0326082236954148,0.0172448002567237
-27.569422993211194,815666.7912513603,668986.3612344752,65350.92495312964,15630.401435910995,7347.937535965562,30523.65781781984,29916.30484901794,2313.9994318837794,2453.4275273758635,2962.798958510256,0.0163935052364684,0.0647907730222304,0.015564664984029
-64.23421541350108,824671.2014512974,712821.1956956069,67254.63184637751,15759.40423652174,5266.331458252284,30308.11648510742,34470.86647617352,2275.650620925715,2392.777129340839,3059.984797678676,0.0198569768740338,0.0594082875297111,0.0196238305736655
-34.68680658970514,817083.6061857753,684351.9253939803,59997.657234378654,15801.079332224928,6891.226769299917,30589.946036287525,41092.083515644736,1904.2047535687589,2567.886092169466,2907.751400487485,0.014441238812229,0.0492198916908031,0.0202963244840336
-34.27692556425988,815544.9037981981,731932.9607627298,53308.95460629415,15752.180171187389,4079.440997404394,30856.92497751337,27159.07365771507,1831.3583410555104,2547.930431054087,3033.112913730427,0.023994013305096,0.0384541566447359,0.0175958756258125
-45.8997197545164,806227.2552991611,711917.0053943994,50010.79132287952,15827.869164537182,4628.036490760748,30887.3812791939,22438.578633664336,1541.5545705837092,2527.3253283239765,2991.8041412212674,0.0148623656422006,0.0345540691371616,0.023620382474175
-22.812655004736467,784208.7550513903,705513.876950278,59495.0651309255,16416.846922462722,4146.403982879414,29816.086888919137,21732.59451167837,2086.108444896977,2565.546929632673,3002.071021437164,0.0136778258051135,0.0411510379833524,0.0124764481593776
-37.10857403602604,838995.7611475642,714853.8034966397,64900.96759822942,15128.118025904729,6102.930308175373,30139.34190141327,24077.77990400106,2330.536861769164,2565.927716485143,2986.449572380943,0.0182605335806105,0.0482081545014561,0.0168346376514896
-45.972119935662775,811747.2424305629,702234.3434139517,67012.17160347395,15743.033766318174,5195.280122496664,29535.52040931226,40078.78964732322,2300.2944630047155,2450.124335959571,2999.1355363688717,0.0138589578255181,0.0650697201735134,0.0161969311357969
-49.56113981338064,783911.495029739,669105.5316235662,50000.36163147589,16195.70201334285,6169.339627530634,30765.55219701676,24594.764567218688,1589.7972333405432,2352.261309199668,2910.310765585722,0.0159166115462019,0.0718347821393125,0.0136754768735205
-27.829836832407278,809961.5479059023,679685.1132999198,73569.51820139204,15823.494675677788,6712.002856538342,29371.040488501352,37116.375624619526,2454.216720264317,2580.529657746374,2954.70913210206,0.0182389612476223,0.0347765832331339,0.0256414366641737
-37.72805862780906,788292.1644180758,741543.7499768394,58363.06281674316,16074.99048740306,2341.4149403260453,29664.327242532017,37477.07923236934,1972.170980708176,2432.203857269641,3010.887859040711,0.0273395726825337,0.0519557331252198,0.0149716567905737
-31.367498139971183,794789.3653554406,704573.3722506127,50009.50854019031,16047.273282877242,4832.510473135069,30461.09111278837,27051.294895638697,1517.7807719209632,2533.8135329925194,3102.187194234042,0.01446484476705,0.0494490348405916,0.0253358353667831
-34.25842003994921,820056.0977996772,728680.9670703493,60712.25337651126,15666.03275031098,4462.885344691284,29945.710984861493,24566.47437061074,2089.583207034955,2518.419977281321,2985.528292056726,0.0174730986269846,0.0555078490562256,0.018276517238021
-24.09834522030573,791307.5196771574,698717.6899297804,63098.42204990896,16236.356597379474,4819.075453848024,29183.424753010684,33575.1137268111,2174.355341499224,2424.029770212296,3021.651893287074,0.0202579202602877,0.0559210253527918,0.0163724169870327
-40.43435358182039,834377.6283663093,663517.5740866741,59729.96404684296,15301.647006307212,8910.949515657621,30251.012175018852,36489.99351851032,2028.5817978280731,2649.0538500951484,2980.5019090686483,0.0220405612610486,0.034174696374676,0.0224950159217453
-34.413733883495155,813096.0933997271,721970.3639667486,61952.65272720643,15977.02595958911,4418.626418752335,29719.76348333791,30509.105522230268,1932.8275156936825,2385.0741617976064,2997.749646787829,0.016824159991117,0.0542753488340495,0.0142380951013725
-29.532079011860866,794943.2859292909,687860.2810426934,60832.5677249424,16127.536867797611,5235.822613660303,29317.16729060379,28130.25157658427,2010.8336359635432,2436.581420612261,2966.364881199884,0.0252455757665681,0.0612444793991399,0.0136571360678068
-31.82406576381959,814991.3367343171,692467.4235843538,53142.03041800245,15549.935088432983,5787.445892091309,31019.491390725638,20410.336328644604,1706.243333308805,2471.7861852977912,2938.925871034674,0.0284250051909106,0.0453349735592247,0.0165969294764517
-30.78222355129908,817807.4571338032,680865.1345035831,66458.01061231941,15734.92486342001,7120.634473376804,29352.029636689545,39701.20644516438,2397.476665825158,2548.225685723585,2939.569625681775,0.0157609185871402,0.0518837788057186,0.0151521186908655
-33.6536442760341,795034.512935665,745120.7740548687,63461.01899962084,15939.251394670806,2453.8036639885063,30513.255283372717,20537.16469773488,2135.7381414974707,2641.951990916064,2967.837457630333,0.0253961456124205,0.0410070149768177,0.0171715575724199
-23.91965477986554,801756.7346673136,724742.0539777349,50000.00012529347,16123.320983657866,3755.165224305983,30125.714153675657,16878.61264633824,1646.1758919976908,2413.952702597153,3006.12357919147,0.0127608783116934,0.0640628858950463,0.0216991154142098
-35.81564285663963,782976.9398645323,671393.318056553,69647.6086510986,16378.974085725398,6085.607044980522,28309.013129567094,69284.0362546646,2442.6130142522547,2592.135906420681,2908.8950631102225,0.0118310171431829,0.0461958782321176,0.0202656569248477
-28.299921197973116,834793.1580810167,732060.8378543273,65488.428874393474,15332.383527052203,4947.086472273267,29567.97736618796,41205.08245184709,2214.967074118949,2569.279724093706,2962.3537410577446,0.0181234244191376,0.0477338884470288,0.0127028165809977
-20.51588748068886,809288.5453263677,744698.9822857756,79244.79359228248,15718.537384992924,3043.1767626404016,28964.677502182454,52705.17482510104,2985.931532279613,2562.43815313722,3002.26689284997,0.0269947080927461,0.0442804105980821,0.018512067738205
-45.834566419047306,805678.0823113851,652396.7634069608,50000.031350768,15919.886662680618,7893.280743846678,30598.403355209204,31736.019932647752,1582.5573986033285,2447.086220349774,2974.15225517178,0.0166109528165913,0.0444280314977697,0.0225930718478237
-40.751875898235824,789788.3663391621,702670.339164055,64810.987082636624,16217.453558289211,4790.621978144775,29689.487953640742,29275.855880195915,2268.370847290148,2643.1501269453124,2991.783674389258,0.0205237799480522,0.0359013233595269,0.022735067688696
-43.17730220011188,776455.2532911099,715870.210556895,59587.19187489864,16549.84105746917,2944.193493397678,28664.898653546126,25694.70820007824,2061.6553848206786,2529.4011131724847,3056.817296156084,0.0137403025024844,0.0512461806602426,0.0216619590868095
-30.98362238994746,793571.5412072333,692947.8143629225,51160.69665876255,15902.360934535527,5196.738138506798,31012.874619153,20606.888333344574,1733.2177960136987,2550.842803018937,2977.522441229931,0.0203555899771294,0.0483319480424387,0.0130510754095414
-29.499037278817877,811243.2858978179,693061.5137362487,50000.010890991965,15700.047136571367,5767.461872980572,30615.427482631538,36626.12218143807,1414.690313575448,2335.746191826236,3005.485365071898,0.0185999211848963,0.0749810934611096,0.0190595973577395
-39.52722491844419,787298.1886512123,629925.7689526706,60799.25699681143,16319.797805537151,8687.075822517969,29407.99242754037,62431.99397761844,2004.332822772642,2509.9064124260826,2862.9608479521185,0.0213929250162579,0.0386570789436094,0.0148820257217772
-31.14600181533698,786279.9600905243,664223.7452281775,65418.21258651918,16391.81191439887,6294.239597314182,29246.367720026323,35794.497154984645,2158.0822036899567,2577.292590056772,2925.149775733185,0.0155678408669044,0.0451166213195214,0.0215385622151297
-25.44103600734641,811866.2952392237,700525.7186167631,67253.23881666004,15756.320485214048,5376.535075492382,29828.92746802412,27533.442415923502,2325.248855004937,2455.572959191344,2944.398692619095,0.0231660632716804,0.0478953626102387,0.0184695790375015
-41.80387668702626,774518.8239245447,707028.6540676651,52568.08550751924,16506.40310667474,3415.346462460265,29806.647268540844,24455.95718508844,1718.8731152836758,2438.1391543886944,2976.4745622829764,0.0127500140256448,0.060181722585465,0.0188768687053759
-40.88744600513297,831086.5852900299,713329.6370245727,70252.08459698995,15446.600520325534,6060.619221598311,30299.81309301133,21049.987157031712,2392.5840955674007,2540.918403714151,2959.5377425546767,0.0127981083574076,0.0451622078700979,0.0200802629544278
-24.8901895435649,803352.9997575252,772898.0897813375,57268.32764197832,15909.972580875366,1430.451003493521,30441.43705876519,36662.88249762255,2009.4337550405228,2535.2675775672124,3032.9707694543936,0.022456998039533,0.0516865505327794,0.0175187492277407
-28.917295126662857,814686.4639321255,721182.0766699815,60731.086489770416,15618.707499981314,4188.637195261518,30346.63141690544,42487.894756077054,2025.7984863477295,2665.255934321275,3010.2236198017163,0.0371703916043326,0.0467608341804816,0.0192540287762814
-21.562403537374383,790602.5262903955,717389.1229677314,54604.54658191912,16299.999718801968,3700.626879465453,30296.71166884932,29994.962993851543,1891.4135481653068,2557.735860272844,3026.455045866503,0.012152985523854,0.0528961157528106,0.0155151981973658
-38.706190872328825,794171.5618302269,702938.519572388,62237.84214812285,16143.657174631337,4628.758975670153,28995.221769508866,46911.43142671117,2141.768611505541,2490.1205576568545,2933.8082750632875,0.0193020828636312,0.0551958453704489,0.013357710079877
-21.83895407269804,823931.7940715703,710128.6705639802,52381.96903033258,15626.536871979186,5150.651540299009,30406.91468629941,23103.387148628422,1676.0283395820811,2378.601681965411,2998.8935520012787,0.0196281153200437,0.0579698433058403,0.02026254719474
-34.055273660392295,788225.2215333964,686094.0972838356,50000.00000000027,15882.749979183576,5243.167260161995,30672.817328411515,28378.61918800381,1662.0606743237174,2520.8798502087884,3038.4510696135967,0.0252782783118689,0.0568309138387453,0.0156950467183941
-41.3394368032187,838943.2166171,727355.5551599708,60123.31993792098,15179.81204819629,6064.756963382995,30263.78160609734,31247.374698504605,1994.869210391742,2447.7708623876906,3039.812236407422,0.0200278623438738,0.0552255978810967,0.0231860608535051
-27.117751203368503,797957.3019170932,713234.8726910483,50004.49344742208,15807.85577228416,4087.7000890628256,30482.914038692637,46327.98828055805,1551.9025941805237,2709.7494357058517,2984.979249363051,0.0211188533805186,0.042726603764954,0.0178378541689859
-31.626842592103657,807752.0792175829,663012.7585451069,52588.43639699038,15782.169551157544,7203.886444895147,30984.84841544893,27050.893177424416,1675.245374546701,2461.664109845124,3017.184739398035,0.0239991950277549,0.0536752149171579,0.0172551833163535
-37.4823506078408,769321.8607359354,671774.7181356988,58749.48040647826,16620.996429985305,5453.8522460833365,29515.57392695158,41649.04027952979,2017.7108675858497,2605.1851060177705,2929.603211843575,0.0098225883568025,0.0304409426745503,0.0248456356414687
-47.79203556825001,778227.1566073981,687834.8194727106,67951.99193121883,16362.219483931947,4843.637867912996,28989.506423390176,34839.92222871993,2340.549747528795,2472.825256372856,2935.5878023241034,0.0210642461603227,0.0387240083276771,0.018501300023415
-48.66489060590861,805945.2135498099,718024.2462586397,56789.39310331414,15910.518760309047,4228.101554671289,31351.36526129276,23945.421723063977,1770.8153835750218,2436.6318323888327,3080.6227764772566,0.0273962476061828,0.053594574366728,0.0226640860675701
-44.15963940475103,814783.6218749438,710020.515306844,58370.6419743314,15638.57663448244,4880.659263911732,31030.57345071777,22629.881197399853,1959.8421901201184,2616.813524869484,2918.673211422311,0.0330315984357089,0.0443753443658564,0.0205985268796003
-50.440987879455605,808433.8197699201,691315.1664587765,61216.87125864647,15744.877046770258,6041.6571490759015,29331.73382714845,40013.615210956734,2078.745439220129,2638.3501678423327,2994.7720191409207,0.0274501841628312,0.021590105207933,0.0163400194612654
-54.27765075690603,809476.7698247196,702064.0388835713,53210.56327194737,15930.24938440868,5213.054804598505,30988.771857366373,23297.92634084964,1649.218153046208,2401.266960181505,2982.113493578153,0.0144833333547612,0.0599823672990722,0.0180032471899554
-26.711484648588797,790563.3229088893,688624.8139147417,50000.00000009113,16241.943317174238,4748.690992050918,31125.99707975482,29420.021600060256,1639.4465727951244,2374.40458630073,3002.021526813228,0.0166127763732097,0.0663195492604544,0.0190406414052068
-34.62964404017093,809487.0146901992,683842.3014823532,60584.23736633529,15888.778710566186,6061.756674825326,29608.540831922743,31927.96231386429,1973.7692515531787,2454.531133742017,3014.07265064028,0.0203377942019561,0.0511503846683181,0.0221551460992783
-43.60791076700458,782748.7762484429,685203.6990650683,50000.00000669332,16201.563182714906,4979.985580345834,30507.48789536076,26724.58027569789,1719.5351025687198,2518.927836910359,2985.660923285964,0.0216126867904598,0.0450856889103246,0.0150179740950714
-25.27549399202785,839331.6307985232,660496.0762002148,58824.40377607051,15348.58672221241,8895.621714700048,31153.26351009054,24011.30412296341,1907.0932246245288,2420.629457014636,2903.051908593901,0.0171527424898326,0.0614145007775515,0.0088832176581365
-26.056360989764197,822625.0611533817,702482.5932386239,50202.61513942303,15383.744454127163,6135.799873485146,31148.00925482146,38748.55697129787,1769.7119845250666,2553.3477692696943,2928.284301535992,0.0247911332513216,0.0402648008924727,0.0170443015238698
-37.30563275774208,832868.0660427618,682964.2424513581,50000.00000000001,15346.06398030446,6973.913277728951,31340.034036078672,41645.05509493857,1700.3734129979982,2458.462870017677,2915.625611332387,0.0235080792734294,0.0520802453796235,0.0151048811241807
-28.54448594960333,807714.2659334505,690361.9154972308,50000.00000000001,15683.889629093324,6291.866744070624,31539.7229190722,22695.00645338224,1580.9854038136257,2555.6683045329364,2979.4334547318563,0.024575420178754,0.0486521295422042,0.0196123211528207
-37.63349768202732,816284.7776449267,700863.2478778351,52736.84881951348,15421.806884520434,5988.618588754455,31016.369809177708,34940.61495102452,1640.0861236600947,2779.7289987953877,3040.4095681479216,0.0304588115923339,0.0270797050405981,0.0209449226699518
-67.23714534327625,825275.1385478588,720775.1764901272,52799.35339491876,15540.279484287556,5193.548588748236,30226.93046695872,36478.344208775656,1754.7578529898128,2460.876412334103,3012.454965835517,0.0195043831495421,0.0424738588436777,0.0202618824180138
-31.67939228847807,794747.5450813689,664473.0621877192,51873.08874432349,16159.222193634712,6390.052740897375,30094.07603008485,25635.85768981532,1741.2321205635258,2428.953679868513,2999.7315870181146,0.0178992466536286,0.0603503448829501,0.0242944033586133
-18.044006912361155,794396.9545344285,715481.3370998689,51172.692067246695,16024.18901124333,3951.0018273624023,30195.54277458282,28952.58566839934,1698.2377751578872,2523.672961643976,3030.256170935994,0.022367928938246,0.0425201645758442,0.0228860859800537
-31.576752101254403,792708.6551961616,687513.6063459801,60006.89962860208,16045.673498234652,5786.39267445404,29824.673682991648,31967.633925632646,1959.6674417279876,2631.55164488944,2968.710358524154,0.0226048748490728,0.0320454918754152,0.0222275976366162
-29.40721796848125,806257.4887958661,713336.9826426174,59579.34205083123,16062.4997890646,4616.871722922223,30342.160150599448,28211.29145295268,2009.633584920077,2468.738236949452,2974.6932502672867,0.0138601181791038,0.0498752506179561,0.0109874819283554
-71.10663971502109,791738.474898215,718532.9346894545,74105.94449481338,16107.66007728852,3451.9846102779256,29167.37902218844,31338.57197834499,2598.1746963893497,2352.524872800747,2967.7155003715807,0.0116235969438305,0.0757571801699571,0.0204297196577523
-27.66692116366701,829243.2915427051,705792.8060933377,63532.26292818789,15413.574840157977,5970.508515295613,30697.51466619109,25225.575278058597,2171.3924796488777,2494.352055881491,2974.760468054619,0.0231225886250864,0.0659001376155693,0.0131139420969509
-38.68828446130623,822095.6116873928,702616.3012828531,50739.03698285694,15527.417847725535,5954.6443773311685,31059.291906803508,16656.38679821994,1583.805563996278,2425.950651004539,2953.292781241329,0.0254171057981674,0.045477433370765,0.013847778204662
-23.2156244787818,783931.0351740627,713317.621984088,50455.02016705121,16143.68322098504,3640.4704638264648,30193.31957820369,34854.35814862034,1758.6710897395326,2560.291604179875,2986.129154230514,0.0220943030853626,0.0410955397491265,0.0172653801014036
-40.15287641312612,799476.5068553257,719288.9757603513,50000.00000000001,16078.580612937303,3469.050917992284,30685.27136934337,27602.94908110279,1523.3920574951744,2471.5727059533465,2937.711562904584,0.0235265202681047,0.0652777655081241,0.0235308896128255
-27.775061145047296,804622.9054012338,738394.7385163811,56267.63116908984,16086.171792651949,3062.0605559604933,29827.90464094297,28415.469235316326,2036.8620893423536,2399.6930531775934,3096.246873395432,0.0125457547140932,0.0746874690076111,0.0123965249584987
-33.98284367901502,776760.1092377511,670805.3254803157,76045.21983134588,16267.165393587293,6166.310636894476,28500.688847205285,33641.31007700069,2649.215759315667,2615.75335185658,2984.9535663781203,0.0247672233349073,0.0411468665881167,0.0208019196508908
-22.548721238698192,794191.9848378681,699281.1073008655,58989.05572795224,16231.346774854726,4880.695369960872,29220.81019503973,24698.629381826373,1993.1360592313188,2470.820234812709,2958.4329219556184,0.0092848196770307,0.0552587580496844,0.0267252608190521
-30.49138773531605,821827.1926242,709590.2099548784,50000.00000001093,15927.791716752285,5259.13321224629,30471.55600184504,24877.390138494942,1586.138551738465,2275.3030559956087,2976.6203943966398,0.0116010053034949,0.0812877498569524,0.0258780921699701
-28.618847612490345,803571.6306579764,657882.9562296025,73201.31656452874,15970.136424553872,7267.191947478124,28919.283011581567,37950.68238420855,2576.7995554176728,2265.9763751400915,2939.037900015523,0.0179658793914983,0.0777814797534595,0.0184885092563662
-58.12730521990935,822381.6517428383,710532.5930616544,55485.53982612195,15738.350494891289,5290.088739372137,30491.46039167372,25724.26122342413,1772.780519890558,2450.504336372408,3003.336849528528,0.0190852742541336,0.0476363116071487,0.028443971770935
-31.295177267852587,798459.7139604565,677674.3312172334,63942.42006995928,16131.626954651045,5870.1191249609565,30531.06539929542,23120.26499839742,2160.0137831222605,2473.6862081589247,2911.1306938159028,0.0218609125029359,0.0505714713576409,0.016089092758389
-23.89376469089221,788720.7063861961,676327.5836879478,51652.65101691173,16190.12866337083,6022.200850935513,30689.895550142104,24182.660046462745,1753.2439575636636,2603.907893871044,2866.9086587460733,0.0182630451261637,0.0287974771619947,0.0202149640710229
-63.09340923952321,792761.8436756628,677677.7425079232,55204.14238899852,15916.840553049282,5952.881371616914,30986.046681800224,22176.75868049576,1879.4645536738235,2481.278510034216,2946.2470051009864,0.0255172896001069,0.0406470806452031,0.0159778519632597
-54.257121108376055,802619.9963098868,622184.3888935812,57207.53466739069,15750.118563233586,10017.363575228075,29409.310126813085,38351.95781651217,2011.7781062964496,2546.249986379754,2829.333756452816,0.0200011022019157,0.0372565172970196,0.019291475478847
-22.524631472593263,792912.0125912678,685169.6361131123,54434.9636874777,15828.40452925404,5302.556567245727,30162.431347862115,35731.38143943698,1701.0017808554333,2633.621955379947,3004.159038454088,0.0315320903879016,0.0366115753916173,0.0157603188943226
-24.233160877894814,806237.0252471404,727377.7748077477,67282.48454699708,15671.90697348988,4101.55372498667,30271.913644387994,39006.87651265087,2180.983282656618,2638.812827267832,3036.740347677124,0.0242500625411006,0.0366977382731685,0.0218874868680103
-26.852777706971896,807721.8004908044,689815.4149219812,61586.1576103658,15797.715037975311,6025.617626817977,30234.92990483473,29982.314920571545,1888.200023835416,2573.767947518688,2978.1575366505663,0.0223721384153731,0.0425156936973596,0.0155901938838264
-27.08457936440564,821494.324402679,647344.0774429328,67205.28595045186,15673.059932386945,9050.62849503766,31118.51888545106,34412.25860849312,2137.5348706300547,2582.296625866258,2919.780178013229,0.0167306050453854,0.0394231420799017,0.0230541203226821
-30.64753389963373,785761.6073750992,754149.9012185776,55667.1817679905,16291.66881075038,1530.7167990430542,29398.54412772648,55443.64369967263,1812.1414269358636,2277.3961812106318,3092.205090747166,0.0154495370176402,0.0658616105137841,0.0212866237170099
-55.68175673839468,776292.37995141,686622.7425034146,60763.35179325437,16192.480380946454,4761.635701244837,29735.47755416597,27534.989338724376,2084.273168647286,2550.5545544062725,2902.8644181218183,0.018377708461605,0.0410725571155585,0.014552424041895
-22.13009471644333,779529.3244790477,722350.1308348743,58695.32886687557,16407.248496694392,2845.3305172652763,29233.666786839465,30062.443139266885,1986.8475264377264,2391.502570618135,3002.607190832698,0.017482821042321,0.0538276622048294,0.0218834813991918
-40.38276017295078,795959.2999245087,698857.598186356,50069.453635404425,15971.163325378846,4843.209242752238,30498.94853337855,47407.82019264608,1563.5352434595643,2361.6626085155403,3019.606744259212,0.0209273009083129,0.0594307533450194,0.0198548577056964
-31.61966112872169,797854.9122382378,676361.9213809912,80198.70582393074,16080.474433090243,5915.093673129685,29271.71837210208,28524.96422279037,2798.5499793115737,2487.247455638972,2998.594299791554,0.0210464819999032,0.0340515744200914,0.0174793645916834
-31.97617207934765,814648.0345427776,704380.4979807483,54645.86554939755,15806.165677707624,5326.364504299556,30325.53062975956,24605.171382283475,1716.3117550026104,2455.7522999906478,3067.072017445073,0.0245984024678167,0.0640508738362573,0.0198665938695406
-30.120629089241483,797909.0991117543,687322.8619442214,59592.69581213879,15815.517544817816,5509.817597608024,30098.649754292856,36531.598220730615,1929.6175278233693,2548.691706047184,2964.905376387588,0.0263323960826429,0.0492581744746223,0.016833152925384
-23.371658696840814,788539.8969149205,670533.1959480185,76848.2638531308,16267.315241021906,6255.59394486739,28804.29414615812,33936.968663300344,2745.000124716641,2484.51640848377,2908.8083630046995,0.017315699489963,0.0576760009944483,0.0199126540723724
-25.76286915222461,807621.3245646764,627348.2841504542,70103.74606171635,15921.17924355483,9699.94219756734,29206.957364720733,39474.11475410681,2352.109423651395,2346.014657347521,2898.156798336023,0.0107986867549487,0.0623121933121173,0.0162709745418355
-25.615362602321557,816342.3591711588,675760.3829372631,63694.48167598386,15639.601429016691,6921.971649868324,31548.461952065216,32582.69898097815,2061.011628776502,2495.245416151654,2905.038472177367,0.0240400900758529,0.0451472049257539,0.016439879454589
-29.064351422684936,800870.5052819103,694690.6413904881,56263.06436533529,15749.278541656931,5599.541014176646,30008.961488716803,48887.42052389178,1796.6801214311172,2568.695089909293,2911.1766171476456,0.0151130833964564,0.0466470393338974,0.0192533838839815
-33.54362897686019,839537.1961948118,759233.3272056573,54488.910934633146,15205.484481029613,3760.618175884036,31616.683599536475,37305.220093284544,1834.8416212492464,2529.4122958206813,3112.2147531988803,0.0255657395743047,0.0508689095316659,0.0215274384036305
-29.444862282754343,831945.5914180017,704841.6630009814,51592.33561002364,15399.432075958084,6495.55722316517,31106.632982589384,30814.337233572427,1748.7313449749518,2433.8600564850312,3029.3834971984475,0.0201530465612256,0.0454703452086632,0.0226104095771517
-37.60003357158888,800850.5969538328,684973.1707491173,55725.863818361504,16062.516166065829,6023.642569984319,29476.79874464209,44070.077441835645,1860.1680261231973,2381.88049599594,2973.069437538672,0.0159840792005649,0.0511221429999769,0.0191749391205766
-26.516362681085976,804953.1379146853,761265.0464602376,51080.79633130084,15821.748466505222,2188.9891890892995,29878.446584533194,30532.71048189769,1679.5444454964816,2425.445643597708,3048.274752386678,0.0213671301050189,0.0558693784421257,0.0282999653588887
-25.47295162762395,826104.320009947,765755.3289665221,58640.90605130712,15723.832618249657,2853.1749902596266,30343.79100179745,21332.27582267239,1938.763170952579,2484.7811550571905,3050.4556676553443,0.0193279193626595,0.0608303862282067,0.0201714239218555
-28.89414931940027,828466.4635544468,669927.9005161037,91696.07718571098,15603.993266052514,8026.657479460851,29015.977079269072,45376.940469202375,3170.520771417468,2403.487754373776,3004.436840882967,0.0077147736815276,0.0576311273908654,0.0201771073878682
-26.64184613746581,806618.6570097917,708601.11581363,51849.05756328267,15755.0485593243,4902.69321885311,30999.49511459756,32401.003650823044,1716.5248083815347,2490.186306317581,2967.348934358436,0.0178513704224457,0.056307644871794,0.0212674626964502
-29.17558500321049,803763.6314047825,738218.1026101275,62043.5783982328,15975.799873688096,3151.7376124606444,29888.513132056003,27691.077876736184,2097.2819633063004,2545.8551264571497,3066.832864298373,0.0270730665697423,0.0449377416046284,0.0302123995754005
