sample,ll,T_NDH,T_ND,T_AN,T_CV,T_LY,N_A,N_ND,N_Den,N_N,N_Alt,N_Cha,N_Vin,N_MH,N_Yor,N_Los,m_AD,m_YL,p_V_L
0,-740.0323092747353,798040.8738959604,692382.3826996754,125278.34335281291,60716.094232199335,48000.00000003485,17396.369018966714,6799.2520746931295,3010.703871324692,3399.234961971045,522.4022533207816,235.5805968829155,1025.2179689652003,66544.37818263263,2646.288117544485,369.45624104280637,6.452736058538455e-06,0.000476246599173262,0.1201380644003201
1,-594.7283221024635,800936.2009839634,635861.4641897854,129045.48572914724,69948.58056546083,48000.00000018228,16666.06417756953,11262.939769160903,2885.6803658414788,3169.103841858613,596.1493457394665,769.0444291047235,1529.6448852993747,48912.75735457704,3725.2879477167744,475.00510918693755,6.822240540907437e-06,0.00037693204149392816,0.07858092378540273
2,-739.8802790394939,791194.1551927127,628823.6765962053,127956.57863183014,64123.00680555115,48000.00000000407,17016.21299720991,9101.961020512594,3152.51821479521,3340.0182725547284,748.2347914177551,478.0075864760122,1145.7800826258817,56091.876105392286,3187.271795911155,430.66806486605856,5.510449887176132e-06,0.0004258845344588328,0.07688978699765932
3,-602.1703864900185,854826.8446751393,698331.9785526766,118522.96622849489,64300.29079172634,48000.00000024025,16107.80991339742,13184.832377999857,2939.877367217557,3245.000517759587,131.63964876870492,405.64764805819755,1310.7213610262124,54510.40316748471,3420.8306353306243,447.82780876214235,7.29071122357005e-06,0.0004189917327970559,0.08067648095064112
4,-722.3929194704789,795829.0802137041,656202.2980610973,122762.04642710502,61917.11169192928,48000.00000013239,16633.50276633792,9235.798808375255,2904.852770424383,3286.859081713299,307.94637598239393,296.45248735809156,894.1422351119612,53358.65092771688,3341.364831709746,454.7254959350615,6.259572556520872e-06,0.00044026958981044817,0.08957922813554897
5,-648.844768909541,796224.875488757,679087.0548720921,122288.44232919508,65879.64534209658,48000.000000000146,16976.73046090876,13691.884950063579,2659.7787517020656,3039.7162933622017,253.5275623794606,668.684170352324,1115.277305178346,52303.63842238538,3308.4203027238145,478.5817189323653,9.65175712164605e-06,0.0004182672547165463,0.08922549591895045
6,-595.0747192530948,808897.208309684,626765.3426762369,124321.34129070317,67665.57552423266,48000.000000000146,16980.3072955274,11325.258994747965,2969.5135802608083,3166.8382338486153,351.3532222579362,642.1897399189589,1301.452671295427,54690.413324776804,2884.857071530602,456.8560672145901,6.784343022913299e-06,0.0004244740994876235,0.1005729994325944
7,-621.8495538408304,778279.6706076043,720284.8218581765,124300.82421716259,61918.92764878432,48000.00000041334,16846.976657052925,5705.3762398597655,2869.306627134506,3315.487070262035,376.762674642767,307.47695886851596,1060.8059310613048,39414.895314755544,5242.820658145031,577.9202899277024,7.940313476762852e-06,0.0003050972385629274,0.06754700840222119
8,-815.6580639417816,842052.9976007082,629634.8251622248,121163.03407592501,61005.579976063505,48000.000000042695,16116.557079238362,13004.245852884227,3146.5318535319784,3341.2237343236975,229.5771317156055,232.0388923878196,1096.0487083858686,51758.474985332134,3347.773282277268,465.7256583024313,6.275168402351834e-06,0.0004303714226804371,0.09442230086241087
9,-609.44693053348,834049.2364141077,628015.6403111503,125787.30310636862,71966.08491763353,48000.000000216125,16425.84901033311,16248.606566408193,2874.5940630572327,2997.8560482133867,540.4366953246237,842.3463497192461,1742.6991361681232,50988.194952222235,3538.048595843903,485.0363150612615,8.298329325883103e-06,0.00038874329583117785,0.08041402708672733
10,-837.174367565166,868218.5241780236,701568.3456850955,124370.64245619289,60604.00479213373,48000.00000000049,16050.973898253109,13673.392733741148,2851.161888558562,3227.247266760024,403.5154015284027,244.58336550280566,911.4968146737987,56287.72217640726,3031.845281398623,434.6365115787855,7.351642537568534e-06,0.0004485314062433499,0.09649483263661934
11,-611.9527941578917,798268.378644393,579325.5408499787,122732.37740703998,58364.915319362924,48000.00000010144,16764.80604589243,13507.267882238919,2819.9005384480997,3188.887848210843,378.0417797403848,154.92694483223846,737.2895388772047,51417.99034514903,3171.7121686123915,460.98456973314705,6.468233321627977e-06,0.00040463124368682806,0.08436718305540496
12,-665.3978944158971,813017.7849278576,758774.153087737,121393.34974529885,59383.60216214302,48000.000000000065,17173.165472747416,6710.438302514393,2752.873099714542,3148.416611408311,244.52564735134337,190.03371848443126,860.4458654941137,52477.69177475358,3179.988564734348,433.9994613758947,9.647182060000808e-06,0.0004308053585511737,0.1075691034258267
13,-749.557594481459,812914.9403119226,604971.9182649606,121597.56511983204,62378.88962226957,48000.00000034044,16928.03516191434,12362.494229600386,3045.220376093209,3232.4917568500186,297.35412678904413,446.7120334840597,1156.8698033367743,55319.43274543897,3191.020614953532,431.0627996624298,6.893517139608753e-06,0.0004524339493404631,0.11486514537132503
14,-587.2962741822034,838503.2545557845,610303.3433575344,123431.67157183516,59374.96764981153,48000.00000007595,16236.309929395626,16242.765460323362,2791.5939736722594,3077.303569169238,308.6092449273804,181.2520484323107,751.7344163002467,51370.173684352296,3332.8861981305336,451.0573411968754,7.688247300464698e-06,0.00038099985850941365,0.08271508721854733
15,-684.2327577522101,843876.5546601006,687172.9091010801,120034.39495696664,58061.946381598915,48000.00000019592,16202.813525816246,11512.391806268986,2813.7925809353605,3379.142595805743,208.75701435740748,101.43826209865843,736.9373795733165,63022.139881294184,3098.393335628834,393.10894439057813,6.690155630915879e-06,0.0004837470652901252,0.09404850059670672
16,-799.1348802386686,787633.3642122966,753181.5113920135,118911.69404778305,60579.18228167901,48000.000000109205,17488.637290567687,3095.016587847508,2827.760956649199,3331.9982958668306,125.26836555510229,282.30614941749434,897.1496014650396,52566.320394430455,2934.3191005354047,444.4347922669946,7.899146272912326e-06,0.0004277994713199236,0.09728271523190181
17,-648.9751784671223,840755.9145375952,678584.8320018036,126880.82552176634,71493.38854036549,48000.00000003494,16207.957847400228,13067.358477228963,2613.889496404007,3160.386714562162,433.828788999869,852.9557521790342,1405.406896000732,49089.12269080944,3534.9237746852396,473.14164611499467,7.504452470550148e-06,0.00037308077664766184,0.08006594520337583
18,-575.4767537741176,782055.3590604806,657101.581194967,125192.25028101027,65368.173943038506,48000.000000265834,17063.271134720173,9444.455206760396,2763.141916045214,3228.0625727655956,474.66875606016,513.1089372660444,1214.2530041639625,55431.27565589553,3142.673997921004,409.91505365183866,7.3444089482432986e-06,0.00044949048090928465,0.0987585912773261
19,-650.4436880538915,789966.1566175009,611876.6382188895,121869.28855469152,60389.865189683,48000.00000022601,17120.024844706106,15080.581361710267,2718.788311481868,3039.818550697663,249.735498450508,228.9308313152144,1038.6809827137652,54381.244488951525,3421.2693100016363,427.8877117639679,8.176217557478464e-06,0.00042916292833376687,0.09179776350866166
20,-610.1400780849023,804536.1948844977,637851.8845177316,131168.159011855,69567.9731106784,48000.000000059066,17051.613809467188,12234.683822294359,2741.8242590028917,3115.2317616547757,579.1536462011268,1071.0614609447598,1512.573208466434,53575.59489416478,3092.8849623122724,443.52349473514977,7.45839664342097e-06,0.00043446122108127907,0.10010324532395387
21,-565.6890865667248,833740.9785331127,667198.1483633145,122670.82233383047,61163.07290636885,48000.00000047712,16268.612091475288,18776.653971809683,2596.589566702029,3023.5254688086234,285.43688317689424,293.01066483262133,897.0155327785021,52745.16511697773,3374.468267916275,456.20353282249556,9.231535142296047e-06,0.00039772268006701874,0.0779016278919466
22,-640.1706211136112,794369.194324004,669891.6028761141,119718.82390267357,60489.76390537863,48000.000000000065,16983.72389536648,13324.949150948323,2669.2964029129703,3064.714080108595,163.44523437398175,232.27519947770375,835.8929588489223,55528.874653184605,3021.856864249393,439.4005861499633,9.223187019159853e-06,0.0004503391287968912,0.1045925590289117
23,-756.0640852794102,864626.5775759077,791712.9489918228,120725.88027575062,62528.78538933388,48000.0000002012,15854.641004148947,7240.90715862074,2801.0900343801254,3326.5433419105807,218.95362651976149,429.13235481568626,1142.56760329153,52042.33611744563,3372.248344090288,463.8175086497398,8.063027176188761e-06,0.0003986628884747475,0.1006094356413428
24,-554.7357076220185,851003.2702468194,616540.963850515,122566.38650792302,66004.2993347022,48000.00000006478,16326.137950020453,14350.660677313037,3035.222759646295,3253.4751447030917,344.6169209504367,561.4294099119423,1489.4751703627837,54971.38524082558,3432.701829956363,453.2773248833203,6.145751464172926e-06,0.0004335322546476568,0.0983699331335007
25,-737.3903482859143,826667.7443715115,589205.016244055,121628.99189977896,61721.21717577588,48000.000000000065,16433.96847793073,17116.04961664391,2605.573897951021,3041.676278563364,280.52429188607607,303.7084287788167,920.7349450358254,52199.260840643445,3234.7809273390367,450.2689477261547,7.577562156462883e-06,0.00043651289327783767,0.09973537068482918
26,-933.2319459302299,791144.351385333,611706.5082612156,119584.21654596449,58625.39579939085,48000.000000000065,17505.153973209435,11780.33539640021,2847.12588027179,3247.158088209115,200.66448282291242,149.14178131619644,744.206262874482,51459.61544778257,2981.3605559895987,437.60907596596013,7.2702486644616895e-06,0.00044304337730419213,0.11661374174811842
27,-618.5932705150258,814853.9661553694,620670.6195290119,124995.01111381775,67938.068129762,48000.000000000065,16714.68344751859,13551.56453809426,2967.0232084882514,3182.7640509917187,418.18964267441993,631.0971849949785,1271.8707519448456,47552.557370418515,3347.0922667970317,466.19262629262545,6.802543771731933e-06,0.0003947761739807534,0.09509141744174397
28,-737.9629648507437,770132.9058493061,626776.1527249368,123148.94609244508,62618.966172484164,48000.00000018236,17040.268837061456,12620.873641565255,2748.72746184656,3108.6446635593898,319.59546290050287,372.7720056799877,1145.7704754190786,49470.4169489877,3257.698557487752,475.77397348245347,8.015319372528283e-06,0.0004022650573849825,0.0644199924689539
29,-577.5385105494046,811934.7540465799,711115.8426581123,135860.85033720089,76915.53553821244,48000.000000377535,16409.566792579662,8523.813314500463,2846.423258963272,3124.387243290707,794.6249385158823,1034.5822357555835,1988.394287005861,55144.617964538,3343.8322720879955,466.15212267361596,7.667358156872996e-06,0.0003958607872735386,0.06688069605514729
30,-531.5321383044025,839059.1385147187,660026.8187427352,124710.69766175604,60412.91911926216,48000.000000023,16124.257351289958,11382.782852723896,3038.7504055476943,3253.685267221499,430.96740420854593,275.8680869012481,980.9708604778805,56711.52011042475,3071.1447431467786,442.68338232709823,7.10619928500209e-06,0.00045297947375817446,0.11845223899372764
31,-659.967976334897,852459.7583251211,652374.4665689502,119297.29123654889,58759.209712827695,48000.00000024162,15935.819406967568,12675.59668674563,2968.9022305227377,3197.737382842509,155.32590911527842,195.78013640794572,730.6352964057613,58023.41613341582,3179.683445395373,430.0866229458197,7.0579783247031235e-06,0.0004429731405145851,0.10182362161177534
32,-617.6331055993589,846450.616730229,668406.1452958438,120422.76549784078,61038.58815550644,48000.00000029329,15905.8974160326,14448.37663923354,2829.069917548772,3163.3768801799392,277.2143302338226,275.5819021813672,910.2555986979701,46897.86001788411,3550.2998419960113,496.6872844893175,7.02447822200998e-06,0.0003720717778808231,0.061218049286501965
33,-537.0284065604295,828514.9796361753,676879.4953620291,124385.99121372112,65163.541602672,48000.00000016326,16505.76408197712,11872.886426475454,2996.434393705924,3245.401736749461,410.68181445886086,568.5686589375707,1158.283738108253,49349.62797794541,3695.33791437871,483.3871014961895,7.473623854749709e-06,0.00038757979645155074,0.08366179980204376
34,-708.442794230755,842185.5882154439,645056.6494159463,119952.80904016297,60105.983928741785,48000.000000153625,16027.411594216908,13343.92822161132,2952.746237413347,3332.006226572973,164.10518219606007,204.61866086719402,889.0007403863217,50711.55579112956,3543.272627732332,484.0183594935049,6.713620132051167e-06,0.0003891246498673971,0.0854798621039635
35,-768.3902829764463,814502.1912370379,667645.2123972977,119121.35734166393,60267.11630097085,48000.00000024657,16545.687105207926,12751.631276057944,2598.4894225586977,3307.492886679274,134.6142361743496,200.35006308360616,836.276520567637,40476.492398680784,5004.388131868045,557.6397884109932,7.500373468672406e-06,0.0002866567457146903,0.061225944994537845
36,-616.7784988316738,820767.5448106959,751564.0583601524,118802.67504098137,61572.075214159704,48000.00000008559,16511.901962322325,7800.600423916311,2781.032315976602,3188.654246608986,138.8484478298341,363.1200771805443,1111.0790965043084,56935.78036997345,2936.589835754638,456.38394599515806,8.345468710474716e-06,0.00040851040909116535,0.09620197425731582
37,-581.5448078547772,833535.033072413,630246.9578508051,119287.257145945,64714.810981028,48000.000000254666,16678.353158819846,14737.535863156212,2897.265759235316,3173.2308691378466,179.9033295640382,502.8380727722427,1227.5725941660824,52817.73527387934,3931.522800359542,476.16312983464934,7.612616334131048e-06,0.00040284537730503073,0.08618112771668379
38,-602.959356829614,859967.411823309,643366.4309704995,129741.58244725449,64273.77385867192,48000.00000011065,16253.801651569114,13823.701409047788,2929.225739564284,3276.5481081213884,568.2805920844329,454.46601848476564,1406.7440455752135,60152.93676851519,2790.768281939206,400.95301457659616,6.607976834708804e-06,0.0004649320039135823,0.11293761581256953
39,-584.352616097741,791080.8656852957,595212.2982775301,122777.55488672553,63913.02392626944,48000.000000360225,17148.24606788303,12986.783740866738,2951.91263395664,3111.5130053864887,365.07345182587454,506.56878655115366,1172.3044990959702,56975.73315588244,3229.9646779201976,428.3226198765423,6.950610192490049e-06,0.00044421518835176065,0.10458460640181759
40,-536.7955556730402,856392.3234844903,658005.9916610304,119386.40598513694,62683.99405895114,48000.00000027982,16045.604123844194,22717.86304714605,2664.511419014933,2969.9233681973046,156.38544417475296,521.7013727859951,1069.0413583000195,45510.166634563844,3947.8541214441607,499.5887419969534,9.417236426107466e-06,0.00036141826780906476,0.08068088387674419
41,-758.7992440450989,822653.5395412231,599857.9830781504,125197.74553795873,63111.91120076476,48000.00000008814,16688.148464887014,15633.708248900872,2574.8988681039973,3106.1917342445868,455.20595438112167,382.46104930394466,999.8659992104593,46814.31409241568,3603.6670137063456,503.78598090746544,7.106769542466211e-06,0.0003716486018535377,0.07971538212748229
42,-717.3815970221218,794705.891863586,726096.4003282186,121933.58070761745,62152.78327446487,48000.00000011168,17075.091275595507,7778.710617350923,2998.8464546293476,3139.088735225514,284.59668124314896,333.6366779556974,1103.3091453834907,64894.35327778105,2925.7028940066416,408.94094151089774,8.697923779476853e-06,0.0004974932689432439,0.09676033786711265
43,-694.2448975594141,850862.2382952448,672387.7670211031,123587.73117619913,62664.10023604554,48000.0000001723,16382.462022499565,13694.61832422041,2928.3378624271913,3348.425005952504,348.58574983431487,335.80351943503354,1032.5561456608484,49901.820948039036,3677.601022728476,460.0312859309084,7.211371251373089e-06,0.000374915428385044,0.09594846885042844
44,-661.0443947899761,816842.4275479108,692231.0843697431,122143.23616846514,63980.459468928406,48000.000000005944,16643.106552264944,11865.877191957694,2693.8260366289587,3143.993544417074,254.2309853414833,462.16641141310646,1158.0834763915373,52618.36221139918,3445.91769289305,461.09982499387837,8.37516072088766e-06,0.00042176723105866404,0.09671584780209791
45,-780.3741365180647,800046.061113374,678603.625339296,120766.81701086377,62301.12983206738,48000.00000038819,16831.593728076965,11000.386484679753,2891.0376914655076,3166.205951906581,242.43902797951756,414.5620824931689,1100.4046843291878,50766.73484747057,3323.0989721571764,445.3181817175559,8.077737022940476e-06,0.00040841125781828367,0.07437558580539927
46,-680.8019776115354,792374.5569297856,626401.91083008,122647.86860717482,61507.68027454143,48000.00000002573,16740.2862204595,11234.39444299525,3117.846399181019,3266.9011021302877,342.67230195957757,291.38353000372365,879.2632708689674,48655.10282653056,3781.626729398735,496.190837090388,6.810452620441386e-06,0.0003742334056085183,0.05956649811138389
47,-903.0668831869995,769049.2205230275,661060.908766695,117801.75916204207,57428.28810741416,48000.00000002394,17497.681828914716,9062.612029034246,2656.57892738034,3107.4081085201537,95.87763670890313,84.61944250686653,698.8377162349739,62065.75832271383,2744.92409086061,398.79126654310096,8.24216189508669e-06,0.0004889900597363369,0.11186435351999123
48,-640.0103138381064,798006.8279239438,584509.9518502383,120018.74713866967,60374.2900798144,48000.000000077314,16930.134429389836,12648.20547980766,2795.316990993606,3161.9120514998062,203.99929569960753,256.7565113949415,862.381842787762,51730.203040474,3268.541536587574,405.0803930551826,5.864574093191684e-06,0.00046010048116969834,0.1152710230755729
49,-822.065890825713,831513.5059127153,693773.0978828081,120511.8900156397,67008.78294999523,48000.000000212545,16637.11351811237,15615.05012258745,2569.756410336614,3091.421209172507,183.3321237761977,496.46662595539937,1169.067779663376,53988.66491762028,3009.154555058007,464.7330035406862,8.876946041791756e-06,0.000433975896182872,0.09586087387324922
50,-770.6504412729605,853384.9498021641,678311.7863891122,126331.45163987108,65640.28764718116,48000.00000011875,16380.268051388368,15410.724974204772,2708.2810446314793,3188.197495470805,493.7577273091619,613.9154881208042,1499.6179409494382,47615.69900984985,4219.72965895529,499.2765260462088,8.139248385191875e-06,0.00038415896100596155,0.08776085342841575
51,-568.0092243607396,807670.2182658712,637674.3985715982,122849.81842100553,63815.52531413814,48000.00000089978,16878.642960632238,12206.941495130288,2825.3945791885685,3140.6313611246746,312.1271561747639,441.7978298114655,1054.247897880568,46485.756782074124,4005.764046737697,511.4580199165172,7.1338253348232025e-06,0.00036912540220189607,0.08585079004821337
52,-738.3318115032096,829407.0756464296,653635.1044644652,123722.56306891638,66553.52926620486,48000.00000009206,16132.57617196734,15498.899731998456,2574.7387907772168,3127.794294853254,409.14092776058607,594.5102508510076,1111.7994461554272,47194.01356907799,4286.396143285042,509.5940841501546,8.109631531338285e-06,0.00036127135493069153,0.08411513113534026
53,-654.1583823407893,807462.4956326782,700071.1895905781,126984.24517861992,69563.7844154905,48000.00000020879,17095.885962328724,9261.66224683718,2851.8855213981915,3232.4157666521555,550.395433217517,704.0118160358054,1568.9783990790033,67357.79742766556,2824.8265108529963,376.23243121650904,7.323057153932785e-06,0.0005159205025446655,0.10138548395350958
54,-582.4327895378659,839981.384532693,673656.4966477684,124218.9475412704,63616.75991123371,48000.00000002641,16466.569930951657,15344.71545706299,2801.4988070598365,3043.4437319078725,385.00541175760725,525.3103959391822,1149.8982439839124,50526.47550423163,3641.5251101766626,456.56240798313627,8.463253074768215e-06,0.00041214712331311994,0.10678352943993535
55,-573.9671862110173,825795.861028871,703927.7394263534,123448.90792435718,66028.67257354653,48000.00000016582,16393.291894417096,9459.216552003889,2999.766915287433,3455.3513223081454,332.04407819736053,461.2402362250767,994.0628809195041,54430.31971858563,3452.5667734831086,430.04568579915167,6.84712260559324e-06,0.00037280855585418714,0.08597798739741133
56,-690.4903732939129,825570.2353068839,598936.8590060436,126507.2161880743,69535.48316690794,48000.00000000254,16526.682266499392,14086.211534680599,2843.4453537159043,3169.789034643612,503.5361712034226,726.1257592608786,1468.1654322129395,57370.52459553554,3250.2749409011226,445.49912850206954,6.4270269275154505e-06,0.00043360557642349123,0.10225624378365315
57,-669.8205802740536,795890.7485386175,655934.1989807701,122541.85281024559,61615.992044175706,48000.000000059066,17276.0629329659,9378.05759193812,2977.597598263948,3316.279216430172,309.6064205278811,278.0433346568511,1061.920259579033,61556.76284487958,3047.725060586962,405.7080281753494,6.277844751181024e-06,0.0004482932693429248,0.08715164320983404
58,-554.1913081449889,825865.7072492823,704866.7244532665,119035.0714106248,63604.6559514608,48000.00000003272,16448.521418993034,11233.3130627627,2772.583826915354,3099.22633667637,143.99607280477463,417.7790730396116,1018.1637460960374,49374.910291717024,3744.3374877797496,468.4357508537609,8.606513933065376e-06,0.0004081740285781613,0.09117215756925508
59,-564.0470218637379,847455.7665129618,599721.9222367037,119739.5981408623,59221.448637047266,48000.00000017742,16156.792782802575,16021.643912882977,2925.569861340085,3188.637251326595,178.1202125223732,194.2120812371842,760.9956524913028,49674.51630223942,3337.1109296882673,463.54098853552324,6.529184629930655e-06,0.0003955395647094512,0.08850766818029505
60,-812.4918708980042,821712.4828983574,646805.5060243674,124258.63646367904,63202.01237198567,48000.00000021945,16393.507990005055,10366.950729353473,3126.544172648717,3386.065442358885,372.6104909868976,367.68363008890776,944.6657848637789,47787.431699408706,3687.111925122985,462.8777695017218,5.558749526404557e-06,0.0004049822691312669,0.0893177551883295
61,-580.2361563318238,873311.2619120514,828567.4358911209,123924.52473056313,65723.17540455023,48000.00000017955,15764.186633953037,8080.592760860765,2791.4035358161373,3255.7705128202606,342.54350269118567,555.0158621253457,1099.757352122653,59393.84447580481,3247.5339934843587,431.75732805791455,8.629730872756687e-06,0.0004670442956421326,0.09157017112311037
62,-576.6757318956128,858357.0070104606,741489.882360754,127273.36835098977,62928.36699396794,48000.00000003545,16053.24516806494,8871.615454211442,2996.748974268247,3321.319695123723,607.6118562283917,364.1954848881927,1135.3791260118483,59689.4672274341,3219.177237076248,416.10045115870025,6.605150779694087e-06,0.0004626742141849151,0.09384054558025577
63,-634.6111081566911,804053.3278461999,718534.1915682522,125584.94197130582,62416.7125108806,48000.00000033515,16759.261014167605,6749.270925516047,2831.416674399741,3289.9593177540164,503.0969882126754,375.68989755823094,1164.8140681363627,56121.003443350965,3368.4392982000318,447.591233237984,7.267139652981003e-06,0.00041388495314916165,0.09030297283384923
64,-448.27788845833993,863824.4727174073,732807.8636463251,122180.54709425342,61273.98125324866,48000.000000102555,15972.844265077583,12370.145383524441,2994.321587545048,3283.927981794241,306.08233678091716,270.6869158675413,1009.2189311052614,52663.33641868387,3479.587528546958,474.1609391836107,7.954171478863761e-06,0.0003817284481483772,0.09410869567613313
65,-774.4200905021685,773644.7327135047,657625.6100584116,119058.04370001428,61091.75486182834,48000.00000001192,17364.367563158332,10456.674995882342,2590.272851402675,3165.5038464896984,169.11213675836797,284.98832713078457,889.6052930539928,45655.38906004167,3897.5257196341413,494.5863468516759,8.420361324790184e-06,0.0003972659881762116,0.08564627775488978
66,-643.4896437242028,807356.0731771942,716638.060532289,121475.39572056288,60069.40656437532,48000.00000001626,16786.922902285372,8354.948433566266,2842.339854567732,3211.049524850615,265.1396538216367,227.54038590288283,897.8031442842641,50488.766275129994,3292.79232977829,468.88367441286846,7.637489989772128e-06,0.00039981207699751696,0.08972347671782548
67,-551.0043586528443,809302.4017061207,702281.4279642496,119280.96500100974,58753.80732162936,48000.00000015968,16853.459089360724,9832.940606923354,2792.8881412671158,3243.6085299868805,185.8928947797771,154.0763613205661,799.2127433698889,53678.32822593933,3122.09721795929,463.05479281219834,8.203192121910861e-06,0.0004056200067702505,0.09940311276937121
68,-703.1105138464035,839976.3034662358,597339.0993278489,119788.54264716769,61342.82635635231,48000.000000000065,16307.800966973145,13185.957452290071,2895.162269316588,3403.602837861137,212.47921283686966,264.1880665403616,1118.7029358524105,48032.20693520716,3543.959095486826,489.374944198091,4.787259246903582e-06,0.0004038582037024577,0.09481671515281068
69,-650.4426156417003,797992.6508954922,632286.7887784045,123798.64865048951,67611.49737590217,48000.00000029559,16774.13131479116,13764.328334216141,2789.688557592316,3073.6576851025943,368.2969640355165,647.2035300797006,1241.6708855203551,51785.453039216736,3280.027761538202,466.24170322356684,7.782455603755787e-06,0.00046655014109813614,0.08932245775689376
70,-762.0344589666662,761900.5167402332,648519.598435295,122061.15667325463,64308.58834070845,48000.000000000065,17416.842528718207,8191.592536186733,2795.12348221484,3249.9050721415015,307.38321038886806,503.1517047589647,967.7684883718027,50973.43218894949,3508.8512303705925,456.52944142416885,6.755818289246935e-06,0.00039704650415166314,0.07025038616226792
71,-566.844423571728,804926.123230584,692257.9508103913,122632.23226676237,60688.88754242832,48000.00000009556,16769.819857959887,18374.94091720563,2617.749425997176,2983.8166594422682,299.22631186575705,281.8912710966816,909.2504426733827,42394.397934726316,3864.4629399072774,546.275108430672,1.0109697517141425e-05,0.000345753868371535,0.0935846371146522
72,-638.1770347621531,786751.345305087,769075.5965646448,123765.75283856138,59322.60864971787,48000.0000004726,17517.542349557458,1631.5901113520663,2915.500757995083,3445.7969319842123,339.7573498994445,174.1528039987392,795.8152192029279,45366.42755271737,3742.311435636877,473.5426826634296,7.650178312362347e-06,0.00037333953640913655,0.0822338237567793
73,-661.1798000398292,815008.9542097691,725798.0266701326,129280.56054688522,78649.20343828417,48000.00000020035,16389.200986668184,11153.566072607715,2576.8093905475125,2985.034306575566,551.066352111779,1090.544686881927,1741.8915369670044,51038.13720744647,3819.6167326121868,483.6648253685988,8.962040684158323e-06,0.00038199852141548884,0.08106789042915877
74,-713.4096052526742,811215.1327873631,697045.9052481356,122280.34258898682,60075.45219939652,48000.00000041906,16626.929747208258,10148.376241264301,2798.395226367294,3191.1689800506833,324.13962188174423,226.15988343406886,911.6042127202609,55421.30801765036,3115.467974425402,434.46797526140983,7.968215560950682e-06,0.00044250590939369543,0.10178634953412093
75,-517.1957996932806,829685.5358428201,780087.5475594931,126702.55987582087,67420.39787997579,48000.00000004969,16310.539146145913,6085.093351087249,2861.6293304238447,3163.723605634978,479.0483748029876,638.0509665537593,1537.6295667833344,45005.77494680334,4290.867573635196,503.08277140688824,8.084539172931463e-06,0.00037089286740434805,0.0796430975374409
76,-745.2816650981575,797032.2842360735,713119.9729082199,129044.11902845843,68195.88285915152,48000.000000005864,16760.729382294063,6323.333661158311,2975.527829211022,3379.8256831105036,588.4552956595943,568.1752755237411,1648.0195879648124,48823.15558864381,3818.9921983898025,492.2059580876755,6.594406910579376e-06,0.00035147501578216504,0.06534840957762834
77,-742.1058606823542,813748.1534344386,634275.5109747654,124167.34822432374,66498.35707702424,48000.0000001538,16669.18387572243,14120.174742594994,2742.1894139994206,3069.269750604338,423.53051390715234,668.4863611024949,1124.6632109798416,57886.12728188033,3078.4418527477765,414.77875478681466,7.701475854538261e-06,0.00041538085693475885,0.0958550024522628
78,-609.3491629579635,832275.3296324697,626789.0212003072,121880.86753594546,62314.29107205614,48000.000000038264,15915.309697270432,13782.45814424403,2822.9425065121313,3170.1966914998115,276.46699789164694,344.70911343250174,1103.0463724272354,48332.85153019878,4123.753398278475,488.550793770439,6.473404276144879e-06,0.0003810328827470282,0.06590620384377166
79,-692.3326115832747,841571.7306966898,631873.3834524448,123643.31515806164,65478.59839250768,48000.00000000731,16315.785418286036,17011.842402064598,2568.643935889717,3106.964701238239,306.22695880270913,596.59850932502,1202.5053118410672,52770.63445514321,3408.1658727410577,437.09451010365376,7.65215763988504e-06,0.0004204875629805953,0.1019159581649117
80,-668.8235879678049,834919.4701597989,608829.2977174893,124064.40281848519,59743.513297673744,48000.00000004286,16389.998029942806,13876.572845418514,2792.5646088759527,3311.4142540086164,381.3121408762348,196.9656591511616,661.0029875209082,48399.16603034538,3469.5661929627727,473.92667213655744,6.086435775119449e-06,0.0003844101736695374,0.09731188286699391
81,-500.69498140105793,830187.4606704665,683773.9878730255,126364.33597304154,61481.87204010637,48000.000000459724,16380.206867588786,11857.301226367736,2938.487173855741,3298.1566856820514,545.5814102423116,313.7021763817977,936.246254439059,49743.54991466197,3643.920267452788,469.7281015037695,6.813798369994354e-06,0.00036455213738688304,0.08575932768690925
82,-732.817141098951,818899.5723769584,675449.6692440045,124971.78080922586,62419.00141726222,48000.000000413085,16740.367922328227,12137.704770900293,2770.2928731664406,3220.52005445562,519.9952031151602,392.93996837001674,1177.019393831334,49246.757670101484,3553.2980115571654,473.65766778672577,7.848577717343145e-06,0.00038722275850075965,0.08370791594967311
83,-658.9688762733972,826255.7917569878,714719.5352535738,126485.1383009005,63218.179235780786,48000.000000066655,16524.967842493887,8670.582867172116,2962.6399120177157,3242.7545852479184,485.8233125328206,400.66356142239147,1248.5648033545385,52699.07509602101,3553.7773173279647,459.6104124340313,7.254973761928127e-06,0.0004050084909273729,0.07809119297013525
84,-784.7180748531047,769687.0609465936,672585.7861388595,121588.66589789123,63783.54064612152,48000.00000002462,17134.21552932982,9683.845460840861,3047.416236626764,3130.6046831632016,312.36051303819903,497.76916902220336,1011.3423684898796,42908.55266585091,3777.291675092552,533.8295970757704,8.332463695019924e-06,0.0003476800110887371,0.06127862215768324
85,-598.7985984107303,817700.658415615,636348.061788383,119335.92011331757,62219.94211614664,48000.00000029073,16752.378250110065,13005.270467265935,2889.551140950695,3329.1217833453725,172.88862716274002,372.199916135761,1105.381840213883,52608.103054598985,3536.676312736288,451.88334206117884,6.870780651400572e-06,0.00040005702075432577,0.08511830224732236
86,-615.7485603840561,803779.4035172964,744536.6958027459,120630.33069920304,64619.63466644553,48000.000000127446,16628.166977568566,5967.175604303161,2705.047563955663,3266.7097838073937,217.63857422721512,428.4683050270887,907.2139846785736,53201.40497254755,3411.7843260623004,446.2636796519864,7.5971887219217336e-06,0.0004103846986255707,0.08704946516071119
87,-620.5201534008523,826289.4696605318,680196.3848892193,121473.98221442151,64966.429980863686,48000.000000000065,16405.982788441997,12459.818708622897,2724.752857111823,3171.3733689443607,266.02519258468817,459.8361490068413,1217.5743192259008,54570.65673674869,3545.634054082552,439.5651026189566,8.065749541384551e-06,0.00040272549638649977,0.08081912074963954
88,-595.0254491665003,793142.6315506594,635748.1183334304,123736.97186491481,62865.56261319416,48000.000000130945,16853.539167436942,9391.722725576472,2962.7224028359965,3334.0991476999566,405.790086723611,344.02049158243295,865.1179491696009,51975.93602356942,3497.056853133019,453.3935905832011,5.809835949596825e-06,0.00041643379353417355,0.08240846617426743
89,-663.462121477938,771533.8480123901,670433.7215112702,136961.5601838817,88269.1599649572,48000.00000035485,17308.57626690251,12492.220415502552,2607.843558918541,2790.1810437462486,1038.878512491312,1660.2943278143887,2700.772414167338,45181.623735368375,4172.750212172296,488.15451479518003,9.234796997993159e-06,0.0003347692020107208,0.07161562599475764
90,-574.8178705132548,755601.0634115627,635300.7085443005,124858.07414706287,67118.49152389627,48000.000000295084,17701.70342820824,8217.449666216897,2964.8111947978314,3153.7915412531192,412.247462907006,656.0735646410941,1534.7187654037357,43008.04810071365,4074.2145591094627,500.1732991813761,6.7356466982233915e-06,0.00037676670094738526,0.07557620462861142
91,-730.690159031125,782151.5217256973,672109.0343798694,120787.86179376132,62062.57275214982,48000.000000000065,16925.75091467978,9649.720795534564,2708.9408110909935,3240.879659479949,226.09905103205554,300.3403980570715,964.518298144344,54648.958483141345,3198.080437894016,425.3834735467659,7.879336185023681e-06,0.00042051588357823607,0.07511706250701948
92,-720.9206313761317,790121.2569446882,763151.0869871189,126164.2776197793,64102.85390882662,48000.0000000022,17006.43995169458,2544.134256858897,2793.137657914486,3219.5069484839996,446.85093327791367,356.990000135741,1033.5855251144892,49163.76632236033,3456.8128303219482,482.2498406715382,7.646472526005795e-06,0.00038841254962419,0.089431267623294
93,-696.350454897066,793469.292269945,704255.7381662243,121796.80784387686,62243.7679609719,48000.00000000339,17328.210043601182,6446.297980903419,3106.232707714506,3386.775308583854,276.0906255547408,433.1311435904745,1108.046255581726,73020.14912409088,2390.4681707823597,384.12868628578286,6.972174732114963e-06,0.0004901155834000888,0.1002410938135579
94,-684.139063679831,800266.6775645777,599524.8654541041,121918.16491252337,59810.79139400718,48000.000000081745,17165.348177611293,11680.137053877292,2978.1360605430586,3294.9298474528973,318.998863559859,202.75017077012146,878.2321182992821,59426.14017544897,2949.2779768075543,403.0619937602804,5.802598734758418e-06,0.0004467178137644924,0.09995062582881492
95,-682.7040872787308,769245.1641980839,658500.517222937,121846.72157307048,60707.561693030315,48000.00000046288,17490.166907659364,8556.674769404006,2968.9331616586423,3245.991118403691,294.88590642110034,256.8200182504446,886.7014747559178,52033.64818440772,3740.0879098584965,464.8905165920131,7.464472938971033e-06,0.0004153559890478641,0.07930847306016321
96,-625.5341993286277,828549.6920425245,631212.2535376594,120797.5791302777,61620.87223544317,48000.000000165644,16651.387196891974,14513.493717979862,2744.721988095948,3203.788004015823,202.60996906178033,310.09230226203937,1097.3706397754438,53087.76152709886,3247.8845814807396,457.37901109270774,7.5393597386776895e-06,0.0004188994413833612,0.09768734257519282
97,-865.4892629856308,861124.9135872072,646584.6537440311,127162.84139471859,66344.67405367138,48000.00000006342,16127.38307597348,14993.835146076048,2761.070097604041,3208.4563157493303,551.127157147978,544.0959777426169,1514.8221590401913,52314.9589512112,3513.134473961879,472.81396492864934,7.247464597206086e-06,0.0003920356243769228,0.09226858430692735
98,-601.0510906778321,777183.5570473059,633430.1374502793,122131.04750607029,62063.36729484238,48000.000000000065,17011.0613851331,9590.171239961173,2887.129002238386,3269.678804573453,231.30598142034373,288.8929175757175,854.0173368339363,61063.37829110596,2846.894832672752,379.35248033368566,6.5466190252249635e-06,0.00044191849892321505,0.08838525649762606
99,-595.5406790041993,812422.4712978402,635252.8672303057,128844.9060624404,63778.877646475004,48000.0000000114,16492.284095292514,11324.760900436122,2777.416761740048,3158.0675484624026,709.1473555893368,546.5381438459694,1214.4637004624622,43416.05461526885,4186.842867402714,520.2055130407247,6.224653853658339e-06,0.0003509261925136135,0.07780884909125074
100,-616.4543883012033,862548.502442772,660028.6253167931,121889.67416333046,63887.369809896045,48000.000000133245,16056.624271221737,17830.546308708224,2980.6391359537147,3163.5484241349745,319.50837168589504,402.1607013382537,1300.8880671884615,61442.26441801335,2948.7435035663216,440.60830569249725,7.911074457869857e-06,0.0004763631551360433,0.09395338725348935
101,-596.2380544549185,793467.0629936998,712613.4792968241,119980.46867000176,59354.66433537668,48000.00000017571,16753.041028711858,7636.461102107223,2847.0518278961827,3239.321289175134,181.01331148672014,189.69127941044917,804.7765792689328,48880.7701925434,3651.964639757941,462.16672999054884,8.142962932910256e-06,0.00037477356023018116,0.08907774211518084
102,-737.7313625325833,759506.0117317851,676768.6360521953,126487.24385586845,63068.63284826392,48000.00000045981,17279.658521569534,6416.341031095358,2875.5741114661278,3340.5819707409955,533.3291990152337,343.28580284185466,966.935320300838,44592.314134980006,4223.580083949177,478.33815830178213,6.680630084837735e-06,0.00036659517126558125,0.06942707882909498
103,-683.8501613258659,812430.1343164721,666856.239804816,120915.28116324083,58129.51218345434,48000.000000024025,16645.583802447007,9109.641599289456,2777.2558830047496,3359.298515543775,212.85934321535103,117.09366017902359,737.1562527886484,54075.793460760826,3007.339267377694,430.192731466529,6.685659654913603e-06,0.00043723432259938616,0.11095962919689717
104,-764.7941962303898,804794.2743237941,736006.3907635462,122386.35275697667,66098.07557503002,48000.000000350075,16633.86151847095,8908.600384367122,2752.4318619768383,3103.448136217498,278.8725921677203,572.248216938465,1056.4207763301774,46891.22678078929,4192.373792351307,484.5399077869413,8.577672295856927e-06,0.00035245727163985344,0.07718424155476508
105,-600.4936952469097,812718.178207593,722607.4123743151,124298.96962561042,59711.475274055265,48000.00000013478,16473.668774477665,6072.300586913008,3142.560982456279,3441.3552913923177,366.2247455555327,178.71803622208986,759.2249764058995,57881.71344485164,2961.0809588207208,386.46902904987684,6.439276870738838e-06,0.00048358983901063216,0.10182896700313249
106,-639.9656060637078,778557.4191868859,583032.9539833833,121242.09837792082,60973.07103776879,48000.000000214335,17077.200954239685,10803.563879289251,2931.8367869273834,3190.152123250569,281.11088860229796,260.31968395484665,1046.5059019065898,44054.2771135037,4538.58056512066,499.5527328229204,5.332397221418428e-06,0.00036988528201731236,0.09257934273361552
107,-895.2649077763301,816612.7146737397,641971.761111884,120834.56938613976,58217.88124847956,48000.0000002776,16480.794380224386,13431.941741654113,2845.7365355247234,3239.8822632312113,219.7973498722392,121.74800551766994,705.0704438039714,66208.90931158578,2828.7273492661566,391.6031846653936,7.8332590796357e-06,0.0004875109691177016,0.09472534762193462
108,-549.698862527113,833044.5702303551,790668.8961949083,120479.87760828351,59405.80719680019,48000.00000007919,16457.26399884773,5464.414879741153,2824.0711746383618,3156.993270397325,207.17210675163514,208.93048983298038,862.9990368103856,62549.60226307202,3005.1262581870674,401.5659100994146,9.04150215794741e-06,0.0004540898955307681,0.09753167635641939
109,-626.1584121410831,832655.5273692365,624261.1507165787,128917.47782101792,64605.616080879445,48000.00000000245,16915.974139466245,12103.886600535012,2897.005595489355,3332.6050450630864,623.4630018220826,601.8197503760923,1404.7557234591748,49944.199884160626,3365.4802579689685,472.872297498468,5.632390262079651e-06,0.0004279554503244116,0.09911003216178824
110,-599.9999432507054,813319.6030716279,691399.3004653857,117503.19380701854,59722.53759049659,48000.00000041386,16642.68338592021,13638.526241397505,2554.6494298829934,3073.195212741099,81.17967198410615,214.40188231078105,1101.6679109828885,53120.80576922511,3262.760763877165,457.8283050825366,9.284973179954809e-06,0.00044228601468649504,0.10201000633787408
111,-628.0948104220989,806886.9429540179,635031.7025873873,122971.21537402537,63440.94307169275,48000.000000137086,17326.32452069054,11088.68096633673,2953.6106773262445,3322.387241102785,343.3625482491679,413.0971363103017,1251.054232818266,58292.701894568105,3048.2130105428123,405.19002296146726,6.609479530076777e-06,0.0004553706980407192,0.10240774739812847
112,-698.1596885877175,812077.2719201595,781009.559944967,125908.91327941531,64367.522080864874,48000.00000001149,16818.651119773764,3807.993464375429,2919.013121739628,3213.008860508579,496.70464997963103,409.09112898652313,1212.257871116117,52468.337604245666,3675.297495484137,473.04084902871404,8.365301115402222e-06,0.0003928061773860926,0.08979542567826297
113,-610.5234378059312,821581.0245766134,604079.8934674504,126607.35148508218,62549.546618253335,48000.00000033328,16454.77410108729,12374.88237117979,2885.9748722162785,3276.3728705269814,390.0908118730608,339.5183433208534,1065.5321922306744,52064.29345761234,3238.119411931949,462.1205678770807,5.94160847196495e-06,0.0004149102992959645,0.08487771484374987
114,-613.9688100725577,808535.2748889739,643386.0209982148,121484.88624275099,64873.83149912151,48000.00000041948,16721.313612739148,13378.48174444592,2673.4342565146644,3149.542334883654,287.48415733629395,511.82169162837204,989.5407837649686,44683.94356724451,4715.493171523434,538.2774101112375,7.931106513928309e-06,0.0003183555960226601,0.06164248412973303
115,-778.0567159556549,811126.7047592681,675351.5911641573,121613.61637126675,60501.39264881726,48000.0000002938,16980.58735859657,10799.968753357425,2823.7070036600153,3184.1766230483922,260.05704160170643,259.1804358849631,969.3475776115067,55214.904462086,3158.3577014059015,467.95066768405695,8.020098834838445e-06,0.00043305786913983176,0.10496792674914934
116,-584.8312870657594,875999.9269578885,655221.5523930462,125295.50995886656,60080.18923245606,48000.000000004584,15619.629845775982,15381.832137040694,2749.316232903658,3201.000021426378,369.39323958655416,228.9991921673125,861.3002761648585,51974.647086735225,3336.415006489869,460.15564863552527,7.264897451431717e-06,0.0003950787031971932,0.10292985926992827
117,-570.3584511221873,841257.2273563821,756355.304840651,137214.54165970083,68397.07829475823,48000.00000016889,15910.295088979457,6991.158271366966,2853.3997687119067,3214.704807736252,760.5659722848378,572.9216649028715,1391.6310227281638,41205.964968805616,4938.811483381136,545.1411515621985,7.466974071897349e-06,0.00027293208877857616,0.07205697459340102
118,-586.7787058329236,806527.2693199031,643548.9450787267,122054.15260712344,63759.25998927438,48000.00000001814,16499.631309336048,10462.13964939327,2978.1747499234975,3293.589614630784,275.0989390111984,469.70655757963794,1066.2141392408505,45247.18673978572,3979.290572091308,512.1561055342344,6.231376250542306e-06,0.0003526960239612459,0.08427536992947655
119,-691.172129709163,800506.1010129303,722064.5489640802,119027.70642687648,62271.91152319709,48000.00000011304,17029.93173905781,7732.73723018931,2719.7021258529967,3144.0989598514047,120.18000148487403,370.33191214690834,888.7442608324249,60684.21033253069,3042.385066692167,397.13199598241204,8.794720298345786e-06,0.0004352570063653099,0.10270354445649146
120,-657.7164098647697,853043.560349985,736641.3846664026,121377.52755956454,62384.744142244876,48000.00000003928,16248.1071706143,10456.188149605006,2806.2470065390844,3283.028542444787,269.25792392750196,361.5740651076727,1094.9954664158374,48395.72398250049,3741.247425639609,485.124383147921,7.5991963767662e-06,0.0004079704480332336,0.10141726691282839
121,-706.7504609045412,769885.1056528206,597427.0797473531,122838.50896592905,61851.826699086116,48000.00000000126,17597.636719150447,11092.607115513409,2721.088221727179,3225.9523371279015,328.20711473427355,342.8042077364275,1006.1063626650157,48447.664485531925,3545.2607553383846,462.5289362835605,6.452904244694221e-06,0.0003811741306883846,0.07961388817079365
122,-837.2760934501135,862067.336969436,710931.5244149714,121359.77042939515,65350.94205786998,48000.000000304884,16053.295646577586,12278.597507244716,2832.0304825196217,3311.0462650038294,270.1757330215703,476.1563450787296,1259.7311470094915,50397.666780834654,3949.9403437853407,491.42175118369425,7.330680669702594e-06,0.0003831939686810046,0.09910802807084408
123,-686.7789681570055,827360.2825560198,730976.2578907588,118993.3984361398,59805.631876783016,48000.00000013001,16301.32552326077,8204.661343858645,2867.7239551889193,3325.431250186472,157.19666021542594,212.74479557463846,840.9084575388605,55741.84996359552,3028.368970252714,453.2800426743827,7.484996491591287e-06,0.0004554065689774682,0.10532731707729008
124,-753.9702243529016,838531.2753937022,616550.0529589474,123359.23893601184,61108.333938953576,48000.00000000484,16503.193754828164,14148.781178823809,2755.1572557958266,3191.52804271748,372.32703902250773,358.26670159279763,1003.1118289273234,57270.875646557346,2870.0649471636807,431.5258483935301,7.1904766183807935e-06,0.00047520176986665954,0.11228774765631207
125,-603.7656703471166,790322.9454966489,695542.8279397911,122147.24557916808,65321.7092771423,48000.00000009752,16986.078841558872,19339.896801331375,2532.6491365491815,3001.2451036441867,257.3217903086621,505.25654212203204,956.6421037628479,45580.25436381185,3962.831953023626,486.92747658323015,1.054006278934279e-05,0.00034512110377646934,0.08753943641563934
126,-661.086673457899,837819.2082834496,657918.3470001715,122937.69951206673,61192.206811924676,48000.00000004892,16531.194394002014,11619.329753045295,2913.482039487615,3263.6933247958655,358.1671358407753,371.09180087181113,1113.543319308362,50944.00851170813,3664.428561580587,479.30434472639394,7.0741138798742835e-06,0.00038959688643335963,0.08943418248270114
127,-583.4538194015323,840705.9867025322,647485.0728559924,119626.71678455008,59614.63144238272,48000.0000003129,16348.762435484354,14283.071209208003,2848.930859909524,3259.8958124087835,187.91492956275732,219.74687336562562,838.0438595419097,54818.45087363458,3329.930437952584,445.43915363375874,7.458169293584827e-06,0.0004280850989324655,0.09342821399164307
128,-694.6632747154124,785790.4830971442,644206.717786689,118851.39739880717,62792.5122199427,48000.00000043543,16656.185795957805,10848.742128558464,2697.6036630059534,3191.14831518149,145.02547241848305,417.5744128518197,943.4109753999303,51898.7607808526,3272.2651032539447,438.0129555926004,7.126470127449934e-06,0.00038591942435256196,0.06262255947006651
129,-667.0068983523925,825417.1220239986,771711.2396478708,121191.25644999744,59496.4348960158,48000.000000075095,16755.48795125418,5084.3348187870915,2921.3159462568733,3336.4129177063132,226.9786516068277,257.60646860127343,930.3879819629368,60674.114752985755,2948.528253468756,424.72849875249756,7.4902314597487345e-06,0.00045081971077579123,0.10886875955698606
130,-664.3096247719639,841747.427774875,582846.3352704637,125285.55638815164,65908.43089485948,48000.00000000023,16524.401921076962,13610.487374960017,2898.932387336034,3247.8144896612835,492.9594447754759,470.75530686120885,1270.4842922271284,64717.17645614167,2967.1682359334004,404.2710910752615,5.707931989866099e-06,0.0004778343677663586,0.11141771208418393
131,-580.8435752741935,787078.6325093624,706415.4858026269,123531.27780889557,66015.63763112907,48000.000000112355,17006.78682259335,10508.15090786991,2618.4715370430654,3028.271083479033,321.54860345469154,721.8706249508767,1446.5847895614709,53294.94167464517,2965.147088889464,424.37902146083997,9.643259865232996e-06,0.00042825949857934985,0.10122559422519453
132,-708.9406199327698,796134.6565970973,652523.3424291121,118969.6690783628,62854.89329480803,48000.00000031,17081.304839122415,13378.187527426258,2759.7806529715463,3079.2629454707276,147.4037321718226,398.37204548089346,954.700849085299,55143.94370746578,3139.601912862787,425.56217041548047,8.792443612474305e-06,0.00043970870549725434,0.09486162631048853
133,-725.3895909495112,803877.1608032513,699285.2369211041,124041.59037617128,60809.73040773438,48000.00000013478,16768.576322169312,7869.2398981930855,2904.3867382758976,3357.1532144215007,376.64015705792275,240.77005173450024,819.688919646322,53750.82607837047,3057.3516104283526,435.1292378568441,7.174089193703814e-06,0.0004377097629588253,0.08746469467800498
134,-496.0919276851295,821326.0446964938,652159.7885407825,122090.37620942702,61194.0499817933,48000.00000001584,16082.726926833537,10945.689682402186,2975.7822117552455,3232.1030046400856,294.0015367461885,287.44808829081376,890.2574371561922,59364.8616174191,3061.4441602001116,422.7578971333253,6.465265109728408e-06,0.0004356847649971986,0.08988956257646746
135,-598.0298115964744,765718.8577646898,644203.2102818334,123385.3226150238,61038.99689728662,48000.00000003442,17553.94830621559,7191.6713837633215,3028.848318503414,3457.924084075813,360.7362051052017,257.83154071517976,997.6835900943599,41340.17026574521,4329.963926878186,500.06160119191725,5.052284841848095e-06,0.0003472487565855103,0.0785512379323332
136,-546.0340594629874,786755.9473914378,646765.7314679949,122253.67806153827,66100.72606438959,48000.00000026737,16892.883240074727,7813.24828007708,2925.745934296636,3362.5780617405976,284.53351011531385,564.9797878525262,1035.878137597067,53922.15564812474,3357.709035314202,456.81033794606964,4.973542671900721e-06,0.0004021204432141781,0.06868389078596326
137,-676.0951522253646,805036.8366619179,682733.208084926,120971.84998858439,60704.62613311084,48000.00000001012,16999.505894317364,12491.22198583201,2793.443535240493,3160.844508616395,251.69975353239954,327.85087831955366,913.7909012412307,52787.59004330909,3632.954929528609,450.8645906764743,8.462170438658714e-06,0.00042274158621007855,0.07521415787556507
138,-551.3307676783506,809178.1430354962,660812.9190682211,121163.4480244894,58782.65573053089,48000.00000045956,16733.761910868816,12538.222199316362,2679.877494223214,3069.0425981545036,242.24601503625343,162.22605520779868,732.9962657277546,43767.70181994571,3901.8827560338295,520.739727420228,8.146195234465016e-06,0.00035803941000806704,0.08554157242456556
139,-620.3848282011821,804311.0261657704,621722.3040218796,122577.40098378016,64011.47444616941,48000.0000000548,16713.485262213344,12730.492629265009,2969.4045887830225,3252.5476667337175,342.40684904033907,436.6404358794662,1166.119099135841,48942.4502908933,3703.656976281988,478.2003487769168,6.456306784353077e-06,0.0003960471518541608,0.06717873127912166
140,-745.0314280506102,845180.895846594,782276.526860814,125500.15582147155,64699.3269167578,48000.000000190805,16242.596095343806,6862.1678557908635,2857.2155912041535,3259.690866638484,401.22390520768664,481.69823308926874,1228.6966908259533,53545.754023258916,3266.0486908583266,448.5037649728793,8.506588542512295e-06,0.00043341606765193836,0.10708695930721925
141,-877.6406371130271,848889.5250139423,690089.5788705288,120939.32398838618,58223.90670814034,48000.00000002649,16327.754309527127,11150.792862696653,3089.8100462338375,3443.1518753122796,214.77167175364016,174.7904158028704,805.711574806822,54300.1498115816,3031.2038939181057,434.6049441583802,6.93932113734547e-06,0.00043180703928957727,0.08453204091714098
142,-627.8631421584407,805209.69137698,802379.0911746726,124107.06748322955,63181.13147347518,48000.000000565284,16506.332285123266,327.83827831321884,3035.3181876601147,3288.4800954385187,378.84870014825344,393.5462384540132,1053.005941657184,44405.697958634286,3985.8094298341643,543.5557557062115,7.9262894007189e-06,0.0003471232150499459,0.06736956416313562
143,-764.6202437197488,834529.3499484829,767628.5995529656,121177.03259593513,64203.00018466575,48000.000000000065,16666.285822864367,6731.116858334346,2908.526926379156,3217.9242036626088,242.72964200969344,509.63963477491404,1116.894054232758,60695.24165304855,3001.108592846189,445.26090720098637,7.913335469152684e-06,0.00044473441844595374,0.08632606378586742
144,-626.9763396743965,781836.6515196078,653328.8984394008,126129.08718606392,61995.92405660595,48000.0000002435,17111.91982240287,8885.494109324864,3066.789975680925,3351.0292980128593,474.6506349882475,289.46633096181426,960.7561813188233,43727.64057863437,4341.433559968127,538.5880079254879,6.316795237699501e-06,0.00032409169362853686,0.05104056002696905
145,-651.9499034431838,786940.6670399226,673667.8028722882,124385.98103322479,62698.19700075893,48000.00000010196,17105.99913508869,7988.614641195425,2890.3743576154943,3201.7651871784688,471.5295219644072,420.8599665015542,1077.1147959804398,56782.980631861516,3106.129958614914,439.608289454423,7.161689787989696e-06,0.00043621759396652687,0.08653842708491614
146,-773.1153700667672,828022.5668188244,714829.9205080068,131001.31399275365,71204.51502378352,48000.00000001891,16341.385800439557,9436.179742693006,3014.3225511475775,3140.3706785331733,514.6521000495327,952.7194369193252,1403.2261289272878,54420.74820578718,3095.3632018809317,472.1222802177941,7.94076505090861e-06,0.0004120448000962455,0.08490786654916196
147,-785.3266190269138,808844.4888690724,585154.2730820427,120658.97240221246,64981.63645804255,48000.000000127446,16597.555673833194,16493.19118645248,2649.8161806056937,3006.15308412803,255.07889126267077,480.34816703140916,1136.2420339766609,46024.70690107144,3809.1128226949245,510.931543126246,7.451174568415367e-06,0.0003639340955970724,0.07911716145197237
148,-595.4728096899923,799503.825856968,639087.9977593812,120371.44681833065,60267.72808070706,48000.00000019319,17284.618870355345,13042.933498068505,2966.5013392632873,3234.132169186627,180.97708114828157,215.64060134414717,880.0015373998111,47006.287817939796,3590.5450522761357,476.0908395812236,7.962405651651705e-06,0.0003781399393763087,0.0974930031024545
149,-652.4903664976694,825579.0197029909,711874.226826329,126036.34067695054,62376.078602090056,48000.00000016633,16596.49763595392,9896.792567328981,3000.8522939666946,3218.5755385603265,540.2772803217101,413.12987461135356,1123.1388354922967,49094.22536636156,3605.0984558156715,478.8292411308478,8.123290499476565e-06,0.00038195013115280616,0.08244636528771745
150,-708.0293542447499,854575.4854944613,647792.6154379795,119800.49351657569,59463.14870724938,48000.000000025044,16266.229426334268,18005.76243199513,2856.7500049929063,3172.780666670563,161.24537659868764,203.21317496129188,1022.3794713120295,52182.20933068284,3226.090330531074,470.1369136383142,8.355472652282573e-06,0.0004035368733556561,0.1007055728831198
151,-681.0572139203946,808546.6485344877,593186.4028554996,122124.90264504803,64900.67266108634,48000.000000231215,16685.09799346841,17006.1647441201,2639.247782525835,3053.6507635148287,294.8317334549626,562.1766844745682,1090.9999094424659,47289.942717482285,3748.135703065708,476.64532890496616,8.134471571277977e-06,0.00041075141426978075,0.07258416267211877
152,-794.7857548515824,808979.0313720254,668459.2832936615,120576.09518769373,63747.10190520824,48000.00000032501,17089.506288577817,12163.813576696915,2737.622127673646,3164.3555871598783,247.95538117158497,432.3516735586582,1041.0520305904993,50791.07118562021,3427.3542293729583,457.9053366623708,7.843512100362293e-06,0.0003931941666598441,0.08961926540493735
153,-669.0470893271732,868479.465006591,710564.9688836833,130222.84345964922,76199.41217631093,48000.00000003391,15856.969868896505,13773.193917154947,2886.3751461351862,3054.100242734274,599.0717892001705,1095.3084398228677,1709.1925050929924,56252.51808631459,3160.9971164281587,464.7720464715575,8.006255432810755e-06,0.00044203586874935345,0.09274810497525786
154,-592.8557385432897,823307.9976276406,783444.2125414026,120960.97012167433,61525.28721332456,48000.00000010221,16508.805963203038,4234.55103735414,2931.9990865644845,3269.029133907825,240.94226123396604,266.6649916295306,1018.6124019277153,50506.74976834088,3551.452731067961,455.71589294370364,8.211866738632722e-06,0.00040346412738525433,0.09138345326505905
155,-738.7330304052011,800094.0166690653,668604.12334866,122131.8655468467,61254.2239620832,48000.0000004749,16936.007584028517,10393.271928647637,2958.0402231955454,3277.940120303393,259.44339210027795,277.28506552467525,797.9122755281751,51261.69307770711,3331.7090932939445,463.2980206499286,7.300632555361534e-06,0.0003850715916141385,0.07287968170284156
156,-634.3032558634309,780941.4678236431,691624.4885816682,121964.73207960914,62450.61631012903,48000.00000001021,17487.49363741683,6883.7779418165765,2870.9590973485138,3355.2623795563695,297.235699037688,380.90247298761955,1087.4005726965877,58717.96351423777,2871.799008411463,429.02684280456987,7.312784997494759e-06,0.0004546765098063682,0.10823801882291878
157,-694.6246708945152,802022.2315295482,689704.7930852447,122870.05924789299,65467.909093119,48000.00000000083,16562.98250752752,9231.46911353221,3147.7887339384674,3172.0056296215753,313.0295406240021,630.4167361472188,1335.2528094722368,55660.41094670114,3058.3527538095136,439.7489528858034,7.760898621210482e-06,0.00043522134509419455,0.07825540855391475
158,-533.670357619481,808116.1172977351,711258.1965831036,121604.81993954688,65297.25225313003,48000.00000010895,16700.114909272605,7419.130251027562,3050.1167976324996,3255.4623925152796,248.1577042207812,588.1998830234164,964.6701370053842,55060.2419843839,3132.059817164523,433.447154309499,7.793972365067343e-06,0.0004137938398736382,0.09262540427403675
159,-633.0808046459083,822454.2742201793,679930.2956387778,121305.2101285955,61052.13842991959,48000.00000022082,16989.720833411382,12278.118114751374,2759.233936883972,3196.302296198287,225.30390843683372,326.31727311609745,1087.8992875751717,63751.895665656244,2972.116566003243,411.47377948452953,7.956687374630173e-06,0.00045406065787705155,0.09727581507224474
160,-744.67330038445,804756.2355208879,607959.4361595529,120455.29695991971,62372.362323830974,48000.00000018458,16549.17796073479,16724.53374307946,2644.4128654932642,3067.6153325239798,208.3524082122679,322.01550988213506,971.9132265062248,60210.69427385385,2927.6427810891037,420.8108427523974,7.792176604354317e-06,0.0004620577854474247,0.08418504472842558
161,-662.1302423605833,806462.9432312372,630040.1496744626,124809.08096052521,60337.84127921374,48000.00000000134,16985.58924299286,9498.058961973991,3061.6605521355764,3501.1869049451557,459.00726962135496,200.44715169186873,882.8056744142805,56441.006030548975,2958.303482615798,424.88642022321267,4.822085483312504e-06,0.00044530983406901976,0.08937991308001664
162,-800.038125050331,847994.4556700601,765399.7495107743,133908.04146798424,78532.85566531503,48000.00000002871,16087.274770702423,7694.595285087795,2817.7993393500537,3077.7158786304644,803.6311468635324,1295.8821946784635,2461.3804689016733,61188.290685121785,3246.2129368049864,424.4526336020042,8.092711442931532e-06,0.0004526531575361748,0.10260822206240601
163,-684.3324038092787,803662.4643226506,661857.8804033503,122771.80910273241,68621.02006084545,48000.000000425534,16583.259287859215,13414.2537586619,2641.2562366936136,3125.132275431998,355.4413769441974,524.9928423628793,1133.593929101169,43140.1943256215,4354.586996847198,497.40500046395084,7.7145990606526e-06,0.0002967741507714936,0.05558142642258926
164,-805.1180616510449,805932.5934975425,693061.4710704822,127467.95426152064,65587.3847762853,48000.00000023676,16968.96773616512,8200.540518930962,2947.4926496461435,3348.9727704106717,431.81205713920104,547.5316044324982,1071.451351387106,55409.94666671164,3024.4575234881067,439.960741077412,7.0314790320500415e-06,0.0004120127988948438,0.09408052741193015
165,-715.2244219586032,775220.783858885,588652.1720312015,122795.45157526391,61813.0601708277,48000.000000300024,17112.697256831867,10750.699727081499,2703.053130157868,3207.452202059599,368.0181800668781,334.3207788215402,1106.4633906386596,47811.52305689418,4435.415626305744,508.56944648568896,6.0295992743861364e-06,0.0003503806614925557,0.06527728144727155
166,-720.2553128001032,790713.1334211894,592878.1183404374,129904.96448005282,76114.92257625407,48000.00000014493,17529.333704330184,16334.714711125638,2511.8545970330442,2851.6141539065757,593.0015508513122,1352.3032395137075,1859.3228006998552,63424.265989625,2834.258943434979,394.7684984603815,8.527682508126441e-06,0.00047930225640017293,0.11090858790546959
167,-468.7259321002743,818942.8819593851,570460.5066863216,121364.775766114,66561.18987971249,48000.000000342145,16350.187475370543,15615.611677214032,2842.8295160768243,3058.4749012180373,250.1565777446571,666.1254713289109,1414.4740895845573,50470.03109744327,3662.084639191705,474.93742356671095,6.7471139844972e-06,0.00040064174120872095,0.06758109685520407
168,-599.4004097886512,810662.5778822068,661046.6138870635,124268.05709903713,61072.72211293743,48000.00000029559,16645.840857419385,9555.329438916975,2943.5235218977577,3296.630726511152,394.5207890682029,285.9185013646343,952.4139545793117,47297.4943976908,3956.15808791384,500.2656991810191,6.532560889130554e-06,0.00036403323501637446,0.08905648529528976
169,-732.7889362241633,847995.1269679574,640703.4463770618,123143.68425681086,64386.515675003706,48000.00000002786,16107.320383274231,19973.941725906137,2724.2474240557867,2986.575521616367,308.17113009769776,531.9878309680274,1332.7116961850827,46593.727678978576,3911.538266372365,506.8699734481974,8.637138410538118e-06,0.00039648005323115267,0.08603427513729886
170,-642.2472082576953,748560.1980263768,584136.2806999875,126131.83709713638,62953.43310334811,48000.00000000748,17627.05608742496,8297.1754212206,2838.9916202529694,3273.829651365079,458.2685242826767,420.169958755591,972.1509455793306,57203.97053130873,3127.8795407361504,400.31628943974846,4.833636238499021e-06,0.0004485560869094324,0.09004063639203368
171,-567.0814569450631,787224.9391271197,644118.9947452117,122226.17969192377,63761.784707149935,48000.00000030446,16777.8914250837,10467.423174023706,2935.0268773761504,3193.739664530277,356.24306254220267,575.2476842228734,1238.5527769451594,52560.58099112066,3715.438306505765,442.8349162556623,7.4318030312371e-06,0.00041129599062402075,0.0632691546198146
172,-631.0236043880238,819776.9537988763,653338.4101336175,118604.4743651408,60940.024104498334,48000.000000032975,16484.461372753176,13796.085851401653,2556.57258173002,3187.6756896203287,125.29132363367933,290.4635821793421,819.2279172573237,55986.632655232184,3075.1859351174094,428.46934923337295,7.874324567740763e-06,0.0004397153926043454,0.09985548082719278
173,-879.7848027891695,751686.6120349272,622716.4969867078,121853.66232125676,61016.296338746026,48000.000000000065,17800.36780220379,9591.040081751764,2894.6644169929878,3217.814243180753,260.9184605463839,263.26401837343786,781.4426393881793,54274.68203273268,3053.901223731007,457.3775855951765,6.8832772130846695e-06,0.0004015809264415171,0.07609895137825391
174,-577.2680255167729,804398.1418404015,613461.619420873,120152.34713504864,60415.22798353424,48000.00000006589,16508.7822849152,12612.934175691073,2796.9220819595084,3246.2815776520806,222.5075969947783,260.5688403778794,770.0291420311587,45022.644742742625,3775.0345028739825,472.3160593513288,6.49912055951453e-06,0.0003858161495586253,0.0941436318898154
175,-683.0386563359434,821821.3213292211,732176.7731057894,121176.8225471442,59110.79245531474,48000.00000001669,16342.940338238257,6674.441730083273,2993.0222286320836,3554.178569808738,245.73790193924927,154.43335419646667,684.7606285621611,48347.81331657492,3917.6738275528014,467.06482473362547,5.9806040331110525e-06,0.0003804741615327058,0.07313877115034947
176,-582.909796636275,780773.3984239257,624353.1425317384,121560.22172960888,63765.62022956884,48000.000000208536,17433.25294021035,9683.898415917263,2888.746165080744,3319.476002105772,269.7776083219575,342.76474769792384,1162.5775829924305,47717.75692255979,3475.9773917046414,481.8582322279544,6.221735711435269e-06,0.0003997527272702816,0.09612810929703555
177,-747.9893229905676,813093.0185234678,677659.5505527827,121527.85572197952,62199.28777416668,48000.00000029926,16206.75313790291,12606.791116086168,2771.5334770695817,3086.2414518932114,260.0747513659033,346.4521904084612,943.2898495337022,51434.603247671126,3403.395646445093,458.1022897749926,8.687376996760487e-06,0.00037731792979968853,0.07378424448023266
178,-752.337195865373,809599.0089101773,681614.0086491682,120823.70794624054,61247.85316886058,48000.0000003233,16595.805148989377,9991.777268928121,2929.5744878192263,3205.2921247906124,214.33710192061903,279.7009362038572,984.2993138241098,50247.45153775685,3773.241497911167,460.7829223287615,7.2104266499237945e-06,0.0004039652138454134,0.08649389244017015
179,-483.0615938126314,796763.954152571,727258.2877230847,120149.36857884222,60672.48230107973,48000.00000038665,17232.960292100568,7176.315786255616,2922.5326901373874,3147.675205854219,202.54652562886946,288.38057082573755,935.4148790465011,64503.93778374955,2806.2798918968306,384.2487297120342,8.926638135318027e-06,0.0004882787947304802,0.10048059618490839
180,-708.1898008748992,795454.8408117458,645149.3996782455,121192.0288898071,58043.707900391135,48000.000000443186,16694.447923272466,10223.008394682089,2955.7052903248614,3279.227368004417,280.2601149705969,128.90352407790544,710.36180844858,47194.44862922199,3539.389379312938,485.6323630635197,6.42918742760171e-06,0.00039151426188893884,0.09208497658234471
181,-689.5362332270862,842922.4555673413,692125.6267060642,119184.49148102321,61864.437014217125,48000.00000028911,16389.166185627455,12264.464800562982,2601.7207520999236,3252.6069664598544,144.62358552278698,353.25447095174115,954.8557906954696,53027.96937435088,3428.9472774051515,463.4992207157516,7.870106294001766e-06,0.0004427415308619102,0.0866214016921605
182,-676.9144539283508,764045.1610751925,666852.4885778137,121768.06877982304,59597.75437244311,48000.00000018057,17440.316328646473,8391.135208424808,2698.3560387007433,3287.1171861883918,279.8178638191074,187.70169905278655,763.4153084895102,45301.41702328309,3985.278837912393,470.8738710521921,7.148800820981631e-06,0.00037137021395461465,0.06480226649181182
183,-890.6299479822178,787217.6685415979,606214.4870900321,125725.31955924437,71303.48873004169,48000.000000000146,16759.672205539468,12932.185102884345,2696.003890163354,3076.3211734951965,490.72562394669177,959.6146243152924,1591.3199872776222,49136.03758426198,3482.443389010486,495.2471541260491,7.066761291392603e-06,0.0003656696167838474,0.07678736739465312
184,-761.853812368008,861233.812835418,636556.3379341391,130055.16071210825,75332.62339741009,48000.00000000893,16022.338108497506,19810.212333513693,2595.117128474982,3009.6509893932002,630.5428870892944,1164.7425658642962,1891.576925165979,51343.70536417351,4032.253999669176,497.4907315887837,8.265083883872734e-06,0.00036988263393068104,0.07642687085256798
185,-667.6184790677319,799032.8317324151,641094.068694177,122717.40817034563,62131.77363825983,48000.000000000065,16878.552148638304,10601.282855304245,2885.1392138260658,3266.624559925785,310.17469008742563,354.61839701947764,939.8215309723091,53233.9474566934,3369.2416044791084,458.63591006383507,6.9343538258568735e-06,0.0004009277640488508,0.10587007597967883
186,-668.2120743009112,850756.0556513082,741096.2092266151,119542.20890920432,59042.66324036325,48000.00000021161,15973.77535506202,10029.624230130803,2860.6854503452305,3295.2891687354013,169.7562227704855,189.66060070862665,844.0468398250982,44070.286173644934,4125.029859780815,540.4574142300578,7.78459851791573e-06,0.0003362802362540133,0.08238380003147379
187,-667.1918639072275,821831.40190929,659505.9514250341,121282.55436905134,59883.827414894964,48000.00000000399,16554.584674040736,13005.012841898691,2825.183695495192,3209.2495658081584,229.3907480056766,199.23175418880842,961.8700869811338,51516.8615565342,3267.8542608186012,455.700516447179,8.019174461121333e-06,0.0004277658700469991,0.09803531355893899
188,-609.9977895253376,810895.5286004997,670028.6729031173,125042.67632384959,64644.33788058686,48000.000000000146,16930.248847175524,9135.118535273445,2823.0191816152137,3345.034361459189,449.5518584416971,439.0819055247473,1083.3874222132179,53514.246722766475,3191.2274115288774,447.7891150656988,6.226784128927684e-06,0.0003961437177736799,0.08576833926194674
189,-548.71548297753,812697.7105368745,726042.7766548191,128745.71836483141,70261.04221821367,48000.00000016837,16766.376029026684,7866.230385561508,2936.7690310237103,3182.9209628362432,522.5501989580688,656.7224487867179,1657.6239723810343,50948.68257126448,3852.313567441331,470.39148329568616,7.559762607008422e-06,0.00038801896639827636,0.07058795242217769
190,-785.3512891744101,829948.9176817856,665856.4541263161,119979.12700085685,60583.97894391713,48000.0000000479,16350.974135703711,10811.555335836034,2994.1024898112746,3314.551791846895,191.82415947836785,278.19854629533506,873.937934839022,57751.08041955255,3152.8029866403576,415.5674779341924,6.816826927367111e-06,0.0004261580245597519,0.09636504485625949
191,-604.3909491522054,812055.6288325506,653062.3234955549,120212.12486784517,59581.74207401695,48000.000000000065,16725.58627114757,13359.624058563908,2932.2228134540737,3172.3888939169387,217.9383821411798,234.29122776544642,849.6612821473941,52144.17929904694,3406.49148673938,472.3033310838195,8.112937984945284e-06,0.0004063109278220096,0.0838054464372405
192,-761.9084270513627,804976.9552763761,725325.6570371396,118489.27419496661,62077.2300061814,48000.000000074244,16992.4808631016,9927.998622836754,2674.660770692223,3187.050114144829,135.70857845448117,486.21247598033096,908.0312300832014,50189.76296348875,3491.3873861330776,477.2853877455755,9.290118208257758e-06,0.00041517557413573683,0.08465652537131599
193,-684.2039889365077,815583.4151025512,606302.5917467097,118945.15172439195,67141.5249159653,48000.00000016744,16730.056772216318,12379.132217051323,2856.7884322578548,3215.3522341492067,136.49798306519105,724.0033886975406,1424.2331199977878,50200.61551638107,3648.0090268827935,456.02258787818926,6.322363736333428e-06,0.0004241781445841606,0.0978425171146438
194,-778.6128172036215,827759.4205495862,680155.9162787114,122890.3247948516,61947.7133635123,48000.00000014544,16103.447093229997,10908.425715377778,2856.1289812207388,3326.6784303355466,351.1547159639859,364.4516710469957,1020.2947156567956,48395.1223205519,3741.5087351993643,470.50372730668875,6.534922238247649e-06,0.00036564849138344304,0.08031391447059025
195,-685.1916757320034,768639.8213460429,616387.3833099734,121693.81204535668,60095.78159649718,48000.000000083535,17113.237933330638,10963.355312624146,2539.297112742367,3167.0909131240114,252.4346429502439,194.12370674001863,740.5908232859089,54161.75050285135,3454.6280792938574,444.3097143157453,6.411953713471989e-06,0.0004316469203557324,0.07576275878148205
196,-796.3608564808028,867494.144521959,665893.738719951,123103.87084746716,61489.55475140822,48000.00000027888,16412.29036669151,15764.415268952276,2687.811778249388,3190.69187534318,354.9380847745372,359.0410118475942,1118.6922473324096,54955.27160057367,3300.7717317227657,450.1639934708395,8.285289093551674e-06,0.00043721559378297577,0.10302224974472025
197,-586.739866235064,810362.8432067955,640689.4803186967,123483.15920723518,68397.29726716704,48000.00000016548,16734.606398037064,11398.86992359954,2812.367841305084,3162.828652903197,356.80324814630546,660.2322778492678,1472.821782218549,56463.36191019647,2967.608970694591,449.2220386274878,7.262750559594293e-06,0.0004525708904146649,0.11183465905091879
198,-575.1481968828314,852702.499828302,709820.8004999273,123687.00719386726,61616.872005791694,48000.00000000049,15914.68956290624,10966.700947864969,2859.1043025247027,3344.440418316082,448.3093990392727,287.4438153544685,947.45311758893,53297.06042252382,3494.063230692415,453.48949811952264,6.902339729039242e-06,0.0003953217744145274,0.09553239964141781
199,-663.2938997909937,853806.7095404747,681246.5977308279,124480.85633627481,66897.05606613454,48000.00000002649,16372.187442030134,13622.94478907053,2732.498757001706,3164.4874327832736,430.294005803621,797.5882727065365,1448.413911840034,57022.99613194376,3241.6447821132124,422.6701629799604,8.338976286546408e-06,0.0004549030443103416,0.11499208784546705
200,-583.0236508789552,830199.4507590387,671743.0633393511,128581.83339084136,64602.78616103422,48000.00000000833,16389.557094687858,11459.402098186461,2981.980894205155,3296.8863275056415,619.2851347027384,611.8643575875251,1329.759030075897,46696.375822711474,3942.5502340949374,493.87845468492446,6.419616118269652e-06,0.00034026677595801717,0.06826449252227211
201,-738.9030161018225,761256.1778924259,633952.6110563156,124672.29210945976,62004.84992229855,48000.000000000146,17543.957125022982,7384.290368189403,2900.985718638638,3396.271097503524,419.97383427049425,355.3532318795032,1038.8477201626824,50931.769161310214,3329.4831554514744,474.21425632983636,5.2523469303458345e-06,0.0004000665912366779,0.06754051303649386
202,-652.5837661854266,807334.4589073635,662508.2167055844,122581.14086352446,67005.28157738839,48000.00000017264,16852.90935973697,16077.050190820675,2756.4938629085677,2947.4192003241005,301.2997833600761,679.9111279028206,1346.7858759086073,54143.75916936972,3224.611652402401,447.22326585658743,9.493191373363332e-06,0.00042019814249296387,0.09245475638264977
203,-546.8501938219531,821175.4783369766,610254.6035970118,121792.70454003602,61430.44902164459,48000.00000042358,16522.635841851865,16659.317924077932,2580.7266902495485,3114.310280493741,289.24400986129945,319.2626576327374,818.3207898651958,48376.99133728905,3565.599546644141,507.2598506749481,7.998689332507095e-06,0.0003940102382016226,0.07938713907200308
204,-534.183865309993,736796.3451652254,685090.612968261,121749.39137551785,61155.92283498489,48000.000000000065,17860.28440284113,4612.430159217175,2893.14921612944,3214.1258745393425,278.669727796305,322.2669379328771,843.3051916372652,47057.00233774202,3366.2503011777285,461.20590827182616,8.080854454781598e-06,0.0004121756583129928,0.0869524665134028
205,-608.5689330216791,803978.6462548382,653345.2315411521,118304.73830731465,62029.68252210733,48000.000000395696,16830.219261285845,16599.875675802006,2653.4293591926757,3048.011556013862,102.52924763756396,296.56802268002554,865.0632296013953,58399.2302660429,2914.8926358824915,430.76170868113513,9.027554683048907e-06,0.0004320140844186319,0.096775820579663
206,-568.5974111156413,823500.7904235976,678291.8672215602,126452.49541467775,65839.65713570785,48000.000000174856,16638.520448398005,11541.37758873075,2748.151522849047,3140.1705913036453,490.5697820163801,560.8910925062694,1274.6076179594468,49269.80483490105,3563.0416566951394,482.4389093950121,7.978469758605086e-06,0.00039317304315080934,0.10217977194966615
207,-749.0347019170838,846096.2359574793,661601.9457623609,124845.92590345447,64184.88082658921,48000.00000003707,16170.902230257385,15331.032260341255,2689.0789214869496,3110.7035641458106,415.09791529498636,392.35502887706866,1334.6136496070542,50189.35212082424,3562.620348142874,447.33384304676923,7.67871407663948e-06,0.00040237940828136327,0.10061177879839814
208,-619.0525809127178,825452.5377532077,724462.4179948377,122628.63933386467,62771.872361690715,48000.000000118496,16370.397650136938,14930.77040087194,2774.3362225808155,3109.3579217609226,333.9081421827278,414.2575303611627,1138.658036262466,49254.55458101574,3843.9205291598773,507.3086937576985,9.678055739679151e-06,0.0003861688320106398,0.09004771832012598
209,-623.8718668113677,790690.9831620316,592009.9295594938,122136.92855838353,61007.9067815093,48000.000000068874,17289.191425629095,13058.353859658322,2783.6344329011745,3170.096679913372,246.82742643541295,249.1374320455641,980.0110394055928,56057.7639451466,2844.294032361159,438.3327588357864,6.680461736451227e-06,0.00043775677130274354,0.10240994877871702
210,-741.1254379481984,796124.7841955277,615988.0454737877,120624.93105061793,59228.22260657398,48000.000000333705,16988.965629461673,11849.496857701053,2806.1346933214277,3147.333410019776,217.20426671115968,253.300881698368,956.7253090256037,46665.56038592866,3753.133674712942,473.7807005114362,6.886140725610382e-06,0.0003920997032689201,0.08926967422639115
211,-763.5412950300995,822695.0524072,766056.612321009,120393.80286159164,61732.87025086793,48000.00000005975,16739.040106317178,7651.599216478985,2890.517549533941,3269.7164553277157,249.81761693049316,302.19986592921094,1081.0527134639883,54265.51193044835,2985.9659089643537,449.9112696948711,8.612623668921018e-06,0.00040295036546713985,0.09683330918543519
212,-568.1353231806015,826387.7341040556,696491.614321796,124310.57249622901,69106.18082248607,48000.00000031222,16711.382843629868,11603.949867779724,2729.3395555268785,3274.1176428506515,375.4441970803229,607.5630919709992,1621.63443540089,49680.32781999114,3613.6741607706426,474.9674206906748,7.634818188596945e-06,0.00039831151872580964,0.09036364611757082
213,-743.2631116344617,885759.140773465,656970.5337659575,121047.28226094166,60297.092290983535,48000.00000008917,15414.89961654452,17878.000617556634,2743.5529095651264,3183.3391238563718,247.05461531830883,201.91375853817172,828.4164974823937,49102.08130825609,3878.54288630066,499.69258433413904,7.644895911923303e-06,0.00035474921465242215,0.07429349060717222
214,-603.774191681199,832310.6752377929,606274.808774579,119702.76046464981,63606.86699906606,48000.00000016309,16567.42388534291,16653.892748804086,2833.7423798233435,3070.343469059384,160.10360333658363,459.37765196759017,1061.286561190051,54428.96140760515,3192.2610918510804,438.07048654237184,8.215198785033183e-06,0.00045730694026655834,0.10221310404555023
215,-670.3141681182805,835480.8441489188,717317.609989022,119471.79774515115,59530.28077940075,48000.0000001289,16663.23631235627,19851.842409755027,2461.0631550385588,3030.406755647071,151.62307118294353,211.29551217300477,1194.5408268783237,56368.71247290601,3319.876138970435,471.15368300244813,1.0381346345713293e-05,0.0004225488585547811,0.08780422862217578
216,-750.3916367062923,811023.4582302861,620802.1352813223,122854.59282603097,62869.11289121493,48000.00000001558,16496.438850955827,12720.054714641994,2869.9253627338026,3334.622098857284,325.73813037418483,332.8304987308002,1012.7662576743991,44907.001876861344,4217.022800420159,524.0134149517017,6.179182083807517e-06,0.00034546269889089524,0.06528839783227276
217,-629.8118532033345,820419.7028288844,620158.35571534,120632.8955074933,63545.687953244036,48000.000000000065,16576.833930358855,11261.477760168771,2886.379955474659,3436.334573128283,231.13376151707436,372.30061165834735,1229.771925591625,46970.646676092074,3863.7680159602073,449.403627312333,4.964172149900091e-06,0.00037533618962229317,0.08859864581458148
218,-567.7003030132875,817218.5437367703,673775.5917782517,121881.22491096571,60212.638317920384,48000.0000003002,16522.297798920088,9964.295019638595,3054.811692528259,3356.0947338393557,303.4219500245574,270.9259351703331,816.0013497702251,46112.85429554063,4189.852640973359,501.30814510628863,6.797301832174946e-06,0.00036182993811203476,0.0756907372338723
219,-719.2578613913291,799530.4829386208,666298.3293477284,127165.60887171973,65656.12647534072,48000.0000001138,16685.6725947726,11597.464391216074,2636.7659901747957,3112.114891855456,443.885659153775,592.4878436394378,1138.5649500538582,60413.40323505154,3049.308154752251,397.81000904049523,8.228155204306368e-06,0.0004404564331725157,0.08241044948687497
220,-861.5557695631052,773474.1152716578,689326.4498573747,130690.71563665963,74548.61192802715,48000.00000000475,17541.60832847665,6054.16252733938,3070.6627965884295,3266.2260136694485,598.473596872883,998.3947314728283,1609.5351638510676,49021.93032947489,3356.1838997216914,449.3892896899868,6.908783866502149e-06,0.0004120866671128046,0.08003807908679007
221,-833.511222933519,822835.72737176,561177.6137077467,119043.48340486268,62536.40584188106,48000.00000026327,16615.308380801744,14982.759251563639,2808.625000473578,3240.986287467631,150.317386264648,375.3241846994672,943.4542963342586,53271.172469916666,3082.717880539926,469.0524753173061,5.826630241923048e-06,0.00042033243182399923,0.09984184115736347
222,-744.4838802027365,835315.4859193555,700691.1997510494,124432.61468689522,63349.99313451177,48000.00000009275,16358.976824099278,13227.065008315954,2920.4270940704578,3232.857706257489,385.9463567438068,393.3809280132932,1001.9300572219502,50641.0426826115,3652.6302172337137,478.67564324310604,8.297066399736296e-06,0.0003689397811165251,0.08008680984759421
223,-649.1690394823345,842226.5579925363,695249.3679809875,123048.98148388219,68359.23448321485,48000.00000000032,15867.05083311249,14625.58846796966,2658.747152869005,3164.426863778121,304.9015292518586,659.309056102432,1260.1535146468416,51307.861694292405,3486.677596983867,446.50291233564315,8.693713702150254e-06,0.0003817364716835699,0.08993811962801217
224,-844.3265406104533,835331.7923420657,712638.0925658646,121376.65303723402,58052.37724097032,48000.00000036926,16681.6058658752,11849.60585623163,2743.1869263271083,3201.2837373203342,239.34891243558786,132.03113647357816,974.4493525286122,58751.89085424183,2900.0929019859236,415.5829123382802,8.811980376662985e-06,0.0004540545863177213,0.09913849031775476
225,-599.9104623239143,802457.9259044523,671030.4452971495,127799.60294904948,69433.88944607801,48000.00000008797,16928.151264139342,12296.400386034136,2816.025910208588,3096.6465777778417,535.4036616420898,698.8506834926523,1785.886869024915,41190.23828654606,5120.636022869062,556.4926500895833,8.757591697036098e-06,0.00032063228628339147,0.07555132776370203
226,-571.6375971235007,824282.9712846171,662348.0237563851,123397.09656570763,64075.45751628978,48000.00000035255,16619.051109864096,14544.987159570106,2789.129336405988,3071.510300152858,330.44618901423837,484.4700953240573,1264.0579033700687,51194.31363972071,3420.2851573993403,462.4803587890389,8.503235110288417e-06,0.00041829179451250705,0.09708443253542291
227,-615.6113965346406,815630.3612715243,641146.6073604546,122414.85429208717,65665.73761719752,48000.00000003135,16373.649758734307,11343.092529264293,2855.332815679045,3249.987820226809,324.3735468235284,574.3873354637525,1222.68529251503,47672.41322638554,3834.6055532771898,484.810687910429,6.360944573965188e-06,0.0003997448636682109,0.08141827290830232
228,-620.5144720274958,806464.0063845859,655187.4092280146,123014.2674272291,60996.321499806276,48000.00000000041,16849.4207906127,10339.652565491486,3058.3207558087247,3295.8742906414,345.9083240185954,260.52208563895493,975.0927730308352,55288.28366300895,3360.8701615210075,416.03241996496047,6.709407274254916e-06,0.0004293820728441606,0.09221377475409243
229,-474.83280397883124,809707.8079777395,646961.3767111636,127594.59215795883,64883.15048793809,48000.00000002138,16720.965668492638,10731.855350366894,3013.5159489390244,3266.5000117148043,571.3558731071148,423.626254137182,1234.462800859218,54434.77851936259,3217.478120549687,431.11976853508213,6.108167089528345e-06,0.00043521484338440936,0.09758296621471807
230,-609.078124033669,831438.9150090005,682990.2469331258,125377.90666993926,65787.38215395484,48000.000000129156,16315.780622966122,12278.552576749864,2703.8321965590367,3152.887278131583,418.39643405234517,560.2817599802448,1283.2005075741745,44703.219476897604,4459.12612295242,531.4551701552765,7.493289519706633e-06,0.0003318186923938367,0.07521158172272764
231,-575.7276310298437,781382.6884406146,569802.2928750921,119616.42054797517,62615.05360722057,48000.000000001004,16878.235704239443,12617.746938311322,2879.2982709424455,3223.107689290568,191.4457922224514,400.4343922543287,1012.6361610946699,44890.11090238274,3959.1023924482643,498.82288890050586,5.20932411419999e-06,0.00035811527960320533,0.0739279848398296
232,-644.2260404536764,790099.1775340264,618014.2069384984,119563.444314666,63758.60052797769,48000.000000038344,17012.023153423568,14074.159654740963,2888.7053691340284,3075.031554697507,216.69863002220177,406.9033199531818,1016.5816059338055,50399.77391520334,3390.1264353150164,450.39639667456186,8.541567250003395e-06,0.00038148754597038675,0.09369174853560056
233,-614.6041044517212,803082.6389165912,675858.7079802563,123171.92987282477,60244.7920867642,48000.000000222266,16897.546716348763,8413.68528715331,3035.3092285476337,3370.1922504814283,338.6148463542802,247.97799400316626,965.903631448958,50417.2534535405,3396.4879502183,478.0927100223253,6.7424132921484836e-06,0.0004073579794845134,0.09554634423861386
234,-636.1947434412066,752171.4239212368,718680.4342844174,120414.00348920315,61328.102772126156,48000.000000084394,17343.908691345427,3558.0957887131344,2845.159821176348,3191.2759117191113,272.41769572936414,345.7807692064342,859.7836771978781,40944.463539241864,4030.259051963909,511.3922049550123,8.179578035791848e-06,0.00031849465863767094,0.07833580198551153
235,-778.094977936019,827771.3705041233,672319.4990880676,119869.63005096496,62711.168444185685,48000.000000000065,16656.17587983087,16337.224529673756,2923.8945710067164,2986.1603657072997,235.9519499962982,416.4710121900298,1464.9461376679362,54543.25194015141,3147.488677175198,444.1860972424844,9.842807688024806e-06,0.00046571852979199034,0.1033339324390875
236,-850.9622238192235,755528.8287479995,647510.5159160247,123934.24132715595,60882.57629997266,48000.00000022294,17587.484946867262,8826.570280284186,2942.672795682787,3179.2529844599994,424.7290012018157,322.42600327426555,808.6874259247309,42621.7944375354,4133.951045286561,502.29006113877716,7.826923769869233e-06,0.00034670152444577217,0.06545455060477665
237,-696.9492326243135,830257.9109635476,650015.9983486508,123984.2198591121,67118.45753603257,48000.0000000496,16714.87317330427,15725.302558813488,2697.1603838351025,3040.4149808496854,383.71443927210805,629.6095109612337,1539.0322057201504,56413.941087926,3286.8147147422915,449.86151051978794,8.05330919306197e-06,0.0004226298369609195,0.08790125644633194
238,-680.0751582946536,842026.1717617576,702688.4256072758,121063.7261348993,60202.46752942651,48000.00000003485,15858.36859106189,12484.191284366058,2738.4512787532985,3226.931974105441,222.71517962384365,221.4248652699323,761.7018383875762,49404.90261653248,3855.7732619828134,486.7723582600571,7.150261255664233e-06,0.0003522610216643793,0.06290917318282267
239,-687.838814866534,795424.5152496338,657188.4507113509,120806.73988882518,60068.173121786465,48000.00000030054,17305.51810345605,12970.295671395863,2676.6946259045994,3089.304676304207,187.08583671954432,201.50797489980636,993.0876785038865,48801.74492008236,3240.8776604736568,484.4514903951739,8.986065081112969e-06,0.0004050647907966008,0.10497447961705873
240,-706.6985312304279,895455.0021766347,636560.4880060575,120875.70066614047,59121.243839680355,48000.00000015746,15617.018672310827,18503.731992147135,2766.5414202259694,3200.3235440121302,287.7028361238784,187.99956334866803,821.5906693447863,49853.463608314094,3565.4498479582307,489.0744296420835,7.946101140722076e-06,0.0004207987248955736,0.10953102540687211
241,-722.7979938048973,815539.8169011835,679571.0629289709,118359.82732342121,61585.19204597567,48000.000000222266,16598.34032026576,11035.209957465466,2891.2448728243567,3242.978148148192,136.88903414306188,319.18749617846356,919.0539223045954,55706.50573258125,3331.3569334933163,463.26565042156335,7.643388387789958e-06,0.0003980995503319212,0.07447155173055735
242,-561.6393051903628,781346.3036395825,685142.8755403738,123737.53435099544,64876.91210181753,48000.00000032006,17317.8305898812,7841.707563456915,2981.8376057519954,3249.54840872216,398.07074473905857,626.5051171472924,1075.2602397662763,45454.13657959961,4205.2995929468225,501.4250836446189,7.40229347611777e-06,0.0003676260545685605,0.06817712758767834
243,-625.8305096077669,834945.9659427176,598113.440486994,119876.35484796912,61863.55200350683,48000.000000000065,16405.801730800264,14691.793070569644,2899.663160091636,3198.975407472188,205.12017882129842,346.1812433167069,832.6828481660781,58290.73710870823,3030.5922708485364,428.36329028748963,6.703706480995961e-06,0.000436028380663367,0.09794189936119974
244,-520.9710321336502,808012.480304383,714613.9653534876,124550.47143206818,66518.48973490807,48000.00000025245,16806.811476143535,8507.346558690018,2848.5593805455937,3161.6764855424376,413.1322810200038,570.031558369265,1503.0780345520998,47786.589131095236,3607.0725029728674,458.0100466535948,7.463351317858346e-06,0.00041603315492071087,0.08708258904936794
245,-593.9937244394654,836783.714033001,669227.1578587668,118328.16387248691,60184.556684753254,48000.000000005435,15928.088237016493,12867.119644320384,2763.0278697355434,3271.757819393315,122.4956589269331,242.68451363572046,945.4741845309969,52898.974365188864,3298.303858085233,459.6662538802231,7.326306708318714e-06,0.0004202506705977825,0.09088567259277015
246,-456.4278622630221,837291.8632116761,683431.3204592754,122280.80754526673,60891.533366057265,48000.00000050253,16532.907266064598,17104.155062350208,2689.33895619007,3088.8409213086666,266.55286476942155,295.1637616835523,1085.9794606985936,42740.61739663525,4023.7759178312444,560.6368185209977,9.024703083544025e-06,0.00035240347803182907,0.09361027638680923
247,-499.3819923577646,821231.7053284455,691837.8324495264,124100.16988067428,62391.294561168506,48000.000000291075,16129.028871843422,9087.343198539724,2883.0034732969584,3210.5584298419126,376.88883914126376,333.9127627160273,938.9595540954274,50327.58702701109,3724.7872974890397,468.3035381120004,6.825870239265e-06,0.00038806793174605495,0.07317702247249552
248,-649.0282234472181,806418.4247950326,680786.6292997929,127011.26969771294,64973.784273434896,48000.00000000049,16506.429946866636,12597.983769496179,2734.6892509803583,3066.2477874676756,476.1869804261988,437.05713520928265,1277.4836816103848,47747.063037348766,3907.4828346495933,488.4395900902568,8.238147367640131e-06,0.00037504020010729547,0.07017874692827429
249,-718.1313898017686,813710.3353106277,782385.3266189938,127551.91734086258,61338.77231089814,48000.000000149616,16498.849408329996,3466.120349415565,2884.2955525805637,3311.333601333054,537.0478546566133,286.37674565707056,1030.210260125614,50231.667480323886,3573.905468528873,489.37088904110567,7.789866163099335e-06,0.00036730039747445795,0.0714490054418498
250,-697.5685805751475,817272.8917141062,636801.9980099152,122946.91653857709,60113.22395278941,48000.0000000438,16749.39943828666,14352.3168565707,3019.365003100973,3218.4102234840866,306.44320663052076,240.94101039527158,886.9388119472139,49611.77447792108,3088.788370738851,469.2383774889321,7.602162755411715e-06,0.00039675617629909133,0.09511234290756292
251,-771.941550354405,839652.0267933459,711040.7439178587,126577.2977262775,71329.81144299007,48000.000000284934,16303.465376273136,10923.07148042566,2815.43786108174,3210.570886324763,480.7414087644969,835.1278811864271,1781.8538966541068,49044.48985347696,3671.491689915357,495.61857303366844,7.510391851145091e-06,0.00037188536183345195,0.08233111266049248
252,-661.6771233116892,800960.4741386473,733431.8842414897,119388.18867847865,64622.14936796196,48000.00000041411,16770.118683383524,7656.73692092284,2579.2392384435393,3250.5807189646607,188.39060735866622,514.7507720237605,1217.2151633245294,51031.71528574553,3289.5163554483224,455.3396843585459,8.554357141488124e-06,0.00041163457870220396,0.08517308078682344
253,-616.2821077591291,783547.1213196667,631490.5153938822,123494.62216960502,67177.07534217388,48000.0000001966,17245.832511985333,10920.05267459606,2791.7368536428044,3232.6826572551568,357.49348464710783,511.4215401728515,1335.2320107783758,48806.74875904879,3770.6599116267203,450.3003328112736,7.402079250356503e-06,0.000368651676867458,0.08186801502569467
254,-592.6504599995017,809282.3090022819,695507.981640659,120078.21118396525,63325.85255482006,48000.00000031256,16917.623199065023,9792.674888532314,2936.8226777770833,3208.7354811255273,200.3597753272487,509.0617480057939,1166.9059689831124,53817.680811613245,3073.2951339891843,449.2895975604397,8.153855873132006e-06,0.00044233960885347543,0.09734778698331566
255,-589.6293429548698,853243.8023845897,708002.5300709258,119037.16976844259,59401.52917236801,48000.00000044685,16107.127403377523,12601.917902428939,2838.1902616302937,3318.264628015188,141.71366186473838,177.6938467996706,888.7065462911343,63994.39519930325,2832.5174709815747,398.0315480361315,8.236951043348497e-06,0.0005007599980254217,0.12132653504609005
256,-768.8963107789875,834942.8577794458,662164.0589217355,124198.6105002286,65165.26382350165,48000.000000324755,16396.346344387697,13732.552376451355,2849.5690924818987,3111.264005784518,372.0679752935528,585.7606849695251,1124.1178408590242,55552.63314795699,3264.3606164583744,451.0222018718332,7.956063678714198e-06,0.00042619401273458164,0.07493549426503632
257,-667.8676281824805,826264.734440746,653288.3902735598,122367.23752092631,62182.80773084916,48000.000000182874,16314.409769437003,11621.634598393162,2841.2294082585945,3289.780691670956,281.87492123799757,358.3220989178014,1004.4417369979305,45068.98708699515,4230.248562287443,501.838195419551,6.355714007370861e-06,0.0003691612679564161,0.08241895245249485
258,-739.2945470219305,827002.2623738035,667778.132509757,121708.00715637713,61125.907767849276,48000.000000003645,16717.9697006738,11672.965765962113,2860.5455244383315,3316.7678639031055,227.1572673765185,243.96844936696826,980.9837745163213,62009.85646917748,2825.051467554656,399.65187803073536,6.816214251780883e-06,0.0004714209133438948,0.09506235803463474
259,-717.0533755470249,803906.3154906762,782508.5088903335,119531.54513877672,62426.44252153114,48000.000000082,16525.564177916163,2529.096743613161,2875.6279048307642,3265.440424073418,196.25159690198564,451.0407224692614,998.0631328272353,49589.15793352622,3510.0421282269695,471.9526391954654,8.133057927608433e-06,0.00038674106742273814,0.07555131675344792
260,-614.8975377428151,794342.3755331428,677781.5135822893,120819.54579808764,60655.81309719386,48000.000000000146,16883.06671955744,10981.254338100438,2721.00884139451,3238.7376460336313,214.25101737427522,255.78071344565825,856.5113789854137,41452.3041635607,4442.80998848826,537.3757825430413,8.101521598054613e-06,0.00033029278096638584,0.07029317295119343
261,-590.3708335920055,806063.3432185317,676238.579402195,123864.93601392562,61772.90613791519,48000.00000008874,16700.571112599486,13139.578594159064,2602.2731411682694,3049.369307969037,329.4369905559744,290.7821310433927,1049.9300646171573,50054.46471628242,3583.99583861101,471.34418866845516,8.668602548148924e-06,0.0003976503835733525,0.09000051898928882
262,-584.588702700095,817487.9293996189,649455.6344207439,118486.7732597649,57753.39774207647,48000.000000000065,16675.315755691354,11168.341036781783,2907.3621539976957,3354.2700230190567,127.02922278174141,112.97517319657211,736.8993738276038,52438.84585050648,3509.9757424078903,482.6071640497402,6.175071295921481e-06,0.0003711687122179063,0.07069743960034673
263,-664.8990504303308,798319.4239209226,672974.6403377187,125409.95449167422,65366.32016201119,48000.000000213564,16851.581040486584,13519.322286868195,2557.8722589589406,3035.283581856528,325.1291820265542,548.967714561162,1352.2146743285343,50162.211270061285,3603.8857564637324,464.9968583604435,9.312274036192526e-06,0.00041217638011467156,0.09420364137814828
264,-872.902554591645,820805.5474214936,671880.4860705081,127732.09003112445,70641.75021061597,48000.000000262,16494.250160186722,15501.616392865577,2717.5174237308447,2975.6712572670694,412.8651888215859,815.8714895486524,1411.7806308164943,61189.27482621168,3007.0293458034457,426.6586932859799,8.868398100923577e-06,0.000443964950817937,0.08580464834971813
265,-855.0475937845965,885363.7712742647,702130.1503257707,135912.41163899083,80213.56285536176,48000.000000000065,15633.498495576056,15174.467049416398,2825.5367430972474,3103.757743558801,806.7816190574877,1137.3764111399782,2356.8222972369686,54987.1286301662,3433.376089790256,466.1719372420563,8.05789398701163e-06,0.0003981478910723059,0.0869837287036608
266,-589.4882831123189,790310.6572287118,761144.4390668714,123940.37773942512,61297.31621185787,48000.000000000065,17452.620685859565,2520.69009406873,2918.0537721218348,3321.1324128086094,371.7247073938646,277.04932634215226,1160.798783230821,49520.05423025443,3403.753929430602,459.1650076565553,7.5185445648289475e-06,0.0003986703300180701,0.09079570535596061
267,-688.8840105192102,809879.3123826461,787334.0406231966,126007.68504906494,59612.765270941214,48000.000000000065,16749.221043138426,1968.2121961045555,2814.866552210156,3320.6163978530003,429.9547648829345,272.0841590206347,994.0543723934595,54187.76345399568,2913.0268401987914,445.1471019694234,7.747096337116418e-06,0.0004608035935122136,0.0986868586295611
268,-706.6640334203786,823248.6925216727,635913.3636039383,126161.735949768,65837.23673285962,48000.000000000146,16220.160344491593,14714.114719813524,2778.730177017136,3136.100501534485,460.0741635477768,506.35772560292617,1639.8750229789493,55402.90691964199,2812.8527289851995,445.7892006652426,7.778779997947798e-06,0.0004297647084672994,0.09662104369095116
269,-823.8918177861326,754232.9032379404,657855.5751400769,126503.97750312818,64450.14172334934,48000.000000483175,17772.82807332395,7056.987697930375,2575.7190935446433,3229.217410017106,435.17057643991654,613.5586408941809,1034.5742111907782,47683.86062480023,3386.4265582222774,457.31527038730036,6.911192881269983e-06,0.00042563947950763554,0.08437557771348582
270,-814.5440214174977,791057.1875909863,662017.9302317384,124084.38221717857,62878.7770346949,48000.00000038367,17304.571422152734,10655.137856793493,2765.8427877431564,3149.6299879326466,377.1706050631355,355.7238762161234,990.1414323148485,53782.629986109045,3166.5993624927364,445.9323468867386,7.66402228386612e-06,0.0004357329309856746,0.07888566007450695
271,-737.2652612504344,761426.7156779128,590867.4627145769,122998.59037581165,70526.33031691774,48000.00000007092,17527.59070859554,13504.705615684068,2713.5148556509002,2902.5281550867803,331.40926521490206,953.9549568858934,1453.6259382672777,50529.60382994357,3421.486272240422,445.29126731021415,8.642569553709948e-06,0.00041793568503627855,0.09076187487360934
272,-673.3962531625357,849970.1286557488,818301.3684360897,120796.13228324063,64648.21762990877,48000.00000037975,15901.316965055135,3435.766844606226,2856.234457195771,3261.9412996723327,199.44223215277802,477.4914327488625,1153.538083231317,56363.26586538592,3120.234391022844,449.60659450766957,8.215294761388527e-06,0.0004143966017487854,0.08681468236942896
273,-604.6975114858419,815076.215031304,711543.1073142686,122752.90670306308,61016.353899643975,48000.0000001954,16363.42400522111,9329.868981725645,2948.0358896056086,3220.4286248295866,328.06524662561594,264.0191870826568,869.297238032989,56150.20314418326,3459.6023900054292,452.0305390151106,7.729782463589048e-06,0.00042308998098130674,0.08717280432909234
274,-595.6802157098471,793847.4662380002,636341.6033612185,121732.70693308406,62226.48341874052,48000.000000028456,16681.60503287212,14497.562038011518,2883.5031099307007,3067.682383641216,272.0385658895874,316.68895435458955,1068.7963200290737,44201.3498787594,3990.578515331844,472.82898932242716,9.102164553783076e-06,0.0003655222417305437,0.07611882029044828
275,-744.5017311684925,753874.1776660257,656411.8214479202,124176.89602867067,61876.331482650494,48000.00000017895,17358.13828826928,7729.29523028681,2888.7584680522896,3256.7621434978055,413.39209165422676,346.5254453222274,835.8049044585748,53983.577717190936,3302.21107216345,449.0787133722636,7.203536585000615e-06,0.0004377021285642278,0.06868271704975241
276,-524.8407258764546,830412.1948603224,691524.1043423488,122642.76631602694,59003.54361229152,48000.00000001626,16304.413780168607,14596.151560703876,2802.6816108706935,3101.887180061642,308.2788701817072,154.3212133876433,797.2484663446677,49797.46045706814,4075.18003351357,497.96628550729844,8.320475047110235e-06,0.00037170215968745175,0.06762754704195165
277,-704.5431532022951,829743.5575615193,655968.2799355704,120010.62185743217,59304.73692017479,48000.00000010494,16489.46097296414,12762.683505640362,2904.747715623261,3317.397902257527,167.49980726509088,168.31855121411954,828.3211390237266,52993.79450711343,3379.0510137893298,465.55449471670863,7.224533519974618e-06,0.00040963627736875834,0.07658402382299598
278,-811.3832257552682,786416.3669637514,682792.5854340749,133374.01110395082,75083.76471655074,48000.00000000629,17124.977715273162,7948.340411493881,2859.049632568234,3101.0161286039647,779.1545097805152,1103.4807408709135,2073.532241507053,53559.01663733717,3294.4905164367437,431.89345312171054,7.76786841621052e-06,0.00043540461660703927,0.09333164702166653
279,-618.5691929661696,795398.9701115919,635485.8133747977,119287.27973303871,59781.375260175635,48000.000000000065,17032.224575406253,15636.346029093569,2715.2127687191432,3052.0413139180027,200.40468383745522,222.0043152001728,881.0335786733539,47823.40737559367,3838.866938214566,463.5959899739566,9.08203786759037e-06,0.0003920035887412956,0.07824216174615757
280,-806.945464443955,850985.9691588172,636879.9029295758,129000.57573310015,68518.49526379674,48000.00000000066,16397.419961361895,13466.09613182211,2847.5032682519145,3166.5475374199964,541.9844722495735,683.3219747026475,1275.5025485196527,59156.365109169354,2746.8044669297615,425.11642033964296,6.949507019249932e-06,0.00048124831515080046,0.11274828970939682
281,-906.0449846301103,811609.1217502275,628536.0442641451,123375.67890667722,62751.90679033426,48000.000000000065,16807.924678588617,17670.718913564226,2636.835069101865,3056.476769559163,344.6337305568557,373.46982438039566,1176.7138116905353,55641.561811603264,2917.041714470862,461.40637675380685,8.461257198397807e-06,0.0004115550415574275,0.08418166102258423
282,-846.7397598009327,814565.6974199946,683015.1893629712,125229.30942762167,70062.28925189731,48000.00000003528,16346.117364030059,12455.857405756833,2759.6727654937704,3096.568479023512,368.3978200429441,786.6333557498926,1554.141998266693,58719.03555571629,2858.3702880850165,422.1171527929234,8.129778247782014e-06,0.00045913014303428134,0.08204305452478097
283,-664.9944053510741,826293.0604794369,684882.9800230023,130671.05424810475,73708.54867644106,48000.000000018226,16807.784757447935,12377.780065919691,2618.7984996179903,3198.7138238485345,670.398087661206,853.1068595308028,1724.2925855960427,51349.37777323239,3661.456664962014,479.2135031519116,7.159780990986049e-06,0.00039339873241747995,0.08627521786559976
284,-758.11089141913,836949.7685662573,702287.1083115612,121550.97947615202,61203.01902080828,48000.00000001379,16645.25609092241,10596.300707852997,3046.0290919106064,3297.66834131824,328.14059694539725,336.4771585465597,1284.1727655236512,66227.06501570105,2879.5192255810994,396.63845829390914,8.019610692987774e-06,0.0005332694257574618,0.1131271599431387
285,-606.7253896084849,831960.2907248283,629841.5587861259,119882.39874047475,62023.36906513167,48000.00000003144,16093.247462698242,13818.872054613063,2721.7457602689756,3239.982938074957,174.0999631264914,312.8910618409176,817.908550964361,51627.52519037424,3099.8946827342734,449.05590665673174,6.7331365585044105e-06,0.00043455870640068,0.09487813642034731
286,-544.1155885296627,799689.626863392,655080.7708612717,119296.91818471358,61012.10830472095,48000.000000388274,16790.402882111208,9086.57009467111,3044.9467028354547,3340.4365744635115,187.57510840178796,222.24902272987947,1000.3052917399664,60718.52442137011,2840.052620003486,397.2115016256939,6.007778155127943e-06,0.00045584826776079673,0.08010127577067615
287,-567.6669155891166,839568.7867617131,677440.9084535692,125172.42053947083,61601.29336429725,48000.000000205124,16067.064987427628,11740.69191934743,2911.8539101030733,3309.0683817643594,441.90596593101145,282.72449724637124,965.4767867659937,55522.373297074606,3309.255015945291,453.2929569647968,6.8810854964549964e-06,0.00040978487218247344,0.0822438851273756
288,-565.7531915322099,818562.7236137816,685510.8987341062,125757.00183169606,60610.846163172966,48000.00000008465,16555.96071405215,8754.783898615131,2959.0447699723645,3430.8206203763584,504.82425543491615,238.9337321768316,1040.37468174659,48560.98997562611,3708.6789947071543,471.7806467940579,6.093754401172986e-06,0.00037264639846801853,0.08552559535463697
289,-687.7840449808061,830137.2480734171,682081.381839438,125987.11227875316,64921.84211342698,48000.000000363805,16717.938961122498,11352.780035251979,2796.9120440500383,3241.2246317113104,458.80495784746296,535.3122133830368,1251.9644372512066,58053.49377067424,3346.5935314283333,428.48253319896406,7.3391252723244474e-06,0.00041349473527081676,0.07924430820779305
290,-630.9806215500456,824248.7493353084,691591.9843111759,121797.0102137078,65774.26130126885,48000.000000008076,16391.83073489206,9299.32884562848,2849.035705118051,3196.172870269964,263.6606892111884,576.2111263547727,1185.618558852786,70219.32443793438,2501.1426798287475,403.7459301474153,7.338132984962168e-06,0.0005186028330247573,0.11048023092956347
291,-570.0662450172397,817559.7172535612,697030.700470146,118888.62391143378,60764.61675016694,48000.00000045836,16819.75555326166,11874.245024918799,2828.0473602027573,3138.593840104634,132.50856112319806,304.6004753923487,815.1049129449227,56696.58400819484,2993.618692271541,428.62740723865153,9.057220391712047e-06,0.0004437008146914456,0.09786984899766688
292,-488.18032443823836,799601.1989909532,753857.6230108871,120797.64498061535,62431.89451121409,48000.00000013555,16907.735978851364,6374.783359461224,2707.4874398469315,3176.393665133245,222.48763107602807,389.28011396580814,1051.8082245874282,45462.69489599807,3687.2046730392663,467.2242565556129,9.32515329574363e-06,0.0004030531050746397,0.10062748619521263
293,-722.5776109508828,832844.4067818522,651970.7575406323,127491.73525916752,71881.26462059774,48000.00000002931,16666.827101289706,15322.869004772527,2779.7979040313962,3072.81696522611,579.0061707749303,761.0395134983788,1524.060813501353,53255.44251847936,3270.832209831756,444.55394792299353,8.341194449895938e-06,0.0003869583148945851,0.08226997531742007
294,-677.1841620697521,777700.0623181621,626068.6455444236,119010.97992874349,62817.731043882486,48000.00000036346,16961.424169253503,12560.24202012777,2724.9036397891014,3078.8182309111476,150.15499856409645,355.4770564049983,945.9956500196366,53845.93952193336,3090.523680215294,426.7546361957154,8.466919442265816e-06,0.00039696111037078443,0.08390492798552049
295,-693.06458000777,791282.4953407468,712147.3203559783,121598.79631204523,66048.37873736705,48000.00000001004,16609.682290625973,9138.591111133272,2748.0795637107726,3124.3284293990337,254.1213150588776,584.8505926568977,1319.7737572932872,56076.56291347691,3224.5583019037167,428.26697813990154,8.21195410674953e-06,0.0004172601494991396,0.06443281600052053
296,-658.5384686068292,796797.7653653324,659322.1620535619,123312.89698834077,60814.024458313295,48000.000000043634,17158.898517361926,10511.198152785164,2764.270310659002,3255.00880529733,377.733371544427,291.8620492838024,878.0040132850611,59301.39193560118,2978.3381823595373,414.3774467812912,7.915213402640873e-06,0.0004361765466214254,0.09832682330006706
297,-714.069669118148,839080.307880589,741792.7068873596,122859.05821666637,64084.49353618668,48000.0000004616,16156.368905675685,8981.793574843125,3017.463863368707,3325.462107378405,399.2926762300054,427.09381852273816,1168.8553257944707,50527.51440791934,3672.224103939612,469.04321514698535,7.386975487430967e-06,0.0003681776785191997,0.06639597928416402
298,-782.0123635033432,814429.8602899392,645661.3826493114,130097.21743333267,74323.97706986777,48000.00000013436,16873.17246928967,10763.344027255542,3062.7037029880635,3151.969210130128,610.919309465982,855.9294146343533,1844.8488844598369,46704.694807704414,3779.939123850394,506.1399701139001,6.549858269113749e-06,0.0003860885693395623,0.09143794270236157
299,-585.6482328224861,780842.8622230346,670777.2223305526,125627.70399850713,62021.11044586698,48000.000000000065,16937.187673030032,7822.850579844303,3007.217991741812,3195.743521412302,416.27759167752447,348.45842618751254,1093.9564650550415,49785.640460294606,3581.8033811859436,456.93546433300764,6.747945679509734e-06,0.0003915665348103908,0.08653251025926978
300,-569.616354462885,813652.0072586962,698082.001564188,122668.03894327562,62057.6457011202,48000.00000004892,16884.915588500808,11116.428871478878,2784.37820802993,3292.0830891120618,353.06795200007093,324.0885981382289,1087.205264112829,40816.87500057801,4347.96469675632,547.9651605248142,8.003652533946642e-06,0.000350268906337835,0.086669276691792
301,-685.2231334953173,823650.5915013095,715079.0338060997,120360.05104779066,60719.33888233178,48000.000000480024,16447.25640109897,8114.890025948852,3023.105911611269,3271.02069629074,236.65514689314116,224.72079145724473,872.7265385007471,46631.182735343275,4734.777871820091,507.94553214810304,7.02061775482244e-06,0.00034924805733346857,0.08147999097975947
302,-624.0785176252307,821250.6356588516,755422.3998494504,119729.05756781706,61928.5447067871,48000.00000003127,16650.797661954828,9110.528368698191,2695.5919008366423,3181.0519529635817,199.986263648117,417.7352974755757,994.8453419862476,50240.566800574124,3512.8336634121283,470.79111541513214,8.658758403628043e-06,0.0003832323938573138,0.08619078489722234
303,-622.0588256929035,842058.2736738705,673288.0086869994,122168.84791940908,64335.10389860614,48000.00000035272,16203.047212347787,13180.70231733873,2826.702962719605,3172.323922249193,309.880276728036,523.3584816254224,1342.91360403753,70403.26203240921,2448.153196751099,384.6096516499448,7.584694283321865e-06,0.0005053367554035737,0.10048455484495358
304,-708.5921508729535,837356.0426253804,628505.1658172434,122806.58303521697,66690.41430802342,48000.0000001254,16373.519507603145,21506.024458110925,2662.1259148909403,2922.8770750558724,291.3038108250754,824.485160364172,1315.6127455780697,51243.898762205026,3232.6219516704086,472.022119691938,9.62915124906457e-06,0.0004294003395230324,0.09990405560160444
305,-584.6824880597728,867021.2489182716,720949.1296732147,124248.235791063,63637.8949040064,48000.00000045094,16027.555124190112,10803.12348991664,2763.3126184993707,3406.5042049888316,352.9295769784386,421.7640082957242,1063.56039664845,47295.18211469126,3575.6619864990284,499.92643206621125,6.945178260561664e-06,0.00036458667960915364,0.10043279867641537
306,-638.6507096592012,811257.6035771795,602951.6288488329,120272.90131450817,60070.888853275064,48000.000000184235,17002.63264231027,14061.069058599855,2757.5291947913242,3207.5518042633357,207.32329216743702,242.20396276904208,1031.4264013988193,58811.30209149706,3132.2760698748402,429.7491116297796,6.620565368513206e-06,0.0004302426613336231,0.09006992607988636
307,-756.5348766707867,750689.9340567128,625021.8239018724,121805.43163204934,63519.0398708553,48000.000000218424,17412.42944635409,10864.199235082631,2782.059567659194,3117.662333914471,242.57323492951184,436.81410099899193,976.4886116083238,44698.28201182894,3360.077857147556,488.7242386145986,8.16533859130532e-06,0.00038066381809049264,0.07222905576763251
308,-730.3909788203025,839014.5045824152,712813.7847991476,124268.6198110059,70176.57370450525,48000.00000011313,16346.57264858414,10197.416298882254,2773.4162492552014,3256.5505265410256,355.0999965848782,792.1252782832775,1621.913996699137,45369.55777908225,4177.180558729521,515.7394507153759,7.613862438181489e-06,0.0003587483171482833,0.09144557313178497
309,-657.5155126728168,835083.0776899589,693537.4835478376,121125.889348043,62103.22107487473,48000.000000000065,16134.454508031267,11084.02182495748,2773.4493284644745,3304.4446183285463,232.22626651476213,321.5865410922411,960.8775286460814,49182.16192842019,3671.599806101018,506.7645932566184,7.671836154984734e-06,0.00037547033376132954,0.09360531086129242
310,-547.2641566668232,802830.1811321124,658165.5751298076,127792.64532426448,66233.10823146114,48000.00000041948,16912.394594939025,8585.558475217478,2963.5278813729483,3272.9188087834245,555.7775923888851,537.0843808441193,1403.9847152665943,49630.58396652948,3368.397940344566,441.6817841330413,5.90240128406709e-06,0.000442137284223928,0.08414990487026233
311,-661.3892749585495,822190.8941208102,642082.0299875231,120258.8158207202,65556.16584655938,48000.000000004664,16755.656886213503,17387.4128785154,2864.359520071687,3105.1379533414092,195.62509232805937,562.0703615497848,1312.8595275622804,46699.97343096448,4372.3086570804435,516.8919390660242,8.62748021359629e-06,0.000376306165904635,0.07511070835160275
312,-701.8629482451443,831858.5775188489,632615.490939828,122988.53423101449,60138.92978493092,48000.0000000224,16470.39866955096,12328.7557115527,2856.0180587927707,3332.130868717089,383.1904156686306,205.36334121972044,1056.7586419173601,53957.993331972895,3573.225858801749,442.57827443334253,6.3131235723341665e-06,0.00043556052362053065,0.10109010728457968
313,-706.3097471823196,859840.1964011755,599971.1352115229,119893.59248268853,60456.00169656075,48000.00000007706,15743.056625389509,18590.36952694782,2642.5761578365004,3134.9246769535707,176.4432806609801,224.22528944287694,973.8128831588162,61995.889020857656,3197.0341764665272,423.2171051898528,7.303102384585022e-06,0.00042932166964978856,0.08814715526444823
314,-539.1786885996892,880389.0779329574,641410.6461156365,124292.46155776481,70223.23690334102,48000.00000016701,15413.066691318083,18270.26909745052,2591.189275665402,3143.168764603414,411.6593803512472,816.2703022973228,1639.6184830062032,48798.28386411824,3737.8163167371163,492.615218286697,7.811531997921475e-06,0.00037908221405350245,0.08185408735419512
315,-737.7054732355941,806856.7044404818,666591.1684481846,121965.79729451376,59320.915831964325,48000.00000014203,16756.04899583073,11794.603399464178,2621.3701618661594,3169.96146054389,286.1890129387519,210.49165883419198,823.6475111277007,45930.80744355456,4064.6141830673964,487.7232523763131,7.807062390853365e-06,0.0003788301816014342,0.08441676971318753
316,-876.5483927580167,767274.3437300178,688007.9532463622,118536.97232861746,63011.3680950103,48000.000000447195,17570.068804048726,6861.88284448154,2784.160346296054,3310.8417335007634,129.3648733750774,438.08265268150177,1333.6819437714184,49476.7995497588,3096.5811214752644,453.9084831563101,7.624637325376977e-06,0.00041319708603158504,0.09978059438726039
317,-523.9238037626194,857071.0817606745,649617.7756260553,127684.86474960028,70997.13869844817,48000.000000000065,15899.999591878654,14664.832316967311,2925.4452299003096,3057.57124396116,622.3236229264205,814.6078295432434,1824.3936232767198,59136.4111923595,3156.221307889442,438.001415388899,7.71409371229654e-06,0.00047042398734472923,0.10124016689360682
318,-723.9458636640525,812978.0700150939,673174.3145435667,121203.69774136905,63492.81466573053,48000.00000026575,16505.47437145497,9600.960387889078,2787.868425913058,3292.585208794542,242.1864578630957,370.32352991421703,1094.503322234685,40603.58476697046,5285.19140822372,541.2210849928713,6.192958923307263e-06,0.0003002799266377993,0.07028426634727053
319,-642.0382448221641,822235.7624421221,670320.9152430225,124050.10100184722,63104.69906593917,48000.000000006716,16602.17896988984,12860.595989722406,2807.542549786765,3211.599328389548,400.3237693767168,364.34621886246003,1062.4531861548128,47648.292505321566,3828.3563393757872,497.2969090126995,7.799430348892387e-06,0.00040644904686820693,0.08090939399901644
320,-643.7147096813309,796485.618827422,696518.9055903049,126294.29762652237,66463.39201114002,48000.00000000032,16864.92603234466,11512.796788742473,2810.862843865709,3133.154248913926,491.54345249774246,615.090981265603,1277.349898695054,49238.88329117715,3782.0133319180622,465.7052349609991,8.694859017701645e-06,0.00038929215769835265,0.07683822637603197
321,-593.9188029772046,812690.2594002228,614646.737085906,122340.6638007226,66909.57149028838,48000.000000397995,16715.868074199585,14744.139332722603,2832.338136762464,3116.0334726465317,298.0567101923571,634.7260769911608,1090.124579998871,50900.94326055907,3308.7448846311836,467.08033066219525,7.524600957169576e-06,0.00038346999431710077,0.08319111338206617
322,-473.8242609554343,830023.5918540503,605813.4284669608,121800.83518410657,62740.0132769255,48000.00000025884,16377.971425620362,17087.334356905256,2615.4276116627852,3094.620035555516,290.546260378384,462.0455404493883,1082.476033782516,46325.29466313828,3908.16764861189,506.8224279478785,7.41979359260263e-06,0.00036596619703925705,0.07782158088368572
323,-597.3504982191138,852004.4652447001,699410.980038456,120257.15105967587,63710.33168590319,48000.000000394924,16039.38198448855,14472.540148173584,2871.70414399109,3099.8153732188152,246.82165012847543,412.72797264441425,1338.308871246202,55777.78044577639,3175.2083911351765,425.2295350145554,8.926553674169437e-06,0.00044178384009152153,0.09939633601061822
324,-844.4026678667628,834340.0632374882,617398.3722940786,125352.09795288544,71369.58995560474,48000.00000000228,16202.905690337271,15326.25817530143,2714.981280538659,3078.1382538494327,419.7053810553205,868.5351258624535,1840.3881866094323,50918.54788220835,3428.5220454480977,483.5131096753109,6.998131220404587e-06,0.00039646959918189327,0.09568036394157704
325,-716.8835848088186,822505.3735208274,673645.1810174279,122707.24884870571,62043.15445195848,48000.00000024793,16467.155017948935,12174.99834495286,2996.4842488508657,3232.520355975991,342.68618772529555,301.8192621771979,842.2131229734593,46619.75018343572,3954.0579572092925,519.8813015514554,7.822783578876952e-06,0.0003754429034738373,0.07450840327161154
326,-657.2959674849944,847028.3043551929,751115.6183967084,123443.39747617384,62861.80532840937,48000.000000007225,16098.197491410498,10337.632573356113,2900.7709972603557,3223.5080669610347,382.7094760565305,511.549977255049,1146.07708625053,53190.63665535467,3338.0751473947103,451.927330368483,8.556468098931642e-06,0.000410856947535221,0.10288270414536291
327,-665.7167138192513,826143.2643467729,599095.1218128873,123339.813574496,60073.001858922544,48000.000000030675,16537.150765969367,17611.711685404724,2881.06324851809,3106.826463499153,279.02999868103046,214.65116151636425,800.3279375017947,57839.56861539708,2871.9588330550887,455.66777071665774,7.993452757047642e-06,0.00042138062047589983,0.07641626069832919
328,-716.5911219647234,792379.0456650779,700855.5914381904,118722.02259594039,63069.11577078562,48000.0000000629,17082.791743235168,8078.813596980247,2722.151441353498,3207.832111170582,162.10149471143026,394.08310392325194,936.0523011726614,62434.25383093861,3008.2638118725995,404.9062520971658,8.086259243863344e-06,0.00044762948361326814,0.09275535880278772
329,-605.4077868469782,857141.8475831815,724511.268996764,125076.59747927469,62878.30029655141,48000.00000000527,15805.6258126684,11876.03965922876,2824.131947855172,3255.9889939711265,381.02161761926465,345.71000818217345,913.0302013736501,51919.68365602136,3725.687618440908,485.4962246607421,7.894586066691738e-06,0.00039169851147160335,0.07263707003230074
330,-660.1613808478799,805308.7163429228,636582.2073563673,119021.80766766414,61487.44989757292,48000.0000000872,16901.918127730423,13068.573193002281,3029.0436029134976,3068.7021729709263,159.68604908902768,367.03064659694235,1071.2757405051834,47422.989731791706,3825.1775209189245,475.14821925518413,8.293009520045246e-06,0.00040617654900959805,0.08996278004553364
331,-663.0971429929865,799077.3386157833,608759.6307559566,121570.07993742234,62483.07126855933,48000.000000125656,16640.733226080498,12479.21806707494,2988.096115727004,3155.4241997165554,342.08728555756215,376.393771868734,988.9173130886807,59690.393355606844,2884.67920451749,395.49717017129285,6.463830279211751e-06,0.0004648807581942121,0.09326823310785873
332,-812.43324296849,772971.3284957691,624389.8255808426,126623.57643927769,60216.32221295332,48000.00000022073,17283.959035057575,8294.96751130439,3144.1538347022756,3378.75214095789,548.706186376553,244.33417169440997,881.0870957760743,52228.19322209051,3068.4994427930724,447.64003224316923,5.1077130594400254e-06,0.00041543503463860483,0.0840909860366732
333,-729.6934357665759,804615.2611545153,734810.9172583284,117928.79691342635,58147.154401026266,48000.000000003136,16897.597318055487,6522.66120941176,2828.381464764318,3378.6187235128723,91.76811106141616,112.24790590240299,705.8271823011804,57058.83382182258,3227.368949206097,427.9430004269532,7.655011349523266e-06,0.0004168489456709637,0.09696474092280287
334,-523.2596866284962,818393.2185349668,695990.9506870171,120768.49442520837,60650.17173849838,48000.00000008106,16267.163617971164,12646.667513478717,2809.173267795255,3105.360136491615,229.08524205928276,242.9982398377286,970.1680179276399,47015.484119837434,3439.996803164445,514.6200992648087,8.756943496515354e-06,0.0003784257811227387,0.08610561825304795
335,-455.0717781679793,851166.6464872013,715449.4893805884,127580.50914506536,64128.532946809675,48000.000000000065,16091.094213867165,11936.08472788349,2780.5751361369685,3221.5558555385874,433.27240287541287,365.9911093023152,1161.5887887876434,52892.166060810756,3397.5262735489996,460.246783231914,7.754679614696241e-06,0.00038949043441742726,0.07878225469003193
336,-687.8990468751135,820347.9651628458,675572.8563511051,129969.62093782547,65251.447281824076,48000.000000000065,16147.611254885438,10305.659471034372,2945.068249555549,3275.6730346615623,688.7188761463054,486.68086944239656,1184.0057952923694,43356.971401471135,4427.495237762354,531.2190869971517,6.428528433963138e-06,0.0003163554578119713,0.07230168742098343
337,-971.9553773419617,813900.2663107093,701067.2862506082,118489.20056944527,59425.28908015063,48000.0000001995,16551.69759242691,14674.917321274275,2579.182035550308,3084.7626624759932,120.85415793421771,218.29116350115842,785.0484306032267,54936.16373654353,3075.8081799158535,423.65477639695234,9.418887001292232e-06,0.0004116225938285662,0.0867824398865915
338,-554.6881098575026,786551.7874405304,668352.0687424198,132461.31054801954,74943.0992044121,48000.00000012583,16887.853158490376,8777.45923610113,2870.0378243040536,3124.644108413355,827.9010910324763,981.5094305424079,1821.286328563904,51109.37169782592,3500.4445911355097,465.00388239970715,6.850938127303546e-06,0.000390629028489297,0.07764515154994409
339,-619.7099862090038,817051.2089761479,767449.9102481443,137316.9906959236,85187.75830226732,48000.0000001063,16697.46410448352,7299.395380861661,2638.793618693905,2919.0972189726995,865.4843280753454,1436.0310255525683,2851.7581860540568,44750.35840944818,4207.525585202334,510.0891606510659,8.87961466565233e-06,0.000373572565191507,0.08739071112520287
340,-744.4145997950682,826065.7894726084,632830.7377456804,133308.98925965812,82929.31084077734,48000.00000001839,16517.31611229835,18343.69230731605,2717.180634476742,2762.299400043161,662.7843941167367,1484.5702804473403,2194.1727955436904,66190.28219222775,2588.1873884858755,391.66973006932926,9.610572060082433e-06,0.000490784360093768,0.09569038121032221
341,-655.1355276061092,839606.1484488705,699422.4986350288,126258.27153709174,73754.3857885052,48000.00000000859,16017.289612073197,14414.452685017546,2644.931024124083,3032.1349856792244,446.88052604640825,1035.3403341111277,1430.8056247595232,47140.60055623862,3714.7081371849686,484.94954554526555,8.60699132122055e-06,0.00035966063428051633,0.09431598358824203
342,-743.3016976967342,815583.078446504,674880.3931917676,120645.49331306566,61441.902325317424,48000.00000003621,16448.57769777417,11672.26615865026,2951.6563908017524,3223.9165417119207,218.0587468677695,283.64429142215374,885.2760792720967,42677.460025596476,4475.438254906937,536.6195702506984,7.740758513499398e-06,0.00033262063325712165,0.08366126180976802
343,-658.198558049721,831206.4665621006,718330.190716398,123219.68630864727,61078.5909227561,48000.00000011781,16554.61951419697,14861.02030471812,2727.7863156276017,3175.0760593094687,357.91864929401544,291.3714740700734,1071.948258650225,61061.558827136294,2930.094190307006,442.0371962758527,9.542239149214245e-06,0.0004408028688920346,0.07902551447912717
344,-500.30119146931975,790966.2368896703,682398.6512852286,122244.02702694562,67174.69312964425,48000.00000026567,17073.667811275212,9556.103139780678,2700.0253441347204,3112.7629762722145,349.0299582292359,648.1186319481834,1364.7726187203812,49098.03712915354,3543.5956113502107,458.66004855657013,7.924294101581195e-06,0.0004089315361784438,0.0890051347070647
345,-742.1450467601043,833808.7005831923,607071.3250037167,126151.45381584528,69109.42153201344,48000.000000424,16094.450879504593,15293.893547473685,2783.227246711645,3103.2916890890283,420.009993396959,643.8896960295524,1457.7584102406931,52128.25185037559,3414.3231908898074,440.19636993016604,7.9444121173055e-06,0.0004087202687868162,0.08579519212559138
346,-548.492905616497,831736.2454359609,670883.1065031464,125665.39600961855,66051.64549426241,48000.000000000146,16483.34158791817,10677.937639003576,2894.3320218535177,3214.907834288745,547.6951805658142,672.430923203861,1409.2643209748235,46063.456990503546,3677.482942544488,474.35124963350864,7.112362737632791e-06,0.00037720743640289956,0.09129558672676615
347,-649.4966684232209,805057.6350156463,678757.4364356272,126711.30585933004,64526.95566918943,48000.000000000065,16769.73748583201,10330.200969498595,2762.2399154897835,3217.5466839659043,438.95696978370466,492.61675320895824,1391.0709710346046,47999.339468039645,4121.998896033672,506.818431882136,7.632130337132096e-06,0.0003828891454779962,0.07913129295097154
348,-682.6780453331721,850664.3422795489,747403.6959485913,125616.71401157494,68958.83094869257,48000.00000006862,16018.089929636657,8450.939773640048,2942.8290482691623,3260.7958648456115,518.8497294562504,841.1293638860999,1682.2353140508526,50366.83223165123,3908.1356622346093,454.0544061485505,7.121652935151674e-06,0.0003904513224426151,0.09240083820472532
349,-643.4668803653774,805235.3413980071,663187.8774347389,125662.83393274751,60455.876526210595,48000.000000000065,16782.25704689395,9642.834782003818,2841.6008461742526,3328.944486252959,501.89141791898413,222.28245444125093,1188.7193005715383,47400.306447336305,3878.676927216019,491.71130354126586,6.129320637858928e-06,0.0003548643453209467,0.07570575384206854
350,-850.2056492754286,789585.6916902005,634127.3143554786,124220.08073884406,60766.37954920895,48000.00000000032,16982.94607364999,9872.13612900163,2884.4997020823016,3298.655921676666,429.2911200058833,231.29257142358244,920.7038654456315,50092.24402243805,3228.996215174244,463.60910724873605,6.516215152685886e-06,0.0003989230274672141,0.08193856923607605
351,-638.8683048012358,806244.8916806217,620847.5183446591,121422.66208332822,61504.84226436108,48000.00000011773,17182.445615147273,13794.766327688914,2777.6538415393657,3199.9654063107814,235.3378047473771,308.14607425319696,836.9078607535948,43790.2184097322,4239.107196066791,535.7209492279616,7.535900447763826e-06,0.0003467386345929435,0.08881877726068078
352,-721.1764803461547,804278.1551204819,730059.647670104,134592.53054627738,76216.55027622206,48000.000000252876,17010.6586318658,5147.47771023042,3094.2055038756585,3285.3780491106986,928.3315180402327,1250.0815140421541,1967.896159030859,52099.412937361536,3453.869567819495,442.7734502114551,6.2749967480221166e-06,0.00041900662600392007,0.08731278706802163
353,-699.5132651731279,791838.4144566335,700475.9483955554,121707.08645195031,63754.71500072413,48000.000000000065,16820.45714855094,6807.80888119035,2898.6466593595906,3323.0348864878747,301.89711345931147,398.1903914229446,1105.7385359187422,48309.92468296903,3730.0461210522976,473.67558885365924,7.012652604315626e-06,0.0003877854961755101,0.08126984953517886
354,-821.6611478001118,832702.275541848,692253.0807786635,120168.70913155613,60949.61762206747,48000.000000000065,16402.45756007654,13685.613895911256,2734.143141843538,3190.742280054674,179.1736991900277,269.48752868213774,1010.5231519495799,48340.59915321845,3435.1060476728335,512.2107772057467,8.118241512717315e-06,0.00038853094461051404,0.09316205572986247
355,-600.1872416428453,881837.6046074731,756519.1537028474,120793.99634596152,62658.01829348179,48000.00000005097,15324.751504378904,11618.853625151402,2795.1695652378517,3276.879115014624,266.7191806159853,359.6260060014809,1005.7339285707442,46761.39928379489,4487.839366948123,526.1188579680659,7.463636468329035e-06,0.00038201926657267484,0.07638866164180932
356,-653.5445096843861,859309.6044330902,730061.9082692494,127326.66767241126,65451.784476832814,48000.0000000664,16126.294747882059,9708.692275977037,2907.7225554573774,3330.2626814656205,457.6891410285146,495.75381631011703,1719.9394736966335,63711.6949970222,2958.895053875445,387.50013451236543,7.286022656537537e-06,0.00046191165363917687,0.10889732159621521
357,-659.0431999183759,852788.2015211955,694218.2376061564,123426.97437135162,62787.648904890084,48000.0000001254,16200.27813383744,12960.828822619651,2787.4726536892094,3310.5768617930485,312.3969181165954,431.02453288050435,983.5711080995242,58286.548779684425,3139.9537774343858,419.02065106191145,7.6153290672133255e-06,0.00042954790033271025,0.10391125894003396
358,-959.0819388205733,777872.1181339917,719926.1761275734,124208.81078965201,60579.673241692406,48000.00000006145,17496.502798631358,3651.553672967428,3124.6348854312064,3410.3152156850997,444.45350471822445,240.4891246468744,809.9916829084738,56138.14855766922,2885.9150151942235,388.30201479257425,6.1885075141353974e-06,0.0004419088024179706,0.08763434782158026
359,-557.629083243589,842632.3141921153,686800.6345012711,120969.07887083884,65318.79266135284,48000.00000019404,15992.451211408184,16653.22932435482,2684.0322922776218,3071.838161939298,221.0631702960802,544.8091221475072,1328.8672895054294,48535.27203395249,3706.8974212031007,461.2875045266574,8.833377676052433e-06,0.0003922437612769442,0.09056466501404796
360,-628.5278661208407,761467.2645579386,686458.1945831878,124012.06498458423,66405.9084260016,48000.000000000065,17502.20930664555,6760.963841696853,2628.7557157735814,3256.439058757215,455.9408128259711,516.1726267034554,1106.5583183061076,42639.189782451125,4352.68352229595,504.2705859435621,7.4154315499356395e-06,0.00035069532862101445,0.07926519705208274
361,-621.2739233805403,806825.4307450084,703839.2735482272,120487.64716315838,64491.17898284352,48000.00000014621,16456.93667719155,11836.314304716827,2767.8082922158073,3016.336994459953,196.22882210729153,512.9924905521278,985.6999383988999,69203.52324727766,2803.085988454924,404.2692372614368,8.882306850421233e-06,0.0004729269553859529,0.0883421999945569
362,-528.2251400997886,791916.1344172185,723540.1196407952,119511.94501222965,58538.531315033215,48000.000000358006,17159.961412555935,4740.138641620856,2995.741859907827,3430.1573173141674,179.82697702892213,163.8382013301212,704.8190596161046,57686.180131871464,3044.7562617048266,411.15140695312033,6.7850678100774954e-06,0.00045644535885961584,0.10242403621768921
363,-666.89298244767,823362.397878709,671536.3922060411,126979.50624826775,66075.1802435025,48000.00000020837,16606.36196280634,12871.71859970902,2822.845047700425,3131.158372762578,423.2990728973034,663.3599461497331,1158.3151116690922,48268.209593101725,3527.348628460625,491.2553975403794,7.805223408094825e-06,0.00039963097429177046,0.08108873029108034
364,-661.113883425015,829961.6488496459,627268.3356234028,122804.74095775496,66019.12225317048,48000.00000018347,16202.410423564785,14570.95669113982,2789.469695059966,3250.9935402922456,339.63067079282325,470.70695329292533,1162.2143055155286,45643.16401302876,4240.551808478855,514.7299513076666,6.903267784885923e-06,0.00034050328968576656,0.0804906800874906
365,-624.9010181225551,791607.8372824854,610869.4281460592,122200.30801310777,61399.87457874903,48000.00000009181,17033.107575737908,14743.680805035965,2697.355265546927,3044.5136684428676,362.36710103428294,294.9975337455391,1003.7927545083455,44373.22173657184,3812.868435529394,502.4107872165925,8.228580504932288e-06,0.0003782286559334607,0.10076583342065026
366,-715.7814877309936,791101.7085769617,701211.1373998914,122108.78392612688,63295.32804391619,48000.00000040831,17056.156573758075,7213.843679030453,2903.9492191483982,3386.090532341997,291.7812896275056,400.1446534542446,986.4084359774143,48305.16946281031,3735.0197820807225,496.66479885142303,6.733621920073375e-06,0.0003704359187500263,0.056286084900035414
367,-674.568852551058,812764.5036948996,649850.2300815695,123451.81986766522,64214.75367062888,48000.000000000146,16568.09631344755,11286.265629126763,3010.7575701807546,3285.0746894678323,430.0640687232928,419.47312994587566,1215.9025928883914,59721.66384510935,2831.6512165182958,418.36359398620374,6.5903651821185e-06,0.00043185651609011736,0.09003734371955764
368,-527.1936448204749,817132.5868997225,680012.5498708863,119911.48177115874,60875.85850663162,48000.00000001183,16688.98359898013,9885.82545367278,2956.8975077240384,3214.8601790127063,193.67261033985528,296.84782529310365,1024.0849252320734,65157.74444972115,2876.1310537598397,402.5992698923269,7.79649631270392e-06,0.000463310859045717,0.11156432636725593
369,-758.9406390186174,803727.4701329102,685437.8740633411,127503.39862489699,59570.67593348647,48000.0000003991,16824.30059461909,8452.778568777147,2991.1752840805784,3293.4326212100405,501.8622064345712,209.55148554069143,774.3321206460629,56552.026878634046,3252.8577111878067,432.7275948949165,7.313049074812515e-06,0.0003999100242901411,0.08048009300616368
370,-770.9924972914937,795664.3174552392,670549.4148066374,123497.92449748516,60986.93281639669,48000.00000017196,17402.552155253572,8983.24814876438,2947.963328215036,3320.9003159111476,343.6674891266862,249.02071350731816,1069.7900383727276,53906.54113747513,3027.6620303552663,429.21659998077905,7.085177423657747e-06,0.0004564800579446921,0.11582916867669951
371,-777.8793893209659,835546.2359123192,643762.5342240327,138306.84432995383,87029.60476873897,48000.000000077314,16415.715276796167,15063.352625907206,2690.601838214924,2869.9640974316303,844.5907099612525,1656.6855117212008,2674.4523646731736,74079.3448616483,2429.007247598576,377.0870316331608,8.271743681161433e-06,0.000524421091954749,0.10452456782968393
372,-589.9159937015743,821719.5594114274,667487.586705627,129830.97375661804,75158.9523814361,48000.00000005352,16700.394691354522,16000.847920405986,2625.1031891255893,2976.81947057691,649.4555025496003,955.3808513308113,1906.0314593507576,49011.982204919696,3843.1408058257316,492.62212216537915,9.322986003149e-06,0.0003786646088295961,0.073763533059821
373,-805.8262058140039,805548.8416107551,642854.2613575167,121464.42292648509,63430.52361975608,48000.00000011705,16732.94827137888,10935.807734750742,2981.6482784553637,3366.8777117862646,251.2647696438663,363.9190370571108,1017.2691428884702,46486.12495067565,3978.001290908602,502.6462360136241,6.05701050183513e-06,0.00033893262753797315,0.06135934208860246
374,-676.0060226554424,837104.9474526413,644308.3806378017,121663.06724746556,66676.12115756616,48000.00000005813,16033.293883436927,15391.720827398673,2689.1603060273633,3076.274991957741,310.69761809383954,661.9547012992865,1132.7079937204744,56566.33548998708,3009.6830916030935,448.74520196881025,8.058198227591557e-06,0.00044173887288198653,0.08550043925751175
375,-706.730731181447,804968.9156372236,697145.856605974,118028.56643772562,61075.55677122137,48000.00000001592,16644.79120466339,9730.56359424304,2746.4284592744316,3173.9428261044827,108.23808744154339,281.03973619744016,851.3002631394301,49659.8984067053,3725.1245000269314,483.6006769147993,7.616604876336335e-06,0.0003911380534083506,0.07943255054726464
376,-678.720762068863,780401.2990534652,637634.2487433896,122087.47320404355,63830.256242661366,48000.00000000041,16946.22399224807,9804.097641805745,2808.5536798307835,3244.2845377626313,296.16636613384713,496.27946318640676,1067.2665810619974,38761.84796480436,4946.090700169359,569.4856081631938,6.6722313197295165e-06,0.00031297920175837955,0.07120626462288841
377,-600.3520288695241,821712.3206662406,692039.2369964895,134605.12020545226,77871.92638940345,48000.000000185515,16465.741373993522,11220.259793726056,2693.468255339396,3070.733533488695,718.6120303810546,1313.4228402827714,1832.8044059146587,48899.67357063511,3597.4394678857207,476.8568895571937,7.6166193744505845e-06,0.00038880898818397126,0.09172371231612526
378,-936.0362433477148,805937.5127624357,718263.7701391286,122013.3920469465,57849.29061381733,48000.00000009266,16688.256992305145,6424.243143263804,2962.5204782304922,3469.298403845047,282.8115340264094,117.11243630200984,714.0780795018701,61724.72647087197,2824.809402873501,425.61583849206295,7.069727666080742e-06,0.0004608790730206699,0.08583112997773398
379,-605.673255887084,840487.3673812062,657917.1896263506,121176.99184921246,65183.109951370105,48000.00000000245,16438.797318987334,16264.149182157262,2791.1166639119383,3146.6167031239247,236.53403953967972,489.50027160860884,1405.857709507352,51130.122161278334,3343.2027026262504,463.52660521470574,8.711791887532852e-06,0.0004031138043011149,0.09647689095393458
380,-598.466010334955,790559.0513265318,670433.9420109686,120692.67228518585,60588.96435135973,48000.00000042383,17124.050794229293,9382.61082438259,2947.250096452367,3175.175622140119,215.1999075467435,291.3973833339518,1128.6384743390213,59440.616755468625,3075.369345569155,423.736809496266,7.941785233601e-06,0.00045713108793291046,0.09411660600051834
381,-791.0741992992871,788409.5118687932,703136.9414169196,123695.13872121225,66505.6252887995,48000.00000017238,17134.300793532104,8728.950645786565,2903.679534600978,3137.7134750971663,338.49049715796554,719.6601327784489,1270.886597860205,49738.81069939173,3445.044347365381,481.36127284141617,8.475074075229448e-06,0.00038704179001566933,0.08546959163778471
382,-662.1355176427785,855029.421273191,655423.2345710444,120812.719391605,63491.001289191605,48000.00000031648,15869.356126009836,17971.297752844403,2949.1394329848176,3011.278959863727,246.78064548250833,448.8705425817337,1099.6034898375383,49163.089930433474,3787.7407367542687,467.57688705431474,8.286645796353198e-06,0.0003545446478810173,0.07890835128171926
383,-666.8905914510339,809788.3884103392,634203.4189891798,125000.11167055707,62174.41721140554,48000.00000014007,16896.46199115915,10475.173554482591,3107.3717351360156,3384.5821576898716,478.95089252583466,321.7021460075926,1212.5159163499898,57102.43950312014,3133.11986973372,448.3732065390651,5.932454370917562e-06,0.00044144721333873245,0.08679712468191686
384,-737.8705109275189,784006.3178114687,698626.4528563421,128208.85981514373,68685.66671236974,48000.00000037387,16868.241822371278,6901.706602989984,2881.71167820791,3209.9905703045742,539.625199325979,785.3358731294319,1590.2665250352336,63267.65721037072,2773.347454018939,397.4723577362136,7.237460663116153e-06,0.00048518050541094686,0.07543246380963238
385,-542.4884866698837,830622.7742590903,639695.8687903027,123046.22697832678,67242.28261038961,48000.0000001231,16184.008633184027,11495.03261773895,2968.314145954293,3324.4543962440166,335.35584573316373,674.8316621312418,1189.4504706798232,51865.7209049563,3735.7500526805024,482.7976958794504,5.995030659656998e-06,0.00040296320992495464,0.08995040653070342
386,-604.9877248548971,801695.2069102429,642150.1731316826,122290.19317937196,60750.59760148412,48000.0000000213,17019.090527571312,10354.909868230012,2883.089526006169,3293.3851184332148,269.92576015050236,243.21608005973596,931.5860693182525,49448.349128026464,3328.34248320325,467.34770742973,6.837894619043734e-06,0.0004197675808761402,0.11139592857905309
387,-614.0414381133758,788660.6266717354,693649.3148174634,120704.26528572338,64777.05640648435,48000.000000415304,16998.701222017167,9186.07656251802,2819.3705798856545,3098.7640968340424,204.21993094580608,600.0321190038482,1232.3389183570996,49802.01176914114,3519.048754468628,442.76354440245115,8.434458941355211e-06,0.0004443122689301477,0.08965063420589156
388,-490.23215268723345,766111.6313544073,597443.6325303018,119712.41166545753,62891.96343300589,48000.00000004159,17515.489208310133,11527.0345594181,2774.739178001667,3112.050492029584,193.22861618736877,387.37497363267136,1086.5045119972601,54855.21370754908,3309.9672873658456,428.65800712935595,6.514368833342553e-06,0.0004113947139349443,0.08558687664869503
389,-652.4658577537291,825299.5962020305,753892.8279902494,129627.99577820224,67568.49114368402,48000.00000000041,16393.64675839467,6941.1411489591765,2856.8582970816465,3314.39560378356,561.2063803118842,580.0124219526978,1473.3535512782498,50534.13485059027,3512.7507436162796,489.0773851981483,7.378987779097046e-06,0.0003814544696576765,0.06173237236237804
390,-615.2280299306428,794163.2321935451,713965.8236287114,121536.41895454263,62728.57450137183,48000.000000038344,16792.576755068934,6438.977305524507,2947.053276738415,3268.6926316285058,298.0866445984051,532.4640081071361,945.7365818956647,69716.8723840647,2794.486094037373,380.5927855060309,7.557393760151069e-06,0.0004724740866713304,0.08862542543543746
391,-553.3382788604847,834351.3974442354,596785.6472096528,123070.82586929125,59824.34177487865,48000.000000114065,16199.311677997428,13105.207475008858,3225.511049886846,3292.9450946570023,353.39379523336993,255.79661012556684,977.9263108018341,48748.24901625356,3370.438321127411,488.3592390899958,5.364291305824261e-06,0.0003767003231254309,0.07887673715629757
392,-576.6825016043455,810557.7134040106,662469.042442125,124885.33936832083,62953.01195936293,48000.000000136744,16799.292150193924,10447.469607161804,2965.7691749226774,3248.444576648418,450.4536854614249,363.84702138685975,1227.2459863578063,55558.55903270111,3201.397765470526,461.7200637325143,6.800246821944571e-06,0.0004246358575978926,0.09173506205038731
393,-736.9381376084278,813676.9337348742,600966.633106325,118969.1223898614,64964.86425443175,48000.00000005659,16715.47736381175,16125.327440005763,2707.7000501507455,3080.5675642765277,142.76084725516853,454.3433531567329,1043.930375465123,51591.06827661133,3225.1699650768064,439.9478639408586,7.857197890885252e-06,0.00041221981159279787,0.10009246052697662
394,-605.8471340799404,817951.6275474243,696985.0521094953,124997.72337298795,69609.64256970066,48000.00000016761,16599.09524926274,10101.27344917463,2836.8325574771916,3171.511399889865,403.22119942836326,663.8386950845824,1595.4357523282556,44611.42242966387,3818.4152759274225,522.5837251319344,7.884412041273481e-06,0.0003573941842524058,0.09061327101078513
395,-698.8035710259796,805375.8422549192,718306.1465941031,123344.72448191131,62977.45009831997,48000.00000025577,17002.356119477223,6114.14473249017,2975.1100307771876,3364.0381371399053,343.6381925105372,416.57495691686324,1128.411402211981,52895.83585230407,3237.736002296921,440.97310098749654,6.950849324624193e-06,0.0004171079873938414,0.10546079302151777
396,-947.729344111827,756862.7392152005,694572.2855529393,121523.07677059808,59969.86229513971,48000.000000000065,17796.701618817817,4168.087256218183,2952.048903526856,3458.8164660409675,336.6818858842628,231.9136837246453,706.1777272374668,47758.58891614322,3629.2826954717757,456.4737517813772,6.283467088150378e-06,0.0004048941201138362,0.09763206384813439
397,-673.9235326536882,862108.252061209,773241.0843146776,133286.643294545,82308.8015168013,48000.00000014365,15870.755966485709,13074.165699179972,2567.042597636003,2991.9991367672073,558.8393169586317,1609.1959030176508,2232.5680378385173,45064.84846417535,4458.314830042329,515.4427279676835,8.664261218078267e-06,0.00030771785304313927,0.07398509201408375
398,-647.3880724630818,845760.0948014773,692664.4386546023,122502.56204520472,61127.71355244724,48000.00000016625,16651.230025919886,11431.692420716181,3288.898656195068,3336.8658506767183,321.3884490579826,316.73266745027365,1208.722479857616,58823.7193042624,3101.485368684888,434.9951649451279,7.862692384569731e-06,0.00048383396107947227,0.10152271989775964
399,-607.9160142563992,824740.6001436212,751965.6036309884,126148.40153618595,67674.81758974465,48000.00000017946,16560.085436945024,8214.295381074891,2663.151153704215,3175.4760573126136,434.8413536160077,553.1722692376968,1399.409585107413,50881.2946174939,3366.786824465473,479.54161717506355,8.638264607286499e-06,0.00038903146120111037,0.07451649884460625
400,-621.5816614042999,848260.0566113433,610370.7469898544,129304.83721492249,69898.70027213481,48000.000000007225,16086.754736674211,17358.72988652936,2768.1215920565496,3028.8851130068642,599.1390553840309,909.539728351278,1623.274598697597,61724.57597593456,3135.6423482742243,387.0092099353112,7.981182089013728e-06,0.00045672920860828625,0.09971437522722187
401,-830.7116000137986,819441.299989573,667701.9586978239,119698.89722917062,59954.170033018614,48000.00000000023,16730.31846942591,11658.963973447777,2803.781856889359,3277.775634638781,197.1509960602389,257.1540879733683,766.8336646846143,51086.570992898814,3240.545214005333,467.8679454547003,7.3312947989501715e-06,0.00040012869622380477,0.083696044958994
402,-586.3621282655918,813314.2211676949,676731.2519721981,131691.5407971306,76251.50138273301,48000.00000043509,16629.629315242004,12169.013452836964,2868.3365352642995,3092.686429334547,730.9082416651418,1028.2973800133163,1766.7775900727145,51155.09380780612,3178.06868606831,456.2215330662689,7.762323964825996e-06,0.0003986745293731192,0.092973570516414
403,-752.5386299150827,786482.9090726709,669962.3643978571,118376.2176257834,65023.76346287295,48000.000000478314,16911.762770454992,12575.416346833774,2558.499420086896,3054.040679474204,148.10361296878258,563.7921428048626,1251.4100526539632,55704.282071435584,3232.7759645258193,446.51430021130955,8.66598027531103e-06,0.0003966148897009962,0.0742495696377529
404,-684.0552720836101,790366.5431325878,592072.9318697256,119683.80879006167,58228.52743408908,48000.00000000083,17362.594128942033,10176.01202341838,2924.967771740962,3422.429668442626,179.0626620532519,128.4658251096316,737.1217188585674,52211.72536288039,3025.5998461815275,461.11721911094077,4.36535382675456e-06,0.00047084842346968554,0.09843795099465588
405,-698.9561555009215,798935.7188127249,651189.7707978816,124687.81335633347,66241.7075352832,48000.00000001038,16725.937995005617,12588.677412461033,2704.1696407721356,3099.381928562844,326.3719210307839,474.3349017497023,1065.9141401047884,49613.686161737394,3463.2294259603273,464.27418874500995,8.037928486207252e-06,0.00041100812453727414,0.11321954583358587
406,-617.4402672182026,825529.1932242529,699798.1058446418,121533.44715567816,59317.72934311431,48000.00000020445,16354.116079723994,10486.654664077836,2989.4399901162283,3321.916963510552,264.88989196148907,169.6389362481476,784.8090584802113,54580.81838153932,3223.4317395667063,449.67998164707984,7.4657557246480315e-06,0.00041498292055398665,0.08199257450021616
407,-716.820211171625,783960.5532894656,634273.479470347,124959.01294402564,69079.26366639255,48000.00000045504,17212.932193391713,11150.91214146893,2931.570210809793,3202.1183692151385,395.17257208353107,871.9139515620669,1464.1261445865443,42138.156028321115,4117.452491271544,545.910789353104,6.607541160198136e-06,0.00035706552638654264,0.06641995498512673
408,-754.9972291854535,833411.9002561786,650560.8853803303,121340.59463489607,58315.82875006513,48000.00000004781,16383.812882621356,13135.57716339157,2724.5559677487568,3280.462090025109,222.62596645248502,148.69523198450895,758.3358648214578,55999.98250101168,2936.1861502612064,422.04972181239475,6.982117822584302e-06,0.0004277731549272112,0.0950372238962942
409,-624.0910959981162,827372.2633982156,656382.0321587371,120914.07788389652,63062.47904146227,48000.00000004534,16387.54623499408,15417.86447216252,2718.7979973629604,3141.476071978296,247.08453005001715,401.17864921932346,1012.9803688374933,47987.25167786924,3499.601539910626,451.91406983251704,8.170564346176346e-06,0.0003834568042416371,0.07861453456074569
410,-734.0331024975806,820586.533509413,644123.4402755058,123197.72750047778,64000.664775791156,48000.00000010622,16421.00254383925,14355.075717680122,2734.671944335204,3101.8926106195804,314.3750337730891,468.5509946413614,1046.8151851209207,43716.585187125835,4184.445484919098,517.9493881964493,8.082376901226644e-06,0.00034431514222960617,0.07555914702209922
411,-661.9903254324729,771395.650130306,670392.5480683248,121217.3683867997,60240.99581172749,48000.000000000065,17169.315815944472,8045.911924236309,2891.4571958847364,3286.6258358787913,226.38332136564244,240.79072149298162,800.839706589382,42821.20564469275,4722.1713848006675,532.7790209256534,7.0782725357930105e-06,0.00031268343628625757,0.06593505985965897
412,-684.3245440950641,769844.5408653805,729803.7039165541,127338.62017809549,62473.30161608793,48000.00000010955,17317.714111642796,3029.5070193845213,2991.8183465610277,3360.6358397286217,562.5053777353297,368.36448928187565,1070.6604457287901,61846.99965971319,2979.422912829794,403.9018925256217,6.992814410515805e-06,0.00047514125839308335,0.09799707150911025
413,-664.9045728436998,812715.8473006871,698149.0872698801,125183.98956238882,64946.926286618866,48000.0000004275,16624.670749210138,11757.726532610159,2761.348916602613,3197.9063948464486,408.10853232721485,563.8442326869068,1134.0004110708055,51585.43988189497,3677.943627959717,491.5594394800219,8.488890519410868e-06,0.0003736291769511649,0.07426108030670639
414,-827.2655414411475,856631.2267278057,757488.589395943,123586.21023444308,64991.82601159519,48000.00000000825,16274.564907898653,13374.814624115483,2842.1347811290157,3173.664073799295,306.0274931205686,512.5076271190236,1090.801952363231,58131.45331417393,2956.5602937938474,430.22231736617204,8.92934006942582e-06,0.0004461735514376298,0.0863759139388449
415,-634.7920458438996,789926.3265968959,632850.4443872455,123668.55745154663,63488.43701082713,48000.000000111504,17258.363602117977,11922.45712713116,2910.8446003048616,3269.51823889344,328.3404849761073,378.24890854487467,1067.4898421745606,51161.54641057678,3658.154659992813,469.5519097484683,7.032699859846958e-06,0.0003941669599955063,0.08442873001600014
416,-594.5973919936124,829965.312414732,622577.868519169,123305.88474237923,68089.71574908296,48000.000000001426,16575.801936081938,14251.766044697835,2682.28379700984,3203.3237051018737,345.4568698311767,694.1965920754868,1527.509808340824,56730.78730278434,3458.22050206169,426.37948605884105,7.05585397741856e-06,0.0004492254123094634,0.08858734011296256
417,-623.1895695527558,819179.9291494064,644790.3914601551,122900.25119455617,68241.22835719508,48000.00000006035,16625.383368741168,16454.572228220823,2859.408104541347,3010.8216713909733,386.6461820103857,751.0179647433755,1501.5566493585256,49044.81702981075,3688.680860517495,480.5594983723234,8.91093829384307e-06,0.00036391008868859656,0.06791336777891856
418,-607.8963516107367,868196.7302744265,643456.7358567572,119660.27580544035,59999.91491526898,48000.00000009752,15793.700745437958,17378.900538627462,2669.817170542007,3177.154463962838,154.61244029193477,187.60043929949472,718.4965439639174,47522.2910480796,3993.280762280514,514.4771474281504,7.855875395684765e-06,0.00037201985535363126,0.09075301454174414
419,-575.3568486012019,833224.5051216099,691421.0464292356,126417.81339576606,61355.13389453812,48000.00000004696,16198.314746951213,9506.856004970768,3115.548803209308,3340.576741641416,512.260818466394,278.09258806575986,1170.608309330052,54489.39423536388,3815.5718417159796,469.27165013112324,6.52745884470359e-06,0.00041773259306738625,0.08064070747719498
420,-540.0905862628301,843915.2436690116,726333.6476410697,126504.85454717287,69282.42572404411,48000.00000008814,16138.276139430514,11566.582290508095,2776.2291380077663,3165.205894118401,408.66733276436855,689.7664283256581,1524.49744381953,42039.53303475701,4510.0035993980555,566.7593153452099,7.922986385174038e-06,0.000316709743753279,0.07394616730599625
421,-682.6813141738489,793998.9153258775,737301.9316987881,124549.40896716078,66780.71568183783,48000.00000030446,16885.008810329935,5478.51735156595,2568.4767707765236,3222.1114042829295,385.8679423080603,682.6905405838195,1173.1862738822158,54036.44833515984,3171.051922497136,452.0837650343132,8.334258200260104e-06,0.0003994648881688629,0.09091070378998599
422,-647.5341569600689,798095.008524601,663321.0822607086,122911.44032826302,59352.92321836602,48000.00000020913,17089.902545939534,9915.908275240203,2845.1440548677456,3226.457504521438,342.64794421522333,189.74776816109798,765.0703049189563,56264.08953422768,3119.083085606909,447.9204606355727,7.343563166908878e-06,0.0004461449809869274,0.08407352136953244
423,-753.8049662699098,839304.0690271129,662930.435039885,124585.92378227913,72234.62225313895,48000.00000020657,16369.580852894027,23580.274275067542,2666.4299630133705,2923.5871490204127,402.10756787975544,969.881901344874,1513.8497816448719,46943.2288786097,4146.36547019424,530.4053614883173,1.005625024427736e-05,0.00034002067953491555,0.07211578668949375
424,-759.3408941957316,777189.9185840241,597316.5264112155,125985.69946495745,64038.61955329399,48000.000000672546,17511.78798823779,11347.833090633114,2970.8433298512837,3194.1553006271897,539.0011427217696,444.1937339259434,1302.5170463762977,45135.27195060001,3481.721899625583,496.75111973183004,6.774675389566909e-06,0.00038874416689182995,0.09643968105418561
425,-788.8131868648184,838460.675672157,681487.5915323767,122429.21757045342,70870.48460163783,48000.00000003681,16368.87547521793,37715.12743479603,2476.526432703793,2794.2738605705235,259.7345351720039,868.1330506675175,1588.8212330069207,57378.18329519013,3086.7714375306477,454.0208354782404,1.1610814190003248e-05,0.0004530032309314543,0.1131985223557745
426,-720.0686029036287,787776.6214619675,650306.5882045912,120302.81323063701,58517.76504758184,48000.0000002296,17119.24292278652,10186.42003777889,2930.148879950056,3250.7470612150437,201.82791743165555,170.99980134633958,724.3277239569856,52096.66354763106,3303.323040119627,454.70983446941375,7.239612343130183e-06,0.0004314528296546971,0.08028731973467901
427,-650.873518377884,790412.290975677,782586.0373366898,125545.69180467965,70139.92974405189,48000.000000000575,17025.973030647365,976.302710954032,2885.250590200834,3153.4634146650046,442.49279508637744,717.9107527420701,1670.4106240346064,45723.60595092583,3994.1911970117785,493.6952277793812,8.25899330314008e-06,0.00036118620663628593,0.07624402159792501
428,-453.715585718929,837311.8595456145,746706.7270537777,121731.09006491178,62126.06481453141,48000.000000000065,16334.384170690904,11592.597852341145,2873.0801718297985,3157.961734786156,297.918880609116,407.2025589355727,1027.2872709644848,57916.8685598633,3265.7110063903974,417.47137231288656,9.367944757289926e-06,0.0004615565357224796,0.09158348555450344
429,-765.8974252658595,799464.0649226654,683462.0802172001,122889.59914688181,62462.45259889498,48000.00000018176,16851.103847707,8444.746037867155,2795.059992092818,3266.528348520437,293.0225461375949,351.16212917869245,1121.9815499197107,58190.06134892549,2850.273609095402,398.3647755810083,7.328309128241478e-06,0.00045625498314258743,0.09831593468976096
430,-703.8091142927983,795088.1240014394,613591.0263620582,118104.00260392763,60090.852854781384,48000.000000000065,17358.123010113766,11396.892148992014,2964.9306076242283,3316.1964437122656,118.12883727103103,272.21156831729314,854.6898621730652,53585.7399686811,3007.5754094106596,447.77531649881377,6.455164500477663e-06,0.0004489866341448634,0.10987754022383547
431,-655.5421631830543,825793.6084383859,623847.7776774026,122964.01171890122,63490.80758382752,48000.000000132226,16678.56869445654,15104.957081115812,2695.5258072596384,3102.9414942017193,304.1450585557853,515.6574512060998,1299.9114666790415,46811.7264867799,3982.916835052836,499.1913685378274,7.877415900010761e-06,0.0003720952504841303,0.09045542248240095
432,-540.8498962619772,751555.0982055749,616641.1943936992,123569.62619566327,67547.16870794239,48000.00000011074,17453.219227900518,8126.467922700104,3074.2169340765854,3176.3794661826764,420.6221162076335,814.4066489422917,1449.0521711942442,58275.91584173255,3250.437308666777,410.68840783047096,6.607522824571884e-06,0.0004451562147162803,0.07648957359486401
433,-740.3266438906721,813057.3647401261,619233.7034009893,131604.15006314404,69251.84656973399,48000.00000013691,16446.08913055563,13322.489724764851,2919.027205525345,3171.1825857708104,610.5205160621844,670.2393190637897,1486.026161682535,54679.612046594535,2994.166373821613,443.3650324400299,6.870003675028719e-06,0.0004272093804917069,0.09859703658500726
434,-558.2536366155625,830292.9848128303,603236.2118076838,123151.00253923667,67015.23326425735,48000.000000135464,16229.662800439231,17404.79035387535,2687.409359579171,3078.260440070664,354.04860244068703,587.3111738521817,1327.4226354325756,49653.561816819274,3745.5947160615992,476.40622937676164,7.349354889136973e-06,0.00041911708721740034,0.08879577276132718
435,-640.109305284484,829924.7871458061,694386.9097693545,130506.7682829304,72699.02691881241,48000.00000003366,16173.026624069851,13347.360207278618,2560.2654520717397,2971.6871258855285,623.8109745135388,1140.369403633828,1916.5853936489502,48061.40912965083,4042.8433930163465,494.2822169885553,9.013001231837649e-06,0.0003822274113804079,0.07544763141444433
436,-642.6655419957897,849822.8732406597,625258.2263900132,123435.61778146877,59240.62886525892,48000.000000247164,16357.53313973326,15854.544394117931,2768.1790191837017,3124.214510442287,289.0020589175742,206.6982645443481,1031.7684680440025,53460.60022428174,3382.8553602888783,445.3918257064682,8.099038138678742e-06,0.00043484866891711755,0.09043163859967432
437,-648.1787741775915,857243.0788754058,612535.2743511116,124828.40168018847,62535.77463869902,48000.00000022798,15917.741881722392,16279.817647042824,2662.71412248904,3269.419424062542,322.37935429083666,364.7799343897094,980.9713898794802,46954.0187031379,3947.5174285813955,499.76012042069,6.48133843001578e-06,0.0003751916225934564,0.08204976658842165
438,-719.9911230266516,805651.9850971678,697977.837664123,132000.4550786452,65768.87925240936,48000.00000004414,16720.75633027245,8529.173595102997,2868.5004962638186,3187.3921655609574,722.4416010298294,544.7567430408361,1394.5184764454887,50022.36717526768,3773.045869264267,460.0626866431025,7.582102380826541e-06,0.00038753591771563314,0.08379506837430103
439,-574.9456688817431,790729.3561731346,675114.3197777021,120221.93051185047,63181.62470668294,48000.00000041496,17247.331448816058,10168.413791897223,2762.517071937427,3168.6001742232484,184.6733144613181,480.6682873305328,1395.0828270729894,44541.777393103,3608.9417676374815,484.2712806827526,7.996336970836515e-06,0.00039266524483517356,0.09396015023507993
440,-729.8095935958792,775952.8686620818,582854.1400741973,120599.54967408204,60127.65740264595,48000.000000075095,17069.811629788404,11561.46398186064,2834.3723575860868,3176.859581798089,202.9305056541532,249.51401033811314,887.8892882495292,48043.38461643412,3525.9948751159636,472.7003221569157,5.8020310166634466e-06,0.0004026698564841786,0.08284248680367298
441,-608.360198436333,798226.6069796567,668553.953523945,121503.6145749218,64886.69277838385,48000.000000091044,17019.839584820817,15568.345851966136,2669.273821040507,3010.761702870498,279.7782987658404,498.77201358213773,1395.3025846788805,46403.00644776898,4117.613931858594,517.0425689156175,9.600785504316194e-06,0.0003781569798805587,0.07886956099655591
442,-651.9747252608018,807394.0040746694,683392.0941163016,123509.013160087,62135.603528358246,48000.00000017878,16974.35154559115,10132.63394763596,2925.0306602975206,3278.847312768321,340.90595048746746,358.15726418985344,1020.7869063636273,54561.904434197764,3204.271420266061,478.8407054650846,7.749714294692298e-06,0.00040730325546055665,0.07914475750977441
443,-661.2785299273273,826473.4265309178,571054.0870549238,120870.98404588364,66969.82407308278,48000.000000005435,16779.695396272797,13723.023482865074,3002.1654305363827,3191.179560834644,304.0451469097626,781.9044590926926,1479.3390782342965,56645.445787254364,3465.556633805857,438.4711968632192,5.910830773687483e-06,0.00041454239758133895,0.09193020470128616
444,-545.6821239833685,825867.3708380891,675235.4549736609,121911.13597759808,61052.72577273496,48000.000000006374,16519.831303841118,11037.369760000258,2865.9951352425383,3171.632829474007,279.54991119424284,378.8723178377847,950.7424849591652,52825.409808486926,3221.528768425144,451.61583692864906,7.522191019701128e-06,0.00040956226474127305,0.11098890638322079
445,-594.8276572165488,771458.8203446084,602225.6936624808,121886.81817834603,60482.65643406676,48000.00000022261,17052.717235188386,12305.315541318387,2899.3615560384783,3152.4971587207974,283.65516126694394,265.46324152402406,868.9232425972373,48328.31001716691,3504.8501655190885,453.33729794812575,6.7186329927957745e-06,0.00038637169734313803,0.08113080841998724
446,-688.1102901498584,793210.9875412674,625230.5847212666,125305.12735127973,68089.48062566352,48000.00000015678,16900.946834055667,13529.154895157051,2771.519321793137,3020.0076100948286,434.3799768048954,687.2347724785714,1407.8410975794566,47131.035888081926,3815.2188350946526,487.05746344355504,8.346310495995706e-06,0.00038091240611087465,0.09450490542941975
447,-582.1947192263438,787706.1403851066,678007.9149102105,121281.29788287007,67486.48557773864,48000.00000016855,16805.639373420112,7660.31305585034,2889.7137187292938,3217.5586437536276,248.5839629725063,702.676820015571,1473.592468167904,49180.01343720073,3803.456112697122,483.61293903975474,6.812043532012146e-06,0.00039736342239261424,0.08740010759759442
448,-757.337764414128,836075.3751962378,666394.2479313755,127934.82031455947,71566.67378034248,48000.000000001935,16189.764002611368,14839.4874942184,2728.5994485302394,3120.3516966492107,587.1978869815676,889.7407408116951,1552.8260095229807,52287.45026838542,3450.701273324876,485.8594052088698,8.094836128128144e-06,0.0003990042004330482,0.08487687062199635
449,-742.7734413837239,832086.8646440529,647636.2360956612,126776.9128497271,69752.04270701714,48000.000000005944,16668.354649859637,13204.120720222052,2861.802150772046,3166.351342667243,509.855345594106,723.1367118477266,1683.6659874379552,53252.03784473084,3368.2924921179647,449.66050934862074,7.399995903527808e-06,0.00041964826526406164,0.10532427264120749
450,-764.1540227503909,815412.50155919,752614.9162939364,122512.72888807862,61867.62594005017,48000.00000017895,16643.351707203477,6193.224496121751,2779.47149729618,3298.9242559496765,311.0252502659153,374.22674778187695,880.4164316826971,50274.006864819705,3490.442400963127,451.54288744628593,7.817756296094005e-06,0.00043743150553724743,0.08292034778584388
451,-746.7905490830385,822311.1484841299,719517.4407847114,119037.11083836143,63179.17147550681,48000.00000037992,17015.823077341607,11954.177871565358,2844.402415906681,3183.88167236737,149.2701345086262,496.9293967311732,1235.1854066313285,59541.71368540222,2870.893588802406,426.40816456391383,8.836076096989807e-06,0.0004621345116391822,0.09196617689451794
452,-744.0622379586418,785943.3287912108,651410.9153207402,120672.95330925222,58736.03099486283,48000.00000010682,17120.620169823396,7964.569068047669,2914.541531743365,3369.4807486837167,217.88908013760425,163.81211330382968,769.4344138710886,66046.12089332758,2561.9711612173387,400.9793901279065,5.81922983254698e-06,0.0004970149135230292,0.10873883291333096
453,-910.1402629462212,780198.4859394638,623450.351317502,126010.64462807335,64901.551096975185,48000.00000014195,17117.177935689,11436.837264264523,2939.6431506304884,3270.7651664017876,469.02554444125286,459.1489063189796,1000.4056779259113,48318.774371228086,3930.6174664714645,487.6333825144076,6.3040820197565245e-06,0.0003496744285617111,0.06167650115221017
454,-585.4984777463089,775464.9996662934,701125.3251290177,123822.86667302556,65442.74849293845,48000.00000002862,17069.846922463068,6707.687828177995,2912.591392213539,3140.8218489817004,431.72395964529085,609.5400725314643,1374.4773401442787,48397.942427617185,3585.6809378416724,462.2472371058808,8.384069093604529e-06,0.0003900274804327904,0.08561147110986798
455,-569.893311910046,854626.3550617456,642977.5388988128,119200.27860115579,61530.922276026104,48000.00000026933,16138.978498543738,13947.393820217381,2935.4470198624467,3288.2135885391303,176.32680128310477,256.44455663330587,1123.0765680305524,41201.93922660345,4932.3970994507445,556.5265356508696,6.551975262176975e-06,0.0003260651834454077,0.08233563514684818
456,-538.1548058715941,792200.4420948981,745120.0604097494,126701.359652509,63887.08228083067,48000.000000000065,17230.073174776422,5844.711577717363,2717.126699111258,3172.834350349117,434.29448940043545,426.3604832726424,1084.0852508086195,45313.791686766206,4088.6123461934963,508.10400961627823,8.472889602650979e-06,0.00037302601232739175,0.07027756940911198
457,-644.6154005790534,811586.3491709827,663957.4940888255,120107.72162052282,65567.94227562218,48000.00000002931,16580.96560921196,14791.776471562067,2743.515711350819,3076.4080146741567,224.591089923482,532.1239518297658,1095.4360427097881,51588.07434533992,3225.0828003630018,484.8099995783697,8.906090552454208e-06,0.0004180049409252384,0.09379900494259996
458,-724.0683609730448,792480.6232866814,542707.9100051643,122541.35966494848,73325.04930353333,48000.00000000041,16891.763957728694,16984.97531283049,2605.1401145334044,2930.682725266988,316.96990331563256,792.2694740360548,1440.6530156607334,49038.75584791422,3425.813740215257,470.9635672956527,7.04736627130605e-06,0.0003835454864084748,0.08212806794143596
459,-805.3469897189698,803278.5954137439,593584.2731025184,125921.41113184972,62628.40107003441,48000.00000026208,16881.988946826143,11831.3657726371,2839.9421917591985,3223.522430645448,538.2058041658172,375.01627438052503,1101.7485206054616,48950.25862188197,3466.4929593401607,455.0600100013617,5.691449221820044e-06,0.00041614867174100687,0.10034023150328761
460,-680.767445617359,794972.9016658425,672461.645170802,119534.15555391212,59462.08861130764,48000.00000001192,16532.083654994556,9057.212304960864,2864.7646572629797,3336.30634696001,173.26650666126233,178.83701614364247,753.510223980537,45848.066379893506,3798.538849218066,496.66220634447905,6.334023970457385e-06,0.00037750730883357093,0.061967025551995694
461,-545.2550110758805,817559.3028095447,652898.0284882843,122822.93781247991,60406.10920926836,48000.000000001426,16953.67654034789,12058.986311698744,2784.8869132217837,3301.3092183864487,340.95927336774514,278.04000798587145,970.5449623670772,41069.620656574836,5028.052140850639,555.0775615257902,6.8306631028092975e-06,0.0003215319786274342,0.08032360420444637
462,-702.5104623696677,845867.4839793418,660929.6074531727,125351.32087478918,64223.901747139105,48000.000000002365,16323.66469575482,13436.597499917785,2851.0754292564984,3318.8857355852915,456.4346263976976,468.8526828031446,1186.9267113175035,54000.092320065545,3357.493416622072,443.2592469007882,6.588926544288887e-06,0.00043227920313801676,0.09085097123167192
463,-643.8484345607212,772450.515316439,652827.5383606747,121598.14904523971,59480.71790587256,48000.00000046467,17212.95483341916,11546.051150668574,2528.034827022194,3064.04444596079,234.39919442795048,221.17613147405135,820.8022502426089,41566.92022568687,4343.692475659108,553.7662590821258,8.262292803153915e-06,0.0003501003077292709,0.08214841841633787
464,-518.1258526018581,793686.5287993359,577665.2643245328,117955.20556132971,61877.18654630751,48000.000000271546,16741.76554336398,14724.741716430523,2870.0247477677503,3025.176189858093,108.63872911038867,333.46893722074105,947.2855060604707,55355.17085667029,2866.503169403683,437.4568200655627,7.519301050433658e-06,0.00045181049602337436,0.08164800907589415
465,-530.4987121787174,817963.0293640752,643731.7407693057,117765.15635021876,60099.21738158621,48000.00000001771,16810.721199449654,16879.461950159326,2651.070861981527,2900.7330399981684,101.46555596151329,309.05776159001516,955.2214119107539,51761.350726130106,3763.600500294941,455.5947756492955,9.413975560439897e-06,0.00042727410274365674,0.09109064033765371
466,-620.6060096970546,785575.1797380169,634055.0466412053,126557.79931873444,65748.10229933518,48000.000000069216,17196.07894626678,10276.681249712037,2820.9465825763314,3279.3593385717786,499.0137399608749,588.733507505868,1333.8207282824837,55330.249811991525,3148.108155983822,425.9441566922585,6.292416808264901e-06,0.0004259967122743068,0.0826751099447704
467,-909.6970109272086,842061.89685475,597682.5658615436,124696.98175757972,62320.48610543198,48000.00000002309,16402.939098521423,13611.317867210913,2972.761859537353,3355.7690477608858,519.7217601709143,294.938414261011,995.4848019947508,59658.02372087768,2694.9052264414236,424.02662469336553,4.715285373747475e-06,0.00043393749141550135,0.10546719826235192
468,-658.5723294640752,801123.6576070285,642232.843952335,121071.79027371947,61341.53213859012,48000.000000199325,16759.902594930492,14287.010955845817,2836.2767677805095,3111.789453027997,221.14399685212985,270.58577267354093,850.7105044920905,52997.40337180601,3154.2249729239315,443.6746997231466,7.695586946470339e-06,0.00041539215580286784,0.0759310392067766
469,-548.2261722973835,822580.1924888489,677467.702443359,123868.70995176164,63797.44182160748,48000.000000000065,16603.02042769795,9781.204384159644,2783.8478906026694,3358.995579603857,435.17128003277446,427.33371204368035,1244.3458103974158,55375.33906232416,3217.3446101642126,452.9831932478521,6.669464773283739e-06,0.00041983591845804396,0.08414467739722979
470,-847.1970835251661,814533.6511722701,700028.6623826248,122506.05256179933,64185.77308288035,48000.00000034965,16836.835679294436,12061.09229126862,2895.8323575850827,3247.0475325813572,321.5383883232793,478.9104820138248,1352.3664684991877,47653.354426482576,3998.2801855383696,559.8246408581151,8.249591992984786e-06,0.0003388708962480843,0.06518809346372567
471,-584.1677494132608,861616.0818326927,625376.6483455931,119263.32790671248,62377.00259719632,48000.00000002786,15903.412917175636,20702.73499238507,2715.5257614504553,2999.2152024913644,177.60680753494466,447.81662638250026,1015.2119551207575,56243.00666089367,3345.8126913378474,448.50744383195155,8.533348630468298e-06,0.0004265199024493596,0.08696622446782833
472,-758.25221518735,811704.6679851752,633659.1821738756,129686.56999552333,67701.9758792832,48000.00000001626,17416.21443503688,10741.65334402336,2918.7578641628666,3223.394587713455,569.8661158853138,617.5977616017963,1616.7844773348222,48535.707626064606,3625.8006147354536,461.4841357599427,6.528361259717032e-06,0.0003927383324275278,0.10565373931781058
473,-678.3474693796202,846279.1001101056,695710.2384106807,125071.08508762861,67484.77687932132,48000.00000002522,16065.94408276758,14031.950377471374,2692.547636670384,3147.429315341589,421.39347884823513,600.951294106572,1446.24575311836,55830.715741989756,3257.2498004793115,442.5244075688895,7.533133727204486e-06,0.0003871294640112776,0.07539345962320006
474,-750.4780234821449,800576.3692310438,686298.7455877551,118565.77615719185,61957.07753072714,48000.00000034666,16524.378565802024,9354.017304245996,2836.8423809512874,3175.597503808095,130.72887772421862,330.71319816431827,913.3934822794586,42168.81359316172,4474.204589279652,567.6201976827433,7.647653079015556e-06,0.00032699781604400184,0.0663663387599649
475,-563.3272295729831,836024.4672589134,703459.8772086365,123289.63656121746,62416.91541800816,48000.00000005037,16002.630551668264,11649.692688261519,2830.0725311196325,3175.082292275642,364.65054152783654,325.25966948607925,808.8854625094884,54180.152465875886,3337.908811944867,419.0244749949548,7.625903101889481e-06,0.00040453364005152854,0.0756003179445699
476,-629.614428273097,801359.5026581798,653181.2090138232,122282.00331099157,62404.68104855213,48000.000000016094,17069.19569060711,11723.232703510956,2923.118976490061,3253.0938889135014,305.8772568874443,345.0888153822893,1049.9480986339158,57511.77601820785,2921.729315421835,403.33082217655203,7.51089522704765e-06,0.0004378395570316276,0.09935631828398894
477,-526.3266136631494,747494.5082099487,598248.7549750485,120435.88995954806,66497.28687796262,48000.00000002044,17751.702199793985,9678.09685725569,2888.7654278377827,3233.6152374183725,246.42098340650412,486.4283042130439,1263.4261519398062,50224.194105550785,3377.222396597513,450.1949775698628,6.37086343338629e-06,0.0004072377883585089,0.07680032349949885
478,-723.7488286281676,877098.8656628311,792414.2105561978,134887.37307181177,73622.59264504048,48000.00000015149,15912.62992790406,9989.828985855913,2596.9287942526507,3067.0316773340064,813.5553375066235,971.7876673880803,1854.7688261470296,60531.406991393276,2909.8108818033074,423.25371493464144,8.65827227212152e-06,0.0004596748947533877,0.12051733512381918
479,-625.7422995926336,813779.8571617781,751143.5032686716,134279.07629540292,75974.43209869713,48000.00000043091,16724.301738469047,6355.469774280448,2846.791259391591,3156.1752278717186,841.3933889938419,1232.1241548740845,1816.373828571611,47113.07968957595,3761.0303290288407,479.6536953350741,7.829274040384146e-06,0.00036905860016063746,0.07288502654761857
480,-638.0268917627343,831499.8610873376,699383.868787117,121367.98045614269,60474.482664806725,48000.00000004679,15994.163804194235,11642.908424488667,2809.3140437967863,3185.6500540514166,226.9977557533608,280.8011150057379,846.8106963897607,50530.20025221085,3647.3575950958634,492.11472126702677,7.845598573057848e-06,0.00039052504349514067,0.06780445958039076
481,-952.4918911126674,852543.3927321846,654651.7427819574,122257.55363382451,63898.102129926076,48000.000000198386,16124.385945039703,16143.337436479103,2867.089069367944,3166.099646146103,313.5097675401826,441.2261670803002,1103.5024898281558,53132.56234219176,3454.872496622836,453.6090041166955,7.375593469634888e-06,0.00041825241510270273,0.09453656141158343
482,-643.0373084177887,827548.7959518519,672912.0998617745,119205.6600765086,58765.82799642139,48000.00000022559,16469.477808737127,14467.988320725939,2574.363240293899,3050.506004186626,158.04106865475768,139.67122189725802,774.5227291681315,46852.33734229933,3743.8972740598224,482.6067351546415,8.688203714586323e-06,0.00038552101520479765,0.09178616957962155
483,-723.0143411669014,835422.5969982755,708777.6727313856,122640.76782770925,58422.98499573542,48000.000000074586,16225.471169945256,11432.663908454948,2925.6128905336973,3257.065290068811,306.9293227531832,124.562766474588,769.6930758898396,48883.98539152299,3685.3418640995546,476.4779785669736,7.975404664664505e-06,0.00038087887025464235,0.08131528557583334
484,-761.9724245859336,799837.1824604253,707395.681443794,118971.95401749887,63552.258302077986,48000.00000040575,16689.031390064672,8714.558492601223,2796.3088082619793,3268.0085112333345,161.47578286626288,458.40227022657257,1027.2977712310153,43398.30110824561,4226.60616125587,550.2148903980642,7.564604789686571e-06,0.00034271981627072116,0.06118673711777247
485,-568.752007610719,822398.7995402642,683449.0586524296,119677.0095845541,60104.51430458756,48000.00000004679,16727.89910587665,11687.484653906773,2757.8736293290126,3294.839194968324,200.52286341094978,248.3849095477223,870.6561685913153,47851.33531125794,3888.8243578259385,480.58182227067675,7.629446710281183e-06,0.0003609903196584771,0.07452922331641995
486,-661.2994689566035,842211.2196772387,590946.1168330602,121802.38701291107,58291.68070103956,48000.00000039791,16252.154428443926,17506.81859070459,2940.501371494817,3115.472502167751,319.5917420394074,140.3069599152781,816.8230690383066,52887.51361321211,3194.4333987804994,466.99671760482676,7.233503238996519e-06,0.00038631305031209526,0.07965745383772439
487,-480.8466295928969,819900.2187526305,647593.0587167912,122295.13572099298,61993.57378562271,48000.000000000065,16806.26204603009,13591.984625011337,2784.106598695145,3231.010779870671,312.6377205587856,380.4494086692721,1066.423484594427,47047.33934911256,3668.349159846521,503.2733027844129,7.776997284098478e-06,0.00036505814352064234,0.09694272451627732
488,-646.2488487008552,825970.972562916,710980.8230901889,121630.34538015877,58833.67663320755,48000.000000016604,16247.199463717552,8833.230074481526,2951.9030639336306,3261.19361041843,255.24070526698586,179.97038581968442,709.5529730667604,47686.40876560904,3681.58683507872,512.1221239775541,7.2661742635678106e-06,0.0003665998207653853,0.07726487752971602
489,-626.7872121738408,803659.6698609856,659413.6402599403,121276.59935497446,59820.67062553883,48000.000000000065,16893.788001940575,11956.26651020583,2658.170195361432,3170.471785641324,204.23219951282812,218.16246322941615,774.030180695431,58953.70903913914,2945.9716545900064,435.99583742207255,8.053631886856203e-06,0.0004322451499576172,0.08917584544815071
490,-571.48173971164,799390.1236862836,630551.0172092064,123391.45280577043,63561.08309969027,48000.000000000065,17068.529521281787,12016.898313410324,2725.184493480452,3177.0524096867816,298.96785799140577,500.5464515893857,1266.2681582907771,65452.54686070785,2834.415627667627,413.4155844263243,7.749085792227953e-06,0.00047916525795461837,0.09804748350755305
491,-586.0922452940977,802929.1148041879,593045.1502812229,118406.40699763954,64846.563226864404,48000.000000362095,16969.660974105653,13203.136463068686,2750.992838157627,3219.5511666741604,143.98630118864023,448.38674122571257,1222.301185431831,53385.8194742469,3229.94087324786,447.0318146928299,6.497518812520675e-06,0.00047893724249117544,0.11505137280175931
492,-909.5446331209033,812933.0698240299,642578.2877949491,124180.91938772201,63053.31389379311,48000.00000007168,16743.12295848903,15807.52407533079,2465.8223412024427,3149.7982451032417,325.92291107521237,368.48682238215366,999.3134742543658,54303.72208826251,3304.1195210888704,457.6221562823983,8.355721863543296e-06,0.00040639044761129717,0.06693892389477513
493,-594.0303455897626,815697.5358134345,694292.2045932207,129862.43619988784,63171.07814381748,48000.00000000023,16456.28692024089,9737.806647339065,2764.7526170390925,3240.38068792239,556.0245937795398,487.75740212999347,904.9969447101777,52476.647665586934,3047.109910872804,450.81866406234764,7.1992674338794715e-06,0.0004079509475263065,0.09113714867669861
494,-857.5457937424222,838017.7694865733,665608.1523738296,126732.76703276538,66914.43514878914,48000.00000002437,16144.65446033933,13894.01901378317,2834.8093077878616,3200.2380175311037,657.9743831506188,699.0748505202449,1474.3640313985893,47883.569360060326,3473.3362432832764,497.5931593321102,7.4896396814901065e-06,0.00037966565941496426,0.07072444485719494
495,-748.4234160670829,761133.0527677686,637129.3584079156,122405.08063598741,60311.97931445062,48000.0000000062,17778.706108345876,8735.511616500786,2941.625965807793,3243.4431809307202,328.9288458039619,218.785487582526,947.4376273726019,55175.41129051137,3103.263137009668,444.99914120744916,7.068630775101933e-06,0.00044952829038750986,0.08791428085373712
496,-603.0811299046875,777262.5125424438,615028.8474743409,127230.00345307664,72858.79781507875,48000.000000000065,17344.445215981952,13390.917054362613,2568.843785298368,2947.3142635394506,413.44499291806596,1065.8897729581652,1660.4813828857864,62576.11139722957,2917.8682637595216,411.92019018010643,8.467446785764737e-06,0.00046356115110539217,0.11323189359781882
497,-677.4117839298683,864818.1957011713,685760.4012385512,122686.19602027167,60947.02271809614,48000.000000315886,15689.81038938147,11119.455527664524,2997.380210618875,3434.441517431409,381.2400508834053,335.01812070872506,922.0554443498294,54405.07989878061,3455.351613283019,460.2756773553779,5.508306838066364e-06,0.0004032382576966387,0.0724659123076307
498,-626.8521896151099,806682.1300332156,652994.7665004915,121440.22718853597,65855.46101754492,48000.00000021911,16734.569267850187,11282.679103954395,2811.3960386459275,3171.7174097017532,237.32148872606547,543.8169637737736,1252.8383526217224,54621.69101280784,3227.944245594031,434.9739578322726,7.1988032400818915e-06,0.0004125763162638457,0.09203182786791542
499,-604.7096277384371,811095.006492516,653034.6384475114,119905.44943814531,63914.34533926082,48000.00000025535,16434.713753532844,13303.340868975394,2790.2938978775533,3128.0979782691666,179.87914949106653,514.176170721322,1167.10697691974,47239.629535148204,3763.093252185924,493.17289826444977,7.956737610489607e-06,0.00037135983889118377,0.0794701371613607
500,-611.2478689184936,829069.0770945224,701273.9230736091,121979.31924878825,61357.102615597825,48000.000000000065,16731.37580045183,11661.315298268577,2988.7688264983417,3148.3413943370997,248.89725191304203,353.81557292611427,947.3850657782419,51261.896347959904,3688.0733381248365,464.3871307194927,8.164799286444185e-06,0.00043709816476593003,0.10360326454138762
501,-553.052095419552,819816.2149929628,611885.1929617561,122233.5176196284,61777.93517350565,48000.000000377106,16252.956822410579,12729.749308641192,3003.757443149039,3244.526142319769,300.7669086375688,338.01892176913356,883.6268136472455,47009.167050466,3776.4327136504744,500.9052518930751,6.176192847872587e-06,0.00037173689485469697,0.06670671657855207
502,-759.941600676058,823857.4924120419,663601.7695306356,129314.26490535738,65241.06591123845,48000.00000002735,16760.243610046655,9965.547178702202,2859.2211542977166,3228.643953746744,684.7565133418985,470.13102032259354,1357.3335951410352,53008.69821259203,3245.0850311501827,471.41902345328873,6.595345173535299e-06,0.0003883371995197091,0.09117492690472564
503,-706.2514716194269,795302.4090094847,710951.7211886198,119611.39207677073,61955.63406091288,48000.000000000575,16954.72964744079,6576.695608448271,2979.1123592481536,3392.330380124291,171.22912377987657,418.26391443793074,1055.945446742513,52106.89705270496,3567.2177155610057,496.9856273552884,7.463264857907592e-06,0.0003773482687304529,0.08349844496109705
504,-688.6415063312497,810809.8523621529,655194.0686901105,122553.95150227875,63079.665913308934,48000.00000000654,16744.23133972967,10838.656564619283,2813.7946375571782,3299.5737038617294,306.28191176141297,311.4513387479987,991.9558477545218,52273.77487806045,3277.5945254374788,465.1401260772221,6.619193935440974e-06,0.00041579546883224695,0.08129102265414768
505,-576.0954505349282,760335.9236052125,558707.9544175703,124339.94990913662,63086.671799852884,48000.00000000603,17225.651109324648,11174.651813770683,2786.342698300999,3255.092608976349,481.02382089649234,443.5321239300426,1160.4924441920095,43177.78256160666,3981.7746585620807,489.562463241125,4.2783843370801545e-06,0.0003487379413336614,0.07804149428830184
506,-609.2165330691026,790920.1754742397,605320.6202955592,125556.49056595561,74504.61426995293,48000.00000000578,16713.226980498377,18552.149004937244,2534.2237085240786,2902.994479072435,442.47179890128524,916.3518745935327,1545.954680021353,40964.946975663865,4027.4183269857804,561.0702341594429,9.39739529977167e-06,0.0003093984461416106,0.06841930752556093
507,-621.0119374775677,807132.8840539923,806090.4077279798,123219.01869110216,59665.03086563683,48000.000000261316,16718.44237431795,100.9711618298773,3006.3231101422234,3364.1173087262873,392.60747158149087,227.8063176732164,748.4052687665085,51147.802900993905,3506.6655133994577,470.02454971053845,7.302177027312331e-06,0.00040795894063982654,0.08244639300568601
508,-611.8113731414819,765670.7740208638,685599.4592929007,120144.01107400002,60982.532843126915,48000.000000146465,17585.52583904444,5892.973558188051,2883.9847163596164,3321.729140323886,173.54468016676387,247.60437156763555,1017.0955790127035,48798.8743950769,3680.5881803431466,447.6365205627369,7.034193639447487e-06,0.00036448515426454347,0.08785045884627676
509,-712.877583366775,796070.4650546425,688838.9725595502,121537.49534555341,57425.239897941145,48000.00000000424,16971.240623369704,7170.554050794956,3014.24110957369,3440.0628845096135,273.20575892052943,88.44479996455853,676.6832080921854,51268.81414313082,3402.892878459588,441.224643758134,5.949066387160371e-06,0.0004013870234886058,0.08344943457870874
