sample,ll,T_NDH,T_ND,T_AN,T_CV,T_LY,T_H_N,N_A,N_ND,N_Den,N_N,N_Alt,N_Cha,N_Vin,N_MH,N_Yor,N_Los,m_AD,m_YL,p_H_N,p_V_L
0,-572.2209162497172,820163.0375524791,628449.7057106626,124060.50685073278,63396.13529107312,72619.2079902574,628449.7057096858,16933.895949267666,3721.5341827861384,3165.8481111904184,3281.673124564032,473.03704166231046,339.0189355476967,1105.892290307608,33021.15024790472,12161.85691550559,1084.9148276591502,5.704775108565041e-06,0.00012309328073566872,0.5642773624141941,0.02736887522234415
1,-512.8189586868398,789191.2980875967,733881.9875905829,127567.63080496398,71289.55693420095,48000.0000000056,605477.2789821824,16843.667644459372,2460.0642945458667,2984.3637743322392,3088.579374445357,531.3714675635875,811.1225682609252,1522.1192647826551,32563.30006440777,9365.014022018164,740.9227010123209,7.372554842695548e-06,0.00017613754894725038,0.3552694173279522,0.03389104484368059
2,-674.8806197281956,797256.0072479139,763417.2052854446,128760.4996301414,68583.39293072192,49408.30233653488,545192.9143581644,16853.8876441728,1333.6885943823993,3432.0372155064606,3225.3483277984874,806.1940221673531,708.0987790159134,1354.6071042241208,35867.14203424833,7028.270443841495,681.9351858081458,5.550359097400214e-06,0.0002204212999740225,0.2445914111343173,0.02898412650730134
3,-532.6064693442482,829792.9175150075,783692.7490812704,118583.84171542904,64782.17798262046,48000.000000609114,651528.0451538287,16464.721865195213,1917.8300130471387,3161.6206792229814,3287.5734385543883,137.10163463924448,417.1124661790287,1279.4434010617615,34839.68399804744,7968.649859755778,697.8453495117208,6.547966392404222e-06,0.00021121137702876487,0.3925966594566103,0.031226340568673662
4,-679.9141569105255,798787.5216158706,737320.880036118,120712.04242967829,63335.55121891336,48000.00000072814,440414.5950748211,16505.521754111647,2784.6082431970663,3249.5451448177273,3152.9662156644354,227.78083755788919,351.22024334013156,922.5586942920163,38874.10318157672,5526.435642597094,610.9288038813419,4.790818802619341e-06,0.000295919370756004,0.1511966143345395,0.046831366441011164
5,-590.2607460161163,797773.2516098219,724919.6736598159,124201.0045920409,73362.15107785731,48198.809696205746,506571.7310155279,16924.343170800264,5501.284793965383,2755.228528780981,2822.753077937281,324.4856606526092,1114.4994223997292,1462.8377366322668,36279.159964493985,6331.05076776792,694.6765487868815,9.299834163651919e-06,0.00024184962712736066,0.23609300205629163,0.04188906514901806
6,-525.3519205017633,805123.0370289795,701066.3240119148,130279.14030995041,82228.0155760929,48129.35088490566,482750.3119799852,16961.693167014186,4956.743582628925,3093.7830447309857,2807.5850961474234,578.4733714218564,1378.1162794806157,2059.4381379688048,34928.19876689606,6158.886491790612,718.3601999723204,7.078079690540786e-06,0.00021249550941227784,0.21785483353125018,0.04283664168177463
7,-586.6405528813294,759631.3457159022,738561.8295095719,122269.46021971351,60661.02626960816,72946.03598074014,333857.56359995843,17089.344720285637,1056.163356317757,3412.4439131474505,3258.2879186109085,304.6023164784704,240.80998963616827,939.84731393585,32764.007781870445,11657.457319605495,1101.029156718943,4.246072135653636e-06,0.00014442256251432948,0.08093944816674079,0.036181761295392
8,-719.1607608297518,789462.7847126755,665881.987562701,119591.35871432812,61264.04230589303,48216.631932397584,418129.5536550495,16830.24490241597,4455.91645874939,3771.657429147389,3296.8583254982846,174.69623853006934,234.18603084661532,1019.5361395166253,32115.66863704473,8520.86867863749,763.0018349429157,2.772430067184807e-06,0.00019692219361034925,0.1616281707417289,0.03526999532429782
9,-544.8161567475727,800255.5547816575,756517.879531264,125572.07257629037,71922.2898113187,48000.000000560765,401832.3415681661,16888.993205858507,2212.8782481328153,3410.588569698306,3002.16683373199,559.1103253015178,818.1633051315174,1638.2985578725704,35177.97076450927,6869.401627479084,697.669754649178,5.761393571770805e-06,0.0002199473839399313,0.13179364715675165,0.03906990971360796
10,-741.6630479111078,848385.8326590601,812863.3134343058,121527.38587398382,60578.63647226125,48000.00000071714,539020.3778081884,16269.61181970785,1749.525004112514,3101.772237289534,3154.5363103823174,285.0509806876981,232.58420108059073,827.8663245549652,34102.02585235049,7663.796477506963,725.49981045217,6.379265250143162e-06,0.00020555480420380112,0.255633406362914,0.03314723685347887
11,-538.8241575235579,792625.8613523036,713782.6925288452,120262.77523588936,59487.74692741644,53904.1107943089,329125.2824215823,16749.325942316304,3304.297276465552,3467.022030135714,3033.133083268234,261.2766618590495,204.49647956622246,761.3238671826712,34459.64558801992,7194.034539858393,789.0374019003818,3.800419488538495e-06,0.00019190970139881097,0.11704932245125907,0.03362995319904869
12,-591.1558728446398,789232.5982205307,734610.8826746073,119290.86536264882,58395.95919936728,48000.000000067594,279405.5936149631,17425.025327046664,2065.7751314820916,3729.6904307603468,3031.455397562878,172.2979622227826,140.15676999555072,758.2384261460408,37562.37222186644,5154.126873835155,579.2916449524255,2.7141171524491934e-06,0.0002896403064962765,0.09233226467748543,0.06061605314870899
13,-638.3439576507268,821631.1582187491,717542.5351330811,121538.8203832828,67768.65638585678,51276.765127463696,522189.8214801559,16667.217401049475,4304.966114358039,3229.8918041857055,3028.428680523702,296.422216475156,762.762984972099,1406.4043807683038,32828.65510253519,10907.071197431216,820.4037994032121,7.384501513487128e-06,0.0001703335648914764,0.29788831156752227,0.03757201893010911
14,-487.64505675395196,812802.3733059274,725581.4871582363,120160.56033515879,58394.65669925876,49862.368895606654,344341.29594894603,16561.851642963273,3932.637714450695,3385.048488973572,2967.911294367398,191.54338266844215,133.37878896181965,659.570870184202,32576.09602202292,8811.777159622294,762.1964978501741,4.701329802319396e-06,0.0001594481419393054,0.12179012956269557,0.032465648695571885
15,-500.94820684382637,817411.6966325027,703724.8165617243,119822.83694325764,60027.32494870623,50734.456357798816,613261.0432313854,16551.502787402336,3018.0195445146437,3109.789235476718,3370.538234645342,207.18991071097327,166.3815509501725,779.6687159711923,32859.234961463364,10996.60852605983,774.6416506566098,5.224659815716274e-06,0.00018129080760509545,0.4682125030976007,0.017906389558294246
16,-682.2643365483311,788945.7467833017,712177.0052734013,117988.16992147254,62984.411687806285,48000.000028946466,595943.198053099,17408.458203685554,2677.716544299327,3013.0213269805154,3217.7691117492714,96.68926578772597,392.4933522731914,968.7486773090966,30757.803008131054,9129.629149861503,810.0265571292059,6.479860189330011e-06,0.00015118492615932925,0.39235055306106287,0.0312660745293317
17,-559.0091750164974,824435.8733348127,780671.1822862573,125364.7278644418,68439.77445707368,48000.0000003152,667754.9754633612,16450.114333633057,1523.8849903944274,2837.474040728569,3308.303218042547,389.892239659299,661.9851602114559,1170.2913022304501,31802.448792297484,9967.977775678219,781.4929277669929,6.558553331462667e-06,0.0001490175697259988,0.444829124375025,0.03183804783014097
18,-448.02879747145727,813288.0250957794,715298.8821836829,127650.83415733761,75573.9864443991,55590.920803722416,644922.8438807287,16580.57819536257,3184.9373325293736,2694.152317603322,2948.188168566308,577.4388867969648,1015.2033319950847,1734.1540847408655,34437.48111564793,8775.816832404029,778.8240185549253,8.957791283466147e-06,0.0001937007371323794,0.6125682106574271,0.0313756624591183
19,-618.2813510276962,761038.8958751494,736560.3863702436,120567.1369129214,61042.07874641185,48000.00000006597,426838.3981595147,17498.993797501047,1632.0520482084746,3019.394952394202,2964.730923149136,203.78809661924666,254.46407863742124,1038.6458796661707,38795.97630530728,5411.993310592858,557.0050786833472,7.174480712334536e-06,0.0003004101975830718,0.14661493924000643,0.0529277597730872
20,-567.0173005498966,808150.2892600675,798640.0219423047,134170.33931487435,78122.37175513177,48000.000000374544,436520.43188285606,16922.86082802749,573.7370548926576,2990.4813204954457,2870.8404830585064,691.4056057129814,1678.7162421493276,1978.8618567651083,38923.007006611,5014.975010574764,595.5303742685543,6.992350002759871e-06,0.00029132613121252577,0.1587926842209298,0.05537480830638396
21,-465.28547380577845,817458.6911758952,733281.0940703903,119220.02230593812,62081.93506544926,49796.573375559856,312773.8367863766,16463.29573956241,4382.244589886565,3175.491896133607,2807.7439175880722,158.89531826590095,325.8424905803714,894.1438420888627,34406.41403871065,7878.0805137825855,735.2841797172754,5.205745880038451e-06,0.00019172686912066232,0.11539783352520591,0.030307506575489293
22,-564.9425311076169,828324.4234242095,807456.4188613853,117497.61095287921,60717.422125450474,48253.818641390026,487922.50451130286,16365.346637581772,1386.893717328411,2929.202216444384,2977.869329731533,85.92037216002362,234.14640613739482,796.8285821489786,37640.385030208105,5923.449805458241,653.3460768810492,8.06513688610524e-06,0.00026016907359396917,0.23643776878018527,0.04756211775081108
23,-661.209416836343,836170.5150921524,776558.2507599827,117985.61728279019,61478.653500483575,48000.00000016744,544085.9890051328,16224.013131094207,2532.724190049687,3081.365741301311,3264.8324043114076,113.7286206239851,343.36895843964663,988.781114944339,32601.403136556208,9697.237901104825,778.7655011587694,6.04715868093009e-06,0.00016216965948179154,0.25539426849333363,0.03979529982214025
24,-484.4261077497057,823150.6655476685,798735.5644617965,121173.5748304848,69387.43053446084,50063.383431435526,319295.74401352776,16634.724901439884,1008.5436950742513,3786.081796455235,2996.436256325284,288.12395099251495,729.4766482191162,1645.3056345762895,37255.77968402871,6920.040187652862,683.5489183744937,3.5782030542481613e-06,0.00024688977253442123,0.10923736345669406,0.04632566265755905
25,-619.7309396582746,805503.9450337712,771357.7799152083,122657.7765024662,65241.07561430747,50240.509260701496,480666.86934965797,16677.02919020009,1715.775153064072,2956.8259537591525,3007.5898749901044,334.26663684375194,458.65623843669044,1035.550684073047,31370.09199617774,10248.368604619094,828.4450138646943,6.714471499690159e-06,0.00016679501433817428,0.23826889142349383,0.033533711458913186
26,-840.1645758463249,794053.6577966756,695151.4807751637,119011.31803334622,60882.861932828324,48000.00000122174,392616.8213966723,17313.2511856393,3711.2122959175185,3514.587473375218,3159.524518627254,182.12996672274934,241.24929573406706,812.662681905968,34133.13145551535,6256.0501922517215,670.0199148594756,3.733450202622581e-06,0.00023743884562345694,0.1654859469097926,0.051462630515050484
27,-574.599204553917,828911.6032828422,748385.1085468162,127523.34570602908,74112.21136128917,48000.000000023,385976.9767236141,16414.705459569403,4324.691385942058,3375.5442313426374,3025.2887970182987,541.4959307377468,934.4072531212076,1568.9825919569485,36101.03868164869,5767.785741308182,633.9792830539856,5.476073480797224e-06,0.00025041139226758893,0.11158498472747004,0.05371381009510291
28,-732.1951833185401,780409.6050826524,705292.2957413167,122989.69956486838,64892.58762932712,57651.85878223553,403475.35650874797,16797.18012403658,5611.6093832099195,2953.113503504667,3008.9240492633166,318.63328026133144,485.9853941624977,1274.9818979266677,37666.224639111046,6002.704746929518,766.6860536046854,7.205586919985361e-06,0.00022697214922556372,0.09521350738774349,0.030332096897593384
29,-494.7938689139519,808177.7620083037,732577.2952108518,140961.88794173216,87284.14196006978,48000.00000131733,693026.8141191531,16507.33480374933,1692.2022205459004,2909.614951230037,2962.3693805835674,975.2145373236481,1492.4130601952716,2522.714894276469,35364.949959952675,7464.170351917612,725.211006575153,7.968925309181213e-06,0.0001955909225294417,0.670965111944183,0.023585331194599983
30,-465.46631069638465,802010.7677455699,777211.9124994179,123320.90446350738,62188.97911049561,48000.00000031887,473074.50412161025,16582.35088756263,1001.3851583353287,3427.818118884027,3104.1201700049546,376.78424515060277,361.7246769978514,1036.6829279253207,37003.785311909276,5763.047685763576,639.662843126413,5.720296060844062e-06,0.0002703530663078249,0.21147145572054665,0.05866326621407679
31,-556.0741791796039,839996.9245599218,804793.5238756428,118528.62874156264,60227.03310898514,48502.35172309692,516625.27597913134,16033.201065660609,1306.770646067342,3383.043152221228,3159.3527800111588,129.57145288760944,265.0166709505403,750.904565453786,35575.443441847536,7812.347455112743,701.6734056578354,5.716555520935115e-06,0.00021464017711107547,0.2559612839703116,0.03785161504561814
32,-570.0076733977982,848892.78721146,770392.5731050756,120767.10202696658,62429.599846089965,48000.000000358516,470809.12417749007,15826.83509692074,4635.6959568925295,3116.404583856157,3161.427518170195,305.53733076714474,335.51585775295104,955.4371027629969,33592.1501066705,7562.06745426706,746.3626701560252,5.800641792392208e-06,0.0001886666975630829,0.1273568542003871,0.025142842768043475
33,-497.4075697020048,792042.5120544453,731545.6684155858,121875.80069572428,65577.09236146465,48000.0000024638,310311.7150967388,16991.615502706267,2809.1984929442465,3593.777413355791,3080.701376880977,310.6393200101823,577.9603707246238,1126.3406911142035,35673.56492399278,6521.750086019987,657.2556351600678,3.985042104233936e-06,0.00024308170909823702,0.08348457514392692,0.046528136410226656
34,-618.0371514013706,837828.5605989057,801034.9044957149,117514.00665572462,62358.094618648254,58241.4223773643,361011.09736569057,16008.150819946804,1665.743102175874,3489.9382691497563,3107.3693836968678,81.52687633606459,292.8357427530013,963.9909059068788,34440.558106567114,9796.590022041912,921.8237584427422,4.630200130233012e-06,0.0001584138399879764,0.12816924632270188,0.03346300591768758
35,-734.7488018933857,796079.7457854298,734087.2223108666,117528.27594538155,62125.03897515685,60864.114588633034,297817.9158297725,16786.76718782983,3554.748965461109,2989.5357280953713,3139.86766638151,81.87431894094051,271.48138913372236,909.2474024145095,30253.179625704157,16169.315747730627,1055.803862198683,4.9984076437616615e-06,0.00010046280340576194,0.06738430370036362,0.030103427553320957
36,-514.3567279695308,839597.6179601493,650863.884934408,118111.60256282103,61857.74429285034,69615.93761445677,650863.7834985561,16188.223024288951,5895.218695572056,2925.041547501823,3220.396352650918,115.98210090725904,359.3735705132845,1051.8901473003866,35055.641497558885,9694.0045893913,1115.5833869137555,6.707644515813434e-06,0.0001290748296682189,0.498529661293202,0.03123473840761502
37,-470.3667518071063,841469.223041281,770618.8976676145,119011.6998711181,68126.64975571606,65018.68703528865,407038.8185406929,16486.778312555045,3228.3450010062193,3411.3955518625326,3013.3369975099577,171.8761399415573,665.432170921486,1364.5083488645882,38822.875614412296,9624.88708991365,915.3912212489877,5.532253424977443e-06,0.00018675732541540902,0.17162594860385738,0.033226488597303795
38,-539.1164158749384,802363.2421729115,767172.0027900523,132419.69108015712,67962.05566748671,48000.00000048386,524363.9469771205,17049.599329226137,1314.7950976500292,3376.977646412856,3237.6948518071554,700.0261409267935,637.1503914827213,1589.6280775607459,38293.47771829502,4720.2802717621325,560.0750620870051,5.041218458757887e-06,0.0002979739331886247,0.254413520384221,0.056206208525608585
39,-516.1715395837462,789740.0159800003,610423.7806588323,124318.00965110866,64594.88817410716,48000.00000024784,455590.7198550999,17083.12746341909,6593.807365738817,3489.1731064354167,3162.9225464364,472.50827689474227,530.1993437485718,1146.9680678480174,39523.51920238666,5505.140411315165,584.7024638600526,3.286876282221758e-06,0.00029196866093778506,0.1929040605857959,0.05400377202657049
40,-475.65847651872673,801907.3582519646,767451.3469395416,118744.02494201517,64884.930709795844,50807.90110502529,270248.26879883267,16816.04775972242,1862.4741355758015,3391.885459237184,2827.937190977873,137.97902485115335,661.0258764848442,1154.6992318513273,31696.015314104825,9366.872306828369,789.4323192971558,4.82976659615438e-06,0.00017148637228135355,0.08091308056279928,0.03760842578244704
41,-628.8312513556929,819699.7528096536,750655.8182769925,123786.40648899329,65579.84364085384,55650.35705468932,339274.85128211055,16654.40750794821,3181.7647350028724,3138.435166823712,2940.838116313813,407.13489828130014,488.3006485223151,1058.4948742414635,30375.361110501075,13990.50539176148,1046.3133485694595,4.497214891519825e-06,0.00010473679208271479,0.12264254629876016,0.02718934761581982
42,-498.03613044809276,786270.524028083,722417.7378286204,120575.22816611997,62817.82545519173,55404.18623412791,602594.12093193,17172.088349115475,1647.7330212707418,3303.2761402043698,3098.0179149503997,234.49324069359508,345.16504218178466,1026.9692186648645,32381.58888897632,11069.409187582036,914.6389726020624,7.134074857773504e-06,0.0001645812822826544,0.5699023448544208,0.017766484421490123
43,-602.4706332790415,846066.5001459494,768911.7647149524,122003.99733020244,63622.576706154876,48000.00000000757,643080.5266171937,16442.829528762737,3624.2351509863083,3015.9622588354937,3285.995728709696,283.3364498170348,368.81373771980964,1023.3620688652679,33006.90558684603,10487.898542486335,740.8314878525174,7.588248974756447e-06,0.0001611603451564183,0.39231208032151116,0.042568048485106334
44,-580.327641405855,805525.2322270693,771916.4361999437,121039.00627371862,66778.10694281227,48027.08173905098,397591.93183808366,16722.123245082665,1684.8383561995026,3141.4056954143152,2965.3750602155505,220.5455444795381,590.2361451598717,1230.5568957763674,33797.820644232874,8679.824260211171,737.151435932028,5.640215143890874e-06,0.0002023270316311334,0.15713544402682744,0.04018657465138577
45,-666.5019636789009,798348.2308865393,765517.4886630287,119533.84306146853,63400.7130806671,48000.00000004508,543074.4395181757,16844.741761595542,1720.161752735526,3120.9483357089875,3099.934384041658,191.9680162913008,457.3739826575342,1092.376113489577,32287.107677565655,8469.562065605116,728.5972108955834,7.180878715663569e-06,0.00018477395838675464,0.2761754268632252,0.023980249301323357
46,-630.0462876903644,799211.3495899885,694686.8496439965,121279.75761470363,62013.404892437466,48740.80047310859,429934.81964427093,16589.904168103472,5286.459784336178,3435.3068554133024,3198.597619196459,285.5047425402563,306.52315997597117,871.6858578750515,33047.15504474386,9779.275105293174,797.5869071677789,5.55740620468728e-06,0.00016684835707445422,0.12146970716022566,0.023171096433590964
47,-788.2328671284723,796355.2542112315,704181.6650235676,117154.90499721857,58210.68386975641,53196.57123395168,630793.3470103154,16985.186204207424,2004.5237169822053,2884.4818507962127,3129.39142345672,74.77114064490256,109.4329434232254,679.1939993143939,35010.193439997056,7343.11925880924,751.7726717732914,7.3708256954084e-06,0.00021227891399540946,0.6174645770592369,0.03361997352432674
48,-531.9335244502658,783587.2716595122,696175.196884915,118737.74136231844,62480.06698727389,48000.0000002828,428425.0358551727,17023.87443987564,3362.7930102355363,3274.7081344047474,3026.5279986579267,153.4782299628692,351.49271356028976,921.1206113809598,32593.760833175616,7997.855207785996,642.0854691941984,4.266261847406256e-06,0.0002374288954109068,0.20341917070257992,0.04535059144711713
49,-716.7179932413012,808982.5469769537,744714.4991183601,118336.44213185976,65919.6736644525,48000.000001180044,617616.7510922572,16941.966490405146,2991.8990610367173,2725.8356462321376,3105.4525700130903,111.18203185105632,431.12579091038106,1016.9815114898246,31991.22530763148,8375.835421046577,814.3204192567574,8.019033532222325e-06,0.00017085321292459424,0.44189620731075013,0.03198619164770755
50,-696.5778989219841,800970.1392930048,760905.4515993121,125278.02675987718,66493.06167475105,56035.285255316994,368636.664666957,17109.64954298189,1897.9372538170803,3275.4416984535205,3083.6189417414157,471.5815881567378,642.3328757250457,1425.616265342798,33151.396669072106,10869.405100586695,859.4549152864859,4.732481845994831e-06,0.0001800415513092967,0.12340981689403563,0.03973668664927353
51,-502.1478881264214,801773.387112601,768731.7324533588,121336.41674004398,64637.53508298928,48000.000000385546,347635.3416586721,16897.162326520323,1534.2145303490693,3398.0471016425804,3026.6885581043343,258.59829280753195,470.1987413535897,1048.2186482710624,34038.771467081424,8466.833009096857,736.4436919565029,4.450764445152999e-06,0.00020138284748091813,0.10693561433325476,0.044174682346064226
52,-622.3835184891443,831962.8388685964,770689.4745946123,122195.35820153927,70549.72041480568,72895.33093306428,312352.9735276089,16013.472631034692,2866.9383687890604,3193.300468447932,2847.927327158508,351.1249182193165,779.6949377560634,1242.5885430197327,32581.06565464075,17760.791407948374,1248.5319716138579,4.422731619958164e-06,0.00010864950856018945,0.11696712749848479,0.031498206926494465
53,-474.1542390151187,811707.1716654832,706490.1437690652,128601.3872188718,75718.07589747076,48000.000000970125,638423.7163432521,16981.18273139007,2479.4387864928644,2972.6900766963777,3080.1372625523472,638.2911327810743,970.687244469889,1809.332648485232,33684.66531438438,8746.67676490689,697.5902042277455,7.125857656075548e-06,0.0002156433965657595,0.6247076321637279,0.020145248255095026
54,-513.9662340644509,767357.0165304774,737537.9235475017,126138.03878042813,70477.55207975699,53564.72122089923,372410.46484906116,17484.737593360387,1475.7437894725447,3308.9582786059805,2796.2995599636884,489.16001247678076,940.1672337368012,1492.2532767889566,33220.21614258263,8376.278367271054,747.5334799173593,5.394520239401869e-06,0.000209159370439172,0.1459398269070594,0.04986105052487027
55,-490.7052316084539,834446.8873795036,706011.1299804968,121466.96388618687,65133.08190708247,48000.00000003596,681031.71499817,16256.38670408287,3786.4801153976887,3142.6989374508707,3470.983153364084,255.6954024858327,407.249531176529,902.4098900389224,34890.72715793859,8785.530492933072,679.7292784822705,6.342005348991216e-06,0.00017183916732335316,0.5108136336209642,0.036805702314896625
56,-631.727355525396,812457.8768422317,693432.2808784553,126747.44833025888,69718.81034111751,48000.00000000083,583044.395000503,16663.666311140365,4484.871955092024,3127.3778888911183,3242.9218320214113,527.1276326776341,716.8148853010262,1393.1984315996224,38683.10177935371,5949.598494244155,629.1237415276155,5.894508084160687e-06,0.00026594101743967693,0.31737682650538407,0.051389186146788925
57,-561.7134444624558,791299.8967054642,743181.5309913949,120576.5889320023,62151.035200679384,86496.94711019246,610899.9352419539,17276.913309865024,1169.080663923089,3300.590859104824,3269.2829193337175,229.54656317940066,290.23606834315626,1020.3812777450702,39746.65591057682,8980.133340405655,1078.6316466727403,5.632019705592783e-06,0.00015987801410416902,0.5106623610207309,0.02337700275631503
58,-492.1729581557955,750522.5015918233,727593.4879376773,117714.09055100776,64300.215640412476,48000.00000067843,390385.896326036,17523.067504703304,1033.1975216649978,3293.853003868556,3004.8391539382637,99.08926697255265,436.2258295265066,998.4806712961534,31049.208323265728,9480.353960323895,733.551484120219,4.9900209317866805e-06,0.00019667609019004183,0.13980984551835032,0.03954656394245813
59,-478.73002179913897,803160.1379214391,731879.8889769147,118610.57105009528,60494.123364453575,48000.000001361834,398246.5696939442,16759.628959669706,3287.717392200558,3429.9270683995933,3105.630298953287,137.07098319122946,249.2137372107638,790.6438736544604,31559.447778487734,8579.107739809338,755.7430783618167,4.815417227867226e-06,0.0001714037599211,0.14221381069255778,0.034748537897968126
60,-697.151505788125,826238.3074264177,744169.2675611583,120335.78438261079,63868.563256216476,48000.00000036662,427935.23388029786,16236.93665767858,3285.4681334186703,3557.207248891542,3204.008398605556,212.97679340507514,380.4089882636643,899.238490950179,31473.882547083394,11676.794023724713,781.8834938846038,4.0948762208629784e-06,0.0001655848836290916,0.16278259654450133,0.03206880977982106
61,-424.1924841697685,835061.254646925,758154.4893195061,124900.27803746027,67997.58984533961,52413.65826847458,686076.4227638199,16352.079510426172,1642.7018913185977,3034.0635165016142,3267.4293692795486,398.9710909453248,647.5642488432205,1141.5688290666744,32272.186745560797,12448.590176220858,886.0288624736181,7.066991601195966e-06,0.00015903889047668029,0.6717487276573636,0.021332774013734325
62,-510.3367405671518,834875.5091372303,743565.0282212642,130519.00117634908,71281.95923875202,49304.57514248417,665607.2723928362,16378.533099349981,2876.6456633269004,3083.6449241289556,3141.846323600196,778.1935703400353,762.1631386469412,1586.1232431933595,38344.07437208251,6381.122530306568,624.6040356995934,6.429088260782278e-06,0.00027134196876399456,0.4851975601838181,0.039243034638657366
63,-585.9765110270928,823358.8953583302,719116.7153031516,125676.90830689065,64381.28078804219,48000.00000127333,635318.647585016,16418.172587594727,3988.608225715921,2975.8593943920164,3245.353125091746,520.9008156178835,467.86930508128216,1232.082391538837,38993.207525252816,6321.032954588913,633.2884046895991,6.396808567760792e-06,0.00025091155542635864,0.3646934039159174,0.04551375114289794
64,-332.4121365719866,851836.6834940698,803863.0907297863,121426.68171085659,63085.059401518934,48000.00000195826,581214.6810745132,16142.963786980425,2371.260033922226,3189.7545808091213,3188.3676956682475,278.04823737584763,341.8987315047577,1060.0509074329987,33233.071865480335,10536.727859545157,802.8983423454481,7.158305615170252e-06,0.00014550622888427915,0.31014676045764006,0.03706359953614521
65,-717.5887027391522,784198.640492977,707677.4932109202,118369.78855847805,65543.37253540412,48612.902308741475,259722.52191527263,17095.98306697173,3441.9257987855503,3290.4800994177667,2905.128388620334,144.28057439935125,500.2316841260849,1096.376577463176,33456.6004564446,8461.588266121134,730.8815836477718,3.500378240332758e-06,0.00021739719807593535,0.08053793479631241,0.04131411886702276
66,-563.7630697103584,771716.7694859662,742111.8381344123,121093.14384052274,61067.497399293505,51298.17228564087,449535.67076103576,17256.71120105963,1298.814654187379,3341.365241003166,3156.5391053438448,262.4331161301207,265.5808107446926,901.9298879037068,32299.71666373118,8075.66418101662,792.1634953010937,4.463149388279738e-06,0.00017911742290801643,0.17744142106119343,0.0365922537092865
67,-509.55424491238847,767247.3609065351,729478.6200356128,118650.02124505305,60173.5879433867,48000.000000360305,381416.6455287646,17430.636584943684,1853.6668205229184,3259.038948475395,3122.5674700497157,163.12064442344126,211.92015628522282,861.0034897514671,38532.78758947195,4752.867998073958,600.6696081158145,5.041395167905595e-06,0.0002799158623679979,0.11862471835228094,0.060172315803332536
68,-654.3474817147119,801235.202523206,759507.5035758846,118853.04283476053,63128.91021651576,48000.00000061167,310298.4066302591,16776.687759843346,1546.13188945443,3689.486814762705,3288.961043490429,174.33726375517452,339.3841775817549,1185.6026719819067,33006.850086107275,7652.91311146215,734.3429161296117,1.957544931528319e-06,0.0002113323875026777,0.09193500329269579,0.04466811126208015
69,-533.8045019350492,783055.8161463441,697029.2287092584,119899.74328631854,66549.06912400402,53510.54703506076,378411.19053979544,16901.31832437659,3658.10376737645,3432.262452150706,2967.887138150453,210.8462377893604,560.9522156364923,1084.6298804411206,33410.78764493984,8078.672595338081,830.9690094551548,3.968761641434601e-06,0.0002182044866165869,0.16650517174449186,0.027391482294283606
70,-695.8411869495492,754090.8243795712,687035.917578248,117681.28948419589,65545.30890044433,49110.97795143967,290872.82401396317,17439.178170068164,2759.591752230261,3468.3685379730973,2996.1222548024602,115.40850811569328,551.8509180715362,968.9177274431155,31021.761721591636,11289.78399025183,810.2347296296792,2.4526228195382906e-06,0.00014737747184893215,0.09435838421990018,0.02191483414889032
71,-524.357616836215,762302.5998024958,741863.4807954031,120794.68304447726,62275.164076179506,48000.00000031247,201379.51521445613,17356.99432327219,1191.0712767837335,3346.490208965149,2778.454686851887,234.01041172218797,365.92837665505186,966.9859760740867,33725.45266035969,5738.8016303393815,681.0156145104372,4.784536446586762e-06,0.0002416235069310554,0.05074551625011293,0.06442248621163264
72,-571.9261829617467,798818.5063665747,746700.5264087137,122960.91458569176,61759.14343767005,55780.62653971063,699993.5851744006,17326.238259393278,1066.0575660328752,3017.604185541329,3335.00712212343,310.13379789077266,273.06903924247837,895.0773876091739,33070.21943827588,8899.548928539174,804.9359284394452,7.383836539209322e-06,0.00017902849270913526,0.6670832187102403,0.037616771041592736
73,-592.7133076653229,822530.7230433424,775575.350788672,130522.41196709957,83991.36377784624,54748.13596816517,573111.9879152089,16273.835028686972,3320.4335159098932,2652.8892810942166,2830.1265623858408,603.6155776715384,1295.4182248479765,1924.1319529731004,36734.6218106261,8436.78168011874,788.1797876208675,8.639726186246816e-06,0.0001966103029039547,0.29671815442740795,0.03732657000186444
74,-602.9105827923337,770808.628933992,701615.1802820617,122915.87247048481,61861.44775114949,48000.00000017921,640497.6370482212,17194.01446798445,1340.4239358370623,3103.609430752589,3210.6853088629377,366.7058302445709,300.36107558731527,936.2809612816312,31538.063615204424,8831.79754254598,748.9405261072218,6.570935782229053e-06,0.00018544345095373148,0.625642918177388,0.0351698479217927
75,-483.49170468887075,829332.7781378808,749451.5685078999,126058.47398147818,68006.88483958229,48000.00000005054,470290.90012304863,16275.692750138249,4825.109436904729,3119.3360328806743,3098.865031773547,471.3107758962297,648.9287040266498,1508.2910576820896,35243.89835547549,7745.165070150697,670.4560672857177,6.034834928548766e-06,0.0002377751778076268,0.12727654923605242,0.045454742286247456
76,-704.8791031741721,807258.3139739028,748414.3738518371,121909.8310956204,63888.01699216458,67296.99688755546,352185.05806005606,16526.154244264228,2715.1130971808025,3436.142910213465,3234.84166405188,292.0915188870861,357.4152077090733,1248.2787421886405,36800.668726590695,9082.640207655131,962.4848534699504,3.837468832966712e-06,0.00015646916985642475,0.09453999763923275,0.028339648404630307
77,-648.1096379607968,800347.0441059583,729654.9721015666,124411.47637955914,67791.68390455803,48042.79764363495,535012.2010240898,16818.21913235642,3071.146150356344,3073.7373773560103,3078.2916764861898,452.152768339745,713.3528175431553,1117.2076416210234,34520.30416231647,7455.095552139661,668.9319487716999,6.300275612876183e-06,0.00019669195254315316,0.2897839870588013,0.037459558594116454
78,-511.3270371630674,825097.4993514994,768722.7477564324,119428.47280356768,62015.45118443395,80891.9927208192,495120.383862599,15994.579342187168,2793.3384247295917,3092.8349638486357,3129.3242195650614,176.14608029974107,315.4094333592136,1009.4664947750305,32762.576685024625,16063.851275034875,1323.216996097969,5.9755839754293525e-06,0.00011562583988001374,0.19638282329545903,0.018564886159102945
79,-579.9771235101226,823508.2214669442,795228.729936924,119557.07405719085,64215.11398514009,69001.76335179353,370474.1456263342,16462.84229954016,1259.1992712880713,3201.4190472766268,3001.8387168919185,163.02324713167766,492.2548402145693,1028.2892009485136,32873.614322771675,12691.114930414875,1055.9907795764084,4.387561612398173e-06,0.0001358684813090803,0.15875554396671254,0.03286334648589157
80,-548.8406492527546,801992.4690318613,738715.0776207675,122044.01111048892,61276.19800561627,59175.901161577,376163.82596446644,16790.85517743007,2439.3375981539043,3435.988843005,3173.6786984570913,304.16717144346626,256.0848592918036,680.6092528609814,30893.5197306593,11777.45353392635,984.0118418245067,3.369164693228134e-06,0.00012803283272132582,0.1484356965487425,0.03639577647605094
81,-432.8246976924024,842929.6722086342,807922.6675768185,126340.47192306363,65226.9652687231,76308.57686953849,601569.6800822202,16151.969215214085,1920.5519471861119,3056.894837038805,3173.1782091627642,545.1376726314058,495.24388179751395,1111.3638371061038,37130.48630942564,9807.510355454217,1043.800063780889,7.013149304318938e-06,0.00014467769970962348,0.31957587895192685,0.03598447388287267
82,-627.9744333377951,829698.1096137123,819142.5383097539,124264.42681751569,65093.19203281379,48352.054962599424,355766.08877962,16488.608639869813,491.86902978881517,3388.2079460657233,3055.8703167796953,509.8069736375095,524.5689071455382,1267.940503231957,32441.38510041325,10474.618299593214,798.3327958191311,4.662895739885154e-06,0.00015542637216484412,0.12414857486651704,0.03233930452966042
83,-548.3388849097196,823452.978990549,781159.3038558837,125134.17925670269,63932.00954285176,48000.00000095145,590006.5261121971,16538.842284359613,1740.2223776343626,3185.3223292183834,3191.6804899585027,438.946165384945,417.57502194840214,1201.0802357902169,32319.290146826683,11962.987312914167,805.4472644406168,6.330344135077158e-06,0.00015090174907262608,0.3129229434736113,0.024484225230541116
84,-726.5817542297067,770545.2858886741,714244.2025967862,121220.79898575545,65236.066709763465,48000.00000008473,520758.5105063622,17113.62675079719,3576.086653905786,3260.491013556204,3090.035297483154,300.5597827149858,563.4504454092034,1038.324732125915,31260.480524241262,8134.4594821478495,796.4811852631951,7.258658147784815e-06,0.0001689624213724206,0.19114339676574488,0.02662406275576848
85,-532.6901066869527,776278.392309167,697551.0002778565,118277.40215658656,64161.459984295616,48000.00000005719,299733.54221334343,17310.12313918011,3186.2577697659513,3669.773732748822,3161.069907917846,133.9521093788042,467.3013855032228,1189.7126783478025,34847.7019283732,7214.808347120952,659.2880661536271,2.330057555252907e-06,0.0002235257468836008,0.09616822762899732,0.03975238301379258
86,-506.1759630656798,825046.8696356174,692531.3852627362,119786.65649368385,67921.19238506701,73436.26865122931,638216.856097211,16297.673763056338,4548.110574100735,2766.0046006481953,3130.2441773228047,186.1190655314783,559.8877820752604,1001.0528085297697,36570.97376429158,9803.170262125557,1023.3502409505451,7.095165194803066e-06,0.0001582369380108126,0.5072008311627194,0.029764263380912964
87,-565.2000008229899,814325.166908392,744948.8146190122,120686.48516874993,69415.6144586125,48000.00000040968,343273.0071676642,16517.77674393797,3579.722573135999,3144.113375646196,2906.9534676266458,239.14323421116015,659.2237435789597,1425.9166144466938,37060.59882621126,7067.764808539834,633.4180578149187,5.465680371999014e-06,0.00023462918401596493,0.10951723652234678,0.03766295499284577
88,-502.32504229130893,804763.8879417572,766582.1933040223,122566.71303214693,64129.8275433029,60916.55001474402,484677.00483595324,16597.86097148889,1422.4816352344694,3414.588523030735,3258.6705990919413,358.67056180280895,389.16977396455445,873.85870136859,37459.66329070355,7765.06895719,817.7838171304813,4.434453430781554e-06,0.000207166748334598,0.2133689515750879,0.032073318018138654
89,-618.2420599731013,758163.6815600554,637225.0440905769,137730.56259056527,91315.97161376553,48322.896358359074,625733.6496059686,17557.143606617457,7099.45811942315,2613.383728476318,2715.8700266393193,1080.0073939327704,1759.7904056923999,2766.96977495049,33227.95496422888,8185.980509822076,676.4373272933087,9.065351633996964e-06,0.000192219489557872,0.40839478172142507,0.03947856009565692
90,-529.6501909817446,781725.9435091388,707033.9379544243,126256.60781749558,72103.96064657634,48000.00000000629,633940.8146642473,17284.59829021013,3450.1049514225924,3008.9567386460744,3043.420849129982,469.17384683817846,920.5381324012963,1826.3360606632787,32420.657297195245,8951.042612631058,726.6103343204335,7.553005808524675e-06,0.00020467411342459338,0.361804183595243,0.03642950361228237
91,-646.6118688116248,770542.9511721127,736788.1141425909,119976.46447190428,61756.386575184544,48000.00000067749,521899.68921660417,17067.432842484362,1473.2021841995406,3088.191318335955,3262.5153770844104,200.13968886418004,277.04694191348307,897.9794379331995,35241.63357846742,6364.31062431703,632.0659857892124,5.699135721173138e-06,0.0002364920571027579,0.2553209124691573,0.027774604528444474
92,-622.1413906106535,806686.897669416,723178.5993883873,124671.20539080762,64566.87048801757,64940.64190835425,673777.1940248751,16729.105850399927,1773.8871417173818,2955.6496357807746,3185.954293856254,395.8166878757819,360.5580774147897,978.9758962066926,33720.353768623216,10071.827768025514,1018.5908465976502,6.7477858231143875e-06,0.0001462927975919189,0.6211519843415979,0.0333329856996855
93,-527.0072532920983,793766.910774384,764274.0342039749,122838.61858151302,68977.78223479405,48000.000000000065,583473.2121460054,17228.546279184917,851.562912152968,3385.2707993938575,3181.5526033176216,328.6442837548373,820.1145868159869,1427.324838121338,33244.79806763653,7186.376383289872,750.917933577016,6.100053530923491e-06,0.00017498459860477433,0.44496946918351904,0.020841156885446216
94,-509.7948405036483,791840.7666049271,694841.4891697451,120047.23183091375,60138.774872469825,48931.7263607735,534941.5962839671,17218.620786089967,3114.484696870168,3362.670225520116,3256.6064843356403,234.2107909404326,208.38858196167024,830.3594055372392,32415.469553962223,9191.53866044295,740.1501158437907,5.012092996201245e-06,0.00017202288089517183,0.33002527317698765,0.028806347697552685
95,-606.6868500331802,794069.546231718,754425.6884860804,119737.51866009393,61550.8939088559,63027.67185399905,449460.7941442886,17042.185767545412,1858.5047761071723,3376.909666647112,3122.6579005447684,205.30746966838106,286.4214251618403,890.5801757283156,38706.70159903723,8387.031966394032,848.9632995758374,5.661398021531596e-06,0.00020721615656829888,0.18959369491214925,0.03153288696085578
96,-554.1074688794663,819953.6676224746,770337.0106162815,118654.35567359542,61544.8810966278,48000.00000017648,346830.20175920776,16684.535669459587,2177.541783151492,3405.4867165121073,3114.469578831894,128.46509861465245,296.8064161334661,1020.6658031970001,36710.17222047548,6131.456856471643,656.9530097600666,4.236743337581111e-06,0.0002472845614966515,0.11970371300026328,0.04884334011082359
97,-748.2782941797973,864245.8146801019,747113.3118831756,129361.81037583221,73388.72429109857,48292.92213791729,612821.0107901094,16060.9737908053,5666.478497462927,2811.6222513009184,3075.7500546841247,648.4266210313447,871.0618935512424,1851.5243728316036,32299.39975211632,13682.517111983847,864.7710388149926,7.910438587195384e-06,0.00012369555614377134,0.3455266875928808,0.032533261873025826
98,-517.2420660495418,810131.7597748258,642064.0471284416,121066.9081212234,63785.03256614243,52083.507528011636,622128.7345004128,16455.59388278165,5385.724095822198,2985.08059902402,3222.11263942994,198.73652157474976,353.3473991032986,897.0198297578488,36352.68452481534,6805.232420630789,658.5491614840637,6.462814592814777e-06,0.00021118325495953917,0.4448925064764155,0.029123342206377873
99,-526.8849716177738,793393.7519342932,780389.3464843775,128073.18926216256,66055.9810368733,55263.26753951582,404000.2577994236,16716.390178949834,618.4588314136433,3151.2050496262696,3032.560923109636,690.2199098941354,672.6863553735486,1290.0359744345008,30436.480353361407,13246.849519049534,950.7124111025579,4.9386015027273414e-06,0.00013090599875033838,0.12316390345661668,0.03321556916445977
100,-445.0127060194583,805405.3414766107,767190.4314327028,121567.69457423752,65081.21752234432,60519.183659581584,506914.6983687857,16878.81818742991,1564.4910573451004,3483.686473163944,3124.2288898820557,316.29034773762373,439.0848149645007,1261.0867435588393,34560.95501310791,8434.481478342392,945.0652439379594,5.738086737402748e-06,0.00018435331055163275,0.30436760309168015,0.023483938772504983
101,-544.8860441193756,770097.1683173392,749183.4471104654,119563.43778243712,59886.200596670715,48000.00000058396,636266.1623299335,17093.002319379066,772.3438582859866,3056.117240475374,3238.0975353514877,168.64097151323614,208.90713040814558,803.7826101908519,34116.909714140194,7160.701105956312,654.4223802080821,7.1014140360691755e-06,0.0002146641598939468,0.44700550730440497,0.045809016325309336
102,-694.6778690986622,777360.1650124298,728094.5494499801,122337.70193508988,60208.70994220163,48000.00000014322,318159.63084956596,16942.460994682704,2249.9324063091412,3466.2692579071418,3263.632478428619,353.7090379328356,208.18937794669327,773.3342115107647,34153.439681612675,8184.298473312221,655.7719312931887,3.1752538576617874e-06,0.00022297506838642054,0.08006220438777571,0.03657483526506302
103,-538.6399932751551,813940.6456194309,700316.0553430101,118178.46796516998,58537.43565089532,58787.75370249502,562944.865734842,16503.141752995878,3542.4893225921933,3015.0656940800477,3285.441410920569,113.61787084432316,126.99326351646323,692.8004239250934,29606.050435100387,16335.591318660072,1085.6073605218794,5.4813695877290206e-06,9.655249358193008e-05,0.3471496559228115,0.028627745282180702
104,-704.183924653515,801797.3802102517,776410.6084324365,122506.38065087328,66886.79776902455,62048.37051115994,514743.3810624704,16645.212985870287,1495.5141245207876,3069.077089487945,3111.6129892016957,293.7196759785162,590.4404573033132,1042.2588085778516,34163.08168934462,11012.592066373281,903.120017352527,6.463655817310152e-06,0.00015518129963400953,0.20082963988994215,0.03524309699097727
105,-522.9139618491511,816915.1343189364,727845.494048542,124036.56987933286,65523.95515148765,48000.00000009871,600716.5947345492,16324.70782268804,3062.331740766976,3255.5143473465964,3207.7379644518596,361.49261335263026,411.05367398708063,1020.90450949004,35397.817289406594,6507.346250596072,603.9637405662825,6.093554918394493e-06,0.0002645741110953233,0.37520238525028965,0.03710613587481806
106,-611.897684177251,789425.3711433695,732823.0820482305,120927.11544774246,61110.18952308332,48000.00000003332,392463.3365152921,16827.40863093173,2665.1219686346512,3326.0698825004133,3186.521182425642,269.9507984489441,263.1859735060499,1018.9865070129332,36359.41379858202,7351.240217823923,627.4559587311722,4.761002058703815e-06,0.00026236304933544854,0.09152446980605149,0.06137471356693274
107,-777.5237693028218,790333.1895418391,758952.5140629667,120329.55316682968,59278.40273299821,48000.000000242384,373232.72044209525,16755.560902496254,1153.536757369892,3721.4383283772013,3153.5342575866985,211.4430910377419,159.2841488447759,716.2326070194262,36701.07440119287,6152.802680452408,625.5686247609206,3.2424146396050004e-06,0.00025823523343812636,0.16679742658755992,0.029692723159691927
108,-469.8851073056217,834984.9155538478,783338.2668222284,119886.875541051,60441.64454715769,48000.000000040476,655843.2208328219,16387.52258648981,1775.5283806377242,2991.50537750629,3123.822110034257,188.6365017651681,251.40592841081303,873.3202990471085,38127.22767929436,6273.637682914804,611.9291109961388,7.959873850545331e-06,0.00025271828328975393,0.5183958989185684,0.03888964699530184
109,-599.9747933550736,799046.0781095922,729413.4922324879,127276.36777366087,64793.583016839584,48000.00000004534,429204.59993337427,17345.425383728692,3279.1845815641987,3210.1819301803903,3257.1974632570236,559.2084927926227,602.2974371511818,1355.8355701821663,38376.99389614026,4927.355082827675,595.3930897490425,4.810195285495766e-06,0.00031206498422039016,0.11316192468620068,0.06204670200127792
110,-490.45073437680327,813554.3334886696,700713.7604981551,116659.67779327571,61053.11499721907,66656.60315772663,560246.8942677977,16584.791134826173,5289.928117515946,2716.0165095673647,3007.38014103121,53.94547574248655,267.5537524906499,1110.669094984559,33405.228368296164,10933.360769474602,1064.1058497264921,8.038004856379821e-06,0.00015294215575339324,0.36429379279252566,0.031436155726324
111,-511.64173197071705,799492.514669319,742726.863110766,122816.74108591174,66680.05779935567,48000.00000060442,618468.842303863,17375.06212679697,1711.4168654394523,3141.418026974685,3230.739021056991,339.0850821818135,562.6057704607032,1365.4388502039615,33555.275063087596,8216.332181308428,686.5688270672124,6.925147420440136e-06,0.00020706636112277768,0.4815375879662398,0.03440618397458642
112,-623.8636990477892,820092.9820258269,727524.3248509199,123971.58453773867,62470.98223474187,85064.40559651174,674707.5971297893,16656.814046720818,2205.9185839715574,3149.653109879741,3255.7141460699427,422.18969752398004,307.2457715334586,1009.3169774577754,37902.566426356134,10911.555849980892,1186.9062679215047,6.896149168841981e-06,0.00014181223644980088,0.614467926982133,0.032832932769016075
113,-553.437666485067,823433.1164281282,789761.7356158366,123231.4176315724,61203.06542760016,48000.00000073658,391862.81054801267,16335.829184730974,1465.0665458064086,3360.82483823328,3209.1203658024906,278.032239442754,267.23726369894564,928.1960341582147,37571.67780446003,5626.816278643487,641.1758325636301,4.774069522064124e-06,0.0002590262655777647,0.12257358487263217,0.041707878113298104
114,-561.3102881996517,782847.8583632867,753521.9621197237,122126.76024390697,68675.29513902336,75184.61398675482,256885.98294064467,17061.38486964448,1340.377383267011,3411.4732095628374,2977.4944456578637,334.49097261868314,712.0434910655842,1156.2378581728763,34826.60692786189,11712.929937502224,1120.2436611790697,3.6343615888670804e-06,0.00013480800903917318,0.0690458523374516,0.02884220838971383
115,-671.5148461595245,796692.2585444996,728764.7109949784,119442.96421505921,61177.91204267432,48000.00000037208,501461.6660100216,17116.124261226843,2755.010468753829,3182.308922947271,3106.8488393197326,176.46505506302918,279.61950125311415,921.3829047629218,34594.01163455579,7409.291860308331,748.6174516612463,6.03522976962917e-06,0.000209506723053438,0.2628367717968188,0.04231249110862079
116,-439.2071410952659,860945.2450249703,768103.8304556205,123547.3183163378,62155.419822477255,61854.123708502884,429205.9107027912,15759.53829947554,3857.2174163259087,3178.0056864267553,3047.3184391547243,315.1621140532901,314.432108602953,903.1424754602923,31981.01844255308,13681.370293380456,1060.6441793416657,5.174161123380771e-06,0.00011196591221318332,0.18655517786945636,0.03469560204396765
117,-531.5839982613505,845763.5511983777,810660.1044099989,141708.02284843926,79268.64603407867,51621.61331302645,519140.06946278946,15847.093479993631,2298.5570428314004,2917.7891316367527,2959.805050922678,903.5877675163206,1043.7064777382013,2001.6178306251386,33537.92310115502,10178.915727340525,779.4606680816005,7.3419763530748585e-06,0.00014471436465102476,0.13856361142137744,0.044430993832471885
118,-496.2147092437061,820518.9157298888,727685.4812179776,120988.84004272871,64865.83478860451,50036.87115085892,601298.8241592757,16259.559420843068,3786.6527927055986,3130.933336911899,3252.0964383818573,233.56085969761108,509.81190455759946,1058.2908191485017,31119.28161483458,13668.01543878229,893.1168838975814,6.2919402581706915e-06,0.00012183913901575821,0.31425089639620496,0.03433026496361593
119,-577.5313797833026,778345.8465389508,719714.9106367386,118378.98452631623,65637.44748027937,48000.00000048778,562113.5441955663,17313.667819389226,2269.8555819351936,2905.5108793925774,3001.397294958949,102.45587818762766,527.592872760402,996.8496464804383,33820.70657004189,8020.713019183292,662.7239127239335,7.543238743266916e-06,0.000198142723972589,0.389154901585351,0.0364998157284359
120,-578.2776841632656,847941.9725192218,787886.9145129184,121702.41793534029,64932.72599819119,48000.00000011551,669131.6560605564,16291.27128684938,2354.72308712068,2924.9775092009513,3232.64528327774,288.00921559944555,478.87428879925926,1177.2885086580766,33181.47408055108,9757.995378140458,764.0169062818829,7.1873701058130765e-06,0.00019465504612349582,0.45383556042641776,0.04436509602486748
121,-626.1135339610844,804541.9758778376,771026.8905695096,121448.58731450846,64126.28225534431,52992.849679866864,358185.7275878785,16983.76222875774,1576.0623252586493,3220.472306731049,3069.4712124574835,273.6389306640314,451.86893786419955,1090.650948741915,34971.72475753171,8098.834092601804,757.9510670966687,4.810899918155262e-06,0.00018828729428485113,0.12105338387627991,0.0343646826110887
122,-761.8443088861048,857550.7977907873,801650.006818669,123906.8412314766,72229.74937088384,50910.86847952334,704953.099142769,16106.027705605227,1964.7256682407024,2860.16389837889,3180.0426673190877,383.32740625791934,793.1794672345059,1589.8764405973018,34454.80323028018,11222.284674861694,816.7483969158171,7.896151080309543e-06,0.00016906702448415446,0.5664729458859791,0.0441494358621977
123,-594.8113953039183,823037.2271960438,726893.183893423,119063.55420152044,61345.794350209835,52328.437915581424,654354.2248002277,16307.278299217447,2337.6221133722015,3112.0706697126266,3320.986369112834,164.42532575920242,275.62329437731285,861.010895362863,36459.93878867812,6518.974181193574,749.5150862824609,6.2449974214044745e-06,0.00023505721912637354,0.5474801222110242,0.04126979635806943
124,-631.8181030912956,798998.8260461359,731773.7520253008,120711.93406200485,63507.511725677534,48000.000000519416,388479.4383976875,16935.26309031041,2579.5805552148563,3330.096454744178,2991.82986894372,260.18410773841003,481.2962368419894,1037.4521491199923,31101.131295474763,9400.687842146346,815.5471334610208,4.454474644101126e-06,0.00017128454480202295,0.18040228472833753,0.032371128285522736
125,-567.4145295915345,782823.958981633,766579.296747389,123869.8386516864,72341.1394238991,48000.000000097694,222167.29075800447,17049.882789528037,1277.8979610681856,3061.5686062370773,2715.7293766737553,331.8412701223375,871.1401405724358,1273.3234243798845,36883.02730563065,5898.853735836987,601.4546205551459,6.552604179644783e-06,0.0002491110150693113,0.05316305634744778,0.06095405851860543
126,-611.9251266927231,774056.1291237847,720331.3228662416,120799.95645818765,62398.882305638035,48000.000000634434,302753.7568600127,17412.706077056104,2155.2457215304516,3565.388935438644,3067.4479467508945,268.8840003100598,437.5528736971108,1138.3438445068248,34236.46774580235,7356.480517731746,690.1080001286335,3.2991243032382086e-06,0.000218661567576594,0.08660996577918913,0.04599198825632183
127,-521.8437634204369,830843.7037963335,738968.8781171902,118147.2982637483,60074.10411605595,48000.00000009863,462538.36791241996,16430.980916275068,4609.622672510468,3168.7445998666353,3186.268162184925,127.91075686048343,236.01341196742422,824.8105462275737,37993.286598258666,6122.212046775532,627.7380581177583,6.0907075133838165e-06,0.0002634989793350033,0.1706610250820847,0.04610407317754524
128,-587.7866697937627,807915.8132777608,791490.5596186506,116535.21560527428,64911.00377748124,48717.84137872693,309851.19110325084,16254.950559113442,722.6487527779599,3366.018818392054,2994.897948296873,56.864929587697844,516.0199652471625,1021.7745759104399,32146.1021501005,9846.138443510239,773.7685628475964,3.705797431717037e-06,0.00014284425090244044,0.10389404983072827,0.01691541111721541
129,-558.7981094550505,806420.0075304514,626000.9858364512,121828.82333563166,60696.21796763109,49664.37251860347,626000.9858355905,16982.790207057773,4462.754694305972,3209.8555784637006,3358.9024323580575,265.1839913315732,312.6781605572164,930.630391673159,35057.67713873287,7397.974614560925,724.7775615503662,4.725889653880554e-06,0.00020667824248610714,0.4824755337381622,0.0395475557767962
130,-551.5373310862051,833250.513467113,790274.7727679792,130180.47987751462,80286.54698766724,48697.54083211936,456961.1629763507,16530.746635968153,1783.1208325711698,3155.6505480863916,2852.931037091249,727.3140005181058,1103.7744734307782,2045.0612535186572,36999.23348429085,7339.693175793636,676.3273764591954,6.58174411055701e-06,0.0002321868368987046,0.24162732341159693,0.03698529368206087
131,-471.1710830734107,817445.924431034,701574.1446679605,122546.1302946719,66698.43560045937,71438.39945314724,531290.5943098333,16468.320621312076,5684.195929959304,2861.188945431196,2990.478930376991,294.54882001412227,722.7829950489199,1388.8410565323811,33433.88511261139,10111.334673120895,1057.6825415949365,7.579363581841534e-06,0.00013915849326642563,0.3066190073616692,0.03140798413288624
132,-586.5241472174382,766626.2317164711,752084.447483787,119924.09033037073,70480.58489743416,57302.42071436385,366714.8541059205,17434.34846886804,746.9059938493642,3251.037899100211,2774.570628700092,190.0770061468532,779.28943407596,1297.9339005941565,31215.593869464243,10913.14824793625,902.9604020456061,6.03738460871795e-06,0.00015142454952575053,0.16527145275363994,0.028815259465904772
133,-585.8882703065208,792722.5413556107,723006.871527613,122713.07556882135,62718.815084321264,48000.000000538086,529984.7531978124,16889.228097232153,2592.993159612643,3225.0992861118807,3242.28121653059,330.9355410670847,313.06618785318796,863.1016208163486,32091.088425932714,8166.653630098786,743.2704933580607,5.358198540332526e-06,0.00018795908165517524,0.28528650016869045,0.026189627837180093
134,-406.77849717600543,807438.4309970549,755427.6528396584,121739.2845655374,63316.78040315088,48000.000000008506,572884.2917108652,16222.881840719065,1920.810457309749,3239.569783985225,3172.0350556233143,285.4180810579812,380.0971036464356,952.1629741448943,34338.26855361797,7949.111794233926,709.447408740874,5.8858050837713475e-06,0.00019486112170272383,0.32576378721770183,0.029198883781359743
135,-555.4363861435983,813665.8806319408,762170.6770559103,123014.4728292159,62427.830430648726,51474.28561970377,612216.9215774799,16761.832513472622,2257.149371085879,3177.2883171341264,3429.841858309992,344.03847570850036,314.5081455259224,1041.8291133777009,33087.62692442354,9724.99408807927,755.976268774106,5.484322676638234e-06,0.00018447617088381533,0.2507202617075671,0.041104878610986655
136,-440.8290031018363,819176.5607483172,663357.9339722041,121935.92579050687,68422.2671881402,48000.00000019455,622527.9861774052,16381.652816658183,4576.291987815439,3079.056612158207,3316.6776149088946,276.91007509700495,662.162879397227,1102.6021416384408,35339.20227463492,8002.388606230762,726.5313066116531,4.608068680530427e-06,0.00019230602437670684,0.3694721526422191,0.021753202796697037
137,-510.30031405535016,792191.5459005063,728683.4125683347,120286.59236385336,61896.96777532874,53859.610878093175,368637.2627771451,17149.534800882764,2579.3153140735562,3589.1271561206354,3069.1025585734333,235.99305315293324,378.78041310327603,910.1932332586902,33374.974336597734,10360.216500753975,826.2824654090915,3.4581332147548516e-06,0.00018170071321585584,0.15704793840074363,0.021133417684718356
138,-501.083833898525,793597.9118263242,746288.4120168966,120095.25247164001,59911.5248202998,57498.35982686192,369139.00276826246,16901.225552817807,2480.9468897049414,3114.5608718783565,2970.043820240186,204.88074384238985,208.58283910634162,758.9599570281364,33230.91334878746,8452.041333434645,866.0208597094238,5.55930509521789e-06,0.0001790346805689955,0.11109937018201739,0.04350074243403466
139,-535.2790274653198,809433.9011799138,727090.3317199346,119991.4566476875,63343.13156899951,51751.57585305848,367510.80649999506,16579.035540766712,3765.875538725802,3532.0031380141772,3165.252238807618,228.52691993779075,387.97349603839496,1062.3352760657501,33799.927065636744,9021.479854544334,794.3495848011752,3.9947881717029525e-06,0.00018843268200770575,0.11897782516290137,0.024219333680337997
140,-661.0504203996584,820204.5047769469,759402.0624082481,121828.05437493228,61895.21357048154,48000.00000698958,423306.7301022989,16497.81280429631,2420.482223211862,3473.0136403305114,3215.6255577334655,273.85974029395595,315.54182454898285,949.8885463346329,33013.75257018945,8854.801266519775,744.0356069092752,4.238872741780247e-06,0.00019478676062881285,0.16843216858358895,0.043358972220724545
141,-742.4936677049285,820682.6854862486,742611.0012948696,117985.15823546528,58817.19280372653,49325.994436562134,414757.2277591435,16695.16561675168,2994.2935142014653,3669.648480082399,3290.9818040443547,107.07190413994432,196.39505871182024,773.6184709974139,33714.43591072263,7058.240071404666,719.1199033041162,3.858900845138772e-06,0.00020638135200931433,0.16602171239113012,0.027982568393406623
142,-583.5129789822363,804595.7469552015,773520.6308915499,122437.77304318374,64835.87084345531,58928.614171086534,420191.53310815565,16480.01652875474,1803.9108398732558,3330.264562386679,3120.8924489295,316.021159928036,460.2667492287541,1101.858583954085,35001.7735359105,7993.231086489369,895.5248279061052,5.78000255265359e-06,0.00018266859393721005,0.11457982766662238,0.034550938074978804
143,-666.55777523872,809038.2240656858,743237.7377293014,120333.72914191427,65164.11744239986,48000.00000111516,628841.3798972112,17017.765417801224,2180.071030230481,3146.8353462613163,3194.4573402631336,215.49975023933106,536.5132285977107,1086.2728821140283,35246.84427054858,7192.78679418061,734.1322319839862,6.372115415398011e-06,0.0002076221954398787,0.4428189165459265,0.02851607457240678
144,-570.3126968264194,786941.9766057433,722670.1423929218,124549.29564018668,62311.71938470028,48000.00000028485,389970.05933461693,17018.493478821543,3152.5260075325486,3462.7707839641794,3265.9844448117287,417.38341677837985,295.4284814349906,942.6988322947242,32781.08320302696,9435.346938349488,777.7999881466887,4.485330296762213e-06,0.00016409100688138356,0.09763279935802387,0.02333546092884443
145,-502.57420677444827,800917.4969709376,760098.1524778032,125160.60206171802,65928.47954416793,68411.93160715734,603648.7096909427,16845.948371165443,1121.0767412227935,3200.6702587402447,3160.7428214351394,528.117448907273,579.3341476478912,1186.4375831505201,35032.317593848136,9697.499938644427,1037.108479654947,6.106984018274696e-06,0.00015388573149759588,0.454596190237246,0.02289557299248404
146,-703.0296180889914,826012.1102492022,770655.5273033351,135042.5475007932,82366.65376220545,48226.94985000647,664900.9942172487,16377.110092352243,2284.5676995249537,3010.2262774570136,2898.058226098705,632.801071951134,1568.298375758626,1906.806461755864,35347.32346057826,6666.729207895993,736.805652202746,8.72380683376635e-06,0.00020667013575185274,0.5073284241218087,0.03504988290256579
147,-649.3081999742424,786411.8712861848,759552.8270289107,118910.32784998309,65383.283061969014,48000.00000845393,289769.5028191638,16870.258453526298,1086.0675329943558,3610.9638815536196,2915.715249804396,181.7536129181124,481.8643793996795,1087.7457676074343,29312.938223846075,15184.481432300556,922.088140621177,2.8290267245896327e-06,0.00010184716785046171,0.10706117068066232,0.027518260556888757
148,-545.8844914854233,799020.2133652827,720243.8962097556,120045.32676119058,61734.17563346513,48000.00000155095,477751.391026456,17238.339822757505,4503.097624687076,3250.5071688817566,3173.2935275455256,172.52912959214365,274.72247950757827,935.5508026359819,35148.413552407656,6489.9108776640305,652.0687500806168,6.855975395708986e-06,0.00023110825664012568,0.1719052830210665,0.05424381484961983
149,-600.212998486435,835424.5251490971,770215.1059019169,127112.77287943308,65399.980812589885,48000.000000005006,514532.08759466285,16402.418279616002,3502.3711799331113,3267.4215219224066,3155.8659466174254,613.0680543200424,577.879795194973,1263.040978490731,36529.437366685226,6592.4744683138,663.6468101193539,6.7278328975217795e-06,0.00023214475424735115,0.1785114283596149,0.043104561093201585
150,-657.138005064087,802342.039786341,744038.6857803859,117244.07025173804,59937.51112993728,48000.00000043381,296432.92124174,16973.52401810903,2864.171810489927,3542.31047360579,3009.7595841025104,74.49066526477641,221.43995781070626,1005.8448230976309,36018.20294953964,5707.025264193902,655.9952564874835,4.447618140258403e-06,0.00024453403551871945,0.09326822621202766,0.05418031453306798
151,-572.5403398804063,811205.7254609191,709526.732170332,119889.19187049652,65494.41207281088,53174.19561473519,276743.39024888206,16555.132836744982,4375.477124134867,3479.2782475558192,2926.1830074861136,209.06745934135168,576.5454939995284,1056.7927011404656,30870.719482884695,13125.674432281608,914.8229492803468,3.2713812023216315e-06,0.00014954398637226975,0.09704030560703644,0.022170669657624546
152,-717.2739336077132,786588.5279168185,762743.9855204566,118748.20029661144,63391.13231902733,60116.7812526536,349660.8223374548,17335.295909848333,1028.1280100571767,3472.973054085662,3103.316377112001,171.4236586136946,396.8037248477523,957.478440754727,35149.48084808433,7958.6399431276495,828.9285750026462,3.6278473202048472e-06,0.00018498212357633933,0.12170090919601262,0.04004593163985466
153,-598.2501436558964,868009.3898052144,795328.6468681426,135663.5232130675,90852.2755280326,48538.6220904116,587036.518556536,15844.270215092381,5212.725969096671,2840.1755355246214,2699.1925687856965,784.8882890204593,1793.7924880009082,2385.780340569957,37612.596634760965,6451.051285721351,707.358958965332,9.101258026187845e-06,0.00024297595959570846,0.31277836235942125,0.03825830746141008
154,-490.21048763084787,803969.9672127519,673867.5919689912,120975.77727879585,61842.04828448887,63751.48284315113,566171.0442805516,16768.188662501874,4529.714043961319,3292.110923360314,3292.137772414579,255.12878796060372,268.50717620910325,974.676343356799,33587.57946012096,10221.150167906122,937.4494568800515,4.943004631468264e-06,0.000160622443281106,0.30845217806930875,0.03305138789194023
155,-640.9413128506155,778154.6361709463,762408.0585536356,120495.70111971944,61342.63886865303,48053.061277612076,641797.4844772939,17270.641994373706,519.2152204751798,3162.5497516562928,3268.0572073360972,200.1625927406089,270.2161514668203,750.2623911598288,30655.12191213996,10397.089595099489,815.4645934268632,7.044845830816744e-06,0.00013431567403946747,0.4985109040074831,0.02378688168491582
156,-572.6237493065462,756195.6136238027,708260.7832740824,119903.43369529035,62917.354472971485,48000.00000007953,555992.2731645914,17759.316329256097,1690.3348501961877,3171.4840203833833,3262.7280624100895,212.4026769779636,391.0673939492459,1043.6022925666798,34991.256521700496,6051.432462310978,667.6293910985778,5.624079568639036e-06,0.00023995330657966085,0.3465489104585416,0.0452256900021051
157,-608.3928774827791,817965.9800277821,736468.5341669979,123037.9614555457,69748.5197463899,48000.00000052137,621298.5438766317,16300.55321552298,3591.5597578727493,3235.118423706571,3034.103819215893,322.7040870361169,866.3331026605215,1532.7006578085943,34600.64315224097,7227.158288807963,715.7760341553239,7.89352104632955e-06,0.00020878696281355523,0.40582710575927,0.024782599650594112
158,-410.9634733557473,818103.8869479349,748933.3673072396,121214.89887386674,68947.36626810124,67657.9337895474,543868.0960730135,16477.767098343043,2643.6012829806086,3312.084288612386,3111.034523290177,239.36081975709416,766.6973657382372,1083.023444149953,33648.879287540425,10908.575813690628,1042.8108165239846,6.484864262129824e-06,0.0001322538143568089,0.30469383756343627,0.027217166474654986
159,-531.1212942417915,810601.7273124392,784842.4253566926,119816.01225302833,61532.8181696992,48829.66322645395,554076.3093003172,17102.409374349078,1083.4253299309478,3067.849729488458,3158.1200774438676,174.63262076894438,338.3140831237132,1048.7266814090533,36834.00811708841,6918.690920869981,672.3507133732246,6.605669400999943e-06,0.00022569421987547267,0.33328072719185975,0.033895930967728874
160,-681.540834904419,769423.939105842,733462.8531757998,119415.2248180057,65786.80566690753,48000.00000007433,379197.2012494979,16995.944323956854,2088.997352314933,3059.7388228355603,2885.8915586674298,171.196680171961,469.8808945073432,1117.3462383787962,35740.66010745497,5982.451857364786,649.4175268098226,5.926891647872831e-06,0.00025126628512893613,0.1516007597779455,0.02870834096679386
161,-562.6735072353944,831441.5944132762,781393.7809616262,127276.54068599455,72766.76428729341,48369.40051435051,534740.7652256868,16512.777649602627,2258.298065717816,3094.6186611315484,3106.0707498197735,565.8239355688108,704.6290581867639,1547.644981390971,33872.06507591708,8165.396372941686,743.200878470188,6.506742796884287e-06,0.0001881110042287586,0.2584423580343928,0.026856880315519662
162,-658.5780903216546,853388.1836871704,734767.0972199354,139618.40811752604,91112.84295952044,48000.00000109896,659179.4312144853,15980.714332274269,3609.771755132607,2830.6153300955148,2834.6540241352013,1040.9798027887123,1897.762794079868,3125.512990363582,33677.950345140314,12615.864793598004,797.2782432676037,8.124004710262778e-06,0.00015793399180343427,0.5599429344453216,0.027254102371373382
163,-604.208027768369,811003.39256062,787893.3702742123,123275.84095789537,75078.75986102877,50508.54875189435,363374.49850551854,16477.79042778591,1744.6502330950132,2886.1339176867623,2850.540208120233,383.41024685971223,766.0995741678003,1401.7218063823038,30819.998761282393,13519.752321340817,826.6364739146087,6.763423577574815e-06,0.00010509269488373477,0.10528065606882846,0.02334555588435369
164,-675.9051356848445,757627.7468569434,724672.9767400332,121711.31430734492,61529.41307638574,48000.00000024921,489020.3430036581,17630.551257238854,1149.9279314194462,3462.13443776399,3306.163075633645,236.52286994527674,307.13876775678307,774.6249216896144,31284.710687509676,8382.250753929131,759.2956276208282,4.139766157393126e-06,0.00016212790504097898,0.2490715797681839,0.033172080988356244
165,-659.1002445944569,763019.2102710459,697510.0305284318,119061.3710293365,61900.420654191235,54071.527632283425,277568.84159046784,17239.084074437676,2618.275189762369,3333.8409289561578,3030.9403009031666,189.2700567505568,331.5432592606537,1056.5129758230712,35476.494689480656,9472.99958106486,790.7410654920781,2.946446300771431e-06,0.0001874745374162222,0.07892780377190853,0.031876890568053345
166,-571.4143236088453,788099.088678303,751011.7678318042,134115.7498006823,84891.83333077029,50319.52683352896,464624.90543731634,17471.63758817707,1846.3900280418225,2853.7169659179262,2676.9341703633977,783.8227919962311,1834.403208929579,2243.5342369299537,34649.463758832884,7585.673617060084,709.3828228496919,7.364133894949365e-06,0.00021197079628042557,0.2881642652828986,0.033039977981352976
167,-392.0850766020948,799633.4125143194,735715.4656600787,119834.91737132469,66595.6761318557,52031.92830513209,352467.972538252,16588.876554092218,2906.839335907828,3457.0580098267537,3009.9690817971978,192.72331943282018,647.5093605272709,1346.6778955380134,34007.523925662965,8655.235364074664,787.5952887412951,4.670503274559179e-06,0.0001936426493326732,0.11746886683131001,0.024105140725864695
168,-520.3544281113848,805029.2853377499,715708.2798505061,121861.7382317808,60420.286249354525,61531.507194760554,583516.7546879918,16694.38097395464,3314.273727492664,3145.7513992101517,3256.7053564301327,292.00182751674765,242.68029213946866,849.073778872419,34953.135333749015,9536.380782983704,907.1663618063993,5.929946776487694e-06,0.0001678974044523752,0.30911305033662884,0.04093267744459873
169,-649.0019335147688,809358.8511993884,773805.9679360663,119714.19991797824,65044.568907789486,48579.86741281774,292864.76452360814,16619.725485950006,1858.2007178926622,3413.822031198149,2784.059425840731,180.62140491647787,547.8090994451823,1272.4343198373629,31304.78991758646,10906.449289217004,823.867904689337,4.792342421226158e-06,0.00017459709454061963,0.10156167923412397,0.03581482710805185
170,-512.011634438438,794574.5290511552,731317.3184406983,119577.07540240922,62694.43289411076,48309.83129013218,328870.30487800617,16786.50050863374,2031.8166217728551,3607.074353968268,2984.968146682031,183.98102278909073,383.85934245309113,899.9647184616009,35477.506921887754,7704.422770840559,651.0417931926933,2.071957595774147e-06,0.00022413672091995077,0.1377467467979532,0.03039904719573833
171,-505.9114035841517,775963.0029451849,709774.2750123556,119274.98467438105,63878.08529946355,48000.00000061653,309833.0144415339,16885.04717380594,2893.843934771455,3555.6721730533473,3027.971358002977,213.83143456323046,559.9806996621608,1173.4112460602403,34671.741380513464,8221.555009897753,663.125412547302,3.773187024960926e-06,0.00022555107170144962,0.09375333399341708,0.02429994435182992
172,-518.1759766275262,808349.5992166688,758200.2283376526,118026.68311509056,62803.24360940898,48000.0000002811,446221.863969554,16592.62084375804,2137.4096481479137,3042.7818114546762,3126.1840414697454,107.46542346287859,372.290772635308,864.0794208672827,36319.123074931995,6098.072067212055,637.7367150834019,5.136096914917721e-06,0.00024961277049798293,0.20890564239324386,0.041964640890363586
173,-814.208589221793,751562.6299393538,718197.9931955308,121211.9558026523,63663.81928000176,62852.87645800118,374775.97494889033,17712.738632214638,1521.5895710070058,3481.0927566891073,3080.819354748772,243.65264434747294,376.6528734358395,878.0544088279007,36455.34932459991,7026.743012262089,881.2989361101079,4.046590903876867e-06,0.00017964817948052715,0.13800167740543942,0.028716532449343805
174,-535.4352570412777,764664.5500056257,719382.563250011,119268.08465131253,62199.68466094393,48000.00000009045,290648.02087094117,17026.06308041493,1973.54737522008,3456.8421510615312,3100.047336090106,188.73588860971245,347.11179837923,834.9899530975296,32365.15894109122,7212.163597467659,657.1155517016091,3.180522181367708e-06,0.00023058908545923025,0.08110503718865031,0.05290555078992539
175,-636.9016986375213,835615.6177080057,719197.3235621101,120461.03174576974,60368.820282908215,62241.41656458798,703702.3312272762,16117.903186172265,3484.4046131867567,3080.808477744419,3503.1168181049225,218.29421630920143,200.9726652984349,721.0612130503325,37596.58852630235,8259.025833980895,812.9940447570502,5.715305877353693e-06,0.00019822975552166947,0.5020520161455149,0.032782803782918195
176,-527.9695663308274,771661.2272331452,679712.7324869188,124733.97394670408,71790.4550708032,48000.00000003758,475616.6789206262,17504.333090581342,4037.65731774827,3134.984935648196,3121.0872732761227,413.9070277618631,670.0754891325497,1606.0620925424146,34121.93128002881,6664.983071235972,686.7029504958693,5.343323814610676e-06,0.00023202131696078464,0.18282155452556545,0.049167490709224944
177,-678.7331506305404,795809.30313404,748739.4298109963,121033.50165575491,66465.87467626786,51686.37151216284,367025.19947936694,16419.315840514988,2561.3744782610884,3171.908400498649,2879.757412935271,246.4092330163024,548.3011054691315,1125.7739585766212,33770.651565473985,8129.292681965793,762.3639832918524,6.182017976648692e-06,0.00017292399967894939,0.123880785012682,0.029465779775683928
178,-651.3797789271839,820882.9010262567,759759.744461973,119065.96856394601,61783.60696069914,61801.154294105196,596777.0097589924,16392.63082026284,2447.960400894537,3146.360536419146,3168.2418066456303,149.02299831102533,292.1547232879227,933.2351385398183,35648.63003313051,9709.63997456272,874.7706690760799,6.548814390109947e-06,0.00018268845100235482,0.3625788665690755,0.033262989685179545
179,-388.6260113950631,796094.852218184,673368.0188912989,120109.40460782914,63127.29924899087,48000.00000000151,642177.7453149447,17201.829713126266,2946.6888214522637,3074.686224058082,3082.4443890527386,205.58315507778312,407.3116072011722,1025.246256985651,37593.962773301886,5661.69245601272,589.0792144344988,8.041021594792858e-06,0.00027890942997895265,0.6177589171837259,0.036156393566108364
180,-599.3176801163718,821550.0058020208,794920.5599747814,119236.46223086024,61048.72216154954,54614.88919149509,486913.1729333062,16212.14509557934,1342.1766134330455,3185.5806656932805,3091.9930910902317,189.08284048187772,257.31472436655696,816.5480421400246,31478.474185869058,12282.734082672345,951.157540656465,6.299030502235028e-06,0.00013378823721502242,0.2149250971013388,0.033024228034879755
181,-620.676864128598,808804.2479935379,792923.4457027146,119233.44616934641,63828.5522505504,48000.000000016094,559277.0416246756,16868.99105129532,729.8057525474396,2846.3693648684157,3222.477123857259,149.44491363413226,446.9030637642119,1010.8895754608404,36219.73502583252,6417.953265330685,662.7521141468656,6.673796872432006e-06,0.0002680559719338279,0.270385317695793,0.038020118403723
182,-610.5506949330629,784128.5397852762,733063.3009105161,118677.94912563352,59945.40972169494,55210.194311731706,279794.56068817177,17059.003451003773,2373.3201698212774,3367.204927484198,3095.86191254569,152.53797945445612,196.67314112309984,753.1064815768055,32531.140251633202,10528.811800992835,823.1108016130987,3.0601009865422164e-06,0.00016743022666155545,0.08157541351776804,0.025638589539968653
183,-814.8084054017851,800642.1261291275,777268.2488416894,131778.2331369916,85304.31118216837,78395.83305914186,460154.55130425,16512.799761150633,1574.0340384592744,2831.88433062946,2767.26631949115,758.7989108116046,1747.1783687279071,2350.785854153895,33434.70824006063,11931.642475614386,1283.826427722103,7.720896049071067e-06,0.00011125058872290045,0.19020866653650806,0.026841571120975755
184,-682.7974464455735,868656.3390284862,820468.2392905785,133275.23681092905,81477.25927839096,64513.83198405503,435882.85940134013,15878.444545290246,3025.537834878573,2953.3081404768554,2898.628660179943,788.8416648614267,1482.2548374879202,2165.2573591264304,40624.36147049174,8349.138379293743,880.5399813503132,6.813242778593095e-06,0.00019114922470985586,0.16454524237785617,0.0345171191754956
185,-620.4771682798739,758894.1949456866,726658.998355293,123565.30886216369,65301.188441750535,48000.00000016727,468702.98248241877,17430.292200128017,1416.66575824493,3259.5233637956835,3173.9791626900583,354.0503978442077,512.750397726173,1071.5914131189609,38062.192904056494,5341.736709555207,598.9968990338839,5.332613675087369e-06,0.0002725292213914148,0.18150300258486757,0.06411180326258517
186,-618.9259061813996,863475.8698193638,834295.6872899486,119061.67597618615,60681.45342651697,86844.54676745614,587655.4267843097,15719.511618456392,1690.0817241883624,3021.275535634546,3247.992737420511,152.99115637103444,263.91410855608785,903.0596648618794,34595.65770351061,12633.856129013255,1356.101812762408,7.081433736809922e-06,0.00011563733850679892,0.2373162127900951,0.03560856639889616
187,-544.3381542656577,810789.6256253645,716131.9120032093,118448.23487635986,60897.53430847478,66559.6942311974,469671.53962239984,16643.051274679357,4271.38104038427,3134.8952344596864,3059.5891819549834,124.72378799563215,233.07353078634574,935.4233218224471,33130.001573888716,10288.668208738958,1029.6811040708794,6.372766757209741e-06,0.00015435254195203041,0.2360480353986255,0.03178524410655883
188,-523.7759690207268,818043.4718356614,788788.2551699994,120210.67052490625,64151.22220387297,48000.00000026899,354392.710347434,16723.92676149384,1160.901436518115,3416.798929161221,3143.081391297097,233.56993419085956,397.8753829508243,988.2741343647616,34913.787253784074,7273.871521710859,700.5531217212344,3.4224844381687797e-06,0.00019337692472947256,0.1198967972239146,0.03644395569249341
189,-458.7839397926111,802237.21295791,735742.3132026717,132970.57596075482,80036.9007539747,48000.0000070225,648184.539357832,16957.618120466985,2695.400351020469,2989.1929509651327,2988.028337778468,684.2615612497987,1067.6782883331705,2207.57364399543,33175.93968428194,10487.87353269053,752.5629741401847,7.563887166033056e-06,0.00017552608949702498,0.46231960280429274,0.024995036417647973
190,-686.9692743358441,810343.9247958786,656183.3363402325,119217.58398809713,62579.400373625285,48000.000002884415,559281.5232075748,16593.335858231654,5338.931902254718,3228.4276205288957,3244.950088870843,165.37801247957066,368.16050323190444,917.5387483455289,34547.825362715485,7790.6230459047165,670.4404452522427,5.314037740100973e-06,0.00020419315442557378,0.30374100223513406,0.0367588517925237
191,-474.76084120803216,829977.3326743622,775143.9227120901,118684.9064709842,61310.65009225711,48118.50356042881,393856.9248059393,16398.265457610032,2624.9913563391488,3475.8547488089275,3029.3049631220592,155.53836160874448,314.4713801854927,891.5265038312182,34708.426237680615,8213.744412773682,751.2998806521811,5.505879427873755e-06,0.00019468182221000542,0.1606902625279203,0.03258315599805522
192,-650.6769599084164,795254.9438423326,745460.5161161001,118792.81488374941,69497.34232517291,48000.000000611755,255035.80780350763,17049.451942987544,2072.099159292004,3588.124625726979,2802.6636638405084,154.59518876184313,993.8621673902965,1244.3375083397445,33053.98083675683,8521.421348442658,758.6911766787557,3.069675365423336e-06,0.0001995316651430091,0.09454583806177828,0.03405178879715702
193,-591.2721835089031,790742.4101049199,738145.6997829857,118026.30356511196,71110.59820968921,66284.359976295,428196.73979181726,17002.202413254367,2190.1194275049224,3245.7889289227605,3007.5785951188764,104.51562135922902,927.9367680868625,1557.267315113237,33663.998472210915,10751.514838860658,966.5344258966464,5.297510300427945e-06,0.00016994025214622614,0.18844002154144332,0.035319513317315594
194,-692.2128029292173,822158.8361592607,758658.0041172967,122626.14296146971,64403.65970444226,55567.35935188569,510777.8585531926,16144.945944696829,2963.077776294117,3138.326839796021,3247.853675479872,348.1416866384365,482.0106931120478,1101.7498685190865,31425.661189780367,13486.634950579726,925.7827758796521,5.292161365929316e-06,0.00012089001193457848,0.20138357451139285,0.029593888797920402
195,-571.4257427362652,771060.294079267,642655.4513132335,120687.2809034673,60351.72679506569,56643.27127040733,596021.2068644902,17059.03275947939,3992.183783930753,2759.380739800101,3217.8729402231124,218.86936052051658,197.46681119637387,705.5477452828483,34511.24916710567,9057.162759503704,829.0526108443526,5.4090177139240795e-06,0.00019183403038276344,0.4406675692991322,0.021572568743969026
196,-715.0480970964923,834471.4676784757,737734.7185754036,122539.93048288931,62784.321162198925,48000.00000073837,351475.08134473686,16798.112038134896,3866.129510320865,3389.3237867158464,3097.022405415273,349.97824859928244,418.41388443204914,1115.9886318488282,35890.20285145296,7013.83440791163,679.6505240125649,3.897692727201087e-06,0.0002399924243954827,0.12386045929776109,0.04741975569700731
197,-457.6895698437831,798630.0257388804,700579.4501090124,122103.39017970514,69394.62195149423,49814.68940917195,634293.2553045021,16838.675056898915,2235.098871985036,2974.7734184587484,3125.873905233946,301.92596483978815,680.9786767941362,1410.7982324595016,31115.78245652345,10966.965045133651,895.3695768229004,7.312961995425523e-06,0.00014167395123665337,0.5823914416756172,0.03264490631909645
198,-507.9746321365741,860620.8344423667,833240.0488200744,125107.0546731855,67446.45531381847,57097.436454095274,505240.9567631003,15704.126336906382,1385.392315882972,3102.7107433369833,3160.4229910939825,537.0608030918033,548.7169935914011,1246.1968794189845,36230.697073222356,9241.203985316284,827.9811525553567,6.017302954640246e-06,0.00017367181483438733,0.2039697707692059,0.039842572448825005
199,-537.8716863782172,835364.6480355934,806316.9218993589,123679.52284225031,70923.08640768331,69712.69655029535,413643.5619435876,16486.84125061198,1195.0921052687145,3247.4084579382697,2947.45618191138,411.9864160572069,1016.1608562457292,1563.571908992573,32482.85349580113,15242.621613402009,1130.4573707415216,5.526505835759262e-06,0.0001265411580254237,0.1982280703402261,0.032071447760934374
200,-550.6708299272705,808604.0647541889,783680.930599102,130476.36266279306,71300.60375285316,48906.50569368365,412598.069668044,16695.020187459515,1530.9557728610118,3209.0505330594015,3076.8155587306155,712.5274591900558,1050.5559261509586,1743.3890398462206,35602.53584662535,6825.975092163871,666.0426826211766,5.907007251692024e-06,0.00021175639754583212,0.09995062406415209,0.03923654462405108
201,-657.2223936466428,776230.0732474482,744319.7180773085,121182.87799695991,62813.8722468398,53059.98935156709,329917.51550466206,17224.582313896604,1213.9090603667337,3538.9128696945654,3183.114070684543,271.56459951678164,384.0883056699082,1026.923009314858,33805.63965522188,8259.106782362342,831.8424188889717,2.4697083086303267e-06,0.00017695332720289129,0.10376924486766045,0.023552220109987945
202,-585.6274870411212,795697.2759471881,771202.9087042292,121700.00001352526,69412.80276983698,48127.419357117236,482848.4143168374,16981.24790242636,1886.9203914320747,2956.1930025198935,2818.4292082794314,269.0888851579846,790.3684585466573,1407.9330096809508,35282.70372763197,6714.133205253802,673.7600291997595,8.768518247527784e-06,0.00022892833663172663,0.21791824839668847,0.04253051284957934
203,-443.3261336460515,834453.550021354,792480.4643380058,119713.28887522526,62693.95923478152,67222.06947298441,382401.08914058376,16242.401144105866,2374.5575254778782,2996.062322158803,2992.6306793119466,202.6038398685718,371.5022601597538,841.4760008871891,32905.05595300931,12141.15052758232,1179.3509001148566,6.282454402360302e-06,0.00012801685078952052,0.14584167543455415,0.025373709974093408
204,-462.19276236307724,738488.3614048015,729170.1353951297,118520.21353737521,60806.19701632732,48000.00000058464,406655.341325722,17761.139256679544,456.46974577478966,3327.06156774943,3075.5315232538273,144.8122984978107,290.04172701144387,782.7597809225658,32256.366212983,7018.555401703773,688.4216318490412,5.420652239540868e-06,0.00022490288952848824,0.15230728083734002,0.039872710031760634
205,-535.5551165631791,806284.0422815878,708539.0895244844,118734.0772094801,64496.64999122177,48445.53001101232,623025.496415459,16783.4467586465,4997.016552661724,2760.4829302169574,3019.282838833496,118.05545422324602,397.87561078330384,946.5687385432899,37061.04836137522,5752.454082801614,651.001802140811,8.826649260972349e-06,0.0002390579814061094,0.48134176974119874,0.04160360772271039
206,-506.9512361005778,783921.2609929297,707524.5032098193,127801.29097053886,68854.95708511995,48000.00000014374,500269.7931873921,17178.260017790883,3366.425157211045,3066.089756835166,3074.8831251181255,572.6228667063377,702.9687239220974,1377.6546598638322,33000.17721237362,7943.606152457937,726.5257079837503,5.921657235746528e-06,0.00020222049387215194,0.2126306255097404,0.05059318242147579
207,-577.1791637635151,838557.5815744901,779138.0968452474,122519.98607942094,65068.22847832888,48000.00000000399,576625.6268470166,16257.258197522007,3050.9578096078744,2805.1439641926354,3027.387029985731,317.7975278057124,411.6659207064372,1244.935688487772,28820.350510842443,30353.857138157953,931.2734957149423,7.690418111745544e-06,7.576580397100143e-05,0.3476578876638417,0.028626422596827683
208,-519.5927174557933,819766.6777811385,769504.3177793092,124454.87480504364,70954.08210893134,67100.16725408658,355761.1974567998,16389.20014908293,2957.7229600507085,3248.8349322510244,2794.587616402004,434.1020392621462,851.6766447003681,1593.224226187619,34339.73979659544,11665.459668295935,1087.9004543441386,6.4073997043519935e-06,0.00014547487654298371,0.14190634015140408,0.035416030389354876
209,-586.4616040191884,780178.7801848801,726945.9389116174,120719.30333563582,60150.49210680714,48000.000001346656,535737.9945176115,17361.284157450318,2531.1875303908573,3055.682769293157,3193.508474894257,198.45132560439268,206.8063737696803,878.9694157855203,37534.335903244864,4913.351922619636,617.5547504274023,6.475439895808264e-06,0.0002709339726707876,0.25288675281401796,0.052837626401286766
210,-644.379486942853,796320.2856884785,776675.923251203,118967.20885268008,59623.198539301986,64347.622666139956,425145.43594407703,16898.348300715927,854.935862191502,3298.3945119965933,3086.2783218460268,153.68289273280607,264.1494912032519,902.3954580052381,32683.253464232832,11025.872939156401,975.3521689884725,5.127383388031112e-06,0.00015536044965810996,0.1700281091858026,0.03461658215229276
211,-700.9858204491567,820498.595426898,800600.8512616922,119598.36320080154,65582.04261469354,48440.103466446315,363440.50228612724,16666.356934891333,1127.972014883352,3383.9339083495556,3028.0518295134284,219.75056116035614,472.19681634084304,1262.6741221287994,34966.82867718533,6576.620997924538,708.4421605199442,5.454667978380964e-06,0.000197860143888077,0.12371851324039072,0.04441718047006306
212,-476.9806484736837,815056.9742117658,762047.2697500311,126374.2944194722,75404.19512369843,49379.728076655956,618093.1200632285,16884.285504017927,2651.3187778311476,2799.920802403482,3112.0259289789974,462.65660107715297,869.6036545736376,1942.8441329560828,33657.53160077507,8617.474773847207,749.2538409023672,7.715403267282856e-06,0.00019553411155401651,0.3875423144359377,0.03890979706659583
213,-671.717393143515,871989.8415957544,828135.755903302,120986.44287262883,61900.19190765765,60366.070043905675,458753.81390153524,15579.890903715233,2571.4223136742985,3058.790231915326,3152.8718354884195,250.8348147531588,260.7115490045649,875.0772667219228,32956.61564834488,13716.20415049241,1044.5541982400857,6.47857817561712e-06,0.00011379717666770554,0.14883539768748116,0.027556317281833043
214,-492.8271168059314,811618.9070087873,653778.69365955,118506.28506378815,65271.46279070207,48000.00000020291,381246.5440320523,16783.774083084718,6495.997385863219,3390.869229102614,2949.194754730495,122.05271150343923,528.3964129885208,1091.4232497870557,33851.9697335741,7728.952771455521,708.1265247661504,4.659081637052061e-06,0.00022581687182201619,0.16559032227802725,0.03758595107177772
215,-608.067210082675,805281.3024759952,750912.4830251234,118167.81712710028,60605.25020568169,48000.000000480024,310282.7664527627,17040.753193233493,2885.7704001403704,3088.4490181454007,2884.1437830900027,110.291962246496,259.0283331135031,1218.9561306126377,37091.811460939636,6570.046820880245,693.7689640291533,5.469638303314034e-06,0.00023802791205484124,0.1061305514041112,0.03979440421536243
216,-609.7321114757935,782046.926284576,724361.90603289,119768.70020141712,63943.35285981792,67046.45790642014,286405.24209311843,16917.320393159676,2112.0753156032565,3824.084905090265,3122.7269768299707,199.76073640908737,368.46850659489115,1007.1376738171164,30486.91080626499,14970.092044173338,1182.9898831074045,1.4207397795040062e-06,0.00010936806177320863,0.10318297449416625,0.022639316630683092
217,-565.0960710061152,794459.8170553527,699044.3117511611,118849.33190667808,64258.94242197446,57963.87498184301,394802.2238755978,16883.547589511392,3587.327332803115,3436.8333214275203,3345.0897737246364,159.17351710333665,394.3021646183547,1208.2057948163176,32351.272161044824,10618.793389336153,821.5056587521632,2.471749630535225e-06,0.00016243907890899122,0.12956634265566389,0.0371134863423493
218,-495.167378800553,779182.5238310184,735433.2988694785,120765.26149544,62626.51235392888,49284.46616907763,289498.53368842247,17042.12746763247,1685.820084356811,3876.8438506338853,3154.483328561101,265.21852371311894,395.47685317924936,905.2368171355232,32201.485041490807,9995.3000540389,763.4561039364332,2.270017847741421e-06,0.00017941561250796957,0.08577119878260916,0.0353242495296809
219,-662.0313809879827,815334.0098098343,766098.4205202267,125897.63326002656,66819.86335092217,48000.00000076003,460064.816947299,16369.83963142645,2660.490797219763,2940.5614672679612,3019.8332326256495,410.5256467066726,636.9683763841996,1147.2383205391075,41389.50615690997,5098.6512277110905,542.7359456777549,6.607220210331903e-06,0.00029196945408119116,0.18293281291372362,0.0377127863318409
220,-739.9289455154578,784709.3965727172,676209.3877432782,137173.9129533596,92329.7863213149,48649.22776347835,613123.3550576039,17395.25657563997,4311.8415169189975,2941.570805066471,2816.878119072376,809.1175169946765,1829.662677364215,2412.454534769227,30754.34194169333,10235.237494228013,789.0399890875757,8.33639462980613e-06,0.00016092674030553227,0.45720259375970784,0.024136847053550285
221,-671.8549456117901,794313.8971829562,663869.7369604204,117959.91662377221,66129.54199318509,51744.88829039082,375913.5759766992,16941.741934297865,4866.247266039409,3413.646919314586,3069.613907538393,110.69748505989794,540.5260947703189,1042.1596435381477,30332.19206354232,11878.029560741366,969.5950514931499,3.3966946744857945e-06,0.00011778751224136443,0.16889157855231646,0.029992146119145954
222,-629.2078966707729,824534.6340104095,796897.5002909838,124790.27510587909,64534.50192365027,69811.38836385802,675887.3248834618,16549.887639159813,869.7493356164202,3143.27362456133,3268.5249838499903,408.1156878176867,436.01228914060584,1000.5453731101205,34156.58477535592,11179.428918799324,1075.8959024362068,7.6815209168507e-06,0.0001319160103716515,0.574004684970945,0.029938864315664733
223,-500.84150571132164,834561.8573324534,695212.0660078175,122807.08907021745,72480.28858496148,55497.0834619281,504144.71029407653,15985.380329941117,7010.616267726856,2826.624460474973,2987.198324549611,300.74217966170386,828.893486352132,1385.2281183268822,31922.406485879124,12321.521831662705,888.9364851727622,7.40986183921238e-06,0.0001291771098462737,0.2531069765678788,0.031741852086977454
224,-759.9579176780081,802791.914418483,726467.5803482718,118256.04014879209,58610.16323123337,48000.00000001524,353679.23545483936,17073.199576927553,3178.772531972865,3382.5163026339933,3015.772384443477,123.35089148881262,151.13345576382474,945.0106213915443,36762.044149056965,5563.2788091778375,617.6365908330694,4.317682466590032e-06,0.00026332015581093544,0.1386799780593005,0.042122669959757005
225,-540.1831073797958,809831.347284482,767679.0972786495,130320.27533277072,77144.66186604914,69772.69066929966,628905.0596501216,16847.964443646266,3127.817793754379,2811.700983874534,2919.15232628267,627.2850506270362,1062.774034021278,2256.1674707565694,32772.38017727801,14242.69988459073,1112.0509017771267,9.702566957644428e-06,0.00013335891981521922,0.3638298547157393,0.03656156050088327
226,-510.14716258182693,823734.9275523443,650587.1791518413,120444.8377354078,64725.772088321675,58080.41917855339,450826.9828687867,16530.849588145127,9045.786939955155,2987.546446011745,2918.7080003721294,216.28827865987085,497.50837847361737,1215.3536654643976,34031.77873415697,9636.420932742998,886.1455772131947,6.751782011842442e-06,0.00017432207495657933,0.18102274642455005,0.038074155958975994
227,-553.803192138411,800581.7008971246,725153.6653945578,120683.97691714234,67974.8127039723,48000.000000696426,397982.47775466734,16534.98806657586,3467.252215274689,3221.8217558738497,3074.4625289716214,250.9309516553303,680.8033144729878,1284.668259552739,33009.072311608485,8958.965933277292,734.9337624883975,4.746819313329159e-06,0.00020601849369130068,0.12832868666820055,0.03556797501330411
228,-478.37886154500495,825219.108366247,810206.1918672788,120423.54828885989,61064.659172192034,48000.00000249117,626475.0301173014,16521.863021148773,548.2406249393674,3214.4850822326134,3219.82496102693,230.36798457567235,252.7055270240402,915.3296856782575,32172.723444660827,12736.710541303548,758.0463242358013,7.22321389887759e-06,0.00015599896525706497,0.4437580060948224,0.027531585014596027
229,-383.0527362691296,815684.600281346,691975.9197448685,123082.33143077222,61083.8461253799,48000.00000050594,649994.3542173936,16578.009184372142,3603.0719191767676,3155.0931018519896,3285.7180315494047,366.72623358926813,241.79751623863737,920.9967216110801,34138.29259567776,7971.784681789489,695.0208751462238,6.232455320704421e-06,0.00020984194599484049,0.49659501169278614,0.0370033815431167
230,-577.651539615558,808688.6023422643,722861.0338402982,122225.54529848568,63893.43200759914,48000.00004005805,376659.62593720877,16620.488271806007,4683.949804700109,3034.161366671229,3094.389772403662,296.6172536110839,441.7322058149332,1097.9636264556716,34560.27981186236,8180.521079589725,708.1459490267994,5.3203505221923025e-06,0.00020270260259197588,0.08654239857589767,0.04537122577290419
231,-495.01300837217474,778313.0175868227,679539.5277035827,117438.69718372481,65645.49089284323,48000.000000436106,248088.83237805846,16856.145769333598,3876.407188727158,3706.4897624519886,2959.7829293394616,99.49161650428772,559.7094525448525,1137.913097955211,31576.108021589363,9907.983606836518,767.2707505378582,1.4687641995992498e-06,0.00016567701409824848,0.07916362284466862,0.03285081689294816
232,-588.93524632707,758294.44590758,604981.39188431,119158.04961419322,68532.57335297963,48000.00000026549,237709.63080827912,17428.122952996386,6237.860573930923,3658.704546806049,2783.059916511996,208.55042595681192,630.895758911048,1245.9784626889957,36136.89989526262,5601.391497748506,599.4690759490406,1.9846537957875187e-06,0.0002486519942447504,0.0770147041960265,0.05433403239599903
233,-535.1927758239108,820733.2258167762,637510.3092402979,121312.88218893137,63480.558296105446,55878.336024110664,540123.856140037,16556.651895275012,7262.593167448315,3110.4116881329896,3156.770859801209,262.18386866759187,396.80460805592196,1098.2663384775346,33601.839070223454,9840.543866113669,905.3998362694898,5.94562891618171e-06,0.00016328452438577493,0.26198742865636626,0.03662235019977593
234,-578.3318662579725,769526.3806854904,713649.1883799925,118796.35718010111,64000.25749194292,51330.83748573379,213009.8299810019,17004.386324926287,2452.661656674718,3676.039831137333,2923.8111036720775,197.99143282061988,496.02823248675327,972.1484757227925,32353.169694374108,7954.479399704143,745.6549753780004,2.3562807191364467e-06,0.0001731664188885886,0.057433851598994126,0.04522660328961386
235,-705.3818907839521,792522.895674813,744156.6967442768,120714.21058778632,63810.89296427698,63497.52731444186,611933.4915543587,17110.291273775936,1860.0024549024947,3236.005823925837,3061.55907143405,289.58280530051036,460.15365716151894,1414.7379127435963,31599.544613528928,11354.951592387091,1042.5348167670095,8.293338771982158e-06,0.0001532056486779917,0.46708737989100674,0.029629685897615974
236,-738.4750275826316,781638.3709190143,755005.0550786115,122085.15257511883,62335.020184856694,55646.435094207765,349298.51781221095,17167.176085496292,1268.792312824181,3548.0295523609866,3035.33270452151,347.0932166765323,389.52084394968875,837.4462102149164,31876.641318433212,10566.272213428767,866.1568699341481,4.767595579600822e-06,0.00015552777047853474,0.11821535246605265,0.027680332242015476
237,-632.18797834986,820042.144294913,745752.17140873,123040.88513428037,66233.11836888887,48000.000000097694,614501.5272063828,16835.051469059017,3613.0301681857163,2893.7573080137995,3101.9935525210826,351.0513912363636,562.0309121475291,1372.438985407177,37294.84115797036,6543.449908727239,662.2102885211253,7.425471478020442e-06,0.000238529526246034,0.3657194402726681,0.03778384948254897
238,-580.8718604601008,822015.0275661981,770333.935542275,120280.98830442119,60576.99032073174,48000.000000960914,470021.42701261083,16173.737244163014,2517.6514515823615,3133.151407254369,3210.321795146319,199.31721173440468,228.97144991693298,735.5336456231532,33417.36392259157,9373.640783935301,750.1413854424967,4.904150741055049e-06,0.0001627859296101306,0.16823208328202957,0.024845268983679086
239,-653.6079180431379,772564.5454002451,723186.4375282587,120723.43201736547,61205.678886787406,48000.0000001295,410390.241339902,17576.948738235642,2893.000265144924,3028.2149259438484,3029.222060368834,189.31496613416178,246.16498563800428,1037.723567567382,36573.7904223362,5064.497627597005,632.8480479869046,6.7378008295357e-06,0.0002746826703445551,0.12702761772648094,0.06406141028647386
240,-630.489007562814,853856.0114961234,779562.6020321508,121604.00280616082,63238.047204651455,48000.000000342996,341732.85878841864,16144.757062800534,3225.656096020576,3424.29004488863,3046.3894001612593,341.2833598744656,385.93415957435786,1013.486301727066,35244.39805482339,7130.715575539773,708.5576710954685,4.634314730931075e-06,0.0002410937803328393,0.1178140982963704,0.05407849519288286
241,-607.6850830488773,796868.1392811058,714401.6248319661,117481.34469643874,62335.212064043066,48716.70737158194,527567.9010404251,16870.857050525636,3408.14158979463,3225.5478759432185,3215.081359081884,102.42474511419684,341.5348588349656,906.7407994117626,33810.3956755686,8819.749842937938,780.1067225811131,5.725703177478697e-06,0.00016751694899835886,0.2620075538516629,0.02402985720712482
242,-501.41371644617436,760786.6527031378,723614.8561551345,119618.25177724069,62149.39495233598,48000.00000000603,386299.7690965487,17589.42868345267,1772.056730342441,3457.3373190684215,3181.8087094305624,211.8330243325169,419.4879189578925,870.548391976558,31979.818620677277,9849.688631437217,743.6042377968699,4.5169282494466e-06,0.0001884128417745951,0.11516548186291241,0.03103285274543425
243,-512.911512750271,820913.9196271898,667277.8540688062,120229.38169755337,63033.960605007356,48897.386757132415,525611.4562730872,16547.660434989735,5535.4862120107,3289.155745537372,3237.53601826731,228.97795986084992,393.1361834883218,838.1785597449763,34884.9829768503,7468.814111711605,715.1568282042339,5.166621906877705e-06,0.000201401296612354,0.27283226291697604,0.034875027049595386
244,-481.81704002316667,757324.0985065216,722848.5817852417,126133.50651574168,69679.05926860611,50402.79646479617,535277.954781161,17537.919506007715,1723.3042782201467,3106.29351513359,3096.9616823483843,500.9769727686112,718.0232699876798,1644.616810061738,33653.200235139484,6647.085675768279,659.1387023696279,5.7722530524026694e-06,0.0002533151841113098,0.21458958964790867,0.04558053487427791
245,-544.6125054018137,767758.1924954634,686318.2061283949,117115.81023880586,61799.55986735154,48000.00000000407,289455.3844896379,16902.300230356483,3156.368272559615,3565.6285524536934,3113.29779944158,79.57292400917683,317.2875267113008,1020.2193752127904,35055.999031870575,5986.05020967462,650.2195683050486,1.870087537360906e-06,0.0002527175858625038,0.09028102460659233,0.044519453127324034
246,-418.5463285133312,823827.3110199097,717378.7301443375,119131.50704161833,61906.577970006794,48000.000000020525,251821.34280626624,16669.410627609202,6132.820519089022,3201.511918127757,2846.719888025007,151.55572920775032,344.4590584175911,1110.460371132204,34358.69979699912,6708.249714146245,732.0041973051698,5.289995148731664e-06,0.0002277775203953609,0.06373995516760309,0.059596507293917106
247,-424.6392833165155,832065.290563347,813959.2675171004,122798.08698123989,64603.435699660644,48173.29583533492,363256.64809781435,15886.904728692176,782.9077605965116,3402.5522032208023,3036.709671925874,333.7141782824005,426.6932356714781,1011.2983734978792,34822.18838490148,8659.424757198267,713.4188715022506,4.2729906187347054e-06,0.00019846481874857447,0.10981585681747262,0.03153948915344279
248,-581.0340480209488,819884.0614730353,803505.3721018557,128670.77325831154,69510.0443534733,49377.47321252514,612275.0583978448,16296.3606181637,1130.521616512529,2844.0786174288364,3004.1669265006926,547.625069296857,632.3736537353082,1498.3186904708507,32447.834517420775,11514.84260289612,814.6970821558393,8.197727819030126e-06,0.00015536977177186374,0.31933939243834186,0.026397382424915423
249,-619.370230378739,805869.3257636556,735891.9746777611,129838.32267436033,68284.37315158853,48399.03498392359,698058.9887689641,16656.870923397644,1535.8520628321796,2971.344671398065,3172.7475058265554,641.9768213405367,609.5362173025359,1390.898809478949,31481.414355909197,11557.755003071336,854.8181623214846,7.468163704316626e-06,0.0001244408001503406,0.6821368169675267,0.02473000777406361
250,-613.5165593682568,781252.4117355571,747807.2180877838,120914.16901190359,60810.543430777136,48000.000000240594,420772.17431242863,17222.777101334956,1783.529429986139,3449.259272070786,3099.0831787793586,230.3793329953858,266.2942652818647,875.4595826958158,31569.24842972886,7270.972652802942,754.0957478184395,5.9135636372088e-06,0.00017755480540495742,0.16216988157221657,0.04005776781720329
251,-706.6152950525214,847390.5701316273,787690.7126465609,128751.62453703563,77792.19208325035,72298.71712359463,520351.6684441393,16124.605889243121,3362.9173854709206,2990.5533220223606,3039.878593218201,581.9158375768118,1137.9852924253216,2109.8010169666504,34713.15290825387,11395.760416696872,1142.5712483790298,6.75114754084681e-06,0.00013089230052582712,0.20403548210324715,0.03176190592441586
252,-569.9576009907373,796468.3346946618,723828.0916347579,118676.10214948481,71162.17677347465,55669.246194923275,293314.6772457703,16747.252285564464,3144.699256401976,3264.443704927534,2853.9364110273523,163.3769328530965,852.0963567116821,1548.1924884310986,32948.818856969105,9023.033276722086,857.1634330220818,3.493812488232509e-06,0.00016979300463803573,0.1111413373478777,0.029903945862145065
253,-565.7267941622611,786047.2565084037,740048.034794815,123576.91191383553,71461.30466244042,48000.00000036909,337963.50346233224,17135.059776794107,2370.4533775474197,3220.3761685548507,3016.547673622109,370.31519511188213,688.9151769494916,1548.879102978995,34935.083498328226,7615.546096523986,638.728778810083,5.382265574332563e-06,0.00021163803430749835,0.09753066849146555,0.04323969318777475
254,-505.5852510129762,810902.32278278,726206.3453959692,121067.18280230906,66026.49219675014,66537.52336071731,551145.6778202014,16807.987080171748,3316.205739850414,3278.2394890696787,3171.0915932843395,250.39131949251833,655.2585314269816,1270.9732145011967,37371.160576586895,7309.355204180715,906.3468378961538,6.18464246457374e-06,0.0001979481495973745,0.3121228337353337,0.03573543722598287
255,-423.192740772579,836753.0849643687,734448.8584836539,117478.97837449661,59882.74300807726,49185.78249890476,610030.8359414481,16270.046575426975,2866.2598267646176,3090.111161852308,3281.4196292118186,87.47332837005374,190.08421088852214,835.284572942278,33685.61295766427,8782.303493633379,747.4081808240622,6.969018706703e-06,0.00020205487663584767,0.5028156373283738,0.032706058649972135
256,-681.6832921928758,857675.1620896054,833496.503481239,118504.90564753114,64802.50711282844,48000.04943145646,282599.53464210057,15924.61956565837,1074.0096461175217,3609.024517634754,2852.560204742857,140.17757556428654,536.2654281666529,1037.8790103647707,36125.13398648665,7778.025694287624,722.2259749846764,4.195182921204164e-06,0.00020826454938049013,0.09535188834064028,0.02609634310423273
257,-568.6586762398613,801840.9465418939,782364.6992199506,120109.11970203533,62689.25599933932,76659.11533050978,477606.3690820363,16631.69207232979,867.5363860864059,3191.5196869272245,3212.221676843791,195.76631570577652,367.87535934279487,966.5005854905564,30217.868152654348,18840.837348691282,1323.5532362232627,5.148679245008584e-06,0.00010269938000495215,0.19210144712268848,0.027961601042158488
258,-660.1152566686596,844119.5966084509,719657.675332572,120311.25408040526,62466.49828636067,48637.70147094726,617382.060844851,16389.097244362005,4906.853170080978,2997.073792855926,3258.774491541168,180.37424952623198,292.37115440703155,989.9640105521555,38602.85272659849,5640.682088319043,613.0430925280249,6.5802931460389e-06,0.0002680444902990034,0.3834167006475892,0.03666647496493612
259,-580.5829336779448,804344.4364458645,721655.9688823511,120646.76350263561,66475.1821453506,49184.3724889864,645331.454289555,16547.708009728463,2787.8772806980123,3045.884562661146,3206.587045360755,253.70724778742846,673.2233462407057,1158.365402757216,29853.56928620632,14837.304286245942,909.2214317779368,6.8061720913531135e-06,0.00010669840540318983,0.48287494086535804,0.022218359017233912
260,-529.0682113424368,780043.3829381872,719001.301831294,118593.8875307369,62304.76204656824,55001.98006391907,260487.80899168423,17059.62075550059,2654.3466888528524,3508.043935797357,3015.72368012332,134.17688536778138,326.21669364530686,909.5466818138367,29826.01408597315,13773.265872514603,960.7414724119343,2.8649993947063296e-06,0.00012361974680460906,0.08098417774673547,0.030893029977038418
261,-562.8684587003221,806317.5772826186,769794.6472588285,123630.60755519109,62220.86489353903,48826.303165314996,562751.9293317175,16656.864442262588,2587.3279141405055,2759.304813741731,3050.5228092056786,325.88127076323417,305.48757563249126,1036.4022626517528,38455.84044223004,5737.80823147971,619.2261491491336,8.002323538353514e-06,0.000271985673801847,0.22066670530355695,0.054554883497523715
262,-518.8588486552953,815752.5408281597,768780.4255387724,117209.32225961289,58002.979609811046,49634.95112966508,484765.15346150514,16661.685564961856,2195.5801760160953,3237.227321988077,3313.2656072450845,79.83584760803431,120.33552082879777,719.8790180140084,35980.05696695477,7540.013212706385,743.9002782510493,5.141151799378961e-06,0.00018761674889652798,0.16998201862303594,0.030434524816669434
263,-634.4959597004706,812474.1152521143,730356.6452924588,120297.92342130376,62047.673474861615,48000.0000000311,335390.67540961696,16551.114411686765,5096.166133363001,2937.3124400615934,2936.532972084264,166.19652144293858,352.59220229987255,1060.4631759040628,39349.85904523308,5583.998296512336,593.733007540391,6.536409039848845e-06,0.00029512263514938067,0.09223376368827978,0.05886513364609879
264,-745.1558120207756,827668.1614612674,764547.0888460779,129683.65658157454,78949.60119946221,93568.72036849002,664607.4594506135,16406.65490407971,2813.5314069409865,2691.4032870238193,2800.493223223196,471.7072617277809,1205.0318475885078,1751.9623943365252,33585.7128603701,14455.130554481448,1513.4587980083081,9.982694118436201e-06,0.00010270076012983678,0.6602248227533434,0.017929727122844356
265,-764.1518914751459,843269.2176469669,821655.5153698887,140698.8940323132,91919.96838633543,64257.33525607697,592423.441041969,16270.735947885067,1221.9450041923824,2885.6678011467543,2855.741040442871,975.9011326833445,1615.8897107531511,2964.5667701605016,32826.85546865231,13449.398192761135,1103.7352567846103,8.41510108460425e-06,0.00011575417578570303,0.33323978460318254,0.026304192153363264
266,-522.3725054411441,802994.2768812709,766670.553139503,123882.05394103235,62278.99539449902,48000.00000061525,452770.4267350496,17191.050819719978,1511.790399548794,3412.2304883710017,3256.5513660733113,390.3106389258778,313.45569779341184,1178.384631345003,36531.51745644263,6037.708860545897,632.843159234472,4.351805477164327e-06,0.00024848116635931797,0.15654947440303302,0.0468347605357997
267,-577.6164994028281,799843.6995400246,774205.0722348766,125266.36346684265,59991.03018866575,48000.000000000146,659717.924415724,16822.687490731638,487.35813721673253,3112.321124938911,3313.2860924525994,417.59225990193227,278.195937346784,935.8332109177853,31547.302096041563,8309.607337170648,796.2538077797093,6.069764094767952e-06,0.00018372123129449451,0.5782803944878712,0.0300281811478324
268,-576.524555228963,830241.1099513212,699676.9827067468,126853.64991981069,69412.483639335,50438.8035097748,616152.3372899791,16085.406020692832,5483.2534687532425,2881.299614965076,3085.168524425455,495.6204820104028,658.6742009230271,1755.9258401145646,30971.494509740478,10190.595873161075,913.5486326083067,7.8930207387901e-06,0.0001225240638330671,0.430209512476161,0.02717631376180364
269,-740.3939292049107,772595.8446383078,752221.4629675532,126358.37745938792,70048.53426104054,50231.410780815,569587.0787931355,17444.786747252707,1000.2328680081024,2622.895457191875,3021.4669480943394,427.8559251164409,951.2355080377258,1254.812733445143,31759.18163412832,8720.946725889497,769.1422921366649,7.3967698686726945e-06,0.00019769210589818978,0.32485471223593326,0.0322548034126774
270,-714.037710608371,764614.760536874,731102.4212168758,120258.76801704559,63254.05492434998,48000.00000083242,364391.03823158937,17617.444433441506,1527.1893904375313,3317.3084839576095,2971.5953109080683,222.5677166441577,356.91826149239915,934.8892319564426,31349.194376420055,9023.029573881142,775.3451425057757,4.42100125328113e-06,0.00017783261464969188,0.13858808824785696,0.02381718419664497
271,-688.7715712778468,716356.5009168247,694086.9522667947,119808.27172057808,67162.22105258478,48000.00000012779,280058.8072909231,18128.187420268383,969.6305654660097,3575.0040777721574,2901.02189749074,205.93021276305527,720.3438952245428,1190.3130620335555,35803.8251897897,5400.964649430934,582.0317191542866,3.4632437923671504e-06,0.00028700451404926127,0.08784855719318062,0.05228471421911651
272,-554.5465414528162,845768.2431737782,773323.992200451,118931.12264936697,64905.13785202066,48000.00000590058,660265.6257525164,15948.349627185846,2347.382999391834,3013.1254376403767,3223.1451752691655,136.23859261273222,466.18588287808075,1089.626956931195,32876.506844787815,9886.577045719781,809.3951457866491,7.076510851898959e-06,0.00014788897518725608,0.4722512179282635,0.027198911018681327
273,-514.0339049274157,815911.7871214648,754698.3877972126,122690.4260443535,62878.75404376762,49004.992471112484,641641.9109705909,16323.022945140297,2136.692882757799,3140.488736218905,3188.9750432936894,332.99745209878085,339.6232575563881,913.284260008731,35365.733119916935,8708.398599936816,734.5239021765716,6.986157203117357e-06,0.00020301886613796074,0.474899988253043,0.03280466962238843
274,-532.4266778038648,776136.6245918503,697168.5406987624,119823.6015604604,65343.13886845805,58825.72032909433,266047.3357131921,16876.77716415245,4025.5520242013886,3509.7843571996377,2804.674707182179,198.22752608919575,453.4633582130317,1202.7370682695307,31327.963240088255,10685.359291102031,866.3349671522552,4.950930306620798e-06,0.00015883528973328938,0.08338830377285798,0.03298865863115723
275,-678.4616383890561,794644.972807811,763980.5225868154,122709.37718645768,62922.72453091992,48000.00000022133,528946.9070502539,16693.41172776688,1576.6031827441905,3133.7230240376753,3179.3307315134352,351.36746728449333,388.21031138601364,844.2172071682646,38982.84673936921,5730.841941388134,622.9013248546697,6.522593663204182e-06,0.00028198349070028854,0.24496473867078852,0.027286325721943866
276,-464.97536798821534,840915.1791399638,783203.3465641338,123247.69453761449,60476.24062970219,57757.86188730749,606217.5300258861,16140.21982218012,3705.2414003871063,2976.0501722630565,3112.570376331133,340.22670170806117,210.64244026013958,850.8828718324958,36440.56180202721,9759.919219497633,867.799105950309,7.672102544443193e-06,0.0001776783240825698,0.2874562677532169,0.027902491819679777
277,-594.467443144312,802666.504867808,728764.2234851639,118439.02485576726,59974.32749384662,48000.000006972194,583512.1918633875,16885.057479839314,3165.6701447552173,3099.7068824947364,3275.485938722263,114.60792697064281,190.07649566083498,810.174244055566,31718.779516284383,10454.743086406073,817.3293432446105,6.739636723931525e-06,0.00015307511792859624,0.32565969307281706,0.022681823473470662
278,-697.1293262669378,797413.2294532661,709857.3532057645,138745.35009327115,86755.22251004294,51923.69344175444,631462.5484955697,16931.51510170066,2680.573163134711,2940.5835415608008,2900.903377405264,1001.851151428326,1686.4319560357053,2675.2019836848503,32346.249269468226,10575.771892045124,811.3299062380953,7.859352990412073e-06,0.00016898027102047893,0.5204249911609047,0.028657212238133577
279,-571.5030237394898,797708.763349234,719636.644704924,118869.3076153372,62034.15738204804,48000.000000153115,265948.81298774556,16926.368398183313,4333.657151699763,3318.061945821458,2896.3458850455304,187.16089985930012,330.8964031247112,994.2446817834881,36275.367718207206,6654.500585486738,618.7643613436408,5.193383757977722e-06,0.000257099581272831,0.07141699089328765,0.04369795419925533
280,-637.5649453843378,877238.9733239237,728377.399761369,129230.33412414514,71413.460250789,48000.000000361586,650555.7744331758,15921.641410857035,4023.1154622645217,3003.0057615676533,3158.499854041607,560.6275424301256,797.4725109636255,1295.7389729243869,34277.18382795004,7675.942160092798,763.4982426389357,7.187295849093273e-06,0.00019868121981360978,0.5128508613587525,0.03332606950856972
281,-821.2607202426877,785744.6150844134,744581.4079218092,120685.514646711,63801.382562322666,52257.63530712303,341120.45906479604,17118.26156796251,2261.6293665298485,3198.1135843083325,2885.9683840467287,239.72565727507896,411.7377159320263,1165.6096038108049,34216.77409827055,6840.440512769021,806.4788832711852,5.304524432398555e-06,0.0001808893962925181,0.13132317901222726,0.030527196635895044
282,-687.2987360010457,815726.7681212669,732538.3078079685,121081.20130132287,70305.99200881505,48000.0000003042,616453.6030395756,16343.395849531824,3624.65504984418,2783.0363073695585,2956.8029887932653,216.57595841433076,754.6466902203297,1404.9458517511716,33302.49804818396,7439.456485269239,734.6257786640949,8.640081009819961e-06,0.0001997623134503937,0.5046509357329019,0.018756247172719252
283,-613.9697642934573,812694.6209424296,750101.1954738888,129038.75323264526,70994.02345387418,48110.13632447525,662527.785708668,16993.251016561146,2501.4362398903245,2813.4761248545424,3302.536569803095,620.3520140712308,706.0722701514755,1475.0007534328586,36468.73306779489,6957.7594883043275,674.2420786725617,6.316057490725173e-06,0.0002334036380854581,0.4250677283893376,0.0445766007139743
284,-534.7255453106533,805162.5604482035,736433.1763063098,120295.09163748786,61471.12680893275,49383.394023084635,584773.5972518201,17007.87542639692,1768.6627531847175,3464.0603531179395,3283.7838199389466,274.01124523614754,329.0238149784899,1138.3730054809382,30976.516475255623,13379.591210693556,868.2441858175262,5.989682208977672e-06,0.0001612028034367664,0.46479068903516635,0.017555756705633377
285,-478.6603471497749,837942.8160676911,710600.1342824849,118125.51257597981,63725.89290705793,58821.447321927124,543459.6974741749,15936.863667078882,5763.185052433627,2864.015757657875,3137.0181220157474,110.62413868426842,377.57657926143173,841.7685743321207,30468.699058506736,13166.616767043983,1054.6972810770756,6.632868257827609e-06,0.00011974935369197528,0.2839486957579749,0.02633053104390453
286,-407.148669577663,797946.7036526182,749602.4355047782,117748.3521507356,62755.3555211706,48000.000000051565,495080.2159113613,16739.535501913215,1808.1723351665614,3437.396766384666,3207.6538827246445,120.18562237175966,281.25813350799416,1044.8969684187703,33062.75616302825,7917.896202512859,708.4021968217919,4.6533272298059675e-06,0.00018897328384533024,0.2417365666266911,0.01714389301946314
287,-532.0699587451198,820084.7275122659,751518.4938340182,124807.83399983171,62491.08383134611,48000.000000114145,629133.116709862,16328.322790496451,3091.1491345240397,3063.6912972119276,3295.462998399783,432.46430488302315,317.1573428682055,977.6441993834478,38006.06464983594,5994.449260771114,636.451859099803,6.58613974614519e-06,0.00024950661422345013,0.31378969909026483,0.04122260382740216
288,-520.535699373865,817528.6947796484,785138.7263202401,121488.02625185056,59505.359892585126,58054.002802573596,414702.36038817844,16489.227064760213,1442.644903648105,3365.655689077358,3297.2511672943933,304.57284622251404,182.3106773549078,911.4227330972205,36215.7747163077,7933.79702787982,789.5256500659873,4.352760530359113e-06,0.00019229729562480515,0.12802715848362045,0.04230012198416848
289,-582.3596860390238,820853.7706826297,747129.7879619915,129748.11273467785,72809.6403844062,53936.309203655466,561796.1373922998,16844.51864354094,3116.326293202478,3017.474802170162,3102.3676610051084,632.2584711633817,957.1480904354879,1660.548819910676,37032.22509025059,7901.006931942329,736.0066425303289,6.42996080115393e-06,0.00020055433260268414,0.30049632013786315,0.028532090633029507
290,-509.59652978511565,816456.8260430886,685328.8622312709,119526.55727560596,65542.48795191346,48000.00000052683,629208.2775929084,16384.344148319746,2817.5668624544724,3101.4890315105954,3199.777144656266,179.56375777180875,533.4209000415702,1075.588024328448,34357.17209493293,7008.816541385907,757.5869199897372,6.1041165928256985e-06,0.00020773549029762348,0.5399023935006053,0.02543415977829351
291,-427.5810757376309,811702.126870303,780906.2778420489,116969.18455571281,61811.45223179493,48038.712004344976,432964.5348314601,16822.02952990263,1408.6247302371498,3314.0419698806536,3014.9429090486387,67.21035654734608,343.51937611708274,812.4693571819226,32569.646348686012,8836.56186725303,763.0079935121312,6.199619853964861e-06,0.0001767036154266122,0.20689285786503317,0.031182853544540617
292,-437.46247256197165,809391.4284444506,750303.27433739,119003.50663377352,63031.98470519828,48000.000000201035,310596.2661719498,16670.800729941668,3144.7889398633392,3257.0805293064263,3013.1153237536664,157.16649286981936,410.9723945786001,1053.5420743135585,35591.196804218045,6172.036118454277,615.8693314469444,5.1716948533804896e-06,0.00027154622229857934,0.08758667667524336,0.059880755186886486
293,-617.3187423189577,827520.3573375586,762470.4600680945,126640.1908227166,73118.24621294042,49846.705156140815,558049.0027665398,16740.78349321672,3630.02301992112,2959.854367667309,3023.8669639692785,547.5508729983846,789.2062634290193,1491.209390316184,34237.41999357696,7962.642271985011,730.293362362869,7.98409411975129e-06,0.0001768630379453,0.28447104624184566,0.033082150575670266
294,-619.2051944879572,741058.9511667374,638883.3914149449,117549.39849611654,65998.23073330279,48000.000000014814,338839.3602081447,17469.585156794867,4905.521657047322,3155.463084540834,2855.6134359716843,95.7397053977583,497.78455903180566,1064.7564780364353,36439.34347176042,5128.150353919222,580.3044039788347,5.094012735013161e-06,0.0002544804689186849,0.11845483212299679,0.04319312443848353
295,-663.7709294671354,774800.5508734658,741521.4681731064,123809.76333465951,71211.25068110552,48000.00000039228,306694.6642394332,16793.68325272885,1814.5256391734479,3308.542661824275,2965.9459648821694,362.3037801941237,859.4633842263715,1616.7953735380902,37802.89105468694,5618.482277971249,595.3480073001193,4.3487792934059625e-06,0.0002629350747110554,0.0771181961947839,0.03008602059895436
296,-505.18167965215935,809299.5372859029,765262.4768589135,121270.712279394,60678.019728356645,52227.138547387265,585716.6144006117,16920.89455179752,1476.1928407486114,3023.6966554160545,3220.655009448345,287.8191754476021,270.3485070953402,802.3045355869848,35693.95297786439,7404.092696344756,729.3576610364728,7.117936396556785e-06,0.00019962253618330942,0.42801261304156873,0.03360200581717197
297,-586.5290209486354,850522.9546465569,725307.4956006419,123231.07717856576,66385.195121113,92128.2305302253,631474.899385854,15999.995838715964,4968.441070225365,3206.177653609721,3307.0441696854023,432.8140008196167,518.8796352930847,1239.8019764753146,33120.570324538,15817.522862037034,1490.9293263171674,6.1139736980158475e-06,9.364092575299847e-05,0.3625676317061106,0.01684814387068494
298,-695.6399273322901,767537.121603511,745096.3144954963,122558.15178647684,68740.67027094118,51979.2085384248,406946.6253515634,17492.908113035537,926.7213245554437,3586.7227113877857,3071.2406021009288,310.10795028923377,569.8612363603945,1336.52487448049,30506.2067319022,11173.182432506756,890.9580864245387,4.341533596459745e-06,0.0001529382946766505,0.15082975019507802,0.03772492394922186
299,-521.464119353432,792808.8149995038,720925.080277423,125512.87721336448,63500.47507322053,54236.03460947073,658577.7969432876,16717.742444577074,2005.9064904183333,3185.1661809286993,3176.5715841257365,417.63241034218004,412.9088468763685,1125.6203789165613,34058.225967287566,8964.125990061139,785.818913788986,6.528196089332086e-06,0.0001817737435360237,0.5196916422187755,0.03621050020554404
300,-536.6671025271294,785636.1499416592,752008.5482106254,119237.50335596455,61262.908710445205,48000.000000726264,212721.45619991355,17242.683872598325,1715.536143836065,3447.440654416879,3124.340626469632,195.81647429220587,283.00580923703785,994.7578516407067,33057.776613216476,6937.049602589141,693.6334401919413,3.794709856250721e-06,0.00023921805949394568,0.04650608236161143,0.05804652349527881
301,-630.6563342192776,814807.7351826311,760345.3914104081,120114.3235569898,61030.6666149501,55674.74727327691,412226.52107005776,16529.861403876086,2349.6924797644524,3527.483025346682,3235.663389812984,234.34457697391116,230.7483564674156,852.4679117369636,36893.22197912856,9415.074100391945,766.6927723836153,4.124784820547011e-06,0.0002025395912744162,0.11617629079547576,0.04595323602662289
302,-509.59168500168767,806083.5426980559,763970.7564607977,119829.10349560274,63064.35764861615,48141.54306130692,510385.9320572435,16846.46515894157,2113.4901748376096,3079.3367781457455,3179.9494717698994,213.91869041811205,462.61012087824884,995.6031128288406,30897.73127691177,12415.879461215092,838.3819266231616,5.922866035140836e-06,0.0001265674268452171,0.229593967290763,0.030526439851604862
303,-478.2764831856086,807783.7396346224,751747.0788836287,122373.55004339502,64458.63747737449,48000.000000004926,649969.4346369625,16651.245035250595,1038.644196259579,3199.9680276411627,3262.092484685059,334.491022149036,506.9607110347927,1251.225021278622,33481.624841727964,6629.462573727469,714.9155449621999,6.266757847066958e-06,0.0002057369209868133,0.6147918716749796,0.022246224052258387
304,-661.6895934981658,770309.4933313567,667360.1610044654,120580.1519380116,67220.98222974886,48000.00000026558,230156.16082621523,17316.262379803138,4797.810002382937,3476.7261444754863,2750.9633695278603,216.510186894515,850.5988834644808,1282.107350872487,37028.795211934994,4822.638464008244,606.016620877678,3.491156063290739e-06,0.00030393143822778177,0.06955759629067244,0.061342874491213485
305,-465.21984974954347,871369.6611825434,749711.0208820648,125230.06096101977,69855.98683157912,54570.704241608895,628690.9328649566,15932.358478787866,5223.012200463694,2783.5276469883256,3211.467797953461,394.0320501861537,719.495453708208,1345.652161517605,30549.889114032467,16815.010610263602,1054.339519226725,7.115997516948918e-06,8.564525059230419e-05,0.3555795511621732,0.036350584066317186
306,-496.8103517708361,813409.8205541801,727943.899907036,119686.54762396489,60645.8536229246,48245.94732258358,514425.97014421324,16896.62503664607,3599.894045479476,3110.0390116522517,3214.134343029887,188.21526773633883,260.07448031578406,987.2478578210985,32497.977988938797,11479.661075522894,811.8921026387703,5.635279891505574e-06,0.00014270525636186305,0.2638135329763223,0.025127877934554507
307,-672.8005850554587,757316.451917664,711456.1743942803,119941.45030004384,66657.84187709416,48255.30251305575,268663.536477876,17232.79843196168,2198.590136121721,3491.456401934604,2863.6707746717407,179.74593005181967,591.077186984308,1102.921227916718,29909.300299405848,8822.675055780704,811.8609218506491,3.902810061307743e-06,0.00015389453332386425,0.0883479532029558,0.026956100935335663
308,-628.44398208051,828138.1216674342,802751.1651008187,123882.2160067679,73400.44851749548,62983.22351060713,435022.0581555055,16434.9142837519,1188.9757388063813,3153.667579884673,3094.9063550150236,351.4514775946314,922.1543243280734,1708.1319872380727,30774.089513829163,18455.28251052998,1147.9518287473247,5.494116734976896e-06,0.00010274371696575632,0.1602542796971729,0.034871418080143116
309,-581.5715300291207,818598.978965093,809820.6122508491,120885.11458887279,62530.19184038065,54112.30879236139,645906.7713964138,16359.29651635137,296.73868471786705,3008.5488201571998,3343.473036280248,226.85469987207844,330.8407763951725,920.0725145400864,34251.13376266369,8849.933535702807,857.3966279484209,6.842161101021469e-06,0.00017203527890855992,0.4385324485798583,0.042538064779321795
310,-411.12349960679586,822778.1640180764,728379.3030061238,127898.60272464162,69283.09089063591,48074.804075246655,590291.9823616641,16563.10981314042,3157.4270773340295,3169.372756800594,3189.738328931949,571.5855277955451,663.1029153572231,1494.9463648566234,31531.05416158665,10239.38072977811,766.6643648567845,5.516312421515639e-06,0.0001857723588628529,0.33151265786320566,0.024762596099139177
311,-641.1634115990794,817912.3585487183,802627.0451965339,122081.47683527038,71361.23369944909,48000.00000153057,263204.5892946521,16776.086954145372,1365.709684896828,3236.8507181603836,2907.4505587625436,269.3976257874122,893.3881691599543,1666.2705025586629,40481.54355871513,5741.712084795007,599.3972721374263,7.2196494302639366e-06,0.0003054076176452815,0.04829721892937174,0.054569120537064204
312,-598.2722017097656,830333.1277963187,702319.7050199996,122239.07369523754,61881.713292168446,54121.54709814176,580610.3662296456,16420.605560035725,4585.556719929837,3047.630931734507,3269.764690545352,351.13385668542287,271.8238045474646,1083.6088163148984,34887.10055347773,10095.017561514605,796.4516987384361,6.034463017523808e-06,0.00019519935235016813,0.340996828327754,0.03692261788010847
313,-655.4697173517199,821392.9547663482,707389.6152269901,118171.31138178437,61759.251959920846,48000.00000014254,379426.91299755295,16247.976371691635,5569.178658332421,3089.0818340536634,3030.200929020682,114.63867066884619,275.2577900802956,993.9349872751288,38297.17608138663,6491.292173377385,631.1128711787229,5.1491376117355834e-06,0.0002415794192684496,0.1369025420664496,0.03755297579157706
314,-462.16051774668085,854342.4874821161,789721.3575626084,120771.0772935181,68646.21429442705,48000.00000007987,306313.3772146487,15736.971663700633,2924.658455533748,3231.6356630775877,3034.691134267413,261.71730499520737,703.7486484132123,1443.8336977874335,33308.3489238918,9290.848441347685,768.5160062067825,4.256118419339397e-06,0.00017681890194147488,0.09420651838171501,0.03614849598125575
315,-680.209468017962,797964.5691546459,749596.6629392052,120863.52155835542,60630.25327545052,48000.00000000433,332250.7654681851,16821.95483804366,2354.276222319268,3154.0618111495965,3041.2144402553054,249.01601325744153,271.34658186114905,860.0789507476601,34264.62503646652,7942.844448521716,677.3820317776648,4.524820320639503e-06,0.00022599345394515747,0.09693026590218234,0.044198941891233426
316,-765.014487480021,788378.2317217389,696621.1017566037,118855.78194133719,66695.69845673422,50899.857286256694,585096.428873388,17203.835581934476,3657.420898168599,2944.8341574258084,3198.4515606450955,143.52455739963966,623.9959207597112,1482.1870028164594,32061.74395859211,8145.804770408953,793.3702237010938,6.7169092712296496e-06,0.00017564070362157617,0.38160215275215,0.03855503833766457
317,-411.755450965848,816425.6275862275,763967.6059591946,132410.4948434356,79725.11195131263,54832.044038165266,594049.4743724638,16478.184448525553,1814.7549705580986,3161.6432016328113,2935.1265791564497,866.1116376795989,1237.03962647288,2265.591354543051,36040.252245558964,7667.382083145974,787.2321776048399,7.412099345676114e-06,0.00022260556582350945,0.42811012819475863,0.03407532987656636
318,-653.7235572730574,804709.9203175793,754677.5250208214,119471.0060084734,67877.77617474619,77625.1142864463,316052.66562181554,16590.818540372846,2253.1842792181774,3269.0086354216783,2996.879558875055,174.15873959381065,556.5446124438877,1281.857631311176,31688.68472399444,16792.0435417421,1215.3607688684745,3.6714630407373745e-06,0.00010930791072914747,0.0900374929339033,0.033056680300239186
319,-578.4778089175801,836050.0096670855,798947.2270769057,124423.9024507404,66023.81720715691,57080.63194177982,598145.2244325757,16348.348292212346,2200.873818983527,2951.005012188257,3156.4847186603474,422.08170837318363,492.47961260651846,1176.8654703728635,35151.41630932454,9024.278556050369,864.2713181627471,7.742308114749174e-06,0.00019821475672265223,0.297212910544767,0.03340871916269949
320,-548.8765539744388,804195.4283457248,726234.6806302755,120233.68521738262,66422.03370514816,59916.36928182698,286459.10672673566,16656.991066512273,4065.4354201714755,3395.6920229092107,2798.3267171551356,231.17453389193557,580.4203557442,1191.2222393899265,31230.39348581507,15920.05951620992,1025.016438374226,4.6109459885366705e-06,0.00011926153894253403,0.10254751961627193,0.024540640133698742
321,-480.86380438151684,799032.671308461,722324.9880400792,122257.0294504326,69684.57486301361,65578.15551668432,448116.9567834547,16875.467716656694,3757.8992897437706,3211.3145786461964,3022.957402614763,303.2567634352285,756.1794641992932,1173.6223176200876,31273.296481704394,12470.01152385433,1118.875998551772,6.049038495475747e-06,0.00010908338883629472,0.1922863875279796,0.026584227535506152
322,-399.2079932532044,803513.077699371,735061.5071032102,120007.61138539376,63322.44125073015,50696.23823115724,293952.3513696483,16715.775814662848,3123.006177510368,3330.403902306636,2981.5869651149596,220.7877679682366,482.83961554495335,1069.8949969467635,31881.96304696798,10328.649150108316,836.8134617876041,3.600014087051711e-06,0.0001581994903796359,0.09356404265770688,0.033060566256616665
323,-523.4141909661657,842148.3150230325,649151.95752313,121148.38682454918,64220.02560064396,48000.00000078493,628755.3370349035,16151.044012012166,6966.206799748622,3083.5873542374584,3189.051432886891,304.3344430702046,425.971828584342,1288.4764447371358,36539.481413466136,6468.627256767654,634.5505175207753,6.953542226546641e-06,0.0002492122280089675,0.389141597473579,0.041881402003383784
324,-785.189437040065,833713.716463301,811911.1395174506,127808.46274760789,79397.48918164517,86072.09188333381,496436.73457515414,16113.82134134856,1308.3050286537675,2896.776491699002,2878.607028348347,521.5750022852309,1269.2100730523348,2263.237125422195,36006.08705312355,10989.137892874147,1283.2951185922655,7.31376391627024e-06,0.00013002307108961426,0.231857766398239,0.03359440601914666
325,-661.2168202280386,782283.2015798918,714256.6588427024,119933.63772557217,63225.432578635606,48000.000000835236,289092.84438065364,17004.43000108556,3101.557013910108,3643.790290833599,3037.1236860806807,224.34844039030392,346.67681137365656,847.7358987944511,31940.058769455,9476.052777128136,795.0858005884854,3.747468514642957e-06,0.00017984755088921113,0.08179002073057533,0.03337435198641295
326,-548.6655438629753,829052.6922163209,784917.4956063179,124711.22543147184,69934.80195536127,48283.858267837204,424612.0266447776,16290.256723779234,2209.6406631512314,3284.082501934052,2946.29557532028,459.7619012667555,952.2493693683871,1502.7870210446692,32821.24678505868,9856.755973693316,771.2492702574009,6.118944241913593e-06,0.0001673513900316572,0.18191320041115172,0.03923022320885716
327,-522.6174514403532,815708.4987359978,748220.1848416581,120333.1245154057,60726.7971029294,52500.59962452594,377007.05758602207,16639.10413905003,3495.7858695749987,3415.8530136132,2963.69056729349,179.68457002130376,234.77834546431166,780.7326066753334,33365.14336102985,8207.361017019093,885.3843504729432,5.946020478958023e-06,0.00015122014460592427,0.1583583910836344,0.020507311718293897
328,-622.7715933712,786797.5745013652,739255.5654073602,117714.99111616255,64469.73653578996,48000.00000055122,526887.9623708135,17096.27177824104,1932.4762185309064,3048.3487644917413,3143.778904440925,120.4699856962321,446.02863585991815,949.6586732621868,35873.22269223616,7052.560821907962,651.1337389710752,6.052969441736624e-06,0.00022463412047151582,0.28837740776162685,0.033886828709044796
329,-527.0898414842064,803843.6772573123,786937.1094944859,122543.27132614456,65859.602487064,72986.56386747063,384760.78223061573,16565.171173207247,876.529745074111,3197.917473757417,2986.233871805463,289.17060229720124,467.7053349750585,1003.4858048240742,34087.33229448501,11442.578216922819,1138.6524887054716,5.687472263014935e-06,0.00014048469787344376,0.1355812197425958,0.024527388392631754
330,-587.1793103709892,765050.4358118124,701603.1912890364,117458.19016327745,61483.73847284123,48000.0000004651,512751.8661601124,17469.266913305328,3121.391320969613,3304.623662982746,3033.824376968263,97.06257843489918,350.8669490795689,994.492759963008,31325.51360356988,9575.558019890448,736.2695189969403,7.199460811200834e-06,0.00020063464937187357,0.2344632761530121,0.039627615022249076
331,-531.4548386316233,793217.0612855033,716162.5357611325,121316.49830114556,67401.70534896385,48000.00000007629,576621.1792188531,16679.882944538684,3035.091187610697,3129.23084511828,3000.6234028029435,329.4330149207032,616.548599112069,1177.8908840120107,32618.39733171288,8121.035390457473,698.4884551423953,7.28882424654401e-06,0.0001976549726909852,0.4061662699632784,0.02461586689517156
332,-796.8460039737317,722043.0947961078,680603.7511078644,127142.1461790088,63972.617844549975,48000.000000239575,411074.86521326355,17998.22790789551,1887.0358809681302,3432.5260779244836,3228.5159839634803,583.7166131377908,434.2363206707619,1075.1575110874087,39640.03457929254,4044.2816407385717,537.140294792623,4.135108103806545e-06,0.00032449262910282085,0.09450468868980048,0.05642240829522548
333,-650.5571710416843,803795.47368091,681805.3039591943,117164.44004076728,60671.636389814346,48000.00000222105,650578.9569193022,16878.02190722569,3877.029068396194,2894.138896872795,3261.0816329885874,67.8032231922198,204.6279752576907,800.8958604377008,34933.400523079945,7950.894456966685,683.3263382065691,7.138215187243637e-06,0.00020076402786859922,0.5250668923036571,0.03962638920602693
334,-467.61293515690596,789428.820885836,734278.7588859942,118481.92878159198,63793.1922275489,48000.00000019967,212167.21207871975,16613.121422606673,2375.5661058978453,3710.0111684763942,2791.552538706168,140.61020670514705,385.6716335165486,1133.6452737792213,33660.461320937124,6472.130074664488,735.1175733129329,2.7740865143084346e-06,0.00021204019510969664,0.06400020691184892,0.045014657193081176
335,-378.738282310612,854770.7038050992,783433.5135458981,127519.857637735,66604.6459663924,50449.137612210805,545517.5133076388,16009.620810456663,3869.3445057992844,2961.836815105018,3126.298468165691,442.00493104494905,459.8632875971299,1266.9892585894713,35760.50919291183,7788.308616448614,738.9152124421266,6.873495928128667e-06,0.00019005522180424338,0.22504568067959815,0.03240302625966126
336,-624.9587304522863,824363.4056278612,772419.6505020343,131420.34781982718,70176.88270052671,50467.03485288916,422155.54487980425,16046.982998907415,2567.6197145222527,3302.5949917120192,3124.3770101523905,784.2371546099115,716.1296679802274,1409.9750177689302,31595.62470800813,13168.687092560604,865.7047254323942,4.901321546611017e-06,0.0001232473296856061,0.12253822270072513,0.03414488110942365
337,-822.0695468786262,805023.608652039,776249.7430313125,117572.84267442896,61404.793391804014,55554.366184760715,362171.2044590255,16614.750119051867,1304.1977744342223,3283.3754456652614,2973.9814458430815,91.97275340441834,303.99735398683083,836.7927986722382,31875.66281007641,10374.059078518592,878.4177638080413,4.676251720272342e-06,0.00013694168109443185,0.15670324992190426,0.024586981390042395
338,-472.3823466023076,789283.0868873234,732637.722568705,134591.13269498778,80198.66926289533,48000.000000389555,637626.7374525092,16842.57724215099,1956.3395932090978,3009.8436286367164,3040.4770737959775,936.9906361168372,1207.5801789965763,2029.1197318530951,33438.19339589691,8523.651589642926,733.437110161703,6.775447524155577e-06,0.0001839812647874669,0.46013129854559587,0.030348546524162075
339,-555.7229501300533,810699.5391955598,731837.2677504186,136574.67029438325,88011.09074525072,62232.11335083512,712774.5541122044,16815.674507793683,1926.312617631653,2612.935363983734,2796.941550728826,832.770671373108,1510.9429204510293,2847.3914337029305,32382.12840164063,12142.294448214878,985.3277988731945,9.324107560414162e-06,0.0001548102787881266,0.789627924908426,0.0380189875536766
340,-547.9571717169897,795982.4431459468,771319.7735735017,137436.14514190672,92148.27932519701,48000.000000000065,531678.9679952313,16946.702861246904,1294.1199250172306,2935.30818011788,2606.4246518627774,823.3115104968397,1875.6688736739911,2511.3931069881874,31249.45522331146,8684.945043474914,784.4059707935656,9.142139867043635e-06,0.00016344189145876204,0.3769985634109459,0.016007420948663288
341,-616.672901965727,829025.5064605782,779745.0638362864,120341.92654171183,68521.14098451087,48000.000000237356,323875.93176746706,16094.640837087822,2657.072677786977,3170.20363450838,2987.005441707057,216.21714973169404,709.4412438561885,1102.155380938197,35587.986960522976,6627.122654556518,655.3083763811421,5.184247434239818e-06,0.00022203536886003812,0.08617332129411871,0.05639423402796064
342,-689.6030201835686,783568.7434281305,714101.3469534051,119063.12312690273,62645.641329163715,48000.000001333014,254584.1900875952,16870.452558423036,2959.3049201408967,3747.2867347806177,3062.7347659821867,160.99105000873126,332.9318077687142,908.982631395486,31565.96531638405,10053.051554103766,767.1438686038675,2.70271603291139e-06,0.0001719889469265587,0.06857345661278709,0.04693813598148132
343,-488.5896218086043,833257.1395047655,802921.6328903727,118800.97921504785,60669.9324492545,54329.35505348118,361018.52020260453,16458.349619363013,1455.913097328002,3366.9580856505745,2961.339148675156,166.81147554231325,255.5248981911019,957.1769954716854,36093.39949310943,7649.1998283662,843.4661060991401,5.473499133306293e-06,0.0001833948607853921,0.16543140875398002,0.019975070790685563
344,-430.5572987610528,803934.8523049538,796351.1294192711,123419.0873644952,72138.07130783451,48097.48366375716,650775.6747066801,16857.785679480174,347.3697337660345,2754.126272859507,2995.1448736163043,407.7394112084065,896.7757097101991,1591.1160812934054,33533.5333316812,8236.291987388831,704.944131576744,8.36669066386603e-06,0.00020973104431095752,0.48839861492842407,0.038331122434687996
345,-668.5332948782732,814924.7147828687,736849.4056999272,124649.12276804393,70160.87369600347,48130.70339243503,383216.02786184195,16297.72279643712,3677.6390123976494,3241.1822196723474,2996.9248899579206,374.70940601959927,672.1440344020706,1432.0985777065491,33551.51840852916,8334.50368186232,696.2007503584126,5.922981999108429e-06,0.00019812275625091816,0.1357278445438738,0.034149708782689664
346,-498.2474280520241,839246.5760649097,819153.6866761774,124801.10910320996,68900.15424979028,61133.27328754026,390625.78767329955,16262.008095971663,946.2150361230315,3305.0928696624983,3037.208868804504,517.6409978698473,829.6187921149981,1532.3809783238992,34848.50811921136,8597.623393410146,853.5185933749115,5.434368188847387e-06,0.00017867574083505668,0.11961207104712403,0.04283244840470527
347,-622.7744583567287,823890.5607665612,788238.6411103487,123804.45600241587,65566.2909933161,48058.33363542686,244394.7550416577,16412.3697829244,2030.452187134261,3219.7514425196587,2994.264920294769,335.15303153197215,543.9865864483296,1423.42991684526,41370.881870345474,5603.874216377888,599.3047758854793,5.139810772423873e-06,0.0003039278957251926,0.049370052105984025,0.056800599094509054
348,-659.6419180087476,845569.8777777387,809826.2756916769,130438.66366201086,79823.92323053049,48000.000001195396,536339.0613166462,16052.696777725314,2396.085555350063,2999.3927136485354,2993.3598588132077,753.0652695815379,1499.3372943225463,2400.4127442025,39559.94582242179,6137.02098356422,574.8318341222387,7.162573620294889e-06,0.00027909940207843857,0.15811096824494533,0.05835824738866229
349,-593.5105191956163,803320.8870400223,759687.1236617602,123247.95520116983,61021.33587670415,60539.429637589164,405903.7927735446,16735.031332947125,2104.805344369839,3197.503057677557,3188.9026498067165,394.7287974266737,239.83927593818288,1174.303421799993,33615.72038264715,10640.38081373924,936.2494074164513,4.573286615649059e-06,0.00014432967829138913,0.12091978016043516,0.03216190757480999
350,-750.3241440968371,809941.6850801078,727271.8189993746,122836.41246101978,63367.32508396318,57649.36896750857,560833.7760292768,16624.71387480589,3486.6683694965127,3034.7543944523068,3185.305689947211,365.23562025282706,332.3715964160836,1007.2282166538074,32162.439119391973,10189.318467114179,953.1259282380834,6.6307926469424045e-06,0.00013860735688728067,0.2916091819605046,0.026256846394690964
351,-588.7719926268193,778175.374794645,727961.9864626849,119726.79061328298,65213.40886542781,48000.00000040448,244883.58981372154,17544.660386409792,2447.367540726828,3427.124896577213,2919.284481411742,174.09604716549157,492.33638197035475,995.8819589540437,33973.29978130552,7385.412694873727,706.1564660426941,4.11337683338859e-06,0.0002189960660919588,0.0675796565715292,0.05479842878831026
352,-671.3205521772232,786055.6517747456,750334.9503058629,142492.37430494855,91804.93937596345,48558.115877210126,598256.8115992191,17254.105940607784,1465.0519846961515,3172.9131116522426,2951.3199307496334,1280.7371988257253,2111.5787703238675,2809.421938335082,35925.00804307586,6546.47949261545,633.7708619478141,6.202107117223708e-06,0.0002515732825377734,0.31950161014909256,0.041779199008276736
353,-631.8147521072267,813865.2850202664,717125.4885738287,119716.84185853667,64047.992382563294,48000.00000009701,531068.9438831544,16435.818671893325,4304.856259542251,3112.2462219478493,3240.7257511989937,213.20088689158075,396.0928392262312,1060.6449795359895,33989.11449297296,8727.639462082707,718.1024670346866,5.697441499777273e-06,0.00019823813680355378,0.21378488058847891,0.036571782662723054
354,-716.8078312503114,797932.6118102863,753136.7018722304,119379.14249621432,63002.17161766864,48000.00000001558,377733.6834302488,16841.282093408983,2042.963546426916,3347.35430067465,3077.6098157453525,156.8919167060923,354.16093115705445,1040.682542180883,29967.4915634014,12132.574038670358,932.8297067420733,4.289739957106382e-06,0.0001163305889740513,0.14354411416687668,0.03288596047111943
355,-442.6101965414173,837136.9947065711,817799.6756699067,120241.82871735547,65088.61669892595,57489.90051175184,455765.97216763115,15990.684961332765,874.5213990888763,3206.371113911693,3156.737931981025,249.9560740232348,456.0347084859957,1061.192228692625,28400.689342097612,63317.079577399905,1301.9337553344114,5.013341347703435e-06,5.930258964057232e-05,0.17756446212186616,0.020341522338695094
356,-587.2238543637959,860763.3448816532,738857.3367335465,124255.68909325582,62538.999338380774,48000.00000076549,673166.2511335064,16017.320191502413,3374.1025988376377,3090.5607967989613,3367.104380129349,351.52499583208527,336.3221601609481,1353.461513080469,38243.027702067324,6459.416659027366,601.2690966773733,6.3662097888513414e-06,0.00025102441271256115,0.4895554021137722,0.043833304149264
357,-587.1851528515306,827880.8009151404,778870.8643909129,118402.22948009356,61189.574419414406,48000.00000000023,409049.8850327163,16481.086271562526,2202.032891103676,3269.3012469924943,3166.811636679065,124.08663987151185,318.57915633959294,827.8815604058905,37126.95328369537,6412.196492917238,624.1630182334982,4.940540777345156e-06,0.0002414982343354793,0.16217502607691112,0.04733668613785182
358,-633.6198083084506,811738.7114588154,775456.770808752,125921.96631643124,68937.26109521689,48000.056089555874,485810.73822493025,16913.50258571654,1137.1222827488582,3609.5690215014347,3155.1281313450995,558.9761097617425,596.9369989932335,1146.9393183965708,27110.10400513716,40668.92669456575,991.3403474711401,3.911912739425071e-06,3.476595543168961e-05,0.250803264979016,0.011431043414620135
359,-496.3380038735878,797436.8422595925,765011.143848475,118803.77501111785,65587.41821865538,48000.000000301734,330403.1675905658,16608.413290279463,1703.3878007442518,3257.1996921851223,2936.5391803137427,143.65995420794874,542.3127650052165,1278.4941334575526,32641.099551982003,8441.652122901793,693.2999913455275,5.126036934725284e-06,0.0002035738153050127,0.10708482352847312,0.04208749176536036
360,-500.830575631006,777789.6872272247,678631.8321064556,128596.28836665222,78567.56519041328,66953.60109751255,560237.4479816913,17280.85090810609,5078.951629258933,2657.6832822059114,2960.7332180828416,691.9377079679247,1059.0981804841615,1670.6660373475738,29183.595374500368,21044.458431724808,1195.5564789228858,7.318395278992173e-06,9.565351005228275e-05,0.31699445679929744,0.028451309408139207
361,-564.6499519939149,756348.5635684481,701524.7514861132,117998.55568100605,63482.4561301624,48000.00000023821,505017.85999961675,17162.043498194984,2468.5756083206957,3127.479291498073,2988.941936892962,108.58752198689938,433.9697006643525,882.3762837129497,38175.64340798606,5409.376481731514,611.0438189127552,6.233106122798089e-06,0.00027091312057507197,0.2789247465476953,0.03269347983503976
362,-360.80265261850366,809047.3230555458,652195.0613971727,118234.80843869809,60489.95480627683,49003.641480968436,646209.0927591638,16841.008589627367,3001.939984493157,3136.655578087497,3317.9418074190917,129.27152413620414,248.25727755145903,752.0734397618871,31380.861723247795,12163.329910841838,809.8820539978566,6.081680827568561e-06,0.00015075088687522498,0.5837237550116434,0.027367460968508887
363,-573.3575636343732,816453.9784602344,769335.6503976631,129859.64235386916,73701.91275314864,53254.76569668929,508345.9618635314,16692.30595885653,2692.411710605036,3027.9839376733044,2955.2183194919307,533.5323144668363,1102.0276487802314,1509.083113759524,32966.56109522577,8906.760977905597,853.6447424257146,7.169264497435743e-06,0.00017818973538843473,0.22218295253318227,0.03194889217772061
364,-597.1674335087433,832065.9379499478,796915.4615604032,123874.09424483065,72169.871540564,49933.77843825656,329511.7386570065,16111.303074954818,1884.137802524117,3267.2823626321015,3011.020383518161,397.80310636390954,738.2563487836277,1459.4489676273017,34137.13751743751,9642.423778297929,771.9948193140821,5.143345516123691e-06,0.00017268527678511664,0.09673952697861549,0.041500227059579016
365,-567.1167580166252,802619.3346244312,737232.1006267515,124329.30080625328,69530.78490508143,52385.42451230726,539878.8233024911,16833.063246729023,5436.060847239516,2714.736481903678,2829.8752863551113,462.8156149184642,689.549470871618,1451.8655910395046,33162.5698903807,8526.995579610577,789.7460352101534,9.56385028146296e-06,0.0001945129025668979,0.2602581944082425,0.051396691787398245
366,-631.5471987540941,807928.3797242332,766800.2487959493,123503.21663209854,70514.58564700588,53651.75739612742,379947.2939626762,16776.978366336065,2057.3897399311227,3303.4010955178114,3099.2500204756593,361.25158331077597,752.3914509397806,1344.9524040865797,35359.282144767494,8026.281223865926,807.9375773263769,4.644728116391726e-06,0.0001878710636941811,0.11876280573871155,0.02056813192795931
367,-530.1878785910803,828445.4277613409,780639.9021184696,122409.2120310822,70815.8372477995,63701.462648204564,432755.7940487114,16235.094594621882,2211.746526899454,3353.087976958995,2953.699371892723,381.7648641102974,709.3139950374874,1529.264025280269,35035.777240539544,8860.163404703748,958.4836184607433,5.689819730413725e-06,0.00014803771610580308,0.2068358482285585,0.023275548048528792
368,-484.97770509191815,786714.061133746,715991.5486716869,119859.612976583,62243.957627078504,48000.000000000065,611931.7044873277,17082.36779521532,2205.9558895811915,3198.9431709947085,3179.524513994691,195.77930752885007,362.1363490984941,1067.0230159161392,42545.9889046562,4539.753509953232,538.1203888757456,6.8045237965142584e-06,0.0003184477412684302,0.4284462705800607,0.05993347484912532
369,-706.1468391726455,795442.1415879983,760824.4973077043,127202.77631369811,64072.68476641216,48000.000000130436,379725.42924055917,16872.750677378514,1614.2884352121837,3406.862112773614,3054.618144130009,506.66522740938973,425.27201522974565,986.9436984355387,37820.35880578886,6112.077837265499,617.5609084018168,5.1424447224476056e-06,0.00023607837235911983,0.11833467496065248,0.03869924875581768
370,-630.3236559509605,808117.9287330365,757498.1868529072,121094.38191293809,61594.12667240624,60338.77227551143,642793.0599121045,17110.81572563378,1147.2089926053502,3142.722162080059,3254.0561219112938,246.33503830175843,264.2050425273352,1000.6600768214236,31554.028855765606,11665.96251864445,989.3036492079281,7.079905732262997e-06,0.00014364129185479612,0.59670585006332,0.033529398925504154
371,-586.4337502846046,838785.8237734562,799644.3706608611,143955.62561683505,99236.49832334396,48000.00000063461,584818.0705131427,16298.595578045364,1561.1912084430048,2829.435194289502,2674.8588835024916,1047.0352564837663,2176.623978826555,3191.1350720285513,34005.34433204452,7453.030081720428,745.7799899386721,8.477977641455487e-06,0.0001934805052570005,0.4634522103048157,0.015334890528594618
372,-558.2443007435562,824280.0998421476,804062.031387208,126245.74450607864,71733.32239904033,48000.00000040422,319772.23495052214,16588.19431235117,1405.4805175589693,3046.036648816279,2933.5155163237296,516.9057044035866,772.1810166327143,1616.867440608286,38158.7098933296,6256.014168336003,640.684724738399,6.784851642805653e-06,0.0002559087402779643,0.07427379295242653,0.043737285001599215
373,-747.2837372015377,800942.0882779115,678181.9583114617,120189.97281807507,65064.152344543574,52809.937813552504,371803.02193844126,16761.824064401317,5478.67355673781,3424.165397854658,3245.200551712437,205.52913807920044,425.6870744263362,1063.8172400362562,32559.418392385665,10633.253590057502,857.0400676486067,3.462994571101108e-06,0.00013994076270706056,0.10177606522888522,0.024667322593960976
374,-568.6220962099869,800572.0420060108,723654.6140798922,118154.30732562143,68513.58937527552,48000.000000286636,283004.90884661564,16487.3527721986,2978.388214642103,3552.154964498157,2806.678431493919,149.15866874305615,734.1385023763715,1155.397511386475,33023.74183487875,7716.793349767374,763.9664066408652,2.7466876240661388e-06,0.00019210460048486205,0.11057810043103097,0.027473367614632895
375,-604.8420142955426,775276.2785104784,756392.5009563104,119348.6050416576,66244.47111360116,48136.7152636122,579313.853664067,17101.825513804284,836.5525504036949,2945.0166271083144,3068.8814558712666,160.83696296059253,522.3933107381089,1070.85479937212,32047.551312889642,9784.78419473918,774.6820597767191,6.750204036599924e-06,0.00017534179556984674,0.3493915130228611,0.030158062467083156
376,-641.6431026540857,788772.7837166768,751397.9105925139,119827.16651752901,65697.5238915923,48000.000000862776,201021.78120855105,16759.922622212838,1670.303179717811,3504.145750903908,3032.7407943863936,202.45951389583809,606.1474268635052,1140.033601008474,32539.605208849604,8584.792755988054,731.3963093937423,3.0837255499565294e-06,0.00020114107340166805,0.04450814140338213,0.04629964708067216
377,-520.9032171333204,816919.0646113807,746440.8054773274,140231.88560266653,91245.8109062061,51321.775908535485,592723.2411813196,16540.106258724067,4020.9698730159903,2695.1628039741595,2782.142080333579,900.7231206077919,2005.2635601025013,2456.124610385167,33487.24468038105,8870.732911942547,784.7558700258024,8.19009354951932e-06,0.00018140289684883141,0.3422043227789459,0.03939333462683459
378,-755.8558896528937,817330.6504580613,797875.2903472738,120983.4931101205,59752.59727843596,53838.11137933484,655631.5632262276,16472.385280954277,370.19115404310946,3255.4735472860457,3429.767387724136,245.53405284234032,192.89113011120614,760.8053522407134,32432.178590192238,10390.883968419406,934.8222159265684,6.181609603452681e-06,0.0001410165100411005,0.5821818130465407,0.017037535375902597
379,-516.2017468131346,831918.4892035195,763782.1690278349,120994.28917669503,66661.21452453833,51974.4325447892,613354.5382286506,16537.914776266796,3560.6931398645715,2940.1605852442053,3132.244708142776,232.85065032304635,546.8340941042522,1415.712344330416,32576.93974803264,9881.697872630857,842.092981756125,8.503356672371972e-06,0.00015685923248470035,0.38206480612621924,0.03565933651138911
380,-533.3081235712607,795674.3619879222,718540.21860925,119942.64110981155,61377.78516491926,48009.2994843188,571063.3356133376,16962.725286257326,3133.686422649517,3183.6436075864876,3133.5977005274003,190.06532752537262,322.8987930757937,1115.5666577012996,36703.86043528841,6612.822278124732,654.9545157729718,6.874823180543674e-06,0.00024731775800588987,0.33116435765853486,0.036760047899772275
381,-633.3311379688587,771434.7644075428,764017.1965008668,125365.74008453576,73991.07867128632,48000.00000012106,605810.7216987619,17418.726075162867,323.5230860011885,2987.766381650961,2932.5920159897655,406.0069923624492,1141.052531566336,1591.3589883656236,28387.32160677917,18652.611570830475,970.2893663282896,8.575227838106632e-06,7.670514199599557e-05,0.4872722577450008,0.024735196132364926
382,-587.3190445400323,840251.259393708,792970.494265499,119531.26899764781,64010.3738567389,58300.256395549775,527547.1876346241,16070.035377662114,3286.25777889136,3167.9071602729623,2983.3263230692855,192.93633283383912,457.7641019399698,1058.0741021618237,32798.98805691667,11999.640035944714,910.6707877425976,7.853431154011564e-06,0.00012914598557443678,0.21288462252380747,0.03171565901995841
383,-572.8834659347478,796546.0342294041,721176.4213554882,125054.11012292253,62966.89700428326,48000.00000068884,556996.5342180417,17034.095059039537,2531.909355399235,3521.321734077433,3392.4802276084374,498.6119482697974,348.51112611640355,1181.6310380332698,35885.28614655248,6675.128633554714,692.2341825538487,4.66538157990197e-06,0.00023377476295037536,0.2920320799529731,0.032681393771269385
384,-585.0358245894338,805683.3426054225,659175.836694431,133379.23011938354,82776.43465727296,57401.880670130064,556550.2120817406,16526.124898121216,5789.165338032979,2912.8846739131427,2849.323176825346,755.4795475804681,1543.9336733408416,2374.1832054787433,35205.367096098926,7687.354312122156,825.1406640017548,6.986987892121381e-06,0.0001979684867330357,0.3745343451586098,0.011169734601500026
385,-434.2711887808338,822436.444156313,733247.0099377254,122070.35467654125,70176.54330558916,48279.903256109304,615343.7301059413,16280.599611286598,3172.800031421755,3068.1914766389536,3200.1844746228153,293.59184565153356,808.1975095051357,1263.6305722936204,32390.45037081647,13166.102885229811,846.5619340667494,6.69508186953301e-06,0.00014805855934897603,0.39501117100760913,0.03131518392281839
386,-489.48012882686555,798563.8504443212,760185.0094225694,120901.28725492144,62586.54084148791,48000.00000245536,521740.8794797696,16962.866580845475,1539.2860850265597,3158.067148388457,3173.899331322779,219.55356651438692,313.9910522334803,960.0877525715475,30785.73185732022,11098.12410857162,825.3443415786263,6.184813798024142e-06,0.0001552814553278995,0.2782884246400606,0.04256748587916427
387,-501.49190155040833,775117.8894196707,738698.3600809181,120788.5708259741,66927.04736895049,48000.00000116359,499226.77609197824,17142.948081266037,1641.8199148000626,3194.2217144126967,3044.4618064361107,215.1347302731871,697.6223804852531,1264.6946025735424,30371.08138643366,11491.249147182514,771.577764140197,6.125616492476114e-06,0.0001831366651889221,0.251200853734302,0.027978359882707072
388,-434.17611725977576,778999.2258706825,701772.5300695412,117889.83068392579,63063.150253903485,49092.616935323334,525003.5398987696,17260.586353959774,4071.046148528414,2933.287489152667,3037.515631083162,115.79575471233801,385.3433616226592,1051.596785205749,37546.583831641045,6304.739379255174,621.6847128427327,6.815351593984869e-06,0.00024416070145575453,0.2408121209409446,0.041266035775549374
389,-575.5736743377348,837763.0707983319,706626.6494046183,128942.73092171318,70208.44811416122,48000.00000002044,687900.8959166813,16246.546124945975,5325.813512577342,2860.4124650385443,3202.3226343800698,539.3084518629292,686.1964933643699,1573.2625747092159,35447.92179860191,7228.032177323455,725.4415044626365,7.2924582982337415e-06,0.00020354037425869304,0.47382868966309544,0.02421201122064277
390,-496.1602697312173,786765.7286924904,723420.7426385292,120404.69548807101,66829.9225430006,48000.00000000441,578103.4730592206,16844.557429803168,2182.628799494157,3104.5560827689847,3070.8494453287203,249.9346027480373,781.6943767296102,1095.936335951304,35011.83654377538,7541.846929951814,667.1939088543927,6.848068762673906e-06,0.00020872303965113233,0.4163580436953252,0.021528559751422455
391,-492.13408365239314,839585.9896449655,757645.824601135,120924.27583240207,60911.156733682685,48000.00000032774,475358.74061210704,16056.77584117427,4043.5146482231244,3487.9910075792127,3182.0131768402653,254.7651802767861,307.84523046024475,995.4539824949885,34077.51582358735,7342.669268542315,744.7592415457574,6.065688628013709e-06,0.0001857994126766799,0.15710427013724787,0.03484112581281319
392,-488.0939313883754,812179.2175735234,758427.0163792428,124095.38433502508,66023.21026112472,52628.17865171896,540068.9726194143,16709.71824769541,2379.3023911861637,3184.495474321999,3104.8049336386644,419.89167332106604,496.4391921983725,1347.8565109570686,35035.99373129902,8246.706127880498,819.0005348088209,6.351169165962459e-06,0.0001866669228093265,0.2801416413908968,0.03389074679179546
393,-693.0961546093231,780230.397847608,696551.8690495308,119018.82799665519,68500.33159168957,48000.000000000065,299431.89702068124,17143.76511534381,4129.794954614541,3294.2472223048435,2916.995084621756,148.81107420708074,616.696907696298,1193.1536301085837,37604.98313396317,5010.537025962239,572.727236794775,4.56008709908917e-06,0.0002844789071982743,0.09007507929315302,0.05937778887389841
394,-527.0180390533503,808112.8108717062,741800.4734662577,128766.43890670367,77274.24078446947,48000.00000088972,584569.5148505643,16741.043526792102,3214.569292644651,2976.004170773087,3035.1649001735627,564.709114364814,1000.2536310774972,1989.0379200089983,31528.606526949356,9550.8869953165,810.1872869223282,7.344280207612582e-06,0.00015928151100898791,0.2959911575680891,0.04299946138904043
395,-604.2337400473546,813185.0531172324,639840.6964532102,128494.98707866533,78074.87319002635,49982.02531665711,633637.0011533691,16865.951237554284,5504.721787414513,2846.237842325287,2963.404103338766,552.4686508587633,1223.541774908903,1959.9126474814475,33794.75422731506,8379.631240679826,738.8477193926614,7.801251908003633e-06,0.0001903911431446567,0.4934973482557231,0.04296161459033845
396,-821.4663201718909,768145.2107280439,644360.9600727644,119340.23617327756,61459.790886380506,53837.27962261259,571474.0686877876,17551.284751275245,3797.9462463586005,3162.402445449045,3331.62695586595,225.35103617144023,289.4142064021179,720.494696883196,29696.655435311935,15891.776969573004,924.5238793078173,4.625578369749642e-06,0.000126662039321245,0.35760865814222415,0.032974782016828255
397,-646.4003669081984,837156.3658775504,774080.315922983,137198.32362773435,88587.23960583842,48133.624013312845,587037.8434376955,16272.708494965778,5166.773116059724,2665.180460498998,2901.6257652912736,684.6616930772366,1935.1995406490082,2535.7491016363197,35869.495312911684,7362.338188732066,658.0939539502135,7.90894329920078e-06,0.00020106962362212048,0.1833166732286719,0.04788425754625924
398,-528.9424460663834,811894.1201621845,749114.1687109462,121668.87972317755,61944.43810159415,48000.00000170358,623331.1971627292,17105.769725784892,1803.0743602299588,3586.8080464324466,3292.6529577594715,291.283731815999,346.6859786060532,1176.1322894318976,33712.87709486044,8334.615128987673,745.3696459845186,7.029098164965014e-06,0.00021975064526691003,0.48149762754355563,0.030442992500021374
399,-522.0221055198949,846979.5420562671,706515.8177854337,124802.5293692111,67232.4591977657,48000.00000032842,674697.4934527504,16227.516840173179,5960.436367643075,2736.4616112906224,3176.255852560653,391.0044365519313,512.930722352262,1293.5212623237328,32989.49768916159,9534.005748448639,811.266519030743,7.867711526834665e-06,0.00015346423094760308,0.4422549578560495,0.0269822739513287
400,-576.3077408349191,848999.4107323822,776248.70950957,128640.23346657328,70848.15614242466,48000.00000009454,421465.9316187765,15979.417030782883,3933.562317242266,3181.2683853300546,2969.6949961364016,591.5455790611226,945.1979106854367,1597.2171846692816,42920.72893567744,5068.059586445262,514.9837485589002,6.5296038330134915e-06,0.0003169416228066446,0.1531933261680574,0.05270247059414302
401,-717.212495766198,801961.7615402924,703811.6399959318,118394.49404039752,60803.896729172906,58670.43877458433,476830.6276206725,16939.13349760872,4144.24506762897,3193.2194455103922,3231.62243216766,144.7355756092284,288.159128679484,758.6082734762385,31075.5402876343,11474.777067755198,1017.7383954060932,4.943581055901793e-06,0.0001234112346586465,0.20203200883179584,0.026412582354731574
402,-541.6757790479242,832857.2170860394,736152.3513494071,135388.17246803164,84512.19788516765,51933.34001574416,633740.4306790535,16307.030122639104,5667.402398269377,2905.2302637971534,2939.593918978674,885.1980669776156,1407.956041896149,2181.101145944404,36492.34603227524,6362.841198251075,708.0757472937862,8.185605891899168e-06,0.00021646369994350576,0.3636196428879615,0.04567245688065299
403,-622.3043514517439,795076.8496955684,732686.8303575565,117186.91676562978,67033.83055733531,51327.747860944146,428250.08698600926,16753.321720698874,3274.6313674361045,2947.9729401587892,2946.5577837892474,97.04163647722336,645.1035347585419,1287.648225371714,33473.634788934505,9455.586789939236,817.337513209575,6.06098098130173e-06,0.00015107099308527133,0.19002007769242238,0.022070265655355168
404,-569.7168180564302,809808.3002899842,749842.4472200809,117951.67306654694,59577.091561715824,52224.104163463424,454004.0313784249,16920.740625018534,2057.7690674191213,3436.6003503526777,3318.8741586172964,111.8463697325432,179.88667018087463,760.2860395690384,33546.096334944654,7894.913983458147,839.4312376536875,3.3924595496087175e-06,0.00020636668517687374,0.20000886746016722,0.03117698877393844
405,-651.0904752677634,797614.9160400578,624741.974798974,122329.14846045474,62816.292842509494,48000.00000059922,624741.9659377084,16698.72972028252,6638.528468343204,2851.0883865975297,3194.724900813391,251.97705185769183,312.6059203617066,832.709551957764,35970.052171785406,6260.189269660628,638.5541045820252,6.758864144221215e-06,0.00025717083911858585,0.39547164982763394,0.06441979181075233
406,-522.4875701492467,800287.6420067111,745869.9867003886,118711.47711554069,61033.638616515134,48000.00000047636,523576.35520866135,16697.506734163624,2807.820861466995,3149.4349938909136,3133.209369433583,148.4282604644673,233.93577468838598,832.3271650437308,32116.875924633343,9540.822953309636,782.162494486386,6.858710272958347e-06,0.0001616535429485408,0.2504867795863391,0.02617901873717831
407,-679.5198695542499,785702.0294603118,728901.295997952,124326.96480171247,68647.53258001979,53159.13201594551,559228.0497358324,17154.951364391298,3164.7592357448175,3161.07716112237,3252.151535278431,375.7704462234883,819.1793126595942,1375.319047703449,32835.64328911196,8323.156426230495,837.9580933424121,6.122937854304047e-06,0.00019153747114760653,0.19589652779027628,0.03261458663898696
408,-618.0503809188963,832750.3927670936,773450.1248397446,118759.97603678082,59038.09976077683,68020.97609445971,490431.1677678633,16293.831924343605,2637.4674695994045,3036.0072158429857,3188.320113338726,132.04242843388343,174.57359705807283,739.694372493356,31284.366967273454,13286.209123323439,1155.109284204097,5.756850738801674e-06,0.00010472716821824809,0.23494318819642812,0.02289424601378744
409,-467.5460626790175,821510.0516318775,787097.802656475,118939.44053786638,65626.82035468673,52719.7565592187,303161.6051004138,16422.656907632467,1499.1093685470712,3519.229717595417,2905.368260742922,168.10980730543938,513.3282918275149,1091.4061430398563,30768.823983445014,11587.332901477483,854.9298104872819,3.7619108332297015e-06,0.0001354411186333781,0.11630415968305165,0.02597565575314054
410,-690.2149730517717,799147.2841039473,737151.5690654742,121027.01146084638,63035.810789681724,54863.459282090254,358541.71789360046,16687.9066004048,3406.7734856987954,3156.289460040538,3051.9782835952874,235.3287480699015,402.05159737166537,943.0597285610714,32409.352392032564,9802.225744089721,847.6760384906739,5.7175627980928e-06,0.00016504431126265485,0.0944818686545129,0.03800535532347716
411,-640.9426145679653,809920.5359791341,794991.229950899,120344.85874974253,62319.58820364739,58422.628976755106,305000.36307897733,16504.8757910219,873.6579791276234,3313.0904510985565,3143.80896763948,196.80174421187596,339.18888152143523,896.9056277053261,36810.29477732923,9015.812598683446,821.1392256688888,5.145660046069578e-06,0.0001785446339145997,0.06312195704665045,0.03879309410739324
412,-622.3519335067799,792527.5787642475,777535.3158243387,135027.3798568624,81781.88121618894,48000.00000000023,627587.3786581577,16918.839611379044,524.4388401687163,2949.6213472962154,2900.1082316914785,884.851108851277,1375.5540843252254,2214.6600776721057,38543.264792018446,5920.046682104781,604.9110632273569,8.01912714718042e-06,0.00027766468464949227,0.5165141988984234,0.03820705817993053
413,-541.1853907654629,827223.5835111078,781434.1040073053,125989.10463555006,68698.11282912586,68029.14885077484,641659.5156546423,16436.80991872547,2062.495442672983,2883.3176751006004,3132.79698234826,445.8375387948626,754.9871331071172,1276.5587924836163,34882.325098297966,11481.06163647107,1103.755342180356,8.256271365399314e-06,0.00013135379594242865,0.47696458303914,0.0245155487506039
414,-714.4883730858047,843092.9831437205,790707.5435830451,123913.56022089964,69755.32879521715,55915.07385706153,526890.7984924751,16441.42228028963,3065.3751188545707,3070.801225319501,3020.4071278450915,325.62017584597805,736.8841637246559,1257.737645811434,35427.35152041113,7583.716542424841,817.147718792488,7.507115505369159e-06,0.0001928836125027704,0.2654809228213553,0.026693961080427077
415,-585.0585905035616,805729.7553123578,786283.0900430859,123735.73724234357,68375.84079582407,81236.43342455332,553457.3982392686,16940.41421905558,1230.9639431194412,3024.0426079333797,3100.978107857448,330.13713648598116,596.7295634860417,1308.9354431311895,35699.219549578855,11959.972483329233,1197.2928087297373,7.757280906891142e-06,0.00013362878453297095,0.2803824760062663,0.029530149146823854
416,-443.96063414584967,805880.6230106393,760544.8612527987,118633.30338515475,65053.362310867495,49611.132862906146,342522.74491759844,16832.841098754147,1634.391245780077,3554.945678179914,3126.1287326900933,152.32783839086076,499.5326259009132,1229.2318808405112,32596.72258133241,12027.71667363066,784.7475531799654,2.6175005904659737e-06,0.00017553307366368628,0.14078360729347536,0.02433262383133357
417,-550.0587733182786,795134.1540465421,731853.2931879162,119282.71374083024,69301.52289719912,56264.218849938276,237986.4390196814,16929.162276311858,3063.573903299055,3643.867625427193,2745.1710675344743,212.58912911517308,789.8900011997995,1490.9042266447047,33669.87858329355,8992.123684818594,843.028923233515,4.111303763926151e-06,0.00016390785743719202,0.07367580647020495,0.029994985498725358
418,-520.6315227424836,850332.296674371,814654.4898047787,118888.58357966284,61191.908895256274,48000.00000002206,450645.3895842345,16014.538247212635,2020.9570888515723,2994.751862739566,3124.5435478063596,130.0292277478824,229.64296354091138,734.7550512141025,33271.741847831785,10393.67955214043,799.1904013043064,6.64560613080027e-06,0.00017038152419323777,0.16322438880839965,0.0411571682519687
419,-502.29917705810647,793046.6464800655,753931.9903985597,127011.44150340298,64690.262871672356,54966.81563100012,622664.7251174479,16782.78915743295,1248.894172152444,3350.066262326154,3254.695139225562,548.5185198826146,424.6019180271117,1322.365606863806,35410.76856266959,9568.04678802896,813.8701967179699,5.960426583704412e-06,0.000199517052747465,0.40696731803628217,0.0310754336107473
420,-513.040645802517,836999.2468739307,796887.9406430116,125265.67431012366,68682.29517503887,54594.40091194573,397648.53095349256,16198.546659327003,2602.8230453930196,3081.8820253294502,3125.756523828711,375.2554461892469,646.0227106687372,1444.7452152009341,35043.57091131596,8017.501273937963,816.9127884262555,6.101554521011018e-06,0.0001888732570280914,0.0823035618752086,0.04544260008840165
421,-555.6454423566473,792058.6947861616,733055.0728091963,124023.7940786069,68437.07395050574,48000.000001369335,652605.7654228606,16911.830740403577,1330.6755597095782,2730.5202112294205,3177.4432290965474,373.48827516478934,740.6844521665096,1174.0627385854323,32080.745202416252,9401.073044792292,785.9505057500866,7.400289036453221e-06,0.00015043898344006305,0.6077415186762399,0.03269871568936601
422,-561.2400036221969,778226.7105253383,733875.9215492972,122195.72386873538,61619.44902620393,48742.60522576217,479023.7722138004,17334.024668406153,1935.2074527263953,3193.4637112678297,3107.2674787470255,319.1099642264223,286.95302200529926,841.1313619385518,36433.61469661762,6017.104154849125,669.1190339380801,5.6523087153488256e-06,0.00025719119937049005,0.2132338063036624,0.03475126616707155
423,-637.311977096847,826505.488458847,783743.1049469807,126186.84723359418,76961.77000728606,52125.299097952986,404596.097083327,16573.055426022587,3282.767526179369,3028.5763917320082,2797.652385544087,486.39117404806194,1191.2218100293792,1693.8193871823462,31796.614478740925,14126.62922426884,955.7677857884656,7.956580602782736e-06,0.00011336482803299145,0.15118704596850033,0.028591095365058394
424,-669.7053646183911,770965.9374618512,688439.4261833589,125757.31599930348,66817.0794731545,55904.096614283444,441694.41149108537,17521.246793049475,3605.2049146159147,3365.079125984693,3078.937540942228,541.0283203011779,570.4360636588601,1387.695891012746,31443.819283381672,8988.096807162052,893.9981312536013,5.44915202935872e-06,0.00016641052503288742,0.18025527088104476,0.04180741374115489
425,-675.7628582787079,777433.0698282124,714027.5657549279,119408.14567633919,68460.02005720549,48240.891509287634,522934.2137338276,17246.143786298595,4167.4390275681735,2718.952239235423,2810.801397301871,157.21957612879692,692.310324320156,1295.1082210898062,31289.712467225236,9781.138987099519,825.6492695327125,9.587055378294854e-06,0.00016871486157777384,0.3542966533011566,0.03796726672715631
426,-626.6099741229526,783739.5460428637,687520.2416485738,119420.99360107761,60192.24916054254,56033.34012511068,491359.4333029377,17100.58582971045,4278.613236475594,3230.864939990875,3166.026578018687,172.05079439118143,247.92225674663828,776.5309646668343,30878.610981520764,12429.425571039428,974.4477237471979,5.561642892603088e-06,0.00013709168371103952,0.21554482556676366,0.020605491748781284
427,-603.1160293014055,806209.7535285405,756136.4607125191,124763.10725447557,70846.34814453687,50468.1088567923,708500.1785660685,16796.235331708318,1389.7628545323066,2989.4585160411616,3122.8509988147434,415.44100546068137,728.3539532756031,1627.2111075112978,34717.04061553544,7955.219403057777,719.7484749685954,7.729258154951541e-06,0.00020501665575364112,0.6488979108154935,0.03895577320135918
428,-332.6247679166471,846083.1601148567,725796.210821476,122919.0575820985,63574.427726553855,48000.000002545225,613681.8734360714,16169.754968785455,4682.076990426641,3150.1551489773396,3203.8413886062604,369.771543302061,473.2684046249583,1050.686312023428,34895.21812614455,8764.306401310107,696.4450929001857,7.31477585969269e-06,0.00021901967899520862,0.4040402952437717,0.028105826204693544
429,-670.4323991175661,787839.1865818596,719443.1466504099,120875.82593425401,65313.893521604135,48000.00000008584,558992.3134705998,16939.61538405694,2607.5420606582925,2964.515656576245,3109.2535338088346,220.12344150344066,474.5493643697815,1205.565136227352,32815.43455618357,7462.267082541813,682.0779878124104,6.5882981227231364e-06,0.000202519021514412,0.34137355794203555,0.02993590133351775
430,-650.5390934152438,770696.9652254784,725154.0324486598,117058.65819777983,63326.091627852424,48000.000000002874,475890.3491934336,17619.36411964226,2076.6365079903426,3253.9869265769107,3140.6967359720265,77.65730664620341,447.11168252065477,995.0987184507866,35434.2989276417,5643.05740178321,651.9152863406551,6.03046326961184e-06,0.0002637707348478367,0.21409252750478588,0.05222137544940028
431,-585.1125680592266,772387.1607554131,721214.5060301868,118905.93643462069,62018.210251510354,60363.88461043513,318407.34342846775,17398.368509314307,2251.88735163346,3355.1399405663574,2971.585751350221,149.58995000252057,402.3955121771208,1107.4382798938427,31506.898603555688,11819.113820410632,966.453490010756,4.071734184954079e-06,0.00014641302053540088,0.11003859487115927,0.03874600365455848
432,-412.1349372440756,790265.1589168091,682656.1720915129,123743.8253371085,72723.83473371656,50721.8677061152,581754.5742877967,16835.43906696004,3653.2657579987417,3182.2375884199473,2998.781221155304,430.2038388801919,1110.3990863106283,1698.136815158029,35000.73931743075,8906.129628337956,722.8988935636054,7.3207501264510145e-06,0.00020141214076345242,0.4021233917760827,0.019264586815063427
433,-628.4912402657772,802422.103563199,708565.2725756982,131982.3793987595,72312.86818247955,51375.073173659664,645901.0683882508,16582.11837689535,2570.9034996809173,3081.8811104893393,3149.408857193433,627.3371041103093,791.694317120874,1541.8655280764629,31582.72827341966,9496.566775026655,852.3695679764654,7.389650643556449e-06,0.0001495735034778191,0.5697323575240775,0.03175518484604297
434,-458.35269725355363,811475.1709398516,733601.9957087793,123946.79070883822,68411.19241969883,63793.77113744897,444642.3519491188,16448.522618120922,3682.679026821928,3181.6906879374515,3089.6461959673325,408.1290928859425,638.3114041891903,1334.7878272968244,33725.53350727638,10857.581317968725,979.5961643670217,5.1776500179758165e-06,0.00016962967001740145,0.18841958914555867,0.03163551103626961
435,-528.2784497239327,813256.6307281462,764199.6173636701,134218.09987184196,80895.88187247011,49842.967436190236,478408.026337035,16423.22813467261,2811.4101394895447,2772.1665462395313,2791.4372911457094,791.4523604294524,1599.33469579964,2305.89624584331,30924.182972701863,15484.149349592695,890.5372275010538,7.696892644624725e-06,0.00013288863410679906,0.20245834981372227,0.02607152824063194
436,-534.0911607447312,828683.9543439036,767947.0685769866,121919.90369423448,59849.70842861626,56213.6297050742,378688.1443280094,16579.680152103978,2605.289797624064,3363.7640532780756,3026.0303883044467,244.4634796326261,229.25762879033505,1001.4150704356157,33544.46448553577,10104.480857980354,865.3311044100961,5.1745177281768665e-06,0.00017547438016253457,0.14834362286672975,0.02979907399360732
437,-561.957446097514,825477.8398977137,762206.3418136754,122256.9601132452,64777.87075258908,55343.102852421674,294967.0541163581,16314.008272731819,2743.7405430459235,3322.2130581866563,3041.6876880843497,242.07754656390927,467.8798088086977,1046.7723930622276,30856.66907558414,14725.066476417082,981.334474879663,3.4108247198576467e-06,0.00012337164061259966,0.09625995727818779,0.030075337250595156
438,-638.4917988335848,818554.0613350001,708247.3383063665,133570.3969616024,72274.6954502348,60367.64558532841,658844.2957245107,16521.532181248167,3876.2813235865005,2887.9059668193595,3035.4055350740978,786.5920285664002,863.7962843982648,1732.3595229665796,33908.65151370804,11382.926187213794,909.4526478451636,7.891470503933761e-06,0.00015412356791816,0.5019621125231349,0.031209783153104582
439,-524.0904751772168,811546.078464288,772092.179845144,121356.20568546774,66608.1086828428,48488.08798014351,497523.0066263967,16866.54846426782,2407.8956075586725,2991.7065783536605,3088.288586443301,230.04447596311886,675.8382493349658,1589.0186600066038,33938.038444193815,6893.288842800591,687.0569667734992,7.0178027054669506e-06,0.00023263833591639628,0.17848811623533828,0.050091124960679724
440,-683.3479659860191,758208.0773771084,685079.1845117992,118435.74185205408,60604.05677679625,48000.00000004747,423359.2623419485,17269.397433042024,3335.493420671785,3192.453735250336,3105.4753173246922,123.09874506508078,266.0595393989857,866.6591214807903,33403.42389439509,7006.913016280156,684.2788260133752,4.839063564552134e-06,0.00022841703143497652,0.14410950799750769,0.039500263633556944
441,-562.646552850159,768598.0984249956,703640.7629914843,118019.41452363727,62413.36757601972,48000.00000019677,259547.73654759343,17434.546433526288,3414.83039097311,3337.9767235207064,2922.912354344337,130.34270193306685,359.478335515072,1167.7597257235257,36876.471504826615,6070.413249241187,639.4201450735376,4.636979889623158e-06,0.00027656909500367593,0.06932753124010213,0.05023344484251269
442,-543.9060328708255,785116.6034100298,745521.2248519547,119537.01819967844,60017.49383032028,48233.75295613576,428885.7528602463,17272.660354165833,1667.1890898514514,3469.350656110821,3207.3309539702277,183.05505359708997,233.41159309459795,823.3114603788863,35261.77258303351,6618.867839972972,731.4364226831909,4.713424282098774e-06,0.00021210677588729218,0.1774008817252134,0.03189523973570434
443,-565.8435229027971,811470.67528,673597.5913071246,119176.24081351937,71754.06545593792,53017.9376888854,347005.882892295,16902.120365432856,5470.944871253567,3493.568243940491,2873.241590310895,215.11663216767445,1059.6615112938314,1683.8624007131693,35100.579359842886,9777.345319962491,785.1761784791677,4.364926329407496e-06,0.0001790253712804004,0.13692405383144643,0.033839032776121276
444,-487.42543836698974,784978.3681014467,711678.4028864258,120824.6569472132,61294.61362659932,48000.00000009889,599066.5875991072,17078.142466333862,2686.44158152517,3076.0428678687003,3148.696606485046,238.92675252326504,378.5760555105356,900.3764724642685,34633.46178559002,6453.007030619534,663.1751256923535,6.599491137428536e-06,0.00022759634376486867,0.36771775071752066,0.05590007141525575
445,-510.3889951440973,793076.7435729309,744644.0037522229,120498.96191247317,61208.30615369977,56327.843029909396,434383.1838666067,16657.205902883466,2511.5736070206212,3319.6766725279635,3087.6069335064585,229.22642090239026,292.0797418238052,868.0630112323973,33121.81593805031,9376.397090207209,831.1579746638644,5.554502779711117e-06,0.00016521804987312062,0.17071299030956466,0.03122628226809202
446,-631.1433190427158,802173.7493798231,683082.703596345,127704.23029256855,75044.99255701924,53451.14743576705,423609.52433219244,16699.715752210795,6583.222799809872,3031.7586686940863,2827.1344270517156,550.0752341797116,1040.778885911432,1766.0479339017677,34844.427871123866,8369.84525066756,772.4816833486864,6.979559237202096e-06,0.00019868456316426872,0.15581606717695878,0.04669388203373783
447,-542.8671601419476,817573.5127629441,790017.4624255236,122049.9037502304,73014.87556669026,62210.836694150334,537911.7063468059,16273.668436561677,1414.4505344131303,3015.45029200052,3013.2849527412523,280.67037699823015,1002.2696751738441,1777.1858502703963,41057.85833093966,6984.761439609431,788.5975845647956,6.8887458002471675e-06,0.0002301416176273552,0.2352470461668963,0.04346660476879211
448,-670.9531958108848,831305.6614012884,819311.7884625439,130212.60381160896,78627.42501840601,49476.695498898,369782.01417455025,16183.346959743536,627.6733551551628,3234.5307774885455,2888.3647305789614,728.9012314287907,1241.6176287841643,1864.5303633939832,34233.722226582955,8929.051461139697,809.8530424027186,5.535272747484803e-06,0.00017417044940936781,0.13323139111750662,0.032724786855079756
449,-648.6182494248188,824233.2437530012,734848.9008169454,126588.31549659057,71096.36030958068,48000.00000246516,665623.0949197073,16747.465536968193,2517.3057023192127,3014.730506264008,3174.9292971064647,507.88557150968967,765.0095027843033,1637.4528952463306,33365.54861991068,9323.375433712272,742.7763390205791,7.543779594823143e-06,0.00018461471835096583,0.5602510882586696,0.04145541105062491
450,-643.356561416228,797503.8898637735,742096.7525339151,128763.50181646606,72447.77171175835,48000.00000133284,625699.4005413327,16902.797486029132,1866.4699640178324,3015.441616191572,3189.1712951401605,601.6158550351447,964.0299026942952,1382.137396813119,30015.475791620658,12969.717396036165,826.4421405006267,6.3205844996228545e-06,0.0001565240863127026,0.4367366409506112,0.02244109803958331
451,-592.9954565359166,809974.1446936027,730155.7537228793,117942.76591174527,64980.453517401445,48000.00000001933,650700.915364378,17202.60329707939,2587.337461554406,2943.7583223980027,3106.9238096312556,109.25990551511693,580.7221317941343,1255.411532350915,32346.120916461594,8675.708852308233,785.0498940207337,8.531376318026369e-06,0.00017493924459987753,0.6119570033506015,0.022973515903478632
452,-633.2779929516819,809071.9933342497,726878.5635965383,118107.6097108543,60317.22632400716,48018.905352649876,592892.6654463671,16624.29420315886,2291.8996788056893,3125.427966272893,3253.297737870761,117.65503040819368,228.15020523237303,787.102289936593,35175.500288381845,6542.941227816263,707.9094461931724,5.578672825877046e-06,0.00022080121559818383,0.4274581947014486,0.030796474246088248
453,-823.301811959979,783978.5462237131,637760.4405057967,125149.96056747036,65132.167747685555,50651.7493029977,590265.6566660972,17082.46316065062,6206.284879401867,3105.919668329597,3287.193136307497,440.4787995368148,452.5770077433545,958.4874243855999,31852.841038209157,12199.407855746924,845.1997338731447,5.590837954504139e-06,0.0001305747005496383,0.3075384808337913,0.022524708788012274
454,-520.9963287363005,778304.5390278908,752939.7924513044,121935.54187183664,65414.34874192852,48000.00000012643,302259.7168668091,16937.298593371674,1066.376662510627,3695.099882616429,3015.5735522623686,359.92511521257484,587.2257244677,1300.8619293902345,34665.19907865876,6935.779799403707,655.882884549623,3.5043642019797587e-06,0.000228649900858471,0.09155694145991701,0.04397229546631999
455,-472.2644717687682,835579.5129839111,789088.0413523298,119409.39809814982,64832.68800401645,49910.79946198536,317345.06495039025,16376.584665270311,1933.2374418178547,3643.8966941382405,3120.0573727646047,191.74673879136415,387.4080220041926,1292.0884616908959,30263.068015876364,17524.141737047517,912.9508631862833,3.471439552106563e-06,0.00012111542369964142,0.09511926503063974,0.038232774960432064
456,-498.06221293591324,772415.3605503204,753028.9822828742,125425.44113806584,65513.864532632455,48000.000000712025,426383.52427391254,17500.072010351385,1338.2210879196584,2950.996283159548,3023.8232494656736,396.2194356889247,495.437582217729,1132.6051084520655,33773.7087063476,7591.548963437267,694.5837448403239,6.752829903685699e-06,0.00022813394799878938,0.11695851203600616,0.03813235417047391
457,-550.6899645361175,762984.6981663159,730977.1375886761,118378.65036152305,67243.7909138899,49085.171337839405,347237.6908454482,17235.18506935366,1507.3826554201517,3384.7160462760053,2916.1357565287335,152.42333155035445,594.8941769044214,1115.240920674191,31894.031966237515,7969.942009175225,807.0413219663094,4.7801487087795476e-06,0.00018495960761893217,0.13812622427136717,0.03713863617605152
458,-622.8818827010019,785567.1328405218,716485.7068745793,120830.67755456756,74810.6836249255,53860.66877972997,315150.10903117707,16903.45150997712,3453.467948251064,3222.7354061890537,2800.6465103445803,249.80745236125497,834.6610930854043,1431.312009623695,30800.88171614108,11587.365766334966,920.0527579235909,4.8271979877383626e-06,0.00012667077298880394,0.11561856112227878,0.029034714276045207
459,-716.1491177344913,790607.2587998081,698029.8002585911,123797.32096771667,62637.55874403825,48000.86000842397,440272.5667456849,16973.13534950631,3563.0508618807166,3284.979658866957,3166.2931650405485,443.48267136385317,360.5308028916892,1002.9931122278934,32663.035601109856,8203.017125142564,705.0423867657846,4.154300438146591e-06,0.00020964407975903338,0.1749136837181409,0.043921833444221244
460,-606.0489178942917,806332.4902179143,742405.7436420532,119073.8229433542,62099.20560924838,48000.00125371593,478829.84204253735,16326.424300139772,3217.753958810042,3132.816187713354,3238.0886669931238,158.13000284669545,285.43543082324663,857.3698821941723,31770.538371366798,9976.675403977059,793.9889760033902,5.164233655027008e-06,0.00016745801339877408,0.159261933651657,0.021898101109572927
461,-476.6284623252804,792941.4404298385,761476.8751961731,120070.84642417515,59784.76332226848,52233.97780175052,305326.08086966095,17276.317556744547,1487.5670971253865,3367.9181032058054,3165.1318808775814,222.76553486335175,237.41914589230015,881.8788767878586,31626.69001860166,12034.969672278965,843.1435772634806,3.88778100756091e-06,0.00016114880562221156,0.08096716235395592,0.044622233943691254
462,-552.0172336208459,828356.1071574283,759992.7456413964,124221.49127468053,66389.36675985165,93047.16539603681,541395.1458908352,16530.608942984378,2872.5545941248834,3118.1758011325664,3222.4120170043434,415.11140934517084,556.5673984405563,1218.6592433999383,31974.565208473963,16688.304580302985,1516.7965569966696,5.732990407426204e-06,0.00010229633293345347,0.29484768444878406,0.02191828504839604
463,-572.8724515925678,760436.486219554,724327.077806991,122149.8545325746,60601.231515418025,52190.97982385443,244285.94317312707,17327.094022426692,1510.0268100306796,3473.7072014682385,2972.1599199116254,273.05071290300225,276.2740422412759,856.5978881203775,32375.61286035271,8650.17399911903,819.1361802269493,2.0926826002909023e-06,0.00019397196802106302,0.07139539087868099,0.04524020794524886
464,-380.7681971948032,772460.4790866002,750361.2657791345,117201.22623649235,64956.29329883107,48000.00000103305,403610.4068765562,16991.957033879124,1089.3289549635772,3342.707197107601,2873.7720454430028,81.31104963950598,472.9667143671876,1049.9111740151725,29759.768111031448,9769.400181665083,850.9418987061737,6.357586847411614e-06,0.000145077974024988,0.18445589113480673,0.018656319184214475
465,-454.6239123243438,810414.6725073663,760463.6612534908,116456.07683451523,61798.88966907467,50977.279538308765,295737.23527112434,16838.928033296444,2393.8916078690268,3383.2446922489617,2739.538534546902,53.83826611477931,405.3164496490469,1019.7743615364499,38109.1870943751,6918.32342445213,655.3379490880379,4.887440897487002e-06,0.00026703900052747173,0.10423629636759846,0.045522530042399915
466,-524.3880446807952,768068.6143601115,708549.6199693606,124179.43546307785,64927.03670892073,48000.00000062591,584834.173390483,17420.129852225116,2162.0846794708596,3051.178482970436,3259.2067434619976,401.66403664258627,516.9935534649435,1194.7035059396535,32856.415269529316,7906.758004107991,699.5934037517404,5.791963559490891e-06,0.00019613360738075436,0.3688630956297457,0.028054104796463326
467,-718.3601537848028,851679.643653026,784852.4732659345,124401.95895171846,65778.464967864,61640.26738841777,517027.68658439734,16122.809478231278,2479.741722976165,3374.805848704787,3293.564771263914,518.7266557479502,426.8099197873296,1090.2749931787378,29219.955099679384,21409.039497337442,1316.8583026191461,4.570962284258643e-06,4.557357908837365e-05,0.2599613940706665,0.02182184919129348
468,-560.0600116515602,763638.8828376754,727851.8640042787,118889.69737991996,62379.56531400682,48000.000000038686,366161.5479218278,17267.849806422,1819.2700234424753,3393.7506021072763,2975.082801102203,144.0506074817816,306.644539745726,864.2250488762527,30542.26679142092,9352.389979790585,782.2622863805582,4.654692294330054e-06,0.0001568407379269321,0.13717950311213625,0.02267002351599318
469,-462.37448331202404,829513.0812149716,780890.5593357501,128428.86352073711,75571.19657516106,59409.912274272225,479824.19782837905,16424.423002189156,2220.864612508719,3000.2218861731812,3044.634151863921,677.3937773541944,1015.0663059019998,1950.821845760258,35136.846055655784,9279.983146326087,920.8847856350111,5.982026111202221e-06,0.00016349592365476822,0.20713455187703164,0.026884455021078165
470,-788.0071578027093,785339.3580828462,727104.4513465031,118497.87376112859,63431.248699177384,49693.68440268472,309996.4895419499,17244.189934307084,3117.890079555408,3432.628150885423,3070.588749761929,148.48572952782266,420.4201811765747,1218.9037807253696,33152.90815466029,9564.463201151668,882.3816022853139,4.656106990506276e-06,0.00014835150748430595,0.08771036310486795,0.029779289445312395
471,-472.757330260063,843439.5065507472,751635.8718433061,119036.21216433513,63703.433635211,73887.87213062885,398699.7446785869,16101.608000386055,4254.832255653752,3332.9925132045437,2959.5466443958076,175.14836812771867,506.87993622795074,1022.7799790495022,37544.52653203618,9501.330822675676,1043.3156232471854,5.2271565741079085e-06,0.00016362431528657294,0.17453170573463025,0.027440686634160685
472,-713.9209679305914,818612.3342674382,709570.6531858037,123429.27867115269,61048.17578155024,48000.0000001196,388469.6540153752,17202.380668257938,4391.6508782634555,3451.4509466594873,3261.517555122894,335.5768495553771,268.9127306309852,1042.4375257351078,37501.193106767125,6039.23856005548,606.5447857471175,3.8054338347149027e-06,0.0002632719488204634,0.10934068997466262,0.06393353998501088
473,-582.2299690059112,822664.7351302205,798605.0724059884,124543.80143164907,68665.97626691597,90308.55984687676,654826.3822921031,16428.35055949842,920.4244900985168,2846.4125992002987,3139.0472963560856,405.6713874253856,636.022588653512,1432.842862845045,36076.188608853496,10945.70155887093,1268.2593756653,7.146663646375541e-06,0.00011921948305485122,0.5003734151056787,0.02291078009557679
474,-690.692234760038,793009.0810470392,752441.5508028048,117545.64150199735,63183.77335671563,48118.01973841739,470346.3722095402,16636.388005401594,2245.061254233796,3081.2267651701018,3100.334961357731,92.92972572777457,379.19932067724926,933.7290216473056,32290.788516615394,9350.94509144824,803.8079020226297,6.4094493111340665e-06,0.00017282701303123407,0.1466675664069843,0.03451810531287005
475,-478.9235603594231,848852.9979751233,736719.4874660454,120990.05829353385,60866.12493330239,48000.000000639295,559517.7389125967,15786.999751477355,5251.873121155103,3069.1237841354127,3181.8779143537035,268.9132606571369,242.45426010136916,693.7173384941465,36619.28246259834,6828.61590786758,618.3770626117317,6.202275213768949e-06,0.0002269848311312404,0.2528731034479595,0.029636409689196532
476,-508.3473286813497,820967.3485074984,723292.65232838,121986.79073640438,63705.35330897023,48000.000000656946,560355.5032038168,16720.372191691542,4024.2841683591478,3208.9765685008933,3219.095542670251,300.872270793916,394.9010798029004,1065.3568377319664,35765.30260540417,6404.019247292974,632.351239098886,6.416070037677767e-06,0.00022821953117395152,0.3296323534115919,0.038561506438881815
477,-453.6429995559247,740052.0666627989,685380.8341342536,120489.35265532951,73469.94507787675,54902.80933426185,289855.2116393914,17787.55474071549,2307.556329403929,3548.1889669435877,2861.4713439635007,256.69784537429683,782.7843898825237,1624.42068430815,35104.49539860365,6825.369605522403,730.1189908057383,3.0992601492325803e-06,0.00021995388882541382,0.1024085436663707,0.03317234656901861
478,-637.5910945295689,845610.0349215531,747988.8690347805,138544.0729217083,82423.81566674417,48000.0000003627,670824.4281494174,16364.136277632582,2816.272929603747,2657.672293726647,2899.7383890388346,970.6202764638925,1387.9417786753993,2231.472088687151,36551.37928932202,6269.3980141943475,660.020268616093,8.270957369405488e-06,0.0002424819833310854,0.6027764111393102,0.050517692231751656
479,-559.9797764253096,815662.4485501238,731449.5614784281,136283.44305382305,81788.91262524537,65594.44292405047,702495.344440369,16716.86168756307,2425.1948112374794,2888.8095724853792,3039.964079400547,930.0069146192963,1519.8656238843187,2059.7992750689796,33763.270790872855,10095.115628896452,970.8915454988221,7.801869009453746e-06,0.00015129590579090004,0.6305757840527991,0.028818924354292945
480,-550.1557067954005,797295.3082767657,757725.6524430743,118791.94022625311,62105.4760310692,51705.11514417027,292979.42424771434,16452.58651940366,1642.3030972748186,3581.7939502756312,2968.35454050076,137.52906534130634,355.1798186565653,893.1641597730863,31474.659330488405,11819.377920664168,915.3638455267112,3.100987094891827e-06,0.00013813085863621826,0.09600231115028145,0.02062021889485644
481,-804.4503808272218,819673.3983611291,741524.8077811593,118895.89665177971,64833.40734831663,64558.75935637543,469506.36971695814,16570.27302720971,3803.2897133391916,3192.8343347519276,3023.6999246140367,166.57134730295144,462.8721963733099,1037.4473580050499,31977.44624166405,13511.123132329893,1067.8526710475066,6.015543433904201e-06,0.00013024538251963204,0.231337224870967,0.02875647848355146
482,-587.6604319187513,824507.3644589286,793973.0453610262,119603.0942437019,59436.802610157305,48027.77512910401,308841.5022298288,16444.386385540307,1477.9939964713096,3227.592438555891,3007.691766388783,181.4381652602705,163.39306739849923,787.6975537744364,36920.56025949048,5966.33161620309,623.6806943166724,4.6233360889610045e-06,0.00026443401721778094,0.08435234897228151,0.05551120018877259
483,-649.2866715692386,847250.6572046605,748656.7739635864,121757.59207265709,60143.97235726268,53863.72252164845,615225.3308656731,16021.043605744459,5181.178382288341,3024.6612755288584,3187.595607167252,273.9682039244034,186.642013865337,820.1485187241817,33032.513663994374,11092.9876885202,868.8996627254662,7.632051144703721e-06,0.00015001835819427044,0.3159755624181006,0.031325675595310916
484,-680.8048386363946,764558.0932223559,729767.381947226,117400.54994930727,65047.68427466246,51943.344676533656,332827.15594916284,17195.875402549427,1656.5786590166686,3365.113337465847,3124.5675627495034,98.37157573750623,520.7978126269011,1057.1770659507638,28901.28437121722,15516.323412518757,1017.5677089085348,3.776248056143315e-06,0.00010305395196505924,0.09628506879870474,0.021983657066145322
485,-500.37374112314683,800301.2352534847,751599.4811716223,118486.56588247302,62916.532364406135,48710.02427432929,289860.09642547666,17007.46730925827,2215.7063294975264,3412.673559051227,3080.061906374186,152.2203456155971,387.1275475173186,1003.233533197849,33438.09909515399,8796.740924944575,721.7255694653594,3.658022662761484e-06,0.0001831160193410381,0.08380255676331166,0.03487433782898085
486,-577.3941172879765,821245.9644355344,759890.4573595155,121030.50122133362,59194.88105778667,48026.61680828922,410272.4112638646,16518.596693690703,3147.6443118034513,3453.8629005160824,3081.765477585804,289.89017834687917,176.23648633112026,821.3602675050007,33570.030568096925,7706.115536697714,755.7616279650114,5.777873517668761e-06,0.00017004115730387412,0.14998656225979062,0.03105603649389483
487,-439.95260437981335,823598.5843514316,787039.3364813748,120630.14007102595,62884.93155300457,48000.00000009513,419238.16720911016,16691.212769301834,2432.8830820501194,3034.099676044731,3107.295417698514,240.8593528814183,422.49434849207194,1080.1116634468208,37200.06736662319,5899.329035304394,653.1160907279444,7.076199889722086e-06,0.0002443470183654353,0.12234880093634797,0.06055056121826185
488,-574.5517631338369,813225.1738970866,752577.7308568821,122061.21270213401,60214.38084625581,48000.000000043976,543807.6059821959,16415.38825552401,2569.631905774186,3280.442928572913,3267.927336892266,281.9533253817542,240.88342641710608,742.2072110371357,33353.75324650732,8219.75530334513,773.7372837116931,5.41978987636186e-06,0.00017951996436696706,0.21671738397534965,0.03514964202598045
489,-484.80791794846175,836874.561901625,809565.354743233,120124.47354646277,63251.17928883782,79971.47591256585,416226.2656355718,16269.759876717957,1335.3309593591216,3066.609414315625,2980.151700201179,170.480377003079,368.68845665556825,907.9000216201863,32817.12148928287,14863.420202526528,1411.7366413751126,6.00700379110795e-06,9.463751963263817e-05,0.18764700274577323,0.019765927121368557
490,-465.85962038005846,810429.738090404,757372.3727679051,123338.797862654,67932.63581181015,48000.000000088316,588895.0203606655,16829.989869016026,2229.043170900775,2814.1006112916725,3022.6946614644785,299.2173216912085,747.9940630341961,1497.9794573818538,35768.06157228113,7355.682570721165,713.8631555682493,8.40612355890648e-06,0.0002161949385687609,0.42664042050802725,0.02797640229046085
491,-522.536186402087,748282.2520947468,704736.7640512529,117466.52753799914,68896.83689402619,48000.0000004402,335361.5494283165,17662.67778798752,1715.3323440780728,3454.8837306721725,2980.972379314448,105.70847273710027,630.8239720574778,1393.821558291216,34802.891759063714,6055.405392060064,645.348551861259,3.165125674674003e-06,0.0002912010689617425,0.1362083549016294,0.0539192795850126
492,-793.8785736451593,810075.4761219589,698355.3391787579,119037.90795022009,62729.66128969605,52053.77449771322,274769.364904106,16712.362622244505,4712.748862393873,3250.3213871770267,2927.2930926454246,144.47634979517818,338.33764200049,912.4724599836202,32745.976913595503,10407.51958928829,874.45856209753,2.8517868153798156e-06,0.00014533857955379155,0.10215399584877452,0.017108100773294534
493,-496.5945583082898,823288.9621528302,799669.6518352168,134910.57859283293,76270.90207162683,55819.019483717224,666285.5924469512,16333.72898152068,893.2938670447656,2753.389077727342,2983.404854348565,731.1135921529634,1284.4098586976243,1524.6683909251617,32459.92066245023,9292.192150039698,903.3053443684868,8.197214415627766e-06,0.000144876714685281,0.554994257768005,0.03057843267728744
494,-760.1721460783976,825734.5215108565,783152.0546551372,130026.51722863474,76249.87793710938,53861.358284635295,428276.452330858,16310.211154412355,2461.340243188008,3121.001000564517,2948.23069626604,863.9510477350964,1230.0957494960485,1991.5653986522705,31796.116735463173,9924.55848739055,925.6405899340726,6.434777395224656e-06,0.0001424049332451896,0.15253749036601513,0.02425244002023849
495,-627.8513816288975,795512.5296258762,680995.8985781153,121150.19292560875,61903.93932694789,54095.40021133947,567361.4956548746,17185.01360620091,4386.471885341207,3133.813798060589,3167.8757483863915,276.8187937040225,277.93654805789413,972.1766467998917,32782.68302197096,10315.406439749426,903.9408202586828,6.49861260289973e-06,0.00016086869760906602,0.34956591303721474,0.02402137726447146
496,-446.3584205673281,802913.2644321502,781117.4491570597,130013.70272378746,79219.42909349999,71274.69719557601,589095.8291034047,16888.152753414914,705.681742390747,2769.063966084565,2865.1868674614207,513.8083189425977,1386.5679493981409,1894.295402468856,37077.20079281662,9169.181136358331,997.1991117733733,8.428942221663526e-06,0.0001654933231696454,0.552086056676908,0.03300775192562359
497,-597.2077744831454,845841.9255894838,779466.0734204318,120676.12061036269,61017.53225809642,48000.00000002905,516512.15109035425,15918.472614886066,2722.638229171094,3328.6405032226694,3393.9425705796016,286.13595931167674,323.50916069140226,870.2657849739782,33919.40874966627,9626.392291248701,769.4920991058991,4.2867806311182305e-06,0.00016936032607113756,0.18543818736001155,0.023026696422628275
498,-551.9062452896878,789639.1873544299,736561.9616972074,118320.41027234712,64231.93364087722,48000.00000069523,503211.8421784655,16911.647090044273,2306.1070401853985,3160.664101031831,3160.0650303765315,121.96510794428507,438.7799374310664,1078.8986775719056,32967.57266503561,8663.157406508757,722.8755274714035,5.5659161056482875e-06,0.00017939842850951421,0.22872752048437756,0.03410651469845952
499,-567.6234023904212,804496.4990893765,716950.6402220107,118422.33293152491,62505.07477926282,50054.52286925002,496428.16772374784,16496.110594048867,4959.055010732393,3049.245951965352,3154.824642019669,125.84977999070927,413.91062240048177,1028.199652980533,35457.448299916185,6939.50944366388,701.1056403031649,6.583985878790648e-06,0.00022077555873074677,0.16181735559256719,0.04262553508427755
500,-511.00291356449065,832382.9337547438,700076.0545884038,120279.07262607943,61887.78960140703,48000.00000060715,674140.2152342254,16663.9961639829,4044.8328665730974,3062.798630181158,3108.4157244796493,188.54933265821992,367.23640411118794,900.665764300426,34317.70030721432,9249.795082180712,725.3326025133769,8.129546536987447e-06,0.00022223228108263625,0.5911262864325754,0.04280385390218895
501,-496.3341952130877,783428.0915832917,750528.2233078742,120564.15542762377,62308.64958415037,48859.72078433229,227524.36289277978,16734.612877163647,1268.8741041487535,3942.229984285706,3106.5249847120817,237.73711604253333,362.8710708863827,876.200447455446,33453.69893672293,7390.012896328027,725.2130521218426,1.965157673083535e-06,0.00020668633944342447,0.05896447557941136,0.032883088121173465
502,-658.6844806635515,820933.1810387656,626335.5650881197,133051.5563657884,71184.26272888113,54375.69033256451,626335.565076304,16781.454806951668,5453.361960893027,3014.828748742784,3184.8413060867624,895.0229473456719,738.1695039668066,1636.883136677268,34346.420903019665,8557.077415961656,855.5048773197782,5.483482894823722e-06,0.0001594283885281212,0.405757726640811,0.035937059052554426
503,-594.4866939817994,826731.3612237806,754054.6483880497,118255.1577833171,62566.58773341597,67578.69091303946,636326.0876326386,16452.187412618754,2297.4464459152555,3178.131693172078,3352.2118598484267,120.34211332266801,432.96173368501104,1028.1305325558699,36078.52947107043,10598.563965658846,1086.5928511384304,6.7096749492834985e-06,0.0001383809351859332,0.45136641977212033,0.03052391798786526
504,-555.9941037934684,819593.2494526744,804116.8143829762,119761.67628229702,64011.49130995112,48000.00000024742,452157.86434515205,16545.726347804248,687.9647243641327,3202.198963967118,3163.9383043658545,193.07280903281563,335.45649495017915,966.7847219756876,32596.78506411794,9543.17630538228,805.8095225370257,5.230722786014409e-06,0.00016434261046133368,0.19215107675903711,0.024948485754221664
505,-524.7846824878559,760791.5295454657,698518.9862751969,120982.00103038199,63170.054891616724,54612.05352663151,273282.1139470304,17139.88401646211,2586.2000412333705,3443.1424065812184,3091.6420484854098,307.4863354872607,440.3398624959703,1118.2176824473072,33177.47388477963,8073.655411537495,758.9315347943947,2.1780047722978376e-06,0.00018909582701767983,0.07621579244780041,0.04171447593233754
506,-541.8846271047071,765335.6149472004,664110.3259042901,118801.58075730891,70039.11636741919,55769.2754190155,207211.15213686993,17039.186865955886,4802.291485123356,3338.8718271077105,2749.23643641024,160.37167625559385,682.6317018772296,1223.483778118993,29700.43454806792,10444.942274522395,984.8045956228259,3.321269244663675e-06,0.00011740768142006397,0.06308317829017143,0.032834212060455725
507,-550.543350661748,800633.9639003214,744300.1372939425,121305.8138572314,60272.5738908104,48000.000003386456,617636.5288403577,16780.383140717102,2172.997096146359,3185.0109642702823,3270.5744967514347,306.3126232290157,246.98059108614416,735.0111542133038,33113.04352339721,8947.976707678758,753.4547183429991,5.930370155768853e-06,0.00019000445960457436,0.35954722345870527,0.032704069853910174
508,-580.4008895998954,783952.7688496937,695234.9553733844,118435.29399426267,59959.11777675482,48000.000000275046,654390.2554386627,17274.500409303113,3241.0007542839385,2996.86270080407,3318.91916599484,114.89291762087377,197.36654373196927,913.1626422997937,36486.580297009,6580.189342071136,603.777369486029,6.56554415649737e-06,0.00022946924503408224,0.40418992966888695,0.051441605803575575
509,-648.868592467285,799377.2989671547,671747.2551913466,120357.78039418087,58977.52708371878,48339.245858976334,644240.3437496271,16892.06650025959,4164.3092390910215,3094.084844869109,3345.9475265198325,224.3268913558255,145.65107658518167,724.5777607274014,34948.46749092791,7075.462784252045,654.5547811899532,5.658732001793994e-06,0.00022161055221271936,0.41628208911350784,0.03751777516053718
