sample,ll,T_NDH,T_ND,T_AWN,T_CV,T_OOA,T_SL,T_L_S,N_Anc,N_ND,N_Den,N_N,N_Chag,N_Vin,N_Alt,N_MH,N_Yor,N_OOA,N_Los,N_Stut,N_Ust,m_ND,m_LY,p_S_D,p_H_N,p_H_WN,p_N_OOA,p_L_S
0,-684.2836984335074,775926.7994754317,636420.6089185065,139025.3903927594,63826.07920873684,56880.54935795278,54452.23817320307,30125.689176320608,17011.356976503455,4828.921255493132,3585.9853424176795,2995.6916472458506,349.84033784181474,1118.799157127546,2046.9596364461725,30816.870802201815,19040.732433035282,191.71512139736913,1313.7222959686035,7959.411256108835,2491.366086709678,9.419279170585377e-07,7.305387491020707e-05,0.026495640186779523,0.04284926326565176,0.012661447607734397,0.021347349416476917,0.6132498834428357
1,-640.5166434068844,805222.7546002486,707879.7614759966,129099.68622709141,61999.516167172565,59826.17784871871,57582.12884657503,31139.535511197962,16090.701198313023,5042.3429168973025,3165.7044057736643,2988.3407168573494,317.0241982243486,942.4239536047172,743.1211289292243,32155.590742894223,18623.85686984142,171.91970402477367,1421.2501027323137,6878.013151957312,11142.391696051667,5.085706564359442e-06,7.883364716669199e-05,0.02134503358687499,0.029230994624436946,0.01020227761304153,0.020374252870449992,0.5433625332038005
2,-790.7893086329268,782700.1249308926,668344.176250175,132950.8456793392,62323.917777916264,57179.42580885658,53888.48018148831,29707.222962088763,16766.760347812495,4392.148192006799,3665.030065590567,2814.364379387494,334.0816051912006,968.1485968493377,1626.256622807392,30966.496503046474,17917.25884813311,235.21969713277892,1400.080227364634,7027.880462767292,99999.61319550854,2.181763528634712e-06,8.092170701287215e-05,0.012458340163393792,0.05067521182055302,0.014950987114383547,0.012599400529705658,0.5150635235790192
3,-632.4610657257829,806429.945625035,730527.9173122746,119090.33116975416,60830.72608401365,56948.1621639418,53414.11514136597,21203.27513720743,16386.875015692858,4427.907450324946,3197.9936990504734,2859.159154603678,225.19326227305945,967.6478097365192,192.48696453665525,31572.002089805403,18273.053494652042,236.06186294315935,1413.7258920261545,5224.7707534280735,99999.99999431976,5.408266998197391e-06,8.382911591217284e-05,0.019910209627572464,0.035562423044208785,0.011242831092133367,0.0180006884329202,0.3995542632366283
4,-779.4955673236778,811477.4655809058,707201.0101734931,129623.9281700804,60777.8416520848,57831.57030158596,55988.90738214328,32705.330723174848,15953.561755919149,4124.558144446827,3490.8572376241173,2889.503365134373,220.65211181867662,775.8329987253577,878.7083667300706,31495.703740274912,19867.753670548485,149.29568940236555,1515.3633098914443,6832.064982005007,5088.280909232152,2.221281328536971e-06,7.92292941256136e-05,0.014881853399220784,0.047246026018684606,0.01478924515128042,0.017784539438834786,0.6752577382993977
5,-658.9999253218507,761301.436749538,692543.4514127353,119781.46691948072,62655.38781617439,56467.75014912119,53152.19708332574,26995.16249284225,17025.87652583379,4901.112938818231,2879.5688142003683,2527.739680573618,404.88384386646334,831.4106106392203,216.69988150447597,29764.430026484966,20607.932556612013,237.0805692219265,1689.9008288271116,6469.907844593125,1350.2470024219099,7.428306808496032e-06,5.953397550838595e-05,0.01730165541364081,0.049835118221453284,0.01423649798939496,0.017471604368033074,0.4922006659380597
6,-668.8654676002735,740793.2837694758,622681.3699015136,130019.16608921341,63692.01496440337,58606.75214334544,55940.08223231575,29468.3133680665,17519.44872315996,4573.012272678045,3403.9379412996072,2821.3687285375568,374.9384753046182,942.9021985031293,827.6882516119251,28004.58079991589,20373.69730997245,227.37564657309704,1691.8505843036583,5762.998693840668,4566.836947225354,2.2599379549632255e-06,4.406359714418207e-05,0.01753315915294679,0.042895262580622685,0.014787851686639453,0.024030308778810253,0.5662639613353433
7,-707.4101021661124,711515.4175716043,643036.9327994172,131409.31485836944,61758.36934338765,56676.46499247522,55551.99384677631,30079.380098726797,17516.687560675462,3232.53982933721,3324.9905383609034,3030.375579664211,287.489500879137,952.6625419380738,905.98796851012,26996.73086645232,28308.61927628052,92.19033954205436,1609.4166972505684,8618.531600574071,1163.3765272923877,3.0581384243223956e-06,5.178482985127075e-05,0.010242504453991993,0.036928596602562244,0.010544042895512043,0.02333726843975368,0.6529417089007126
8,-802.1304315946934,798006.2389996776,688060.2740419507,120118.75059574051,59251.27097632809,56752.83732765386,54190.34668614529,18391.119358853215,16264.58617359189,4765.430422667651,3572.518636952346,2774.5965298722695,149.24993942972867,824.916274787428,245.68823042105436,30716.373009352126,17313.636150827646,188.0623221740792,1527.3630679010375,5058.1433728937345,99590.60992558597,3.7433288969539925e-06,8.020425593413874e-05,0.018375693006712594,0.05808639145866463,0.014064209011429659,0.01671432434426291,0.41904325315455415
9,-636.789323507135,797125.9464379803,705982.1899916957,123676.64090194152,61288.50411046292,57710.998594838115,54530.26631088407,32366.45019782146,16518.993518593197,4432.15320202655,3408.492510018103,2847.8965396257645,263.59113114445125,883.0101614518861,627.574451633731,29446.881786696296,26499.21897575077,256.87621963170534,1659.062571643952,9491.641323353046,1120.6014482526784,4.504365319391465e-06,4.796958416324544e-05,0.014471864946590435,0.045498118639614275,0.01172244172043784,0.02085679098443998,0.6514753362848505
10,-822.5962260001215,794049.9662180176,709673.5580851594,126627.73376765127,57347.108164182595,60363.437860884325,57297.90901101792,27059.171905031188,16630.40428805816,4226.237905801793,3195.975127073193,2811.0370452978323,87.50000606330613,620.0245534257166,773.9389146304711,31553.4526950909,14212.46722020722,235.85069433237473,1413.33110264711,9447.256795482961,99999.99999969448,4.414131078640836e-06,9.280793924360266e-05,0.02275668963743114,0.03845166397788643,0.0142320548134107,0.01999641972445854,0.5764292867668468
11,-655.974577851762,791749.9493837391,703700.0127208376,119776.01338730902,58918.70090081982,58120.77770494438,55002.88833848025,34681.04937889636,16565.157648568067,4323.721858549362,3177.5384436497284,2611.033159981159,162.84482590302474,707.9304273478974,279.90794935954466,28361.799438267975,26692.693353511055,269.8792146741306,1655.3576092491849,7713.57340978714,715.7574380240318,4.9343533741464945e-06,4.086391563236924e-05,0.009023732043550073,0.0729052067036859,0.010670388285521349,0.019590017404979697,0.6811897979514502
12,-719.1483592291956,784342.5145828427,702588.3378273483,117213.21382160725,56881.88063599106,55744.67689300731,52666.66351643238,29462.3507863447,17144.14991595234,4159.0303687543665,3164.600368277018,2571.9748261287623,71.18509946283494,607.5613134247388,103.21178067396274,29433.548395719354,20571.460274624667,231.11733361454336,1387.8175459655622,9206.743696991138,1770.0914203678287,5.646848683108093e-06,7.205117500220335e-05,0.014261175000764001,0.06903000318831914,0.011457651240766913,0.02556589453990768,0.5930816997247566
13,-757.6850942087844,792253.3476292739,697316.8770155221,120942.8483478345,59510.995245797676,56131.87770344036,52402.30665131659,28121.083840149608,16506.057471120148,4428.339934541325,3346.237780557613,2786.44752942116,229.47995556271246,819.3510747963918,340.29965755329084,29551.100069156408,37675.51725116321,284.45733191148014,1613.2626001189233,6712.820270541915,1331.092856560019,5.264224422868619e-06,4.768711575854902e-05,0.025007413209406963,0.051417555455462824,0.012387575128240515,0.02428868316106958,0.5498311270015908
14,-719.1251165284639,817374.8087204804,711824.5357923205,126166.52405808124,57597.45719198041,57090.06532402117,54796.75537590963,36349.66303926052,16171.611101430204,4554.428049848284,3407.4790081267797,2851.0205959882032,98.77105815462924,594.3120771481855,515.0466388356476,29322.926370849375,26081.254549720663,203.89712091363182,1505.432204408687,10808.089895072373,2097.165256494374,3.7128621477024314e-06,3.958185627352815e-05,0.014085888271406386,0.05605851841048751,0.008779736601271588,0.021152487956729193,0.7499726460165795
15,-769.3627009299939,798225.8614578705,701347.4988544239,123857.84194342501,59777.28092282132,56874.425028436235,53514.997771981725,15110.910361901613,16170.056723500951,4684.13514159233,3135.656702328669,2914.2573447040136,157.64530386812007,728.4745533252081,507.1119245928035,30897.75544101749,28626.96704436563,247.52879115909852,1574.7185927153296,3587.305370683447,99999.99997244873,4.342604648453455e-06,6.120633703997343e-05,0.030358426279721344,0.03836315874275814,0.0128162753009425,0.006476924072501099,0.36369482112850715
16,-869.4273137059049,766402.2529902154,683078.6930740643,119257.80232558702,59464.26870270853,54004.53821190139,50577.700953319494,36279.87037486975,17198.0623623686,4147.070484198263,3071.138701402113,2779.1359057475984,201.94574879224794,706.6436697759269,164.75210172985592,27619.13002914027,28905.016725893805,261.3672017505505,1780.1529043259532,12955.506795566465,1586.209087325734,4.924336213181318e-06,2.0830459742398504e-05,0.020525764839410328,0.04678317916027083,0.0122726038582397,0.016473080100216614,0.6620035393483565
17,-677.1380351794053,799562.6885130486,704464.634725929,125768.96281326373,59673.42598165042,52190.56740494216,48701.20548600745,30450.52726215797,16381.285111964205,4628.094268355967,2955.9639627685497,3017.2781878602327,192.29564255786642,686.4368671711404,539.6430299309242,29525.669479707994,26776.949593986137,252.11864089973145,1482.0073359760122,8812.963438725203,3152.4051341320596,4.345883281381662e-06,4.5610775537102676e-05,0.0209608064357637,0.0290520749872372,0.013305867757641837,0.020187487074506467,0.5231060867145205
18,-570.1923231430603,776697.7802540939,679541.1944534854,125887.90627166347,61438.233901883774,57222.84673243097,54688.38811139874,34321.95407960365,16511.7879241964,4895.959214023622,3044.907565304519,2894.5661888243912,275.3793679249609,873.8577802376087,697.8311761200157,29439.16429149107,34890.31740894842,229.5675328279855,1458.6542339702366,13098.798355829585,1286.3981588550591,4.929220259140851e-06,5.723244708771248e-05,0.026019854282213255,0.0368424483364605,0.012044499455556183,0.017616625778364387,0.7484430942028031
19,-830.8808194075172,770722.3831477414,683388.666602073,119730.28971903173,59306.49043413462,56434.84395581726,52751.71452343213,29022.28744799923,17055.93389863966,5273.3872446206,3062.724473716705,2457.431527838798,168.14902549344285,869.4603526188575,228.9004282439751,29177.61447767123,33098.10964512139,278.4099370804022,1451.7552094733476,6361.686672449549,4489.902908234616,5.8420995334323504e-06,6.033651020153332e-05,0.009763802746588588,0.06509509816878677,0.014952407183824038,0.018603368813955,0.5407871790432499
20,-655.0485971673314,807457.1934972743,714417.9881683008,128875.20000174402,62666.77676389606,57916.17817794191,54706.007837041456,35469.20859935436,16502.068504926865,4659.6838980504335,3166.505721477052,2643.25155427974,457.48480527691675,947.1590060500932,682.4428921997949,30324.26491402243,21267.43414390296,256.6437410576943,1553.8798254278463,11755.545195725876,1520.5599407459995,4.754504822773687e-06,6.080829933810184e-05,0.015908087986669976,0.052103536170039856,0.014861704441449262,0.020142365422510917,0.7687995999227345
21,-667.7881334346283,795417.6214280362,721360.5733454622,122497.54551059789,59658.38761714177,59901.74694738139,56391.036143380676,25729.189457936558,16455.695239619592,4251.315353349704,3029.5382356260466,2705.7368878567977,200.40534727213466,735.3602660021892,336.0262157533265,30923.6801290822,17381.0421388682,277.6843541701451,1414.375032570907,6164.568258474426,812.4829203958668,5.667829956917909e-06,7.698942940187403e-05,0.016544826579362976,0.056032394749025584,0.009112632530473336,0.018186472323611893,0.5040035825189184
22,-760.7414317048876,784786.2788254778,703657.5408799575,121125.1786154689,60238.6812824394,57697.187809247065,54243.33293437832,33149.77313457281,16555.43368918433,4313.190054207052,3114.919952975267,2755.6433971075508,202.33269317212225,775.4111615319528,264.6507764979739,29209.219216034977,30797.285846311963,281.0130027159252,1686.72328701956,7920.912248555313,971.5112366918942,5.30533990394506e-06,4.596502908726146e-05,0.020386950880269025,0.054698059574361683,0.009962821270568552,0.020347581478056934,0.6605280459111211
23,-839.9727071305608,799243.5622167251,703555.1019110201,120559.71724712034,59164.269212842475,56783.089697072995,53722.48017909486,35369.5823072202,16301.854688272371,4532.277346656078,3100.3214450088813,2915.390337853415,197.49437766506807,786.8777239360451,266.44448806618,28950.21273977881,35167.906849368715,247.83833828898503,1693.2466899044985,7662.199360620084,1254.6425953403734,4.594239311241615e-06,3.093220354592541e-05,0.0216753267470663,0.042852905399786374,0.010692937475245495,0.024087169259264574,0.6266791964864128
24,-745.5783703429574,812184.7063082188,696905.2438020894,127915.01911746367,67011.4651467296,57823.62860669006,54710.80630416262,25578.295074962036,16441.732376498818,4604.21431844986,3672.5630410686076,2653.1030087130716,583.6794452125424,1327.645400221443,880.2995412306881,30842.868449854905,21399.162800810504,228.53617426566873,1507.3792765856174,6162.491378556587,99999.99999998794,2.494972131054162e-06,7.492171660754798e-05,0.011328889307160648,0.06622395913373626,0.0137074845813562,0.02193854807090746,0.4706820798563026
25,-797.5290316673915,804022.770230588,716816.891078235,119041.38377490608,59208.696661075555,57193.56948039223,53995.258241089025,30763.99102426729,16307.760216910316,4507.1433188450765,3020.8081613021473,2611.443180509702,159.08601566635858,683.5746613927039,204.13555328710694,30286.17877208101,19871.04384003753,238.80349954505652,1503.792810450053,7630.486514983497,1220.4695107185055,5.167098598521149e-06,7.477506816485527e-05,0.01770679904241499,0.06704128287619897,0.01176053041959952,0.02423211758782484,0.6470562133054761
26,-955.8114874210462,782746.6708591457,686681.9415753505,117473.24982072538,57851.53065097122,54780.69072213423,52087.15018931946,33645.14799928876,17068.12433798494,4175.66394880053,3360.9351590812375,2611.740428139086,105.24968512667083,609.2201174541115,144.4869560846928,27939.91539155339,27913.365596711013,234.0101029061519,1602.5278667679274,8861.381431057347,1126.8190441497823,3.992811164654809e-06,3.701899240780338e-05,0.013959396601765676,0.07763831837869843,0.014970685810222038,0.021874296912618624,0.6527989539244353
27,-666.9151903192717,789943.9729595735,708162.9870882708,125874.18169391857,59952.8089581893,57421.994848916125,55122.536437637624,30018.87842818451,16633.003233568652,4307.739769620366,3346.530133732698,2805.235813692683,195.8486840356035,731.2829408537567,651.0349792604343,29718.86155237321,17134.345288351396,181.69391263407755,1435.1819476658839,6461.830985226783,99999.99998932607,4.653833079658338e-06,6.984065185692511e-05,0.016328807816002266,0.04136702912685567,0.015916136446178016,0.024687956161451606,0.6100630202815222
28,-745.8100048757553,764022.9368289365,694152.0115033154,117297.38886346796,57260.481416275885,56286.64786362426,51145.97280258299,20442.320154812474,17069.630631166598,5383.417820314586,2903.586190650949,2389.9054012222596,88.74300777959614,727.6931275135496,120.25437776028883,28618.56167123126,16105.257639779562,367.4821708914121,1507.4831955626673,5127.793802830704,481.35032501201124,7.056864804323083e-06,7.09960342284205e-05,0.0014664111281128159,0.059949852853267586,0.018421678327636658,0.015330469949815786,0.430177496862798
29,-690.8022775358663,786068.5551802566,696515.8904688789,132949.59158208538,62544.5218868011,55921.33140922291,51849.32279320651,28095.331537896058,16333.59819548267,4580.629945629074,3124.8847380145203,2966.1839906984173,300.85745597759336,939.1954794694003,857.9755414440427,29513.815111871056,30938.576496800088,314.4020797516088,1704.542342783469,7734.961181813702,862.1288778074271,4.807256402390137e-06,3.411742238638899e-05,0.018996480137984096,0.026685420982245155,0.011422283867954033,0.014161036713111535,0.5519392743376961
30,-581.8340478905383,789466.4841657162,689888.0637619732,121829.18992733651,58875.18251845106,56579.99964876445,52716.172124578115,32209.98826377108,16261.929338977898,4497.483060716454,3304.5950055938133,2683.720251261977,168.12052085848177,774.1520142176066,394.25775877796025,28866.690608700806,39476.977194297004,285.6606201338606,1793.1365093708735,7741.3148159377115,793.2924954293143,4.748779001657397e-06,3.6411842586948293e-05,0.01961377466766785,0.055912808187529195,0.012126621180214514,0.025854745915336947,0.609935195832759
31,-784.4969702961716,793723.2775592249,684109.8971142761,119596.45160206211,57914.982325998855,56560.57908705808,53343.78714175753,27395.055336906058,16305.654712109786,4290.791500890612,3437.525960077112,2907.849687212509,129.25203066769575,602.573428335532,202.7595552287312,29688.660756926678,32284.035648271525,234.6148457301523,1660.6780613307008,7563.226875504598,99999.99999999967,3.270378433672092e-06,4.8600275401417426e-05,0.01950892566238868,0.053426524847029325,0.008153313071848852,0.020237150882455545,0.4899349012566882
32,-708.5731541067594,851257.2820349962,755940.812663302,120101.93570724834,56862.674064038285,58854.79027511922,57113.059441351674,31036.64957896158,15608.87691636921,5539.176318685844,3131.197220880315,2755.4923146553565,69.06562191041192,611.1423633288708,377.4584125121483,30671.83872848979,17205.455391011277,159.80373863077727,1494.5893271883447,6735.136915723198,31209.55048458635,5.051614536034798e-06,7.006918716276479e-05,0.01197724007753049,0.0400047612550816,0.012826187204107295,0.018715116279006717,0.6333559552785634
33,-584.3987123255553,800006.9586831556,708920.1812254168,123155.73419371378,61479.78008036547,56568.26456579762,52930.8128571312,29002.138157864953,16664.067092902824,4260.825974541807,3454.288571841069,2704.3786856881934,302.01155010486355,854.4246924940567,485.8975060546595,30143.527569812657,21516.502796654455,243.8260426128926,1544.700921282565,6684.4198909359675,99999.99999665763,3.9925923553017055e-06,6.690173773208803e-05,0.008816712428527352,0.05975520380670513,0.013568747143175514,0.02337396468506142,0.52606211237478
34,-729.7894511802322,806529.3908161838,717113.3381165062,119015.60651248664,59501.73562976191,56951.34692161946,52913.595059635685,34207.6111826695,16225.877510356804,4430.808065272297,3346.2717828125906,2714.922611780744,165.36645305546674,747.0059078656467,161.83897627459118,28973.878432485984,35054.74893571775,329.2609827748325,1686.1880459683207,13044.495551822414,1396.9338640188462,4.639748276068169e-06,3.5216408514527364e-05,0.010954473468247905,0.06080053835631647,0.012754310967708708,0.018572456386089883,0.7212397922499274
35,-855.8852049887048,790579.8516447288,727248.8407585132,117986.63823986637,58064.63419532725,55424.73221016382,51110.257721747184,32409.902748205153,16726.356451955024,4742.9273508074975,2770.255143016881,2772.2384954203835,104.5467982916956,636.7786480180449,117.44232595097537,29171.56435824573,24233.352625096893,300.1711970460484,1470.3529248374775,7547.019802710913,554.4833442845611,6.682411947446928e-06,5.1340614429022485e-05,0.007321266250848155,0.03962768214719974,0.012658563241673365,0.021400211488214235,0.5974324555026885
36,-629.0979734021398,786120.5634364786,701977.1136100568,118851.18049597523,60288.853182608735,56972.42457467155,53535.59987465114,30948.734981842343,16492.663900170763,4518.5984064579725,3112.37279631954,2734.272196926163,259.04312627240324,883.5322460017942,170.03538802980304,29226.094393277104,26501.89382277669,258.209346500617,1853.2560817198712,6696.183565004421,595.1433441345135,5.082477623221339e-06,2.5723522603427636e-05,0.02101082778887219,0.04953451780284761,0.010239214495372632,0.01872681123712335,0.5384716197011289
37,-689.9434073052394,785738.2719683951,700856.463633159,117751.73314074543,62665.24627416316,56038.32586901776,52247.03382251291,28482.578153868853,16965.222437193475,4131.305227876642,3326.251972829828,2790.9437308647152,351.8944031592024,977.5929879134007,129.14251441300854,29004.51130230395,96756.89404733868,277.37634720426263,1785.9485160279478,5299.380587681068,4359.461392805134,4.712675678271421e-06,3.319816623024968e-05,0.013881986436448958,0.06241816152185752,0.008100325825800801,0.021296064935397836,0.5369708642385719
38,-663.7896785589077,781612.4199712018,653856.95794023,142010.59314464717,63653.25662048802,61697.730534424205,61157.99212658466,34379.456347716536,16896.924093355952,4510.106424864337,3671.5990668262725,2942.807075878587,390.0667220710524,1174.359661099781,1553.9372093954507,29054.098476120547,20530.31431812021,57.9729469736148,1445.8814751737088,8540.478146846857,7562.5321545223,7.683401290147372e-07,6.817085329565815e-05,0.017578471496440852,0.050055171073197985,0.014019590364577963,0.020969584898448374,0.7558276847097058
39,-729.0348527941325,781393.9641135859,671472.3194820253,125831.55134929772,64890.9899664554,53727.66627751362,50389.88126555673,32490.34865986464,16776.012979712315,4663.235247669814,3522.0442663534286,2740.795179921292,503.2001765093275,1141.7684617761124,670.9884696673537,29929.611184421155,33653.73198626713,244.8643569745866,1526.969710157974,8954.65687873377,980.1076489135343,3.299979016062669e-06,5.282749352466951e-05,0.016698115214755557,0.06285217697538888,0.009962300009866292,0.01741677227527444,0.6135692195617803
40,-689.4685891276481,851402.7912994865,780553.7852717042,117015.5106539576,61400.93223375839,56080.31034277926,55142.61282283189,31170.94186332287,15766.426337522194,6464.907400847168,2890.9189944931536,2545.206688327833,356.02969272217604,922.1376272452248,80.36106279015493,30431.399728275945,23798.30567494697,78.79306296619792,1524.4656010429162,7369.879062545432,4891.535690015473,7.735771417841214e-06,5.6280193813371056e-05,0.013778653427029847,0.0551749057153857,0.009986743896554396,0.022544107641198175,0.6485913900890043
41,-792.5969316433034,806315.2650462654,697477.8529270841,130639.12156390799,64223.293536727964,56641.21672903162,53977.60379887887,35722.356923334315,16591.8698089189,4286.311880617833,3331.151219574348,2863.9869818909347,406.47231650408924,981.9741548705712,914.8835552090195,27674.239856418546,44772.509229302465,261.9062832844534,1813.9788310429358,13718.197852722667,391.9878981355483,2.2091783620700225e-06,1.4620853793701805e-05,0.0100810704609743,0.06432252430975928,0.008332245172441535,0.019297985709845575,0.800274353952028
42,-689.737790843405,787167.7179092335,682267.9836547221,122921.76159602767,62845.81563224338,56619.959234774586,53550.01253111165,10053.586534933742,16480.620470195947,4755.643448018819,3519.614257419561,2808.142409947202,350.45169732692335,992.8513399859494,405.5498989057842,31481.404154112548,21004.447200048377,210.62403073131097,1576.9872418365162,3860.877928775617,99999.99985503296,3.7646884075158826e-06,7.591263184654961e-05,0.02427723869010759,0.06095748003318857,0.006971982636725008,0.012152842027997575,0.3135667453138422
43,-791.8814249297466,801071.6016281669,723300.1713773151,125407.61903666577,60229.1963674084,55562.6844147065,51968.59988869306,33179.66088458125,16488.84598310539,4431.52907693752,3157.5419696417657,3099.8932535523054,202.0708307038305,802.4968923805765,532.024480053143,30275.014411832955,28880.055641674502,257.84211901198006,1523.0199100887987,13967.164482940429,99999.99999999967,5.553055175813667e-06,4.478309354103846e-05,0.026454423420230414,0.0284345510328161,0.010270154634438694,0.023864759714858755,0.6428834158794875
44,-756.4183880376312,778240.2416475881,694771.9512152758,120994.56180032717,62268.187341834164,55899.60604936611,52702.34908028583,33528.884335442606,16670.23270860116,4482.2716763545195,3007.971860100496,2737.7152622648605,332.9822090630364,948.4381481048731,269.88636469701356,28650.878107575943,51928.95299821398,277.1204315217207,1730.8850066779305,28731.696280550354,2101.3957067085744,5.339218705376601e-06,3.1324068969053566e-05,0.02009527038036885,0.049461819213839325,0.010851801972856413,0.018536906173072312,0.7684974052582377
45,-868.7331610431843,794861.2952704248,711053.4666841762,120842.43965883632,59452.050363172995,56686.06300066224,53368.74440144204,35346.5284514197,16451.294808798713,4667.5120766262,3194.515291860846,2844.9304732873657,215.6715265525914,798.3242135969771,294.5421725011912,29833.42633519113,19552.950237717167,266.97565449898923,1431.333474016298,9673.137611402637,1693.151385745294,5.42613506206597e-06,6.480769087126443e-05,0.019336311389755074,0.04412854639892089,0.009786729493294712,0.015397353303970664,0.7063397071328757
46,-768.5096329165657,795502.4688132216,715458.1198536664,122906.58982388982,59849.79731656621,58830.42878516994,55015.168512806,27718.543759582437,16427.867224374713,4479.912984155183,3353.1942006611002,2751.445359502277,191.27337931590034,719.4520343435494,453.2643256584937,30275.036264809638,22209.843203804146,289.0381480221955,1601.08755047838,5630.102720665199,99999.99999559288,5.609360882042833e-06,6.085234548379746e-05,0.010886798254534188,0.044953018528037826,0.013049015391475663,0.01804967709766381,0.5383139197368777
47,-1025.1694789885746,786205.2553014174,689821.9866545475,118916.30100799407,59350.20067702439,56513.928759193295,52945.092937931775,20119.23618404512,16525.920084528214,4387.493002013977,3109.905460586514,2682.4474766296908,147.09470694821422,721.7679793936999,167.31310391634145,29882.808744784645,24822.057926993708,271.5036226440898,1608.9870156758845,4733.114595236376,99999.99999904682,4.241534397580547e-06,5.309614401639449e-05,0.021869085540398698,0.0642131429978351,0.010103313431109186,0.019894794298407143,0.40994264318794077
48,-712.4639413118583,788469.544638698,656784.8518789639,125951.0347348826,59434.39526722338,56147.73718647918,54896.55855259784,29061.2611853341,16438.161483581687,5012.1472544986955,3410.779211030218,2992.30969737423,197.20307622712713,738.0566371409817,590.7056109014219,30308.56820990333,20762.139244172624,93.31625081086345,1277.7877528228573,6943.597337974125,5829.864911206045,2.0197643054740332e-06,9.321833935839497e-05,0.02162501616146041,0.05030531541271745,0.008923443577335623,0.024706093211511376,0.5916061064783015
49,-791.4735588659084,782841.5632047828,708015.5559772991,117875.53754927081,59225.040853110455,56858.596931363005,53488.516446110916,24608.078110665116,16705.41805868863,4726.644900922017,2840.8016953653905,2784.063386176885,146.6892691392044,644.9752533438225,118.08201192352492,30244.607880080915,18296.167943332042,254.35197045394273,1648.3210617964971,5661.05563428494,1654.2013187101838,6.2282526354347595e-06,6.201866057596683e-05,0.02653997933662014,0.03774703120983193,0.013930407706902733,0.015758896853015594,0.46451272994787773
50,-877.0409990836324,797183.2412250886,715582.1621907175,124874.62215322047,62232.914329989704,57048.000741309916,54490.70731538744,27952.623425884532,16671.88078495256,4520.902521777269,3020.1522011670045,2858.562142942962,360.4214927109234,1077.033305637013,522.1783744509306,29449.973574465377,43149.104442586045,200.71009647172568,1679.7040328078133,6332.356564029696,99999.99999799932,5.387288490238739e-06,4.805396729677575e-05,0.01842934688283678,0.047110590820588195,0.009378346161796988,0.020896175351432695,0.5676478145844108
51,-645.2805758013152,784111.1939687924,702558.0132843378,121681.52750372096,60806.57817008778,57118.804582939774,53972.40749220289,33340.6919379852,16846.842477635433,4149.210623886648,3194.948534737007,2740.293421301342,251.26693297668655,803.3754848978349,323.5903151246427,29278.809617227085,34449.05867176951,248.00970897744082,1717.6772461271548,7532.00862926558,943.9129875536805,4.854222632803641e-06,4.1319254202483995e-05,0.014900037962572945,0.05073124097744133,0.009941171743257834,0.0228767052954782,0.6544298264274617
52,-706.9437657985022,815560.5534968517,733564.5109218119,126666.45368770254,69541.61797464751,55714.52773738589,52769.94033431335,31692.12348222558,16042.7204237991,4075.860631482618,3101.775805566983,2587.9498603372967,678.7375479294376,1158.0202385273496,760.0147807649747,30398.635242204226,34962.746666516854,227.72709888578086,1551.1949227189714,11556.358457829612,4810.343905294762,4.49283183756542e-06,5.362887751444407e-05,0.011467484251013823,0.06709537650255823,0.011102291454192772,0.02410275384990046,0.6220365791049646
53,-658.8209117069307,799004.60633429,683068.238451852,127180.40864308013,60477.5816378011,57313.621252895835,54087.28257633827,10000.000000097034,16471.79744843662,5208.483738475366,3282.142633185885,3133.063873554513,222.36970838990314,855.4962407512581,786.7143185011561,31451.044718532496,22382.19547908047,225.9670039325364,1439.2823370383076,5394.658500077369,7129.628833402799,3.1974259664813363e-06,8.576640003614113e-05,0.02837222931321255,0.03440693640576225,0.010030853655635658,0.015956825622318795,0.3694277541917175
54,-667.1356680390825,776960.8590724674,694119.0884297115,122000.40054881918,59330.1348357708,55397.661425447805,51200.32655389348,31088.29794700711,16922.240064985304,4440.218540547326,3164.3003555058567,2607.2801268691446,221.80492451018708,781.4993001679018,377.6950610950679,28990.499767051468,35891.589894196906,297.92075492921623,1495.25743092981,12058.440312039764,813.5241645571404,5.365939966904278e-06,5.736200954243226e-05,0.01771639818898579,0.05525590037869906,0.011680885425647701,0.024238757228207362,0.606692197218426
55,-625.6293388340874,786795.3152428487,707279.712548564,121196.15378792775,60305.128191187294,59091.28247715195,55410.40638547791,31199.574864113965,16492.187574035535,4244.6423400107205,3164.8846702802266,3079.740218059063,190.88153319924456,644.1422004784025,295.72786617240564,29616.979361143156,35586.74211534126,289.6041679863781,1501.2275865380007,11488.492806440856,99999.99999999967,4.933146723364958e-06,3.837903130584438e-05,0.02239353705783023,0.033137650484662336,0.011185298391918206,0.024384251040056683,0.5941225248281348
56,-729.2380221531305,781688.708301433,689738.1691027945,121327.27944105587,60335.05790096632,52653.88800043322,48819.759464159644,34000.04822241427,16645.66636182595,4584.073704217618,3133.526470512909,2750.5598003338514,213.28184219235015,809.6430375992426,366.4644382867714,29105.169884229825,50661.28654484024,287.3283872633139,1655.7377296738591,8263.224462297361,491.42410520003057,4.9263570328370786e-06,3.321351166792632e-05,0.01872855165953026,0.04956612995385436,0.014742115737235254,0.018751288103595803,0.6386079862105136
57,-661.4525427514304,773649.5295433995,679443.8411513128,122499.89435130014,58673.972916290084,54174.20294950332,51131.28608341517,31402.245669109383,17118.967276307216,4162.677964484182,3379.4901819114425,2910.4836477374865,135.1543227683496,763.9335981231732,395.3635598749859,29445.884168049673,32782.85495023548,234.91380667940132,1479.5230655154323,6666.696992391995,99999.99999887399,3.2892844792711375e-06,5.044857555323769e-05,0.01813247844826682,0.048885629857262386,0.010504328080584309,0.015531714582578706,0.6077397660092586
58,-598.5357524000726,771245.7865792811,681799.4975304767,119213.6452396994,60713.20453573866,55576.60068334894,51143.63888562788,22674.31540311742,16878.43898029048,4180.994415691728,3211.339540769768,2839.7003816025726,238.65375582700017,796.9041099644993,182.0782209329663,28913.06475189718,32029.027331985795,291.117325478407,1527.1344418900453,4815.6652684181345,1648.172332062245,4.472228940558558e-06,6.673271072785069e-05,0.016125309921831744,0.04653080415542022,0.008672610991845698,0.025550468281288277,0.41212551583653867
59,-663.3380532974775,815155.9414749821,715053.1796091248,118332.0390592248,57587.98064983254,55143.83581163963,52272.949297530504,28815.73038793256,16224.07514699282,4942.789973814976,3348.037335942409,2795.4381965595517,103.69894590832004,612.1640932238266,152.80648344223493,28742.652949977957,25460.863163918373,228.79640209809398,1621.0553815561825,8488.90793466422,99999.9999987333,4.5371191298642425e-06,3.786017119776601e-05,0.013717569149786018,0.057351399319626156,0.010317494807484343,0.020828808247631364,0.5507024813148952
60,-824.6330093513618,783730.4933870079,672486.6370759065,130824.71588277875,62898.85228878442,58098.99300162788,56054.580610067984,30664.756013832823,16602.143009880783,3987.094599035102,3768.61999186732,2879.148845790409,310.893028889718,853.4675168413526,966.3892180257072,29831.978223504782,19509.335037248147,149.8414633166898,1487.7368374761083,7869.7583515114575,99999.99999998296,1.1669636869566631e-06,7.699521821625989e-05,0.015440862357112098,0.05630041146399389,0.014101701078229605,0.020615910784030727,0.6303795823418071
61,-566.5302660428229,808235.7586089919,718677.2906740234,124242.85146622718,62055.852833216646,58087.5212426606,55038.24108985292,13170.818088485443,16203.282890981614,4288.989951523695,3229.940266558769,2910.618825076327,305.3910281618855,822.2203644725646,459.1377887649396,31697.306672117593,20914.984199985527,217.87792586990312,1520.9028056010964,4344.696925749981,99999.99999812295,3.922780873341246e-06,8.514301802803983e-05,0.024765663939175113,0.04899015422573799,0.011422823411580412,0.01689068132659725,0.3614066093185236
62,-764.9769647707321,799807.3550076401,686412.08719452,132378.43997267698,60631.50972011396,53001.13695478652,47999.99999988155,10000.000119627215,16406.976698495484,4906.951563327197,3368.5308525373225,2881.24563325364,220.4633020451811,827.4196580855053,1297.3371364695715,28811.379674686457,58103.65844763653,354.94101298204885,1619.3967426849874,4258.560595953852,19378.890114510617,2.747336078356022e-06,3.665480303117822e-05,0.018022499672879735,0.03966172128510526,0.01276614476484234,0.017154095845193167,0.24712015906993767
63,-687.9931093700836,790627.7305877634,701374.6150325121,128068.41567441524,59006.64518043506,57672.0520876439,54035.44656346906,29210.312673026194,16389.3449097859,4745.164786811769,3012.9268400376886,2882.7005353462564,169.18318825833202,825.0199761669799,887.0515197844885,31051.743838441576,27652.663249332338,284.28823904023466,1560.8655457447978,8543.076006860796,1138.441714471884,5.137587223467154e-06,5.3131335521648805e-05,0.021712056804800175,0.028068528643572708,0.013678622498256656,0.02190608733832351,0.5969397886072787
64,-562.7506464381136,805844.1223651594,722873.5988737487,120423.96299203583,60849.0601575367,55313.50979566252,52003.202679518035,31092.86667041112,16369.760282245637,4204.181236574227,3330.117022710722,2902.8995416843945,233.71995284199548,895.5239305661147,255.19148944308944,29562.305385774318,36216.632312697344,276.37250074829905,1633.6182631918844,9272.316446345436,1282.111101883179,4.865993043972405e-06,2.7810171115838932e-05,0.0197173114080516,0.054014753664976184,0.005857105612173744,0.02244496119012577,0.6312272789973764
65,-864.148084209792,769963.5818956753,690047.6324068476,119184.88978781797,59528.860187528335,56007.047285881905,51663.72988501065,21992.97046080192,17080.24703863509,4288.416004682699,2975.4792910078436,2591.9523979939977,189.155232615597,693.837396719407,238.69860012945114,29152.74888298677,23657.66841981985,292.9274168728633,1539.199887891147,5548.454220298626,1296.1503123967943,5.204666385096709e-06,7.10097581991098e-05,0.0094475697005956,0.06110776310250521,0.01455136644398391,0.021587339834870736,0.38459090115154476
66,-766.087180611078,783275.6041795365,691558.4871215597,120848.76660507299,57868.87202519783,56932.53553143287,54285.95425794749,24391.440876247136,16709.107032117012,4299.096997913859,3288.7934060356793,2813.5744750648787,109.92621093926375,679.3035233879967,295.0350985095993,29437.765739261158,20652.629304346574,212.234085125528,1554.9891365576734,5919.7813491499655,99999.99999998901,3.614311994949542e-06,5.697729755055488e-05,0.014136427386075281,0.055931503170617625,0.009725289076180267,0.022072703120942897,0.5022442960410559
67,-728.1189327541766,783011.1865226266,703910.1703698557,118110.61056832629,57039.9793438074,56308.6590098582,53760.57320391032,34834.85538893888,16789.470534228036,4411.17789110832,3058.4854115527755,2727.0431066335996,73.645114622576,636.3735460547937,166.17059019720602,29162.23913252561,28981.675240138902,207.9696846803848,1765.9280192116812,12678.01876511429,653.2811983619273,5.6509559269196645e-06,2.6122494245943653e-05,0.017437122657393035,0.05226189681684297,0.011654167468512316,0.023252501362695025,0.7408576197750248
68,-726.9509170131724,812778.5638778463,711376.0833202326,124297.69053572459,57811.60153824985,56668.618175578325,54256.04544759178,25705.7357987809,16300.314279137356,4070.3913293987225,3445.4146809409335,2972.956030912089,101.89249651858603,739.8515146055306,680.0223318657688,30442.410671931877,17545.62458334896,183.33394253375022,1511.222643532995,5275.873467842602,99998.80745485165,2.3167801002238338e-06,7.442665135594457e-05,0.012568190516777373,0.04818566164770809,0.015731434530046846,0.02411106891765931,0.4568630510769819
69,-643.6870406368948,780622.7664124907,672419.4351132216,126102.94675570515,64442.17032632423,55604.19821084022,53576.0101725899,10953.839857038225,16620.529790394252,4582.293214981131,3447.2773386446906,2704.945440710959,426.33077327456346,957.3754024117887,668.2407734322977,29105.856244568422,23129.819825349477,150.7000614623858,1721.555495280062,3253.452504112798,1746.817470630596,2.775187615045316e-06,7.25771681359701e-05,0.014889746417596876,0.06448352526244272,0.012599269839878465,0.01524834533052936,0.35195476912309
70,-799.5031495515766,793500.20800069,710249.2925755924,120941.23139128918,60029.68055535682,58307.29252147633,54615.05748907794,27441.741939382453,16550.105772090534,4593.0206965997,2935.2448317688945,2707.7844178530386,219.3983262914345,696.5897143525563,326.0111881316477,29505.360469870295,36350.63081913557,300.00113453878856,1648.5507690324478,5030.295542005244,1543.8185019647572,5.4027989656574345e-06,4.2428507657051075e-05,0.01677140771811981,0.04407106633733698,0.015084472831249425,0.014899182819058604,0.48411639194747524
71,-777.4667442572537,790580.8752696619,710961.6526097467,121260.11088230197,58524.15982907254,56447.74898092624,52780.685767900046,30639.21180891017,16673.417244033895,4412.379776513174,3162.9759163604976,2722.112090754039,152.7866241876625,745.5441432258294,308.34295516997423,29029.392094534734,18332.048683830977,261.26788842909303,1622.1297203911593,8119.929277158096,568.5300387068575,5.00841098109908e-06,5.6562555459100975e-05,0.00804602822259775,0.06507080266616937,0.008624842755177461,0.03154959457473781,0.5882436964207521
72,-723.7588893464294,780783.1987518461,701170.1600490402,126812.32743422365,58816.224512239605,52377.69636026355,48618.35337829107,32780.93354567959,17107.055689015808,4098.065091250996,3204.536358318162,3064.4591002180805,142.42216741323367,702.6013745690294,571.1782648483728,28635.25867938486,29648.488704829328,273.6790803276718,1447.9684368801086,8788.483507259096,1376.8297563357085,4.712680377213916e-06,4.711144691447366e-05,0.017897099946396048,0.03324512317771256,0.009890598943992683,0.02075962723732738,0.571349120358613
73,-739.5901640257697,782352.6927250329,698932.1267007133,123247.42573380297,61535.89189883106,55739.911905945686,51564.61726136016,31426.547537598977,16455.186272035848,4536.21547755861,2945.1269170617084,2835.632954492574,244.22634764975925,761.2194300038024,429.43494439661134,29338.886632984395,50571.26284853798,299.0757193508831,1705.6336782861508,6795.822426288648,1797.3219717777279,5.139017238430516e-06,3.662189547355018e-05,0.01876558992463258,0.03379560946884663,0.013859731245413502,0.022852023860598914,0.5254722383187023
74,-766.8264832305124,796896.1420877398,646664.5362253785,125241.41734479876,57234.97793564046,56586.7684417453,53731.26836526714,28438.36591865918,16253.380315092378,6591.250436840691,3196.504453156979,2943.3073293572793,82.88268717098043,634.4183943754294,601.2838538136895,30956.69234147831,21247.820874551413,200.6189891534206,1479.6669575406895,6841.006140848055,7978.188760753109,3.511290172835793e-06,7.500664830559492e-05,0.023797833152112285,0.04085526619139619,0.010760663257435991,0.02573971019573831,0.48355492009582446
75,-688.3335854848506,812827.906384695,739286.6938913242,137263.04897155787,70373.04019854656,58773.26952110511,56576.76665061667,26470.802059461068,16131.812186461151,3852.87714812475,3322.1694503042286,2805.6991591071487,758.273513499015,1582.424163659237,1238.673516389423,30718.115576054104,22545.594696400633,170.35872966269434,1497.6392685826684,7434.294207745405,99999.99999999984,4.197180333222676e-06,7.353073478863541e-05,0.015281777843281535,0.03580502093060472,0.010749206991135893,0.021365350466619474,0.5459991846095608
76,-793.5775263728345,790613.6181390283,692891.9680130543,127482.40335960044,58993.65226093667,57801.28373754196,54785.192766395376,25872.184783973407,16525.01419621537,4619.727604597715,3251.951398205431,3078.858133613735,138.8357101060106,842.5978282271901,739.8919858363156,29806.2189900987,31391.591349731825,236.27495112588431,1696.5485617185325,6232.271690551859,1174.5575764880687,3.6719571216141996e-06,3.6590402944840614e-05,0.014934112059299646,0.0294390133582451,0.013469326561486606,0.017270388366232795,0.5099221504263719
77,-758.6802331052984,780916.725226512,698334.3861296598,121052.47246382474,59221.411952924915,55327.38859365,51532.59269338226,31938.91956999129,16611.968256288736,4398.868330115408,3104.285748931021,2680.2595444889016,201.80094914171977,651.6931013836984,392.8198705830389,30368.846244049775,20478.72760204378,275.92400844980216,1360.054590931507,11844.689406568901,1490.856396095894,5.15852175722704e-06,5.866837130810069e-05,0.019459607816407605,0.050303063562681286,0.013392600016569684,0.02092639988008898,0.6192829946155072
78,-680.2098338630923,789308.2428133463,695058.640713281,121105.08553043765,59703.87919744086,57621.16053374486,53159.46547641863,23178.37035060349,16336.49751566576,4540.617753572401,3165.7658260257544,2781.297151132169,189.97357881477055,870.1940705281838,312.6323347912471,31088.436326291023,20160.52506336699,299.8457839637621,1417.9412098509003,5267.881559234689,99999.99999929054,4.309462584499565e-06,8.784196821642408e-05,0.013141683316256092,0.047931184610886766,0.010879624016330563,0.015981571911415277,0.46632431667130136
79,-666.2876907553247,811884.0507599512,720298.9803564188,122889.30650261935,63168.8982979429,57255.070606639645,54073.440747657856,26831.146438122236,16283.183407253215,5075.509032416268,2952.1787368345267,2565.3006489057107,405.4093415461749,946.3817269472701,372.35589490552894,29849.01888294172,33321.071117317784,258.15593637091763,1490.8979626685193,5737.541288992726,2953.936755454865,5.258478198113264e-06,5.727874761546993e-05,0.01919050387038526,0.05944776507313763,0.014036789952930749,0.0235415844389244,0.524985358337413
80,-732.2664076486326,826881.0689114319,719309.0011755918,124689.3156447449,59537.592572330876,56824.498103620455,53837.04601888835,32662.381401290768,16127.02739512829,4351.037082078407,3392.5616565299547,2807.9358809097175,172.38636513397077,590.035953290797,533.6458465856825,30688.23753980319,19194.464730628868,219.4990484650251,1466.5581089359182,12567.931260915155,5559.04629756422,3.0642042368936015e-06,6.661325580987699e-05,0.013542038090523274,0.06754006994687257,0.011536777783439854,0.023288491282515526,0.6293876615941415
81,-606.9077781618005,801262.2485173732,711440.4257608011,131948.54791171674,62564.69884044987,55057.10849495101,52345.555754650864,33209.55914135491,16362.743304921352,4400.849307275372,3364.040572502381,2989.269126415254,351.9390520172476,946.3519467223889,1064.0929706627062,29731.053143963876,29883.807555306255,237.6145605511867,1421.6259405479186,8659.283228266037,2748.7395917352865,3.6633099016982774e-06,4.285438876908074e-05,0.01671872122744518,0.04046118173811485,0.009046544911280754,0.022770315044956618,0.6298725077216336
82,-851.6918201993064,798323.491520198,704080.5418391484,126815.94379156768,60952.344513898715,54512.3166658146,51741.52765548129,31857.45629525735,16655.289104688552,4089.9351031110855,3381.3994065968536,2915.7757531279813,291.1139993170399,924.232993757283,858.6376151479935,29352.946229624813,23812.651227781313,206.71115552202676,1514.7882514345501,9318.072801585278,99999.99971998383,3.2479162496980316e-06,5.460267267461789e-05,0.012919744289411651,0.05614177471338636,0.008828191630497521,0.020410915584764704,0.5445931322292785
83,-639.5039373733952,802773.716095555,700876.5650605502,130121.40479966237,59408.18968153329,59091.359160488166,55424.29017455897,28156.538493360666,16405.071712798013,4524.904019937616,3354.933334166982,2970.4514440395114,184.73999327792617,847.7846682036397,904.9826609887692,32121.13051478266,18256.103051652495,275.87166138029994,1403.8397892714197,7306.792964242221,3663.6327702873114,3.7600222306181845e-06,8.506131365333036e-05,0.021204096094555945,0.0328824240015957,0.011586161195415666,0.018932356936703188,0.59163016305158
84,-851.5466817971286,785287.8941451379,710379.3985277448,121696.75583491118,58161.85833000635,56044.55867627279,52543.46330671462,31097.773349914154,16551.497598562368,4829.423037658193,3280.2511091811702,2884.5620407389824,144.8450126133945,645.4905869966092,425.74534255669033,28782.41970379818,22653.63373884309,278.95002587854395,1719.3609803857883,11161.015526802248,1290.6267835551855,6.07482935235433e-06,4.165098844296053e-05,0.01680005108259668,0.030669220819230965,0.01196219388617755,0.017478690663880234,0.6340841070753772
85,-678.2875824484954,782632.424771123,697053.697240425,120121.04403415295,60272.42491356892,57007.21143292744,53117.18734850735,15626.258667845455,16871.91861423015,4509.396854562509,3182.9105465392445,2893.055428605174,239.64232783062747,883.649860787667,250.9987522767962,28886.71555754616,45960.761623566206,289.4415079679823,1651.828453472732,5266.274322950931,99998.19654747407,4.88490385336341e-06,3.68334490320302e-05,0.016439940074469583,0.047082440102000994,0.011517809199032438,0.018715618335352402,0.3129164907992328
86,-639.7043528409968,757941.1214827509,675789.8337546538,120220.92646318504,61490.2004982892,52381.67989920226,48065.432885179616,35670.446196062396,16814.21759488408,4221.741993947395,2989.6492229963605,2940.3910502322624,255.90193291481958,695.1038636576437,236.16175111773796,27754.24168246517,74696.07467383603,301.98913722337517,1604.8196291508837,8882.386850988583,720.7463999024793,4.415546681791951e-06,2.9833252008341404e-05,0.021445511455982502,0.03874064338378759,0.008141865294531335,0.021431803293712515,0.667999218203567
87,-740.6061409964875,845180.6396378218,787925.580131316,119384.96374567329,61415.101279016344,59548.596743790134,57632.21161975431,28886.38177350988,15687.520586652141,4421.934328514819,2877.8374420119558,2604.0170196317126,263.1503323810687,890.6607180191816,228.5870274112884,33731.970805258265,18909.147475240447,149.52753534863345,1335.6657634086505,5152.083179425984,43729.60237494499,7.287517148886205e-06,8.699626842896083e-05,0.018073451361159943,0.04300291316523408,0.013578391604512017,0.019334927116405814,0.5833924021092736
88,-710.7855860514848,810951.6071570964,689815.9898145822,132814.28321553487,63297.59957380289,54246.66747736561,52697.1372214632,29739.735889957155,16183.643472660313,3976.060696424037,3815.531453988212,3131.867738268262,331.2699045284083,832.555157924708,1221.607329771176,30826.09680791242,24081.321917730325,118.70497846630684,1485.4232915549271,6377.574207986752,99983.89452813225,3.0970843048074383e-07,6.574680559459112e-05,0.013468983030695728,0.053270689263088526,0.01031817610920253,0.0184645721332826,0.5530721496497022
89,-780.514674095846,736434.8025661901,656550.0167144127,123669.35628973307,59981.48486573697,54780.971408947844,51214.60517836598,35940.03191102986,17460.625438310923,4603.848243131238,2956.4452743388697,2866.606369828831,193.6701635217419,827.6754034719405,636.2750308045305,27446.089575712493,54973.05342007346,266.47045476270534,1537.8251628113524,9584.048521462337,447.76783134704345,5.073319570144841e-06,2.9429746129712067e-05,0.014415891668084338,0.030739846815191277,0.012464560426393372,0.02389706377680046,0.6150160025504358
90,-613.170710811826,763657.8781748703,690306.8356628837,123197.36715187634,60150.08384069041,59137.51696014803,56577.04554032117,28794.903703887776,17058.553973519967,4932.947579434469,2974.0681144381765,2748.0632022632003,236.5661049985511,917.9153026593566,436.7319222043518,29955.84619715628,20206.179992833157,183.88299782426756,1529.2504160076699,7445.5126544331815,99999.99999938771,6.822211295466402e-06,7.74993589158852e-05,0.020047119007887464,0.02071306820434367,0.013449618763810687,0.021656849092181137,0.5858495193183199
91,-888.5377823561087,782471.0822216516,699212.893879705,123895.65145099023,59197.97078000708,57665.62302161859,54078.65517046693,31010.04185867052,16518.110424042847,4420.387150623127,3041.7804601399134,2943.1930820697157,156.80023934545713,735.0550886170364,450.9610099954018,31188.8668944598,17526.21968436193,243.71024752252265,1406.2318284249532,6702.044434811919,1497.2344385689105,5.116273081655927e-06,7.781914241447482e-05,0.0200021406714926,0.036117308246313005,0.012042116134605924,0.014757162862410026,0.5653784408250278
92,-883.4289879306327,773770.8908172189,684234.1641718472,126024.3863657051,60284.11431307034,56400.21879464437,53495.88090959901,34428.24201254826,16598.6055405336,4495.669171070657,2987.8511229894225,2923.192155371533,180.25903029534544,690.4348631330473,578.8184927351919,28581.51983899957,47776.33663632723,277.8177305271339,1779.3347449062394,9679.71273311019,1436.0151133623165,4.701356202871351e-06,1.7072170336773022e-05,0.02476044503895435,0.030060944618116838,0.010475143192264391,0.017054523427816826,0.7508342821254236
93,-681.4482971927307,797844.8918597564,699494.0407078833,118097.00681519517,59695.539650810875,52566.108951447495,50015.36997170764,14890.272294595874,16608.156636397252,4677.125170619555,3306.5100753483885,2755.541695601014,224.8826410255628,811.4307400312673,147.16170073194462,30558.46379211355,18720.284245483326,187.22714018783424,1582.7763946616383,4033.575482187997,765.9727182039985,4.904770144911659e-06,4.602681870838181e-05,0.02595485233362846,0.05489766251829027,0.012692063723042091,0.012095513927007893,0.28998131118653203
94,-671.7417530136471,774631.4212616305,663941.8286488162,132955.7645915528,60617.0124159667,58060.590883632955,57263.856368947345,31172.324672782303,16976.07802198437,3604.532699703858,3884.375409392627,3210.364822521232,229.0439092800056,851.2782481369389,1164.8346234981198,30948.654311140002,17029.890970824537,66.38693996566035,1328.367597810654,6122.179650566725,1685.6094064205402,1.0000000000520598e-08,8.140347477432686e-05,0.020195539445351855,0.054665506373238956,0.00825200464850261,0.020822536459347847,0.5928478378219307
95,-801.5844927767789,777064.7261603484,692661.4091056776,120820.73916631551,60075.65835968806,56533.476205928346,53329.207599689034,37733.05386425291,16874.692902832394,4526.474568137777,3250.766811820057,2841.0865055972677,212.29692600048108,784.0366273114793,305.05687906524696,29106.992137192494,77497.61170344855,262.76390758521694,1780.240423674222,11648.464928772935,1008.230812539234,5.19625426768943e-06,3.123911771265101e-05,0.015486762943212792,0.04905891035451593,0.008485425400541093,0.014041177344621293,0.7636307180294759
96,-687.6335804676056,787487.0402949983,700082.8613317804,120253.51725078937,59548.56448968048,57655.79896238823,54467.704760330496,31206.926247672287,16756.00941460174,4344.709472824375,3154.9251975307625,2802.121297090776,188.72838693171624,818.8839254317126,235.08923140168585,29159.689694963192,28881.097480331195,254.12228241648415,1700.0447123755202,6369.075470306185,3096.4880946667267,4.7324798173814096e-06,4.287782631002926e-05,0.016835608454463108,0.05345802203513885,0.011777500445956561,0.018512802180006734,0.6220246768379178
97,-961.7861722624132,816612.1578168741,721478.8128710594,129000.49853044491,61238.087213880106,58575.379642009866,55005.71864471632,28544.063884583044,16248.796996944708,5038.246902808116,3068.605616305303,2789.1323320069946,267.88995657635905,898.1960732053927,878.8878861829588,31599.679999600598,21608.42366275894,259.3621057105543,1546.8106653866805,8196.915459609476,1832.6615454278085,5.48296800631744e-06,6.564229174799734e-05,0.02322633582416508,0.03746605905255141,0.014106628709176623,0.019032747649421537,0.5048370063072871
98,-704.6029350044696,774166.4935641822,649950.9789177068,117240.68090284771,59202.13619936582,53218.022980657064,50843.0104536347,14390.36022841118,16730.74523337949,5839.871230316741,3073.4371467777864,2625.4518281182964,143.2803630857385,664.4136086171408,78.84131967515765,29300.38386611209,21931.662323833156,159.02555833729417,1345.8502446362065,4810.597180739453,99999.81028526988,4.537499169652824e-06,6.39513466373187e-05,0.015360000322071276,0.06337769624002984,0.013470453695511723,0.015566185173712716,0.3033498727864195
99,-689.8929423027007,776644.3621243518,681241.0413749206,130837.32593957064,59635.670726815464,54475.85654812537,51076.59860477916,22938.659006317288,16634.369949279033,4489.123185153603,3074.9260630470103,2892.4402745944963,238.50470371752343,805.0019853154332,1186.987654160344,28470.96762261462,31706.296048135886,243.0393362148713,1590.2726992572932,7641.299412274824,99999.95879904178,3.931877765276821e-06,4.957601813962102e-05,0.016186154407149312,0.0314425738099817,0.011093090256602078,0.027378774057980386,0.40721352628885854
100,-620.6173543729333,810880.7722782969,708561.6831733899,120941.09694572403,59997.92400368844,55916.00611174526,53394.72822675353,22688.433764136298,16346.4171642448,4411.573453847052,3719.793706471362,2950.543190488568,204.59192769923146,918.275505690337,314.14432439669724,30177.631267939683,22744.768496854045,188.46101266855936,1739.0279541754837,5016.43064986384,1818.541999343139,3.0313824485085503e-06,5.970058641277057e-05,0.018674647421137804,0.06670080189168079,0.005895456068480898,0.016374642742200324,0.44987932294012445
101,-685.4023482571208,756592.3445987949,675875.0326311265,118992.48848712913,57359.524950022234,56787.85628965927,54078.798598538866,28103.06635836748,16816.565640413603,4295.554027981743,3074.418442480085,2887.2478806041154,88.25237287995468,635.8109954649861,171.85170878523675,29277.984554011644,24594.142904849323,193.88376114358022,1483.5849462120923,7278.20419914094,99999.99299788315,5.103889904845678e-06,5.528901314611777e-05,0.017258157202652478,0.04208430778252311,0.00987558263479923,0.023483929281831437,0.5377521303104279
102,-753.6124369519965,777367.3259352975,693550.4573329808,124453.38655668919,59211.82455985686,56558.82578260685,53168.71829422328,32966.81585269948,16722.634923091897,4749.428538831119,3080.7021560493413,2710.242227024005,152.9446460886114,675.7370290439951,607.6819772606169,27839.462891663272,78483.21364930598,283.75844989076865,1591.5295508269019,7830.498786587886,3713.8042730136376,4.953580952286987e-06,3.6215589408573304e-05,0.010305195062339545,0.046321216404072454,0.01515159632866123,0.017851213332387775,0.615813817068334
103,-677.6641390018569,792639.9444841488,679395.6468876787,122167.42264317059,57543.496586460795,57494.72099714066,54183.102337057804,34670.66814455078,16341.933340152957,4556.361026183346,3165.4029066030876,2864.4037364009373,86.05899187438227,599.3177313624469,319.01546545132686,29209.11350545986,28400.377351853436,276.0921325221089,1574.3616850270898,9119.650111811548,1633.1430811134762,3.5379179427889994e-06,4.709157984208789e-05,0.023306872202747256,0.051585032535395633,0.012300409823032984,0.0233487217223206,0.6802386259991745
104,-816.9599054280566,767291.0298004712,687981.7680722527,124689.14855861843,59640.096450911224,58237.523972795534,55606.10711553226,29994.096715099775,16805.115236377776,4503.120518983837,3079.19487190641,2908.7216269824744,194.04819039875278,647.8128394757396,476.50139069047736,29521.601517059476,33106.506248202175,202.55419564361813,1507.2180071527928,8740.786176013851,99999.99999999984,4.922964286042936e-06,5.421334447271282e-05,0.0175600168198462,0.03103874601006874,0.012017785562859972,0.024803017129318226,0.627736049474214
105,-690.0254743884968,803216.3914604029,686084.176045354,130310.19264315799,57580.367753436156,57621.073098090565,55539.294787394334,32792.48067401203,15992.830892890543,4751.4618308020945,3500.0960518786146,3071.9943306672894,82.89884681829935,599.5627463774098,865.8119488664496,30798.33434091526,19948.55990538837,163.28990649998056,1352.322945246838,10007.163151176645,776.1324083488105,2.9163167184784917e-06,8.411527404698628e-05,0.024712785591732775,0.030960306691169035,0.015237057041543227,0.018257183058515265,0.7241615894846979
106,-746.6390761281048,777216.7611790219,695693.0604013962,120681.3424489163,60043.391958494096,57293.297208342046,52987.3064753412,29477.64349430917,16634.0566578031,4269.5085318424035,3122.8624553804025,2707.759085407832,200.4420723733084,891.3883775815456,323.1815535051476,29527.24406632251,46478.35665871527,302.1095354928556,1530.913094107046,7059.793016657266,2130.4849597809143,5.252247636528514e-06,6.118040786342909e-05,0.013214032455171403,0.043587176927422956,0.011038244583973605,0.025731761270527804,0.5419621426249592
107,-943.4821934865005,802861.5637359117,693532.9435800022,123341.11466186101,58540.44622567344,58836.78231790727,55617.60601267232,18307.39379546739,16144.13412533539,4711.8808652788375,3379.7850147789813,2961.1600710098714,120.64569112116864,684.7072601975572,398.9039113178195,31683.433287763244,18925.17770304912,226.08670650170467,1471.4559713807762,6435.499049273352,5703.745217757798,3.6812415187456927e-06,8.488411437101287e-05,0.02102069887484818,0.05544877911928262,0.010015502687433883,0.015732698302574573,0.41874875849753257
108,-667.8052061094386,764799.11248765,673823.4121256822,120642.2047209689,59241.83694603253,57329.564007367626,54011.51866848781,32393.662259354114,16921.08488134186,4402.252052923764,3168.9438639069126,2771.936042171853,176.6259393699789,759.9775271303855,266.5893369257953,27979.114444953386,53773.22079734477,290.33840582993685,1621.2670626537847,9328.890123318613,99999.99999941453,4.729840072861933e-06,3.029237176563447e-05,0.018470660650817847,0.050751051814378764,0.00894732775355855,0.017183695294384512,0.6497657627041317
109,-645.7571686619087,800447.1394962439,669234.1822772127,148380.05091001414,70229.85551661738,60079.97066850947,58860.61214329895,29784.097238123424,16855.21003208606,4955.640627415319,3505.3523852482913,2796.7660557835384,877.8388678752971,1623.6646458745965,2704.9544538008413,30043.66726292543,21124.37740143667,102.58464219110533,1674.682791659412,6916.728001631466,10515.606401653877,1.4199692854245478e-06,6.68129723683104e-05,0.014374170720359642,0.04246282383782674,0.017098776648975186,0.018899509818342316,0.632093666242985
110,-735.2612206897904,769978.8932143799,706343.5235401854,116581.68326266951,60105.92309851958,57620.422898205965,55656.04092315295,31997.07343008101,16759.459531480097,3716.1923699778154,2898.295058604173,2663.760606400805,215.9768778690015,980.1179711115047,57.355245286316766,29143.3409293864,27477.583916429518,169.02606901679573,1636.4541796381775,5685.451675454247,724.6473950230865,6.176731824351782e-06,5.58679360582313e-05,0.02030899623585285,0.0591727674603889,0.007870874346614348,0.02201131489713518,0.6742497498905277
111,-723.8478424745463,790974.5936624245,693262.7959937719,121552.07088112028,61299.07915601532,57856.49126707989,54129.848629800355,17870.78372678986,16943.395313305435,4607.243386064214,3240.310266493067,2825.9731552673948,268.5089232750757,959.2557099038377,368.4714354011642,29990.195982169604,27930.830665578276,272.6821476110631,1579.766822964689,4459.910082339053,99999.99999981261,4.607122132657798e-06,5.418140410958486e-05,0.022738181935110374,0.05229360150741819,0.011762466352223156,0.01964798239895585,0.38394058560974026
112,-801.1681335842266,768341.8586724427,691441.59818381,123864.9003421541,60039.24963525664,53730.23905301429,49704.43316769195,28810.658960656125,16985.999829926124,4328.851240537398,3140.41180032037,2765.0245814592467,185.07331645197098,808.1303686914401,519.016918360824,29124.175764107484,59429.74733561481,314.2642635474324,1606.4655109865728,6162.254483711416,1357.3171770045665,5.446127317620438e-06,3.329251801960074e-05,0.019923978366179165,0.04133347661431739,0.011951522616782506,0.018275969419060338,0.5227094848892149
113,-655.0637288423087,853058.9879205178,746733.5619531791,130149.25809822217,58779.78461836495,61435.73976407152,60245.11067317085,29525.099530062296,15544.115131380451,4124.8690032596305,3505.890117127255,2944.340413364678,144.80312029093707,747.458652321487,732.2860476969875,33266.594040332406,14496.79129779491,105.54379576346696,1466.3670486584742,7319.882813449862,99999.99998573837,2.89896504093684e-06,8.570468607797552e-05,0.014595419817153335,0.04776341086527898,0.015048763708164749,0.019428058360877732,0.6109954815248136
114,-669.0142250262994,781104.1413148069,693058.7612565527,123806.75533873773,65402.027856763365,57290.55850728787,55168.98586119649,34503.826756493865,16959.73597321928,4615.4850337356265,3077.0195416268994,2690.5093188068763,483.4508980079181,947.7164148880667,498.6700695947674,29508.682537252786,31487.266921757528,173.17810555606206,1581.1011721589039,13856.573785983785,18033.434043703506,4.849092962137167e-06,4.83057232788204e-05,0.005707349811485497,0.05509222648986944,0.011207479089427453,0.018984954114001393,0.740465877709821
115,-812.686266221813,776633.8384293522,692772.8295066576,120324.88543638671,60128.64591666196,53659.26504532703,49963.69299425609,28470.61732526292,16885.490108681668,4249.7983827772005,3115.6998599537196,2702.468486528523,214.26271452692393,802.145800755917,246.20997237001558,29297.625393829763,34961.83734785441,264.99072159371616,1894.954088951396,6688.596128793661,1578.5033709418897,5.456837573722008e-06,2.8980436217687406e-05,0.022663054270160313,0.053390941187364725,0.010716421018011842,0.020359104079414637,0.5345738679621637
116,-662.9088394813725,850461.3777034442,745672.2479772514,136110.66658424362,63317.63302058588,57980.96153868226,55846.42354270028,30633.22419162338,15441.748047586281,3679.2140672541295,3547.7478979570333,3052.7368767952516,363.6086188284892,940.8223794872579,1088.8935022443386,31181.306455270453,24201.44502721795,182.73157614718917,1548.910786136331,9881.281645507508,99999.98861519824,1.9647111689184165e-06,4.8686671406451114e-05,0.02176005545064236,0.05002910863836534,0.008620586679152536,0.025796669239479885,0.6221530576274487
117,-630.4013484627851,832909.4358123625,749526.7611890285,140046.3838161557,68472.50828889023,57663.92160467581,55633.54974713478,34166.15404998513,15854.89311053379,4018.7401864206627,3241.2864615669564,2727.427909631938,520.1637418065659,1298.6849893815977,1081.2715105933326,30727.886722771542,21498.419435744127,158.57678309078167,1352.0732805246694,11340.577448404509,967.5223967003768,4.444210904940722e-06,6.247153274177739e-05,0.008006595611453563,0.04091195878754655,0.010160217809523451,0.03320812397023396,0.721306948450965
118,-615.4433163522904,802795.7409336498,677943.4521711254,122928.02039395687,61982.77214706934,57007.063867449826,54320.882828303525,19168.45746759154,16106.29153655696,5383.113153255151,3306.463471373974,2992.2735773653403,320.62835710682583,864.9715099683656,366.8084934575776,29752.378864240436,30046.46088954713,201.8718133466342,1629.0965296487464,4442.435904301363,99999.99999891111,3.439743483057939e-06,4.744845810521871e-05,0.018145387801102166,0.04442484594286897,0.00840993770086645,0.025916441037178044,0.35977329283145887
119,-689.5687440646593,739944.2585542005,654629.3005422871,117594.33404275999,58754.03223617004,58257.10231501174,56954.25611338656,25749.63160956294,17387.42395193568,4213.030792038475,2990.9296010325183,2748.0804426921695,155.10950028695052,640.8734353679679,93.28957898244836,30491.763273629575,18668.38092735321,100.24959507647188,1351.313927565855,5566.03016668461,99993.98105653771,5.277486865393626e-06,7.597608565153941e-05,0.02375174885024015,0.046026989953907325,0.011948680861922438,0.024542180753453685,0.5214602232056554
120,-811.4231548434484,802500.3999455358,724401.4703242329,121842.7922366751,59573.98785770366,57479.22664068059,53385.64515021089,25350.207808265073,16326.667981321814,4240.788997023281,3089.56851412082,2928.4942627831506,201.48962491391822,785.392461195148,393.4598298110331,30703.84926922513,23845.67935695198,292.4925591720301,1566.9282358033718,6868.5597822087075,1199.7343794836236,5.189185339518778e-06,7.071452849871773e-05,0.024963090793240893,0.03283014509228232,0.01107555732351715,0.021325816925258863,0.4690648547810049
121,-768.8327883060389,787905.8599813728,701757.733976878,121231.20543056997,60294.5860466011,56000.31446024686,52157.433340030344,26320.4480292684,16945.364094613804,4433.121755445797,3042.768321155611,2739.0808513559346,242.08549707834106,824.1353115182568,307.8428149288383,28806.226329180125,33328.010430146765,296.5403699064968,1557.3581243071985,7692.210770946938,99999.99999609381,5.037277540086993e-06,4.012316654838991e-05,0.012126442393436075,0.05813296087459658,0.010147555415721269,0.02004619937871515,0.47333054237762856
122,-815.6165628364946,788928.5005572241,711314.5201445397,120168.04723485533,60546.89129055534,56360.142186726785,52597.35277624844,29202.40910332117,16610.844349725514,4197.840000772637,3085.9899090162553,2933.4245902407943,217.3878491726208,834.930744824677,293.50180681314987,29346.576735030925,60406.493745046006,299.8462767536804,1673.8142268966326,6848.256128725447,3390.7227853802897,5.1062223750357e-06,3.657863070725862e-05,0.02220887147807666,0.03393328780481402,0.012172712711994242,0.027411320565941314,0.533413023490731
123,-759.8108817714433,795325.150222683,690219.3692773337,119908.45006317833,58395.749136264865,54940.38730528646,51435.7501332624,25511.666864049705,16201.51732677333,4636.3621138870485,3278.6874138803296,2978.575871956241,134.09535074258002,675.8339329125968,244.83991201404973,31019.85792544309,18095.90203846098,247.41779725635521,1529.509688539,6621.825978322853,1757.9622076554874,3.7296262898037286e-06,7.647413207763546e-05,0.023457479852703314,0.04516099096368442,0.009772682413376815,0.02139313966760038,0.4553380400050086
124,-799.582005645307,779979.2037634176,688235.7760659646,120209.05298678609,60103.63737392489,60641.52129159096,58046.89284363093,33773.81628536855,16817.963283304052,4064.8599174220954,3152.0731604735583,2548.483094815716,251.98355136484972,793.5250199801036,285.82470596053884,28781.03925945281,22618.534846027585,274.43354388632974,1632.7078373676811,6558.41851686788,763.1670178209197,4.630420744569906e-06,5.664805920215569e-05,0.018596291627723097,0.07504984782661121,0.01395935911530333,0.015280004770149812,0.7544812158298693
125,-666.7625360911361,768960.5909978434,716862.7588504702,120550.62018153627,61588.26399041733,54800.65982722939,50168.27983156026,33533.39586738656,17054.35403702052,4185.020753575881,2891.5847241690753,2582.4837409371225,286.96031792710716,738.0063766368181,271.22963832487926,28389.84523022437,34825.32626509752,322.0828309408064,1505.2602724265619,20312.233071497983,507.20404671420573,7.15218493240768e-06,4.153205822499996e-05,0.009269484773884753,0.05334387576041665,0.013774407732863207,0.026185749862684522,0.6119834633850602
126,-788.5338971729432,804240.3089407918,713015.8221167794,121904.93780688748,59838.916056437614,56054.31480896984,52304.41646949985,26320.464381156205,16643.715573873575,4332.163426666339,3222.255057811662,2711.8861307450443,254.87928542281603,895.9551448420011,385.75591887920865,30320.19921075232,24699.032387058305,269.5907768352373,1540.282453703182,8503.619583652602,1210.1525898611399,4.905605824044912e-06,5.8335569272137e-05,0.012236256402753203,0.05322815247513575,0.011479520463875778,0.023705293233461485,0.46332738296996506
127,-683.8722231299747,776216.6604458517,693241.1992568604,121225.76681588068,59707.61844042622,59416.386049041175,55766.74007059541,24994.15191766913,16858.200029202704,4430.538446371785,3136.5992341736096,2811.078091401994,201.61572662770908,785.0634456718495,323.0250186212773,28266.306165498834,44929.41581550718,303.37481430059887,1709.5526349047207,5281.410409111984,2418.5676476585154,5.325829152856711e-06,4.1724190916062665e-05,0.017498880012596425,0.04488156153244726,0.011769568084366078,0.022932481943552237,0.5233678504364713
128,-685.3914201188541,778143.5545604773,694148.5186271968,117706.65085557583,60168.68108563598,58577.03085627093,54712.492103585,20986.186809236642,16495.795269310165,4228.905253280771,3040.598656703969,2668.3617020364127,231.76281616879106,735.2666311654807,132.67698019951115,30528.3909625047,15017.215479341605,271.7772370437715,1348.8818254635926,4714.203572215676,1057.1289374962487,4.484278838718816e-06,7.939713949814185e-05,0.011780034899708452,0.056336577063577115,0.013548475025490623,0.012077209400843478,0.4073074224866968
129,-688.5245217158999,778575.7043247761,683546.019333869,124597.7702242189,57885.92358661033,54227.39194927794,50393.26647557912,25817.17692040906,16707.709515663926,4540.087219551291,3227.1824422958703,3026.6830662907023,138.17236981752504,706.9516343630975,456.52688247414926,31246.939783878486,20160.007671181273,272.854200678124,1429.4359307096427,6713.718321728485,2731.502880727287,4.044587404631368e-06,7.043556288435402e-05,0.02896515313976054,0.03100197934805702,0.010990556220156203,0.021564374060839043,0.4829530541886406
130,-672.439893745708,758804.4718297842,644833.4918885407,123075.30847012514,58110.97520423448,57273.4408204201,55699.291808821916,31488.149911826946,17259.78718258893,3819.2374320413037,3563.058029585493,2854.836908988272,108.23446267533775,695.3590237631967,589.542691228903,29746.591142316654,23591.993591203503,123.72343034606756,1498.5722336975327,7827.8577722439895,1506.4556081052199,1.0789841005206323e-06,7.206407409190699e-05,0.016000300673047765,0.0680871708556005,0.015020281466713312,0.018221235984445767,0.6688914602638918
131,-659.642607552616,801482.6295435703,698530.1848342424,127894.35053963884,64185.535409883094,56975.67757573183,54523.35534183878,28641.78392343494,16327.600854667722,4946.776771251873,3160.218959749652,2743.522302524853,522.8283098177749,1187.893480366652,620.0944880138662,30153.87319635095,20076.810348253897,193.77922962043064,1459.9809977601803,7880.0111959213655,23366.86371733542,4.580500160370619e-06,6.184820027837138e-05,0.020601345293570918,0.05300354195629359,0.011013983763018086,0.021494951238777645,0.5234697311894286
132,-731.48505499728,800221.7033468809,708539.7430651832,118134.3955024241,60772.30886970268,58406.8031371096,54454.4849598132,19711.430980916823,16532.13629520254,4468.182724720588,3329.795687012424,2716.942488353717,256.33980519971317,773.9894514141347,149.71252382776447,30843.85199252753,19829.174331674883,271.82862294019685,1497.0066328210837,4350.153007809264,3466.797710733469,4.592967935805012e-06,7.264940367983171e-05,0.016369083174207488,0.06352189368048909,0.011131647819639602,0.01833776929797106,0.4304699966281642
133,-690.0447643422158,789001.2863794,696321.0857924643,122219.29483830374,60456.87594103735,57140.607098738816,53193.28994094725,25491.440758357152,16511.678020782616,4404.969809491465,3196.427742226251,2814.927058085364,198.5124118544884,735.1597845264497,361.9903436381625,29684.17391696481,18718.08604179777,283.19339351883724,1499.5908345058897,6256.10152005619,944.0255202191958,4.553986108316188e-06,7.328398111011918e-05,0.019285744474076386,0.052842570924343094,0.010229674345607951,0.019852639209534898,0.4913377670277905
134,-590.6046521711497,809340.1500526305,714858.8062849074,120999.34053655728,59680.48528773487,59306.37726405662,55878.84227099501,22708.854313152835,15750.774941820602,4553.46142208124,3247.6146302664015,2833.660148205814,188.5115727361213,746.1106065535623,319.02459201006525,30843.36551933479,23696.037201654817,280.5220107713945,1541.4861555341272,5583.7025604923265,99999.9716932279,4.586456806546064e-06,5.799412007871225e-05,0.019427332646004273,0.042554876338316346,0.010246153384394545,0.020279836583414437,0.48935949394716716
135,-776.295085497831,776975.9273087169,692917.5704175249,124507.45400148467,59299.485503826465,56228.133249617735,52474.62247660143,34533.5764171636,16926.378688431418,4370.660326028849,3152.6842187138045,3054.028742926115,167.32809534999743,808.2616860938139,474.61484774377976,28996.951163658403,28418.238524043936,264.81014358695177,1449.5229352279096,9820.013727973257,1095.575029096747,4.58306035284613e-06,5.883506630320128e-05,0.016351804995678974,0.029023234294433983,0.009681025451223384,0.022946153246287394,0.651759569564684
136,-496.8216803893376,799788.7939528628,668537.7234979814,124604.64892844048,60318.53078926392,57262.00421485659,54529.27534236214,26873.740560634516,16280.970407078295,5191.437528432652,3242.186963558906,3051.8076787409627,221.36946439703672,686.6831882447705,546.0664564481639,32006.92506584159,19954.17779719165,204.40986793773007,1511.5490489366018,5501.344847458954,5004.733843681383,2.4436264087901664e-06,7.003504544770037e-05,0.019238111478385906,0.030743622012385678,0.01350858140968158,0.012447008526716291,0.5043396337646986
137,-732.3873505123702,755344.1957354548,679361.9339583643,125760.65389946436,63924.98490705832,53925.97748850586,52883.22558864396,32820.50826250012,17346.728146921636,3131.401322307869,3615.3679903386696,2907.2486665258257,503.548564958515,958.8460834857042,599.353202222943,29669.003684773597,20908.90239063379,79.8711053504533,1411.5159431576628,6359.139747890768,1534.5305562931096,2.2132645752580422e-06,7.757547491900636e-05,0.01372044159859092,0.06691048622585376,0.005794375834051993,0.014920455087729047,0.6629726001063434
138,-730.7298320231663,802374.9494481086,718309.3722386411,122965.51528027104,58887.89231837746,55658.890526781644,52449.54969249111,31356.187330283992,16419.084759787565,4192.441925865289,3129.7559755405,2728.7413276929506,158.43109520628573,686.6993519019728,404.98206200523674,28120.804796984565,42359.72779150428,254.90234288904267,1838.9539103822792,10746.870229893691,2709.1662106669974,4.674841638138761e-06,2.1218861037148874e-05,0.012144889325007254,0.051708631616396994,0.009643519595197164,0.0219647523218555,0.6498057674798616
139,-691.2498503710956,792211.4404798803,709795.7019890847,120589.07409138948,59918.76629377384,57024.3459342776,53276.35334066818,32429.14336043709,16552.0545174907,4543.718677792993,3262.480811079626,2891.373366901576,206.1756902421898,785.7336888994155,294.99935213714497,29100.117850584735,29612.88241608103,289.1835038460997,1609.8399450134937,12578.599922214216,3257.084261855797,4.956533281492391e-06,5.379519612267902e-05,0.013724665601963346,0.04604447740996334,0.009568088971950363,0.01596802428203365,0.6823256552719893
140,-805.3893939052555,795637.81512658,710708.2482270573,123535.69726784108,59066.22231574879,54991.833045253785,53629.14513614138,32020.900158926845,16480.054880821033,3708.30616996396,3351.161239339006,2855.9670457899233,161.92459085239983,730.0801558668811,427.23423536514963,31477.8950250239,16555.132754596845,96.62966591848328,1396.517297043806,10863.040648833965,1349.1234063788604,3.842301950904006e-06,9.179544678262886e-05,0.02008643131857667,0.054117067334568274,0.012297682342983405,0.02354461029050798,0.6682718628776488
141,-929.5329071140936,824212.7563282332,721372.5517483865,118677.41005203471,57825.654492011396,58259.73732712863,55415.28015170674,33650.22656857834,16255.975261816982,4268.907925850976,3580.4309575008924,3025.9623976903154,130.7890484663576,703.0220208515268,151.9303678646395,29585.313648547624,22884.66677812486,233.08467282959742,1613.1924279934185,12247.593773950415,9571.58489993759,3.49234086207558e-06,5.337706002810862e-05,0.018016133844747678,0.058877926645198565,0.008433401759522244,0.01660284366466755,0.6600930294892111
142,-785.5682851145654,791729.6226762992,710396.3257093044,121708.60583691478,60437.647106142,58716.909176676745,55278.18461279671,31413.11035911399,16406.917096412682,4565.069661459804,3239.3577563245613,2897.7763458763197,225.4572009294016,840.0558210790614,316.28807536618564,29044.21051122916,25321.541735828254,281.8071589236491,1744.6745518850296,9043.793897634008,1022.1826440768435,5.155036231762476e-06,4.697155364526252e-05,0.012451550377455668,0.03998496209822923,0.008354735341065104,0.019828375614493562,0.6252308073295435
143,-826.9208987590882,778987.0891725325,700075.2339112132,118871.08737923451,59343.90840006819,56038.91938786105,52660.64616452485,18867.619485056766,16958.623689205317,4605.356362033033,3081.8315467738353,2699.5755691482636,197.41247028748774,680.7115899344569,187.40639544488903,30168.524652627868,22904.009160808404,264.8145362138955,1630.0971640813323,7344.021214758691,10268.369087288758,5.832484980011185e-06,5.577286596326839e-05,0.022617066624496623,0.03750194589788505,0.012907380787010753,0.01573074990109259,0.39275619005257284
144,-797.370155131485,798929.2818886301,715077.7568938175,127524.0070417127,59732.46447286159,57306.7357814903,54443.239397682926,30487.844904583646,16586.16228446519,4522.23824265977,3255.0883628415872,3011.7265665373866,167.92875871910704,782.7819862598168,617.8486181347118,29261.559801525193,36944.20996927036,261.6476644553504,1665.9527609101003,6259.983950819696,1672.8558447268654,4.890151767813965e-06,3.4042669632562735e-05,0.012482288448366692,0.03430199226585558,0.01028249120466656,0.014893459229890747,0.5897204085365239
145,-655.9941650246805,770160.1479967777,663466.4069615294,128744.5971210204,62935.57569002941,56446.54477165944,53215.508979692124,14223.843105614957,16857.807540942347,4281.35474714076,3405.252138348342,2826.6718123544924,389.37851406603704,979.2238263157662,884.139413645076,30778.04417130418,18535.986078136368,231.0681726065181,1486.9922008396718,5083.789902396845,3371.8795871223388,2.9078362479778057e-06,7.570168189724762e-05,0.01912112787620518,0.05152277663188247,0.009819985001766333,0.015210974611859752,0.3515414673236029
146,-750.6434533339959,797404.7667616814,708736.0873806269,123665.24916246517,59698.592310552114,55941.608005085254,51825.51203121497,31109.67116405812,16413.452363472872,4595.882510143569,3252.8699929115237,2649.7110471715246,212.1385963587539,682.2972623521318,346.94559375943993,30081.061439722725,20157.755709263638,295.3241383058677,1664.6353639110678,9604.441554541618,790.9085978792866,5.466091814353439e-06,5.4351636479176094e-05,0.017595299318290653,0.046627453842448915,0.015072354916663196,0.02062404418048933,0.5629931206187959
147,-862.0364987736425,806078.2584750378,713720.9253484419,118456.86279497098,63148.83552183339,54914.51306297126,50801.58972050744,23335.03024639955,16389.484534113977,4505.751532410186,3182.8621539396195,2610.1980615134694,348.5838679562725,979.9738567127465,171.89345906852535,29994.441501252808,21069.300865881385,297.82204645230496,1508.7060461505534,5150.8188758628585,831.5052014222692,4.5916271393949e-06,6.242036631664896e-05,0.010223913119329976,0.07528377195157838,0.008385972477182209,0.019350727179638743,0.3878459259463175
148,-716.6152036091003,784086.1664889733,707529.0448473349,121421.59144187668,59808.409539540124,53589.53895833449,50286.851356435276,35847.557354654426,16969.16931277516,4344.298067839847,3332.4782809946764,2847.442084041861,181.21113068308162,768.6579877994326,276.78718819653466,28142.769364903692,42883.215012709785,260.68502938507265,1673.8914724535803,8906.779492256488,3074.137079635024,5.460984014606389e-06,1.8529418063596753e-05,0.016615169874831675,0.048378008692333344,0.011315219495216617,0.02394844944389466,0.7047958870692133
149,-775.2662248502613,824877.6599403567,713807.6406729157,130872.32473134407,59809.10261326101,56476.481780503265,54330.98215599946,27223.07901959742,16212.953098153816,4790.516699586535,3551.3307281404414,2928.4128566123127,231.8313886055316,878.2354810314276,1104.4945043879004,32404.91348516294,15530.880953082546,147.91290648041698,1388.4170112016775,8113.03811105821,1698.9438129719583,3.642137568538183e-06,8.715989454401147e-05,0.015284784933663934,0.0441985294113751,0.011766658100248609,0.020139506995799923,0.48477315167856083
150,-869.5716018198864,797178.2687516107,719133.6845861224,118872.05990407741,59048.95567847632,57014.53100312984,54201.581183869894,33773.49020939155,16681.339943180334,4306.5071956331385,3244.9716332966623,2672.7507001870404,166.6208222176065,886.3331814106173,158.96228114053298,27594.5560150384,52450.62478942651,252.12840551577276,1942.5662832000617,8768.134866063552,1504.3408790319031,5.372401220391946e-06,8.191822971727834e-06,0.013340241624484064,0.06307337863406087,0.012483486040418648,0.018073752496005506,0.6849135641253697
151,-706.1760607706897,801991.6468958246,709210.71928639,122487.98118032509,61052.57061268487,57885.57485584228,55603.43580537263,17806.99017020395,16425.847003237202,4596.777159211764,3253.233773721966,2772.8032324096607,297.6608284663948,778.2179843814038,410.36508090830176,32276.622819597847,13437.56050779062,148.23806412965314,1374.9257444585985,4562.625883129716,5053.035529130459,4.499723632993186e-06,0.00011482168119257873,0.013394044429855314,0.05996889887319938,0.01241281982116277,0.010262606224002463,0.4302917460082767
152,-884.6482253525853,779522.0019547109,694418.5846674003,118419.58899441811,60261.276942995544,55765.04701619631,52771.710392672896,28901.492193330174,17101.711162093834,4196.43838257152,3180.3088646058086,2730.8721809878757,221.55857630652756,756.8267446295595,201.2977016865364,28294.621831249966,35177.50791525538,242.6176077458068,1609.8626872010095,5751.053535201676,99999.99999999984,4.188974701642603e-06,3.442881667928871e-05,0.012084415022274596,0.06093145618171503,0.011653019747910703,0.021017430871779944,0.4954832134252192
153,-686.1630139010301,776085.5533824137,696501.4251727964,123433.15854070472,59855.7322971985,55524.59756263075,52214.204988163925,31645.325956508146,16692.57533488037,4359.118598468013,3091.598419954999,2769.0794975969006,193.08772762298344,688.148641489374,490.91344176644594,29002.27754056222,30643.716033417684,276.4018758177053,1856.799852117951,6284.781984449794,99999.99999977816,5.555790443124718e-06,3.317137692467534e-05,0.024840595494709027,0.028159209267144953,0.016573581270409886,0.01582132983121856,0.6552952492313122
154,-622.3299907273897,756789.2440182775,667919.1730481309,119567.02560865886,57485.58213553999,60094.14694590975,58593.11592141438,31486.60147444014,17020.58612580962,4129.546732165624,3342.92336640017,2915.8841969135556,90.13220454622218,668.3012876924416,231.5250512374435,30527.55938210246,16004.54319555547,115.28304136038851,1361.5972864184043,6666.215483756312,1851.0100247478595,3.917153805883304e-06,9.100582300107953e-05,0.017452748594378155,0.04679604634845599,0.009015159393830734,0.022458350502372323,0.6298734752431191
155,-798.0754020181397,788293.2448869629,708843.0706760267,118721.55725421978,58074.527219594915,59923.717277885145,56653.31272837299,32382.943898677782,16754.68882233705,4617.428334125765,3130.4214809039895,2780.0837443062173,112.16673209531427,588.5895179057118,148.30520254842034,29839.745752133196,21183.868001341714,281.5936514107687,1561.107654570189,13224.875315688938,851.6365003731167,5.822359249723551e-06,5.4401833877359364e-05,0.016467355645979825,0.04947641482939607,0.011116108873768859,0.015250505581989978,0.6847571028120497
156,-674.2097428245946,765587.6106144238,679632.6005279971,120021.54144825815,61920.816433853506,56332.50048689249,53098.60731112514,27669.535058004647,17222.217678898673,4172.481049322705,3148.965426832804,2668.2067917584163,308.38357856589084,928.9941802821597,295.3117636940524,28070.56631700287,41875.009795129605,271.40288766264706,1787.4543067005568,5468.324378938014,1949.1266852193596,4.511565997433079e-06,2.6208533897495703e-05,0.01652933764005293,0.059926942361670656,0.013975374742412484,0.022427430095166435,0.4717004439986712
157,-786.3813744353117,796828.4709500218,705426.7977057192,120988.7379253106,59714.969223957814,58990.97849966346,55476.487812432075,29287.142164723133,16173.45934723872,4663.11672454423,3403.7059145213775,2853.3457912697418,224.64797687649198,853.9233367310396,289.08524805903085,30094.884190344215,22344.667883101327,280.03070706470527,1585.6751720111442,6011.126896028439,846.4399007538976,5.149537413870463e-06,6.062202864865767e-05,0.02050035188148225,0.0401424360490402,0.011040232930388482,0.015167485726382433,0.5096310893541579
158,-520.8298575772162,784044.6972214606,684639.0074987639,120743.34075485809,61022.835377114556,55031.21588618265,51703.26398192676,31207.579389208153,16541.7793057902,4266.783195926254,3449.583560004817,2856.328661248144,293.5917754755751,674.3352340847018,262.15064419238576,28713.89168926743,31660.880541083778,282.509631482559,1527.7305558588341,8395.131127380697,984.3647940593391,4.0208533195688365e-06,3.4204823097125925e-05,0.01932223241974652,0.04937241898715362,0.010856242183682559,0.01998389579717758,0.6490977245278581
159,-752.9428673138085,785399.9642237975,703752.274910265,122190.74612721379,59927.63920186671,56954.42359662724,53456.97873814191,34456.800602571544,16943.17386497357,4247.689543859296,3114.1475357447334,2786.8279070426493,243.69983906832178,879.768715216517,316.95764335012694,29518.13414904975,35059.25327182293,293.89865638351813,1595.677763107522,10836.546051274729,1907.3933245746691,4.9705183256113685e-06,4.0292114792455137e-05,0.02106697596228857,0.04826877068013645,0.010303469700130618,0.018233046324143277,0.6675321171727954
160,-698.4715111595062,784151.8388162496,718382.0417935898,118989.74146455868,60481.26153811048,56035.21174284549,52177.735592805824,24026.221652346903,16423.877664615324,4907.122788888705,2890.5395464988005,2515.2034618371786,213.25786845251264,787.4236478577357,207.24752527403672,30122.471562349772,19955.571450792428,277.12655829004575,1543.6868990458206,6688.641308950838,1384.7090784248169,6.681718461716914e-06,6.780283753017606e-05,0.016493993785550002,0.05261520703434459,0.01544542666239349,0.010782424311241127,0.4224873850716836
161,-651.5659262085458,812434.9269601626,711393.7954716816,125586.13991238861,59430.38243409602,55899.32944553252,52564.62120708157,32344.670336162628,16408.407888475343,4636.3431180969355,3293.662222727736,2849.068399185415,153.36014143739064,726.9984863873115,693.0530351022696,29208.7011018192,33794.49203092071,278.21607787860444,1687.994086369283,7244.300816746994,1457.6792028598686,4.21678215562422e-06,3.47698367728919e-05,0.01939871908212016,0.04284743705565402,0.014371318361197654,0.011882839163413943,0.5985771340147477
162,-748.4511573391896,791699.1782046527,692924.9404739912,129405.95063903263,59903.364124298605,55523.144351811905,51729.79654258074,11702.611223428466,16224.972508008439,4705.661208271879,3079.6479814237323,2906.8957715439315,207.12025282522788,874.8154665316462,891.0553148165926,30879.085185501175,40072.27919708739,278.57100872147754,1589.9693795937246,3661.65716165605,3974.689082550992,4.753716880878408e-06,5.245798070978344e-05,0.030594348211105866,0.0240226555453614,0.014462265875446354,0.020681870575012442,0.34765162944621214
163,-720.6261591686452,780404.0527279367,703881.8472261223,121201.67612770997,60975.472857228466,56222.20877266438,52869.3333397105,36514.17823886623,16720.505054825688,4516.583386430141,2965.6601037891874,2837.5591056044095,200.31382694453356,716.9396482043792,379.4314313087572,28909.97156182984,25761.37567243195,280.2470915981452,1362.748087551925,36929.13878604608,2761.116065223582,5.159489377301892e-06,4.262046699882015e-05,0.013900886910102864,0.038536285362735005,0.012380976164211,0.01791624768398565,0.7534838266952004
164,-821.2498884093653,813087.1011727488,703252.7308969254,133969.7316971656,65139.914590685665,57614.366248751336,55007.92397477102,28403.010116963338,16298.029064522882,4203.695577933349,3568.1233695467254,3005.3551061566673,474.0603305205383,941.637348736659,963.9891621238204,31310.16665796298,19444.15232819569,210.1474571957281,1532.6980545216397,5782.41968260659,99993.1812718156,2.3171724516027136e-06,5.6910560122463584e-05,0.020583714486756555,0.04683086406003342,0.012061458407511988,0.01983922365518855,0.5165973885281703
165,-795.9620813912892,758355.544258717,615569.9433814175,131090.47007915942,61850.250728210674,58064.63895559682,56269.62747919268,31183.29855906595,17127.478783777944,5113.788929820127,3357.5733785145017,2867.7205047461434,312.15415338010655,1004.6342556759931,1306.7963840139632,28754.766762785704,58086.93658891205,181.1669120317399,1653.3856308241077,8412.638518398919,99999.9999999295,6.105751039126894e-07,3.4714326760459e-05,0.005534861950404529,0.053300147232356515,0.013680572476994404,0.017947697644747775,0.6499803303698908
166,-696.4412570498434,788345.2818564533,696005.5827885278,121609.73380008808,64538.472411037044,54619.07233039578,50513.4729855814,19191.586124886326,17042.039265960644,4562.6527983409,3081.1146277700327,2504.8112852310073,507.26749931287657,1033.2545580489125,349.04221127349746,29888.205829754825,28113.086484551168,295.38408672805485,1493.540777237648,4290.066141331459,2322.0000633480795,4.7737877688438875e-06,5.650153374148277e-05,0.017937330946177416,0.07619022043928818,0.011642281329002715,0.016235061475662713,0.39819693318095684
167,-517.7305124194639,802384.5512952249,687221.8333996304,119377.18527835383,61962.45291042963,58332.74045898249,55173.26409110312,13631.933834498743,16337.863433715609,5516.118404353137,3282.9339160171216,2750.1420865482537,347.2366887464561,995.3461098757454,198.0673358185847,30865.94513675807,19256.174541245182,223.84935313910321,1495.9924165237503,4125.414867160981,99999.9997548555,4.6671491107835514e-06,8.351493502896776e-05,0.011080325440417309,0.05572304667418178,0.009560128547459313,0.015167589136966593,0.35074965825880783
168,-662.6824529831067,792356.831916567,697030.1463004756,128145.48915876118,60374.284566386945,58018.896689846886,55947.94777382941,34563.38237159347,16476.634217351,3825.811697250538,3478.5866089422952,3018.933889070924,233.40699010331352,821.19667910561,731.6725688446804,30542.210096756637,24489.96917496108,174.11783245840107,1517.470254393482,7446.31767414783,99999.99999868302,2.8430273824530544e-06,5.956880224426885e-05,0.015372288517051727,0.04570507128431025,0.008537977096828027,0.025387849191974062,0.6959453159425656
169,-796.652894190523,789060.2085350129,714704.9257129651,119498.64619635198,61111.26039625762,56190.50928528838,53505.525328854514,34063.79805722652,16663.36146161829,4718.4445274330365,3086.6243519699465,2592.8708747914498,298.46629061635053,978.6477907488214,193.33657484834347,27126.46321070953,78391.0969572468,242.43468807971357,1889.3256078866293,17193.702575868727,1924.6590663714214,6.074874506128986e-06,2.2548160560292158e-05,0.01320123114347369,0.06110138212088193,0.009190534558368511,0.019988663109393703,0.7410112605757434
170,-763.3000270173994,780993.3124330615,659867.8281827004,130706.35717826197,66577.51841603909,57129.66282875567,55190.36773519702,10367.25940977583,16756.21955724812,3842.1995477480596,3544.824526858754,2836.539142176064,560.1285999973468,1161.5016308069148,833.0482695986844,29849.5207102296,30086.105997755043,142.2602627823228,1499.027953508169,3703.3209117886145,1743.579831143334,7.096942159524334e-07,6.548442653568382e-05,0.013557512587661068,0.06837776172784461,0.008103506961256966,0.01334299974404648,0.32726280030543026
171,-663.3374590021169,783105.9266196516,679114.0448068621,122833.84023500895,63434.627790273196,56832.0508327669,54363.14509583448,30441.97257805126,16607.706515232214,4666.084186549999,3427.00149832138,2833.03592591502,481.1534818287565,1112.2811442264945,464.5247525689538,29347.268810658756,33319.848645060134,195.14483069952948,1482.3807442679197,7246.221094861702,5563.042666948216,3.7440584050125497e-06,6.458059182551453e-05,0.008791381075991044,0.05764930068479349,0.007885663521337467,0.014454112368737459,0.6068859496996661
172,-663.125726379976,749050.0035798344,684488.9306850963,116349.10390523211,59066.09051131641,57125.583157583664,54704.83799793171,30198.585811854107,16982.999902617375,3288.6620767385334,2911.982243904041,2732.4114258561153,178.74593564175404,649.1525660252983,53.996778435131716,28776.020732146215,20431.8198296181,211.934951476824,1435.4723061710865,6767.334853970336,1098.4843613817668,4.914633527205287e-06,6.569913583986196e-05,0.019650392020552843,0.06002947302524195,0.010697157966518026,0.020238257168857725,0.6166173289656547
173,-882.8915147050855,769615.1948752366,696370.8589464203,122094.10478495384,59907.937338978976,57205.23696653195,53629.94906989962,33544.253575066075,17092.003518688274,4278.3915552388235,3127.9616175921406,2713.658804085897,190.73803497614742,684.1314826695365,364.94060943196706,29305.096782478693,24352.80928271615,300.6429733236018,1659.986558294809,10475.09924734396,891.0020505519983,5.42845603970431e-06,3.79643194124271e-05,0.0154216960616717,0.04537517303924285,0.013767098143893156,0.01621143123116345,0.6870039367919917
174,-669.8364979045496,788171.9305529584,698308.3455530988,119025.24368674062,59059.99799002036,56716.84041942647,53235.07172890569,26833.513620881968,16463.552585251873,4311.873722970211,3195.1270826406067,2762.371802469771,165.82628812873182,686.2332963330471,209.97201644875244,29140.147497360576,22068.73885727735,253.04527322730718,1419.8613819214675,6328.277576877854,99999.99998361543,4.244825132984246e-06,7.427563048480129e-05,0.010850384228815114,0.060438768194450015,0.011600997424840095,0.025733931330020852,0.5224568892170283
175,-798.1066013968014,804681.400607765,722298.3285648734,124176.47065457152,58551.23162862018,55565.2818646664,51944.854140862735,30776.044285227388,16266.748347558008,4473.260216516951,3128.827618701095,3019.2424011179705,119.61680398558477,598.4222196328119,469.9491153917252,29895.305445685754,31221.930622919546,255.7168774579788,1441.3835395962246,7046.070378693146,5073.927918927572,4.496253530544935e-06,6.319321497498241e-05,0.016097279485794314,0.02899429597556717,0.01297602467636502,0.022227609218061276,0.5682229271314677
176,-671.9252923005358,708218.9848959696,629098.6812975433,123851.5342718748,57831.982654864674,58935.02117443842,57887.04203044435,29648.845094385186,17968.048962031346,3328.6600158068904,3242.144209480606,3029.7969937410867,94.64502781809634,704.3023766625446,535.1906922561686,28008.88677677856,18918.404463231727,81.8453033992047,1643.5235582969324,6402.482098240841,99999.9998742519,2.668272150861504e-06,6.190715395001704e-05,0.017663828033950713,0.03688549655891067,0.014832025294233728,0.022018202185461033,0.5822208611869204
177,-727.930831148148,800928.0572042902,739992.9531233178,118821.04899741698,60456.64222158211,60197.38029914822,58526.16230997619,29831.929879550342,16107.400622212064,3845.993241024861,3050.313605023884,2413.6062777824677,227.73997483772337,731.2607097125873,206.78252655143092,31325.274340904463,15681.348566938896,145.07159750807273,1375.5584204101565,5625.735176330384,1097.3975312892874,6.567991379942102e-06,7.69636559830663e-05,0.010839926109707418,0.061994250841636275,0.015460353345379816,0.015111942286992782,0.6206845923206844
178,-827.5515500272887,787100.6511221293,687857.8224292608,121484.06439946509,58589.873439785646,56382.48767634685,52763.870540954624,26154.569155832498,16562.313467527896,4323.463345299965,3389.5752072685777,2901.1539103185364,137.5597422619446,727.0859267921903,304.3196019975328,30236.54687122106,28853.008943453362,246.29395072217764,1534.2021167350206,6207.495384906201,99999.99999930937,3.3879615266432885e-06,6.493704654780925e-05,0.017510954880792313,0.047077800167518405,0.010075031833281206,0.0212648086052674,0.4968727637207967
179,-704.1967222504684,762969.9241799976,659902.0803999861,120216.74913740518,59621.14632386019,55856.83979436526,52870.04362444824,13563.356450480984,17228.81697474372,4657.423124269301,3376.08976439446,2799.698260454145,200.97833565901345,809.414822404437,267.430589976283,29356.566882794123,23654.405750482194,219.28371594810662,1455.4691098514727,4199.268257737447,99999.98907963574,4.216475810951692e-06,6.986022403359295e-05,0.019476441900165908,0.05271576177023987,0.009865781275041091,0.01947453140770685,0.36901275878501283
180,-771.6614116056237,790180.8372040706,687330.9412377194,125093.00541360406,58908.58894251942,57508.424556876154,54357.74028744273,30979.118129735994,16262.682919443472,4393.197274406382,3446.1141591944966,2944.7119069601586,153.51246080467595,701.3556456626762,612.3861747911133,29572.10899629394,25017.655737175362,254.1095491098056,1617.6311366057557,6383.5275255669685,788.1016520189029,3.105583533745238e-06,5.1484802049767717e-05,0.01864735539834375,0.0490647159725677,0.010042992395498643,0.019073101540928113,0.6326631473551487
181,-867.1660335703217,787247.7269497806,690864.4017797896,120933.95163725983,59033.62426808115,57722.8235173843,53619.26531556097,21411.89988385276,16765.211180568727,4569.98922261552,2945.4340098390912,2927.757083180348,175.51803683544458,706.0764174166832,256.771752942735,30658.18920258744,20500.414141912537,270.20734839363564,1622.3616683569282,10573.273730059414,99999.99999999984,4.61843455150981e-06,7.838477798070086e-05,0.019680255783984635,0.0398259454208968,0.012241431482272769,0.017217159476741274,0.477705690183945
182,-766.7204334162359,815476.0965059056,711639.6407705279,118085.54178702559,56822.48429887834,55747.255419838366,53665.37248392962,33316.5570584052,16441.816338295586,5283.660712886332,3107.064844618518,2875.9571531134834,64.18137447344814,572.9517894408383,148.4985579690191,31077.19863116921,19066.640636449494,159.8982305780616,1291.7977235058313,13371.777897133032,901.2949965186046,3.995387507534646e-06,8.588165372414648e-05,0.008353428759982899,0.05824777508853234,0.009382219304350747,0.01947988831075402,0.6840807455940181
183,-893.4050851384126,776725.7185365208,698606.1706627771,121472.49920339537,60776.0238808439,55623.10917571557,51390.200811606315,21596.506730568333,16617.420672823926,4388.702328391463,2945.7848078023844,2638.647369352362,264.0872122488968,847.2110382854964,399.0664790701132,29101.66146454676,27820.36571503453,301.2410454481846,1705.204401968501,6646.194104206009,1707.4974001473565,5.546536581875273e-06,3.745539633100648e-05,0.015163121678580995,0.04615773081051873,0.016203490205591968,0.023163064319800815,0.36051821156047653
184,-856.9734428802069,812257.139794907,716534.6631631551,130122.89607365872,63489.07832129366,55321.26001463633,51480.838589278916,27000.848306118372,16413.82449376721,4279.322591919704,3253.879228722832,2905.485075225933,411.2790326794791,991.8722234989265,893.1536232232613,30358.32960425005,36560.67527562386,272.3250068252685,1672.5581610725676,7578.963803782772,99999.99999999984,3.265017780991906e-06,4.255213710958404e-05,0.012310728364336132,0.051101624395402216,0.01243771023883499,0.019815717829586688,0.48910623761008587
185,-780.8615461779664,774703.7478927181,688893.6127176096,120758.92726693473,59710.216790991755,58950.48689757254,55580.35244332095,32789.92038239244,16695.85026297475,4214.599429698832,3107.3765651175627,2776.8836565086904,191.9590304842684,720.0582931480458,290.7039755259079,28984.028401423795,49881.70221629259,275.971825226561,1755.6009932047414,7254.933813857471,2959.421467173716,4.832722158563912e-06,2.984866448488765e-05,0.018001137486607647,0.05027893017812452,0.012713207331398203,0.025506598409807794,0.6345211255521623
186,-751.8065853339776,778787.3316056153,698852.7770740684,120777.917687133,59452.018937154484,57445.67773305205,53296.95078625318,32330.433688158995,16723.088682165748,4282.218170405016,3123.9110856943053,2859.2941186474,194.79634095826756,774.7323413363662,277.1298047080216,28665.56513096143,25024.901185837833,303.8672228071245,1668.3993817384041,8088.544851223731,1625.0094549397093,5.1375225477079265e-06,4.6185737827422104e-05,0.014816262348448642,0.03689285749126764,0.010446000260633458,0.02357122389645813,0.6075319215097067
187,-731.4630037183047,799010.7355011096,703563.6025984396,120873.95688463068,59993.91813783887,53752.98253171592,49826.93884135954,29056.618428612215,16396.803787441357,4569.935332243176,3231.4752425698352,2775.5332310842778,190.5998941043216,826.0704732371852,255.93372282653732,30062.10991499928,20868.29468732584,259.58419043864376,1527.1435677645877,7592.7408234731,1357.8784562229564,4.836658449285834e-06,6.623955876721735e-05,0.019938601648515856,0.05850948191608359,0.009604023094616467,0.020428914368274865,0.4981400599065248
188,-587.6708019913731,810030.0114722718,717230.4240581533,121711.72279282198,60272.53815628991,58809.513075228766,55639.18316839165,32117.67107721563,16577.545148923433,4193.699166751237,3137.4066647649365,2780.3104398816954,196.67779308630836,758.3949909387313,385.3109317963734,29122.520985995267,35115.56418691253,278.49951217543196,1688.1958998880125,7736.768116631402,3154.406373317328,3.9838716815673335e-06,2.900517429851081e-05,0.014159294464195171,0.0530906903445941,0.013140521392709865,0.01972459037462426,0.677194218355511
189,-552.6871623567845,810558.9719833889,699495.5104351522,129729.43325034963,61605.00759534707,58946.83599961166,56151.40896169488,30511.085748715133,16304.439086238124,5304.073091847208,3344.1470194202207,2999.8239668964407,243.6969780930977,969.5800137803769,769.5945780462041,32755.80398868087,18604.550413022254,209.15893848235444,1392.9352148637201,6877.466126858526,99999.99999180941,3.7156960714865972e-06,8.668097823846565e-05,0.017967725720690077,0.03174814377304456,0.011803242976341319,0.01587248708977114,0.6145131325420867
190,-752.589769824687,807558.5274094654,715604.3237119532,120732.76956029538,59851.32523918436,58136.26053331898,54412.14329051559,27604.066211764235,16110.701180520724,4430.247919042153,3270.5324813362668,2892.303208389225,213.2614335929355,748.2781871279063,287.8933991078255,30282.283495388285,30055.09146914811,294.6699024893113,1490.496470148157,6028.144072068182,5597.579530933275,4.877406497297674e-06,5.129816294543115e-05,0.022177639479102656,0.04070927420963392,0.01122852511761588,0.020630403792055264,0.5196763995748067
191,-679.3976302039954,802270.867763022,711460.5953631937,118970.18673734233,59732.990393935106,54501.89382647497,51217.68874841328,32018.36202654047,16418.598917676125,4613.362745843373,3390.9439847617855,2822.2994816937694,222.7370440120006,766.4810229634446,179.03529798627642,29466.423786135598,31676.41927570889,258.7946974313405,1676.318060810069,6337.398105654141,1237.7997605168027,4.960869008030865e-06,3.7435535638980026e-05,0.016659083676427634,0.061728521927482405,0.006190435788414309,0.01944435206639674,0.6545961046961032
192,-900.3859031667671,812481.7263388457,711454.0472581882,118770.77080538395,62639.34207837461,56862.50344796125,53482.238775248974,30739.555913231943,16468.878971209746,4447.349120746103,3292.0706234799454,2880.445785018397,454.99692104683174,864.728527600988,175.2753243109981,30457.135001677976,22692.026109002316,253.99388631492667,1620.7160416489564,8616.384147671411,1590.7585000310823,3.785734485270633e-06,6.260484992629648e-05,0.01402054456373313,0.06628335146958163,0.008101295252871699,0.019803255814345888,0.6403001324935972
193,-693.7493548668109,741260.2660987827,644930.5834280519,118035.86550133205,63132.9341710582,56514.61084847247,53094.57830425949,25696.075564726987,17390.793289822097,3841.0175407519414,3321.2909657364953,2823.966279003078,421.02608975607274,997.4070688645267,124.69550654456356,28174.6534833434,27920.21040973116,241.92632504262423,1491.9696734348258,5588.24996395334,1532.7502601561393,2.8758543551819876e-06,7.177720179703834e-05,0.015289463537237816,0.057220356536372884,0.011298904741481937,0.023065321767254367,0.44950841673557906
194,-775.7870202401165,792595.0866967138,703747.0115428858,125238.55192107067,59946.487719560544,56615.59797012114,54306.892895045356,31588.221780579774,16294.415195108633,3948.7876356664074,3341.7575532039714,2869.444819203544,231.25921674982374,772.7930981216978,658.8736645355887,29087.492960111133,27919.548207868895,187.79925698535888,1506.3076390539652,10916.006155899022,1594.2471591537906,3.015665540522873e-06,4.767011073842916e-05,0.013296939630514539,0.050065545595880195,0.012822868186761417,0.01825013494427827,0.5796458370326277
195,-718.7370602708836,742539.6074444408,642408.8169229263,122662.00429954684,58441.38003046902,54595.17450595051,51614.05049298172,18067.946501408762,17117.802110552202,4550.410186167157,2911.5353622041125,2863.818535721332,114.39702764456962,607.1548597879864,372.9595792977569,29479.05165433114,25245.43547393305,198.1394102938479,1557.6046332665433,5446.870506315122,1209.8494243072437,3.07385908969653e-06,7.016633823109216e-05,0.01718538388226172,0.04791593405246459,0.010459852234527361,0.012821593566531989,0.337666147172145
196,-964.3491791231673,822850.4194447413,692162.88856638,131081.49431710737,58762.93028159475,57586.40925607724,54893.19524584657,23915.370129264917,16569.204431212514,4607.257395663871,3550.9098904754583,3088.040289071981,183.54730374961497,794.2233673621992,1058.1710387558617,30942.937770929726,22779.796063230613,195.9077092676506,1591.808256405162,7091.662374096354,99998.70728269796,1.7094677992439625e-06,6.652108941249586e-05,0.017559390740198338,0.05183985438693765,0.01095413173893549,0.024526141102423345,0.4873754744379882
197,-641.7819363983847,772492.219682371,679974.5239894212,120345.28333402699,60511.15999962568,56333.939295714015,52467.79181805502,26558.21241628203,16537.529056564435,4357.132771311014,3128.2804149260146,2813.646818712139,237.41161468956747,807.6574577201395,294.676433741842,30210.68824763038,21277.904273325636,287.5704779570197,1672.9151759629017,9745.797085761564,889.1815399089527,4.866847666827444e-06,5.3806206726714915e-05,0.02573470848505552,0.044597552615480394,0.012571474259414937,0.01647503136330661,0.5279806379352614
198,-706.9819472405131,804058.4491614546,694958.9818089774,129013.08239964227,61650.303123345,53166.108093829156,49872.726066063886,35262.91798303094,16293.739774392048,4344.257131742261,3433.106497582644,2981.6660707460587,256.078095930572,908.9667222225772,1106.8208095376744,30066.2028273834,34197.19153526263,227.5229690969461,1516.5947625598562,6208.162055288493,1384.961288390439,2.3052062739899026e-06,4.628274601010879e-05,0.016122833984937152,0.048265469389763636,0.011177420106107979,0.022001436808033497,0.5686332046295244
199,-627.1557988983252,814176.983001065,716561.2569191108,128326.25565370596,64478.35266977111,58562.10026502115,56089.36307061581,29528.121834884954,16442.5342884906,3472.6218284908873,3539.5455757667573,2725.4818483556055,530.6186388370602,1115.3181031258785,912.1886132005986,30600.15218473207,26725.75335901977,208.11064006498083,1479.2350579656502,6395.334957417939,99999.76632418923,2.365301873754689e-06,6.862917563256182e-05,0.01781505631368964,0.06897193351908178,0.014252014322773829,0.024020029183499665,0.6066530874118218
200,-736.9240558875216,810891.001416704,699587.0987540685,134539.31340189726,60584.134826509406,58557.451611301294,56099.13510119803,27653.69381669469,16444.790159130112,4730.259673941367,3486.7439197989843,3008.6089833214482,298.95604098863635,949.28452384221,1274.4985526563773,30326.233582880268,20563.163688559787,198.79393911343354,1427.5359179685845,10026.592025286804,17972.335077530257,2.4276967114995433e-06,6.561250420930844e-05,0.009522646939645956,0.040283403951103525,0.012213800077271264,0.022318071728909664,0.5259305967691581
201,-823.9907582682858,782816.4422464203,691620.3496589636,122929.36928897194,60850.371887054425,58422.57057773384,55218.6426084343,31431.144684339786,16923.624536518393,4113.486008170977,3255.4384929780413,2790.83644660913,260.4915087643372,851.8483775760843,439.40021172319274,28185.05345083062,42047.37501361714,306.496354401804,1875.0400971814709,7913.887947364666,838.3600395139259,3.572146386009014e-06,1.9914073923797543e-05,0.009079616090851532,0.05492351911336419,0.011277326433542952,0.011406169456652404,0.6566961575846887
202,-835.1064588506129,769352.3700241888,684104.5350328216,120642.74363532451,61954.059795014946,59865.76806926529,57310.11412913262,28238.834411857573,17001.861345004254,5062.201739943062,3098.552135642198,2533.264611069281,342.9475620575479,875.61935317583,275.06612622015194,30750.13535999597,16468.479593320684,181.67041752546254,1427.043029154625,6858.479331120965,4303.029111632699,6.213202347362695e-06,8.528440157289418e-05,0.01659450943951238,0.05630956631694527,0.011958543340057944,0.02694146225042374,0.587054813183833
203,-652.3324641174405,791946.4510010827,707451.3656797704,120055.91692784491,60799.489703325526,55994.77754221692,52417.10883648868,33942.500685385945,16629.858493660242,4519.119440589414,2955.228233842341,2633.6535713203107,255.78980075401927,738.7405697026255,249.72672075719203,28685.28173864375,28857.572283646048,278.8021998512946,1794.5527754262478,6030.114557967946,555.2430091159247,5.441404155925281e-06,3.957293557791176e-05,0.012862684111628211,0.0687737539093447,0.010856221829876554,0.017689887467529624,0.6942008800395376
204,-685.0669991697916,774504.1277274244,691367.541010279,121359.61946542708,59390.20220976734,57493.82656306569,53358.90468772977,20416.623963280104,16886.796300950045,4246.300108183697,3225.443300198589,2814.6650422666453,196.71436024006618,706.9824412237201,312.0519548849692,30125.391196744422,18677.990033576538,272.4242464313944,1503.3603288080192,5656.898370988918,3969.050748530966,4.987945551380054e-06,7.919640144320517e-05,0.016430924259147994,0.051191201138493195,0.009892767110219032,0.020778595959749693,0.43935641004519344
205,-769.8409223375264,757291.1796704589,676157.9053158024,119124.94611254909,60822.258847164565,54358.017770797334,50813.700655677174,31891.464791320177,17021.378631556694,4628.2359030223415,3018.2225701447264,2715.194268551102,217.17487516325318,742.4314166353016,154.4972065645302,28420.26237525356,26627.61406787897,282.1768582997367,1621.0121409051558,12159.626449231411,1053.3093665719412,5.3492889376747335e-06,3.391284215244028e-05,0.017876456144109796,0.055401875951143285,0.011078493641707906,0.018574938304796607,0.642675173195103
206,-671.4452211028338,805162.022231336,720035.7426049473,124879.41554480321,60449.99635753216,55291.39087597655,51418.3871987906,12576.148748602758,16374.768630051603,4386.333801544945,3121.002179357385,2714.0152486239494,248.08316915766432,816.8155303869654,566.6000179854362,30157.930712139387,28156.67896000306,277.4107381621856,1647.0867423445097,5387.698014191521,99999.99701116883,5.365721979430994e-06,4.777183679234428e-05,0.019295847026964227,0.04733027581890399,0.012042590119393877,0.02203788393146795,0.3461261362040417
207,-726.4871414264251,811028.5314505205,718297.2674110862,128179.07616941692,61073.80816139917,58437.408945644995,55330.53529117938,26845.88294285638,15965.05331382974,4910.418185610886,3006.6201120605506,3017.0952928819343,230.63826020790978,958.0840240186734,700.4557992208963,31353.66377798207,21573.334442887328,231.8279918936799,1384.6870636657954,7200.415546648339,2187.249640991744,5.139171491071013e-06,7.511963346749509e-05,0.031818036423703754,0.027901788591412152,0.00883181313461245,0.02814605665031088,0.4979439284946958
208,-670.8043703200906,777929.9832785992,700848.2192359959,121063.39228631696,61309.16698391424,56371.0599268581,52965.573410066405,28525.89907668365,16736.150485985134,4230.712487237189,3269.1603345346616,2736.4012070001368,309.5760278713443,936.6910013946596,316.49033613773304,28853.703495367445,36675.8829693504,261.880408038538,1772.1924774171764,6552.249527000362,1225.2499970440178,5.3672808820063495e-06,3.969146697798861e-05,0.013901298622949382,0.06283815531584477,0.007041620775187467,0.024241403924052964,0.5891521914314543
209,-723.9357312504405,772790.9548671233,690649.0777722317,120331.01598303037,59922.009893275725,54427.78807769628,50837.69194558357,35069.29100782553,17044.058674533695,4572.656880653522,3082.806839690556,2569.930859594294,183.89229342070155,820.9555012725049,241.53566089338744,28248.031867099537,26442.048078635926,287.994542121515,1688.8435696546285,11733.142633126712,858.4734135637528,5.404014145172759e-06,2.9085352792033787e-05,0.013032643760447396,0.06055264304539985,0.014461804133656934,0.017865263771717394,0.7366104516132013
210,-931.7520530732073,764785.2187039102,651376.8770826276,121487.3692940065,59275.794634042555,56478.282196433734,54785.069009984494,33257.05935945237,17073.154574920565,4263.505181336425,3456.481980985555,2894.8678783134983,232.7682766155682,866.6445772351881,293.21521856931776,28903.269809967125,23179.306355801153,138.03942198444642,1412.2852551530138,9577.217854722647,1419.6164183649612,1.9399444667144837e-06,7.405449441179748e-05,0.011346854381694303,0.0656346464573264,0.006548675716348113,0.02180386791765255,0.6355857624099973
211,-851.3620017109654,780933.534854596,701268.091856712,119443.61691455478,59696.92143787646,55062.52299757907,51152.38351720903,33297.30447373266,16896.75983171709,4386.382267436697,3235.74047906082,2847.992814984463,181.92223895037105,841.761646786617,267.91107119800586,28997.47549211455,22795.96640661579,288.11560800784315,1588.6170268802607,11366.1311853563,722.679331125025,4.981259671409988e-06,4.01301213541383e-05,0.018265079260781542,0.049691173357553235,0.010562326471031447,0.02373994536476312,0.6281377755330583
212,-721.640582994967,792618.5004841905,705570.8678938089,121407.52659267333,62162.46032327979,53851.56944445738,50072.92105920213,32652.679132406036,16662.11879976355,4492.792632534047,3076.7963625909224,3066.6322949170562,268.74471045640286,1028.2156700353135,303.2678963819309,28599.336381421206,53647.91670034914,302.02397682045626,1648.1841108539772,11047.734275427174,1145.721359677641,4.542218740998364e-06,2.9983161024739597e-05,0.01943678642244196,0.042901795117159136,0.008084802948481656,0.020502228685050857,0.578120057568946
213,-835.2837833036232,861752.9087235377,774822.3894700804,121964.02638812766,58570.05035090925,58115.61531799655,55984.24278609585,32974.21109836163,15336.230161576597,6356.842834810321,2904.1143598707627,2847.2312574356183,123.15238924783377,671.294567484355,357.23493017281504,31713.813261158874,25717.726792870704,184.16541555972555,1575.2514611615443,13127.936242993781,1748.3843959845879,6.96023754975574e-06,5.1170709387421295e-05,0.021679466091097447,0.02902615960918575,0.010889534205573438,0.021357332537473666,0.6731830015968989
214,-665.547983269864,793833.1188908095,689824.6712846865,118715.8515318648,61782.989708651396,53588.2838912952,50115.431984256145,24463.282931924736,16700.70874331609,4608.8304520207175,3410.5436172302443,2747.890400373127,317.3535123457534,873.9454547097225,154.72070935274027,28549.42992181502,37929.66550052872,268.1641154986098,1619.931151947642,5474.317190485472,1470.6694133200695,4.237037102670862e-06,4.8606331108323765e-05,0.016652188531760113,0.06680161692041707,0.009538658773905397,0.01880323774554906,0.4765702414629595
215,-792.5084007179444,785965.5876502857,724251.071385,118823.28014736235,58833.69660964953,57121.46061533338,53793.2303027123,23319.396085901313,16826.67439817645,4754.256419533623,2711.2162524744385,2741.7878438769444,160.12497387728789,972.9094603774918,158.0917602323832,30480.06990629511,26986.710771758117,240.49888334713683,1746.6354190491124,5848.2724606118645,2626.469658605427,7.61376532856488e-06,5.154246938082086e-05,0.022005777612083634,0.039873320006348974,0.009292115003367803,0.022802563430118484,0.4777982762116636
216,-812.6259910188681,805450.2167365649,710221.5095641129,120950.12916771344,60447.2121189086,56803.58714881495,54363.4925013199,31938.977548389226,16451.398425494437,3640.295600418574,3642.7370910162485,2948.4276132141176,207.36645895378723,792.4064039249754,287.02918287339384,29979.95186933702,22862.3083648803,198.2470192096291,1514.89445895645,9679.707811346638,1214.372420881598,1.8508845983085512e-06,6.330511875233482e-05,0.0064698452059507834,0.0742866205894348,0.008411232884911241,0.018318622211314944,0.6736019213305093
217,-765.3065386603137,787037.155330155,685268.4638819856,127051.98479120186,59563.796231138986,55956.462761052506,52891.92134332278,32820.55621288927,16769.277154301566,3558.1085875711465,3728.3652730531016,3101.5268709777224,182.3141229317582,806.9323290705852,771.4869900652151,30185.442160370345,17907.50631382135,218.9255037532057,1202.462958205912,6324.99998392431,1440.6917692749787,4.198623116893153e-07,8.889138653942896e-05,0.009602935793608129,0.0528952972982176,0.013393583004582339,0.020242238266403284,0.6197984684694465
218,-689.8482246787004,809073.1314118106,710061.1448059013,121795.71803059026,59666.050717731516,57506.39807361,53907.153922371035,28716.45512968093,16351.558443552422,4487.099627911688,3442.502361227653,2871.7835910087338,214.54340025984087,725.3124353668808,351.63034906067264,31526.76346841498,19019.742241953478,253.70900312466142,1390.4814749080037,7599.344239305535,99999.99999999878,4.0202228759733655e-06,8.514039569383576e-05,0.011871568748636879,0.054324354214462904,0.009589273106499631,0.020253707662639866,0.5526221773337701
219,-807.5443394777665,785734.1845294083,705575.4622078274,123406.00740100944,59460.18532547904,58397.71367962684,54614.08972623924,30869.77980970829,16589.647169394088,4472.782701709732,2913.2641750197254,2567.628016565116,192.87432962690085,734.4625407951193,380.84747427806724,31033.850193265247,18605.750188215257,279.53618948490833,1285.6267741939846,8963.566474158888,1018.960328228038,5.758701871828379e-06,8.508213236089699e-05,0.014198309926895997,0.055558396331592014,0.015455297370557695,0.018549122894328137,0.590231740625298
220,-882.0116755107415,794799.532652806,668869.7316702504,134338.6032510972,64300.61623051822,57187.333079924625,53920.70000295285,28511.6180300041,16594.87823284154,5258.07037579105,3460.329655887749,3004.221004656129,399.29032556983947,897.7170105272855,1131.1756618434608,29338.647046244263,28224.98835729651,263.282663568835,1574.773546725928,4731.264450151635,99999.99999999984,2.9645024159202125e-06,5.271686660113323e-05,0.022388894618558246,0.030948051314136527,0.015376109604666533,0.014743811707504741,0.5371540432943113
221,-780.7040293106409,799111.9254380036,697568.6085303893,118096.30405344305,60296.58366109385,59518.03698079386,56442.09610145087,31323.560589564186,16447.518061655745,4489.22095485245,3302.238387975295,2833.403737079101,237.6403641510518,722.0297014496784,147.36479600747947,29910.716456422248,21452.068555736667,258.92984709156593,1740.008480715888,15251.995168254653,1064.1711207146193,4.077327926260102e-06,4.8151243747949024e-05,0.01856433188959269,0.06228897488894102,0.011771604669071022,0.020326678121268264,0.6263804286484771
222,-792.818853834764,804133.6474117592,718630.8778334518,129343.9511701379,63876.750557196574,57324.18096781947,54444.57793842806,33870.034112199115,16361.836232599484,4033.0898891776715,3470.7566317073347,2964.032307744334,396.79429099394133,926.6846095152515,711.2448777950729,29766.814500278175,30472.31669055341,235.36706135116827,1619.641810122115,11282.677880922487,3858.6241804337938,3.920662464564542e-06,3.922012837544144e-05,0.016956785853932538,0.05140985834843103,0.007680256918004317,0.018540700950810975,0.6956572490793778
223,-693.7022671672314,806648.5680816434,718937.2191802991,120686.51359512386,60437.89735352611,58202.74807288251,55142.4384175127,30927.06858824168,15898.569544868522,4301.213524414632,3097.592241298432,2970.8031610208895,227.75757284182487,713.3642305204945,251.35856382496516,29724.605192764706,28961.08760462108,263.0825920261754,1491.010260009314,8240.090720614784,99999.99999999984,4.8768535266575195e-06,4.4108678849100114e-05,0.022441004415320032,0.04875383976306462,0.009124713985733767,0.02170233441463489,0.6513464351695407
224,-948.3877761197368,795274.7729827634,733673.3999487871,116926.89360664436,56883.25266238945,57346.058187505434,55831.66362810891,31910.62599592759,16695.80879628683,3566.4922659812964,3032.3798207277086,2602.9512911074794,72.51980741037588,758.1795737359629,83.2954233462655,30098.379905609057,18282.09513790242,126.75958477595357,1450.6663615614636,7585.323879535864,8846.202174037075,6.357467514052343e-06,7.172920707093835e-05,0.018260773643999147,0.06462226282133897,0.011146107699857181,0.017509305819646465,0.641469866880346
225,-725.9611735293748,763087.4281137033,693200.9259964217,123052.80627325973,60710.93586615194,57524.12034867878,53884.70887203566,24822.72135205753,17084.224846511064,4310.467070265598,3051.9023308807355,2875.8461371967196,234.85422885675817,991.9303685542461,410.5304978966919,28952.30529789677,35480.82418057003,274.2259664013093,1605.8040754792958,6584.88708505034,99999.99998917969,6.383194146838262e-06,5.4632461489290556e-05,0.016812594434316635,0.0365010863589703,0.009375945783528737,0.023175723966406065,0.4541800740577084
226,-613.7694079656003,791132.8523880399,693483.8817997889,126164.95151401717,60865.18788032324,59866.04344404238,56214.98471635048,22881.25687700963,16583.273463851358,4710.727983484349,3300.318362522212,2786.6457158499297,276.9766808811987,937.317318064658,600.7525093379255,30635.14864197327,18924.936280464914,268.4782949938066,1486.451193507609,4741.311637723023,1018.7185847961688,4.316921319727514e-06,7.939942412625133e-05,0.017481411843357008,0.047508107534325515,0.011902084672844518,0.02567090002927653,0.49701081359984756
227,-662.3884852742839,788837.0426029892,713692.5789477949,119367.80813143881,60962.87477532466,60882.391783328,57106.26895298289,28075.675772907198,16415.116270607836,4116.995273681312,3022.3046020560573,2728.378545278291,270.39367091086945,840.5525081462957,238.85643898318415,28899.686434475916,35008.206070967564,287.8231013440184,1772.3034506677398,6960.957942278137,99999.99999909604,5.490205857920869e-06,5.254562924220425e-05,0.015645863107022477,0.04252590260025914,0.012902702432441187,0.018937453423849462,0.5830810336411811
228,-631.08489220119,744966.0668675366,624570.530958003,125595.47299576928,58651.51387255037,58605.55470933078,57214.11779828601,25516.283752827996,17128.050814688002,5332.745693518415,3311.728451407491,3108.7966737260435,140.0337540987557,756.0292396254654,578.0571038155657,30317.453093397453,19094.822956450047,105.16591415035838,1335.94967187621,5025.4149911190725,2773.3371437463256,3.405614770419543e-06,8.697678357513577e-05,0.024555803163292138,0.030290796932702025,0.008296379885535261,0.021496652048435292,0.5508024532332458
229,-576.758473433724,785740.4410128322,684196.9604922407,127150.64054124565,58950.38715468019,54093.738511261385,50539.30333461959,28875.32345976842,16446.3787325648,5119.270013365627,3249.034255899143,2985.588252275818,145.67543006179503,767.5335879230611,683.0880321583786,29727.114284137144,30726.912128142267,261.4337207113239,1529.019938102344,7915.7936740662035,99999.85565314723,4.613108189950546e-06,5.004443192244815e-05,0.025752987718028177,0.032445144467479065,0.01002664115719895,0.016273629448282895,0.4976371645981825
230,-705.583609470294,785474.5709924086,707287.4987854507,122742.29451052651,59532.41619191464,55315.75807525265,51556.7312502201,31660.15370119386,16709.825110666432,4526.675551998204,2935.350679126178,2763.420237874445,193.16510702295952,783.713775461811,405.27948119199283,28308.752981361224,56959.72718279555,283.0069072451843,1735.1362747282649,6575.681858604623,99999.99999241711,5.406381675487799e-06,2.6669296187307094e-05,0.011984734431784615,0.03778741362544458,0.012104211535129611,0.02534023448480299,0.6020084279457737
231,-664.7957049041429,793548.1191774218,698348.9100856957,117995.1927122055,60174.09086955708,56984.901567539084,52885.18059750166,26330.06869291784,16462.323624391345,4273.115661219338,3358.144249327552,2879.0674186504725,236.63680410006936,819.9914144399364,142.4295427774294,28584.774056349088,33582.851734660515,317.16207071061865,1585.9724170794882,6040.736426256048,2326.902525399282,3.3767190924691254e-06,4.595643149446256e-05,0.008367113088220012,0.05961664484226538,0.008849350090177413,0.021595588019349788,0.4710447197923851
232,-796.0424624930063,765717.1181437338,678252.2107598827,118849.02281930418,60359.12155820592,57497.10586238605,54251.8266464633,28291.95995707965,16967.722541825773,4268.748032319016,3380.2415049852953,2797.19014439691,218.17096216968164,765.8360810571738,217.6129969990696,28375.964285218535,30213.608433892685,270.39024501777084,1493.2350640712255,6395.967531988211,1012.7243601589328,4.659941454286728e-06,4.094865667223696e-05,0.01246574864313875,0.06203835957736356,0.009042169924694692,0.02339255870639751,0.5386207835422834
233,-678.4168807085566,793898.0627430896,685427.5778172818,123862.39289956537,58089.8085769741,58005.6225041768,55358.049155205634,32734.40641799512,16569.122112378274,4349.270128745343,3514.634595627851,2962.428388064043,124.06575646424307,728.4178381642084,470.11239158230273,30120.06844412452,24518.11718170143,202.05458742458697,1681.2178401616768,10872.95132852228,953.2240374556817,3.000330129889648e-06,5.502326964637939e-05,0.016999670891244087,0.052856651832692614,0.010771772068576222,0.02592352305262923,0.6483499925449044
234,-783.7975687185439,782959.6983439269,710906.349195946,120026.06352244338,59826.96726787611,57965.70742884498,54393.03283301014,32787.654308216384,16486.659159216335,4189.448117919568,3188.946843151712,2898.6360000608042,238.2362342086668,741.1305837277826,333.628115986082,28654.197264651113,25911.952370339543,306.0826730386112,1499.5008681734107,10078.825456711238,1610.5883192282167,5.250440006916723e-06,3.906330632718167e-05,0.013080410050369235,0.0415066997033107,0.007411198079501424,0.02388137721892025,0.6415684333581667
235,-828.25465335183,768136.098664079,683869.489145618,119323.7521346129,59565.61088491136,55640.11579310443,52212.79480626867,34564.74062366092,17050.854276864375,4504.201488360021,3359.3004401050916,2617.4650726687405,206.83038626097,1027.7238452704669,278.4745056694819,27418.72583136486,48340.18378948805,271.56679546886016,1880.1083005161809,11502.179271540173,610.7543259299872,5.8552376016150025e-06,3.124230409901821e-05,0.01868601098124929,0.055888623435667945,0.01246523578209024,0.01949958034784396,0.7470676055265899
236,-897.9035304745739,800785.4565880505,724244.6310684144,122654.63003953999,59448.99815995124,58402.47078110813,54190.23853429047,26312.01451656893,16564.72093919635,4365.8142215142625,3263.3429837485132,2789.9184747731883,213.21631485081213,689.0946519535071,415.0304033080453,30938.865956356058,18466.77701665519,291.6018439511053,1410.9344260383948,6892.349441296668,99999.99999888269,5.775885426802206e-06,7.970129117548139e-05,0.01499681057697706,0.05221268693182645,0.008412654502519414,0.021532890463290582,0.47374763353970906
237,-685.2166490074457,792167.6808362753,718700.0651872961,121347.71810320606,59991.41309441023,57352.165125762825,53649.78032163126,25622.264135314348,16826.635825283396,4327.390582351831,2993.26358765297,2646.833626554512,206.02339328326192,929.64103333447,359.3939294913934,29652.776811301035,37080.483338474725,301.9578338930276,1666.037264787066,5802.107616995136,2707.954404421878,5.682261501987674e-06,4.3622173086100916e-05,0.01970193885675559,0.047398265926664254,0.014123198110959042,0.017637233427805345,0.5048699343230528
238,-865.3573147241307,811613.7515551627,719260.5660051417,129606.4912034379,60688.73966010688,60032.160437845,57654.46936520568,34356.55005819549,15916.93832746646,4221.560453508101,3230.7555092427915,3107.140713934983,231.17970951179598,713.8735690078032,704.3325211725337,29679.54954751603,32585.677933945375,229.6969113196249,1627.1542691345292,11615.275531588655,99999.99999755788,3.0782286060011823e-06,3.5361974855508617e-05,0.01739996076138969,0.03407484261699932,0.008556709544831818,0.01750540268369411,0.7075352067552179
239,-694.7279691349943,771588.3496799414,698343.1736946158,119589.49772232612,57967.55101205156,56773.70886373924,51968.46154569568,27141.240898390362,17191.52110983902,4500.2925898451285,2962.2806758088595,2519.9857302721543,102.77009370336401,782.3691273554354,193.59043079852208,29007.453831533978,20687.670453087612,331.5343478549822,1678.9034901098403,7745.315717384196,894.4017151351751,6.437204775533238e-06,5.247771278060385e-05,0.014783538831468665,0.05580163716563478,0.01596586744653288,0.027705323738966874,0.5113610353140776
240,-833.1563045119001,861357.1302524987,660301.2714043168,121632.73374415345,58080.730328811755,55441.3493579097,54500.01327354889,33112.08216671415,15656.71982153368,8539.377596324424,3258.645113198923,2782.0090119727956,123.97901251616139,695.2201530045755,447.0131286997099,31494.7576174723,21810.633046503597,74.6076162106711,1615.028452331332,10799.127166591281,99999.1744077657,3.90536112013719e-06,6.506817150747387e-05,0.016067546685665145,0.06107785977263865,0.012334308122157647,0.025890574547606345,0.6818462568808293
241,-812.2160951399422,800483.0027665275,711504.2985683216,119388.3040744529,60393.26907818133,58572.4325801558,54946.12686446259,29467.81372265491,16340.439346679066,4440.487096861585,3226.5974240567366,2986.222806604189,237.33846600491495,800.7669089263641,207.58003832545126,31773.966944858934,19095.318726415717,275.37301664757337,1507.2868914893577,7250.960096203206,2282.9897619336507,4.841212944737906e-06,6.630778392341787e-05,0.02074430769543926,0.04158243249354984,0.007842502520355078,0.017259354848315644,0.5205564889107477
242,-722.28147136091,783085.3663088299,678735.2753020341,119823.3678694206,57759.446629506776,55723.17779300874,52738.57715394236,16473.267709136,17039.75433127629,4450.683665786053,3478.4561807674067,2934.2134437385216,134.94907571810788,633.1982691487065,263.5827767596926,29509.05070269671,28290.080781860317,223.52799478097185,1515.010778478489,4508.364813857384,99999.99999999984,2.8450244531494818e-06,6.404821303983127e-05,0.00864064517628786,0.05814401069710508,0.009660901627126925,0.020018259362230978,0.4226740258991593
243,-657.6894454959913,784892.9333506151,701532.5766998036,120870.24419432165,60135.97976242313,55923.58106719132,52161.45324317233,26346.153067117386,16523.059606627463,4243.972453489035,3230.0125721273857,2786.6970760809686,236.75312926503227,652.9592728326261,312.15756382150806,29237.842066141366,28608.496781219583,287.76346488903215,1623.2847303833144,5699.294709323111,881.6395893658229,5.308218381672057e-06,4.0700594707087293e-05,0.02208409046130881,0.04850200968963695,0.011486219746542401,0.01678937148132805,0.4434036357968915
244,-643.0454972384551,719903.1553614339,610818.8568629547,138109.87513059605,69650.1381973564,55556.337278078216,53394.60635243386,31418.117738683657,17702.13721611837,4802.594157057485,3287.767044359608,2803.9213587444483,686.8473763067728,1514.853295097032,1507.8274303638054,26807.789324181245,24125.002989458528,170.6139572975184,1496.9084869381916,7902.403773785241,99999.99999988616,2.0488002523918894e-06,6.155422155251178e-05,0.014239251630705652,0.03585140409630568,0.011533599391900556,0.022028704583800962,0.6298989286843122
245,-734.1852207806488,776744.6885446877,682137.766226618,118302.65648464554,60176.12461527099,58643.76296484428,54578.99263157136,22239.484361606188,16557.680601268934,4320.456662627157,3085.2707052294895,2749.6986820696743,205.27491230843037,910.7280191332198,151.1264572494247,29155.160110124456,22541.083505087394,298.1354726661008,1568.7217546308746,4632.704580867937,3176.0100154913366,3.918937487793355e-06,6.951117142537602e-05,0.01196940912818906,0.059638555693751205,0.012844135327026137,0.020047302169654464,0.4258858105355461
246,-632.0069841617908,794297.1826356854,718201.4857052754,121070.24872408043,58925.47635073982,58693.956251743366,56130.02470013887,22662.86648464006,16765.014290019597,4742.428064603042,3025.1409444594156,2718.098297387146,177.11400116111272,844.9172130245189,265.4550996702888,29149.929198371436,21148.509085386064,195.63727818709467,1732.604744470067,4899.757599724658,4698.19915033699,6.0283353628059515e-06,5.930822472081375e-05,0.012739382844910035,0.05197335132099168,0.00976022258308555,0.028414062820821415,0.49634806118969044
247,-568.8810293513995,797401.3164507792,693325.8866202241,126945.89350927189,60147.44336701034,56452.8180451356,53690.13493609967,30423.006378334507,16112.73017764963,3992.7632348125694,3460.7402039806598,3032.5412240589885,206.40989575485852,762.9564450278212,647.8264434192232,30128.712357420965,24049.05000575831,214.3835725993942,1443.8352643131225,7801.6360194275685,2256.9369435261324,2.1532208538127863e-06,6.673329928888069e-05,0.013336329001114906,0.04467280316266991,0.007878421104435615,0.019586203333773193,0.6349467650423706
248,-721.787199989561,775056.7066858707,707508.8219093592,122744.39755756821,59331.37508684963,55685.352784185445,51931.731234044484,16897.119299580576,16603.54257879494,4874.329244637313,2890.957305216085,2602.238670423249,162.33533602699242,821.4918552169038,367.58182950214876,28754.957577967565,34383.03666920297,264.61776816907513,1637.9747337210104,6327.876803525319,3571.2782601337494,6.845126365583365e-06,4.870048236573362e-05,0.015587238463214585,0.04396799332803925,0.01161901118335096,0.016353355253371414,0.3404824245384454
249,-794.072374113105,776366.5690490102,703716.8981517255,132091.48487676808,57562.93045564765,55146.139671179546,53046.59835257593,32642.64425382211,16678.686880427194,3668.5773796976314,3293.1294289333714,3021.9205427756033,97.61266066463601,680.4363278209371,918.8982349183992,31773.3012331192,13843.23873136755,139.87925720716075,1383.7729802918975,11745.838657754059,11906.517239518123,4.106515979536932e-06,8.240274874889923e-05,0.01835285798330434,0.03199049754004967,0.011371688615973145,0.020791208710125412,0.5885302295413245
250,-780.3702899797416,786034.1188264429,682488.5150416889,125565.65905283131,57282.32480343851,58656.54135853363,56578.06059553106,30948.148579389,16697.064526663744,4894.973382573426,3511.0073569495344,2949.7301143757354,93.017269624704,659.4325090366406,530.9968701154511,28724.575595349117,20431.600042012404,199.5392797805847,1624.6099185618812,8533.660572825995,909.1091437051813,3.860318622034491e-06,4.326826393874778e-05,0.018595437032829724,0.04894842731247302,0.011669188653066553,0.020367821099309808,0.6574904071538554
251,-834.3084077127633,799957.5412287867,701950.6258771927,124479.21265978439,60189.47925207889,56240.11265103853,53077.38475415807,32679.65865093886,16525.626483369793,4388.024451070997,3241.9815309636087,2912.258352335702,212.34467967509468,905.0724671924067,528.2830324344893,29170.276149212386,33072.70639979742,259.38724694934643,1725.7981838831122,9172.736581937266,3259.106267860326,3.485081593393313e-06,3.2382188854521095e-05,0.015203064544959129,0.04492170916771023,0.013878425418166416,0.01737410764215453,0.6836483301001269
252,-783.3469591316389,788175.4531819269,701444.5384350653,118852.22456445039,62347.81027308837,55578.54773657637,52643.588741904925,34454.965988543314,16582.159472691914,4276.69870604872,2970.228366238061,2792.4783771582893,335.65375424886827,957.867635931967,204.249934550208,28051.76265556261,41393.58167640689,258.3049000924446,1699.638988131288,10601.97041749075,693.7016199679352,4.422242579043867e-06,2.5461255118327274e-05,0.01452122320976986,0.05933200317221492,0.01146872197477218,0.01739949782999629,0.7159865742905723
253,-703.7063165674633,797183.4414369062,690311.1709683514,122136.82927142367,60488.34639725834,53991.03282430328,50343.462200882794,30752.969348166695,16729.86949941458,4632.059874449416,3333.401662572648,2917.838286876749,201.14251255081447,861.2390431570271,397.2714321445487,29316.75531064688,39209.91017789398,259.88653575181485,1439.7048157544748,5301.200840814329,6489.780534801119,3.539146641995339e-06,4.262414672748356e-05,0.01105800613080687,0.05428471045872338,0.012116168977045537,0.020421688367249394,0.5179522533966189
254,-691.4431999080657,787166.7396527674,701991.76058642,119226.98484976361,61873.717191322496,56776.09265314558,53859.24755436142,27950.570356801083,16801.126504879823,4141.157510106338,3327.973033468009,2743.055896337675,362.56427686400417,960.252205353461,198.11665282254168,28380.037985077317,31670.63731215469,252.02834090804285,1717.303512756834,6878.708762704304,1442.2924367772648,4.762420781504106e-06,4.124273247569243e-05,0.01573171240472847,0.05946586688990016,0.009716971242985064,0.017779925182771213,0.5704021135867123
255,-575.895664865136,787418.6948282178,675864.4794080559,117736.17233074603,58077.90908536641,53702.73339930836,50709.69607717162,29500.687873679897,16465.507701417635,4521.745510282506,3371.4258088418374,2857.3312666295064,108.18852021245117,718.0972538942171,113.73713429802041,29558.42128820665,28270.36239680502,215.67351914060697,1551.8067021342792,7734.018689403643,2580.3708560622395,3.413297557980367e-06,6.021763236003301e-05,0.023558382325111298,0.06963191634271584,0.010840344830590936,0.01889852227235821,0.5647336129894296
256,-787.1211046727027,808135.0220875336,722106.4167957334,120201.88417367294,60354.52606623321,60618.606457656075,57280.68229457891,32638.457448343932,16535.486120375444,4207.530778700357,3258.8076868302346,2612.258666051253,247.85010200096136,780.5574586757068,254.2687206601016,31114.837883133412,17448.514308550748,291.32378295625017,1419.9363225832892,6048.6767818517155,1933.7756747213823,4.8501939025331215e-06,8.63857683762874e-05,0.01109997682606644,0.062229339414415406,0.012246492796100296,0.01776549468509306,0.7182702296856385
257,-749.8187408865763,782874.6662706048,700821.276036568,121529.60506328144,59767.76909235518,56495.265773536565,52723.40317161414,28986.35795730238,16526.952701757,4332.9926088386055,3068.58149534512,2855.3788367657453,215.0346220919939,737.15979627255,288.391145412176,29092.02922275346,30657.691296927936,277.5403030273405,1536.8926747936362,10075.510094659172,99999.99999742537,4.923220136147942e-06,5.988425921527056e-05,0.018116185125881406,0.04130215902810908,0.009999992580262114,0.02286735045197318,0.504819059367049
258,-791.4355333830272,811950.8870010931,711895.5942523694,121842.18636401021,58897.86208081574,58106.92118795448,54819.911112181915,17837.782085452214,16385.638208904344,4846.1485576888645,3212.1079921310948,2852.2274220834242,137.8129298364199,738.0680792842253,303.9862521326323,32140.31164660018,14701.289680493948,227.83549739942532,1327.455867913899,4404.838560519667,99983.74914190722,4.20898773955573e-06,9.852894487753364e-05,0.01977896108731158,0.046600543150879865,0.013171583193882074,0.02118848092149243,0.3680543014377611
259,-737.9458852841469,785066.8603288332,701705.4913209691,119854.09613942487,59883.225558087965,57462.92321596906,53972.81822442243,28958.4048864321,16299.067144181334,4251.714360872062,3164.2576569545517,3006.015559983223,245.79827058993087,773.135410171075,245.10182977252134,29681.858783990014,24740.650970105773,285.00091273096604,1549.6061591615562,6879.018467296604,970.1209221012783,4.665695296813425e-06,5.3330927459731545e-05,0.02292498564102966,0.037383339425049414,0.008672266842815926,0.016419058989358797,0.5950631423563784
260,-716.8354018093441,773134.4299278281,731639.0970597937,117381.78518755324,59260.31947595265,59395.15044543692,57890.32639221623,32900.143247604654,16851.088468235896,2845.2876755283532,2929.199993882466,2831.0073844367184,176.6199122813036,692.0026024680377,95.15629415507665,28168.182447653016,30384.654708869894,126.76869150809176,1698.4267746588177,12476.45456070209,99999.99999768827,6.527362407181641e-06,4.5284885655049274e-05,0.01362554402060592,0.0479099305096244,0.007167396685151499,0.02269606831261459,0.7257655258422984
261,-736.3330195226149,772388.096780464,704675.4532761888,124030.47683008244,59525.98007425987,56605.71794459034,53661.02233004043,32182.599007740402,16701.492637722713,4577.2942657843405,2796.503220255157,2697.030247272279,169.49462416544145,816.7322311311916,438.81534615602607,28262.196235643234,55458.51163751665,261.1647907781493,1716.8511845612045,7921.140955966524,523.3705519838767,6.572991371408989e-06,2.852186639510457e-05,0.018409790256677525,0.0349791796496885,0.011913556345990005,0.021069605716045568,0.6775583924876821
262,-725.2874806571814,778681.9195960951,695428.3244196296,119908.04641067091,58107.54487738341,56907.143828820386,51628.07317322996,12947.073293477259,16886.99086186975,4301.440841295197,3148.2850144351705,2868.9516637586635,121.45033126319184,698.0630522950736,215.38736415161128,30038.747684764276,21246.80010912099,360.85359425229143,1556.5779724169754,6487.014385130526,99999.99999958542,4.53578285591684e-06,5.288528880974306e-05,0.01284531481597768,0.043857263472189864,0.010425005723521766,0.022644563892711737,0.285476759959949
263,-846.1093769115838,792381.015762729,691937.9660447404,124878.04854293629,62873.49219085703,58284.39885797609,55789.04533259985,31058.493866775636,16472.70927786506,6675.956674056548,2727.9609103266503,2561.3584705398234,362.7307750446562,1073.721862523466,397.8442776204067,30741.983620163646,24724.62090826856,186.47073374206366,1524.732922474893,8098.516467649765,1081.8922781793558,7.050990706448851e-06,7.202577010020004e-05,0.01835493132366926,0.042495111195724994,0.01438713854079493,0.023754966257249363,0.6489158372046467
264,-782.0431307510532,766603.898899061,702023.146461792,123812.688917941,62722.52002869267,58081.91179053173,55262.154388493014,28766.04461461189,16750.06661362929,4703.9842217767755,2844.7526365539784,2525.0481472877595,320.35317273904224,845.0466320032695,370.8709793693402,29648.770054348377,26647.930042961623,231.13387525693216,1677.6460328584228,6554.189632825554,99999.99999977478,7.272062811902216e-06,4.712666990643163e-05,0.026539112357897195,0.03774932874561879,0.01594491161754647,0.01720172634637029,0.5649317010404215
265,-795.1920368299739,811131.88415636,723342.7275948428,127573.72875994704,60389.11281555239,55813.441336908334,52805.79933388461,29771.288107533892,16252.514406840412,4078.173247237461,3281.0256805581516,2859.130753677035,194.65034797941115,841.8516517315077,830.8312684735819,29909.80962929485,31289.053248055,254.15879184748073,1629.5494546298996,6314.547272828692,99999.99059750905,4.187014301916367e-06,4.1198600460887705e-05,0.018384141691887918,0.03885406615971501,0.017041160620557872,0.01721302103434135,0.5963103394032072
266,-715.3019470862057,759920.2035521809,672193.4009723373,138440.41568763208,63563.16216965259,54826.808962544856,49490.94809801541,20940.48163047335,17440.41205593742,3104.2920509145633,3785.2637585826637,3013.103598072671,357.8594576319827,1179.356705424815,1585.9158233125522,26609.57210998275,110561.57475623774,424.96240600066375,1794.8396997464745,4846.076954718077,1320.0369821820018,4.4146157783280696e-07,6.736116903906347e-06,0.012693945770517016,0.04900450539003165,0.011672778768956445,0.017803206567794844,0.38764197581813525
267,-822.5967275605692,826698.6818348807,700133.3045342827,137250.9042266112,58445.97855956063,55769.68073338518,53359.955388906725,29462.81349836696,15869.117402931757,4399.003289101995,3519.146210771527,3045.997363826042,180.05280008205267,770.5871096510256,1231.1337066978124,29821.0098136536,23765.78319379374,191.0183791339571,1719.3480572610176,5707.881321039603,3926.2927490122534,1.5523784210162405e-06,4.844366860840472e-05,0.021237477650673853,0.04396612062808643,0.012105818922532761,0.01782366270837625,0.5418732951260924
268,-666.8046526617036,784613.7001660224,708799.0739816771,122522.9884174835,59804.4798649359,54588.682319328684,50642.18689635302,31359.089248731445,16347.841565460476,4224.404805169891,3088.2580887700533,2655.96460323456,190.18118782200605,953.5825927360981,407.06391974131265,29055.7149253204,19179.116002066487,290.54277191217597,1619.7098788935532,12021.90016785521,468.3952495979618,5.7370851049104595e-06,4.8135352188997874e-05,0.0207005146216099,0.05240682963086668,0.013883712718718834,0.018261480461720263,0.5582440275363958
269,-907.5907745395963,778058.89266986,675028.8839799218,127320.83740112731,58474.72330501424,57652.38882626203,54579.55017943595,16759.583895279313,16950.069818973247,4574.49866648435,2974.1475740764695,2930.253370436572,176.85248055992113,627.5798173730261,607.6285237970418,30566.20869271625,17658.24937518645,207.59261801126843,1489.9000107525258,5522.141372117703,99999.99999779041,3.4955317496935443e-06,8.765644291171574e-05,0.01838080699724551,0.04210427185729899,0.012394278010841524,0.01763855341172375,0.376955558733482
270,-797.3653028828373,781518.9879121577,699244.0031979241,122781.28318042746,59940.949368821246,57802.30552016161,54202.585511692756,33340.03934875673,16960.512003692962,4550.218277331554,3074.9575843487423,2609.586788865892,196.63679436182227,709.4529441683912,428.6041868596278,28378.725106654852,29521.882479828397,318.59484233271723,1685.7501720614655,10539.816186844622,903.3706753000873,5.200441345443942e-06,3.994346814816998e-05,0.015787037292176884,0.05277893976288288,0.013876374211078304,0.015416115270569025,0.7439303050820179
271,-1025.606713307407,749385.6313835753,694453.0787011018,119756.75218474015,63698.62362126723,55688.393635675544,51096.781880194045,31951.884898370972,17428.27703871671,2600.0705430818484,3287.5739576167844,2527.789515075293,445.8885886167901,965.0495128799752,256.24042437097484,27335.13074789855,39780.7755184167,359.43006384973825,1551.0545640641349,6800.427132970342,685.3571695030575,4.585155457096755e-06,4.2600772497417954e-05,0.008014390726287221,0.07333382818152272,0.01330453135167352,0.018348681001490036,0.5554405043795632
272,-645.681001363629,784034.5781875016,710206.7256881831,119803.01139727957,61825.21215428138,57360.28620048743,54123.72638845437,32561.920947898634,16295.768694534778,4076.8486312885243,2964.4731970114653,2840.270048236201,286.56789898916713,903.8201417037425,198.02261580782863,29351.489156554133,27924.42386581584,243.9574674774355,1733.557676425323,9036.934304834373,2538.261347575879,5.965436765581132e-06,3.846738576777848e-05,0.026172548860638436,0.03097397548714325,0.011352807971455749,0.018791180838964264,0.5697399250391953
273,-722.9947864019609,775009.4710423808,686230.5675824226,125013.29989832573,59864.03580452832,53655.440502315716,49462.07508310224,10348.721474049247,16464.32447448105,4495.916634238606,3271.004963088698,2825.6431868644613,195.0999436741927,729.8869637431598,591.4594010858356,29247.84058204304,54068.872020974144,318.1525276341795,1647.1201420667935,4450.661761191381,6302.718352294828,4.558179337979035e-06,3.4045992631860053e-05,0.01939888973031556,0.04074355506385829,0.01136077473303275,0.017647215015148092,0.28493973971838066
274,-779.6896119121013,787285.2262875034,719326.3381625758,120134.43841216431,60465.43035442133,54884.45071974346,53937.293801072105,34090.11583896681,16507.512890902344,4308.753311446826,3205.351918432615,2661.681353881528,220.3922588330231,863.1604214505846,234.8066890964942,28103.254360942254,35044.39576530058,78.33305711279617,1499.2093803196844,7785.791934016537,722.9825456500729,6.749667814012731e-06,4.7155887224245974e-05,0.011989038309488708,0.05687984903459927,0.009589327822616367,0.0194413194055041,0.6443575583807917
275,-826.3854435643589,784003.7445875348,630272.9721360219,128154.70161689432,58957.54588247018,55161.342549502624,53060.78345754646,28894.801656382402,16521.909600003266,6946.878287840028,3274.9330216982385,2851.777675323016,169.2965418584659,621.6635678592983,830.4719460764848,30650.39292740113,20073.622159392293,157.384087183359,1476.21799017713,6570.320062598041,2320.380822095375,3.033886161248564e-06,7.824269632519763e-05,0.013301662560341017,0.0462620937700692,0.013895957315226914,0.014347163618758568,0.5864805652876893
276,-673.676142862123,767234.6799670401,698971.030058026,122879.04576656607,60039.60970316597,58628.585876328456,54790.832965581925,28415.841555317736,16891.983048680304,4534.175014440107,3004.1488915582026,2670.1785226922393,185.4761061097697,779.8871937796149,379.41951034465643,29183.842921222018,31919.6218072215,306.79329224495115,1566.45291496118,5706.404949483159,754.624449632159,6.140087268488162e-06,5.760831732706716e-05,0.013131514688959154,0.04467187495957799,0.008924505264938125,0.019832475409192966,0.5688648663382684
277,-767.0176874225085,789735.5563981177,707223.3268008846,122543.06774719527,60168.84902468689,55851.995302983196,51939.016955089945,29102.887569814004,16600.889409773736,4596.6072619521265,3138.7984744681853,2847.136652833023,188.90613144512199,819.5369277570479,304.32965543880215,29345.160171267144,28914.460023175543,300.200705988524,1695.2729776665124,5888.577234452044,99999.99989326602,5.571401518688164e-06,4.0662329681804105e-05,0.019977994803648574,0.041818609352203794,0.011752487379651226,0.016239992434322687,0.46859997036047396
278,-713.2980427750098,779182.10996487,675465.7135442984,129592.98058695078,58830.42232219335,54595.21549827694,51460.710261316846,25741.187332775124,16777.14894494324,4150.5758240831055,3406.761382109437,2839.966133941275,158.84330917833276,797.169959264582,976.5930968124354,29631.03674373257,28622.649781274133,236.4697315363165,1461.4673607580764,6662.270274933179,3710.913046129806,2.9713172634723207e-06,6.364276844923034e-05,0.01918932061381068,0.045271160219864305,0.01641065600017224,0.019946684097599844,0.49151245517559833
279,-723.8983957416444,782352.2843637192,705132.1544852805,117731.83702467334,58927.50949951964,57111.9849866522,53732.219005558756,29713.20365101444,16978.735697729193,4693.96423477219,3127.1613305037986,2621.80174242029,168.51077829420225,766.2544185799919,160.23198598344132,28862.756650069372,27975.43817466301,249.476755968009,1468.3858887715649,10671.762029538748,2673.4729717496352,5.984632495933431e-06,6.595289664264699e-05,0.006749329422950995,0.06370426468558898,0.010005762967873474,0.02064536398113007,0.6059244863738357
280,-735.8070534422974,809064.5964511337,689670.8915020095,129564.78771686606,59300.224057498934,57682.122112347526,52962.63320530032,18108.01069751041,16281.89113310517,4809.601041260937,3252.0529410063627,2906.362912397284,174.21023590344927,658.1467935308242,775.3274912183166,30032.72252835301,23502.868132063177,339.4186613886918,1675.6491696775365,5698.133886325652,3280.9358767847743,3.782661523800944e-06,6.110030501277146e-05,0.03097508512303337,0.03906905930864629,0.014435202909946146,0.023325353763419168,0.3537339769311802
281,-892.091125015465,786545.5747745327,713275.3370330547,121925.19698366374,59740.80733638486,55557.14007801759,52167.84554369963,33902.913871607,16780.951295424155,4594.583298172602,2996.5378814061855,2602.9294586183773,193.38256584565505,877.3438920575561,376.77793693402043,28865.601496809257,22025.147720510635,280.1712571562912,1727.635846677212,9964.218147542828,5876.025688198842,5.744391729875611e-06,3.17741181380887e-05,0.014585985680393888,0.059351603282463125,0.013185277884713804,0.018451502799829968,0.656941392930283
282,-836.7888559367393,810325.2810153019,741899.5650317529,120501.82013616964,61110.89833063753,60160.55349885406,57121.44175243315,34497.68513946226,15896.4817560333,3958.7035821697423,3065.890062471888,2753.1946341828825,257.38651011947474,851.2804856050742,239.4857682471565,29948.21902967061,22770.90898122485,270.4730212389921,1655.4395377988733,6138.357040198846,794.6023740473829,5.761877548209421e-06,5.5639237883013825e-05,0.025584542827816307,0.04417827646478488,0.012363386868446402,0.014829299394153166,0.6988572021983702
283,-753.9903559404913,805344.9209608418,684270.589915964,136212.07251822716,63180.89500015422,54725.39803668508,51416.11005783543,29142.944545116476,16758.50525036002,5169.16938387465,3249.709675714794,2914.3594456876253,324.47423956535965,959.355506130518,1412.8762357235894,29796.70039454653,35987.13340528704,257.96287865494577,1600.983545968528,6137.192580784986,952.1408221134989,2.0953703540884867e-06,4.341080187358292e-05,0.013703880613322552,0.043518804441316485,0.015795361802911224,0.021899098703233307,0.511550929147944
284,-716.3191728971184,787679.1608699561,646748.9686299888,126093.2830327384,60503.57039152208,58151.72625570871,55531.69506332005,13259.726740866745,16659.509332640137,4843.7455998129,3769.3202552540115,3072.078373744285,271.04594215169385,1039.5405725657322,766.6544388380041,30405.85616242633,25909.965160203617,200.6791972193525,1605.2973077403303,3235.47649958358,1185.1296785786133,1.262876298822897e-06,8.018144467643381e-05,0.024575829738777023,0.0594188103594558,0.00852848063386876,0.011878689379597452,0.37437786278320473
285,-628.4616292530188,799939.2283315419,698912.4583238875,116550.45254238773,59238.526655322195,54687.942655126426,52156.1166109446,26945.030451944956,16210.23249894008,4946.068327637209,3066.0545098474972,2696.3871167979723,158.978649828613,613.263389708571,60.92996773745827,29219.402027200907,20021.072489586415,197.463049511126,1506.1022316444282,8639.192794698678,8629.822817531498,4.709969371062138e-06,6.641400057964068e-05,0.01730945589332389,0.06311634667236804,0.011567231113617443,0.0216574327490245,0.5685107668158447
286,-652.33259428859,798419.3474484218,703402.7399061297,119152.82783697984,60727.00162175317,57686.38633792809,54869.25971033213,31537.29705944248,16313.422535197338,4398.737828717333,3349.8428659348165,2899.0698870148562,196.00055475774042,877.0642472139027,216.3997736249043,29519.742618788416,23823.690060097917,281.04481839012675,1456.2253874392227,5620.575698204819,99999.99999999878,4.149657964623033e-06,5.130041790755442e-05,0.019016487515325833,0.04757057919391849,0.008960334920578768,0.010140453066592375,0.6352837375058151
287,-654.2608264291928,768923.5193894714,692380.8832593631,123788.19175529662,59491.26026113581,54678.96385912411,51045.33758343253,32442.69773396758,16796.69318151814,4282.273260872247,3022.7266888501913,2705.014829544797,165.18045184659752,779.6740465606695,478.5786682286326,27962.360550727703,40223.42791095148,290.47812838063055,1627.1301391898378,13526.503898332368,1725.12483262458,5.445884902868892e-06,3.2968231295103384e-05,0.013376377766650847,0.04376612915828025,0.013407332065651614,0.020193665730121903,0.6267640131074192
288,-665.8437587715845,801173.3049219337,643712.0439571864,135977.41640697178,60655.42220848883,58932.19299404441,58199.39648791688,33064.69208958179,16454.240145507727,5933.240554391195,3494.054390780118,3083.4667387509385,223.3727095332296,944.283758338819,1474.339335816251,31618.941481982303,17363.77044931613,66.71975281302814,1319.6778892588934,9953.379233410913,3340.0779498850234,1.1057596799971177e-06,8.496906733773632e-05,0.01372553361665544,0.03974151289940458,0.012278881570143228,0.02392719859825059,0.7353908873589187
289,-753.852216601529,803418.1412473621,712211.2758587637,126322.1223646823,60533.780675461356,58111.64275157405,55442.67150759401,33007.34182400883,16665.32509062752,4119.143631430884,3296.9454370373014,2877.249349362655,264.68831698972866,847.7157750412421,594.8962443766522,29962.175293688044,34955.36976356636,251.09783253469678,1499.7817247588537,9299.196571628694,1922.8197698289264,3.723444399175452e-06,4.3906396693824236e-05,0.015678323589410285,0.04991729679435336,0.010857821308244751,0.018380750106611297,0.6660657019325016
290,-554.352053694935,789607.8920035551,678998.5454815543,121163.50009061361,59542.66702812997,54327.020469290284,51542.33409222685,15869.259072186142,16214.087239058586,4813.294363438181,3153.9961623311565,2740.6914734570937,191.35795437245056,718.2229292614868,335.0155897674392,31245.589888722836,16418.984078841397,200.1293742558129,1616.0339482077636,3799.4445460043607,99999.99999913688,4.326479683226062e-06,6.807764790656177e-05,0.027822404891707675,0.04248208969347012,0.0161023196052734,0.013706970630293415,0.3322328205157927
291,-677.7287539355532,801699.1733342734,713217.2750779695,117612.56342917422,60763.04361691116,56469.2015325882,52468.533308148166,26557.524634121626,16539.542300213052,4029.281796006008,3334.707608712398,2859.9114565211703,269.9979723398494,757.3693132763445,98.80988791346435,29199.331705287954,31283.503426195588,295.54122982732036,1672.4362922916107,5964.169244527218,735.9959464280843,4.67889978716034e-06,4.390704086480106e-05,0.019621258927418603,0.06223343932016594,0.0058461413027753074,0.01982281147796642,0.46384659186219646
292,-633.987684875616,789362.6882548012,705078.6574834164,122101.78326400302,59908.54984336369,56971.34425376416,54702.37969884026,27938.679521784477,16688.76546248731,4019.6034901773423,3227.4493868878503,2842.074286893777,226.25129678127664,848.8550330331811,353.8571132837207,29581.28823127324,20538.56933526544,169.66694561778527,1382.712640174849,5888.999758023803,1986.1462968266667,4.300102872161426e-06,8.483649070477724e-05,0.014262451654645276,0.0544337112819377,0.010527659638485256,0.029113095197156463,0.5253886956060737
293,-766.5251049166725,789656.7881384437,692553.1537298475,126693.69923604169,60820.58632599976,56252.84554528505,53974.32571460931,32108.552184451684,16755.120617588156,4681.799548389483,3250.1139631027554,3005.7210777598684,225.4448368791551,788.896704860678,759.2117322659806,31003.875413708418,16700.02408964068,169.11731935035456,1355.1190947678888,7140.835450264394,519.2199387804019,4.4605609632466755e-06,7.137214201060685e-05,0.021302963583536,0.03689127348731232,0.010746291826450784,0.02013028972134061,0.6314925343993228
294,-720.2117231448226,758401.7744496558,693412.6577529723,116934.56223654858,61248.5701134787,57801.87452904676,52827.074890578435,29894.105237600095,16891.797173080802,4182.629677700647,2957.511056455124,2510.8530845502078,251.33244948505887,781.979464709963,87.1620303004957,28443.184725535386,21975.030444608063,367.49076898756425,1437.3009828490408,8361.359092692197,3274.3903434188305,6.814186132945007e-06,4.993984006452588e-05,0.011284911336001506,0.05994625060396418,0.013227785996381953,0.01974222915549968,0.5164162248197018
295,-756.5679563969129,768844.3731072824,693446.7219447199,119850.53607623483,60248.466394613344,56447.64001212471,53276.66312895929,22223.55288379444,16674.98267335409,4618.979576105821,3008.543191917511,2629.5670162384995,227.2899890958933,884.4766996248197,249.89254006584386,29887.143393085043,18653.97462501911,229.89725479102583,1422.3230496007295,6028.656102310519,71603.52324581631,5.247705090459604e-06,7.196983664064682e-05,0.011459862523451344,0.04521342140899546,0.01621654406573308,0.011717040232459378,0.4395454145803841
296,-768.4157631660115,776940.0342821646,673171.7520937982,125778.47238568275,64236.033810426416,53414.32191910247,50882.727957142495,33708.23869398509,16999.575840799695,3977.7588960980042,3386.720583123852,2811.4231329202744,425.23686917219067,1003.1606585623077,598.6894819528924,28619.481162586195,34966.987521998,201.1096137875172,1535.2439260251615,6110.662482136917,899.3315343808839,2.731639840539668e-06,3.4352095670513286e-05,0.0157136548768105,0.07337274860125752,0.007843777050744249,0.02221695917560707,0.5483877850653063
297,-724.7415505345452,799433.5905599028,700299.729745638,127386.59585166458,63186.52247337866,55804.18724527337,54225.87279197193,33210.719640556286,16447.656744089454,4156.970940682423,3651.118160816778,2956.801039462143,347.2327138957631,977.9845832047405,942.0546330237561,29455.713379176523,26139.458783606246,139.04090036812923,1479.6393486050183,6186.466026979797,2864.0514660203444,2.3336627126073087e-06,4.8480198058345864e-05,0.013235856387691166,0.05126016943292442,0.010938952220664818,0.014453307167373234,0.6095560230701838
298,-870.0799714995993,795756.6214477465,695724.0396927577,125528.3205956373,62617.73261994174,55609.10120737613,51890.67420528632,25250.32260633492,16715.15607571455,4190.581452963481,3518.399785732455,2811.3874069168023,287.07911778681785,971.4537350710964,545.3050897312896,29305.712301186897,31812.021948231635,283.84826871759526,1675.5753425830358,6206.313463634615,99999.99994600393,3.4927587989484555e-06,4.83127162025138e-05,0.016774095842254567,0.0496405022105496,0.01232725257969019,0.020631067280186016,0.45223338047187267
299,-716.5552968576308,763692.274201198,670175.7078391894,129270.47822509168,60904.680736073045,58395.761281650506,55821.60664357432,35006.51701145135,16614.221107841207,4531.191665537748,3274.5187801280285,2993.61607308441,257.489202383713,907.486484658881,739.4133782941642,30102.433497299782,24090.9960659848,201.46016933525314,1463.6313230208855,9188.233873428117,1015.6171077856709,4.135876423426855e-06,6.34199215514517e-05,0.020453808262036504,0.02599438891449288,0.009536583442482514,0.022280346430557242,0.7162218648186364
300,-656.6471928010354,810575.2589214902,717139.378644125,121948.43739763951,58482.60730117466,57343.97685739459,55572.80785054552,22833.839986683055,16701.524608107073,4756.851587518044,3279.3420919060495,2798.251217826174,141.9166784052751,779.0194064818509,420.382899057651,29815.73437586186,19431.873762528212,143.83398130775208,1475.6528446375567,5454.140112075861,7256.965689133418,4.287519800635334e-06,8.156856511813552e-05,0.007187335880013394,0.05788873375927125,0.012980638363375646,0.02771980484744394,0.5430798753563506
301,-823.6756327521064,767533.2824165372,680741.3973322121,122836.19088501658,58321.11854893596,56461.97772759339,53424.53505046549,29129.41837467327,16842.136342178812,3605.961261471514,3553.5932390985968,3110.0669327593964,121.8527913292487,647.7278747281373,457.9698225552185,29721.50171282788,40072.85515110575,223.2442428477284,1475.6108479526397,10920.858118001319,99998.11341178464,2.552824140555506e-06,6.062649015414522e-05,0.013427142825064471,0.038242200661438686,0.0073893684374858205,0.025573617392021537,0.5840913688876239
302,-662.3936858419739,795708.5130659847,689427.285881401,136913.673493025,66276.39935586981,57787.778829671624,56262.35785937564,30073.613735108407,16663.54223478867,3715.1838301996613,3842.589237375369,3119.101036315421,654.8524662862901,1179.7165514328851,1389.3066276294849,31383.691035275584,15539.377651534332,112.99557404926126,1395.4637707419813,12175.837432622759,3354.7542697563777,1.0000004696844782e-08,8.19355585518211e-05,0.013396750948033354,0.05625554121468341,0.008318586183377039,0.022896018833962504,0.6053766887657837
303,-636.7920140239323,802764.4419357228,709722.6190929014,122259.509116822,59945.31586698464,55728.89776963934,52023.11761090434,20719.13505429183,16177.826171172397,4571.134924624583,3181.6844443566038,2818.6064711503655,228.97296357391778,928.3117391672662,407.7356495296281,31205.80703693853,14889.259083018662,261.72283711977803,1463.3333378108478,5820.510312194632,1236.6124432643187,4.897948564475772e-06,7.769804352034165e-05,0.02676763419682886,0.043751406554534064,0.011643620313707118,0.012744976749238999,0.41196119940312337
304,-719.5247618546375,791221.5074904198,715528.1811077048,121805.39695554554,60141.334547861254,57949.8834717412,53915.74325440664,23128.688992197764,16604.032560214328,4671.922590909707,3088.026182375302,2603.8393844970633,286.71887759468433,810.9832608031508,325.0844378069578,30134.99210307805,18002.15365475683,280.17142383397754,1581.5264878156263,8498.313140220307,10322.339664819812,6.326847125387283e-06,7.59347593946725e-05,0.018558364106049503,0.05351713318962625,0.014029698154297759,0.023639076826506615,0.4682516534488614
305,-630.7777302350019,800354.7076809809,710119.5452097681,122573.96348261464,59701.20152154809,55952.09667711123,52527.496145945406,36275.15792232231,16454.42503859485,4547.954643226508,3008.9159562722452,2920.612777040808,202.77013949669518,718.6375667816633,345.2708218581676,28855.765601265484,29027.19622729528,276.7403084801739,1692.5406054424266,10320.137498525803,1390.9609808214768,4.982286481793616e-06,2.8065459063525e-05,0.023105188585631938,0.040289826620408746,0.011074733330153918,0.022016466050868377,0.7029694011940333
306,-728.7824629764038,788242.9650046235,692165.0501999174,121627.61955661741,59318.70996623329,56688.32822603431,53549.29218005625,32736.41223546033,16755.10174844236,4773.692137950628,3137.4396177687636,2856.093678846386,191.18317090719808,847.5232540325046,310.73047994149243,29911.75243552611,33251.20022816652,263.51729134618313,1629.656281843676,10277.275815930429,939.9041042148586,4.549881152103798e-06,3.577815722679532e-05,0.02114286871954068,0.05150435654198717,0.009746969436188474,0.0153093320546171,0.6671585934823703
307,-847.8139372078431,765165.5653896407,685610.6699825276,119887.69263638077,60641.79747052684,54742.54866236702,50744.41153845289,25375.116685076002,16990.722280274054,4426.554741918216,3156.9262425595625,2568.5002868867305,245.67986864772035,734.0643367686966,205.732255556527,27269.810954266126,22448.585178094585,300.4477507877495,1639.9340223581883,5453.627650301582,1698.765411442837,5.37645676250892e-06,4.082949357599489e-05,0.007180316880478413,0.06862502532656543,0.013074355215517296,0.015502790354346771,0.4119130805437343
308,-692.648823721008,799989.1489727197,704302.7017811663,120232.2909396571,59973.03639344237,57702.63860095846,53274.40814215894,28154.523410170354,16605.462899175847,4050.714173935309,3281.7910498145225,2988.880292769714,208.409333573874,835.3966144089754,243.16259437229712,29792.71569201747,29043.569587668717,313.711296829116,1570.3387815432102,7896.679942566736,897.7805962079528,3.452845216280534e-06,6.0933098820036424e-05,0.015855264559603136,0.04793801262713583,0.010997629894834202,0.028832175916982325,0.5350941337193996
309,-752.2157300125214,796184.6055649403,708659.4044005444,121170.19026013876,60171.093096186174,55754.24811848641,51786.40567276527,27883.855598831928,16191.115218600058,4507.0994050311465,3030.179553785803,2890.105899871946,206.4077182188344,747.3007373392188,278.1793103119739,29916.54392982657,30975.836686054354,300.8849267634597,1723.8922687046158,7177.883083976759,683.9379809319574,5.415542210721779e-06,3.833503844049863e-05,0.020640325071892507,0.042739546992248106,0.01076989071822941,0.021658007006707638,0.5089682720626556
310,-606.2820178438021,782028.5104091165,681978.9403247957,136305.97042144721,69294.2530729703,57973.011270654286,56773.94305273452,29000.41673656115,16740.10403048126,3604.3810443096477,3567.553993322954,2918.6192102619184,656.9246930438558,1408.4230739653754,1234.8772810626697,29379.283872257954,19942.50012694318,101.81810967890543,1456.8579865060733,4938.77460444174,4005.621493190568,1.7144474840844154e-06,8.181206141694954e-05,0.01882018940037542,0.04765286211215907,0.008359557895138115,0.014378595512374203,0.5547562430189776
311,-789.042100212275,765507.4274537282,690110.084730725,119647.12510884569,60554.194932353515,56096.37866826278,52319.28677097919,24086.651196964067,17341.96855064048,4495.348031359441,3269.2082010580793,2734.304760742091,251.86631922060897,886.3030076988973,237.55448646694109,29282.852079028973,28263.36956354599,277.54752755896385,1589.7101798537228,6318.850608476006,4027.933435731094,5.42187951751975e-06,6.625235465558978e-05,0.009174729361524421,0.04745015370056203,0.015008810332684395,0.019934053088280224,0.5345767010542073
312,-850.4548065170532,798309.2072270494,693072.129946093,124184.89756308432,61395.42956735224,55375.14223197465,51853.72970106854,22981.74427496978,16429.382985511613,4768.3603033870795,3203.737511608197,2846.803440188173,251.41486211952846,970.1759552929872,541.4409638883187,30182.84786723556,34975.06128865471,249.48615932109198,1527.303644327452,4877.0973271222665,823.233251151979,4.274571223066198e-06,6.311151751566128e-05,0.01989146778014903,0.0519489918186807,0.009139289581261456,0.02030716200408157,0.43803064317820983
313,-797.9977124211206,806103.8290054672,713034.2568782133,119547.29005303083,58646.900005145995,56989.324061478335,53537.10119352607,19862.47406151143,16243.221461038152,4993.751109393584,3021.635144349876,2574.981022749009,133.74289442075883,785.3761677827498,219.23776991435355,31526.974581692935,20964.906830778793,244.4264210086333,1437.1596156917683,5468.391162030771,2696.8543263272218,5.181592414427199e-06,7.140768039912578e-05,0.01239551847791171,0.06082875871856388,0.01622988366364903,0.019494923972066706,0.40991671170139454
314,-626.3540979053848,826989.5916404385,713314.3293871285,125733.29361644536,66041.57177309145,55273.077475100676,52201.19465216586,30205.662223542116,15945.714137723293,4886.435070380625,3186.5257212963866,2871.462843840122,522.8562521968397,1195.0269685228714,619.4621097529641,29885.537964427396,23130.226580521903,226.43956066244004,1532.820468257585,7501.510754959598,903.0721339855953,3.454298658802626e-06,5.934755007829023e-05,0.011257909298250353,0.0562472792936361,0.010725468604709238,0.02294861487561567,0.5433098213846469
315,-798.7283515061207,792284.808512888,715374.2918812878,120252.98858309028,58318.75850287905,56454.32340356038,53106.46054774043,14872.552709930162,16540.630369733357,4892.243784744312,2818.2343202552493,2681.1489643840923,145.08415704456027,690.3417792393411,264.4478791454947,31155.446592559078,18434.73158335945,214.39203533589534,1381.159691848474,4723.7318054874495,18679.875101205962,6.344599007555868e-06,9.133251072403042e-05,0.01695302022949818,0.04431168904938752,0.010871316068711404,0.024915522584619567,0.3453634000692867
316,-961.1135754682298,798986.9120731584,707800.7450056823,118819.7294736922,62226.50279607705,55611.39147263508,52383.65231483644,29060.662078823898,16548.970675719287,4896.7222926174045,3070.971107192739,2832.8268199865583,346.92658090057625,1084.8757576793403,168.02264968675718,29037.340070268987,30122.219370917042,258.8813137624324,1647.550638141071,5856.46053072656,1268.4776146848924,5.273765731908734e-06,3.868251558835539e-05,0.022296772534225205,0.04866683468016218,0.010575226751676582,0.02058862187985273,0.5060846532776795
317,-581.8198268614383,809796.7933762149,692555.9774223582,128270.47794207156,63867.39686367601,58112.432297188585,54952.48759825087,19759.57505456019,16082.19925411744,4796.7467318343615,3470.9876890726578,2808.910246293818,384.0950160481496,1175.3501916263008,887.5895083973252,31482.830231148997,22586.731108699114,227.26605883912623,1565.2149614395144,4480.822325728625,10100.600884409436,3.6432386734680227e-06,8.12329515869079e-05,0.022888288024794843,0.0488041271374766,0.0115397732333269,0.019867979323042864,0.4141764130113391
318,-919.6918184523,809971.725352798,715680.1337690428,120422.10561568977,60715.395971267986,58592.65067874638,56805.71019287716,35860.901299305144,16304.514244717977,4914.8215038458,3020.5726580351434,2834.1296656847608,218.49372472009674,806.7942231494342,237.0590595021901,30509.51792620767,28006.040567622913,150.33753893203908,1397.1026328606972,9537.18386473335,99999.99998967974,4.702324794026265e-06,6.640653758615733e-05,0.01263873352377561,0.04157137273499745,0.010229846587911984,0.025125195390329258,0.707480115755853
319,-665.0895705980134,804259.1634870413,719713.2051167055,132068.28559933117,64563.89878132585,57985.55734562762,55129.831914738155,26971.270971777754,16463.433307302872,3923.4068632704643,3350.142826422983,2835.1531609658005,395.95080641428683,1057.8441703577967,1109.2167675657063,30919.278345094448,19241.848188695778,215.6141780273875,1519.4398950120114,4958.377570515577,1732.6130827341785,3.7379806221007442e-06,8.477233029326489e-05,0.01497880807090087,0.046402283205295686,0.013508342285099154,0.019340158031557697,0.5837526223376538
320,-761.5224531477445,804067.1687314174,685637.2025821836,134380.79540662025,70045.27249946493,58425.96073196581,56945.50677908794,28907.304268979075,16459.852595929893,5063.7524100168375,3497.9827167972267,2794.322135207931,710.3803794428031,1404.9355207105189,1104.0955596482747,30439.758176764757,24215.181155934464,119.72005182208548,1488.3418783038971,7410.294534560314,970.9065079916535,2.6115696846683757e-06,6.736111673280557e-05,0.011820404176723805,0.06284014107422967,0.009012700737316571,0.021940793046545004,0.629680386843676
321,-572.5831377801383,790577.7050331061,692033.0429987583,123720.18455951492,63464.94623509743,57994.25500756816,55415.476830864434,28762.603260118933,16607.696846259743,4793.642330268887,3299.9555397650774,2908.9034050751948,395.5259421503005,843.5492833482335,452.630216753427,29889.286310091164,21012.21560570302,206.57524760547653,1560.0045871671196,5143.819244040098,99999.99999999913,4.40776405933831e-06,5.1347638337313585e-05,0.01906806820536892,0.045569934554421154,0.009659929429070678,0.02238501738130497,0.5317536225091148
322,-701.5790345831656,809591.1937530951,705525.2879174703,125384.32342317258,61191.24770594239,54967.66790958574,53009.21513724933,31805.476654826496,16410.06552820078,4524.878239571587,3270.598042874274,2857.575203031569,320.34149296062316,900.4562073367798,533.7090954383408,29171.039037435054,26653.690093038163,156.43355070569973,1577.8973175884375,9858.133507337656,99999.99999538895,2.9758552706161736e-06,4.626188670868639e-05,0.00939368187311941,0.06270988405445378,0.009015605933072714,0.025821854918129977,0.6831264165538748
323,-637.2072908724301,789660.4234076331,693659.7536723983,121932.06540367533,59703.15866094544,59292.0200520282,55953.738648803184,14618.385026831485,16363.424715335215,5005.378426498485,3185.359714415146,2850.926076527371,190.6774827126651,927.4772370784597,455.38518119856957,29789.33232104322,25890.035608498507,242.08898147787258,1590.7783001801722,4185.874010141679,820.7410589642113,5.646166376121502e-06,6.374344483396112e-05,0.025804410905071372,0.03381931451608564,0.011930783667801117,0.01983902624667519,0.38167410841865546
324,-888.7278720957202,770757.1007504631,649059.1093363458,133389.18245750587,69330.46410253052,55563.77274978006,53994.872454906734,31740.104076007774,16764.952264144562,5121.3849431821845,3217.8417597900057,2605.422467367203,668.2108985834029,1455.2975325688267,1198.7628070499359,29559.555161727476,21419.36499743826,118.05729686768602,1635.0526036986248,5885.259654306467,1027.838673884825,2.695696341899652e-06,5.7291518950644966e-05,0.015167279999185107,0.04996622492139958,0.017289906448960744,0.01881213550618289,0.6037123279125375
325,-718.2618026451217,826625.342091515,709075.0578836668,121601.34207137139,57350.2268775526,58341.56329584546,56519.81526930606,27764.09728663695,16070.797059583489,6155.7406057122,3364.1870060258075,2747.5484315191075,83.24834207383925,538.4581592213528,433.5106943925357,30945.36225939137,22778.422964548903,156.11565296227866,1634.6478846977886,6517.413064672506,1900.1198161916589,5.00964400025135e-06,6.47678203264493e-05,0.011843628120279115,0.0483553127540625,0.015205063704079648,0.019098888254683487,0.6312879500073563
326,-725.0495786553217,796465.5718859525,706985.9473750802,124636.92647748817,62564.38002655181,58279.64552775938,54846.050516651485,28310.398490429034,16319.627413285389,4173.8928956254385,3384.139655265312,2716.373218991685,442.6676201092641,966.5659545214971,551.4427588033471,30064.014570259904,21927.80268351378,265.7069883311568,1499.658553759245,7849.461485241106,99999.99999625067,4.325849267130479e-06,6.033553268422997e-05,0.01807390575028435,0.06225798501227343,0.010447806099939366,0.022803182287910242,0.5286240298474543
327,-771.8380655572654,814806.2576053588,709654.848216478,122656.82433205796,57662.22491151775,58573.64072031835,57064.58376441187,33401.8944700264,16299.817424302273,5334.184126603343,3349.230500497116,2735.300179063473,99.49694846136367,597.8382488129872,310.65756472595353,30662.955288450565,18261.638188150984,136.90157305224136,1697.8521723661356,5902.5742325406045,4739.668414666707,5.034972135438879e-06,4.8578729764312986e-05,0.01716291702613934,0.06169065802042818,0.012006842332352713,0.010717855510343504,0.6101381851041392
328,-762.674717928785,764673.5285647227,674211.1885627721,118161.30356254162,62072.748458833616,55061.54936939891,51543.98048456215,28398.7191096493,17014.834471163762,4368.051850276414,3064.372836539283,2723.169634986079,301.788445210064,807.0860868325803,175.45705163804388,29567.206381016484,28894.780366596995,260.5500514626102,1473.5465354161604,5595.595858640395,99999.9999991701,4.577629399688008e-06,5.295390035644738e-05,0.017406838840990375,0.05592412133648393,0.010842500318849464,0.01830167596680725,0.4611792880455068
329,-712.6115822970388,817316.2224725087,722634.9023254105,127035.46176291513,61631.59932022505,53244.32117506712,47999.99999999282,12066.69570875262,16095.622295257162,4192.202291718437,3357.3799246526055,2863.2164917329756,258.4070477329911,751.5347652065171,607.756573770995,29946.095251087274,30005.53186968861,347.636738872146,1677.4357280756558,3976.044597346141,13386.690209817509,3.5249762124491996e-06,4.496627408307639e-05,0.011743094715878208,0.05215404677475293,0.010326051877124152,0.017732333121324696,0.3072402323604369
330,-766.9663713612463,747679.951027397,639304.3653946224,120273.56457707207,59693.21601179681,55141.63237630166,53376.37238704936,26914.901903367692,17274.073397610453,4901.662532047394,3454.83868347674,2862.50591525524,230.23490572198835,864.980613406056,269.04870800201974,28599.32929622023,26481.545147178367,126.58141395367205,1494.5710019214446,6161.33591400182,1945.491497454466,4.049292712639486e-06,7.388388113772256e-05,0.01671650506949191,0.045987353034052034,0.009340479262684163,0.023509553676503828,0.4949912319904552
331,-660.0470748609641,777045.9167168716,683691.5818427547,118061.29358640412,59463.759323145525,54659.874375571184,50619.480326797995,24716.83197261176,16473.538480372685,4525.826652050266,3346.5796005709753,2657.8006486595623,189.70265737920835,710.6231737233779,197.47530014910362,28863.671558964154,23916.715427628264,293.4562407618709,1426.6914698595733,5164.996730876996,854.2408477172673,4.594764434593568e-06,6.186331113435949e-05,0.018657308724747433,0.06139917725899144,0.011281054158281328,0.013649973522613976,0.4070613925003106
332,-804.143348423819,778983.4163892523,655234.0910440289,126836.27791421252,56390.45532933118,56719.193543524794,54531.75494816633,33644.83301175659,16751.43143164078,5667.30798784599,3300.427570786516,2764.5554516583234,51.78699963429023,583.5046729985586,908.3808432276849,28581.107517392924,26596.98065452239,187.1883708122447,1684.567545874071,8060.35854814223,1849.8476686829163,3.7056996518986923e-06,3.724520699513207e-05,0.013795354726161856,0.038465656209005106,0.017789437789356828,0.018494020237798926,0.6599356008607884
333,-801.1486304445376,742737.7546136586,683244.3048061172,116236.01938095358,56276.354722444514,55563.20530714196,52730.85820632442,29108.920768008145,17058.263983544435,4243.103769158198,2745.5729850970806,3004.9218277972873,38.83295594481973,544.8000087194832,46.136494472892444,29966.107316465404,25442.394635530607,200.64572667616616,1517.8398363459323,7632.980760008006,99999.99560908032,7.0237087282392975e-06,5.291392998230404e-05,0.029890446853921677,0.014792584847422081,0.011155893316355001,0.021411559403316124,0.545566538991313
334,-618.3652182793264,800438.0381985544,713998.0148350326,119789.74588757215,57627.10813404106,56875.440346370626,54648.092783091226,17963.09788096135,16184.164093541036,4323.902459483474,3322.4603481854124,2826.917330659704,99.38665527571276,721.7194788214573,238.83946192199474,29485.128507867896,19277.009225061203,159.26627797691503,1801.1617819587352,5718.382277068088,944.0250185993298,4.587244003388289e-06,5.1715070331288545e-05,0.012554852091749879,0.052766119208857314,0.009343549432246561,0.021818947800731896,0.434675352687182
335,-505.8987708689144,830430.9553486543,749171.7721954107,126504.73545286701,63152.83989861595,56680.982490233044,53690.47524795493,30531.234978800887,16021.604235605104,4430.2539541994565,3137.790484191296,2704.162488040279,307.0602034212991,990.5104524141439,487.0164059432462,30017.895240949936,28889.459374828784,249.24397800294616,1611.6806783787606,6853.4552798883105,1755.9509586404913,5.1405987018647425e-06,3.913699374269025e-05,0.013861389208938863,0.051108589281668816,0.010082105725836754,0.01597653630251823,0.6121718999775756
336,-794.5002353316618,811721.0409421526,712330.2636938875,135584.31893240297,67877.97185859462,56862.064083960206,54086.066066920874,32821.074324885536,15885.780517984458,4873.317257954673,3268.207508560815,2856.960800174511,579.8537264008752,1199.7613444433782,1258.2873474367325,29684.153192173813,31773.395459098283,229.78286884322205,1591.8481007089424,8329.470523719097,99872.73846809268,4.002761147785829e-06,3.9703093895027274e-05,0.014242698793364561,0.03872327248069232,0.009952498184817643,0.018789830927595612,0.609789409522021
337,-1003.1607035126469,803851.8120760794,721681.7769529554,120499.8244359228,59458.21271458587,56775.70638774308,53049.235672271854,27014.33534684361,16278.955619187493,4305.411677992088,3069.7158119623014,2784.909649773319,187.38646810335112,697.9600300206857,227.4118191151698,30903.692702423425,17213.65145524036,261.5248219345026,1363.4721040788497,8896.157614047086,99999.99999993252,5.06224085870243e-06,7.104627592133783e-05,0.019599017730950533,0.05843992761545499,0.009143564803818525,0.021988834486425052,0.5090845033500191
338,-629.8305009515213,783764.9569018534,672691.4716919452,133354.11633529895,62926.437666261045,58481.02840864706,56274.35094851849,33810.21202952457,16438.43054310966,4835.824713315482,3269.6204386728277,3026.02289345261,328.79302957712105,977.5805126709215,1319.5635611019095,29767.054900086983,29114.034342450777,189.66876972236795,1601.7156193410742,8487.001326153399,685.3359233790994,2.9542211411007405e-06,4.713278076815012e-05,0.01905118395483187,0.029974905010933053,0.01183732333565784,0.01991627656681707,0.7005584140424108
339,-863.9691037823986,765463.3539319907,706896.0260617052,141949.79941922028,73239.06743107624,57206.838224302344,55535.924631167145,29450.810613241138,16889.4341752633,2888.4503260211704,3132.1826498615105,2906.201815721697,789.2502913621254,1636.9123477736734,1427.7539291333812,29957.10665861756,21402.161492895233,126.51666878190836,1436.7318764396564,7342.803545947491,6819.176718655314,3.8482381659493555e-06,8.064472492357559e-05,0.019672066263239866,0.028178017479654094,0.010920700668626604,0.028460407840967598,0.6105887337325965
340,-650.9019807116586,777274.405060831,711866.4223847478,126421.39538969233,63239.675697291925,56754.77445973963,54602.72334171762,30957.587438902818,16592.795641469755,3077.5195943859976,3312.1221615170243,2707.3216037570023,346.7337254904364,885.5010831304031,604.5366608671937,29489.320448623046,18768.45605600588,186.2378213031762,1525.4998478954403,6061.420019356179,1424.0724096470747,4.778983159926738e-06,6.118820851093967e-05,0.026042412556739454,0.04843936557077108,0.014732483879258698,0.01156751554714543,0.6419436397256288
341,-608.5222821117513,798631.0431973326,715343.9541130333,121145.27463118914,62625.386544041015,52864.78769723902,49280.34893065714,31259.05437734825,16385.807867032992,4255.495211352214,3123.3671629865526,2516.540955117275,345.6998674521619,782.4530564839652,354.8279890115381,29582.511415444686,19958.259814039167,248.31976408622927,1371.8215617396133,12358.739193583091,1900.024499447611,4.637571972029492e-06,6.134547256833288e-05,0.009057043216526955,0.06028536808491102,0.01738570852279437,0.027365816309543368,0.6002391648400112
342,-899.2771642538914,783236.8666497639,703327.6854038052,121035.47262982534,59799.36209416159,57228.3913363259,53992.80758491602,31892.456256646863,16579.156711989035,4242.413709714939,3266.850286089001,2854.5230193878547,191.93792797437914,728.7502878306382,286.2608349640037,27570.58036989519,94127.28255805824,294.3147504198712,1798.9942405447775,8492.616655002797,99999.99999913493,5.021854671742392e-06,1.6517187673793703e-05,0.013012597074000752,0.04541929952905955,0.01023401292229483,0.022479947455878734,0.6540725369594653
343,-719.0633472303493,787702.5260438077,696893.8642990509,122370.16855371182,60573.54972737872,56190.609712848294,52844.22202360389,33097.12218743315,16781.983772492324,4510.627507168597,3230.943489581537,2827.588559075437,250.2153341240326,922.1638184070657,365.5949996358301,29524.019233717136,23677.312335669227,285.5106931184305,1665.894050465951,7065.908558521968,2191.6917981683328,4.968831595284628e-06,4.225925694127685e-05,0.018977661705494857,0.06372380028838528,0.006351313320647386,0.012269536964487588,0.6748738907224706
344,-634.1731022223739,781164.5689550106,698733.7411289515,119769.34063640742,59817.62973851557,57398.44278510068,53945.2511161266,29849.55130259687,16715.211246870756,4502.687515255681,3030.156530720433,2791.4347196033686,223.41997267985508,789.1658688514608,300.74634402060633,29319.966123578437,30231.976277341455,278.1835799642098,1545.5539859935873,8055.354638556889,971.9384033758898,5.312939608484468e-06,5.403043032135371e-05,0.019953807440473294,0.0394877818792348,0.011423939848022648,0.018453028097755918,0.6357875252893624
345,-727.7225133309905,845449.018177668,727490.0871674925,124099.38210004034,60714.369054233954,61635.40149284846,60698.276954665766,31910.10831742942,15481.693067765367,5658.674915315966,3231.4298104486047,2811.655794839968,219.59002831694352,826.8122195483281,465.70506951661474,31885.78631140837,19402.34087932499,93.60121711620238,1382.8812361064406,5992.023969757623,64920.796958224615,5.130225655539572e-06,8.025896264969341e-05,0.015485062720060736,0.04795515993667542,0.014201880564775704,0.021939786264417893,0.7078618902458327
346,-642.4879053615335,821199.7905419839,692919.1357175627,144344.2823057704,70362.78432814823,57687.71996855262,56574.76133332892,31474.35502376005,16281.565992177597,4141.907025296761,3847.7051064380794,2796.079844037433,849.6764370274768,1562.0663152847662,2940.644187349955,29442.426327201374,23465.021781400603,96.12919825438043,1505.2161947919308,7367.193256228019,3866.0777836113853,2.834256734044078e-07,5.754569143684101e-05,0.009354202601104264,0.05456375847921732,0.014954084888396937,0.022371612028688332,0.6778443955514218
347,-765.2011572150944,765335.0461858417,685324.1881865874,122852.40988935524,60006.475509255266,57050.93807948584,53607.813517330585,34375.226250050044,17044.04052862325,4489.176744776139,2978.795135054164,2677.7792883567904,220.35333804048824,960.0713580845303,365.22059414849684,27537.077808085458,123268.15484131114,295.15702289237845,1922.9141978439386,17180.543991428116,1310.7847832445962,5.325288607121425e-06,1.9446949167950464e-05,0.0084259461445647,0.05120566306026145,0.012537763987552554,0.019287157295915635,0.7420003373479048
348,-725.2674644615871,794288.1029080945,714851.1257690202,121218.09277630506,59335.270630439736,56311.32917514329,52141.89755707425,25732.028767835418,16439.042999598743,4476.58261072579,3097.3531565989124,2706.7115826629124,206.0473394401951,829.8245637186634,516.6978907833166,29877.012460418082,33591.724087766444,288.8935163448317,1487.792374155791,5916.14621558913,99999.95959151456,5.3101372684025205e-06,5.772484712653622e-05,0.01760985831372443,0.03077876541645536,0.017476403798470853,0.024105457212221845,0.48057503123048706
349,-703.9005697746215,801428.0426653022,655896.4693006249,136978.3907702974,62728.49150253246,54520.030420347415,52327.40512200779,32579.178486586752,16480.397099709797,5730.921515134907,3414.638555134665,3006.090335011888,306.1860393315865,1254.2110370109554,1548.325598712978,29993.49669311216,26891.568093072492,162.9552962287873,1533.7957352014905,7704.405975209609,1003.7281105317958,1.4168640988964763e-06,4.665856453991283e-05,0.01177048804091323,0.041343397791585225,0.010801808164391382,0.02027663136596088,0.607030894869242
350,-850.2992823828686,826503.3586921539,711066.1878049904,128484.89199652355,59138.53302836358,56967.61831632658,54615.776365225625,29651.62945958738,16040.508898943744,4388.126569141815,3535.0628711077143,2871.127980055582,148.37201920292097,750.0683778541385,1020.907200638309,30717.28027588565,20289.505049224612,195.68294357501009,1553.62000969545,7173.965302719567,1821.2084871896282,2.464175817306069e-06,5.7381188550472936e-05,0.013459294087237905,0.05531519056678531,0.014333652343426246,0.015417744845042785,0.5924714283048033
351,-822.4598706023195,782821.282464415,700625.667014545,119690.53177278339,60532.68441941389,55437.92687342333,51958.289965809134,35189.26812295034,17254.61239190071,4222.6142638261,3193.5211599535846,2665.1753344742583,232.842456687332,726.5238766323167,215.32961072171258,27656.906696145925,61824.71890851535,282.02697787846245,1834.3169906141977,9150.637038429191,972.9332960348313,4.690685177515805e-06,1.9759250703234995e-05,0.004925509321261382,0.06787825137806806,0.01222242261776122,0.023574810566262736,0.7657468746644728
352,-711.9981821559755,748049.4838968344,649972.7007812284,135849.75786517825,60549.82971396981,56749.76812154654,54935.695290026364,32216.322868362357,17430.69649079874,3785.261490574264,3605.6624706817606,2938.5534044061874,252.74684917821415,809.3665194741498,1791.7345203723755,29329.557700409747,20651.081361581364,131.45156289553066,1421.338328915792,11490.64582494193,2685.8705883486723,1.1992958262730085e-06,7.797209373646261e-05,0.014330921670666318,0.036181495398182356,0.01719628406331051,0.02065111312290685,0.6197548072951405
353,-813.5966681705081,798864.9387863526,711605.8191487329,119820.4431079259,60443.87075722639,58648.771543173665,54952.560464491704,31340.532845570524,16355.137753782288,4548.296566555849,3113.059314070906,2834.757889032032,209.95215758822349,811.9705371416222,268.9002884758434,29896.69982939817,32774.87401350594,300.17691836084373,1566.3317785365857,8066.883611396548,990.3372409771473,5.186093452887973e-06,5.4604493573035776e-05,0.016413530898764076,0.04090206729394807,0.011755202686483885,0.020919912813473083,0.6378898130201213
354,-896.1773206507282,789900.8954642357,707645.7758073612,121038.23927381044,60101.28543261816,55800.626204025844,52084.19929115967,27381.88672344025,16529.96766496805,4453.17062351178,3088.6043420190367,2867.36878889001,207.07289584965497,844.0792139423583,267.6757178074026,28928.55497061581,28368.689750561774,285.60323300975654,1859.6097034936286,7203.425974090559,650.3372437987919,5.0756729207399565e-06,3.446009473412908e-05,0.02120611606432819,0.04287937066795654,0.010056625922263411,0.022860271912905964,0.5033327417774626
355,-712.6928031849236,816757.5165322856,718207.2805002544,121912.50332987761,63859.05084441593,57237.82806427311,53594.56719415717,17470.433229758273,15921.977490580546,3981.7664579910547,3388.150749063815,2998.081959414861,381.40119956703217,961.5892764090784,364.878749340285,32348.425112063804,16651.52769112203,235.6611630776734,1467.3787248075937,3987.025361327948,99999.27877585319,2.655695942230403e-06,9.940395480060187e-05,0.017131240093806288,0.057505124857824955,0.005417239127233386,0.019359283569595463,0.4061715502077397
356,-675.4895262446055,803473.2746929512,695045.2799795006,134653.82303879785,59906.168454132196,59394.31633468025,57096.3578377484,23102.212876291855,16366.005602338877,4338.4927159763265,3348.861256874822,2970.8015603590206,194.44906710207513,1077.5474991552624,1128.3395463445686,31466.689165003245,20845.04607749331,172.65902163735157,1371.5788577371877,4647.487110636469,99999.99999866988,2.9008445378452994e-06,7.912048825862854e-05,0.023386462199554973,0.034701918480555115,0.015966572543097624,0.024759248599018215,0.466088198897556
357,-660.8884292840706,818188.5725579393,729927.0778980197,120538.88474478119,59663.73938059593,58168.26915091519,54280.18546216076,22416.034792770493,16220.04246374647,4721.131600865644,3032.9041180168792,2684.395026835551,210.2955734578318,728.5257693914623,251.86428668710238,30309.607474834047,32226.394842415728,307.3757825627226,1520.998622372485,4155.801258122276,1772.654914257545,5.406580814512358e-06,5.284717119911722e-05,0.020224141486081378,0.05725736232854388,0.014293661168575555,0.01879206213917895,0.4397591138796465
358,-819.2337003745906,783204.1577394472,669598.3472452356,128622.05866021499,63865.69528103548,53648.55268029635,52122.1262935778,28538.88257412747,16942.306989416647,3559.3475716313988,3861.7448530125102,2953.8964772102963,342.6996743419431,883.0073192017886,857.6996791455392,29169.687187432093,19112.861915235047,119.16362121051223,1326.014302208755,5231.544908587015,99999.99999999984,1.8094876865348597e-07,6.53510634899525e-05,0.019256472365017704,0.06664939159758689,0.007992695600427384,0.013208643353418629,0.4845881381975775
359,-635.1102421600226,848308.293082662,706630.8051628392,123594.23208372496,63970.34959229095,60257.37098755991,58493.3388690842,31020.788608212522,15486.108881050704,7325.349741991216,3129.7078387298175,2786.752654510473,432.3221993789181,1160.7023384015522,397.5154511067036,32118.931627049416,17980.56561165614,144.89601535574147,1338.761179147097,7644.768480490804,3870.5944679837366,4.873208613747662e-06,9.046815429617827e-05,0.0163829901838215,0.04816524785427507,0.009979932517462957,0.02822900950897684,0.638520422832456
360,-742.7475482351421,784656.7128459666,693047.0246712564,127124.87971459444,64083.42434748353,54081.89250570787,51580.659620412465,29877.964894973455,16660.578101714822,4504.278700184579,3062.152007983147,2961.7056678591066,376.3389823957006,850.4040483931952,827.829827492637,30126.079316072035,27234.04099183902,185.87877466587787,1432.0347064407465,6320.164402696061,1003.3154151042517,3.884404400625473e-06,6.232917850378787e-05,0.019105858361281407,0.04202170754984073,0.010310922039335967,0.02134285692523947,0.5621540884774734
361,-770.016274306493,799540.586667648,720269.779889147,119363.46648778924,60845.72056828724,57230.983675873416,53526.37782549163,26739.750848074713,16164.843619856882,4202.630546455696,3140.829342919657,2600.248849867173,253.0268946321267,790.2113343603991,198.24380526510728,31758.716930471186,19303.83651455873,276.9405320949888,1451.7973802554102,5399.328842968938,2148.247175446965,5.080406746012493e-06,7.400685671061844e-05,0.016655505011509416,0.0561622660525097,0.013017192398852335,0.018509103907149126,0.5116446324239206
362,-527.4321831350917,757305.9707926086,654764.0850748022,118485.64352744534,57275.75436079426,56510.657735122746,53651.6045567399,29291.464939619287,17008.443051811915,4030.4579886461725,3357.6264447095487,3162.7605005274536,90.90976468527168,589.3813605745648,153.43197387407528,28487.89463351576,39340.01156343374,222.86085117011785,1610.9580193123975,7989.137239450895,70193.70573445447,2.7713658824749622e-06,4.6643046379108033e-05,0.024702373863634962,0.04514311604607173,0.005795849356591972,0.018671580090811126,0.561386850807163
363,-771.5315387224314,814053.691719577,701488.162013525,133537.39003993,67152.41248504151,57286.222051690194,54974.054557086805,22624.455079849162,16280.418222387618,5075.850560697559,3324.6196125329484,2775.3340221387502,652.3190426767663,1103.7037829202575,854.329898103718,30475.150384438206,20878.950899116793,169.96488686921094,1660.2183369873967,4680.625719001765,99999.91965356006,3.7380784086359463e-06,6.548788903869161e-05,0.018160543364634057,0.046896447683035906,0.011570648188769158,0.017111466282584857,0.4127364528801405
364,-716.4065351552833,792236.0517482174,711408.589553349,121399.45469404459,60895.69322576743,56363.42837028575,52812.60743621389,33975.91532574195,16502.890435432393,4242.300972216742,3112.016797841369,2820.662943616424,218.5002577000352,801.1853214181062,364.3566170418214,29015.455698929138,37118.030690848806,285.0686117362755,1581.3584588567983,8812.336232636202,868.9030156840133,4.835247125430041e-06,4.040973512707239e-05,0.012762681333621283,0.04861931501930229,0.013149383190599339,0.02252633508991206,0.6852796889795423
365,-760.1911501822639,760389.8804347067,683808.2065173789,122314.15108092419,59813.36932263051,56102.23955235558,52424.682217165035,27848.93629741766,17032.084873894208,4494.633390900617,3004.328352795886,2633.5494481315736,197.7936497612462,811.0325226570103,478.5422996960923,28290.100935207865,27271.69441883141,284.67630080561236,1557.4731832665,5078.395424624264,1213.8828176532338,6.062713286669513e-06,5.240569653907843e-05,0.016835076557441066,0.05301424338176861,0.012021966230098075,0.02783553409324245,0.5274965783164532
366,-740.9634748487767,792046.3507233418,703777.7882616776,123009.24725082236,60064.91789227536,54344.605272032604,50750.93829988499,33553.48192452356,16813.628246132223,4331.701121285554,3241.001780361524,2943.029331769581,208.72582212149968,751.102705363759,424.4403059608701,29572.894366565684,25253.745000325773,265.4526204690645,1592.606666763223,10555.540652747673,13597.95479871532,3.8436373557779405e-06,5.12543591173918e-05,0.011786557689045938,0.04346217721044994,0.011644939005224035,0.013652843105265175,0.6391912275334731
367,-626.8071473048425,785366.0456662382,692483.7019574397,119633.55310473661,60261.41476547658,55505.63102638191,52323.27169386139,32534.597971466737,16576.956044880346,4410.780886391629,3359.261490868721,2647.357859113974,207.17416392906878,833.2685578304308,319.6016636112301,28333.102000378098,27814.866002207797,278.51043439039734,1579.1747332988948,7935.5106419123995,563.7256966162197,4.1634863589715086e-06,2.9900662771739222e-05,0.014984573177377475,0.06366360440259934,0.013536586044632454,0.01629581518935604,0.6012107236603597
368,-668.9652960517185,761781.8994266061,673038.1300391195,120384.99236862469,59754.050406532086,56329.36545140189,52605.147641234544,35642.56923009048,16918.376781616753,4170.353492608125,3235.7424365067836,2785.114646949618,212.91712642853324,861.7633939616533,287.4036303509601,29034.636641222103,36058.8334634971,301.1484153121022,1553.5309332227453,20430.903265699973,1075.4971842321613,4.83320018440619e-06,4.439809248010204e-05,0.019526352639951693,0.04444906347735188,0.011577369355358408,0.018746208862496352,0.7576032503009302
369,-808.2499949172144,789201.2869201739,694892.8151481468,126388.89320703658,57798.903735231775,59258.11648177649,56068.45493148539,32532.44344517866,16681.845460295113,4406.5994056095715,3297.2893777481727,2718.5472990230105,109.79510424680852,619.3181501928882,605.0491539066106,29787.68173105216,26885.262291738705,256.03688986542875,1540.148518616617,7484.317019338856,590.4808639211659,4.5046857740335295e-06,4.9233813008941176e-05,0.012462645985099953,0.051336231418928874,0.01311866590451803,0.02060732173642644,0.6500339382913777
370,-766.5306028486447,776797.4361310042,682201.157001699,122532.86555535362,60804.02460693123,57057.16666981582,53617.38493861577,30901.643318813778,16965.72738375267,4261.8303682092765,3314.2328389164563,2749.643249221468,225.21376260030038,917.5329008432994,395.3419166846024,28000.673271849595,41549.78899686231,292.23949016842283,1733.6860728499078,6377.296758447578,1269.1835076501625,3.9780677757818705e-06,3.205096959506045e-05,0.021933546656603752,0.06032379811845263,0.011588965677768714,0.020522792488737458,0.6298338920782073
371,-626.4159165605862,810492.7709371573,723064.1656802394,129955.98108064845,61790.18150644726,56150.20123552348,51405.033334110434,15295.157238317799,16011.141188150015,4238.380099487225,3127.5979305578503,2751.8183734371028,275.934272388509,858.449277987081,824.2718382557821,30843.41596046195,19742.3481450147,332.5344191941138,1615.4802446077827,4196.74656166248,1256.6282272083151,4.94545168056745e-06,6.215644147667463e-05,0.031249703743302288,0.035419687585606055,0.01745225226879594,0.010171397763280153,0.3336073654850475
372,-631.2233341637694,787467.00823557,704408.2947980658,126562.41921698976,61833.18420252193,58445.09183201891,56839.179343215765,32384.663090484428,16975.10457717845,4276.2189969402425,3188.692372149891,2722.253211866513,270.6700646519165,938.3701342792962,775.1879251963735,30000.688540224237,20594.11557967136,129.29986450708412,1537.521975597761,6438.779809380478,99999.99999796538,4.71384368945242e-06,6.736325940905206e-05,0.007545136443021805,0.050452817301723345,0.014444452795479209,0.025338750507980803,0.7017167652711606
373,-768.9627821646516,805729.0110931029,691326.1895146451,123547.29131599505,59277.58278619625,56424.46231756696,54271.97343519716,29794.352603043564,16537.72627856528,5188.225803604724,3460.6432650422835,2928.7690001465517,159.95949321551979,719.9634451053025,496.7958201067135,30154.616732395247,22501.803747619826,183.56573484695596,1510.53279764948,7184.991477730401,99997.88268778972,3.022239864541189e-06,4.81265309732061e-05,0.00874303848880575,0.044760123595598285,0.01489603024857876,0.01794104443287741,0.5819244129987934
374,-760.5929345694778,828800.9102304089,706151.9258233737,131010.72559689028,65506.923696906146,58671.78914328031,57327.70146426249,29161.747122330104,15831.480753771675,3954.8095253143897,3746.684316886439,2831.4105997504835,522.5601340311206,984.3162348979818,1272.353271980587,31680.106095831994,14905.903121703035,112.80791222905033,1478.2915648992598,5639.426090428968,1877.329652767711,3.9535173499668455e-07,8.549053446551272e-05,0.011328583290629387,0.06881648100160394,0.013076480266527876,0.02018830879523947,0.5973809162903151
375,-795.7074122732263,787130.8167607869,702935.0069419877,118481.33881314706,58405.36029727711,57390.08392976097,53632.17097498481,22804.892764587934,16459.200705523315,4472.4719320730965,3033.3754076666537,2875.030596266294,135.03500469425651,637.1448965369186,147.78303679660416,30850.97277854989,22504.822682017086,249.0600171542042,1595.2349249303347,5482.085963545676,1885.7388760465103,4.9042658484084134e-06,6.68774414816895e-05,0.020136271003162256,0.03848848894869145,0.009811314772257189,0.019461750946576768,0.45877189178912514
376,-780.0966619076396,792274.8439712502,705562.5716084886,122854.9248198351,61980.03558089932,56280.456725529526,53109.38598876168,29311.71777561429,16675.92066237414,3940.6922902643905,3296.066016712552,2770.517092411604,330.67347176791463,922.6476058041832,450.4091905955177,28093.548932957296,34032.479225027266,251.93911104134108,1628.786257580988,10149.614593587088,99999.95831908315,3.5022567013450184e-06,4.531725650335261e-05,0.0028126244323812086,0.05654099212392672,0.01239655567604334,0.026711328658680165,0.5553976598939643
377,-621.0570815879995,789669.6013268427,705577.7552248035,126854.12800400674,59714.313900222376,56147.14668560929,52500.12313700474,30807.314977917315,16378.325651176918,4556.355774953712,2952.9935725365485,2845.225516811858,212.61839343400786,687.7643154705999,584.2800069385585,28415.681198477654,58629.07557930962,283.70915549856977,1801.2506192194373,9490.690793731746,1006.5592578955103,5.050749136838902e-06,2.3538116640464954e-05,0.02207743535446174,0.03317297029112149,0.014059371166051526,0.018613878181170964,0.5468935599356721
378,-864.1465250041401,782925.3813535273,682665.7147105046,129137.40756595983,58442.487395536176,55994.496011161464,51970.58806191787,30862.020184018726,16529.550406944316,3868.8068950947786,3436.1345193077086,2991.241141556311,128.55235388642583,661.7757993724264,827.2764077407069,30127.437743404753,20247.13815994241,299.600164027589,1614.7649136490782,8461.537047666832,1234.1402859634454,2.629914270664539e-06,5.710926218529641e-05,0.021961421524814853,0.04502745384389488,0.014697632861361193,0.015682414276691693,0.5851858299072837
379,-657.9264614636836,801435.7710976511,718126.351044027,120131.44047850964,60589.16550228346,57655.10786847203,54487.822014728226,30364.37306259523,16474.35414029033,4565.629726913519,3210.02257690027,2836.267654148249,234.08811998649705,926.3159332645203,247.3093739455793,29135.491252884083,30100.809834204705,267.5449294556531,1689.347951382295,6559.051957996052,99999.9999915108,5.6065168342284315e-06,3.5500091405031834e-05,0.01930437614281036,0.05020708870032528,0.011221191730133076,0.018830995146227037,0.5952740022611684
380,-707.6118639486767,774781.8561389445,674514.2522047636,121270.32974075094,60769.54793898107,55483.82465348646,51738.92863483953,19022.40025977658,16836.930939232785,4442.808126054855,3382.525827685644,2748.2336565346686,268.38631382497965,1019.8378805891771,306.99410253602093,29669.144403831735,29929.272068214537,276.77856205123413,1589.2231666643925,4939.138012541533,1463.2845672953677,3.994362300372813e-06,5.412767566213364e-05,0.015696623702032415,0.05792686687289271,0.010233973918602136,0.015065595854216622,0.37375733469464284
381,-779.3872179064218,774733.2546592727,693217.9167907964,119928.25029478292,61108.381372886666,56543.896904777204,51131.604739242735,10000.572065476063,16777.67452873731,4502.524242347096,3200.2232717449638,2787.5426662003433,324.3131839475095,843.0471380958239,224.73458923098576,29560.163291483554,25216.649639363764,367.7043307629601,1631.9292369116831,5822.244875043504,1058.6880479694728,5.5299109868087395e-06,5.352931885375032e-05,0.020849267420531073,0.04983429636270904,0.008923563637623411,0.01927586379898423,0.31979265151618014
382,-775.1714037254915,800298.9918065148,700282.4669668248,122658.79048275226,58517.53464713311,56204.90394703513,54002.41821618313,26549.62951066043,16323.087964158429,5559.517403662922,3324.6753046829544,2775.2700028218787,158.18024736702355,707.6571128235448,423.4815771224355,32593.275039070355,13814.841634962846,142.93334612997853,1217.2771639475875,8892.190452348763,99999.99998957121,5.342071968247292e-06,9.766942026564407e-05,0.018815978871181468,0.03712136343409527,0.01158103643790033,0.0235999154887806,0.4417126274141121
383,-780.6903607265276,789680.0469513144,634315.5840720797,137003.01744235592,62996.0662543908,55232.59637680784,53253.61176291486,28431.33350876046,16731.639926006872,5281.961286722697,3813.120665055509,3148.5825217781553,324.4866389781693,1129.2299395628609,1482.1934724560845,30458.651214833826,21105.263081946152,155.62112625717808,1546.7001895639519,6338.480833014538,99999.99999993696,1.162840377680296e-07,6.585827367396152e-05,0.015916589918659182,0.04956340512426172,0.010358349228330562,0.018206001052715293,0.5556984190375939
384,-859.4002438916393,797445.546017367,674191.8701298211,125245.4842707483,63500.186719254154,53732.29056914993,50656.38630903539,17006.981819933015,16426.9399029581,4923.461254296603,3415.012335302839,2671.457076583902,403.0503069231756,1084.0000085698225,546.0627553885397,29752.292268701865,20214.416328803753,222.8115495733135,1444.3059419115395,5074.862579360265,99998.99268588718,2.5681091932865697e-06,7.204638650040714e-05,0.011614652300914165,0.06907488603457089,0.011638788010128446,0.009853522513696877,0.3321385985067624
385,-616.6719243141537,783557.5389848065,682373.0012698817,124620.46243888632,62611.63007419746,54032.10125156672,49498.950638905735,28912.1114826555,16408.91449527908,4098.929042018876,3407.204650918122,2973.131017565821,365.9865624472235,818.7367403354856,515.0956772702273,29529.059231498068,46308.83502192271,323.9965167385241,1683.3477086160735,5763.926867697934,630.7370418217737,2.9593180920015723e-06,4.139594630998472e-05,0.01860082048179057,0.04562949128838001,0.01134069364613661,0.01969068364847209,0.4780300005233304
386,-627.5990794253701,766534.1406230284,675466.2946841071,121839.36321797107,60052.511316247444,56538.125145883576,52837.22152601312,31799.965880015614,16823.3287324776,4297.022724240547,3169.998191299998,2914.509760889458,198.93649307874261,767.1720301924696,311.4378770677202,28373.049825227557,37255.624460077735,283.8039049172254,1750.9501473008959,7286.360433913637,1363.718143306451,4.777908657039872e-06,3.851846356879638e-05,0.024579954952607393,0.04371282777627085,0.008757349785796783,0.02439498268809083,0.5593618819153864
387,-657.091979164486,773508.4912437374,703358.4522311721,120967.83615917555,64607.41557507479,57957.78877654182,56122.59944800403,32931.62912267808,16622.433944448097,4182.9082893786635,3020.0750531714734,2739.490066604791,522.8382355663263,1075.0421956496148,260.797649257366,29097.886072861344,33094.58634006686,155.0438247795616,1568.377253069617,7103.6696598376475,994.6249482506638,6.181166339035263e-06,6.42495951146449e-05,0.025223313330648568,0.038743215287342904,0.009419425861913418,0.018665249182777597,0.7403588014409612
388,-545.7099968850926,730398.011038351,643605.201843857,116249.33874734821,60930.01341095139,59271.05908251728,56816.95784433398,30956.063899991186,17615.04390755122,5381.362313493876,2864.000740269916,2589.2964486296255,261.92110411979394,902.4935855634948,58.0370575131,28499.824384731306,27901.74713590314,203.27627704523164,1479.1105886878515,11207.333142434632,99999.99518574074,6.178047755723469e-06,5.603550378887908e-05,0.01539850606908484,0.048187893557100556,0.009696318890509387,0.022143468027804564,0.6035484402951787
389,-709.3436965027506,801404.0188204509,714706.1206639078,130367.6930492079,62649.49177985923,55478.408850604035,52569.3572447137,18982.692249557233,16368.666174788847,4916.5028249659645,3083.0816172733303,2987.5538941922127,302.7737302846002,1019.8036712272016,699.5899000438295,30271.39129365992,21695.91623337058,209.3479436063399,1652.6476217792529,4809.100130412983,99999.99999697204,5.057434254035165e-06,5.417714704640227e-05,0.019167187754738083,0.028227604878011164,0.010545539930601897,0.01356164023828148,0.38913364711045956
390,-586.031229240868,781006.9666945363,681904.9115454988,120599.79810455005,60234.02921100646,56825.69307215841,53049.916337812734,16944.01363478616,16527.124979930682,4704.427303019593,3209.9491319369167,2689.130823606372,288.5008380989858,741.8688392532849,326.7726899924612,30521.238856140928,23797.986899857853,280.8397240547796,1446.0774894548015,4614.052412889624,99999.9999999883,4.636943388688509e-06,6.171838230669602e-05,0.020145905482066108,0.051835436852303025,0.01358245289130366,0.015010475725252808,0.3493607535890158
391,-621.5895706307508,791794.4712236066,673579.8274506148,122199.75891837527,57098.89265414798,56614.74410710596,54060.07548368866,20156.873137374296,16516.30707922236,5023.523880767797,3624.0250648482765,2903.5873076144285,90.57296072359722,707.8733286824481,369.6462326500577,29529.70371628208,16704.93743031659,174.8240770673774,1580.1471298540325,5813.610986280574,99990.86597499049,3.3446857267992925e-06,6.417174182166595e-05,0.012606860590895802,0.05184419402880474,0.010315192041628844,0.02194493136640914,0.33829448017476876
392,-672.9546511126497,783668.5903992146,697302.4439424202,123879.71295175925,62012.75587722219,54458.25689419241,50888.314522228546,17865.374796243144,16657.395608424868,4613.264220653566,3155.4909241588475,2715.226013892469,295.7452955068357,985.7129682112222,492.43671201426565,29694.473040193665,28538.546589892005,267.38073656107,1672.9012936627926,4155.730722614197,99999.99999860824,5.286244498352141e-06,4.4261856085897574e-05,0.01977050594781509,0.046600995026305964,0.010150700193554725,0.01931589836007969,0.37867920414536355
393,-730.4346703554017,783669.816544978,705114.7761936088,117426.7237912935,60564.83349778574,56333.372933633036,53222.9864663577,30671.284584694313,16783.588809229084,4556.692439122644,3050.5032245428893,2540.292829034975,214.6728945855834,711.1747601630952,119.24869243455316,28813.896899147294,24404.64398340172,242.21625253367304,1484.2053565304373,7021.672441241964,1259.192887543027,5.778561810559974e-06,5.467333511203753e-05,0.013393066719372747,0.05836008523261713,0.016714254563597652,0.024426833227155408,0.5968325488972056
394,-753.1150133493405,779026.8603627065,689527.8629595768,121437.27351598369,60598.96719859925,55335.763516865,51698.63075626091,32530.494940638528,16757.057610424854,4518.933278468849,3140.744488876205,2879.8752537944597,214.27263064413694,851.5542046851762,304.3207317156931,28515.869535084865,28449.060758551226,281.27900458298774,1640.9852928109588,6538.676866907253,749.0866885269811,5.000285154822867e-06,4.185236136776576e-05,0.01816776895810766,0.040648024914647245,0.009872375019181158,0.02741963873207065,0.6387876060371046
395,-737.1818538645897,782187.034595393,686894.6178389833,120012.69298028287,59861.77126741972,56769.57130682787,53175.5720735203,30317.592367018748,16675.20170416567,4486.644565256059,3150.1491180301214,2827.0578625327557,210.25462433374244,788.3174660849592,253.94354801927702,28963.199571409416,39400.74731151677,292.99294952322776,1605.8634686595426,6822.266460839104,753.6959523048537,4.7509337250930135e-06,3.86373395873738e-05,0.023204152835480746,0.04464947399725011,0.011714492149333518,0.02208676385378611,0.5620770679356617
396,-966.577248670063,793778.5736748226,693481.3253857966,119079.63005811072,59682.120527842926,57203.15102740356,53193.365434460095,22506.161669443136,16636.681272177946,4504.967548668175,3174.0874207750985,2892.334235726815,190.1856100083189,636.1618034611686,262.40899019361314,29908.592793256066,37906.56861484913,299.88170295295845,1526.0740007499003,6126.566135569316,8423.098035162224,3.993808813599219e-06,5.890810225312477e-05,0.02020312629946307,0.051944444167363296,0.010818669215592672,0.021450886456431353,0.4074530498603582
397,-836.9478463829905,815731.8735026269,734710.554484134,131749.49620441042,67019.88989402438,56447.059444058366,54152.02140645476,29010.056353699914,16276.25958125537,4617.378539539117,2887.603691516147,2813.3977111226714,586.0513998626415,1202.1235015207928,627.9121607060243,30981.52604571606,20647.04320092236,182.19451458457866,1336.9445251521506,7066.823507345049,99999.99999999984,4.933220804086439e-06,6.44454125646723e-05,0.013514042409157568,0.03246663940561738,0.013258055459027966,0.027435293297508424,0.5500211117400989
398,-682.0704021816377,780491.1357334136,694606.3375715886,125341.91663554877,59637.356682612626,54456.492851048155,52587.91330203707,21630.261201523976,16992.51509533313,3325.072266163905,3934.9759229163988,3079.8541181742576,211.3091095310579,977.9909285196211,574.2151248316972,30023.73855168808,23819.130671254843,132.8229296936153,1633.1408783463728,5213.88966627597,1328.8409933503701,2.8466245753887948e-06,7.261240162466556e-05,0.021691299687210598,0.054280955623676914,0.008645973538257816,0.014991322009397318,0.44761964898204304
399,-727.7985994281728,780469.9956531519,697590.3454195193,124583.99153878413,59928.879789576116,55333.579126281285,51419.68873892051,31438.76891397253,16785.06872145001,4638.814022936804,2924.730770513655,2942.6312541134594,179.19984936939653,782.8147259795594,450.8889135737865,28663.344426650445,28280.938929397682,284.50407128040166,1731.0171396634644,9252.233899430725,99999.9999515371,5.627096969794907e-06,3.4120673183845655e-05,0.02026317586728237,0.031131564309406903,0.009630487440367487,0.021927398384444862,0.5590543268117688
400,-745.4953755366993,781153.4387845258,699649.298243508,122389.01285168732,60397.451654998746,55828.640256003804,52487.99662336474,33841.6819430636,16680.44487835898,4495.424364063699,3101.8465214496778,2513.541799887833,257.8790503239488,825.7880635364121,431.6371198466633,28197.338881144293,51480.48314345312,286.4474682234172,1431.0082981020257,9984.537970696694,99999.9999992314,5.70880780212217e-06,4.531809417054578e-05,0.012512848398461993,0.06282872831861817,0.016124308911309098,0.01853756842402472,0.6988083302822431
401,-901.3124656821033,807078.3429518326,719533.8919415852,119120.62510130969,59563.57769309075,57034.18364598025,53156.88196268068,26146.6991317211,16549.222244155826,4304.265966226486,3158.2043521709347,2819.739248207866,201.44590927481715,708.109359879343,202.5218078481026,29933.997569313902,22645.011222610654,296.19464301811826,1605.2454669213123,7032.727633086127,99999.99999973374,4.7410315071845245e-06,5.4855583636650296e-05,0.016487789943421375,0.05612264548944779,0.010066080191489198,0.016150073649391194,0.5126408829219972
402,-618.7355276676227,787756.3848539735,718966.7145384604,124236.71905259909,60014.712657704666,57180.158126416274,53347.369888323294,23557.84789785787,16486.39117088552,4466.050653180195,3054.5813913487636,2758.362376339022,193.0600575272833,730.8545105435473,586.8128406154219,29357.140251214187,22764.289107669694,283.15434968691613,1568.6872405388426,5303.565520062068,99999.8930051,6.064823111277489e-06,5.126299089448801e-05,0.02028628896607733,0.03258632881318944,0.01566845981293803,0.02085515922219809,0.41587315080784387
403,-776.9626108592402,779119.7946500165,696682.3070634772,118068.95610307396,61418.23888860926,55729.8824554763,52107.578997961755,30380.71630357966,16616.555856786657,4352.947153273433,2998.266337482483,2833.7324302900624,307.7060360204301,934.8754178230568,167.97169177572806,29336.143950740316,31786.976986726848,282.0389924392941,1638.7189638134855,7175.264856815555,804.210168738895,4.726826737267731e-06,3.043885805642232e-05,0.01789409469744101,0.04909481037734743,0.009415233904274546,0.019295395550888404,0.5526753534712986
404,-707.9924877768472,803882.1717014328,688705.6104991161,119162.47977497063,57574.170667000304,54691.749897309426,52204.480849166175,21947.14671482492,16601.452840989066,4344.2266490376605,3359.132730353562,2866.447064962306,88.57131121188606,637.7156710751728,196.8945476396997,29560.627720386718,21736.36285832119,187.59395544440315,1752.6893744618826,4494.890157504686,99999.99999999984,2.285216739835118e-06,6.01947085371957e-05,0.015791123616440084,0.06534419599233245,0.011482305486905275,0.018667737312789996,0.4071107597458761
405,-745.2073788002281,757827.4300314777,684550.4468658669,120873.53563523182,57922.37862763552,58368.67753879043,53429.705038074826,22576.31007052295,16691.69990542063,4803.070238026452,2810.6508561075852,2731.0836324774405,97.68456142570655,559.9435717570543,251.9742303570255,29172.98505512401,29947.67385005012,331.24352978606447,1614.8723118341484,5620.1870411955215,836.7927978329637,6.646945782643627e-06,5.9088566683812364e-05,0.024731628333160983,0.032971959702195824,0.014984439365094214,0.030890183332677262,0.4650923759090868
406,-634.3744042512915,781683.9392100966,695437.461772537,118995.79807200082,59027.77644897938,57839.51034604176,54101.174140104515,16863.878388056248,16608.66272295367,4534.447956414161,3238.0820058534923,2756.083255690971,143.27014428236484,698.1127502364023,199.58537988058256,30546.92010123082,17113.24256693843,258.22168244230465,1484.5150912566248,4577.507232184966,99999.68553032883,5.058331612660225e-06,7.795529589228577e-05,0.016323113945406482,0.05306034357027556,0.011371586040787923,0.01446560735240333,0.3672798249861952
407,-722.703359643966,775873.5810248231,705463.6732052398,121230.50743720567,59378.827429257726,52838.03715393518,48657.360272304315,25798.074161118177,17077.250493723808,4405.643964726915,3125.5069021040426,2769.4873299829433,216.4049641272153,773.7804555568715,322.6707394045885,27774.743975513822,35700.14760710726,297.92075875099397,1803.3645751557594,6809.39585059828,826.8667965648875,5.589772371799442e-06,3.5667177203665955e-05,0.012037457900314144,0.03525998313362876,0.014867561293871312,0.018448180446267247,0.43895666371832837
408,-796.4410341665888,792610.7490547914,702885.1582513999,121917.02117220132,59100.23590692891,58092.96775810129,54831.50226519635,33982.59368475315,16462.534366476408,4333.274126700878,3037.4788404923743,2779.16239465449,170.6182959160896,723.3566249186756,300.82663077184964,29195.831276844103,21896.885608568617,279.6702646747409,1506.3408027839587,12365.310576036003,2818.579510791024,4.487465431063401e-06,4.959963686763483e-05,0.020204719657784878,0.054174205731382,0.011471893394294814,0.018475078879008757,0.6338142151640473
409,-671.8077805851254,798053.6869624304,709958.6890446305,119194.85276825927,62849.55815541353,58789.49576970482,56372.38750850899,33873.79722392685,16541.664692419166,4179.6878207266745,3295.5444745747895,2718.700936040547,359.17018652110187,928.6445019456321,206.5361457451836,27926.281186602646,25783.603531231667,239.71860739757938,1506.347650792107,10777.87261070137,99999.9999991543,3.987213134654468e-06,4.37232466783526e-05,0.009564287589161032,0.0759560857780137,0.0072789726134271145,0.0190898327760759,0.7171037092835701
410,-818.0029685877056,789997.2992966992,720801.7417217685,121274.678020636,59327.2382162465,53831.47668255062,49534.85641960426,35717.50115637479,16602.605301768694,4189.887178473659,3015.077153323195,2675.8678489660683,189.33693723822986,699.0996174685885,295.4353012611801,28145.849868903653,34530.09516492481,289.87616131187764,1632.39325857652,11960.518259458764,1083.6629612492438,6.129597577738543e-06,3.6481624174589454e-05,0.009961309402054665,0.047685416177984115,0.012620068582142908,0.021862701395752457,0.6411264229121353
411,-819.1030764734173,752572.9874107789,680801.9030362766,121829.96682393173,59446.28866384263,55865.225456965076,52363.235898646744,38023.025854174935,17183.786745056776,4172.988745303121,3071.3284335483345,2791.9889069811047,182.02266481485964,677.606948158177,309.97461559111633,27780.71926062349,55927.55088852313,272.29047764368704,1660.9515820432719,13496.254605352011,1485.734039291824,5.114450891318968e-06,2.5869123056508108e-05,0.007163253243329974,0.04103270042165787,0.012177207686203232,0.019482178121239747,0.7958060644885757
412,-672.0437521769293,783488.1355306254,695323.6867249259,126987.42477196654,58794.158244394595,58870.47859950447,54634.78962073722,30339.307386123877,16492.262108669907,4298.677667580621,3197.2436411616845,2830.372728926364,153.11932860845545,757.5455519318369,798.3758273914398,31273.238155440555,22896.918118967274,311.82223271725985,1464.4073208488396,5872.528800804697,855.8888877734522,4.601958737433894e-06,7.885452679744258e-05,0.022768206818163945,0.03618459216264455,0.014851758419420465,0.01822468418457312,0.5864113063211986
413,-703.4170826386422,801266.0701971346,723053.1867959447,121637.49742682259,60144.00628342011,55548.29403168156,51817.89375500587,34148.411261570654,16497.26876623212,4435.049627055939,3104.5177505014885,2792.54776268101,237.1808087858197,783.8309655197367,295.2890097142782,30175.970075053247,33661.55839218537,281.2233431434735,1689.871294918476,12372.169548815435,1111.098993816389,5.665403582233505e-06,3.941491035434824e-05,0.016873336908738126,0.05419472628056689,0.009588927957878754,0.019536914360050305,0.6468769078836644
414,-846.6776967328068,784657.134768592,710085.1518659511,122107.52344723533,59873.858901537715,58216.239682065294,54630.81611783964,30062.2263360489,16832.49807076109,4207.742981696063,3168.1271497270736,2773.7615210738086,205.82169807661003,701.6523704416347,336.1607420789123,29338.960456151377,21270.84014417605,295.17896999407947,1590.4429578920956,5333.682424860063,99999.99999844322,5.50713208025127e-06,5.58992189948098e-05,0.022524484678814138,0.04406219027602515,0.013774042466372595,0.013821843027783817,0.5779478022122261
415,-756.3524012492903,785898.5426211574,695198.7046210158,123516.39654699716,59226.59295088334,56796.359959319896,54121.4519189803,19574.98385287471,16904.203563312894,4610.573618401436,3228.546994382514,2821.4629998936493,157.9880748366356,757.5500068405493,452.9110585397385,31074.760049585042,23303.45927044366,184.36701222464924,1612.50128466027,4604.363301796914,99999.9999985674,4.30880676893271e-06,6.34038717454202e-05,0.015959583878150475,0.04860262643256932,0.016000506225431872,0.017012883676042187,0.40904951428459385
416,-614.0733665971015,803847.3866353343,699923.0698623203,120771.28209933665,61601.92568913222,54923.6608337863,52624.29469429379,26788.932547919172,16544.127748312665,4143.516017136624,3401.7762931803354,2836.4207034331516,307.34921809178303,948.9588109746359,320.60607378064543,29599.297894353076,39524.00271534788,176.8485511386785,1612.0182527499976,8032.912894634235,99999.99999939375,2.5841334902784596e-06,5.1983624896456595e-05,0.012435154145014941,0.07010715886284492,0.011546453581032845,0.011575984135691636,0.45881058036203864
417,-762.9294199050692,789717.4287570225,699123.08853851,118506.90056645554,61245.394219449554,56113.628548972694,52628.02373613314,21804.02758605187,16899.4497872331,4471.809578628926,3449.731733745807,2728.1187228056606,296.64990316299,953.9013063637535,204.73772218183439,30055.43171110723,18371.395056972302,255.5257035666388,1377.306591698812,5835.873774479583,9399.0252390959,4.517054402453611e-06,7.177463595077759e-05,0.005784071131998914,0.0664326884834351,0.00928004946418366,0.01971746546377235,0.41903994191423327
418,-777.0432605321165,798957.7344157334,716651.747691833,118511.89659242255,57359.76901120304,56875.27325238114,54331.63766722499,22616.14504369276,16377.84569964895,4803.626616432625,2884.664308540484,2871.294957136035,76.80034871084091,526.2332987290757,137.35175824441475,29849.38590557853,30147.23494496874,204.98064724530116,1664.8756451398613,6986.9109184325125,5284.262906716282,6.102085651769498e-06,5.143662927866716e-05,0.020884827664625388,0.039035614898274305,0.010112976908315644,0.026375357156955877,0.4819200325203229
419,-616.0016354378474,816650.7081521153,701536.9611927096,144536.72383436214,68402.27363761692,57265.90082017458,55276.314630075816,23675.295002406245,16075.117708098647,3968.4978501882724,3982.652485608669,2898.7563330006838,576.3918531218716,1511.0722633156333,2129.0525039143436,31708.11388032521,28429.098975203535,149.9793225318517,1587.275399953765,5921.4650149651225,3739.8254703119296,7.079785320074528e-07,7.180896394733871e-05,0.012207544777525814,0.04971717651161111,0.012433430257689155,0.01715429389755379,0.5560183048108389
420,-655.8874341563701,794032.4098747473,716500.026699277,122953.94037122458,60634.97568961426,54207.654535566086,50453.35524663028,30078.1370019425,16654.11492752863,4476.092998991166,3046.5994237190503,2872.628746678499,220.2135025766677,891.8158947318824,359.83354102557905,28154.281925787298,37861.402577039735,280.70099830878536,1744.6745238437702,7195.864698609142,1064.0593272208828,5.199112413247364e-06,2.957769869344552e-05,0.010516544964842738,0.033700534211584095,0.011788042883912797,0.025262173046457486,0.5827470791287966
421,-712.6774859631811,775828.9734996851,688876.9525168086,121541.10175772563,60902.082595111366,56657.97171570352,52981.06891668852,29362.315108673596,16615.992197273896,4171.517189601051,2889.983985200858,2919.48705881343,287.9627610596378,751.6049077375656,315.5212452670894,29460.850605573924,29620.240513148623,280.5291534513154,1670.4678199873667,9903.321261549656,1237.2168658277517,4.866904287880164e-06,3.540204838209824e-05,0.022277647507297507,0.044536823630353356,0.008771114669149932,0.019797281132196212,0.5411858856901762
422,-798.9977850428822,774328.902132462,686399.8104554135,121660.31938065623,59602.42925932409,54043.11015608038,50545.783595105706,38478.83391610022,17004.46536663726,4423.466133596263,3102.107164314231,2730.4448924244657,181.88198410899523,748.657030293128,355.72946777338626,28737.238066929796,34267.62266851603,278.16531217553444,1678.0745961970945,14170.235960701271,683.4956191994413,5.066902044359804e-06,4.019685814262805e-05,0.01588367586245878,0.05281369432770076,0.009661609405750842,0.016108320308061322,0.8482460739795157
423,-801.4347860053016,797244.1798565601,709107.396542608,124767.02334864669,67689.61767499859,56655.381439720615,53951.197385657266,31530.243228037732,16724.503473077264,4969.3619767033015,3193.5458763681986,2697.930229718115,644.1368810820987,1167.2451026917797,524.820880831883,29326.111470371914,33778.90586575794,223.98071449772777,1731.0870570756042,10055.297591464108,99999.9999994101,5.5357983535536934e-06,3.369897765719375e-05,0.014075781149764557,0.056170843503103536,0.00920433442926218,0.02199928141485084,0.5950824543197853
424,-823.6596199907558,785282.1297702779,702257.041377512,120525.19863325897,60614.02448476165,54332.03045540272,51020.08106461388,36016.537881986704,16896.67038828475,4221.613942929072,3320.6266690035172,2707.404552055238,238.5909141539065,935.0636945889262,327.3972012824774,28351.271743072764,25918.738264931802,259.0445654713143,1668.559757360493,11957.443385902314,1047.012046517107,5.306988503723123e-06,3.967536822523698e-05,0.0139840296694409,0.06458573016514092,0.009737456503741956,0.023647385032844744,0.7785117298199579
425,-782.2715934158095,772662.1154662934,728487.9501231569,119047.45975925104,64254.46542067428,58666.56566763947,54642.999035961126,27471.67060300051,16692.938602375147,3928.8237159980804,2777.000549175999,2418.316457480996,433.62559683542645,990.4792628856248,167.9125147839558,30043.20799223488,22767.077260885595,296.26080078415424,1655.251472576854,5726.700723001629,873.5109043739706,8.36525023392232e-06,6.416124335509535e-05,0.027068452933265864,0.05890311780751321,0.013182416548025983,0.02634508750556498,0.5529493920569786
426,-754.792682711985,781442.9527835737,691570.4610412571,119326.28456549373,57339.70433314049,57638.017538871056,54563.44841975649,17898.63383037587,16819.59213312848,4507.395897612462,3270.1443667948165,2739.3300108682047,97.61929964664898,597.503374241993,199.8303342215634,30293.528701623138,18136.906004828055,231.64079358750848,1495.4574728338566,5562.619057377783,7353.273699590887,4.65690171707528e-06,8.2324404392054e-05,0.014457007518212767,0.055853854031790065,0.01213643650914899,0.01706297774684161,0.44210942710872736
427,-757.2048456362888,766488.614146311,689747.0578442259,125906.0427926202,59924.808664888275,56344.967045701706,53690.69488651177,31162.757482216646,16828.658231405472,4672.35024636906,3032.38454923867,3074.1476147961334,193.87279939688457,855.703549647773,616.5651519429933,30609.876969070745,19597.526543378703,189.3862969308899,1414.7945973189626,11888.237798921164,99998.25988525538,5.595320263054333e-06,7.41281439858037e-05,0.023177820336078767,0.010035335896971557,0.011707257780009086,0.02416576664859177,0.6339481972007103
428,-513.7808038030348,796157.9798981567,701638.8891435813,120728.53271579737,60796.93355674692,54324.94284888203,51110.518651253224,14623.112441505233,16528.341247747892,4260.9305137518195,3453.220956058359,2791.393885132857,284.204412607259,882.5792357004038,291.66167431605055,31337.313995948498,17830.6973960057,204.60486268775807,1354.0549490173755,5295.886729764614,99999.9999999906,4.230354332541377e-06,9.804380334754269e-05,0.017578965989406285,0.06658688024418205,0.00818695166992849,0.017341333395298242,0.37787898823038785
429,-678.5826062838203,809564.753668638,718042.2106702412,120440.93661320106,58572.165948799004,56400.15757090815,52286.271261095055,13510.476058166445,16179.805828826698,4683.192277444633,3068.1833777253582,2636.064430533359,138.84296400100595,767.181437782752,279.1047774698462,30684.617757087148,18651.748921134076,280.6726293850925,1414.9194924892686,5488.2895912672175,99999.99999929588,5.269721320186835e-06,7.301593710855446e-05,0.019466424927294532,0.05059203787238649,0.016371787256081377,0.018154009553904577,0.30975453135498004
430,-746.2325871527256,770231.8170555814,664616.3960300412,116751.17438621608,58131.566748714,54691.12864594162,52335.919377035076,22048.10477256429,17202.136173956023,4602.293764248389,3358.346514696168,2807.7876967644843,140.280467907028,668.0857986269382,85.34490548904614,28802.876969668516,23626.478443839263,183.2393068673347,1653.249432067193,5325.158937181394,99999.99998456064,3.601374360672356e-06,5.115204332108019e-05,0.016256116650082,0.06065090755345411,0.0134354198035915,0.022694205650684397,0.41044040272873994
431,-763.9381555389747,785247.961480272,700295.9300378979,121634.78462625068,61383.24472905659,55918.9171950257,52306.26378469542,28385.544182305523,16869.326782067623,4417.753312542511,3058.6497437405437,2710.9788406496114,353.3792826700876,1013.8482507266256,285.39861033440957,28070.350654070447,50785.91974895435,280.96490199207324,1689.3769825769991,6856.505384247033,3522.9894993428557,5.310765063717942e-06,3.2534250899403796e-05,0.01335487409022549,0.05810349677593857,0.00849549222795153,0.02451706220598009,0.5007387104015147
432,-569.5306973497916,757300.6713229596,626354.3949486779,125659.3416080136,61486.24631916687,59272.1785552564,56912.10400127514,29618.956282343865,17006.992249201117,4618.19917300283,3698.2392851931645,2989.4848351347873,346.30046731696376,939.4240708002951,700.8222505583731,30358.57070098665,22803.538462804765,175.892013249511,1419.3497526438578,6723.486328401358,1096.0632452480775,1.265523450578169e-06,7.999722377820124e-05,0.014706585948280308,0.05175694043314303,0.00967232866874557,0.018965359500653155,0.6136710142321053
433,-769.9502877018247,794887.0645774427,694001.7293962862,129072.15533223042,63097.1412810915,55602.09193563977,52268.20306996391,33576.56691858321,16153.45545593209,4902.487030015159,3229.076090680015,2787.3891971438334,327.03461599436145,957.3449592949876,646.750098994721,29039.43187161179,27627.36983130096,265.5442645383744,1666.3966752207398,7769.102563065473,832.1291074999696,4.6268594315486525e-06,3.619592429409974e-05,0.022189077427756332,0.04931057775439094,0.012673126670561299,0.019020914249114222,0.6660780786639107
434,-683.0886387896599,797502.2749063676,698607.9421057277,121606.73063895998,62829.91016457794,55759.60833502237,52187.25855382933,12311.663164107495,16312.064354737286,4916.497353537861,3192.364066898065,2709.994477899242,342.7544787495327,944.4881200223665,353.21232533593445,29713.676231340847,25611.814673360754,272.6153984224628,1526.121409143862,3465.0682201848517,99999.99999855424,4.0882441638548116e-06,6.831382593981037e-05,0.01202363466083897,0.06622994908559586,0.010465954752577162,0.02114123410353452,0.3551416051218284
435,-672.9447294944714,810106.2169761837,712343.6365151365,128972.72503585742,62112.692444158325,59970.15101197952,57129.884838498976,26982.08753212202,16004.200745963093,4604.874024724258,3018.95568411324,2822.0232859969346,383.46397041825435,1022.4066383855261,723.7737769641994,31405.98170576301,23735.543212478387,235.36415251502763,1514.4603387930683,5574.8006375086015,99999.98722335318,4.7819164284739876e-06,7.7280446187575e-05,0.020027476600758275,0.043479153136986214,0.010390125232164616,0.01666140316435415,0.5682846364608047
436,-709.6639730784283,815240.0306023725,721092.9780385443,123219.67797297594,59338.87930808237,58846.691363521866,55108.81000316644,26397.66089341351,16461.581508112893,4336.217199274567,3270.3623594492715,2793.4406480046737,188.69202117713505,936.7866374096016,325.99778056696226,31446.392793295763,18662.69692085085,256.4642757612714,1450.2161806690142,6445.654185518007,99999.99999998599,4.918733992287706e-06,8.579028904211676e-05,0.01667152220308419,0.05984245172763981,0.007871746514997656,0.020748362591731337,0.47734159212713206
437,-646.9918273209882,794141.3272371719,708503.9604766988,122522.649591944,59526.04601891237,57218.474846428704,53787.99777416097,29561.374565988957,16640.395400195364,4168.44556358943,3081.694847091253,2696.350870696734,187.70743038095924,734.7081379880415,292.83267024460287,29408.77863349594,21449.653005946693,246.5842982959977,1529.9665744489694,8613.815616776754,99999.99999998919,4.220903869317561e-06,6.620735755784676e-05,0.00968043016809585,0.06545160672385639,0.013568479431698512,0.02306430931819533,0.5168213887576091
438,-733.4178780028875,787304.155473826,677362.4125729277,137211.6606282153,62187.02425474921,57924.67607481544,54764.001077314526,17553.925269705633,16511.772509352875,4537.531274602874,3357.304557099313,2874.148379105792,317.90342107888404,1007.0118535941734,1377.7746103404666,29359.07795108608,40348.975859613194,228.33430901796922,1661.0580039666454,5311.574285201647,16951.54477473544,2.8847874120788905e-06,4.6200631133571815e-05,0.017291060954166312,0.04203013434586791,0.012379879207715395,0.01790633288399389,0.37626304707639796
439,-758.6802642802546,779097.4280606668,694185.7961715981,123053.40065551236,61578.80733660511,56439.350071255525,52723.96671442364,17318.13729620029,16821.802060363174,4832.903161990684,3019.988794277563,2884.884401657653,347.2980057568455,1119.7467970992768,359.9581298025256,29191.722172118752,21929.11653233697,258.9227279596289,1540.7662271043478,4739.539921810955,10286.629904589912,5.613602692288735e-06,6.401534522389338e-05,0.022189846100593734,0.03250396926876314,0.010328941215643449,0.02371807586361574,0.4019762592481006
440,-753.8982286843583,750696.035304732,673829.5655415516,117383.61709873837,60219.951771789325,58942.628082587835,56621.94585685688,30548.04593684711,17001.082855232024,5371.689147712666,2800.7289361598678,2404.7327008111624,233.58703986477556,816.1514237146677,104.70872046088537,29256.780060480618,19679.632888256663,189.75935541893008,1486.2116770438126,6988.352322197214,784.7237622566187,7.3087023839600075e-06,7.347962538524497e-05,0.015294279258916589,0.04882656734034416,0.015248247283921754,0.01890068455672208,0.6031900206349289
441,-858.3099518974104,757828.3168205882,686326.0415661947,120483.59841120902,59842.12055721287,55625.57680468133,51835.62061481927,34263.57683833202,17157.19484940967,4332.215681894266,3090.807541120214,2787.383738011434,225.16085891231194,956.6288506009537,314.4948448616563,27997.68980685704,42253.073473415905,299.7948139716066,1731.0056692364408,18034.171813572048,1844.527193648046,5.752428998683453e-06,3.688119617408016e-05,0.011404254479622301,0.047261791965776026,0.009483871622190878,0.020388049131379635,0.7196562504921729
442,-763.8982685486214,783002.8167939865,690209.4834559761,122812.15247332216,60874.622550776105,55634.38717275831,52678.66107690093,36842.915827365374,16820.423091622193,4430.6777006221755,3311.651738539,2881.315367326102,271.45039338585275,858.5877232384134,365.1179087764686,29039.518538017583,29060.73054031981,250.93019775275044,1822.6535981902869,7091.155451439048,876.3686255530589,4.4036473142895455e-06,2.4600862438404134e-05,0.016656152553785237,0.055652408337687066,0.00799442096116768,0.015098808287547704,0.7387139128670162
443,-683.3853430396232,794714.7968642067,687781.8694940541,120506.17195569261,60373.063303741095,57607.31638014554,54411.146668853835,29237.86146222647,16781.259424791424,4274.367837671644,3547.421771193014,2922.360642936176,292.08817006395134,908.3264032156411,375.98272430353694,30755.983319354855,32175.369762236685,236.24879554118243,1576.0314659252917,9754.618056825348,99999.99995367193,3.4833337777904327e-06,5.36907068124801e-05,0.01766060583796413,0.052733817018018485,0.011316469887470017,0.02026329726064355,0.5453890756018482
444,-760.2272678441736,783875.823403458,689758.7384993332,120409.62529295859,59060.40174588242,58043.04080908495,54143.598713399086,33591.403751938735,16560.53931991811,4563.053934353432,3077.092929323042,2790.277550393973,202.7683191694221,762.6644469372094,265.6262463023783,29411.70343967495,30601.4355587549,297.0297871564279,1620.7260754040121,10249.310085877632,959.1126602332212,5.1058626558274845e-06,4.379145595436872e-05,0.022304000536697056,0.043559936866863345,0.011170684341287491,0.0252803632090534,0.5938602004082434
445,-690.4920700962608,789381.8006509913,660629.4517745484,125641.27197997448,59511.799012132535,57990.96771999389,55766.98236327716,27253.0461283077,16360.046522030318,5699.474859526435,3434.74193666126,3055.0753595059236,195.90233828855872,776.5324483964073,527.0867960074057,29801.259396122427,22995.75569355073,175.5013224644045,1442.5836298524246,6565.32422560929,1534.1176379308317,2.822300479919494e-06,6.562061472818121e-05,0.015401382480006331,0.047561987076163915,0.006251803470443548,0.022411834684419134,0.5462395626781792
446,-713.9845460762359,765418.1523864904,688824.7841560761,122117.78113687495,61726.88874399387,57658.0289595487,55185.44898421255,30494.226675386795,16889.4939197546,4100.797230500058,3140.9791032575695,2596.3218190704933,302.6086124693321,905.8498294594802,397.68040752940135,28332.57217176925,34532.52739030643,206.38025348395408,1616.4581529729505,10065.31114125151,99992.8052827723,5.476358152955138e-06,4.56275003147878e-05,0.014106261714568536,0.05611126091004783,0.013097771541503708,0.02686073498029356,0.5810980844607867
447,-706.9504613073793,753255.3102247914,674239.2705705663,123667.48883440947,64417.2896305093,56877.47566501628,54496.40013229412,30307.281164442025,16929.434760461052,3261.914186462673,3365.659271524962,2861.0980058812925,465.8083450877924,1125.03388900629,451.50868148198975,29211.728179151276,26322.154257504422,174.13391905511887,1568.171769582682,8890.50591366281,1255.2181502889255,2.6127820904819497e-06,6.666582031836716e-05,0.011680506763825017,0.0483465016893086,0.010809527622947492,0.023582903852828234,0.5588088756985577
448,-712.9776785835409,823625.1378371674,720118.8691099873,125620.81196015772,60715.666530954404,60064.39893263842,56491.079684299366,27754.882456427138,16000.570507395285,4849.511347773125,3298.099690939555,2690.40626046357,249.72085514100633,775.8542253222037,726.193831989787,29477.134538819028,37296.169305942836,307.0975437389324,1895.8419148849828,7367.774688553195,1872.4761081833158,3.95865156223573e-06,2.8604485239106897e-05,0.012809672123729196,0.058574284465703286,0.01665858738706736,0.01875305361952421,0.5840145996864192
449,-768.5186490567519,779927.9979918217,689277.0462700154,122241.43281515768,59709.250900082785,54538.83843327885,50517.91108955581,27860.42748004197,16810.429322877804,4432.439350249418,3147.441093593047,2885.5652391840995,180.66545384276165,852.4939184564106,424.88481935805373,28577.900945093235,60228.72497237757,298.5292470120486,1694.4967582222398,6560.809400383334,892.4865569753525,4.848732822232458e-06,3.0003157239362417e-05,0.023721093754559344,0.039343694963366774,0.01332874189374348,0.025733730830946027,0.49589321547792115
450,-754.4731152584543,791047.1224494195,699645.2418307393,126027.15692020861,60645.18552914795,53944.32658644911,50398.98823418274,14134.655837177275,16502.147659536473,4436.254150103322,3132.6690612019934,2899.8395510836745,260.7031340452414,737.0718781506414,600.1016058190083,30538.955210751,19694.34870769078,243.58166051983488,1402.3992571142817,4984.243233153874,903.7932367070741,4.361544794493917e-06,8.954098540084217e-05,0.023042144560039623,0.038022467044144935,0.013149863341935549,0.013918349431210257,0.34252664637872243
451,-721.1933995052866,781239.4652196163,695701.7743052237,118493.11000569719,61541.32513978316,54539.62418302346,50956.59353726912,22927.113126700297,17054.433941942694,4551.3240153010875,3192.8016279790068,2843.4198301646875,349.42039706940756,979.0411215566947,148.85031745024807,29012.75506373603,25688.1754549223,262.8270159724664,1667.1218151528549,6183.914172466928,9450.62240270961,5.224801768274574e-06,4.679628493298291e-05,0.023397499600173996,0.051805797837766496,0.00804782780602186,0.013602779596330617,0.3977216759354265
452,-745.8506679923582,747963.558588562,623264.813257037,119165.5127863115,58021.91957001611,55318.92281187546,53261.05711335775,32279.3035622562,17066.388850085576,5086.619011426319,3161.1377839663573,2780.4781313970398,113.42636640809675,636.8067324977826,199.41265181504278,27901.483434764814,28052.186329811615,175.21859990952913,1727.6296730271683,9079.29533963678,2565.4657877802665,2.931839479509584e-06,3.630875286097508e-05,0.021273640682400105,0.05347316227172891,0.012409570855695893,0.018535725919526146,0.6134799059155456
453,-968.594802440566,789798.0835159583,710268.3868177623,123022.17631721213,59763.36766900308,58678.854182258794,55124.35068431884,33781.628355853965,16682.625205257278,4683.913628423082,3117.0907883927875,2855.7273963457783,178.4175879731324,695.4787366753006,426.938700380347,30532.166403492793,27559.588525855015,283.3772424060947,1520.5699752653536,13434.972078044506,2220.720721325151,5.251410856329825e-06,5.602970487950885e-05,0.015762110263231224,0.04218140492711915,0.012118741977696242,0.019339125618914446,0.6919664412793325
454,-747.5225819748207,772399.130687715,676057.7133470516,131688.1156413007,62771.0177257338,56601.15954355682,54206.84407381814,31533.594535676668,16817.298460617087,3478.9321377950314,3766.4894339759944,3012.607775970321,391.289980693115,1104.945472729247,1194.8162660116302,28824.267768331996,27539.80692623906,190.07223287654355,1491.941750166803,8642.023241840701,7745.833633766149,1.3144600691141756e-06,5.459193565417439e-05,0.011823471671674432,0.05253104441528428,0.010372247123136981,0.026417293936880366,0.641240191771202
455,-737.8658227335461,800586.382908356,703076.7502896534,119486.12340003255,60396.13794958614,56196.2015194943,52751.51929535389,21696.56215919453,16511.643342558295,4260.069872898415,3477.887325367524,3044.611040830675,210.56233657929448,921.8386107250759,222.3302896427287,29458.609462593962,23715.831788800395,255.25195623331084,1511.223146171374,4501.48316764481,99999.9999999819,3.3620350566514978e-06,6.487102976464277e-05,0.013584657940514396,0.051332795415622044,0.0054613166046578385,0.022695520885708996,0.42578730305808266
456,-658.3902925025174,779716.011414875,707674.8871210845,129493.84235830542,61359.330773562186,56635.35860956476,52922.07277669705,32047.249942145554,17010.27004112634,4485.035629299267,2969.1117747452236,2837.8020852442446,273.41142404011686,866.8266671026521,681.0101304846766,28794.87041213623,34935.1281970255,266.6254509789991,1736.008685089855,8275.54253104291,99999.9999999906,5.545171559982608e-06,4.4475974584227126e-05,0.014069856269780035,0.032482096417352356,0.011031129181633941,0.018304546792851737,0.5800624715096997
457,-657.262056055514,770301.54062148,612553.8788335812,119705.07100576424,61091.51787342742,57781.58236056622,55579.13582660755,29440.14604509157,16722.859878333107,7981.88252752937,3038.6737639952657,2795.425048924352,259.7269935841365,754.3061356443076,285.4589778482006,29728.34151877784,20813.940700052695,178.3660953014428,1696.6839028798017,6231.875232695408,1101.3666448611423,4.853479147264535e-06,5.928181674650646e-05,0.020851563313586008,0.04040679444877394,0.012026418824589434,0.023580117821413102,0.5936780143307915
458,-770.485210829512,773269.178142328,690117.6457599506,120005.8850721674,62022.56341884512,54815.758999500715,50756.79808143177,33730.41113792866,16779.720744778137,4386.394487829192,3088.7546647475933,2740.357625732774,267.41466327565104,759.0226718737981,261.8142948693244,28394.072101830985,27288.60592132509,308.10384582880033,1574.6284220215387,7792.968158961589,521.4732057636378,4.8971765621664706e-06,3.9336903751046334e-05,0.014456638101489403,0.0539404587290184,0.013285484185163164,0.016913849406220545,0.6311682382681961
459,-878.6023226960083,803175.6778050844,669667.2204535888,135476.11003738196,64965.19893014726,54512.73403967064,48000.0728446546,32914.62363317053,16396.84087836223,4784.836824739186,3551.30238632274,2825.9152805910635,460.7495488277755,1088.453806564033,1575.5960571682388,27999.04205013325,86111.437855212,511.19955865866825,1621.2593655875926,7084.376940648357,667.8729220753028,1.5146141588562455e-06,2.2986664478990545e-05,0.014516611506697964,0.05591638703338116,0.012473938965113816,0.018922828061402792,0.573026615482683
460,-737.2968146398242,788624.6310040476,687690.5660379652,121710.69546270894,57165.51374856448,56708.39982657581,53964.97269910502,21179.165716214822,16285.991808848152,5323.177538138069,3102.0946534597338,2925.6416397788967,76.32785636882126,569.301986642881,351.91140907388217,31053.44796554284,15001.547813563637,193.0308093584259,1423.2707196207564,4934.474576191291,99999.99953472544,4.405337373139293e-06,9.131022411621451e-05,0.016980639914386652,0.03179487043116417,0.013158612806882977,0.016697631236303887,0.42470194373059816
461,-661.7934191501419,817869.6239008219,727996.8533996367,125059.12380705617,59473.525060515974,57971.56277625942,55868.026725305615,31018.543764966507,16616.22824836064,3907.916679113746,3434.9043903937504,3100.3797437738376,217.84253171550736,830.871165518,555.5961485502592,29903.884480246114,32745.689322343802,166.85609701982136,1581.857779963762,6409.222819658736,2080.6756351754398,2.9463522984238026e-06,5.680743701741069e-05,0.009654776256536435,0.05136256994912589,0.00642470583501675,0.0263655347140207,0.6367319783000666
462,-781.1268311603278,806717.4991904136,720060.2024066387,121568.21944388266,60535.309784983794,56050.27108682933,52003.8122959162,19064.191271465355,16473.184246944315,4747.073207936595,3084.670448084135,2776.4924188673504,239.21927856511684,819.6237280768834,336.6372990993178,29939.536214576285,29621.76775678857,308.6891970857143,1545.1141638953907,4812.290944072646,99999.99999986324,5.2362321063122826e-06,5.912963390414638e-05,0.021586539642448218,0.052999423825471924,0.010365011050595771,0.01794535058945735,0.4184486155064961
463,-815.2654273358344,779153.737976905,698292.0190327334,122167.89629475807,59797.30643812931,54775.30987096228,51629.02144961916,35329.72257924669,16779.366025987958,4263.604445277765,2933.590526194799,2723.7292249408806,214.23787759947484,783.3549702888911,295.086051902422,28077.91981565386,49677.54578138694,238.6499611690276,1910.0786751237229,6439.932743310476,1125.7823558293228,4.6255109951282935e-06,2.4150755994573957e-05,0.01127406724791667,0.060055098706765085,0.007837736441009045,0.02320037084942577,0.6498050316252196
464,-528.4418915067388,783475.6202885117,629797.704851945,116351.49145932686,61769.9736637141,56360.127146203005,53528.90576424534,35710.97532592684,16431.94160769339,7213.08671949493,3263.5388631460282,2718.81049635538,308.8757781749988,865.5612439642447,54.92964020147514,28981.424523777376,18213.83679007214,232.86502885337237,1578.1834560840039,11232.620082103258,683.1527439859159,4.62762211586592e-06,6.045040294593138e-05,0.015761925269218695,0.062065110861394546,0.005919825327327479,0.014113908790379007,0.7253356357265828
465,-787.2284662133488,775063.784257102,680342.8647339802,117857.9577542448,60247.053276815386,55450.04763165457,52170.14871326336,16473.47583399077,17004.642184082746,4172.4010125719005,3300.1199413751747,2662.0735603255393,305.77649509096506,864.8738772038788,122.87160654684912,30768.92811444207,19620.044051907218,206.27340357041828,1376.0879062320246,5199.7536884297915,17855.645436227205,3.909972163002352e-06,9.561132114174169e-05,0.011968741517860525,0.07106813471224889,0.006159978128642991,0.020694811677811543,0.3668872721922769
466,-655.0366125353816,776863.51442536,649001.2878005425,130546.28499832923,61511.58728315687,56386.565972189666,54181.6890575473,31337.07173140478,16863.256024785343,5218.316649889555,3371.4313554887453,2986.662726937603,312.0749209110053,930.1512384802791,961.0200371446514,28673.990190635403,29661.03903330409,185.4874251911007,1611.9503974886254,6601.154252886827,99999.9778593274,1.881609384527198e-06,3.616245584111252e-05,0.014859798276035145,0.047192566848702926,0.011971436014585446,0.015505952993072612,0.5694160771419036
467,-888.0156947487968,834109.1769208411,710896.0020848103,137826.7494601385,62423.870076347266,55716.02054885867,53201.11153219882,36303.50614533256,15866.808842618539,4224.2580036240415,3717.577302732022,2949.472090132303,275.84063354294835,875.9164919927239,2476.33336144993,30869.31537943303,20107.47907746785,212.2439494908383,1578.7319647002985,7091.925672297344,875.7396548016884,9.02384716830219e-07,4.1149642739625434e-05,0.023958997965514896,0.0508754716024529,0.016916556116469368,0.01568353133811834,0.7328611074464967
468,-672.0281172567901,779301.3370245752,706163.5005250702,120567.61403830316,60440.31427585714,59279.77657943276,55626.851044782685,27238.90634180614,16733.58912415653,4306.79416998912,3215.8164369733336,2760.1842761563303,205.38414291713156,786.8191124789466,251.46598696458292,30439.042221940592,16050.56296813683,270.5404020405457,1449.409483071601,6396.99184745151,2078.8482592895357,5.131087023344866e-06,7.938669389957429e-05,0.015884796273817007,0.050211832463677164,0.009352512386621136,0.015276290452810785,0.5222588527475738
469,-609.1740201645007,790139.5871564959,670108.1003631451,130501.46593239282,63006.59982996279,55198.96365479402,50541.32739168323,25765.151720486992,16687.539623818528,4605.42246531247,3358.081410098534,2987.0184299273046,350.4651317671596,1037.1547032151173,1082.920518529438,29025.7386156352,33985.27005192809,354.47561323797646,1654.1881560914494,5125.626118466082,1017.1380897888025,2.0790297824289296e-06,3.7334791847108024e-05,0.015108383643983052,0.04727664160070309,0.011593769091419922,0.017443168877349893,0.4640115776401874
470,-949.5660446214714,779379.2903375358,701586.0681656551,125932.02326473584,60417.22554355502,54575.01222369367,51570.93677601454,29007.213539720942,16970.8672214184,4709.508725588131,3160.560098837055,2939.5928931026665,250.57994617545904,932.8185197912627,628.0538937722899,29059.11607940421,44669.193426759346,241.47466654062185,2037.4877861963294,8122.867730742849,808.349203793449,5.495760021689406e-06,1.0602024424397386e-05,0.01732908179972784,0.03013488204647389,0.012748264614609577,0.016889624790686675,0.5222440208300939
471,-756.9139864777324,787560.6380767939,694133.0436280288,118749.07645373736,62146.1288763915,54563.81279297943,51140.8048676742,27182.609757514612,16660.079612157835,4775.833759900635,3224.671147533918,2667.335758622604,382.0616408128861,904.5901449100975,179.86138791344322,28304.837772619245,46246.68072960333,281.5598929619943,1715.933886110746,7051.6721929161995,99999.99999975933,4.788378392588036e-06,2.7777777452708757e-05,0.0123335623869828,0.0705174758108469,0.006939893783723862,0.016125895333657596,0.4812723076928895
472,-929.4773014799517,819183.8594761908,694791.5505265302,139218.0488047979,60525.94117293301,57916.21584057891,55423.83315949622,31544.08301513524,16660.255688248042,4729.747509700569,3474.1174993422965,2986.370122736428,232.16978247559632,919.5423647551011,1472.1171850199657,30964.693430104206,26641.573858456504,198.98763395509818,1528.6359319609,7923.556879101746,99999.99999893812,2.5177467303432287e-06,5.4387942961586086e-05,0.020528743263385593,0.03435361596666532,0.016588866529903743,0.023563102290299526,0.6071831863269275
473,-780.7051855652003,796539.8527734772,712701.8182840713,123141.54115934702,60207.10941131593,57070.31501469926,53716.12201585703,33049.60782579292,16413.452291517133,4594.8169932456585,3008.5844813693175,2878.502510611966,213.41617524235141,862.6073375935395,442.183088059742,29718.012558673134,26360.277366851606,266.7608481702844,1543.756560119233,8682.20300637354,2478.031038234641,4.725298690572387e-06,3.912279335198778e-05,0.018116007456243234,0.03809418914423583,0.010859540972497155,0.016929812656078805,0.577254203570949
474,-859.538171079549,777500.2898906965,713853.2297463334,117678.71011689765,59813.106059922364,56068.19615980513,52564.58606052551,23216.612768284624,16430.16900923252,4235.1023653028815,2904.454951704525,2886.9137426569678,207.47491839288003,729.1274116579539,109.34476124180037,29351.432031516808,28148.923931753034,259.218849440252,1717.8002144114816,6726.914698268299,2503.579202330063,6.8567229417317704e-06,4.873062261695488e-05,0.01956730285630399,0.02519948162365369,0.007708222537888817,0.01851894645034537,0.44567236617593653
475,-713.6890788147136,790862.4288639756,707024.1611036905,123721.64644012526,59170.227009545604,56380.264235076036,52976.473092435146,24516.707556568625,16319.566495649902,4429.041307052031,3126.4756974903225,2787.3463639236975,153.37994543184087,591.7935462203941,518.9934561122614,30315.02516608489,19357.94171878727,263.1268868670396,1281.2107692450916,6815.8420561190305,99999.99999999984,4.876863348110158e-06,7.750673328381797e-05,0.017597707015387428,0.040582687297821156,0.011747465994312489,0.01993794398358087,0.48127740736492897
476,-677.998641342132,789515.861268722,690708.6137464388,123672.11049989072,59307.54744558316,56249.1459388655,52373.67066520644,30627.811361241744,16700.409880989777,4340.121989044677,3445.1794124236353,3030.810645863107,171.34066285920966,761.680481381274,443.55772239111974,29955.96734089626,21850.427820982928,274.79728554115513,1387.0148148145595,9201.388322129818,61122.03883480325,3.507661819579647e-06,6.638943133870662e-05,0.021657496033345755,0.05137393570959186,0.008579638078638692,0.022180794416754086,0.5692092939710636
477,-718.6652301339662,765005.6624521513,675694.1311511666,118479.58597075782,62345.86049593381,55229.98945791308,51521.11886518001,21031.5251724373,17177.633229030558,4171.702730076435,3332.835223190827,2863.482389096801,280.06943195198414,932.1258506296232,187.70087737976002,29075.397764588284,22685.672873170115,261.5374020864156,1497.420853167513,5750.45298049374,929.2163486394197,3.855481941136835e-06,6.18999713309603e-05,0.009909350327384285,0.058214605504038466,0.009326278567236728,0.01520845392651746,0.35891289025993467
478,-690.5935826357553,786115.2419459486,696071.1573068323,131789.22091696408,60657.74242084018,54600.74419471588,50687.62090622367,29239.44514252379,16595.48618214746,4222.675362298134,2975.29543517828,2671.6374723146296,229.10734834117991,845.3813820459981,1033.8985130146705,28691.547528539537,37371.97380330543,306.0403327227746,1658.2942930264398,10987.307248497847,99999.99999896139,4.465709718297333e-06,3.4415675060503274e-05,0.025971906421533617,0.04326324260577938,0.01601291115959156,0.026069675069341727,0.5608227528105805
479,-668.9460173547425,776668.1142540344,703147.7207855864,126990.41615444631,58085.77181614076,56863.20104049667,53112.10884447759,29480.048989660805,16869.538311922424,4140.209986598328,3088.482075206326,2944.3492156686207,134.70013451804084,656.8103764359946,734.1486394287962,29082.445201061622,25557.675394796657,290.8756877375303,1489.191983227016,11370.472525629408,3875.5578016040745,5.093527093456574e-06,5.688778190993483e-05,0.01755383614817587,0.027162595786916457,0.013552902085098769,0.017710603202738224,0.5749673737764716
480,-724.5165898031821,819366.9574522956,728468.2140393738,118734.19451823413,59624.541448618664,56800.51224791877,52793.67703754086,19425.465525171974,15923.99381790598,4517.01982828237,3182.241718857791,2774.7923692427507,195.32879437298823,783.4723161343572,147.16666979136954,31502.909801641534,17339.722591153582,265.31657703643015,1535.7683672878095,5099.558841517112,99999.99999995188,4.694027867385634e-06,8.097144313056159e-05,0.012018318755600749,0.057824115578228405,0.008379304327383989,0.01782141401837042,0.41401290921563055
481,-1015.8723465995074,803542.3225346411,694625.3400999606,134677.8508230695,65839.63023839545,57200.86559550397,55212.80094495107,29033.96828681613,16291.055142527115,4544.268344597136,3522.6371643189023,3008.6426225490222,505.3644751793355,1073.7814669493193,1237.9584695771084,30748.260434504027,21899.32153284044,154.6420185331343,1452.2085002684396,7379.049781188543,99999.99994991173,2.3951698431601633e-06,7.260958152530332e-05,0.022436153242135194,0.04199205885244547,0.010788364163270473,0.027247133319629305,0.5786236377212788
482,-844.3416231700166,808677.1784412417,718637.330938344,121883.23679515294,56563.46313609315,57292.45734326603,55647.94093974135,32922.40550563142,16330.868424026836,3813.1026965921155,3266.7296603105488,2818.3027080236325,53.17497910423327,591.66260534243,345.65399799580933,29853.437444992327,20811.54203651587,131.56166472729817,1492.2565477757137,9207.108897852338,1680.8743845080708,3.214849106946925e-06,6.38261013312506e-05,0.010547998250236263,0.06040110467538054,0.010002712297143787,0.02382561127287131,0.6739519286347195
483,-772.610485338251,788704.5263140996,714566.9322751954,126706.26129350472,58882.37675931637,55403.003943482516,52356.53512723216,32298.66097041415,16451.364960050552,4567.770062780621,3132.217722267527,2776.4779083772974,131.52587752329316,698.5944943725106,613.8462367619533,30156.952848220084,21629.4549588577,228.10196636340515,1470.1299108728363,7964.6368263454715,99999.99999859137,6.1891364632610644e-06,6.152135473886932e-05,0.021112735593959632,0.032937818728256185,0.013382231189056203,0.019762719308124264,0.5888083687287683
484,-815.9961251303187,783545.783803568,703497.5461021442,119481.49601985494,60073.69032092939,56852.25872438176,52920.382532540745,30085.6624914112,16628.078683232743,4472.305062316987,3059.927437444866,2901.014901132183,231.72795520526842,754.4296999850228,229.47512230894353,29442.536277820273,23472.780222491867,295.8346207334682,1671.2269688785113,10148.724574857722,2361.634904948632,4.945467516600498e-06,5.5064360817750135e-05,0.015158020731513363,0.037393131308046106,0.01183972753255397,0.017592717422976172,0.5625379934015874
485,-652.8672417274198,795857.8532638154,709233.9705266843,118538.4477687967,59108.165864535964,55480.81430313198,52019.105576343325,19455.981873479624,16775.06779921892,4559.923012365607,3102.882312038672,2839.0961572437463,180.2358399455909,726.4497763773073,188.83735584512775,28664.96277719972,41119.21102022396,267.55286547864756,1596.5888118614707,5152.111902220365,1544.3518689570644,4.809757931230465e-06,3.457486111071958e-05,0.010606779178402005,0.05283475328521915,0.010065979400570356,0.016190328076736513,0.33854221986357436
486,-762.3593344130995,794934.384235901,711448.4080674562,119515.2070492288,58544.4568353113,56496.87496189289,53876.35216661963,33483.48922148445,16698.352230598954,4415.788682223272,3367.443589741122,2619.5933067475185,136.63979953106426,775.6776957959102,237.9993807457538,28361.14093796528,26518.422155056956,246.32580872829536,1610.3859917276882,9906.89963236246,1805.5120362618727,5.2482419067415945e-06,3.400387343056558e-05,0.010290807467657004,0.07144168556807286,0.009260544984679665,0.018976389705423424,0.6727722912171594
487,-667.5215666983323,786130.7812822924,705824.2634933015,121776.99740418496,59119.12498419313,55901.954024980056,52102.51049613171,34090.52453453265,16869.043880224992,4519.14725457698,3104.284156975791,2813.395894542336,198.40264117331813,811.0566287011272,365.2663476694072,29346.104609808324,26414.754344391942,277.2243990792574,1631.6290393323502,13703.032773157547,787.0576750176239,5.618757378739432e-06,4.36003168784508e-05,0.015282667830033828,0.048424843592827234,0.010644455773538921,0.026398369986964227,0.6225081333328982
488,-840.4711833207057,785826.5629400386,690612.2500365296,123958.7332204836,57570.68995807328,55872.93101758413,52041.918797739745,32522.39763620141,16450.929304586083,4115.758151000523,3352.987344596906,2950.161637398705,105.24356824841537,581.1462468234653,417.79787027740724,28968.696362305538,25354.74176449299,291.04513890725246,1691.7264099447327,13836.043371463253,1087.006817359517,3.454354264658197e-06,4.218894593068136e-05,0.014159357473792749,0.04448149127421024,0.009428960823573574,0.01880629413868002,0.5941052668661715
489,-573.2257395558653,797314.4745922002,706175.3341253253,121178.05576275641,60447.81056108593,56998.08470299476,53340.189845175104,29984.537270383218,16547.395649504066,4304.5982894507815,3134.611348519145,2717.402688233363,224.54403817027193,760.0583052466478,246.59068834324523,29907.31025344997,24673.06909695467,293.5008605734874,1636.5999970734592,6554.584696861277,2884.82022018746,4.469890148367432e-06,4.255701366559306e-05,0.016413720609296942,0.0639748384391795,0.009686639883169297,0.018025279978199037,0.5697883250880539
490,-566.9067519146046,784951.0086633202,694999.5296967921,120060.07272956864,61317.219679556765,57282.46376618103,53128.90522646437,19055.064822499546,16870.06956299509,4381.095826171185,3077.1533379509306,2631.901408115389,304.1880162635895,1070.668797405046,218.01530330215948,30436.04255490217,25727.78623035723,289.1816748312916,1700.8961450718218,5696.156387956711,99994.76650261677,5.270097820517341e-06,5.76070997692286e-05,0.017665712262826597,0.06458280708801463,0.012209905191145998,0.015432949826197447,0.37925492189483434
491,-631.3040105952188,770980.2973811749,674441.079768307,117362.95145327013,61673.23828286861,57551.73579401706,53104.51300846478,19555.04035533989,16901.915093974218,4381.719804755967,3196.717995404827,2690.9209339594768,273.7449814028569,893.0881644452801,141.0725048747368,29918.792798988463,21540.265260602744,304.34037171990894,1538.3647666650027,5615.573417977331,3049.1342086874556,3.913901228986611e-06,8.8738157914423e-05,0.015756330472558953,0.063958616995813,0.014292977961962676,0.022958454128700647,0.4312232561146804
492,-836.884492480887,814936.5076022287,670736.609819679,116968.03865560613,57783.42747421457,57557.27075165706,55738.726839498224,33092.63236184212,16539.641572223332,8333.263357808824,2730.573062825685,2487.62104590665,104.69364250008732,625.4505813880343,82.498331511188,31706.256307299554,15380.80656198396,143.65386379802686,1436.7586921219727,14052.693258643207,671.5488917203757,5.911585144955358e-06,8.129285091021197e-05,0.010421082311733328,0.07191455058904313,0.015513490636886807,0.015826230496971128,0.6936278064977622
493,-570.0876619465253,784791.7048048098,701382.7300969234,129763.4775286508,59172.56143898816,58640.59953594149,55074.86679528493,32134.202661360254,16375.277650050943,4674.434950252706,2928.9743299894235,2798.973183815513,204.1891904679584,646.8055399846161,720.375605727792,30401.486461092194,17300.76002811079,282.9767832306218,1489.3226314827,8569.002854776472,2067.416100801736,5.515691858417504e-06,6.397241411920379e-05,0.024863636131982007,0.03205607132428766,0.013839326373291928,0.020459657796058,0.6120984404006997
494,-931.8915117458344,801398.1641906388,720329.8482448846,123738.04477515757,60885.251117803295,57226.32404950058,53695.07487410991,25065.515319470964,16448.97511321625,4514.742154595424,3105.8214110804615,2674.285099979217,284.8796861564581,915.6542229573165,649.5183880739648,29484.798799543343,17580.93344709052,271.31903968941816,1527.5733464736554,5469.955346698117,99993.4574693768,5.4532038655746e-06,6.811893663164792e-05,0.014244140918240559,0.050970936503427954,0.013260162086098568,0.019879370756796893,0.5163186528912405
495,-789.4308801560014,771510.9495323467,688984.9272500768,120784.64962383281,60041.20745486802,55992.86794760309,52178.28752797512,32651.65136411576,17033.213363042232,4314.794206018642,3218.8003939193954,2810.9725119445084,187.70928961123224,828.0870542227386,315.2805842001215,29972.207835852954,24147.454991864975,293.82041638125565,1622.967015780972,9994.198863096735,664.5292144534053,5.272478295846548e-06,5.659972429168493e-05,0.020552590378886956,0.04928001151755371,0.009029745028578121,0.017309430817267102,0.6861858693054316
496,-633.1536733596174,760062.8053274391,635712.7976282511,141607.5294110672,78733.72701682188,58866.63789572109,57010.85780606127,23282.29381704194,16860.48607200271,5097.188340922484,3206.4515738516916,2571.1283238904166,1356.2751043370736,1774.1910073830334,1304.6502452079385,30340.265038214606,26414.920359443706,149.06844305715134,1636.3938457803217,5398.468027762607,8891.70766108417,2.7924651960629234e-06,5.3483337736824845e-05,0.02370214735579191,0.0554356738259151,0.01244417200412277,0.017303554887038594,0.47754449745348915
497,-718.9746783480903,824722.7582779564,713534.5995494205,127399.70218280658,57278.53728632691,57041.960738065725,53544.52264986974,24178.13812585384,16045.915196687727,4192.283388532815,3533.196771780037,3106.334801266429,96.8929417685772,657.566914371437,983.4897823181054,30776.702950837192,24288.51810350443,254.76205202218344,1574.24674383032,6192.704328833185,1245.7720285256455,1.6466495311173228e-06,6.099648001863724e-05,0.014032461202568158,0.04107289388690553,0.013593504155828636,0.019634570039262993,0.48160782291766946
498,-660.3693595052305,776474.0563765274,691384.869559055,120126.3877953948,60758.772631375774,57281.866788483334,53812.18439489007,30790.875356951143,16677.766577120186,4404.0646887534585,3063.5781861977343,2717.6959432074295,245.34907685726833,811.7752257644422,244.66371505663693,28663.568436410067,39391.54086295485,298.1239207206521,1632.191739921271,11435.810230022544,12255.012843934916,5.049201728525976e-06,3.181064443475572e-05,0.019426539304504484,0.042996749714117675,0.014074652977441876,0.0173653276174261,0.6317135521725075
499,-678.67460415817,776575.9506831714,701008.6807782396,119351.19285613995,61112.84504129853,56055.27319023222,52426.17035937486,21607.63058946438,16614.93600740604,4499.153731764412,3047.9453545279375,2729.6477523849785,302.5425614662249,880.6968524732662,186.411710841958,28991.304019008327,24759.357349493042,281.27122747994645,1490.5050960644855,6353.012583851499,2059.6233966189498,5.845223199355804e-06,5.964380745672529e-05,0.013175056463703103,0.04469653952161885,0.011041645401784464,0.022498393302780396,0.44389563369993223
500,-684.6869347163517,786091.1479298,700756.6617456428,124047.25308345992,59296.49872517567,56803.880522966414,53530.84477674068,29689.61172609898,16624.940232417834,4648.281170657728,3251.3548589816965,2914.5731734890396,208.01165922749226,728.7303338339816,405.0175973679652,29127.558504500656,91825.00903959865,265.2781961052659,1840.9987727334644,7551.357768323176,2291.9351412623814,5.468366938684465e-06,3.4394450423887475e-05,0.029083008339889894,0.03202104827649716,0.009150969319684576,0.020017686715395586,0.592958458327845
501,-704.3534395295288,792600.2704684094,690911.9009021303,122117.86434353622,60507.3695618906,54954.91583727921,51457.839337101606,37086.771238541485,16485.94016504866,4425.22518379024,3465.7887256909457,2805.5901334616133,240.4427505428321,741.396518210298,362.33913707769483,28457.71005385138,27174.714024369157,266.2562735282486,1634.0458508840254,9435.221639281928,1626.3788729426121,3.5052998046796053e-06,4.5718547802952026e-05,0.006384844388622696,0.05820917604039012,0.010216453011149465,0.015686015500462187,0.7775109203395253
502,-865.6182615122585,792321.7773670306,690051.6737869259,128799.35463893342,60974.80558858024,58129.01496975485,55118.24152725014,33118.87320685166,16628.465154081827,4471.032284055457,3163.266471152618,2919.5181587543198,239.4275472853609,904.4630148729067,861.8167541085161,29359.567097303167,33976.579434864085,289.0565075414426,1699.550094579346,9438.34240450213,732.7562722752724,4.120557290199428e-06,2.7879372236145694e-05,0.02111639971455273,0.03877152901525055,0.009455560579476765,0.018241582473645834,0.7283173637257824
503,-794.1236637596734,795477.8763971145,690819.7529067292,118963.68130148851,60873.465820275844,58288.64290854836,54882.82298277996,26815.47899786484,16565.295797365863,4417.928722898715,3403.3713956737447,2982.8755996055347,297.90402575050115,895.0870474229846,161.48026476415458,29577.239579943183,52637.53970018912,279.44123933954256,1938.8936462297108,6767.036716579117,5083.825326271507,3.5602971540515797e-06,1.9821877511339924e-05,0.015463022922996249,0.057941271504965065,0.008064754760232972,0.02051432109728301,0.5375055470411433
504,-700.0391573959697,794732.8721745564,714681.7093157667,121046.26560689206,61011.19445106777,54942.78489343517,51462.12632117949,27036.45172592061,16508.14106233339,4281.80131177268,3062.7375698303267,2848.6809613742653,210.86402339905766,768.473680565413,298.4836815722596,29267.5990889633,28802.96327647886,285.9152439414722,1623.562016148619,6375.155996456818,2130.243042533976,5.2280598071564686e-06,4.479057976841816e-05,0.020474266688080285,0.043295749762782984,0.009808466650692986,0.016814784008827046,0.5082646527266685
505,-722.7532481370697,787366.2118920003,702105.8289065699,119855.90846025714,59505.82259163341,58994.20251314905,55698.400603128735,34456.31183929043,16521.01461608735,4624.378824072736,2954.9987553588035,2804.178114527569,209.5560670603043,870.6612879943414,270.6512509677443,27999.228052389655,47003.55001355816,292.5503815643225,1597.0498596867474,16129.81188364529,4123.731132491032,4.886563357067963e-06,3.543047849536939e-05,0.009933919686729,0.053027509770101906,0.008952129369408887,0.02158202866263261,0.7126762301828068
506,-726.3808091112203,770942.6433598689,690716.9179470036,120817.63530667502,60142.94034515127,54124.02735271685,49870.65406523302,33185.744235888815,16839.816502539245,4485.84436505502,3062.6430866872456,2835.6191962083235,200.94869013715575,717.8931273339883,321.91164100933173,28293.94527759001,19162.35410803609,297.6349132707363,1589.4022893639215,14290.817956886272,968.9643570833384,5.333238740352897e-06,4.4681341876656184e-05,0.009335078162853096,0.048123356959527755,0.011721643877420439,0.024091959810000476,0.6168465855039721
507,-813.0750488858102,795295.8255567317,692349.8550997245,126992.19320129597,57836.59624856402,54926.03730296058,52298.05271146722,22955.56167237419,16495.641455758774,4200.67271767015,3511.510422053712,3084.5717425493585,116.55102858046779,609.2919835338248,766.2645904536563,30244.635415129724,25062.613358359475,181.1484676342232,1580.0351596818925,4688.584799816262,3552.9851396986,2.3419580380383827e-06,6.263846177345947e-05,0.01663137344546447,0.04130850956735023,0.00951872720098243,0.02342730643230357,0.4311385547061129
508,-791.6505098135701,778005.6916826951,693242.6105853885,123692.42876530635,58491.19015888569,55600.63939571656,51995.88810550436,27581.074235396074,16837.99886027391,4747.352582746626,2941.364192159045,2988.6194834698476,125.21662343502723,778.5085187268653,371.75224443367017,30034.184580165555,38996.973148106765,263.1204598286058,1455.4365509149727,6707.4058466264805,962.3047990815664,5.726653764950582e-06,4.165480294913403e-05,0.022878119827945714,0.017995811067957106,0.013229028241141114,0.023024871246770082,0.47339453317815694
509,-775.2213046185859,776136.6185982222,691765.4956404858,123291.47212381108,55967.4687948349,59815.53722017817,57438.48824372,30029.56627582049,16674.540145670446,4473.372598953198,3145.174975023225,2984.5552170449614,31.817397256548954,525.0003731632343,467.36680141405617,30407.61218920801,19116.183872617075,214.22690805651493,1366.297961227253,10304.05865218378,1489.9538048838701,4.679813739533805e-06,7.226579127800117e-05,0.020885135571556294,0.027093062511844297,0.01272844644744971,0.021104646345123164,0.647668962060253
