sample,ll,T_NDH,T_ND,T_AWN,T_CV,N_Anc,N_H,N_ND,N_Den,N_N,N_Alt,N_Chag,N_Vin,p_H_N,p_H_WN,m_ND
0,-411.43318564768913,743849.1654806,679908.0869170235,117895.32773376528,60202.14967542108,17951.015752710577,27071.976279709677,2187.2423156767927,3792.626558714034,2403.988494761208,197.40727917581964,185.00024548015077,859.6827220201914,0.1157904570302726,0.013547616816565852,7.852360446107155e-07
1,-354.92754194368,761098.7270028363,701035.3147565899,127115.08758197354,65504.52816546091,17116.797212216337,28137.122375239727,2435.40504682451,3608.53132965879,2675.8038887941034,670.4806381055567,471.3624217064534,1113.7812487869842,0.0752090735357199,0.010092186881329918,2.168284184961434e-06
2,-396.34414523921834,761005.4537417553,728528.2460747425,132980.42337967633,66001.91917151882,17284.681040191852,28105.08954313195,1210.7681096605556,3901.4619948970526,2575.6807830310822,1902.1633449939927,507.5213520398626,1101.0951752951855,0.071603108836757,0.015106851558885264,1.6532845491996015e-06
3,-376.9937062402977,765995.6586985928,731307.7410909453,117048.77205328338,61693.886836286896,17400.68805169014,27826.944658298675,1522.523320665583,3654.9575983342133,2607.7635353067835,100.15799948256603,253.02420627347198,1040.6410874477253,0.07818895344786722,0.013345411745456955,2.584371217230587e-06
4,-389.2037126041706,772740.9227309438,683499.8180641526,120716.38704814106,61580.0014789085,16816.564824821682,28519.805523755596,3665.2508556226044,3459.550115875843,2493.463648213596,311.8615016003815,242.33793134156357,781.5837114426279,0.08250322351262575,0.014949975667448118,2.2333466389632694e-06
5,-316.45858312890573,753580.7526960096,720176.8648044346,119473.47768618817,64700.485985666615,17446.372686215207,27839.33395668586,1902.8998921306106,3149.726660386392,2346.405163143711,194.44178554709083,497.3898715824382,928.639489304799,0.08945929933011158,0.014016482493421434,5.472741723303911e-06
6,-295.33547671719543,757964.8223842258,644852.1519461501,122102.53668449105,63353.928138239164,17601.505132326547,26790.07660955647,3912.414945915144,3844.4628937543594,2510.40295650345,386.47183655289655,347.3068634286455,922.0986438176192,0.09100315064767117,0.015380116436258919,5.57904094710629e-07
7,-370.1150784172804,719599.3075269079,706438.1957677695,125679.97916694873,59280.28563341997,17671.970832516938,27307.248131645698,626.9395957311062,3476.131743300755,2851.666808618697,575.5855287752368,164.2325780674177,789.8307822703398,0.059553740448805535,0.01185383422723679,3.168730326189951e-06
8,-414.42134042945366,761017.4544021867,725786.1486110268,117470.80025084586,60570.61445062634,17190.441449821465,27257.259114552366,1384.2780882062732,3887.1968815920427,2580.3774775587412,109.17312037901662,186.3455047544061,934.2419740059804,0.09380338287082562,0.012890496510645586,2.429723119641175e-06
9,-315.7843971794788,766411.8127279561,708887.0191304006,124547.89055733928,65820.22473678869,17341.433909056952,27856.82351308875,2277.1155601374753,3852.7816787802903,2621.296151858702,713.9121448916785,461.80439265194957,1175.8289973453227,0.0813286730951524,0.011279790778287944,2.20928218473939e-06
10,-477.8284325418854,814883.4729440984,683943.8875961287,122627.81114289507,59465.770829191206,16706.023495868434,28144.80449568783,5049.804170793521,3646.773904463238,2491.737894350966,502.2461574833277,164.5675812099766,711.0125062909106,0.0897152558042083,0.014987594095496626,1.4240214406810256e-06
11,-293.0223651536536,767287.8829778495,645648.1225763177,125606.77310907593,59660.26244846679,17080.620845603364,27301.97686249258,4586.3419403713615,3631.5358441909066,2696.1091737197407,752.450535610729,195.82853141806623,733.275514247182,0.08314576081560206,0.011327964175021608,1.2463158027471758e-06
12,-406.583516154583,755445.0771537784,682988.6937020019,118415.73427188951,57610.78041502796,17909.910686377272,27166.316766648484,2705.2561651221513,3693.0639019547957,2554.584826212921,170.16936382468464,95.18585762430699,666.583953271183,0.09869344985727888,0.012315342977919835,2.0866620804380524e-06
13,-435.05014281392937,778160.3220712282,609174.9624329831,119032.53147988055,63254.44820622923,17236.549981944467,28609.727376420073,5863.925778134404,3796.4713441446565,2434.3750461127943,247.95105815593723,425.20559260918515,1064.5424863352798,0.1094813056866356,0.013665479216860496,1.019595885061758e-06
14,-365.9687289619785,748037.5229589314,727959.278577621,127850.98107581036,60687.19781516243,17539.686815890367,26515.974932304824,680.1212788409887,4064.4480413122697,2729.816409479443,607.3963876615683,216.581138790818,772.8075136314418,0.090019265588615,0.008233686514561182,6.580626656459846e-07
15,-397.91359935060746,786927.9992785593,630747.805086124,118805.58873864653,63438.10068524905,16932.121708395287,28663.94352481799,5438.325536307689,3617.7158970673972,2514.4434773248618,203.8808808491337,268.64267366427816,943.7161086781027,0.11008345573522585,0.011042612160083183,1.0000000028480739e-08
16,-415.3966010164374,715392.9990914564,662068.7929868506,116657.27154076664,61822.34433106824,18432.940546773796,25333.025455832387,1809.3879631906736,3801.8713395927866,2709.6920321515104,60.39948940188261,296.49697171497786,890.4305489422148,0.09922265781064935,0.008719704445594535,6.79059280004433e-08
17,-365.206629017389,772962.6786858708,733411.5598146778,125732.93361064617,66282.77324086611,17156.63803419237,27270.57756461198,1465.9035944770321,3533.201719462021,2711.1561804952426,513.6330224907077,496.38105730144827,1032.2961645998296,0.07972375732268507,0.010898060096362615,1.3793245985428672e-06
18,-290.75375045731266,759471.4600535769,667643.4761885088,124534.26497422432,71345.68102578842,17224.86622984148,27727.318850121097,3775.8682868998258,3361.8268897917083,2319.6482103704348,580.4155953916294,721.3236747955133,1414.7653585780104,0.10713840886629186,0.010941197029815176,2.662828455667741e-06
19,-312.6666477548835,734171.3548552865,682813.9059514962,117589.98763752545,61263.40115741487,17759.690043617153,27877.305637827736,3206.5094355273077,3033.897048246325,2278.887603388439,108.82112760359911,237.33847451092618,1014.4732821230298,0.09256233220263713,0.01265451244416477,5.844816175498746e-06
20,-303.6637535598436,771673.9362951327,659660.1530883032,168701.8938544348,104826.56553614305,17381.281741569,27489.915940432802,3790.966735326979,3781.459813194032,1799.255844726107,3098.7948213918007,3292.2311379372923,3424.962430149883,0.09632249039616685,0.01489863151975537,1.0000000007704149e-08
21,-309.38661319162543,798080.8817604963,729652.5340687667,119177.25524623919,60426.883022122754,16737.62719773507,28338.86764485986,3348.0101750027943,3283.8840640786298,2515.257718151699,178.397360528928,228.6407649249724,805.1276861673338,0.0932037997076207,0.008019031685522506,4.165535264668142e-06
22,-369.66243562479644,730337.8492523214,674982.0799017516,117920.13212500114,62113.05084710959,17731.507637534927,26663.27416109525,2248.0831964596196,3535.625384061161,2485.2346053074843,117.53071283521524,273.5729005294889,843.0024493536386,0.1090455551942608,0.008842471030883942,2.2896162000417117e-06
23,-413.22026327479716,769381.438625961,743296.2912452267,116995.32148623386,61157.90380001161,17185.62969182529,27623.730728857874,1070.8590451803052,3498.4159115162306,2544.2729558634824,97.24921312996543,292.74606171952803,894.287853211099,0.08814589569652591,0.013307491043306136,2.872631873827519e-06
24,-325.8921709260786,783881.2723515681,732853.3557922712,124433.05698777182,66616.23463818514,17189.51005030161,28861.884584356052,1735.9113646630633,4184.103148559013,2621.31119251223,639.5277169563523,530.2501665103673,1376.272521122988,0.09242668923672942,0.012396999571622182,5.427711920164592e-07
25,-371.2256851743318,778234.93481428,677391.5711435167,119420.01133089486,61912.247947047064,17049.069877976322,27506.989810485513,3761.925904990523,3559.1209161415286,2512.5301254717283,236.74280663961622,273.4122660892205,843.2306890520638,0.10707757723884206,0.010317942163279269,1.5885205254241422e-06
26,-580.74992584978,771361.8480418838,674458.3800218675,117931.96291604127,58753.82887730875,17587.347179103093,27083.452963800537,3339.2312410899167,3847.446055853579,2580.587193797173,177.95234248167668,134.1483645776074,660.2446701276506,0.10581828829115886,0.014270738234938537,9.093540316563338e-07
27,-347.90294156584883,751871.3627760774,719780.0123716524,124917.43464102369,65057.076413217655,17530.79504570514,26355.604200008707,1346.0906181143832,3807.369760795062,2551.8642688929112,620.1972219756702,418.91775670673053,970.3253116469607,0.08093852202927922,0.015367008658548228,2.2599385414422678e-06
28,-405.31832340424853,759429.851145799,681966.0552819257,117940.86146227256,58610.66496396109,17105.752827687284,27085.461622726532,7755.5314180038595,2735.241410639263,2306.1991927067784,155.00394499920353,144.23173790218064,800.4748230748199,0.055508555821592656,0.018954903835378095,8.19388423918017e-06
29,-360.1671090013753,767404.475623839,689643.8983384477,141621.21421870674,80846.56037246973,17024.097243783643,28271.474674167748,3353.6422847587473,3437.823310784958,2289.0670823506816,1428.984885935519,1087.4929829468304,2002.3682932565528,0.07523739758053884,0.013082706350146054,2.8856416055132677e-06
30,-292.2413339921454,753764.3892874517,674354.371199495,124174.5455415356,62146.445068118905,17195.391983033423,27422.721318576638,2535.7826287428993,4087.504804461523,2488.771568030053,592.0155756305501,324.322296994839,1001.3335693997172,0.10509493900023954,0.012609087574684845,1.019049550902755e-07
31,-453.56440969249337,777361.4908835478,749669.1857229889,117601.88374613067,59861.70065416529,16909.51158402345,28350.356082594855,979.5052335623554,3879.429349981473,2516.970538301124,115.73642151132904,225.38165287120873,708.4210739108208,0.09567296061023778,0.010851896226356572,1.9844866818970618e-06
32,-376.1127724222672,789638.1325966675,750481.4551116856,121348.42134986751,58572.08662621862,16748.298634165105,26768.675825855735,1720.1539823461687,3612.665480709838,2745.3250451430426,506.40778132986554,139.28043758040477,702.3494772928843,0.06448736549393252,0.0118033688555774,2.474148719092225e-06
33,-263.22431843024935,753730.5048829352,728227.4884935534,141979.3791564581,73337.65815915399,17501.50243195563,27698.2739010246,877.1667760597467,4234.513364318753,2616.313303263829,2112.8031647593502,934.4892978204756,1467.726980839697,0.07453477465511646,0.014776381425620698,1.2262867679721962e-07
34,-405.4569657343611,820225.6355442593,730291.3956290062,116443.31554967932,59458.0170739769,16264.452482620907,29150.52609604458,3518.762072334663,3704.2787309990817,2637.059812315119,54.55429896600547,156.55959663659524,773.7474579164979,0.09163356352398427,0.012167982632472504,2.328680464572463e-06
35,-485.87438080026084,799812.3686787962,677237.6443555005,117332.35728161967,59234.33262462807,16740.31789759887,28830.623991791825,7498.449475827797,2811.942760970191,2685.1578167986663,89.72151257125026,141.80455157283774,715.097726204911,0.055583544995575794,0.012972213988896074,5.352146499439612e-06
36,-387.86634068748754,763055.0151500797,711379.5292575657,117677.94551807523,62946.4772746277,17269.40716392726,27292.36016929737,1938.5373122786996,3771.5125543108325,2600.6912433653674,120.7685958912226,387.0569814630921,1102.6061923748553,0.09694875408730225,0.009293543260847494,1.2692052467012423e-06
37,-369.0238017265172,761453.261530076,742574.6828040511,117532.8454340624,65196.5477543395,17654.242425411438,29386.2917927508,733.1338066172285,3861.4069482451796,2617.868119595865,126.39162267516889,480.9956556455772,1127.5135209226075,0.09651881523871486,0.008443921079511788,2.3508792353123772e-06
38,-276.6936353471996,766342.9691600183,733808.4853815234,156137.01489584363,89608.95061465979,17378.998650183148,26770.575096846154,1049.2810641945225,4082.2120722059644,2090.9318368345666,2469.357501690333,1624.158509743526,2941.0748282355885,0.09675351617419818,0.014233619365796256,1.0000000044212617e-08
39,-338.0133490095278,745730.546038614,648882.7851928022,126801.44954850977,68697.39452538938,17606.716761427073,28204.59184517887,3350.907240408731,4044.6064861790237,2536.7147358081716,785.379196206469,718.0147755300889,1327.6596413731788,0.1017567183877021,0.0090280503969093,3.822698728712525e-08
40,-311.3538910866589,815985.5268825543,790543.6486783841,117711.49540275634,61003.5123380425,16599.978720551833,28331.639890327686,1376.9460889942136,3425.1187151809936,2547.362613755674,119.04838418532576,341.77451789989,879.7294322319939,0.08048201207269895,0.010609481207299558,4.676621317479909e-06
41,-486.4853152577978,781677.4886790658,722842.8725798792,127102.35959463494,64980.4957838288,17286.428413451704,27382.77337003197,2183.9961198320098,3567.1951920353895,2628.968895333852,713.2774783408486,430.8630259649884,1021.0909106540144,0.09124323907384316,0.009331939813100319,1.5477128119922623e-06
42,-382.8540482608772,751176.6112675881,682949.7005676151,116769.95380225196,62926.50250480705,17561.861282943417,28013.590175195935,2568.1142229664,3972.3671286201165,2454.9459148507776,79.86865437728336,329.09520751037434,1027.1674763886838,0.12114182950028625,0.007253067637714068,1.413570291127737e-06
43,-462.22813736961,774771.1067978793,755458.1422731035,119330.78619086438,61842.27722565868,17449.46278370156,28026.178112344904,788.3423825641621,3761.5715862590428,2679.455682928985,206.31892533639456,264.3318638437307,918.7418143194609,0.09341658669225855,0.009836514006501543,2.503984758431108e-06
44,-422.4067066595684,767504.7655074913,738521.2706676712,118855.4293636306,62890.02582255547,17259.47989280146,28292.67624170237,1171.804076551527,3573.8127708018988,2504.519262773292,168.82195396002476,352.0207653011125,948.2816382691952,0.09851123678831007,0.011483286152642597,2.5327818861398556e-06
45,-542.2693184042287,758536.380106212,676493.7611658579,118577.15133035058,62052.76890116926,17413.290864855775,26924.508542975498,3420.176030446331,3654.79573874229,2591.950277907177,186.9055980449527,348.73842893343607,995.9133572136354,0.08975089566025314,0.00999927492553643,2.3633056967382623e-06
46,-392.9803515228627,750532.6130219087,715562.5051967513,128617.70454082522,62483.18200927318,17269.88079157287,27830.072770219773,1480.9131885793777,3885.208668219259,2781.9725647009413,888.6481786990342,301.50570890716716,838.8225593452238,0.06396946990168151,0.01271893314900718,2.4704220804529807e-06
47,-621.8015904253434,722104.7502706823,716126.0776407244,117073.89910509603,59546.43692455093,17930.818727669088,26519.347232476215,210.36580090133324,3703.0315282225192,2494.6586092814327,85.97061543327355,146.45908146701427,728.5948238515904,0.11128831766793788,0.010113561816918309,1.1316265511747306e-06
48,-263.07881907749106,757522.0319889227,654693.1624454255,118012.01067655032,63012.759491150704,17260.366729605925,27402.05918585369,3892.6724366853773,3492.1432737739133,2387.4234433934566,150.66637118024215,343.0429185602266,870.8083454384038,0.10871967099032957,0.011296790727056485,1.526379783962981e-06
49,-431.3671332162519,801051.2070117041,730364.201961601,116620.3904497845,61696.41459184478,17000.030133744654,27933.36158206161,3223.8620542144163,3330.567980336056,2492.2135389189857,68.7686828504643,227.04985732835405,768.1342451475809,0.09082990994998721,0.01542172681319528,3.2812722468238125e-06
50,-470.6136124195811,802358.5568298345,767006.945505189,125065.77778771298,66093.51656126032,17059.12179090569,29462.79422707068,1479.584556606398,3558.9648170561504,2640.280297970211,550.2059989279517,564.7497212357465,1344.5807657466978,0.08732580481993127,0.008798441460531598,2.9328904066195797e-06
51,-336.4200140595723,742224.7208775884,698526.2645272728,123469.29349763985,63836.151187031646,17745.320492115028,27769.91983957151,1710.0133947637428,3676.2672533149325,2614.906488007075,439.0939603620513,396.1127681119325,938.4119851549596,0.08274444808199816,0.01001973298402809,1.7401010059678192e-06
52,-463.41610662496794,787600.1653698762,743212.3239880295,129323.42710053883,69653.74902852069,16657.161767021127,29361.456809716507,1559.0257522197746,3704.0167081601016,2591.607069712766,1000.4184338040504,696.6493606788737,1151.8019707016979,0.09348114208169958,0.010920233001136561,8.858404365930225e-07
53,-376.56966349386903,767687.4552026642,618238.4657637845,157400.43879608205,108032.10536661677,17572.954442391496,27832.51927855754,5319.7893351579605,3675.264068725464,1755.2227389182056,3061.4981989703124,2368.242488379063,3730.6880808881347,0.12072604664991518,0.010812347234653213,1.179742112494112e-07
54,-286.8374077003068,752783.4989675432,737980.3156351693,143305.84109815967,82696.36507973413,17616.18659775461,27720.515261800374,530.0751826470829,3977.330713891956,2160.997230351899,1841.330701090179,1561.4958440579246,2109.7357394661453,0.09799957644963381,0.012399249251126112,1.1186184006787063e-06
55,-271.1426569587892,722197.0401961849,712156.1436315337,118702.61347219722,61793.36339876749,17920.5002444399,27211.664505765155,401.3880433844943,3816.1354333657077,2761.512521351281,185.75154717437917,239.19035776954541,707.1709713118828,0.08545419683675987,0.013437234432017754,1.7343460480693583e-06
56,-390.59585467280476,747095.2222916846,659597.4607775672,123412.63274574159,61760.63544239887,17510.94719617661,28176.97540969032,3047.7418251644694,3819.3326083259335,2593.0147273691055,572.3173794739713,277.2029544077177,844.9333999417868,0.09262092431405484,0.01601036523923289,1.8129290868026973e-07
57,-331.94758282395594,715784.6512092935,697091.481146812,120529.84045141931,60815.35819039558,18241.091798630565,27122.312325987754,659.6217156231485,3940.9708999410796,2720.8048771808412,282.7187210626893,215.38464560460264,868.7797697144789,0.09275872695044353,0.009054050166000905,2.1317847615392083e-07
58,-368.9087770059929,748575.910200988,698965.9632375198,118774.9269489043,66124.4774095768,17478.541260523878,27583.843255854666,1961.3687403171375,3578.334900159067,2556.3513777995304,159.14824415340567,491.84369496695143,1083.516840601768,0.0905673335738666,0.007427340204471453,2.475260910738495e-06
59,-337.2447710618835,781133.0352503185,753558.138414506,118018.75522254645,58513.18185982314,17076.965242158527,27049.56514546112,1133.5651850715728,3801.928332515007,2642.4456951843877,139.17943802975321,140.61628215901337,660.4236037539862,0.08727643186677612,0.011000064630593965,2.6196109371598475e-06
60,-476.7023169763713,781618.0563273967,702613.7613370878,125465.77246609636,64359.5609264156,16848.074606969545,27840.555165635935,2633.9920433086927,4131.926395795644,2668.9048133309448,590.5088230876414,368.7391344248105,864.052642195558,0.08886726301223045,0.012587489768456262,1.0000000032750496e-08
61,-310.4285590606848,777058.4118992327,763489.6787296386,117947.59216010067,65839.04874092233,17154.780775300213,28112.89930777189,576.0627893665899,3644.161745675959,2411.9902844785847,134.99546218101653,490.083173325334,1005.8871900823684,0.11069754426246424,0.010835272360638377,2.705323334106838e-06
62,-359.4407486116461,749170.0129185476,720921.2989739707,129036.92587733269,65002.130360399526,17563.669913962705,27577.00359543551,1020.5672919388198,3891.1478436055495,2486.969056119495,1170.2626424727111,404.9217722579157,1116.9907765686899,0.0859674974790472,0.013911528996492176,6.594522575882038e-07
63,-376.73333638722204,744895.5454249035,722131.9499460382,133500.26494225158,64405.88951803622,17466.140562604436,28343.66228343244,772.2312852292392,3895.7910076953153,2650.5868333283215,1556.4153015874704,425.97005033650714,1154.8790134300511,0.0782845604344785,0.014043394657800036,1.355123726283823e-07
64,-218.79086318538873,765574.7324607427,744011.221124568,119097.78969769487,63072.681093622436,17348.31082797345,27787.32839201464,801.8730940383422,4006.610843635438,2736.8191760873024,194.32482641877016,326.165513351049,1041.8691820989332,0.0979837902352773,0.004501723182585567,1.5777438733945113e-06
65,-362.21411448689196,801265.4659401998,742548.9348528337,117074.26233234204,59169.8449732493,16773.04225218355,29397.981327468253,3138.2203855198536,3056.0222669805935,2533.567768940329,115.21837716790938,161.9752478894212,696.2612442231297,0.07787212375705253,0.014897308749367984,4.764754342896215e-06
66,-385.80495576290616,725892.8687859058,706433.5927082042,132551.63249385593,66780.79839115783,17869.14309192259,26221.71235818573,693.523193343446,3961.951030532885,2658.6616613690294,1101.7144888082291,512.3806771142772,1192.1891737079907,0.08081752303503113,0.010684877640927761,1.0000000012245086e-08
67,-362.2836044113499,714105.47968308,702289.953246594,119411.80345827194,58791.05003187923,18118.414269336416,26241.343087856465,458.73398126408443,3694.9477316378266,2679.7710399227367,265.14923740191205,138.84829169519588,740.6365044365152,0.08852077779259539,0.011322038112597643,1.6129116310813107e-06
68,-373.87202377427445,771809.1709449758,751923.193669293,123608.21842501906,59137.86824774087,17236.129774896584,27317.25081026213,656.5402464890598,4012.862340958257,2837.1828465340805,685.6772185148237,145.72267322077445,843.9823880969199,0.07744701872834474,0.017087774784180637,7.382176523935303e-08
69,-367.1822110860861,735297.8129117873,719615.5971808478,122859.00610123706,66764.70462668284,17627.85708814466,26470.1774628815,579.5838369010944,3922.861473983102,2448.178628857741,474.78588476457105,523.3866859919007,1069.0510362654745,0.10538019265450828,0.013254356468340068,1.193659073994613e-06
70,-404.7854677277272,698676.2434562555,670694.5915620291,127157.54493497967,64886.22390275232,18299.733348118287,26322.182446812996,1010.3751296172751,3751.605162888537,2623.339624111291,886.6495964818723,461.87105268516916,904.156421924646,0.08181924082971406,0.015233304851125772,2.162736206087336e-07
71,-369.9815608626747,769645.8595535107,749282.609674022,120418.02367770906,61767.00358672146,17216.116618099146,27118.38679365772,1464.1461281373963,3102.7289162863585,2394.717771161276,259.45661826616,297.9950410408244,876.3279417965725,0.08199862082832975,0.01087947268265213,6.376777985371827e-06
72,-439.7005247390402,741610.2342333994,722063.5622909574,125052.08276446989,61497.96993951414,18105.430533992814,26807.205324819475,757.9495239612017,3758.4216979229964,2834.26911144754,502.47412431772403,242.97622411490482,838.6676320119046,0.07661564082892214,0.009854284819959829,1.7003209286243534e-06
73,-370.45890870123355,767684.5117213809,716414.152915932,121295.55893829493,65488.331484880175,16981.928237634456,28972.78305904577,2223.169280105248,3327.9701244093694,2515.659371865871,335.40195612658204,398.9004053090399,933.049425431969,0.08199777837931785,0.013926008581718097,2.7717092559671734e-06
74,-377.30911654181784,748189.4919331572,709190.5335092911,123361.00335446006,62528.980598559756,17353.143069651753,27299.768365779917,1453.3828466009593,3758.721534051407,2552.6971841100208,519.1527680598816,302.3351611911839,915.810988652883,0.09621194661168511,0.011187973864742465,1.2496474171858632e-06
75,-332.41339354020687,775920.5703064095,749760.9030233761,129520.67251016859,67212.48706720494,17085.004094793967,28161.33149401804,1044.210112543676,3843.965667779878,2643.380970194608,847.766813271835,555.5612997427188,1418.492643719227,0.07499494044874878,0.010799632031098643,1.6495032990337715e-06
76,-391.03755876635705,722538.9651713907,714354.1457424873,130058.11354718097,62001.358954840594,17785.9901580894,27238.56527924283,330.0075554461808,3676.5910695748184,2814.7751357650177,950.799735647403,251.37475141744966,1050.4731059335481,0.062442190793820955,0.014687347649658974,1.5061646655533244e-06
77,-345.4076359474489,755935.2647099963,682931.330935477,120945.68358801887,63766.814255982805,17412.293522758413,27806.464282424833,3096.383196380081,3458.3458411039733,2398.0960071237646,401.5959915985825,418.0095575529059,842.0533021247655,0.0947924902982181,0.014227344551214235,2.638587595799726e-06
78,-343.0485509858499,787769.7388518424,686397.8550103531,121934.7940974729,60035.72271605757,16536.416436286196,28910.550609869995,3892.2944771891985,3623.088861982477,2706.8300259063535,371.3018386188327,203.0124165474991,873.8366350600962,0.07641447683184924,0.011322538405777302,1.3803250327836013e-06
79,-395.569552029398,796438.712059842,718297.6347834747,120844.0944109107,62800.57517873373,16817.896114053485,28586.900624452337,2966.737867336452,3526.3467186711127,2493.21275084036,270.3181556573602,375.72820339257584,895.6859336450658,0.10307171720092514,0.013143272285438563,1.4607283781234376e-06
80,-380.5888423833535,794259.4786267567,709166.4439489057,127723.67074663682,64499.07365988125,16890.112577465505,27813.04840300175,2824.8091678504024,3876.919020482763,2681.2117609438114,726.184928398418,366.4694205129164,798.7305834130523,0.09574747034615216,0.010694788717188694,2.422554851214736e-07
81,-268.6616148718919,779760.0431452518,718791.0728573519,130621.07326874674,64630.9400291814,17007.5014882096,28420.60885657597,2581.5252097273487,3709.1683962006364,2652.219330493529,1094.268840581347,429.93716084877326,991.8488094272512,0.07588298800493085,0.011272634138567545,1.7713313601283796e-06
82,-422.18693342636584,775926.9540943925,737692.7000405402,125895.62819574108,62153.17227419304,17285.588157077782,27858.863598684507,1424.158244751018,3769.7891741987514,2715.353843545297,808.0075787205459,333.3247879439475,1034.0575777135716,0.08730605578887862,0.010138309339693768,1.4844558621781917e-06
83,-389.06486298578153,755943.0743175353,715493.8799654096,122546.20315421237,60342.11750251827,17530.756532665644,27930.212873839046,1590.7437698916958,3705.503130691764,2541.580705104907,429.3340110923541,219.1376569089675,947.0960136323554,0.08457683164715327,0.012610556987232187,2.1376683248498423e-06
84,-441.1596805334433,757309.285257139,648338.2400779492,118860.796174687,60690.3591614922,17319.306448530104,26712.495939417175,6088.314991093412,3458.495818832525,2571.4565051506866,260.3580641327563,261.1754697488621,749.3295857656625,0.06389717881824854,0.013549372395026637,4.687946522725467e-06
85,-325.68619418656544,748942.5992249618,683336.5489187818,119374.82410978852,61418.453646123,17657.991862832845,27931.104200593938,2575.0283528760383,3717.386667642957,2782.5146474262556,224.39960767769065,293.77525847921925,972.7173742375459,0.08527906435531594,0.010888511620302485,1.379112193280716e-06
86,-391.76225910058207,733307.6241018977,699899.6518995641,122401.64802156367,71399.59544855327,17571.891468080394,27289.996038158457,1311.427362440764,3530.849065422277,2553.4999544639873,351.85030185615454,671.641619411129,1119.1875142907877,0.09532625327529883,0.007305724355678158,1.39241476866983e-06
87,-336.4296064960568,781137.6674747723,729470.9438332507,118739.79165182664,62356.15528974441,16982.46167045471,29204.671663334342,2405.762799493678,3327.864702696792,2509.7114062411047,208.14753105716747,289.0258086543091,927.705475413662,0.0805648853212557,0.014040858301649545,3.814767399810179e-06
88,-310.44443672685634,737059.5237431043,721548.3327531022,128486.41920971648,65128.47758366101,17580.78712686453,27571.993980401767,512.6377280561942,4048.1773567745404,2698.5987179353765,979.5670277460171,399.2767673848533,842.405418516086,0.08361285563599109,0.0124451005267577,1.3177394390056115e-07
89,-302.2894613127016,748140.3884594373,716424.2034197069,134215.7888492908,78155.2565978499,17459.025891760855,28407.03297187333,2060.845586732952,3030.0384084787656,2350.774854378791,1336.1240000233995,1001.7725782614638,1770.1867205244137,0.06090464711748531,0.01188958554845967,5.395299020653646e-06
90,-315.09154899287194,748208.853186888,704277.9483155843,121877.21568499209,63129.316906789776,17659.996534494025,27594.702576184445,2188.5612401356493,3375.054555150963,2515.615762087924,381.2118183012134,374.4565097673051,1124.5427977531435,0.06582462834379545,0.013242409509913492,4.09918814702833e-06
91,-422.88382401083174,715112.6360759751,683689.1775078932,131443.288359193,64708.35449133057,17805.750165437,26387.738158320946,1125.4820022822214,3803.2851430093356,2755.3531930876943,1036.1060065158558,378.68797089138224,1007.5987044874984,0.07925299497519069,0.014035150154506865,1.0000032226532025e-08
92,-444.4137907845418,725309.2080633661,656659.7234751626,167493.08301467964,106550.6497751846,17841.83050473251,26626.653908623888,2407.981753651694,3690.2362590490807,1793.278380327121,3456.538701042666,1914.5713619311496,2982.6110529316825,0.0907884691351804,0.012698510712227065,1.0000000000134665e-08
93,-330.6505566118744,779152.3103701628,732918.3072433673,117050.54107875511,61001.43194583747,17316.637061895235,27387.913435536593,1611.0668575517,4074.367829471958,2596.4511833770007,104.0436718365394,298.1896117129295,894.9701639319397,0.10308469927279078,0.012093038811404428,1.0653472116762089e-06
94,-339.2875888580279,781002.4749956895,712421.93345147,117454.09069735072,60880.251739443374,17179.115623321784,28358.699185219637,2480.241260060099,3826.1564826618114,2606.8932114156264,125.21243849931092,228.75133796467676,828.0731168720476,0.10592867927212139,0.007377908393114088,1.5521205179127599e-06
95,-388.473671694822,748912.2768836649,729569.7969772511,123070.13683449641,62659.66726721495,17585.71606920018,29034.6667994293,740.1410685896394,3915.169866919134,2770.2409642032553,425.0302083522325,320.9554062514395,922.1043129581986,0.08642167877385312,0.006918560624189642,1.6055557142735927e-06
96,-344.1738349668383,768925.3765152121,707620.7497137716,117833.05143114159,60890.816281018895,17400.725571740753,27787.443203267998,2502.863477961301,3521.079004474827,2584.5448746792285,118.21185812813773,240.06667718234726,910.8405611377111,0.0947373510453053,0.011553513248338882,2.6132245014940308e-06
97,-548.4194472094229,818639.8182428188,672083.118403808,124188.86715377276,62685.54002403754,16689.930065901084,29405.267194818356,5512.860904489015,3533.408629634643,2524.6112504191874,633.9028395086241,308.2490518872131,1053.4636819703032,0.08867073666331601,0.01532299473026559,1.741031223834392e-06
98,-313.1560542437958,736464.6196250498,602323.7317817634,164016.4920290066,103457.2764140683,17506.131396564953,26713.347121544084,4815.089984993277,3614.7124108911803,1819.4511117702202,2524.2007110057093,1931.7219343754314,2781.6741363559054,0.09364035697210703,0.015498098149822498,1.0000000001658211e-08
99,-330.57980153281426,757579.8583446007,741845.3437186915,131319.29769893867,63217.09582201129,17171.516646950233,27339.66455542203,590.1834357191846,3586.7536310098867,2608.7835822847787,1247.0742249795924,453.87878445986985,1034.2656688260936,0.07307185760943644,0.011104142775235517,1.539889184986774e-06
100,-348.9736803505771,771860.1144050095,731331.5079818203,118627.85907978272,63237.899276502874,17317.761755472304,27561.098544302036,1485.556611268799,4198.656996616816,2680.039986103642,195.98575687133643,336.0937696040977,1123.5075767368194,0.10835800330805859,0.006079133188847337,1.0281229133727292e-06
101,-304.85096517731904,746121.4032807759,672332.9345549272,118212.30822757582,59826.31500479777,17297.9945382993,27904.68722634503,3664.6252474686507,3288.240556781085,2579.2586291404564,142.69612920808137,185.65401370118232,737.5113431708915,0.0751843339884443,0.011226978125710187,3.9746452521681744e-06
102,-426.0627482030626,740848.5551918234,696996.3733432284,132699.58790461704,60318.00921472326,17451.534187346086,27844.70802836359,1601.745704998296,3885.44335073319,2853.1067054265795,1436.9954330863368,194.10579720667045,734.295894506689,0.06989092313631788,0.014824058931227267,3.123239208465762e-08
103,-370.01408255865465,784335.0581305919,654142.1462135994,116391.57368665304,59623.082252281994,16863.37490271259,27625.014389080032,4151.776800755528,3637.4216354343584,2570.9466760083533,56.713000371542,155.3943920149823,740.7477803938867,0.11075646906969787,0.010456863112095349,1.805285210049307e-07
104,-393.4083291756114,752685.8869466635,724382.0861516054,128352.43173810632,67495.25015101481,17285.056531481965,28469.893502832678,1240.5342141911797,3588.479262994393,2612.681398179532,716.7839757287308,562.3803694265873,986.7441353336064,0.07187145984081382,0.012114225168271969,2.197956055283666e-06
105,-289.63205641949247,745755.0588753554,708903.4468852563,165795.1339695083,105064.89012046873,17243.70215178151,26473.921839586863,1198.5997380712993,4096.907722956543,1712.8758656642744,3367.3431114149007,1883.1010705146452,2840.805082916812,0.10004108738358053,0.015612255651126634,1.0000000031472904e-08
106,-407.9621275154026,731616.866479861,660894.6764023844,122798.98430793163,60457.373743587916,17629.752794247208,28289.53493047089,2472.5512599246367,3832.4289802107064,2734.2309679082605,494.2136602728886,208.35150584635886,907.9130676305224,0.07816834734112812,0.010639084498992405,2.7430017408339067e-07
107,-580.34696585288,762990.4701966023,691328.9646698942,126638.75903641453,61341.21908924736,17137.269703595146,27824.44178483954,2406.848777377453,4057.9732799971084,2645.6404409479446,642.2669419125153,225.0299158254764,808.7932858204949,0.10043244971444733,0.01343298332946354,6.162483275293813e-08
108,-344.31263990204957,727774.443129594,705687.3168123867,119702.95968777403,60933.6904068541,17914.94160474022,26951.734927063415,772.2407297996923,3920.2122595348173,2574.086816913298,224.406772762376,251.38437386537478,886.032326447285,0.10176248892706913,0.008902804356604782,1.0123471367426953e-06
109,-301.16430734401655,793115.4601224124,671550.2974415274,139239.50940584115,66507.01439636899,17307.917877781496,28072.918763689497,4223.870217174822,3773.704278860607,2569.9158733448976,2053.976200330807,636.2651285497326,1385.0117657868182,0.07370504238733246,0.017927642604518023,1.0000000002232152e-08
110,-396.84464091541815,750389.0278519349,717621.5596492436,116598.19642921482,64081.96491312396,17396.53622751438,27355.162716528983,1384.966748764506,3320.6404320696,2473.417095252776,55.852064497200914,394.49607321749625,1337.0890420776373,0.10868346783021848,0.0057130224794063374,3.1507051750792103e-06
111,-358.6429277565605,742834.770108713,708500.5610039512,117739.16039297334,61509.49293893161,18084.333848733,27315.33846555485,1202.4568791896377,3940.136773721054,2623.854090905287,142.15229531593192,277.07623928422436,956.9165527433628,0.10563646715441481,0.010624986110986528,1.0024889004847012e-06
112,-388.4180366227407,743083.583784515,718875.4775324987,123671.54768126525,64510.39691922474,17711.059517719637,28432.581686649268,1087.0397919346933,3571.2972784906374,2437.004634840634,565.2600133640179,353.26179039208665,1060.67902914028,0.087417990867478,0.013086530332786112,2.9647085992590673e-06
113,-295.32356447841175,760744.7054755915,725904.5064690222,125670.97452289735,59975.36441505027,17244.893930498318,27176.025007050954,1339.7830570609353,3610.2833625815797,2584.4835016626507,474.14614734104794,186.58608140536595,795.3195922976422,0.08018263915898241,0.015765680151793228,2.3158216105076342e-06
114,-364.8760243392171,745764.215320557,620968.4900920779,135343.55436385804,68862.20692417069,17615.640180423732,28435.199958933976,4606.7223002766505,3578.4738627120346,2803.0936861035975,1457.4699555452728,671.5456240878952,1120.328519560326,0.06419354047028177,0.011417591035453312,1.000000000356975e-08
115,-446.7418842324249,783002.3113483436,706963.6280409358,118438.64432172682,61382.78286543496,17194.38402394467,28795.137816562277,2921.5209227697783,3637.5719288334412,2461.531446175481,170.09894937473658,261.6525062688303,878.4972262856234,0.10209803795955302,0.011831984260352438,2.3309610752397113e-06
116,-340.4710547808998,788227.8363919202,784949.3873219409,118927.37733415987,58585.39680468144,16820.119384300942,27645.543311958485,114.34914870779266,3723.4273505165356,2539.8710736925786,158.6252007763069,141.9392532446827,671.6349993458472,0.10631733087539748,0.008808779600101346,1.9201389207560254e-06
117,-362.78754037626754,782589.5803330282,736882.2678598928,171953.8467016902,103039.55650044579,16743.497525598057,28151.52594442739,1707.8387923146681,3669.7909887467017,2081.3022437531636,2589.129844369534,1943.1837657144938,3141.7520964498003,0.06479779941831135,0.010298821327748293,1.7624109375075875e-06
118,-308.819690221677,748114.8365052959,690199.3990325246,120845.93415669377,61352.141593353794,17281.50717183333,27486.759116728572,2141.433790877004,3829.477543919397,2786.335071671872,290.88151698647215,288.6562806275033,802.3788577497713,0.07893403686143664,0.010618510081574774,1.0086948805442481e-06
119,-365.9004203223166,707052.0019182124,689220.0613090885,118836.61407753588,64686.00200283928,18293.67105682783,26720.47758215155,627.1955591379567,3735.802508018917,2477.518683928797,141.19655950680533,428.850985458073,931.6714614201214,0.10675798962478529,0.0111663967348224,1.1990208426703894e-06
120,-309.1713327113581,828004.2898655469,776324.3791943862,117696.66628327056,62133.16832913539,16444.77550686175,29540.512606677414,2370.9190729076845,3391.335302441745,2489.586473923342,146.26579320094393,297.34021128492094,913.9947913563385,0.08655912415705273,0.012759984973716831,3.540713447941018e-06
121,-433.19445647010434,754986.3682178501,678021.2306656563,121756.086212928,62440.06259824616,17729.04537484114,27782.037150085307,3294.644512176389,3309.2330087693717,2598.9425367738277,357.3640925908605,329.9543273730608,951.3648922912704,0.08345177505618598,0.01125376159372416,2.8718497911603845e-06
122,-502.1793439913476,810090.4658606095,706062.6141489719,116505.93259440488,62294.25801371756,16731.593641413117,30224.54042099478,4355.429466883915,3476.673379750673,2550.367190497722,84.87092510688171,275.1582450721643,912.0750774614885,0.08657117586218352,0.014676719556244978,2.6041937125686065e-06
123,-362.5857742855893,749430.899685324,700436.8765943164,117211.58866311098,61757.99291187237,17304.11206999499,27100.8120069835,1896.4110061333417,3662.1206170857713,2550.6176140501734,114.04990478848289,263.1853344797157,814.2068441023413,0.09614460979629459,0.012600751026035003,1.669168864723349e-06
124,-407.5398605211907,789766.6343223989,656402.5927878859,122026.21852779771,61401.54149171795,17056.163131306537,27492.997835090246,4308.803549431473,3802.3698628392663,2501.8001401699826,468.7078830818746,317.92755774897245,872.2225136060393,0.10860899747469874,0.013953787852159437,1.627832316942148e-07
125,-320.3822422324455,761559.6515696927,658060.265076445,119019.4136686489,61983.37996505864,17321.280697331018,28246.252434425325,7237.159540561111,2915.16379623676,2376.3334926053817,190.61240650081274,290.55737408267413,700.2394333048367,0.0762454897742935,0.015873681538645174,6.44692290150899e-06
126,-400.52571776304194,771168.6371488036,734161.2700593576,124838.54306882818,61594.99595123834,17478.672484006715,28401.348148698686,1253.4044948133926,3963.775317425039,2727.9330838596356,643.5958981186277,341.33713031169947,1080.4733022774083,0.0818908960242298,0.011638865198061798,1.1178740302074946e-06
127,-266.3773178076483,795435.3164488291,737329.1475411041,117274.2447038754,59650.556151795485,16817.524262609153,28941.053972177935,2713.5578804994025,3414.70688111672,2574.2086350873633,114.09753426945784,194.2972381953114,750.3301585802216,0.08534236721289269,0.012016256223957127,3.7970026294543387e-06
128,-337.20996307492516,811979.6078102957,767946.1776930153,116173.82922575611,62689.25188525711,16132.573043096003,28659.404819036565,2438.436668735445,3058.2553126507614,2475.1865673606735,52.792756139636154,356.0725101464064,856.692223465231,0.07728863656836144,0.01239845526750736,4.839145117101245e-06
129,-397.99400111844864,749565.0633448993,642973.37800918,161251.7423090538,107495.40596580565,17734.931219850627,27555.13900652197,3768.38810336952,3783.80985677011,1776.7502331106748,2630.6870520334314,2910.0349060344743,3629.1109906900397,0.10602129927194134,0.011543669738061927,1.0000000002910721e-08
130,-344.86863774278146,810172.8206294255,601321.3456278278,144117.9287356854,87689.84709875852,16763.359316765916,29797.046392645836,6690.549001031488,3653.0440429300966,2006.8846947259221,2483.8795350157397,1310.3305340519503,2298.460771946007,0.11153044259204056,0.015623302880847572,1.0000000013752288e-08
131,-342.72259013942,770561.7130848884,680919.3335823613,119015.5040595952,63666.51864124171,17088.780511692017,27058.942593539956,3876.1470946022846,3371.7962477881756,2419.3628348978873,184.98738758644075,487.9832512281975,1146.8595044921262,0.10373634859221166,0.010568195420048356,3.1313426530162914e-06
132,-417.53299262400606,734895.4181923786,718583.3569796454,118182.976461603,64679.74239430169,17834.734569929464,26812.213446547812,655.0456940729176,3696.0005088487337,2491.0524638372017,142.40285721000208,444.9112572030742,964.8736219865044,0.1058314075315285,0.009260716194305681,2.451009060503543e-06
133,-410.770677398582,757369.7202159326,713479.1741120352,124199.31101847658,62616.20367504719,17332.35286449774,26743.284851797733,1553.361404147797,3836.3745544895273,2629.968535355167,517.4775729648907,287.35832300867906,824.6301921803897,0.09372990343500708,0.011647291477952376,9.85130236313597e-07
134,-231.42489548532575,763071.2684758023,710896.5253423777,120049.06592169804,60830.22187287788,16845.351111909895,27906.277932043442,1933.137003363561,3815.9364003059995,2550.9748971214667,284.0670809956167,233.7233800451907,775.3937562515258,0.08919875672349274,0.012481128432198835,1.557816017753632e-06
135,-362.22778005247625,729814.254903673,680308.8819649086,128764.08217451078,63076.32859274366,18003.06885476631,26877.814285270426,1784.3879515397432,3893.239498707259,2941.1968434138194,839.8038090989734,319.1968905783507,998.3894858391594,0.06665868960415594,0.010504776775697297,1.000000016309363e-08
136,-242.5309015434075,767557.5690891461,681932.8324500688,120664.53617875323,63528.82650354619,17057.777008265755,28396.389788548982,2890.442520896418,3694.0067790002363,2723.1534362012353,292.2400482895247,374.79279183289793,824.7207155037584,0.07846788735064973,0.011497405549041401,4.90824984369551e-08
137,-360.2390139211962,732757.1107852282,706316.256955665,120993.70963947545,61495.20083125928,18003.668804674384,27580.978640097892,952.7101918664576,4024.730743547467,2825.0685930808568,305.6557986162293,338.1834294544839,856.7676899874798,0.09770391749464,0.005148648956515959,5.141889996619723e-07
138,-365.49168872607737,766442.4523859948,705898.4400339324,122863.76903874059,59351.974107856826,17255.33909848282,27313.094499203795,2490.0535128130878,3485.522394245589,2633.8206330800667,402.8343496353077,170.0844198075072,689.4726739138479,0.07712057074275981,0.00945918460021223,2.437180863878182e-06
139,-352.4315943328195,776591.4835081805,747347.7135789694,119559.0066596204,61395.520566981824,17040.588021982807,28167.189568259848,1406.885805947343,3569.7982442966063,2660.9875873861715,257.5771305598708,268.7120265728563,907.6847334485574,0.07714588597759962,0.011286224954013694,3.5328899420970833e-06
140,-443.6076365888283,774944.7386220988,708001.5294765302,131005.07850574168,66329.5130805991,17130.169050419372,27886.480943388484,2219.5516764320496,4050.114081522767,2578.20659115027,961.3271206554481,493.57111834115216,1134.851999436099,0.09196432464350515,0.014291643514246681,6.3332614853572e-08
141,-493.9484749187144,764764.1845476653,712318.169148665,117815.30934369129,58228.36000567697,17502.458600864607,26407.24385453385,1787.8615567731988,4146.803940172842,2891.2030999942913,116.53277323835455,150.558058918398,718.4517569278585,0.0933425374063227,0.008126986081096644,5.914748966006918e-07
142,-430.90722024495017,767607.3768462273,737572.697094817,131249.53054769288,69552.14836777395,17041.839429440424,27576.28414066994,1292.0559648972214,3809.796966715646,2705.11618147363,929.905264883073,654.0099619587106,1327.9046094105533,0.0655017876866303,0.00957365058018206,2.408966266418085e-06
143,-440.9611483304349,761774.2620106445,709621.9885711255,120034.7924452622,61744.30342944121,17649.920518610084,27849.03590908221,1941.4804404956221,3831.0921945047776,2581.511973970009,285.4161084943248,307.4197940637247,861.8463338034758,0.08586721418505194,0.013498717822513146,1.104368407830887e-06
144,-331.2107101394709,775296.0573953333,722395.2708728941,127577.92944949724,62415.2084921918,17177.45201598205,28527.500884100347,2499.6712029605915,3585.7868171545847,2806.187532662119,685.7478863757316,276.196342033542,917.7849010726883,0.059135362302875895,0.010602036066238626,3.379691830072476e-06
145,-348.44760224135695,762913.8814507809,728397.9026984432,121411.17658936842,64176.8668476245,17273.547968839106,27990.481700697128,1229.6140543050274,3750.1720096907507,2526.1271015541024,398.5115935298,454.58395078711277,1061.5412122471976,0.09844130972629488,0.007872844820440575,1.5999050408181597e-06
146,-383.9415585544533,763828.8460635035,662774.7439526281,170905.34261181776,103756.63180116504,17149.96010918789,27272.058576516,3530.3834581667043,3957.262718268166,1824.9509049745714,2911.4469087180178,2528.2763791703787,2715.2228183137977,0.08125620755778191,0.01647632377277993,3.717873255572663e-07
147,-454.18320822819703,777996.0221940262,730451.6615522833,120459.09881362277,64464.13921194543,16964.011526107304,27836.30710016662,1842.5225649051313,3664.6926896130863,2664.763550843364,300.6353698051323,407.07273639800445,1011.1190800674474,0.09271475324853437,0.007159199869378083,1.8673553167237996e-06
148,-360.31762574068597,743571.7578628281,664703.7793364708,118318.64188279836,58993.43784517761,18006.391552901132,27031.395612811393,3501.0190707840766,3671.017140159896,2632.3485070435895,136.06776511046712,143.0640887788824,733.3471483784979,0.08761257519261992,0.012353092941151724,2.8669226031165072e-06
149,-377.91798427967524,800717.2332815407,771984.5496960286,122857.45901751811,60615.992190388104,16859.78009020925,28788.30424576403,1474.8162638118217,3545.8587338193233,2527.2816968260154,554.0536377221686,260.2322197402417,860.1559391454286,0.07219289592916972,0.013479319107605237,4.719244670079943e-06
150,-407.35873223824655,788368.708439723,740971.7335994359,115866.0294603674,59035.003826990935,17174.52201285408,27722.045623264945,2424.2689828943785,3480.71831254596,2466.651991260252,33.62904006116777,158.42725483918994,904.1948960666921,0.0941291889679918,0.013256093020846205,4.532698083763211e-06
151,-345.0050189825447,806107.048093981,731580.4154454685,121970.72132332226,63476.54762357182,16603.646238936664,28489.29700524751,3394.723781944089,3408.817471823825,2616.793430648508,367.4705033437441,420.4095877223974,921.6192382913374,0.08565342518253553,0.010808705138750364,3.537396420720788e-06
152,-515.9107736037467,740729.5177042952,718725.4406589225,119111.34814935163,60114.54439223103,17966.682165567687,27152.88378035653,826.9393942213633,3768.9385864255964,2726.2118401605594,249.64616788032922,212.40596204830314,724.60355550941,0.0874723249420885,0.010948019488534466,1.1235027416315116e-06
153,-315.29176896439037,796623.4378173664,661312.6650654594,132067.54063036657,74509.1544402339,16800.585196170603,28344.708087630657,5647.173355442031,3490.21668948323,2200.568074803332,1108.6421245480312,843.9865255768509,1371.0254793693737,0.08307061921538225,0.017624719820720718,2.4970435912814896e-06
154,-255.81552629928728,769247.8085787994,751034.6712211368,119948.73835341928,63644.631478024145,17149.06472532733,28023.943223641967,705.5285104124694,3794.400447020332,2675.28836674846,241.92746508467988,319.8349604524583,1040.0989060260272,0.08852493019347264,0.007433027266717273,2.098817622085747e-06
155,-415.80841366610497,785410.0095352776,739765.5059806817,118583.84366415322,60868.46141624417,17068.348902347996,28106.598088441147,2188.487233265116,3529.010500236394,2595.7516656258913,154.19852817353618,226.78443901826125,696.8933044394255,0.08155229630489115,0.011338396676705949,3.833211624066643e-06
156,-356.49603103271966,709359.3664526022,674342.5582316872,131963.05848666865,69664.00596813261,18325.017061485974,26373.926116441424,1229.3214641835402,3878.964827929541,2483.3407611952452,1279.822347143242,685.3898242444026,1344.5587405059168,0.09288194551679597,0.01638163962796297,1.0000000007643184e-08
157,-399.3644059950616,768174.9507446446,694770.7614371398,119358.48189759516,61521.996837796025,16922.195686802046,27551.022649383525,3505.1263155713036,3664.0862336984983,2473.2885398077224,232.37445176108665,324.95221744386697,939.3987283695071,0.07698695736390376,0.014253868920470907,3.7494537968455807e-06
158,-232.82187792228058,768407.0202048477,710768.465372451,120351.06016071004,64950.40345257403,17100.803628391004,27831.876370617443,1972.4820293670846,4051.1022178638204,2619.4298525809045,263.2866037506756,485.44169017623693,832.560041494101,0.0935604119623717,0.010941233649401128,1.0486331675839593e-06
159,-311.52884224173636,771526.0790207795,719746.86479693,116692.97286227523,60087.50436393871,17579.27656640651,28733.50686048635,2055.9097783064676,3582.5985163113833,2532.443871142854,68.48483405780667,233.14549500193485,943.2414282862705,0.10332239576095548,0.00999672049546815,2.260616586589969e-06
160,-417.24833434183853,735126.2430548669,609052.9260564822,126451.41804565676,62494.73277968938,17539.394970271307,26691.889433716744,5030.113636168044,3503.6433196125035,2524.208580265325,718.643859500852,284.773100302703,921.716743201255,0.08671119501133398,0.017002949932541644,4.4138767321549676e-07
161,-318.8557673365957,769769.3430937681,723550.5478801068,123371.43006076867,60469.00507625235,17416.19297895876,27369.223627865864,1650.7313544269034,3831.018149887534,2621.1803923843977,610.8930518567014,179.3425585246081,772.9349973350081,0.08557842375319033,0.01624995385267888,1.1556018193217331e-06
162,-493.81793291857804,785918.2965067585,729002.5215211561,159780.17788417067,107611.01958192913,16918.947291790755,29409.82519299555,2058.297088240239,3627.906444176238,1567.8598090797036,3024.524568184293,2352.1355038724128,4036.904074242946,0.11058039250056281,0.015829808831163517,2.0766743172276302e-06
163,-368.4507942948849,759317.7588040165,713037.462396379,124715.29700439118,66449.73370555825,17259.813725411088,27332.813029781348,2139.1673921124793,3372.690393928222,2721.405166584988,619.3719853934108,390.59563333987484,946.689313790141,0.06822072554569664,0.010888467896461966,2.679250282450019e-06
164,-370.9689752197505,780192.6238579891,736447.5859641165,122307.76498993495,63033.61326689483,17168.459294445496,28010.368632216534,1647.7059104081236,3725.59608203754,2583.6886643597204,306.6804923457634,351.30032562189916,812.1739386187029,0.09470570387874151,0.011923460745451408,1.9271258183364944e-06
165,-350.05281563055405,760302.8133205748,731047.0380881649,127918.25795820064,63799.74647844174,17199.052409973025,29933.34900054027,1046.4861015398599,3511.1332689957067,2703.3455784237008,862.2506908723348,396.41271722709706,1155.2788206594212,0.07537037085914702,0.011181051469767514,1.6359023459111375e-06
166,-361.5682520374313,766241.089791858,701557.4771744885,130104.2489231092,75273.71033525995,17636.046585948443,28201.754783614328,2454.895959471821,3537.5403994537487,2173.6018234947533,861.1694306403086,1122.4391657550946,1576.7235727113166,0.1187878905031894,0.012896836210563483,1.7572432534113243e-06
167,-274.3352903708717,781302.9712590626,642194.8486045726,119339.03831243093,63521.01321539924,16828.643811229347,28355.277440643556,5735.537260814069,3508.674403963562,2622.771526429748,206.3106817503136,433.2382108810174,1105.540794649482,0.08000989612676945,0.009730706402384508,2.5396161389426135e-06
168,-318.99010033212835,770070.1024090977,721715.2771879162,119536.56942063378,59654.084235205824,17126.622750023096,28771.441052321246,1919.2825664235263,3592.129656277557,2646.692199017648,232.33785185298277,186.80935871044653,743.9445101014678,0.08206704063364977,0.010163778810423903,2.579774147275268e-06
169,-449.53003867962246,836089.6003383239,743220.7558274632,119559.10802181394,63733.064681372874,16111.080520450385,29386.981564326106,5215.101627574743,3261.422498828704,2395.3871464489403,202.45272652712424,436.9995717692459,1105.0279458239306,0.08844423574975892,0.009555044535841583,4.968613816079058e-06
170,-373.2405473445388,747104.9853466804,714416.2305887165,156376.55557906395,97566.73252934139,17430.132433224306,28042.60951355188,992.1964086937157,3848.861972846537,1993.9312015144249,2461.514803224006,2228.423260290732,2660.4908863381415,0.09940710511460805,0.010729790608534802,1.000000000503869e-08
171,-326.9909980667006,767686.6805273994,686882.159204455,122038.23643094403,63038.47695942774,16966.68293876797,29048.55624898736,3685.0808097944564,3503.289677814153,2702.324462308331,462.80820763649797,464.59679094265584,1058.0784966891406,0.06836093926336895,0.009712464366376692,3.4824845474137295e-06
172,-318.1653001672597,757251.6752891564,696952.6984640082,116097.44969093078,60862.745863633034,17217.18864886791,27321.59694824547,2166.850611588942,3524.6275768024066,2661.7324958162003,42.727781687312095,252.2013005519853,716.3805428623058,0.10528086306199255,0.008398820087533053,9.373484349778462e-07
173,-496.5029097511158,703322.9741460296,669036.8964265813,133917.9678138746,64954.85769005607,18368.063085106325,26184.52938580475,1289.1251366387687,3902.8583068789862,2664.0991679881863,1139.902388201133,398.94639316047204,893.0241485424671,0.07748575573946821,0.014769999080137748,1.1169638217455261e-07
174,-351.9320051288956,754834.9612327979,679318.0780903168,122893.89315436399,60864.79267349638,17117.253113797004,26929.59438696635,2636.2087132787597,3852.7034038983707,2825.356748645719,481.65946182821756,251.15920470659927,733.8313288643747,0.08458235682033757,0.010538463706834877,7.891970654226339e-08
175,-424.8404742792774,781686.5595508526,750620.7437143298,121070.32682207793,58384.57196784381,16835.130739848457,28638.046347224812,1385.788241367704,3537.5982130829066,2783.594858560216,344.4648157078486,110.98245534861913,569.136449541156,0.06540658453462937,0.014975273080196177,2.328601775481529e-06
176,-297.7281508077401,726185.9914442732,692587.7534473281,117822.43547434233,60209.54530845952,18106.906545685917,26678.47815740715,1259.7598107525578,3678.35234751477,2654.781510106264,151.10389106743747,173.46540828922537,832.654009131273,0.0879184139434083,0.013911162577671294,1.5341946214462842e-06
177,-359.27605587480366,822981.3068624871,772533.9019539348,117846.83487941962,61737.490890208835,15902.413617560613,29209.892086992873,3112.050231827867,3115.748810305157,2373.708629472118,140.3516771073551,278.8736937913911,820.6393594741352,0.07775827095886508,0.0132137004944587,6.0552071948690386e-06
178,-440.43164447549975,757778.9304691163,721870.0733832074,117784.19235671191,61797.91884869778,17240.559267286382,28294.638046134623,1344.403328983326,3825.2111400597964,2592.3416039956587,117.92756427414479,267.47235625963725,900.228652574527,0.09519748029259605,0.009019372114775657,1.488022086992506e-06
179,-266.4399619834537,725060.4936001552,669067.7495768599,116788.12176250896,60349.97474056931,18146.31174637607,26656.487019670156,2098.039717541042,3845.010641525013,2498.2624614023016,87.0678711586418,236.82876474465814,818.3578333859255,0.10502905233629026,0.01069015804545634,1.6879501168550748e-06
180,-451.6040421687682,801310.2230736781,723456.6497037333,119068.978719609,59984.0915807096,16453.70985836804,28455.490535283356,3090.329616121634,3733.079881850272,2598.6347444105727,233.9922295612552,194.05372584429668,721.0040189261869,0.09027009287788905,0.010263213692339882,2.1101742189298008e-06
181,-337.5756761072184,782314.6809673075,747123.5241959922,117386.0563737172,62510.44872939447,17103.356751343366,28302.005242987718,1485.1103891051132,3223.798282705781,2632.7761379014546,94.01460483787952,339.1060956280105,907.2753421987844,0.08555556893254915,0.009527086968442714,3.1749289181783334e-06
182,-361.0714581042779,750050.1932001207,711436.2061200344,123168.6602774679,61565.46067770753,17573.046565407338,27708.114847448298,1841.4936518062311,3300.9495567876625,2726.6322077329082,432.7842914575915,246.53363308856316,808.4271820697221,0.07308709021803292,0.010127179689978633,2.9866575850199357e-06
183,-431.4459955991487,799398.8900668467,759971.9318742688,123148.38718211034,65703.45693450309,16387.987082932017,28893.49535729301,1926.7698158550613,3226.808857722192,2473.836168549229,537.5522670980723,516.5697476506277,1103.995047939023,0.0758570157395261,0.015271999316562281,3.9176462675755375e-06
184,-443.0674013782671,810426.9555055741,799824.4927131154,128882.08853934669,68879.09791960668,16712.619248958672,30355.713747058042,497.9980374478792,3378.329822513414,2497.965847004415,837.736574178198,674.9056636305183,1292.9175620889614,0.07858944184061283,0.014130964190617391,3.6155434568234113e-06
185,-431.95196965567897,713153.9891840419,668336.6081019228,122741.72575948619,61729.010865724296,18001.332800669305,27123.568870351446,1530.9415133152497,3911.617712721778,2656.925183126853,425.3524688236153,289.9141280630539,839.8439227431528,0.09519971621717946,0.012138079124772353,7.830980545343389e-08
186,-378.2277420335532,809152.1772286551,776467.1104999922,117142.57444544778,59090.43407539028,16486.23503082378,28535.95111632559,1600.694633420981,3384.6462783397724,2685.211020595592,96.09428981750811,166.1046785339813,752.2257455562399,0.06913793096523484,0.010821352610428756,4.069487992695577e-06
187,-387.2065611643042,776223.5988983348,675116.2621844929,116932.95882079237,60415.42184060567,17107.789344794244,27584.46913743181,3833.3042151436143,3668.136371148694,2569.704225827939,78.95215726128748,196.57510313511665,862.2104747872035,0.10617647274487688,0.009098384576581011,1.975196989064422e-06
188,-325.74440568428986,783104.2408542433,747407.4645197879,128351.88296088522,66349.46477791584,17217.267583713547,28081.585904298183,1209.9422710571143,3820.0998667665367,2643.1524006733416,927.2440594138116,456.44817323061113,1037.1397884420765,0.08309328143544586,0.013179636676117303,6.405690519403982e-07
189,-265.6506866083254,756934.1112812834,720013.6891303551,120874.05032744583,59936.464475694345,17509.654296439334,28512.907479798574,1572.7815146090945,3637.891899901396,2634.2231659871222,287.19787457074324,172.49515344010905,846.8260657029974,0.07753774612356061,0.012085058386237671,2.4301468877062186e-06
190,-444.969889860293,755603.455951451,681628.6535311149,118494.97460314698,59963.16771103648,17285.87198015923,27806.367262650303,2563.4361913235593,3893.7807208166946,2680.5514039206555,171.88596269266066,212.81758258093154,730.3228349986153,0.09142732260399293,0.011520466002490464,6.514840057663053e-07
191,-261.41927076137745,808841.4459357031,689401.2457759345,118068.52456769356,63323.94154864605,16591.1887853214,29119.54060922887,4712.222224633667,3790.6815694122106,2701.5249735211423,135.4705491488286,402.7541859757586,979.747409742047,0.09898903113850117,0.002850818159862523,2.256824308925023e-06
192,-445.8119192553364,756478.744518023,711396.926752555,117328.65590251875,63779.50392719212,17628.763844525027,27647.480998252286,1943.077240213235,3477.7307383004168,2597.8554985939154,109.10990342926146,522.9603084956779,883.3383314355804,0.09483181356543574,0.009519744898419965,3.1239668715443515e-06
193,-366.9141107259151,749588.2566216086,654985.2561849888,116754.53615267662,65841.79294366381,17550.537123497117,27834.209680275635,3205.8319238325585,3771.265576044597,2639.311422117217,71.95668887834472,545.0142560137143,1172.044294175903,0.09692718151636294,0.010690584558177816,3.9809478817632975e-07
194,-407.56830148192864,765579.1491252964,725328.1509153796,121544.48511877311,60231.814191115365,16921.256384636115,27728.509864984284,1597.7003902524,3614.9453633476296,2674.3125761228953,413.3210724653197,232.21064965575073,790.5873905410782,0.0801269777021047,0.013157887165416788,1.5878439269884919e-06
195,-419.7404753119225,708314.8495598356,676497.6680859902,118192.57986023935,59481.93952433293,17929.43221527187,27000.95146513832,1139.381350930715,3501.8700152389247,2649.7545620355204,140.81592271550454,152.10966142530629,658.0199602281646,0.1013074792957188,0.008678300624159597,1.4965781689924784e-07
196,-447.63232476242615,792720.990038542,713377.3955733298,123578.04536183365,63318.60971772194,17366.178381825684,28630.34555668993,2983.199351274216,3558.970041883069,2551.315557975728,518.7845169128237,401.96320494985326,1068.9306149144143,0.09394275702508292,0.011821934936397212,2.2385706802824427e-06
197,-270.1287984484561,743815.5486961803,709291.5218506882,117557.14352273649,64098.58590037809,17511.202998154276,27035.19823168646,1174.375581685477,3780.6117438017823,2474.0433150360373,133.94118749749126,378.8989245037824,1051.4634890349746,0.11000650423235908,0.012034384839676513,1.0704101024891907e-06
198,-362.8479980505095,760014.0406348982,728574.0153593728,127659.88454867444,63193.783876349546,17234.24551816497,27879.983265672425,1076.58906584229,3935.4202167610338,2663.8475912657786,1107.8843149688655,319.43528854311876,962.0747632879259,0.08644184209657875,0.013249863436759844,2.026754462975233e-07
199,-291.25054749290814,815454.8176837453,768972.7938077855,118458.2228130082,63682.14737272561,16719.691308561323,29458.553759861,1570.5886630195967,3777.527511766636,2442.7076986596953,208.9308821221705,473.28250007598336,1056.7436242959254,0.11258368739981883,0.012855203765983243,1.851989514493532e-06
200,-376.6881503179768,762248.0939797215,739832.2960547811,126455.19146963276,60275.366027087475,17399.656901155817,27535.033460292703,1046.5818208319702,3572.575019270352,2727.8886934717007,732.9648722268598,279.46920161568073,930.2675649281136,0.061940154341596006,0.012700311297831144,3.0507832890460946e-06
201,-423.19559769643075,743064.4871140071,672069.7133722771,128456.93924522397,62384.14635399786,17705.145487701353,27382.010600970603,2519.3002168220287,3680.8006220201373,2800.9729323324127,845.2705849276764,334.90397660737347,958.9097803367778,0.07242137252572045,0.011929171780941992,2.0813328006054717e-07
202,-450.6952412981768,753799.6573925574,681204.9006390948,117621.64587217974,63116.86121865968,17529.466800580918,27600.036257733074,3385.9458386719807,3473.770226699918,2416.834961929402,124.06642872907817,389.3711430984884,995.2267959676963,0.09726893678197455,0.01016016377034511,3.777819241339142e-06
203,-248.8896605729787,796106.6226476164,735421.8252504378,117525.33619125673,60724.71003677785,16786.328704096668,28245.02664599926,3220.6329012402975,3073.331353615208,2483.167406847114,126.17806186946044,247.26713766379888,717.8227170972257,0.09096911327373368,0.010922802656801818,4.93541083451231e-06
204,-303.1014809573051,713910.3920980897,695198.6647000985,131944.92531049647,66456.32291116258,17994.90852278168,26119.159476162753,667.2813377310629,4042.7339312253844,2740.90022898906,1033.0599143056124,572.0460576451065,1032.3124404651787,0.08231331078249757,0.009958836228603192,2.241709811100989e-07
205,-318.2970061341822,753509.930221254,750346.6581066193,117108.84916993468,63470.15570706169,17430.007348722265,27386.261670310767,192.96761188843692,3186.5710169883423,2339.218988723602,79.10325612842514,320.5866087816908,853.5979746000038,0.09380200726570875,0.013138259924882646,5.267524463501368e-06
206,-323.28504055463327,742906.3506945132,713632.9564967944,123582.18216162211,62976.68326842439,17688.78532794043,27229.158302030643,1023.9716511075953,3776.8328271456317,2619.3875225425227,476.8392506171733,354.91454257963466,985.2387425175128,0.09458886476185607,0.009296138013753659,1.1258743377465512e-06
207,-426.0048553332667,802238.8839561731,780460.3888037648,116805.15171862053,60791.73852294717,16662.826537290242,28488.896410653382,913.4105642461225,3459.5083391073285,2425.830949179372,85.90751011233196,214.47395890982466,930.1235182748686,0.1064609051888762,0.009782620560282647,2.99441822318446e-06
208,-436.53549147913003,777016.2138120605,708115.7205442067,123410.58014327027,69686.62167205464,17025.35496406401,28799.85113679068,3037.5096463388213,3620.041239631771,2481.858324804291,441.74313724749874,737.4789587437436,1470.4070608901825,0.10336451699263555,0.006061422241181421,3.3018066896205155e-06
209,-330.7521745840452,732351.6440304329,664834.1042275154,121070.95890979443,60514.02544015065,18024.188280231734,26257.971783774123,2630.985943417542,3605.0432592614493,2547.180471951145,265.67718231248244,197.89827995288866,882.1531004578925,0.09539637683315386,0.013170972122332373,1.5551792554162078e-06
210,-471.7860307269,756393.074614806,697081.1588991347,119066.69121138628,61381.553262973626,17407.771085595952,27590.355146270645,2330.022847852605,3576.9931828665635,2634.053465621818,180.08900002781814,349.8753725484005,953.3946531656328,0.08886599406022032,0.0066027608670370455,2.2006725746551937e-06
211,-481.46997062415886,740716.5114660404,701605.8325942244,124521.59299898999,63314.671724739936,17821.413268746102,26281.440427137815,1432.2694887390185,4100.7984089558395,2824.3419490297415,662.74456607325,334.96568586260736,1037.8392273708496,0.08791810802983699,0.00994930071071752,1.730697900886711e-07
212,-338.21896090073614,776117.1958165976,733598.0718464964,121463.61700358798,67229.45649372137,17355.845401546154,28208.931159504504,1768.0090025251206,3527.9554075474243,2667.692665228894,320.47150665528426,466.4281359120619,1317.8624774626708,0.08899081539834985,0.009515893109415186,2.2697053665943353e-06
213,-457.1887846475578,811220.4748306939,696424.3513044774,131170.10983471276,63800.07570363709,16472.095015774335,28671.95904299739,3994.565927142674,3839.568027990787,2824.776321404177,987.1073471286421,315.4559081451427,955.2828820517512,0.07406727068294645,0.010374168928661482,2.858197708585862e-07
214,-300.9752178856502,804604.3367045013,643205.4982555981,117372.26123724673,67675.13449533925,16773.28030606201,28553.781063493403,6839.776637546197,3439.604013379045,2353.9784926036837,90.14004942216306,616.4687853912524,1179.1216849546433,0.1110563382287862,0.008230981611027607,3.620246534509422e-06
215,-445.93363313329917,786254.5758003562,726970.7469315543,116478.98332922596,59146.46137691743,17249.228864379027,29165.639225729567,3399.88407742965,2967.304429709783,2437.769511806624,56.965197563129834,172.62877443958968,1064.550480270797,0.09050027157546212,0.01013511560252489,5.57194336390886e-06
216,-468.43828745229166,778287.0460388205,760870.9698639353,120960.07472943034,61578.61304556461,16947.13795611063,28213.017470183437,635.5946682662722,3881.617699282763,2912.1115581119893,285.4700670482597,251.1095066594645,857.749255555447,0.08722217896436983,0.007228538480837658,1.2670644430499197e-06
217,-343.3694460755568,760708.2771074595,743598.9479396439,121096.06907630443,62310.42057793358,17319.19635788322,27630.19402717063,626.9745470693495,3670.1309402233796,2799.2172947501667,342.5403103599029,279.07858406178485,1001.0406969748205,0.07730111838126309,0.012895029863536333,1.1730869970395808e-06
218,-301.35685981272354,744575.5980038045,718746.3774953918,128960.47127142407,61952.40395847619,17559.93518175255,27761.467392677005,877.4839303191543,4219.210370298804,2917.4005759390816,932.8482136954691,325.36336968120986,817.8467810597448,0.07412710904708075,0.01118755038510431,1.1199773486851383e-07
219,-413.33486306196903,769809.0675125538,677849.4048423108,129590.10816199036,64269.46674440235,16989.357143595946,28193.767761217783,3579.101356165288,3451.490728939948,2500.335890042895,769.0378507334151,438.6146923024606,972.5490368830444,0.08521267901083596,0.014688420864215984,1.7128877001430855e-06
220,-466.16749943168406,746204.4211404237,645075.3535673167,127039.55175147929,67564.97330169826,17856.576134691062,26779.518447883285,3610.3979846705147,3910.4498914137807,2591.0945236131583,672.7327779002318,518.3811281931859,1044.0310509959477,0.08554255434989891,0.014737101598859778,3.429178265906523e-07
221,-410.4571508743403,761959.1626747309,713857.9171221222,116950.97688052505,64085.70447337116,17370.37933315031,27151.831379164036,1739.9235733748844,3755.3580165064022,2605.0506609544364,84.13800005263658,396.96486714104174,882.6748699954246,0.10755301959305266,0.010485409494323932,1.6555649952570114e-06
222,-481.4354662490459,738153.5866589067,715211.2497364832,145815.30232652297,84112.22945428902,17785.979451606294,27108.70399222246,794.2469580328539,4227.272980641523,2526.577170916819,1792.089000705489,1358.5101198436175,1994.6242757930618,0.0895082526755225,0.007909494598102173,1.6311650339256778e-07
223,-337.96802633681557,779751.1189131782,707304.0052485223,116931.81707256213,64047.365112230014,16710.509122372983,27966.9670526686,2848.5113295672368,3508.1671744168025,2629.94094557166,80.47428125073814,381.43667936445013,899.5073313749102,0.10129496450148807,0.008421419876453309,2.3676121555269914e-06
224,-503.6424952370376,783438.9281210563,710134.83186498,124596.30540210223,58708.60883690703,17236.326060725656,27667.223128839996,2599.7779723693893,3792.597286844405,2704.463829309009,484.9052649777131,146.53245048206014,923.6492065528719,0.09043808804261702,0.010530856253930389,1.1059778960079343e-06
225,-358.7151618346549,780991.8014862265,695352.8050119078,124904.58866537016,67081.21453864922,17159.21999311565,29217.061474209484,4341.128321680691,3334.203191081617,2571.2002979264334,508.23333453403455,519.8233555492072,1445.7322219516966,0.07398054011246222,0.009158667996539586,4.663928687044797e-06
226,-286.88449492619213,762939.9338049296,717572.6022831108,117566.42271176496,60909.838077966866,17406.57369214331,27615.002790586695,1972.0479379777832,3542.7047914920395,2472.2409152573177,119.06682742332143,262.989262462161,946.6945886241767,0.09786535743827558,0.010891564229341386,3.277274007854438e-06
227,-326.8095631487936,769928.0789761142,684055.6428346328,124644.73430154331,65665.41024076771,16902.255738635056,28045.33554531595,3259.6726880553983,3588.7472911060618,2628.4663590336318,621.2803247393955,506.1415244997704,1067.601914683179,0.07694845808993159,0.012804560657959579,1.3211365809255375e-06
228,-355.50945481703536,765405.1481377817,639055.3202145414,117329.9348874516,58812.03835142353,17281.39282583119,28420.18585068482,4716.8191320246615,3766.962797440089,2623.8903965117306,114.06221911847555,145.24913054618406,747.1887060698026,0.09818632791022636,0.008722263781277247,1.0505177903028228e-06
229,-248.5415919091535,733046.6245763492,658664.8083940357,164650.23945273153,105195.78085007198,17668.20211716321,26875.74629048071,2685.4831766109883,3865.8013232726385,1847.4390258306387,3638.5905684667355,2069.377097464558,3333.298668897984,0.09481542020711337,0.012025034796557059,1.8731710264885787e-07
230,-354.52971828398853,789234.1960266433,693807.7446610727,124020.10588332248,62429.95985883401,16875.10962229784,29137.97943202299,4484.229464244052,3226.879250198316,2601.6031787080988,487.0711585699526,326.3381840772506,937.4670985644499,0.06484881046897577,0.0124829821853477,3.396996799102475e-06
231,-287.222282448284,769967.5758670712,664508.7460866291,119344.02364827736,62163.869476272324,16961.996927802284,28078.606988117495,4231.27110059092,3622.452742692688,2755.755352335666,228.53482662672704,330.61194895160077,892.3115147274979,0.07879656779574555,0.010323645063592093,1.5083380424923095e-06
232,-372.11691645198533,720308.7587915086,642068.3196853037,121324.18385036827,61673.84043983415,17946.620510246205,26713.60476345628,3020.8500741288726,3886.5212380040125,2729.8322075624183,445.48542174658024,269.1030961902299,814.1210964465289,0.0852537372981972,0.011195111179248709,1.2242981743465174e-06
233,-363.92905455281755,736825.4427014834,701796.2421221536,123171.25263858029,61872.82856880634,17729.463178961196,27105.299263346296,1244.0183618671933,3928.1680162476337,2663.6526418257304,452.6839383968438,293.9136140030704,937.52874062272,0.08929977222604157,0.011285722088383781,1.0628380565055476e-06
234,-379.68295229779335,729117.7862389651,701514.9482330697,125871.54513700299,62485.201558741464,17599.064842531556,26317.658191522634,1063.4190312898227,3892.1867762280317,2908.425197762272,807.023959339785,371.2531739498216,834.7073496152041,0.07160834602015254,0.008003511149999483,8.301504509341479e-07
235,-467.69636156965703,791694.5239444303,762605.2353379241,116519.88240475093,62245.18695600043,17009.580324384453,28088.83670205128,1375.055834486314,3707.8154136163666,2359.38888356142,92.7406369593114,338.715878819367,1296.5892991642097,0.10233790124875461,0.011338066081802288,4.612560848494571e-06
236,-472.06124691809714,781112.5361132772,756450.7002480252,123088.37566836609,62193.50851011243,17052.876679783727,28364.350059908647,1162.4422597062937,3625.840715491246,2717.0879423514916,451.70410482980697,358.09007508381,781.7059367286372,0.07716022582215967,0.006614813352047853,3.7743137159531652e-06
237,-408.7249363684539,767737.6499630637,630190.7574193493,142925.11267052052,80547.7610884583,17529.026049146814,28281.421886048018,5009.089716658157,3681.59460080097,2279.4552448983122,2126.6720762381847,1228.4558698045494,2231.3550008602874,0.08764126210146833,0.013956621371592351,1.0000000001783516e-08
238,-438.0292603467585,785892.3524124203,738022.4065750602,121552.62261397624,60994.80853533529,16710.899883453465,28375.89374565367,1920.9401229846137,3628.921318693084,2775.6167176941626,302.47086440375296,230.92995044055309,735.0334323076355,0.07705993920259599,0.008382671209678193,1.599138346448059e-06
239,-348.9751101616275,764364.8100198406,726851.9452710816,116900.23664530546,59460.237196351234,17550.667544093347,27309.940359041728,2301.951758310917,3031.3737101506417,2286.7680337675547,74.22742508199978,155.30698085880482,868.9448740592643,0.08855256782288129,0.01564196334267458,6.039884448815107e-06
240,-297.0416632442223,833337.1756082233,739694.0592280894,120001.46697101077,60686.82214348215,16407.930127874308,29102.019463354212,3719.7462770609523,3603.5917762055456,2518.710699553679,363.7309946137235,227.3138123832254,779.8551467378936,0.09507998974482944,0.013950321785555228,3.0092874004317337e-06
241,-399.49086625259054,720652.3306176143,672123.5560614642,116700.25105055254,60445.7828312485,17924.071524320352,27146.4279496202,1944.486472702,3635.9739372680033,2694.6137104672703,83.93905680064992,228.31208034517945,759.267106288677,0.08594306596420755,0.009730933678829694,1.8438050274008363e-06
242,-334.49267666990045,748962.8512467849,720083.1524512616,120354.83579180767,60119.41606220235,17730.524631541608,28065.988298284905,1186.791480197587,3800.784045079029,2833.550324782272,307.4038620192343,269.49008083812885,738.2506337825874,0.07390583895947296,0.008868612562587003,2.175512904659158e-06
243,-347.16546488612664,793516.5113172089,627798.2462706032,121611.41756061515,64857.08154869506,16891.822992361827,28392.435222602664,5574.277787932518,3861.5171319301344,2614.9867463231035,379.400694368714,447.2810961690686,910.7818506486024,0.09951482889058562,0.010418847481674216,1.0000016551941972e-08
244,-316.727408493166,724312.0813919076,684154.7297715149,136053.8964940092,72840.7195870858,17915.67986211282,26155.869558764436,1483.9421543532937,3855.697450528934,2590.86041747954,1417.1626364642314,815.0567850484596,1753.2134613698613,0.07605662581356507,0.010714130019069944,1.0885179683927618e-07
245,-338.09885055089603,751827.352270853,688267.5162359314,116034.14287663017,58391.26026301709,17079.01931382283,27158.85505739738,2832.228049598257,3307.613308177189,2526.3253170677053,50.72193643949185,136.60853662770495,753.4288088030265,0.08275510366591245,0.015848483514617557,2.9525201311190814e-06
246,-262.81600912463796,809705.022632286,748541.7989600945,118307.28928611011,59938.262869063015,16809.33960240049,28291.57515967876,3876.211722970692,3121.801580131606,2472.448492828065,139.73978136934494,220.05344900842704,928.9101556145387,0.07887467711938026,0.01021082929606313,5.78913607320598e-06
247,-262.2004726563518,772442.2439828499,761558.8000738381,124394.99209629188,62284.87233995769,16776.39698651097,28305.698325687215,390.13810487880204,3797.396630387266,2741.6196842114814,493.2838131098866,294.92073948787174,858.8746336025558,0.0760049971621014,0.007949816887245826,1.5164398373941723e-06
248,-331.0536665685412,760921.2380363873,722716.0194433146,133205.80115697964,70071.01574946556,17074.233484359225,27993.786430425196,1871.3250565222704,3366.2669829085894,2456.8336018565,956.1424772759179,602.5491889600987,1461.7075165271858,0.07258394149685814,0.011073233416536848,3.470199000333961e-06
249,-366.82839324905376,768763.0831862456,729515.3927583139,131796.6953112129,66364.67208564667,17070.24091166619,28114.80207000568,1793.7641398339626,3507.1859533452207,2583.0780417964334,1007.853989523722,463.62486783773886,1154.2733745070361,0.07083280713450363,0.012020951979081668,2.8489681803469815e-06
250,-400.7883540214084,752389.6358113347,648276.5292000123,120160.0692248841,57432.16839039501,17603.111797069945,26029.50866735985,4376.711471113009,3782.012095494873,2657.0918100295703,250.99221969475713,95.54567993822126,645.2922057138998,0.08936772458288611,0.01182380538146007,1.9197814803849832e-06
251,-464.47387809968467,785020.2587874115,736261.2860776258,123705.21004375996,63451.08558122736,17044.577812210176,28272.76986109103,1991.6503231790782,3569.208664671905,2614.7233148870746,537.4304371312847,355.56996051595894,1087.9748984069886,0.07418041115954134,0.015331836464732154,2.1955052172409493e-06
252,-347.3816741892804,773631.0386656824,714222.118758571,118489.86270698812,65368.08006469309,17020.378076134344,27577.018605639507,2510.907522485508,3308.0946409589196,2652.483557020185,190.70627644909743,491.1127271593855,1142.3859959364984,0.08898663117931073,0.009858377049267853,2.5941830229793206e-06
253,-272.2324541592625,719417.4947625371,657301.0261322185,119856.39881799962,60618.50706010408,18072.463153765304,27277.97449787512,2538.4287701143317,3460.361990300622,2746.4243133187097,262.8266416488923,196.99170001907137,832.9403205296161,0.07841842366893759,0.01220128194635108,2.147881577653732e-06
254,-396.3395553105553,724692.5326175938,682292.6085351638,122326.47507305999,64596.66058285751,18033.675148448674,26093.940620272995,1444.2243598607022,4093.7712726735053,2690.954637959416,389.571129855826,523.6226107675127,1159.0929987709842,0.09552005630719865,0.009622015637056709,8.158318201663801e-08
255,-329.21096790220236,787151.6177765777,678049.6927267769,115933.61802368904,60956.22642119403,16936.198996228173,28075.53187039689,3564.718328016668,3945.937629562824,2526.446076379765,38.437202802404904,217.30441613967838,893.5486698965448,0.12490989251248248,0.011459105652861939,3.767969819388926e-07
256,-422.57504633429744,794758.9272475682,763615.4833556284,130550.22147116174,65611.23963198405,16882.765265341226,28468.077613869023,1074.125193583295,4024.0533016429413,2654.3720365317254,914.1890420175256,537.8919220307555,1058.4551031611425,0.08115784272177305,0.011826431763608961,1.0544055400320992e-06
257,-407.1931159829013,779170.4568402275,700584.6513591475,122245.7942764434,61752.71134404397,16929.200720620116,28259.67288839932,2706.7430468497046,3812.8155448447405,2789.881321949036,348.666915443013,298.9408536915536,920.3171052169686,0.08515310675503696,0.00926984846940967,2.6420023169847437e-07
258,-378.86393877177574,768819.355402485,712087.876788882,117766.61663918044,59594.31409228129,17429.5654256946,27501.062536284902,2460.7194273067007,3480.6280041029627,2523.764758928098,115.47782325130612,156.6131738390916,762.4530520180563,0.09004114964008414,0.01453798283557777,2.7163282202141393e-06
259,-453.3332359060788,732748.5927039088,717891.124897468,120282.60927034423,65755.14029365304,17520.622140943033,26525.94863047987,573.1809056489224,3789.7668506689047,2694.187930048496,287.3980511421688,583.2834277277714,1094.329454216981,0.08820561988720281,0.007599906599994781,1.4169244902910482e-06
260,-409.61879813542043,766195.7107095309,748745.1284260516,120532.23392477403,62883.93826313185,17219.445896202087,27546.850942139223,771.0236942491409,3482.246980160735,2816.552652294541,226.25549764230868,336.42909995242917,924.1748974795887,0.08142634941960654,0.0051199451127016595,3.0122926309121767e-06
261,-388.8365903972612,768135.4236685387,683193.1028135769,118737.4103998251,59362.005289200046,17122.765706036575,28331.966665122167,5057.075257945171,2902.3311567305395,2334.8771952973307,171.10656010569457,161.80395651283678,804.7960549413735,0.0791954745297731,0.013344745654425602,5.550851372505186e-06
262,-337.7738975174504,759834.527422541,716634.5267641724,119296.30810141667,57989.618614727784,17533.21989730347,28115.72198428303,1620.9828010350968,3798.127118324,2858.6302537940164,202.20159630143147,109.91465590990977,701.8991580187367,0.07586646003433307,0.01054303261431722,1.1697678491726483e-06
263,-307.17918108949243,761723.5762976196,682645.1746959352,117447.0084097518,59813.33237487333,17238.882910845063,28375.410195647677,4341.121646186105,2962.21357993966,2348.557062823179,87.83395631930512,204.8602503305359,874.4503017382384,0.09154060052433426,0.014137612716986193,5.349277409483556e-06
264,-445.6812892355051,786705.9919691915,697516.9076237605,120890.91797325532,64530.72097814189,16860.45943730959,28636.808009581517,4465.883315551936,3239.129241604418,2232.713570261852,243.2193898320912,408.3226661239278,943.7561420048864,0.09772910201013074,0.01569172643617329,4.2897119570697395e-06
265,-467.86216155286127,813007.9223869701,788516.5787766192,125939.79332138704,64893.77401682066,16658.003377656376,29120.29718725205,985.7702638734595,3627.7580000573375,2440.468852981441,649.3664812539726,361.1552800695475,1162.9592445138571,0.08404800350755694,0.017985606078132006,2.9628746572853293e-06
266,-369.0386874605116,750655.179689073,726510.6331048121,130084.59362006288,62987.46906662179,17885.088566905903,27312.4847337656,826.4483376308746,3973.969900716357,2707.540003815896,940.6697450475081,324.56047986885454,1173.0727310292436,0.07913274961912174,0.011736048482286985,3.030835679132891e-07
267,-426.4410063435537,807501.5397533074,750837.5980176288,120040.76782817802,58183.04444124511,16571.397073353626,27769.562035714775,2051.2180538053963,3607.1918018977617,2584.556316149479,237.1380614914953,155.70977043941832,814.5479346773819,0.09467887593845149,0.00981088954647488,2.0215138909659206e-06
268,-353.11216399993936,778972.1190203298,690817.1122562526,118832.25965839584,61990.33625816252,16755.392681960584,26712.322283737405,3910.5969650627376,3388.556976400062,2409.826009819219,195.25588009996247,275.01244768535787,1146.1430525462918,0.10226734350575031,0.013166505591776328,3.402199190914111e-06
269,-505.37053700498296,731111.7245137825,564819.081413341,159983.35544363607,97758.73447236909,17946.114439195782,26502.130702200728,6234.100342203142,3121.932189972044,1968.6935259069905,2683.0320200795964,2646.687094933811,2473.0111000296597,0.08501412551357729,0.013215341291109347,1.0000000004468018e-08
270,-451.29411568863515,785884.081337858,741313.6956082365,123670.55685406052,61481.42529427355,17240.13629665811,28157.482518199293,1908.5276456167835,3509.3479380509852,2503.079211280718,511.550065914827,249.99337523274508,805.4009752942137,0.08352780413995864,0.014071808651651169,2.740327703256052e-06
271,-364.8544268049095,685152.4757234078,652547.4986261963,120412.72714440331,64191.19696503003,18505.505450329707,25907.641392939477,1310.932522113234,3594.834488942339,2482.8512232742796,307.55372889978645,462.8656387878635,967.9485543291642,0.09311385132890126,0.013153580918974615,2.121979062645155e-06
272,-345.52754085320004,763432.8834828692,713309.4802865112,117358.97659352537,62484.50149771989,17065.03401132406,27377.45087581939,1941.1554403876085,3565.598971111466,2559.5469700958492,96.77432534981607,317.67572823960336,912.952779879828,0.08708170984036163,0.011496132576805368,2.1709036129149127e-06
273,-370.50744604569434,735440.4803932337,720193.9879929029,119552.49218781752,60258.93602341037,17480.413406788477,28026.619187272838,608.6197466494925,3805.5315468726426,2512.757907341149,254.6720323998416,200.86927795421843,737.2099360113135,0.09509540643893065,0.012529371457365924,2.0334903039713043e-06
274,-402.1836600354921,736497.5780455959,614114.8202235437,119455.56649703113,60933.43711965837,17520.36290718017,26460.807455889033,5036.799620925356,3676.5629509060946,2679.990158297183,215.4082937639535,233.18061665028128,906.668378796132,0.08800074527740608,0.007844971291741146,2.3102105674749367e-06
275,-414.15195546231774,755740.7417298931,663607.1229823874,124897.69176435132,61154.469598648415,17220.96409459599,28198.93857480021,3839.4093531723192,3592.8233251132233,2659.0018911699744,649.7828022423125,265.67915038456084,723.4175757226739,0.07833023994952526,0.013160790046911649,1.9053008091479244e-06
276,-274.1587177998207,780375.7321355778,729719.4405124638,121941.28844109365,60057.28322362735,16954.731609676004,29443.99841276347,2973.8096761906327,3269.530143691359,2537.189555651684,348.62752345581094,179.94054441315683,772.7589332739997,0.06896968658952166,0.009823221101978813,4.847814308970341e-06
277,-416.6659168652164,762430.1567894632,719345.4714512085,116986.53584415886,59575.761224313064,17456.78715494106,27571.49720350676,1764.450834670906,3685.5577733864784,2685.172891760322,76.36381808484394,160.231909065315,766.3823348399675,0.0895906609086919,0.010529779154590227,2.5979592387715565e-06
278,-429.84832045099074,758131.2330804865,708698.9078089781,125944.81692863282,64718.81970765225,17364.217332093634,27938.69906458684,1890.4273093821917,3628.2026794214125,2363.4225182982796,740.2508988905545,425.968583385659,1111.623991536201,0.09210542470938696,0.01718247653970967,2.1422940102944315e-06
279,-411.465464804033,762889.9713799445,663598.7518745698,118171.8282330694,59551.231673247785,17429.681608779894,28137.575141560792,5253.566246417096,3252.2852552211293,2554.2110472417316,191.4334962327393,189.123784617149,795.3810847256673,0.07832258772933245,0.010663278277200459,4.690920313717993e-06
280,-418.68375011667024,801169.3101763445,615983.5285416194,164293.0307383198,109580.68765932426,16912.308540985134,27550.7761125584,6193.343370148372,3578.8380882328283,1554.119921517298,3013.78007699772,2404.368880182184,2857.6418930498057,0.11747149968198525,0.015574534633433968,6.786409499704394e-07
281,-556.6723282043288,742782.884118562,673320.0768974326,134451.7771351616,65237.00222101776,17718.17756725273,26324.13237076914,2609.1628724144166,3796.792282105123,2601.7534256101844,1315.2354660319343,444.10734326332005,1210.1704839005333,0.08735815734297381,0.014204893212958362,1.6249650184662192e-07
282,-526.7573595857807,748121.7814827114,726776.2209236351,117896.31277045103,66315.50529500697,17243.97199023962,26394.53523902164,1012.8670657064121,3373.9660886914153,2320.2622714318836,125.36584979291364,500.77402444380255,1117.1922034469114,0.10187379442729337,0.013064925079535957,3.8014756385740942e-06
283,-369.0196164778383,766682.2101437344,735026.6231758469,132272.30564558116,67077.75792131702,17543.01854893928,28575.31696693208,1241.9861341442595,3537.656815389707,2613.127003534993,1216.8021689062414,472.9884707016632,1157.7092704433821,0.07723633549430314,0.01561436591016038,1.0051815013682383e-06
284,-412.16766668827984,764210.365894155,648145.5966841918,116421.15430567063,63194.80996137092,17560.5421065866,27776.71138947804,3704.9010952553404,4129.425933977863,2533.354044020016,81.41836312351413,397.03149936279306,1297.8276016068075,0.12796541920954702,0.007779766748324112,1.0000000010022152e-08
285,-347.7840753187521,763130.2984365856,729721.391347972,116848.77280806152,61872.73355316032,16977.58909369861,26295.878146517363,1203.151322502631,3644.8120016535527,2633.1891295017294,74.89965098987837,275.3918701184351,737.0280439878035,0.10131782738638942,0.009203016555744915,1.2932058296111656e-06
286,-298.1357928459361,766002.7494992468,726593.4908964273,117231.35152767533,63848.08448913294,17204.979673713926,27139.2112580063,1476.3494051140924,3832.1151981689686,2612.7814515248524,116.92437664447115,303.9612748070691,1109.6350377491594,0.09265496093838387,0.008762259693027165,1.7626371765255205e-06
287,-319.4786333202028,740884.799046853,679075.0745188058,135501.22094648893,62600.87517208856,17440.428158520328,27326.89323991196,2236.841391598892,3857.1734965796563,2693.4200470580745,1636.0175529576154,290.87249569072117,919.8768222382475,0.06964415857017738,0.016664786416060628,1.591873980664475e-07
288,-299.45171469641286,767811.0465464732,715744.2952552466,131691.8495007077,64403.59487821072,17143.858798625148,28161.72583162373,2052.7622284884555,3626.2920045821356,2695.750858901656,1177.3007274315548,373.56527636838814,1152.6074734083045,0.06897473644296687,0.012877672412865053,1.5910837618001888e-06
289,-433.28632859262416,790208.1572442175,777913.0922497758,123353.6572063902,61685.91194469927,17189.608563370144,29442.20226821174,479.55891132653625,3650.2528444297523,2644.9939359192676,462.83311246379776,306.0100943417318,902.1024709688164,0.0834474046159631,0.011552136143772075,2.2911062816415662e-06
290,-298.4955588730015,766594.4369401793,598048.6942855506,161960.57804729,107262.06119035682,17052.07840442889,27081.627703993516,5594.680520330911,3554.4421834951395,1567.90814016644,3372.4652598042508,2466.1704182226267,3163.1431144450376,0.11208031893459039,0.0168979816661356,1.000000000086681e-08
291,-315.9365888177824,751491.1345447609,708452.4477132886,116644.5652706137,63500.205223795965,17725.061338488835,26881.249331906973,1505.729461938541,3973.55756832652,2605.806446437783,61.50683406794885,407.34682250764155,901.0574878837992,0.1124800742378352,0.005863934523796845,1.4778954435884922e-06
292,-298.5117205686198,743253.5859157136,681190.7758729545,121937.3330175467,62216.42887968514,17621.226571515654,26602.41919785926,2266.5159050453467,3843.1570131764997,2746.3664096940197,357.4390335883604,334.1994458004446,941.8011515876753,0.09201614435559359,0.009622604244057515,7.691282827800017e-07
293,-373.2567578137582,792710.1731492698,729504.05802497,129055.33326724057,74204.42241875816,17141.221665290814,28284.49570809894,2938.2518762278723,3444.154571268101,2463.524543818697,838.3543569531734,776.5178595869014,1481.515809132303,0.08373785235820946,0.009260020685271623,3.895127553129665e-06
294,-398.7411491438196,741061.7769004843,674015.0818362182,116680.53375536039,63547.76143763626,17405.502728610936,26829.013039113826,3237.2400143801538,3262.6824603942323,2435.2540156413265,75.96021748149172,344.44534805143047,905.5833464777292,0.09022046579021147,0.012049016345603765,4.3690376508222394e-06
295,-375.74744468508027,746287.3362329581,721973.5234823759,119130.48944249564,60513.46237659388,17190.843410484827,27449.31568630278,1384.534443920167,3212.608765457792,2563.7137592959793,216.28351612943442,238.23976807437592,883.9325909009008,0.06444172529235916,0.014748568557216863,4.249564670357901e-06
296,-367.24557459982617,728145.3417610612,705861.5247744218,118211.54621811159,60002.92362919,18077.952972071955,26946.770871269855,775.1403101781896,3804.7790874360553,2594.935313606832,180.4643910977253,216.53865449978034,722.3682293322277,0.11154057878096792,0.010021120399924659,1.3161256327600969e-06
297,-386.18001020362857,797195.1885304985,711444.1025280964,123878.06970722594,64291.84548298667,16765.67449479976,28416.297012926938,3157.0275839697138,3981.7393037073384,2786.9958374857138,633.7529309489307,394.7880434303804,1093.0778862865284,0.0820676486787517,0.00936643456246762,7.952362542909727e-07
298,-508.49997961878387,767863.6654749995,728137.7324334568,124004.68762803015,66899.42467290327,17520.968982463848,27812.246161759173,1396.6896009238344,4048.4406272919227,2526.9032158221316,495.08518623904484,442.31435292378796,1192.462906796329,0.0895775981489278,0.012911875533466967,1.2887747077272793e-06
299,-343.3380220308968,735737.8727736367,671431.0227719407,130166.37581022947,64150.53055757902,17471.438568364258,27599.9327783103,2528.263036350934,3729.608849382644,2517.5372491203893,845.7963528776469,410.34972953712816,1102.7514071011992,0.07604739798080624,0.012913538271867883,1.354694830523688e-06
300,-276.40946064071755,763413.352136127,737374.3382465121,122781.69438165631,59696.80626925165,17476.31639940115,27164.04475237766,1289.4556062548859,3392.1939450390973,2763.9088185227915,503.5646954029416,185.71195056738628,818.9592374970479,0.06714979156177188,0.012547931709214801,3.5244636402464948e-06
301,-448.1098551429982,761214.8095350862,730634.3705304097,120067.577752125,60282.81511730741,17229.34100709536,29784.32610232361,1178.9908303422046,3818.4090049451047,2806.2619986037635,283.9209043326333,187.23110095437596,747.8240282025263,0.07112648758293677,0.008110414720146336,1.7424121046467176e-06
302,-357.86685149648883,757802.446140579,723562.2929142806,119788.18813961158,62572.269830990415,17489.170099048883,27490.00274723762,1377.3071065119286,3664.193694591003,2739.105533120406,250.20798397219542,403.9447927252227,938.4312215100256,0.0889789472561145,0.007080605313221939,1.5989109877211389e-06
303,-356.3637235753638,762875.6653415151,694287.0096589499,119273.0287403521,61287.30186918995,17213.33323310184,26267.86049551427,2308.639744152133,3925.0347774828288,2586.394864073297,248.0615535020565,301.1287881400806,1020.76040218032,0.10343702490153538,0.011195739458900145,1.761747603195027e-07
304,-382.05694240667424,798356.0310329519,765249.1110511188,118756.07605795293,63323.7414515783,16770.420155784046,27981.153292619692,1893.9484937293512,3295.777116185858,2343.6344368251084,173.25401989102238,484.7006575521591,984.9110014175985,0.09393806753787409,0.01298677399132152,5.367284919107955e-06
305,-266.74908506638735,810745.0450362323,776773.6772925314,118215.83953641224,59302.14904110987,16730.928121147055,28113.086586873975,1257.1051113412805,3536.902511569722,2720.3128261457196,145.67754030113284,171.24833463884522,705.8475905637201,0.0876518742611872,0.011522946086177847,1.925248135733958e-06
306,-397.5589045868088,756410.1530855489,675250.3057849302,117366.43132711871,60496.694056567074,17698.966790039758,28058.04783962612,2904.0051974823846,3758.7586834792182,2670.132697071844,105.68873209488845,237.61759612698265,949.3777809106939,0.10568711315380068,0.007644971288891876,5.998754306738994e-07
307,-409.736894471853,736520.5703024217,696262.8649494206,119165.75535226308,60264.65416247772,17511.29052084281,25740.142940707457,1969.8706271862745,3396.9832663059988,2612.930418500503,176.9696525012545,230.27568099521054,741.111852343195,0.08182258913552957,0.011355014797385512,3.7716754182345216e-06
308,-404.35447216653483,778770.2435251175,759664.1818401354,119886.10369281963,60841.67397532787,17148.055792425006,28447.126397135748,654.4861493824084,3837.6727355893368,2798.127665408075,250.14002702227333,242.21923353676243,869.1468825859001,0.08306358702911704,0.013355395372054931,9.836327397870735e-07
309,-443.9780102990602,758003.8966454366,706707.2500887321,118613.29620128452,61012.58884101444,17218.491296556273,27834.397392531722,1975.5467636047902,3575.1396538008767,2674.9291829983868,172.6769633100106,236.5153498705252,800.5116114979423,0.08720613063062238,0.011865876968560419,2.086185749211176e-06
310,-324.36016850864394,767435.0225172624,707882.0331132251,124365.84261008604,64348.73027532995,17269.237396875084,27006.147896294824,1943.108345024946,3912.8450402172857,2662.210413886562,515.1612417355645,398.41145715036356,1107.5837933478094,0.08961480145514014,0.008330854203533532,2.335327072748821e-07
311,-302.26280565691263,768298.0039610164,731178.7294782599,119804.85305167323,62025.14290270111,17478.236861227102,29074.923289618964,2082.2569433327194,3487.381957595378,2627.0073013166975,235.62806295384112,313.3411790704311,972.5200383540706,0.06931350392403592,0.013994360163733878,4.679039634425466e-06
312,-422.14066374390393,784885.5669333864,720218.351055273,128294.67283205014,66900.84338669035,16990.894124204347,29380.339313570475,2210.6133879638187,3851.579198593492,2589.351325315091,932.1026358855472,453.907222954866,1334.035568322532,0.0948598506753833,0.011361012547471683,7.871169148001971e-07
313,-343.7305164051188,749182.6559804742,732692.9074696867,117782.76147546801,59230.60115862293,17365.042894994796,28141.181969349596,783.1922093692643,3295.0385450676963,2421.4840473966715,137.82714949074085,148.46456260701942,802.3284666911278,0.09014215067685007,0.017514704671182824,3.821243926721778e-06
314,-293.4414190152852,817390.9228191118,802346.2185694062,119467.47883594927,64307.56824395828,16284.505881111574,28587.798346813594,664.9072218377842,3292.690783749083,2650.2776801286855,247.41753383146352,427.7685572519239,1111.6849195789991,0.0817037234933873,0.01090128025690301,3.675707141748646e-06
315,-479.14094526903756,747495.2090401243,732263.3863487969,132820.94724390513,62419.93528701526,17561.91408750802,27579.523784328492,512.1897944827613,3888.96417658204,2770.7968986577366,1162.076748460412,330.0845838091643,932.1670932486863,0.07920034691425379,0.012204263009057437,1.0000000021788384e-08
316,-566.1608009207266,747844.7181632282,665816.032128904,117322.43819694061,64078.745537270326,17698.597352799694,26591.354876588794,3078.743537831714,3669.159395168417,2667.4822051402243,105.03529791809409,429.74109834720286,1219.4978141509462,0.09848293741531582,0.010638274652419092,8.589444474076526e-07
317,-287.9990429783177,799272.7349160935,696800.6405473603,117674.98156812815,62407.08171969726,16584.594440263027,28920.955666322625,3581.0827937432173,3883.083147119879,2474.9473192175933,169.29293203194393,310.704690303852,1044.8924309590132,0.105269536644531,0.01106005779083754,1.51889683420566e-06
318,-492.19907895363633,770713.2944129655,715785.8388475394,119019.00296801371,60306.943481119066,17135.548703653134,28491.72434897019,2071.095047814701,3576.9492939760853,2790.692737785352,198.97930187525085,198.11423990185656,803.2451793993831,0.07285514281235402,0.010873646777682733,1.240693907903039e-06
319,-379.22232616151683,761094.8734322016,712059.8214224909,130079.37969791437,63199.043075342954,17410.998998976276,27589.37159858356,1725.7126586024754,3981.97941328798,2749.9634983100746,1042.0909284932604,328.75531806983685,952.7783824437271,0.082298634322896,0.01253900530282563,3.2819479429733456e-07
320,-415.0770312423095,768144.3140600898,713816.8577888116,126637.17630037876,67409.91316760513,17189.87568896029,28365.079894330916,2419.364030863397,3640.0516510517755,2550.31331696962,674.3959639009031,601.8021259714599,1203.5951673254056,0.08962686082586817,0.009778219200421746,2.712086588520831e-06
321,-312.0466658158157,774025.3851617676,719038.5757311241,121670.15026095923,67432.85951175659,17168.787446834478,27581.594772494715,2332.822612167018,3618.7048041963358,2551.106636508501,331.40467070778897,589.6517828934725,1031.4620264095593,0.09188213064724589,0.009315418384874988,2.865396195576226e-06
322,-278.57175545792563,764896.0993372535,695618.1156728269,126468.64450199927,62900.19420910297,17281.57591445256,27535.818515462648,2677.2788049149603,3623.5044673641323,2772.1547336799276,678.552899213799,428.3731262927511,1005.6567166791738,0.07969658773824566,0.009495981461512417,1.166936029333172e-06
323,-372.26497818901703,762292.5167626895,604851.8671237582,119109.77933735642,64181.527093224904,17251.604040352784,27299.122585971076,5990.574639477986,3593.308721613951,2459.9243660358316,279.52435966437866,382.9861455750362,1209.0619375613364,0.0954896375852389,0.011909254633183528,1.573776321319438e-06
324,-382.74728065853344,780900.1664655122,706185.8864840309,122362.9686345608,66513.72365308211,16825.494490256384,28231.538618391056,3319.414214313822,3292.7470597234287,2363.0736433355023,428.27369120804235,506.1359579380437,1322.8656416511938,0.08593709946180254,0.01679765504252522,3.0136735927799826e-06
325,-390.6911217247176,776815.3614201742,673731.9672190008,122647.69602132788,59481.95167308721,17137.73693637872,28205.713032527856,4372.508827361083,3728.7818720935206,2641.1027651702975,542.657919371556,161.23256238162062,628.6401954393137,0.07281060497817157,0.01614993764311815,2.5697070968090935e-06
326,-384.3758409327564,761033.6169143118,730278.977613704,120088.00023912532,62127.64680801257,17294.667415695483,27535.022010906847,1164.9026801685843,3869.1691995719084,2539.1034584519653,307.13926631228014,385.8448427347228,968.7103323949466,0.10154333856104666,0.011445066754687979,1.8927742745967336e-06
327,-335.107435115244,789857.8295675768,682841.5390524569,117972.55741651118,59310.38547749975,17002.070019724666,27571.078100587732,5317.7372076237625,3469.9853895524634,2444.2990091578986,113.434149194309,159.42463268801728,670.915521025941,0.09872271712850346,0.011478951733448423,4.4967076100482215e-06
328,-453.8522415902348,723595.5587660299,687071.9531750436,118534.78102735283,64425.76730967373,17974.61224709913,27337.230251764027,1270.1230712600436,3773.4093341390117,2643.23987048456,202.49281543226843,409.28021284532423,925.4498362933506,0.09885439568850637,0.009497450066489783,5.665783812634005e-07
329,-357.909949761425,781559.4058245096,745965.385077744,124198.95911668953,62412.49279898842,16929.161604043547,28595.855701217693,1471.6376591978874,3597.0270900787245,2639.5703998610575,452.2882295655921,285.5211086816363,797.5254561300355,0.07912274016746172,0.011553526947930772,2.7609233016019535e-06
330,-395.011809504361,746561.8472326073,675102.6497570162,116812.515845187,62195.84953015397,17635.551862126726,27535.23937125074,3020.5453601501877,3784.056799839375,2546.6664583562374,82.42880137277382,355.4166760918364,992.8470815163801,0.09067832036241824,0.008097534776700211,3.1749890711065093e-06
331,-318.3855289707169,762539.3808181385,697702.1239059821,117637.31765592805,62502.05612955267,17005.97755249793,27202.604162483258,2572.8915775697833,3788.504186171138,2453.3016471675564,186.64265837080606,324.0204682201057,861.9923815922589,0.10137047148466766,0.01167619898829391,2.0836257856106397e-06
332,-391.11796105105134,715170.4807604537,658725.4530724545,136931.30973895054,60026.81752397517,17960.7209542006,25968.97816049903,2045.6938627576249,3936.6343918740604,2692.5617120645206,2198.626234413563,200.25532699188295,749.0375598211235,0.06144181301632862,0.01901696958961638,1.0000000009139304e-08
333,-429.6004017833749,722029.9394968895,669744.2117731783,116112.52999361798,58507.43220811687,17997.497834454458,27427.65559561963,2186.04143638231,3500.819171641391,2640.272103173993,42.38668505384154,111.96447547220897,643.905458484338,0.08806447364304135,0.013294183286602547,1.9356283286218514e-06
334,-331.51851046251204,762632.8120939393,740612.0092420535,118031.33498594361,59381.50137397156,17033.734011978988,26827.32507283642,1134.2798050619283,3411.603631558917,2502.2224878483307,152.29783532220765,164.74960852436928,806.3908799468413,0.08035715624543403,0.01220233397848941,4.494689949290139e-06
335,-259.55182501071,829881.4692080419,799181.191511635,125031.67207000853,64002.29724770918,16303.255731898415,29279.203988216064,1410.1755191582756,3394.661238567934,2558.7064825367784,413.64208072504846,324.5865496477988,1080.523580332136,0.07962757859785347,0.009656238701411732,3.702904857428716e-06
336,-345.3206934273919,773162.9438007178,716628.7746937955,135862.83254749796,69680.3259897212,16778.012195259755,28281.455917748506,2480.3549829631543,3526.015918943563,2567.996494001199,1371.0555818129649,634.8689065585924,1257.215957642441,0.06507046658829162,0.012167906279752842,2.5835538481419644e-06
337,-644.3182416189344,730916.9827520732,720248.4387370923,117420.92926177091,60359.31086713272,17717.05794256457,26111.97290359195,419.7601333617862,3588.6727353578945,2603.7313391421762,98.0347627301208,233.39294757731926,773.4515730080516,0.10448515425494286,0.008395875033541462,2.021887640952935e-06
338,-304.35546515992,747233.5651319241,717077.7210736233,129090.10438804519,68839.03622800538,17363.843325035064,27806.581833927292,1270.3783841472678,3560.317403179927,2497.4244251388186,1000.5874253658542,582.800947506858,1256.439243374749,0.07686883217226055,0.012631546071717754,2.376313246416802e-06
339,-339.14410987969694,754405.0918442805,741538.5964190644,142031.10037214204,86915.10025973796,17487.523385154327,27908.508317741893,680.9952021037774,3197.690847675653,2160.0852819779925,1466.6739332979173,1321.6034570200084,2527.2867555145635,0.0740984491697433,0.012160084634688182,4.163095401696009e-06
340,-318.6616342774034,796637.9419302435,715987.2014063831,130563.07898657251,80461.53679510775,16790.45139363023,27489.802207043147,3811.9534035319207,3396.770906472693,1977.546097554681,771.9142271611564,1149.2311140059523,1761.836665111,0.11177768026767086,0.014140491553848283,4.64937476834733e-06
341,-361.7554449517578,756903.0264229705,737379.2008959871,135117.5743540872,71525.2418718748,17161.966805124983,27121.934912332334,688.6518970290324,3845.076604822305,2497.7308297782984,1479.762001001,772.5942595060661,1167.872721790518,0.07807334204323234,0.017366646625230128,6.368925053978931e-07
342,-475.6192416876672,760821.4756419184,735105.7673361459,120145.91863130839,60134.58044164221,17222.089013468238,27885.31355566433,1069.877614203025,3801.7339451544744,2731.9318514582274,256.92830927033793,195.25134323172827,727.3180434684831,0.07706466273543051,0.011266408928561653,2.511143367531367e-06
343,-352.51318733475665,785074.60074254,756308.3358520148,119396.67653367658,60848.597282150586,17170.436667578735,28000.74735102575,1148.9718450201706,3755.232493350304,2733.190201526333,213.63718018245862,252.98697120802086,973.3203886003863,0.10420673731326989,0.004499168721206514,2.6437429424811964e-06
344,-263.056954434748,742659.9695256114,670930.3629341493,120110.0247368769,66902.0538437873,17652.959039126257,27198.1448561647,2936.3981770986798,3429.030802978945,2532.733594741749,322.7141307860752,561.803332073124,1197.9934437841084,0.08926273167286548,0.009061790393508278,2.126671110079906e-06
345,-392.00777100721734,787184.9297526698,730661.677654114,120613.96203526952,60795.36164365697,16704.490340439523,28249.33096538093,2496.7237263792713,3437.387262696518,2498.2753203730467,287.28123848187914,215.7868101325431,816.6048934550292,0.08328036849762778,0.01714255252726533,4.120860517433167e-06
346,-300.5011839567516,799876.2838646492,769725.8736318143,126932.77652523723,66445.26942918822,16806.839994756927,27866.297670680815,1113.4090057233545,3710.443922851443,2553.4172743594345,911.920433672397,624.5920776086205,1339.655284143286,0.07879663154256601,0.01199195590587615,2.286278794847929e-06
347,-431.2268482106522,757408.7644655956,717777.4955067723,126810.4485718474,62421.988288575616,17360.752936204477,28926.071073894047,1775.943163998402,3375.4712039398905,2616.4553362610154,585.4611639525283,333.96331832722905,1106.89271437414,0.07123816489343436,0.012970031629324206,3.089818304007111e-06
348,-374.2149401691422,770410.4372468088,740104.5443072423,132356.28790995188,66162.17664725405,17099.846026866657,28710.41188795221,1132.663725933236,3834.702755545051,2548.5592645841984,1929.2837852241594,552.391063636505,1257.7911213709453,0.06644835086734074,0.01908397055635747,1.0679144373082894e-06
349,-396.5479109207584,744462.3210180969,710022.2063844816,127358.4190677546,60772.17822003694,17644.58226906066,27475.35679068717,1267.4569166572464,3722.6039748243993,2789.6708422656666,804.5004351853306,211.6510921790573,1163.5124743017723,0.07677383019287742,0.0100341057068455,7.442061418858496e-07
350,-526.5427649086146,763499.5533514698,691401.9941191414,125300.40780812287,61403.11984949631,17239.924736915746,26962.63097113633,2525.118100057515,3771.16727962925,2658.292451983164,692.5442953136055,230.68275800746628,861.0111988100269,0.08729930529790028,0.012384920882423815,8.589649200304117e-07
351,-390.9127752321355,757870.6413626705,720296.1565870213,121355.93974167001,61981.323287157786,17867.94516067575,28007.29972904643,1634.8804530427417,3578.8485072753006,2626.520242523056,299.06969589093416,290.4501085396884,793.5963060508894,0.08387701223094104,0.01235096844973342,3.0778718429628168e-06
352,-379.51327725478626,728124.0675062332,709550.7650725973,156737.6516829998,89824.53087100238,17984.080682809457,27107.656088159954,668.41033882225,3927.275939780338,2154.924986988765,4050.3693939736677,1769.5409596998556,2402.0297488155616,0.07055582155183483,0.01690686070329683,4.90070410677603e-07
353,-407.37173075324677,752016.7443908463,720653.6578597821,124443.67897778451,64494.94403717465,17217.90669550216,27861.437254415654,1155.232439742211,3744.81141873134,2712.1869084712316,615.955253191395,389.054573866937,1008.254947737546,0.07765189160637406,0.011702791891993296,1.194704089228241e-06
354,-502.0121944391164,734069.9532311546,718804.1536333198,119491.33129687875,61661.82831183974,17848.534985955986,26172.397939717874,594.1830413423941,3729.100283757899,2602.069404887712,197.80837824091452,266.048644964938,914.279866567325,0.09596965917650961,0.011630161630818491,1.5989677156002462e-06
355,-365.65505817393864,810791.3887499373,779268.5254563851,119637.99489363242,63596.2247196102,16303.619309461305,29295.18866846262,1055.6980378846256,3961.1550667250344,2865.518911636265,255.28160973388202,369.98133159923384,940.8164141058677,0.08836390450215952,0.004913839531558607,5.811804075921382e-07
356,-330.38835312365006,769217.959999956,718965.0293673783,117755.04864155577,59121.14829721856,17318.284033245454,28119.85555172949,1954.3315909499893,3561.9607712111483,2429.1639920032894,129.7853840065538,154.5576472578626,1011.9218467659483,0.09855857567680654,0.016527204842191594,2.4157729606636422e-06
357,-349.0092441396014,786441.2000321385,689176.9424731911,118361.3457288246,58917.11508055139,17069.091242810446,28522.085596980305,3668.23273327949,3624.4277056027477,2586.0895488475494,163.76978114708814,174.3861575035538,669.3354739925447,0.09729153707701418,0.014814955411593136,1.5172233143683106e-06
358,-485.3216583698034,775644.7823886558,743535.2120784147,128581.13670458576,75160.89552564145,17330.90088802476,27001.14239974898,975.17432793816,4162.028912488883,2376.3483476904066,852.2383049978156,838.6180972298073,1392.3608585753257,0.11019729662924438,0.007300489167152353,1.439638466359504e-07
359,-312.0191885881699,765089.8400514479,675528.0460335149,119157.1174112363,63409.03724073676,17093.952549562397,27471.243945044636,4181.331783079919,3328.806463231297,2464.4920289098045,199.09917878755698,384.5190326494435,1083.4440056395704,0.08658968977985007,0.012828198742157989,3.4305818107362848e-06
360,-349.8185797590374,759653.3980447318,715563.7812762854,125825.10761370428,72880.81973233275,17428.89737416932,28160.060570777463,1825.1166776275722,3387.4231937672516,2561.9150989040927,711.1277464972586,741.390298627343,1323.8832677729667,0.09220835104288819,0.007865926742510075,2.0942655611445427e-06
361,-373.7344619237175,761387.828860398,709586.0954364089,116799.62315072709,63842.890047161825,17010.23245151713,28469.73647065799,2851.76171850844,3245.170674611833,2209.9316670712583,84.63833648158455,402.6961061057964,862.9513565696595,0.09324150408620498,0.015587587762003245,4.91424720411799e-06
362,-312.518836521414,748481.0166135832,667008.2506649686,116652.71157131481,61105.47865199602,17593.029481029876,27526.985245678086,2699.129839131055,3915.038373251447,2711.738528725626,75.20133925767807,263.0410993436716,750.1528317728736,0.10163534052079144,0.006843785559131612,1.0000000000379234e-08
363,-414.380439525088,789437.1742207983,750529.2483760094,123412.63789041153,64934.624444908804,16990.082898024342,27725.95950782169,1669.2027096354716,3576.858365989822,2532.1452665204506,352.2162731806722,514.6984705707471,986.8625721991956,0.0885759185417478,0.009099592666756817,2.9736843078202463e-06
364,-279.23793350983726,788706.6564882417,752031.2662814122,122851.68535759345,63811.304319465955,16681.661345374498,28938.02416305173,1471.5955007454393,3647.5427647169636,2780.6779853651587,451.3863327664395,329.57459506445576,937.4302479196025,0.07950725460771509,0.011037226566222727,2.1081304438639776e-06
365,-345.5537139381636,755302.496959387,643065.2228324848,119603.60346515644,62334.77773381606,17405.926194074564,27421.26127598574,5281.087930821698,3254.2245398053747,2418.0656164038774,309.4334745690902,300.85663498943353,936.090160311545,0.09315963360913772,0.011334537290871931,3.7466795143354353e-06
366,-428.90530078675175,765045.5798602642,746595.6358871973,122738.69757479937,62874.71942099666,17383.798079184933,28001.764752665444,850.0464167069654,3491.2447707269444,2727.403474695405,430.35876171006214,334.4699380947253,869.6422593380813,0.0679463175311169,0.012716339104406997,2.90299052849252e-06
367,-337.7803655022567,785875.7555267779,750681.4765110022,118001.39793137774,62082.33152385232,16866.278520015232,27740.774893862937,1416.6663237487758,3772.148424602768,2438.83065550626,218.67707818524076,271.3269090356954,937.1273383215723,0.10000921374487191,0.014996696394866643,2.4911670795531774e-06
368,-320.6280948398449,737081.5417013599,668392.6754293456,119047.29245984949,61162.611137070984,17722.21375196426,27779.93440442675,2476.9273295380576,3828.761351821934,2471.2264772524736,233.22425586312661,268.5979903728298,944.4569540771719,0.09664207144474758,0.014671291950900814,1.4353943574715253e-06
369,-501.2058365162328,724623.2469375422,691598.5186628454,133768.73383681677,59638.46228940602,17940.169865686574,27186.81424822226,1113.3238045483902,4059.280955995438,2642.1572008304324,1216.892071625174,186.58137469523035,711.2498611516936,0.07998985871153207,0.01570475854565202,1.9262083644447387e-07
370,-382.89567656795145,786363.5032406411,725050.674058889,118764.53314490827,61625.977665496124,17277.208788421016,28066.01095539624,2241.297754265488,3814.6866359217142,2497.6496584514125,182.76667834708425,243.5523279065066,968.5767107664195,0.11053360774401831,0.011385739952226966,1.6568355167068378e-06
371,-334.99631090205907,833350.8865576215,680961.3202634897,150811.28359149725,99931.37159924312,16222.913005498585,28409.72995952585,5957.030502279001,3360.248640987406,1674.080611368354,1898.8640974695613,1998.1334731240513,3074.2390178100736,0.11602297389221063,0.015513432439908348,2.890134635881323e-06
372,-269.78280639300544,782123.0907268797,680857.379191707,122135.33553188173,62643.15277092055,17145.43395847183,28894.999450663836,5940.330359487404,2982.6585602516398,2466.09547165034,439.6809142393573,298.0030308384409,955.8108738380573,0.06642991154198112,0.014828410546278743,5.696650329707319e-06
373,-419.7886274208572,753325.9384291056,680446.5342707905,119408.11454773923,59008.558486178525,17539.99673494426,27713.468583535745,3451.6247380945074,3445.0748803646093,2665.293166370384,248.4983938559951,140.87677231949004,666.5636769466785,0.06369688609761745,0.017529803899632084,3.1380005294400916e-06
374,-341.315013071606,780084.3829754791,736232.1312190848,123709.66749379953,65983.18893330598,16746.87269146157,27424.50144463334,1498.2129142792696,3854.290877601712,2630.026876215104,596.8033866041836,540.2633229300593,982.6564811787497,0.09311441856496984,0.010835740919125595,8.437535916525534e-07
375,-449.9676572310291,727547.2942007983,714667.0532451734,117954.20190422633,62504.59381624463,17687.0755149038,27201.426471708335,493.17716344588763,3657.461719884983,2659.613611878708,128.3290164191783,314.2887205870038,845.5010085672096,0.08871027370478746,0.008555975436778803,1.2518582808979357e-06
376,-436.11249345571537,733681.7975926973,713726.7094806575,130425.71436319005,62822.962201321934,17589.125509125253,26854.969965033448,715.3825959815837,3848.757497910896,2906.5391096185176,1009.7663655052229,387.4266523658804,912.7740599179965,0.063841933977294,0.012744463205462757,5.562429895881655e-07
377,-301.02668459389673,770805.1230677217,614835.3666206346,162154.14481842064,105642.68668828541,17134.35260882084,27771.999569524705,6140.045421710808,3301.4125375560448,1768.4210672046995,2548.2783460943606,2513.6724450694787,2970.469317453162,0.09343618654671705,0.013852406527881257,1.3723238803537713e-06
378,-485.01261088049705,778384.2567318322,709507.8326441891,117344.38990301383,57257.052023488744,16935.641811349305,27928.809376701945,2449.875450368317,3733.2962679791804,2612.7152227344095,120.07151247637059,79.19766872931466,593.9337153023014,0.09883296809220916,0.01457310099429201,1.3614603909383337e-06
379,-257.1823569963939,782277.5778731841,695379.466705519,118767.5414358279,63479.88243636401,17240.58010358901,27756.23490558279,3588.757420483651,3638.9835383496343,2600.014644787067,179.2296060325063,349.7207582961125,1171.6008477701212,0.09486920702231359,0.011219514129886992,2.8482711959580545e-06
380,-370.1527007698962,738393.8708630261,625331.5959951975,118676.23241800233,60464.5503962654,17744.28780351856,27709.974478594206,4212.114651100811,3709.475899582231,2556.2970177865577,172.39156805811064,248.87264141101895,1029.1942392462045,0.09564619814326403,0.010438132822599314,1.1766759572526907e-06
381,-461.880574378915,736864.7897404989,697358.9763863113,119629.9404054277,63157.20680870692,17800.537937677327,26988.23440986938,1429.551015949536,4021.5253141936932,2664.0985849584067,218.25899366149855,427.71159564671996,955.2058701638769,0.10071851798194224,0.008540715645248352,8.306438893597018e-07
382,-384.4419571392743,811375.3072520815,709611.9544255628,118075.55345932543,61619.92137877726,16439.373348757897,28973.377392109825,5225.0965059377195,3530.9812520454952,2500.5051444655664,161.4493371670451,296.9829977158226,872.9907617947725,0.07590805517275304,0.010328868166161922,4.312302981297132e-06
383,-400.3955315517095,749390.5604635586,665204.008407678,160875.1087331329,100197.3158906932,17629.66714572338,27631.89224085609,2868.717476899396,4035.4673816311697,2080.5523299075494,3540.358310738376,2053.651874067176,3488.455955815073,0.08967057466173232,0.011350152461480393,1.0000000000861231e-08
384,-385.2862875873895,757811.1589110924,715769.2609863493,130273.36433886181,75159.09933225065,17083.088291778535,27018.224391755462,1695.4109957650883,3569.418696631586,2348.775523188581,798.2758400143474,1033.708361527562,1809.9234974070184,0.09567352859418812,0.00979505461629022,2.2160373089382684e-06
385,-283.11701276512633,774996.8481816546,697730.3905211252,119831.97928895525,64260.19827360273,16953.25377624691,29034.6476881333,2534.044647417962,4007.496493957674,2710.8484443161433,264.75361274980105,433.1234188816183,922.07065554196,0.09325124786706393,0.011718250004817712,1.2238781767693774e-07
386,-387.5790260890787,736085.5089263535,645106.4745912543,117739.79370075541,61411.31093857006,17842.902393931065,26658.897355731428,3016.517491629596,3847.1898634832633,2624.4403308714614,114.42114453000302,244.3648798625873,877.2956195022258,0.11033469727671155,0.008198560322915972,4.865417593744026e-08
387,-299.8816259706074,749085.3787462328,722408.3083022207,117733.31470028865,64580.22587626331,17407.896236012664,27342.289184431324,1102.724196255512,3658.047526313809,2504.765404941734,115.5389401251747,510.0655033065504,1049.8407126165375,0.0972721276440132,0.009053799761766354,2.614458413730705e-06
388,-289.89921608354075,731470.6580725927,623211.9303385877,116351.8385503446,64108.01449503369,17867.24775967266,27943.798622383238,5475.828805695811,3070.5703305934353,2384.0423114052187,63.62608908861766,402.4793009480134,1068.9246485213077,0.0851157472715619,0.010065438004728406,4.0264196059583136e-06
389,-390.31259980129335,797192.1596658025,750192.4727345103,125715.97711189926,62673.923306286124,16697.970203094395,28365.407807958938,2423.353522069622,3296.8256636556234,2697.926193973665,515.1691658274598,306.4992123394398,1028.5120053134237,0.06401459006842666,0.010809026449516044,3.740723707399897e-06
390,-283.97518475527863,757828.5628288919,688237.8563755734,120003.0801912932,61709.22396447654,17172.957889487345,28199.349769895998,2396.4791255026853,3917.0907844322955,2573.965291925707,338.85135009273085,381.9448980897385,803.1196206991331,0.09682809761280506,0.013124591260620702,5.252716848346357e-07
391,-285.80790098575625,783779.9046226954,643411.6637046254,124334.80781661069,59885.959210963156,16882.467470417356,27283.242035237618,5183.708643844079,3996.549945551842,2763.207378640578,572.0048505800878,223.53188917790646,864.3045341323958,0.07308548913322141,0.011564928127234687,9.290044471223511e-07
392,-364.0148776904588,769685.5998805384,726886.5684977174,121237.25929568983,62708.20233194733,17276.769170493535,28309.34772643913,1646.1518062166517,3784.457880889041,2559.3475670053253,363.4393270313313,311.60764038572887,1111.0612263478904,0.093529701038011,0.009976128050745927,1.8953327324383584e-06
393,-405.5870039840514,745531.8655692957,589421.9863928512,118039.49160284639,63926.832272455664,17622.561322327892,26693.33621260037,6374.409730835555,3361.2251475530556,2449.6809372846774,150.56331896813984,346.7229720251614,906.3047761158646,0.09420628689439096,0.01535680336082663,1.747376070798614e-06
394,-344.8650405446598,793278.266748952,723624.177459471,126307.18326366099,73480.02168302696,16820.813337373434,28153.292299451154,3058.9934090514375,3460.945770736836,2495.180342608225,573.763778849218,746.685482223208,1620.6644354353837,0.08071098242946807,0.009242068994521213,3.3914632582289238e-06
395,-398.24091086114674,763921.7619983988,649014.9744445957,126102.1077758304,70291.16150634256,17420.977873486376,27897.122724429028,4019.454035400091,3702.2121061326975,2434.759785282501,644.8334840100788,713.5302964312624,1360.8868186185155,0.0961318027621343,0.01208784804970639,7.04133529763957e-07
396,-492.31113788137196,761366.9624610962,705877.39994111,120085.21475554476,60654.52288833956,17485.572812152994,28447.50051849737,1956.8170129746288,3762.9722573570757,2677.6209878337468,384.80903531525695,228.99471528478318,641.4250268239564,0.09029293431859345,0.012802361054581619,6.926702309852534e-07
397,-393.5902036861104,793270.9571557433,783691.2193045832,133284.94279998352,72066.21415621827,16867.971203076653,28863.79691296813,487.83787117418535,3246.3964635275534,2531.0490693157985,794.4456715899673,843.5593333735715,1396.3536892376314,0.05649974614883279,0.015275704436536726,3.6704391085559205e-06
398,-385.2637725780321,761188.7146080679,735240.7468036637,118664.74637852488,62784.04837709817,17748.293431121107,27821.201178497744,1049.4994787294356,4068.690835828269,2517.241178726954,187.1049457179386,361.4621786598284,1204.7415239444717,0.10265977805995043,0.010024057073884155,3.1816163069405583e-06
399,-302.04306437492,801106.6025553546,737277.2405615431,121973.88766697768,62806.193568664916,16827.780180557722,28337.88362417391,3007.0926918507635,3252.235835556062,2640.469105776581,342.09149869136445,288.4066768025371,987.751086278145,0.0739539613268193,0.010605568714530729,3.8808243022578805e-06
400,-347.5661190681859,771650.020239787,629553.4677240313,140380.03055293125,73706.59671364044,17073.80097981716,28382.58609613485,5015.261953775715,3762.2865519195784,2300.566065519112,1896.395802886575,1011.0445120947165,1657.0333681065451,0.09307711080725044,0.017275552263462918,2.666546241155315e-07
401,-472.17263922844916,773825.6606719308,704950.505033559,120523.34099080546,60609.552099850065,17221.56491943281,27326.318952033296,2721.2101627337756,3575.7351162767654,2728.4678110325717,300.2845451308147,261.8765889162997,706.6056032443769,0.08287660024698121,0.009910506007817572,1.7805368547264373e-06
402,-322.57014666319606,793241.7365194603,741617.9087352821,122216.69326249813,61885.36463378284,16742.814520900763,27903.448879021973,2592.3293511205397,3441.532326889166,2501.9545318525884,472.483407767199,269.23676720308566,818.3467670221278,0.07519422554190279,0.016013343576195518,3.694228258295608e-06
403,-394.23040915865056,796626.1341962668,741936.9789110767,116596.4153455884,65288.68554626441,16622.165476186678,29256.338748528455,2640.9650736092735,3221.1138997577177,2533.996512905896,82.16184861420231,508.0614467778915,1152.3538705577403,0.0908666909869976,0.008330156251760258,3.714838070361646e-06
404,-378.79358109804184,764729.4914506221,745258.4635771731,117525.83220173696,60188.670786804134,17500.62615755078,27088.420123397587,662.9308062909217,3776.293702996225,2678.03657067472,114.27034075890178,191.72426057468155,746.891435405295,0.09548159449553276,0.01046362075443153,9.674262739467803e-07
405,-370.98983135306537,728467.2904657068,637568.4892761525,125863.53100116296,62250.06817034236,17541.60847342637,27062.55881054818,3311.2717680763094,3665.0958371163397,2504.980348096969,537.4920712173999,258.2770060829522,733.3585470657903,0.09465919433995194,0.016221795263398075,1.0179991059110864e-07
406,-328.4667435968944,799473.6545003828,689747.8664792704,117556.0694481615,58675.889499155,16685.226242386125,28519.22181806235,4858.682319613233,3546.563408275342,2556.9136865866203,129.30722461181253,125.87358892614238,694.410141504754,0.08707356274815022,0.013158848262580985,3.080505718373086e-06
407,-407.4475102953703,750312.3523697804,682350.8414296741,127684.76047458427,66143.28837819713,17669.692764530944,26848.632070949952,3012.2043455219496,3621.239306223184,2711.838453835044,717.6521406064278,583.9672835190232,1163.4171505240547,0.06354719673903121,0.013630688691500937,2.110219917393915e-06
408,-430.5899475552869,778166.9128048341,760438.9314848387,120318.74857093471,58728.27007208127,17123.510444590083,26947.113250448416,599.7863515491468,3852.950181103108,2705.501404508408,233.17343284031168,148.03175529206362,728.9431418359935,0.09878307952600215,0.01065149319873447,7.902693708637912e-07
409,-347.7098642939144,768288.5234165861,740989.391668867,118952.81899024254,63972.19884189156,17234.05650206912,26703.304425780207,1101.3285514622294,3670.527195248427,2650.461617458115,193.48820390575958,405.86646147531195,965.1999322091604,0.09703630651088105,0.006991157028904669,2.3642061141123946e-06
410,-403.6865724433387,770128.5110064218,767513.8397349316,119757.34318385692,60119.29207034209,17108.210997926693,27703.241011603885,149.42745969754452,3177.054365343864,2507.5485636626354,230.12433943986952,219.2929723808972,735.1143656429027,0.06977485490540133,0.01377744134056115,5.355304562928352e-06
411,-405.8100170848022,731095.9258848238,673840.2169681275,136271.14010985452,61872.160348735546,17681.00816285287,28098.957981331718,2157.057223085976,3875.5383648457037,2963.3577473206365,1252.4734573870212,288.9618703198765,821.7169290388848,0.0553376223449037,0.013550487657164734,1.0000000012846631e-08
412,-333.0167490777339,722064.0841732562,686599.5138693127,170270.56602509905,104370.78933768507,17867.722782110104,27350.74009546258,1197.5752014338075,3962.9124902046974,1674.9900735199003,5287.409251804272,2240.2908320083507,3330.3613122972906,0.0954893804302063,0.01852497985660783,4.740036563374832e-08
413,-354.23455443067473,770636.9886629372,716870.2993098715,129474.2148533849,70263.57459406224,17176.894241121463,28790.86592530256,2293.9821003189286,3575.753688487234,2548.79143276887,764.0927510281111,779.2188200118553,1300.9774391018434,0.08720903376447917,0.01035467467614956,2.6512067014639206e-06
414,-494.6355422663747,778940.9752119955,758809.2642508043,116843.70552009056,59486.31642001748,17370.36096179856,27249.841192692125,921.7608754263057,3641.9751943337083,2480.762303876928,83.33847820060261,182.68813468041776,653.9360407136646,0.0928197578476334,0.015261513410425781,3.410799047119399e-06
415,-299.19648429179114,732598.221274463,627775.836407686,119882.27383367383,60300.5761429208,18013.399907724066,27905.620220837296,4801.650604580425,3388.5410653203876,2520.9483843521375,243.15475150556787,199.52453529537394,802.798476625087,0.0841742206776765,0.01591750853148281,2.7046634923269406e-06
416,-303.7757898971796,790977.5074993982,729267.2052487881,119252.86183995655,63480.4230869534,17026.452177953328,29210.93972195798,2015.71365468661,3842.6574795050697,2706.599462336101,218.74123438483235,392.0851485987547,1113.9368138933423,0.10377362640725622,0.009849220890317388,3.8372878343963095e-07
417,-373.90085816297517,787310.2807435727,771679.5993321015,119525.4757617623,64285.63495275351,16989.18150341743,28345.038779734157,792.757552167005,3606.7758992418626,2660.0027913936733,265.41034061760143,464.38766969558,1140.2617020098596,0.07727628952045716,0.007167295496172015,4.454508686554271e-06
418,-352.0653722612726,772885.4003199345,702478.0243568844,118370.8526841396,61409.15352454031,17178.837877777263,27991.25713382258,2775.815085918287,3523.1339266345885,2635.2380954902383,131.5078133221199,221.17349487006035,714.3048648504885,0.09260920501215217,0.009374117017165961,2.3245331994572214e-06
419,-372.45311512676625,775348.0892012132,698099.8675527192,130680.8077096381,63373.67401568527,16927.324573714537,29708.110449651558,2670.458694019606,4051.15411519194,2635.642288855398,1079.2392524516824,341.09836055340315,1163.4124064040925,0.08064375920153494,0.01271586596730813,3.588641370425619e-07
420,-279.5416326303154,814035.507517375,762909.0624385624,126749.57113751717,65886.81492201284,16458.581641128512,28699.764477468027,2594.7368922364094,3308.0700875847842,2673.8481627660285,529.5472758132134,464.4116355741632,1189.2138803727173,0.05817085068328452,0.01110734911017269,3.896170200193493e-06
421,-386.5459934022758,740010.4005582009,717154.9656515628,160668.42022459608,105752.33560286932,17538.85693044153,27102.019368533845,728.4434867702854,3741.2784693290487,2013.1729342858737,2759.1075188138875,2805.370320299578,2971.4470497175275,0.09799533312571442,0.009223547571738587,1.0000000015863524e-08
422,-353.8298592478243,732798.5766594241,695812.2676210396,121375.33243904755,59853.6411449254,17929.655674293816,26970.38563087075,1351.7261402863323,3749.126677706964,2683.246988948205,340.0564772590629,190.82102149800485,725.184665557024,0.09127328888324261,0.008152671504343808,1.266820889302189e-06
423,-455.29349702167906,786980.6783776038,748425.4157054721,120871.36772518892,67055.85908790637,17087.640091380148,28889.777883279094,2110.3452243283305,3386.4268086723214,2479.7447345902906,309.3170818445477,586.1391494231533,1071.9171975802287,0.08629592779652875,0.010271226332432323,4.872660378231586e-06
424,-487.75433265303326,735804.3440241199,695604.3915285558,126879.5756091533,65893.55699451471,17960.325190255062,26394.865168071155,1568.0206783006345,3818.0791208065725,2555.6883460989843,790.6515158144898,485.36280716576437,1235.4007329418134,0.09053990998898741,0.011024294329556459,2.178296588264407e-06
425,-465.100124906986,775352.6792190388,767807.6422362492,116656.03313588304,69810.88116262421,17192.31097864629,28183.37418636445,474.7474975912495,3118.972248826668,2059.7762188986003,68.63185843633309,674.6468618640116,1351.0575050044374,0.1291567706075705,0.01338209866350366,6.38004878076979e-06
426,-430.0948670057727,747501.2479845088,736914.5132283671,118472.78324317193,58495.24652805512,17596.800199222525,27178.608292944806,450.422855355709,3668.8259003133267,2606.4879057757057,165.95407603020223,148.99593776238405,670.5769742576354,0.08645376233440828,0.01199689293197169,2.8346115479184603e-06
427,-407.8550166162315,740508.5177040461,692557.0052368084,126176.8282095168,67968.51353263298,17667.594309787815,27460.268692971684,2106.6190782855665,3570.093018169991,2598.223147679399,653.4095969304934,532.8632034363069,1368.4146918451836,0.0711848646169474,0.011119372069308357,2.3246549961859053e-06
428,-246.36855323209664,783929.0866588053,720541.8985241567,119331.88032052202,63377.93883135497,16996.384936484257,28547.765732089963,2605.946910395983,3760.7560883307833,2555.645709688054,234.559896989733,431.24159874916273,1001.8669377923381,0.10076528097443288,0.007908449564667843,2.8724518945457304e-06
429,-396.40719692875257,759520.8010942981,738506.3736350035,118102.70880630212,60835.42369745041,17297.82267189598,26882.95646125217,849.5354097320637,3436.587682340881,2366.2080590982064,156.28273466145254,227.82150062685423,889.7394510315772,0.09639572448881252,0.01728550930272284,2.9376778834804657e-06
430,-377.71164871178433,724157.6485536149,686504.6152366819,116783.85279870307,59574.01893637138,18204.955630026434,26331.098570827868,1438.8331443047414,3810.5022132601794,2605.075970588519,91.33796002954003,206.66550890131307,726.8493021128926,0.09476533666730146,0.014752282151592142,1.5570718737835146e-06
431,-389.0825540052633,747393.6077384704,671217.2358559617,123698.19960414553,63316.102024653985,17793.019327439706,27658.2390667156,2900.8014915956155,3609.7205215107533,2636.3762653432254,427.6044062456323,435.2603196321966,1142.753361432291,0.08853070685806202,0.010014084574249049,1.631122721357587e-06
432,-283.7784706483929,752646.1610902714,635589.6164676159,123042.8958217112,70602.32926604841,17249.924589982216,28688.718442159727,4233.945778395145,3757.2860108199816,2479.828861472989,505.44863629083346,908.3530140863974,1502.8136548478976,0.09461475441490866,0.008311380762639979,1.5134982321652882e-06
433,-433.54537480806107,765018.0730713161,539366.9680839987,165439.6656016483,103955.89811709768,16998.06561453596,27090.824647944202,8368.092135307332,3411.6085018987333,1706.344149317922,2952.3154181591285,2119.2079061269787,3077.756585766173,0.10424474768174356,0.016300586110096108,1.0000000000711414e-08
434,-327.96522651908185,758840.3866085305,723499.6867636726,121389.95325015811,64810.98021578081,17212.649014702503,27662.511232045334,1303.8234240271966,3806.480572491859,2655.3521243452124,345.9528491634878,426.8328313855034,1121.1631754277273,0.10029529592159096,0.008677384478444655,1.021439570134564e-06
435,-406.13791802701917,785383.0873036027,717821.9257490449,131961.42014528578,73094.64025393526,16772.182429792025,28779.150231672436,2658.120575127258,3403.8737996836635,2428.0941319007625,915.4841306691735,1036.2478361965814,1731.4532535538176,0.08626208471897769,0.009464046329911581,2.6753096694878633e-06
436,-347.918262308685,790349.9897637008,772965.346838001,119330.06137467336,58320.81958970632,17062.57131596986,28287.083880435366,693.2880392838099,3596.1718014269377,2607.679783883825,160.30842102127534,144.6452307424442,881.3751178548043,0.09716595946438833,0.006728301826733364,3.3516783209084837e-06
437,-310.98777706102743,792889.7856151497,768782.9052226773,122621.64605935765,60640.190496950185,16786.053434941387,28214.07474472323,1010.3303260015175,3382.704112947185,2667.75349746185,301.6870149029836,234.4922713799107,768.6078148976283,0.08476729960565803,0.012424395473334448,2.7292446634678595e-06
438,-443.83277448843677,743605.8006515179,703756.2740337168,171438.18682661085,104884.61961893653,17524.351278339196,27912.319512058053,1423.0863877410106,3818.0033778470684,1814.0329201839854,3847.2579929036233,2370.932358323498,3599.194933779688,0.08473872128481591,0.013943657707834057,9.384909888751099e-07
439,-281.274966983967,756690.4016508125,679028.7876016373,118525.89972865472,63332.57674844662,17549.17063915251,26915.699091708313,3613.5426157649276,3318.5975243781436,2601.190554283549,144.15990550121586,427.2355338539842,1217.2397352222952,0.0810029172152322,0.008843903158077041,3.33497473002803e-06
440,-454.49571816007125,783579.6158928629,733581.601324289,117105.00019833849,58962.77651427688,16764.950604241505,28374.798708083028,2550.3564856093303,3216.058531456351,2463.2137390944276,89.82122060671104,169.27070710987522,748.3545133633376,0.07722949149628332,0.012898170081757837,4.498719868135425e-06
441,-295.8657478623935,750779.5585046161,731268.1704125465,116836.4212108809,61071.0199883882,17573.50073831617,28313.088101972655,1040.6523355913823,3306.6558175779805,2622.279940645845,87.20701771917903,267.4291406853454,1012.8781101293322,0.08294677929532476,0.006872409140008267,4.712675614186109e-06
442,-316.004916940161,764281.6554289875,737748.5673500287,119857.10502555958,61140.56899991265,17474.281154035034,27960.195620820985,1093.6457794283074,3693.1099181375675,2720.6683279891163,221.68353431334265,273.2798251756017,864.796218981882,0.08859522524839678,0.0073772121235918305,2.7001001131236034e-06
443,-392.77339840269076,766955.5931514984,619172.8084811928,121916.7664272222,67744.81489768319,17552.021241860064,29150.859342650307,4892.8131042566465,3915.471524226971,2601.8265347528254,518.5033604642207,732.1179692066756,1374.3363593869685,0.09477133571271876,0.01099484384913488,7.264798590904956e-08
444,-278.5867422543012,745421.0938270369,654087.8484377742,124887.3153970114,61988.207448794405,17539.86869228058,27200.109814542026,3116.9539092968785,3866.200685558844,2557.0803845708815,615.4190881861601,371.0775366590536,869.3417330230078,0.09009689337550454,0.013406584026850089,2.7306221475809433e-08
445,-408.0872728979424,742498.6350692471,623935.8909210048,127991.45584997437,64459.45599668994,17382.821260842997,27008.58037059119,4512.419886222901,3838.1671324660538,2755.255637558602,705.1690765164042,440.13020778606926,1043.2168493050744,0.08363208853208492,0.0071600978274329735,1.0000000000363781e-08
446,-339.6152568994635,759139.827323483,735049.4812695495,119179.01998786717,61376.271866684954,17220.93727765787,28196.152412874544,1037.8351820514413,3587.1202889553538,2501.2955820634375,227.8312757648342,274.76581687679203,864.3626248296213,0.09182260458193478,0.012463314789912772,3.2809240599306642e-06
447,-290.37794237755486,717922.2703433438,686234.3273366471,120601.92899342056,64227.701213780936,17716.98815326418,27604.650596237185,1173.7433753829825,3706.2786586837283,2673.541014348488,307.7486521558027,434.03531739720256,1119.205699234117,0.07696421891793744,0.01240138000239958,1.0463011668693453e-06
448,-377.61107401647445,786146.7950300942,766834.7301400313,123685.66650696495,62458.14100543444,16836.073812709044,28394.72024393114,736.6583548789109,3750.8012625650776,2590.483272565102,625.8945777132052,326.0560421189793,874.8716088539775,0.08844016400199448,0.015544743935854236,1.9014206805832294e-06
449,-411.1648433885129,773424.8756182235,634289.8848515585,127389.04341719784,72687.3288145342,17374.216082249146,28397.547665533264,5712.575616915461,3397.0922445916362,2246.9594050722144,785.581605554277,741.1838043430913,1612.3861808169697,0.09741745706988858,0.015214329482531234,2.5880910947596983e-06
450,-415.0665078259262,752726.6876510025,707412.4271698523,129028.63647277771,64755.37263648212,17414.25746468606,27023.382563155443,1607.421909924058,3799.5086686602604,2628.382995825746,934.0703310959234,475.5588614526227,894.9383156388716,0.08419546753633089,0.013934729997337436,3.1496801829595017e-07
451,-493.9895708014618,747498.1134909248,707355.9821056328,117057.10394853697,65953.04109749668,18043.893241727168,26693.098627695144,1774.8478268660272,3608.83306267821,2459.3446553101653,89.83304572055815,587.5246971557411,1289.4335715632842,0.10387459371419014,0.009645536927986796,3.091341109363188e-06
452,-389.73063495109045,741415.186293054,629186.6054218233,160849.5008795453,106362.37364375447,17555.11450093812,26616.46859618347,3793.5373271979615,3633.749424567283,1732.2584279196988,2852.5561012137427,2248.7433201970152,3119.1995784139954,0.10715223984970174,0.013093617848371413,1.0000000007215758e-08
453,-481.90679306583786,749176.1761309913,669056.7252793459,129695.5976201482,65833.41961271846,17494.447846145587,28462.052928971872,3767.3092550784763,3494.990986386281,2626.399689764745,881.4897736611933,442.4713944611381,916.3483961256796,0.0695783493160726,0.01366084254189671,2.5384765403756095e-06
454,-295.70944740385085,723909.4516995294,703087.2999028987,129992.06815914426,65688.63927766753,17634.082579575337,26948.347754047056,742.7667059197679,4007.8058282165507,2716.2773776330496,1170.5516248076508,554.0285135095895,1188.5148708616475,0.07846067132924635,0.010899446667986229,7.191455795839345e-07
455,-277.83983741223665,814337.853305322,786084.7639818976,119330.9060554567,65013.868968733754,16633.02641049299,28989.477455403165,1099.4315603898717,3794.5813389105347,2848.860090483035,205.04393279520602,372.8105506307503,1224.5462605206765,0.07971392680743535,0.004589982307081449,2.409774351823007e-06
456,-333.445902550156,768730.4396250828,735489.5681641373,124023.44605200826,61956.19061465519,17467.216024236055,28330.923533033027,1852.2423097339217,3199.2873493654497,2583.847941847985,414.32779661839203,290.74493417943626,866.8673417354564,0.06849846310918702,0.01063018318014492,4.479665971573271e-06
457,-386.11258432677033,751000.0124256369,647408.902698495,118055.9120733085,64212.895385700176,17329.693321130577,26998.633795142432,4271.891546504462,3536.185156137158,2505.794989983439,175.69019208632898,405.68317022828785,908.8296606923959,0.09926337047784377,0.011022432641811167,2.1330353355332387e-06
458,-378.55490155130826,746079.9135160072,622512.3720321517,125713.56373728349,68415.17213702707,17506.374497521185,26912.835674222482,4522.222187422795,3657.6534319397883,2639.6415622000754,681.8705844243293,507.2100692891596,1073.7337539822922,0.08792792197779581,0.013234525741930042,1.458847518846463e-08
459,-424.7851447376062,770207.3595762406,638073.6890008281,133355.31715019114,67088.59873353934,17108.206285715132,27841.943145887777,4545.310746539888,3652.383317288809,2504.9326702611147,1513.4564967777712,548.4152653966731,1127.2971714397554,0.08559910438697087,0.013693797206606708,1.3401679108401377e-08
460,-373.05134293814973,748192.9816282901,699911.0082704193,119432.42237999458,58926.60235766891,17163.258377940645,26830.319484841562,2118.153459159989,3448.1668175246978,2733.577461816044,226.48243817151956,138.55553886759037,647.1562910397752,0.0685121102090544,0.012564157101266585,2.229568818944219e-06
461,-286.81814711436203,785343.995040228,737860.9464160748,124345.30807720424,61037.51477704055,17286.8132652903,29062.23999693135,1908.5527318915651,3622.1012197114505,2921.857883757136,504.970574332652,285.929100780048,869.2508364478649,0.0721513874478939,0.00686857333385251,1.8821547510744271e-06
462,-376.9855524368715,824959.8036485016,697352.1285039416,119173.9322842062,63821.94003846636,16442.767809634865,29263.815000776027,5286.720578665973,3451.6350273100948,2538.8857097062714,212.3677937674902,396.14435899288213,1032.5490614547687,0.09966647349593513,0.009218717337467135,2.3283785720675032e-06
463,-377.2801845717031,739032.8052566521,720584.393835028,136203.62316729143,66210.07020912874,17524.1857750009,27402.418438892222,667.8406237314966,3723.3290727883877,2745.6938430228097,1074.6201021635911,546.562231888832,1081.7652956604177,0.07744564188965508,0.00895768543929981,2.3925611487707315e-07
464,-273.0387998075322,739494.1661124403,720751.5592524408,116174.84834408449,64413.04931053961,17457.780021637587,25871.9768126634,777.0371493568846,3773.3908106640547,2554.0851339668993,46.81026468291909,424.7760040688287,999.070641102152,0.10077282298717491,0.005398298417351138,3.1824256990577176e-06
465,-351.157985071165,778085.6724063928,748775.5087073279,116537.80451599228,62794.972445700514,17258.902171053913,29212.229901996292,1236.5138598446415,3576.342252046738,2488.095337446431,61.61356598544091,435.33126346062534,1064.1444534647067,0.09997175281337349,0.004707181507015495,3.432699382578274e-06
466,-328.855688459133,741237.5157903902,687085.7487901013,119818.4035771811,59645.028767071206,17762.875055487224,27231.41119063498,2169.428397442948,3526.0556903376196,2644.4407357452515,267.6432551445188,203.67666085891153,830.4473238600134,0.088906120036983,0.012556187386182173,1.762134821345118e-06
467,-454.1726879001887,797266.7328897921,747192.7126522647,127691.10355386068,66983.18875704674,16866.73451867299,27329.082708922248,1644.1427702826988,4047.4978798767747,2462.346758446845,1145.1500974149774,436.38590235030574,1107.682376088244,0.10286524609728659,0.014950972909365446,4.1057821364369885e-08
468,-385.09190826261386,748545.948658013,691484.9362023221,128314.62633024796,65238.863615464856,17418.850341590965,26594.31051264751,2190.5273827004485,3931.555082818776,2689.824380310958,653.6545564317174,413.38008705902746,994.0547414635541,0.08646657264777745,0.008939898078270992,5.178280220662293e-07
469,-287.98938592356296,788437.1423919351,689924.8540431318,125995.69366404341,66941.02295927457,16974.623606695786,28554.36781110348,3544.9475018552394,3545.8763552620157,2640.5260622694104,779.2533120241168,528.044040153459,1291.7761919238678,0.08486299256911319,0.01111014296499325,1.1450150704445238e-06
470,-467.2255853700034,760215.4424726536,748683.5660998946,118867.19911629718,61348.99250265252,17569.193708303974,28528.98168296931,718.2392294684421,3300.0378607033904,2607.2765307230898,206.3464548260096,279.12867834228484,1005.6819965436181,0.06947912175078744,0.012372357854934226,5.252500664848158e-06
471,-363.2364781360717,774088.9972177218,723721.1920111977,118824.80062330171,63792.87056466708,17158.425700255353,28094.31336612115,1905.3939449072127,3864.874209456083,2637.3627620083325,190.50238936032946,482.14532939685654,1008.5668167029281,0.1007252743477104,0.005874681727737774,1.6742539834059618e-06
472,-404.59493194616647,774937.009719597,743056.2255838452,120168.36175583494,58456.55748207745,17819.200286956475,28434.686387152953,1166.1405759091322,3750.0327931334677,2505.677778101181,272.10625255856314,127.69410887103206,797.7641451004064,0.09076469308074252,0.016823260088196474,2.149722520936334e-06
473,-330.29158689409365,812435.9549229669,751675.2971483871,121064.20543766311,64870.36017731587,16414.122901410323,29082.8168145994,3269.8411745420317,3114.6640815347228,2479.0130955464506,315.244038167735,408.3550200783156,1133.5400933191283,0.07710059623173775,0.01088414739930896,4.129844087733361e-06
474,-445.2089946719266,772197.4969894942,704753.2765272834,116728.32193494623,60511.55023015552,16856.261647396845,28182.66646543179,3262.802157276161,3304.701538869979,2722.4237150226286,71.68023362121748,227.96524733597485,744.4892645421617,0.06343034759066975,0.008025666216234538,3.943302992897224e-06
475,-266.2239512614256,781189.634374998,665799.919012183,166712.86016660597,104504.65592084895,16694.254694159183,27819.042552007384,4073.088742309307,3813.3278080644964,1956.5337607610873,3963.4937198514435,2123.98547300108,2561.0594819656976,0.0825668505563423,0.011650217455390247,1.0000000002193109e-08
476,-360.8679971036978,760226.7523870084,706319.1510805853,124040.40237727934,65917.51985315183,17501.741029664605,27181.912418346747,1969.362925729344,3989.2179777333718,2669.3877175204047,483.73735214663253,469.7973568410571,1160.2331939393682,0.10036145382051938,0.008135150448889046,9.020395774934655e-07
477,-255.76952039611228,713757.5991259604,689248.5438888016,119917.47081280695,66430.36970614883,18102.421878575922,26658.900591917878,939.5718790215683,3769.0418493402058,2801.595993195476,269.3667257717371,438.07028701405574,1167.1654102044567,0.086111290391133,0.00717414882820952,1.3999672134212904e-06
478,-383.0371772608345,761429.4291750281,673397.1743138053,170245.71613821865,105305.53414787425,17448.6699876943,27286.967838223085,2954.033419718796,3579.6116255255974,1460.0244685471484,4835.902467096445,2221.284781254034,3090.6848115580506,0.10992633836657344,0.019980219663674224,3.9219036030407414e-07
479,-363.73041318912715,757011.8904827746,749674.1436192929,124961.60520446827,59814.248385959036,17475.776405878474,27261.950991549704,323.8496207929414,3553.942774632686,2695.401793830407,647.1184922125432,217.50967955759214,737.1177261308137,0.06794534336087082,0.01386800744265375,2.6900707674117375e-06
480,-360.8987509165671,757911.8068159332,721912.7548167012,130596.34898270822,61589.577073700915,17058.134683966404,27553.981037024423,1238.1187203566014,3993.650904434728,2788.204651230123,837.0831196941517,301.9244279527168,841.0122867956715,0.07499392876692557,0.012233155922331288,1.72790879501036e-07
481,-626.2638513490815,786506.8281571035,749427.2903020801,118695.80269757775,63366.391453865166,16973.487809518196,28342.185128623325,1490.0199405271612,3784.832102429277,2499.6023860975524,195.52923348501093,366.0627004776357,929.431707353578,0.10273376601519016,0.010552016610717214,2.0645650132545767e-06
482,-426.7758695505646,732987.410666109,721738.9081086515,118995.20040103205,59563.747935996944,17795.340889161092,26513.866323370094,465.24103939772573,3416.5168609900306,2547.048018366435,193.51068575065378,154.6929776212444,736.8427538983217,0.08704163230968912,0.010395548609297256,2.7666018692943124e-06
483,-405.22406337117883,787334.0525734725,681467.4316533118,119072.86145692396,58717.258776745075,16844.1878742191,28237.81322109583,4943.777872025005,3409.7144567413593,2523.987781973413,206.0069238803876,119.57990130567909,695.3799702904586,0.08199557758909141,0.012747257958986164,3.6798265398876305e-06
484,-433.0747911682802,775248.6908159901,749187.6499641642,118484.93094464409,62502.21145983901,16998.884259196486,27903.42363409674,1211.8474857508738,3450.900725070313,2772.879985085178,178.21902785235264,346.9199655129647,883.5637563880912,0.0699102093006433,0.010170394243838666,3.067992801562713e-06
485,-328.1223519387355,758309.9928834109,721998.5582086635,118437.70681643925,59283.73063098322,17658.659325196397,27767.721889082273,1571.5030452481103,3483.6379897874194,2753.5867398521004,193.60126655426515,183.240971523866,750.3153146615538,0.07657025365700908,0.011065017447063332,2.7716039239027514e-06
486,-372.17251947581644,780810.287372068,679084.2296477772,121427.78896437047,59408.2197008012,17051.177208746005,27483.118323576015,4638.737591947354,3627.87765692289,2620.186773382309,381.19720740192355,174.33359186421063,791.6943683305457,0.0824322906302629,0.008946077136829352,3.3096450494778353e-06
487,-272.84644977912933,745481.9805241707,683831.8594464957,123857.30870660453,62495.93845426429,17815.26555055028,27101.810802454336,2305.3256189294298,3807.1710029809497,2804.020684973129,501.65520944983393,366.08685092561217,996.0869052626855,0.08625058232572391,0.00870464928097601,1.0797923998202289e-06
488,-359.9018741626182,747777.7718607578,744048.2832116799,130462.47069228273,62788.77396951711,17289.556326096434,27074.42882647027,131.19427837556825,3976.813997782775,2787.83485705348,862.0302792181327,344.07887014952547,819.626363388419,0.06940340570931613,0.010741989915810657,8.337291668762533e-07
489,-290.0746527236382,792642.3408754759,719626.3779482099,118466.39998395232,60256.38393662705,16901.169773474317,28577.308354166256,2954.531249378222,3424.377970955691,2513.4550394212715,131.97549724070774,211.1742426527328,725.0153234254118,0.10067854832247222,0.010457702729695002,2.684476554857308e-06
490,-299.6235218410587,773648.8744899745,683967.235190174,122379.9228258853,62428.892740925694,17251.302066550066,28587.364323929036,3112.2123686450605,3699.783592590624,2541.5135671902012,339.88450736090186,375.19692499410917,1096.17365176197,0.10354122065430917,0.01233165400270378,1.0398142721301918e-06
491,-288.4279361310314,732496.2092320577,708675.2160385818,116809.76702911258,66142.52740444017,17821.6081178439,26951.018574136964,846.2231860534149,3741.49309438479,2484.890859692844,101.53642714400193,446.7379721025319,1187.376673498266,0.11193895834889961,0.013051169717055193,1.2102460899494258e-06
492,-464.3307320054532,794196.7833826221,703954.0878465265,119025.7213485927,59315.43030954695,16974.13242812368,28574.568806130468,4480.865478385811,2983.51579529678,2492.8439933954,175.1409037523388,163.25829052325557,715.452982198272,0.09061036949692165,0.014534706374370796,4.170412245420281e-06
493,-288.11456322558365,750951.1870647843,697600.2480673438,167204.852181259,104313.95323562382,17304.78434399513,26300.810878310003,1981.8345821722567,3606.1725240494316,1798.4023926698983,2883.79721227076,2748.863808113116,2712.8939439148135,0.0916285220268676,0.013596114827262272,1.0789847076788438e-06
494,-521.7148393771831,814415.1102276929,752252.112956188,125044.62283598812,65697.33223664561,16410.211855134687,27915.18112819435,3016.214448350812,3387.8161777301443,2529.743549802279,833.0218017834143,532.4611163124041,1226.7781932897885,0.07684943476581405,0.01270673993352835,3.902597142074067e-06
495,-452.07291789678277,763202.9219695694,686453.0525678844,118602.21223444286,60971.57609425043,17549.71507166387,28075.464192096453,2952.4064309518803,3743.2765836405924,2633.9935778317863,183.07869395649837,224.02313570968525,895.998450716602,0.09898479927212775,0.007340653421219872,1.8607548590038518e-06
496,-276.608750742357,740157.8786358276,631649.2947038515,118052.30590577792,66901.51609448912,17662.878808761106,28084.321057701258,4273.409976017974,3290.11691069721,2235.5874370821475,121.1095773351594,590.0639072670755,1099.5257704185713,0.1265516374427598,0.012338413390001971,2.254990711959909e-06
497,-371.9657766135947,802651.2671424584,791102.9009258118,131901.33685356958,62002.743140580424,16571.751020950247,28706.84885831709,377.5198623042068,4110.155080856034,2810.11364113407,1708.3410082580158,342.2406789516269,893.9574821249399,0.06742918681046624,0.015816294812346858,5.239772930829402e-08
498,-314.67891035259095,768923.2875677781,658869.4698816023,117658.7935529738,62348.94507335228,17175.189633640864,28058.929991019904,4440.818045512712,3449.032954341097,2475.982913514546,128.2153511934999,309.7522495927966,940.6012836248279,0.0889824963012911,0.014489822196049032,2.09880799033885e-06
499,-378.40151485075376,778589.8320774682,652957.7960878245,117626.08182689839,62874.45350834823,16792.845247660476,28184.880500457406,6498.608661347118,3152.9245542592625,2523.208075033958,116.25077479529075,396.4087330790338,993.5638252664254,0.07139067016239681,0.011359318465899777,4.402580007561406e-06
500,-428.32533584597724,758294.6728882466,633738.5186494038,118205.20483118882,60397.37722854622,17624.9206654606,28275.16292040632,4440.846407261361,3953.033377670383,2570.307841685537,136.46523029044965,259.5912957226173,781.510623456375,0.10389668115281184,0.008598876669700047,2.8701693732671833e-07
501,-280.57514823036547,758548.3690564602,638018.1866436984,138357.41672374858,68371.18362062097,17091.929565611,27286.461080959794,4348.971654168509,3889.3789810329677,2770.8890267568386,1580.6109341781707,629.5094069916755,1121.293907834751,0.06180039715221969,0.012573807983919777,1.0000000001649969e-08
502,-319.99550031964446,764851.2651061291,701136.4307867951,135122.2610043181,70893.56090388939,17422.098824807355,27885.94082955829,2318.074058997573,3561.683634850331,2473.3352244779207,1393.1237149696553,666.6385138301939,1429.9593163199493,0.0789791782666631,0.010880964410044998,1.5455069870768546e-06
503,-433.1261499956501,753640.2056461815,679119.8458042658,118356.8515920459,61412.038182830496,17435.18060033751,28619.147354551995,2501.3247240728238,4017.7713783493223,2904.5454839497966,146.13271106213463,341.0312469249425,929.6376850547312,0.09105496290646972,0.007280435142972856,1.000000004270719e-08
504,-359.65022484444063,763748.7156302202,711637.6027201656,120319.50755369119,61070.63313984061,17344.251262111873,27467.424824616475,1892.0338873037706,3730.8194633684325,2689.9669696938035,284.07996742239663,203.2174113420871,760.8648306221187,0.09032225811800974,0.011758025727296008,1.0000930917537564e-06
505,-342.21857876538604,720632.8836754243,661527.5722680809,123989.79397105989,61315.74623475634,17665.966259245233,26564.49166485564,2273.0258297699042,3529.8108935917276,2864.523857221068,598.5949400448189,307.5895817193341,940.0619807206655,0.07476310423307493,0.008215605504368883,6.553988284502894e-07
506,-316.0557924202492,758673.7388188043,688526.1064897679,120934.49878503138,63704.17644434309,17119.558901889315,26512.803379784877,3710.1093352205125,3182.9519113762863,2696.3811009731107,312.874078027747,345.3836510194639,858.3817267196725,0.07003113276071,0.010454240809132294,4.4750890341076236e-06
507,-385.5196473618074,751725.5275421162,731951.8799944781,120965.37488767857,59413.09740508382,17409.250330099832,27687.29570166217,774.513237639023,3817.3130389162015,2736.5658764920954,381.9784083296791,186.65752565228547,652.4788966730696,0.07924442891877985,0.009446705019921321,1.5300520099959929e-06
508,-286.9533428512225,727983.625772938,694081.0508613987,118673.02135543544,58661.95474444767,18001.075401102687,27678.492720114184,1387.1376769285566,3533.471868802805,2749.778339646016,152.20406217555822,128.33449492825946,809.2483807985741,0.07314832963051258,0.011826795809130989,2.183063278123243e-06
509,-386.7445434643828,755372.4626364633,731405.94368683,118291.26969531682,58332.70170995122,17471.348639211436,27657.16243387058,1060.6396592091644,3502.258634650019,2613.6974508813832,178.6556589934492,108.0326360409366,640.4979761734633,0.0765065031995229,0.01322148385792084,2.8973522801170236e-06
