sample,ll,T_NDH,T_ND,T_AN,T_CV,T_LY,N_A,N_ND,N_Den,N_N,N_Alt,N_Cha,N_Vin,N_MH,N_Yor,N_Los,m_AD,m_YL,p_H_N,p_H_WN,p_V_L
0,-552.817548007082,772232.0957938974,712876.8787252015,116188.6812264533,59458.109738450636,49096.02768948583,17578.9899038386,1975.4730752911041,3916.3772165066334,2449.58971422672,75.45420414739591,158.56952896628664,835.6719375926559,27453.1840312504,29493.32716272505,976.7354822849494,9.624550541607185e-07,5.334710209781247e-05,0.1168525854043983,0.012156060013047455,0.022099126309101057
1,-473.5382418177952,763570.0456564124,703277.7141639821,120087.41638532505,59672.939515151076,48000.00000033584,17170.70060861729,2377.856678777777,3674.578665474084,2727.271511302155,268.38708366355996,196.63846385626783,797.2711802916147,28559.590660126483,20024.081840098082,921.9158027759577,2.1014094083159244e-06,8.792822724999954e-05,0.08020648019770728,0.010360944242997943,0.025095868742694056
2,-560.9116083393301,759112.9014237219,649844.0198026864,126686.33877092238,60625.43937362114,48000.000000068445,17428.908786513122,3825.128944338807,3929.6657617011942,2644.4909283138963,1261.5467850275531,247.60156420296119,839.2443015748053,29783.833018653237,13485.11446671007,852.251203190101,5.007359268907272e-07,0.0001221426055392503,0.07712753618117542,0.015236932787257303,0.01913705463231232
3,-468.57614457988814,813429.9410914971,761679.8867871593,117932.20974363244,63627.14392565504,50126.2498673728,16665.29884655971,2306.4543951351466,3670.6052401911325,2636.5636043539116,141.9457319254535,337.3701187085878,1174.5298995109115,30540.532497997698,16064.063134864089,916.4083399722322,2.9461272358692094e-06,0.00011565658747377521,0.07548899042009126,0.011547844609470585,0.02228980583578231
4,-571.119594131769,743731.0829796657,674272.7637470018,119843.61727012231,61209.25731566845,48600.990924616635,17340.206796496575,2792.7098845497794,3528.514055484657,2472.8494916489403,269.65615395025003,233.96155307846453,772.5899923723545,29571.054738794763,12756.750909715816,871.5458901072999,2.0126796398133026e-06,0.00014646638701774225,0.08442438871259782,0.015440908075709796,0.02640608011396304
5,-482.5836822319929,776587.5538466622,711691.0838789328,119543.78013876225,64889.33450342991,50406.716533327395,17193.554332143838,3421.2771936259674,3247.060709594108,2343.526676616506,204.28406804098424,521.9590593561564,962.1678499937502,30071.213708827716,14233.638146362337,986.4620085086431,5.059151414632087e-06,0.00011208342807644302,0.09066137337223126,0.014436276519094696,0.02567230765701715
6,-403.3931457152199,761760.742133104,627657.2838552315,119975.86951703884,62765.23410302788,52099.726772583665,17578.986802620697,4707.744058177662,3769.5927102571127,2466.237676110464,264.59495143370856,328.2772485430534,898.3795533602001,28713.402202509307,13190.341298458634,1043.5351795081342,8.008698468803604e-07,8.938209142449615e-05,0.09289466740311689,0.015535002847478456,0.02713867405564545
7,-529.3776113062062,749531.3770257749,714255.9163480981,122714.9521214993,59783.44074680254,48403.09909153374,17284.08456281289,1772.0509007529959,3410.251197528719,2843.403171689372,386.1055591254225,188.97667448033968,858.3709943493797,28859.443257886713,17152.15644524594,901.5334486890208,3.885392610683442e-06,0.00011621736236502282,0.05994802484823913,0.009705883856055027,0.032486330165265136
8,-624.5555231608704,790433.1447885276,661083.656780447,117687.8972276481,59677.640840915075,57394.797179679175,16809.854320057908,4651.969963174184,3974.5234717775825,2639.482522409925,125.10138546252016,159.03068607297385,880.6313006629008,27970.733487369613,24622.595927466224,1222.4777610369879,1.0892935623910516e-06,7.347381620912044e-05,0.09292847392540991,0.013183734678971737,0.022263949705122025
9,-464.64485021450275,793135.2928590948,719561.3386289987,120666.32518232746,62679.09370687751,48000.00000026899,16980.709752635306,3125.8028407940938,3734.4157919377235,2605.7736588719877,410.44495232571234,324.8390351139785,1004.1705000720366,30166.09620225674,14395.008696656416,912.8888505989277,3.1420505525184864e-06,0.00010944115914069284,0.07872630178953968,0.012035604434832634,0.02627927631252411
10,-635.23958840442,822420.4961396719,756090.1716869817,117677.33644701932,58040.892203123556,67052.70552468543,16626.25559692106,2813.6849589794683,3564.0485214981177,2428.868705455625,154.23679285794924,110.5662479021451,654.1699272963705,27919.333257086913,29028.79877816338,1463.3401110773307,2.9039740393523187e-06,5.5309671288581974e-05,0.09377820214921485,0.01432699168256392,0.018565349594639135
11,-474.61068485204066,787127.1790219918,729866.2396352679,119484.15254030618,58041.95549803815,57905.20744433026,16838.881700787133,2454.986180566494,3526.248896395127,2588.1687451211797,280.1853749063167,125.87977202057876,661.2570363046153,29384.37345715273,15100.660582118453,1116.1579299710556,3.4278885178686314e-06,9.02361693176761e-05,0.08859176350731798,0.011016951035406708,0.022501214510778494
12,-537.2585197762124,785518.116938539,719136.089745487,117906.57965557383,57293.829376871516,56497.50922169037,17438.074759808926,2537.1158563489676,3687.8104879203524,2583.8411965015375,137.75384006176864,86.17389674172117,664.9095536374919,29752.13267026932,14293.33178452771,986.1295154124188,2.631489780449046e-06,0.00011896840468972024,0.09590460355711547,0.010457671728673148,0.032490718554021344
13,-576.0590464997106,762409.4636346471,688413.3278545922,117875.05340267674,66291.8498441082,49095.004685951644,17522.708939619493,2848.8970198817133,3760.6272614729014,2329.478871686967,163.22378642056708,607.3854640651098,1257.535206509202,27154.57620431931,41139.498750345316,1054.4631931290871,3.1193318635834803e-06,5.754958762454356e-05,0.11302642661254343,0.012144127235419244,0.025443746050718183
14,-453.0616654415039,792447.3272868312,722689.9665394541,120544.52484210368,58855.9615107503,48000.00000142604,16867.52997347182,2893.2007520630286,3605.7729048538417,2581.3314096512036,237.928184357445,145.45547926765673,670.9808750795246,28150.119103407727,20856.35505820367,948.3040681215335,3.131724888478802e-06,6.0867245471951446e-05,0.08951790618180272,0.00840844511939983,0.022775104617250075
15,-469.829246943705,787274.0983142053,709419.0123402507,116688.21720045204,61918.134530997086,48394.406927931224,16947.965433325986,2882.922174008296,3627.0610383186795,2500.919959688007,85.87534297155382,219.4400173111453,858.4405035817348,27493.31298431257,58827.67045380075,1017.115720636624,1.4468293206115312e-06,5.856232125500249e-05,0.10778086108242861,0.01124618788542813,0.01144413795969195
16,-625.1433509762435,722548.7755218301,688885.3256255266,116805.96541949766,64202.6840510766,54254.43088481086,18357.619638802127,1344.7019641480372,3508.2761375927007,2478.8603213213105,69.08227579306832,419.1413655537848,1000.8008730844508,24856.591223454623,35424.50884366225,1289.2039927451926,2.4421795618767235e-06,1.921097551258016e-05,0.09633085364852076,0.01153602387919468,0.0196290564274375
17,-475.7872502223322,784336.7734089614,717565.318135744,119914.59397583395,61170.41639692102,48000.00000023275,17023.225678568106,2659.3134616381326,3395.7671452083323,2679.360963730864,230.18605942997615,261.6227484867541,764.039510336069,28410.37307608629,17617.008662546636,931.1809255485257,2.1399657094927994e-06,8.043512059992273e-05,0.07844217970947216,0.012733856273241605,0.024437526687502528
18,-413.63096514433266,771630.7796370119,669661.7023113166,118711.47671558199,63171.4551499348,66574.65526812564,17090.38523080386,3928.550814390566,3511.3408114390318,2482.0951322286796,220.18675618360862,350.16328691050114,964.0699160669424,28428.514089874217,22340.03846349264,1228.1117517785583,1.927466129723099e-06,8.813935325850902e-05,0.10491290894068017,0.011452898824564304,0.021485974531306986
19,-519.647732837813,758999.1787028221,720210.2297462849,117521.12142570307,60043.71391633383,48427.22308609464,17498.675584556346,2492.2995968838945,3127.7930087637983,2289.62363091098,114.08506349074676,193.07175598476562,929.0852858959959,30128.69512768404,14687.717964892621,818.4460320001241,5.999090062798576e-06,0.0001401184085584051,0.086617764361279,0.014668615238635134,0.028306262874545945
20,-441.9490542386873,789953.3744711034,718124.0345369031,128696.76076225452,64277.27203686587,48000.00000047269,17145.73875711937,2796.1115449526264,3619.718480988016,2461.663951443775,706.8722677697211,568.960905660589,1050.8025579839853,30887.256942920885,10717.05305750405,832.6272482970911,2.0839032238907636e-06,0.00014867560670435995,0.08678769519944635,0.015600023615891172,0.0319737862668608
21,-420.8332871709434,827066.2491975055,756044.2675717536,117676.5152190797,60578.97780790089,48510.5057550546,16324.22479844846,3764.8653500905416,3229.2339722297165,2436.8760873641277,113.38156784324573,237.49753351983335,794.8129499637668,31381.35589001648,12825.116606085083,860.244965647283,4.903892380494288e-06,0.00012285558902514564,0.09427758598849151,0.00914482313098749,0.022661735728732035
22,-524.4853113057482,771756.8310069282,715417.3032584088,117552.02951018524,60660.63529480176,48000.00000088213,17197.6719163403,2348.8169890873196,3587.5479590389723,2496.8258829330825,106.23765917907704,218.95636903379145,776.7301488133797,30743.48444425652,10368.907994012288,828.1412233877268,2.841821502720951e-06,0.00015666511766842403,0.10290087641732763,0.010176222963620822,0.033150150500167154
23,-628.8227444609237,841432.3667916027,765344.7979999931,118510.94131544423,61251.160719409825,48000.00000012822,16094.198206611656,2763.9224503641867,3716.388815365308,2740.042751238337,165.00732378226195,309.8512873867387,966.1695562860477,31218.237366171063,13663.84587400098,872.0684398760856,1.938626580910127e-06,0.00011796787553685571,0.08475503622688088,0.009537055884302125,0.03477802571482849
24,-401.2541080163321,782123.6591464187,750822.3439074346,120956.86545359205,65280.25036453168,53938.36701001722,17267.649167826985,1142.8684937351056,4042.7128493804184,2580.841333904149,379.5633076844906,470.24792957409466,1302.618383164936,30623.33967364087,14536.123714962821,960.7073094830234,1.6238102056498707e-06,0.00013270141841571485,0.09148043689912219,0.012332552884111943,0.029930079061919482
25,-564.6172967720213,788891.8667912756,694228.239245278,118845.27976072468,62114.08077868983,48000.0000004101,16892.205044309096,3869.32477807247,3419.1723360924934,2429.534882094781,207.8371199809794,289.4640566459701,837.7453052014056,28164.485020521493,20581.6870883319,972.668712971572,2.7228093091388094e-06,8.835587389992424e-05,0.10380412647615027,0.01129895717319603,0.02513390026849334
26,-728.1660686327464,749751.0107761818,733588.6336198557,117233.2956206964,60492.705648280906,48000.00000086107,17950.40212180815,590.8595774202408,3822.2776040684025,2475.514889981896,132.35631337814476,205.1117186930745,752.9818479907352,25873.791043547408,32185.81438306614,1076.121298129063,2.1469951863449174e-06,3.9720910877335593e-05,0.10859362440148322,0.014268367986170016,0.026184380261444564
27,-445.07421223453025,774170.1831436423,707880.9503001212,120149.16667541582,58566.51917334724,50299.821465485715,17229.35870027042,2690.163770360526,3841.1155079455907,2677.127425711774,311.3335002517091,139.68929730213253,660.2042391455512,27327.516668718163,19514.63037961276,1010.3229636890317,1.9551557674176055e-06,7.431420900748856e-05,0.07907046349218938,0.015484362139223358,0.02906666405068543
28,-525.8820574716585,735412.8713786809,710359.8939424552,118113.53073054992,58062.0032258624,48000.00000036986,17532.531853419547,2148.287833439647,2911.13980877417,2352.753254663691,170.15175652504175,122.0604880025962,774.4623105796757,27408.839994208873,15661.62584926067,991.2977258633024,7.3216032465795734e-06,8.148193833743006e-05,0.06006918238709504,0.01912729617943176,0.01510083137210157
29,-432.7571856014865,792080.1987081189,738163.7004726913,126605.67344036301,62576.6244767732,48000.00000105718,16658.692745673005,2213.3857782753103,3600.4554091055747,2606.430970609742,627.0873234201702,295.1931883629652,951.2201927531517,31907.255312023117,11312.06561229516,855.8573274098355,2.6169431399126303e-06,0.00012942945512563748,0.07386723060307264,0.013676645103376569,0.018138636168232372
30,-398.2801650462001,770017.6241043641,707181.710416159,121032.98701609623,59487.08563185227,48000.00000051353,17008.412839174445,2158.5134856271648,3973.3662180261213,2486.1918034040805,376.2562357459121,198.94785686034413,837.0551209829483,29397.31678917585,14187.42948169862,903.2855241145353,1.460161681695431e-06,0.00012222898341765766,0.09957136675132629,0.01332024887501314,0.03481364829216678
31,-555.3194204565707,811591.1032020111,710602.1565520499,117893.34807565955,60710.70888588239,48750.77371578645,16396.6256751045,3383.6418880007072,3945.2444632036277,2596.4178290715163,125.23517704603638,273.67824511586144,761.8141124107525,29272.346466467985,24953.99945973858,978.8300267821929,1.2472897361784986e-06,7.9737487267812e-05,0.09566296006227706,0.008482651467581018,0.024649555659707955
32,-466.17953034199104,835863.9278915846,803229.0047240063,118089.65404896902,58251.290610835254,48000.00000080624,16033.287531559221,1840.3850144131586,3322.0312590061462,2588.1732941131136,230.35457165780156,126.39102642045015,684.2572267430978,29175.497247707164,16296.431552939006,978.6498943048999,4.505643711592316e-06,8.035899823614655e-05,0.061376101503609296,0.013063155405178158,0.015962273103369343
33,-390.3735552108607,792481.7486105427,745563.7893889956,120665.81687658808,60813.971397482004,60618.136081364784,16977.501170566047,2127.588282531117,3674.6567782080056,2613.6296890987064,344.7651613113712,273.00284112098336,814.5494198028814,29573.6060647692,19360.05552192252,1165.0473825859262,3.456313971043625e-06,9.157092199966167e-05,0.07456321799693709,0.013882965040576442,0.026267195737215244
34,-521.4286201407124,815502.0896112445,723421.2294947788,117093.73819306694,60103.71067430524,59539.29878455094,16376.012999667775,3837.6820531253793,3624.3449029624376,2596.19997293752,82.77896739346605,183.64731712795486,802.5610383912341,30114.042554538817,18560.939458609762,1172.0033974976511,2.941565814404981e-06,8.647421536006797e-05,0.0868116840908857,0.013019783363261655,0.025181253175655283
35,-623.5181297324217,807886.7298362182,761458.5810443567,117748.32813114795,58578.19473256016,48000.00000017784,16648.97394657607,2939.078194646357,2937.351062955649,2742.297696932141,108.19489282778872,120.94207695009781,685.9640246198603,28540.147522546133,32337.29552391075,986.796235026818,5.397507152422981e-06,5.0841960789567294e-05,0.05594699339175038,0.01278812506799544,0.025089393319617084
36,-477.1263262172978,791835.0962836002,741596.4472423688,117115.95385644695,63390.95777582233,48063.40545016631,16845.735114028364,2071.5616997697757,3616.8884709297427,2516.8879464739625,94.74792290658827,414.9149196337997,1146.6238779299688,29741.870427250236,14358.55677202941,975.0755239364383,2.5415588445374735e-06,7.544193745824036e-05,0.09404332007899097,0.010100133145133151,0.02678767490552688
37,-451.0998291959585,771806.6620932443,719251.0658263654,118210.90158320307,66650.58688817063,53388.668819313134,17550.764046415956,2024.5114734431934,3844.078164936865,2641.61592214728,159.04613539695745,560.4331175644007,1250.0293742815556,31386.365014582516,15555.170564306693,930.5029050072295,2.286347058208141e-06,0.0001373634992938534,0.09440317253275572,0.0071784765812151355,0.028839103425238155
38,-459.0637132467748,792478.8691502764,723460.7992917657,123457.58225228109,59027.32469005393,53011.258574938336,17125.045238721712,2432.1252810823,3893.5278130401884,2546.275439186999,443.0788479857671,164.8344936532627,895.9954143656215,30014.48419778346,11520.949334759109,891.7822492026444,1.2821933921002692e-06,0.0001342762026345996,0.09762913778062478,0.014220779840739054,0.03130927130794505
39,-491.6888336501952,758874.5568013646,678181.6232297827,123144.41310462239,65136.84392763966,48923.530406099395,17493.2485792322,2949.1167309931684,3985.8681285377415,2560.522915727526,520.6890402303998,530.0926200995737,1145.0005062855598,31538.585955216036,10973.557927554237,788.9087336821727,1.151535480969509e-06,0.00016814270524370518,0.09683039198293726,0.00973673309918354,0.03610995112841568
40,-410.47388621746614,833221.3425060995,810051.3554571789,117180.90877944809,61834.39989794184,53485.44374296046,16344.854881915942,1485.1590339220916,3264.9636063035346,2473.8211250007753,92.06067219325341,404.09853811026164,942.666998644458,28909.81105472541,23917.92344289472,1075.9816880817393,5.731213969982542e-06,7.387937486068705e-05,0.07817696490308748,0.010176294323710693,0.025920639721327098
41,-585.3739142440811,773105.0656014383,704732.6402917822,124746.44611256613,63158.313135853175,51190.22655791689,17383.414441744375,2552.946673730781,3536.747836296584,2652.7278481361777,560.4762146054484,353.7102154399818,901.936700881552,26761.277942225297,29592.319197792713,1167.210363252082,1.4833290753738257e-06,3.717798442693563e-05,0.09177290174160964,0.008505176772381003,0.021556186202764782
42,-515.0798434112794,773193.202996818,712667.6455092786,116223.96136365594,65327.6571072105,51335.00106706903,17270.948212246432,2371.373917339315,3934.784657047393,2360.230753333216,54.30627853115781,442.09598190669436,1158.9748785485747,29169.412289878062,20576.40658785127,1024.088901246827,2.3504625182290326e-06,0.00010064235518922333,0.12543362179686215,0.006834291033405411,0.014922713265819374
43,-563.6181793629546,832676.2187987885,781058.3418197951,118838.96880540204,62359.314088845545,55885.83022580621,16558.79013258007,2491.9813190800282,3529.200457933502,2611.6897915712775,183.90756771834367,290.831308778154,930.0133385729929,30082.21466438658,22354.40970982668,1038.1265996032203,4.05283165696976e-06,8.245240027334468e-05,0.0854391840064175,0.010561863647124296,0.032187368084256
44,-526.9602113149214,783973.3804747568,703425.3469074114,118486.40114423328,63509.45867854688,53061.571499841026,17035.224117665774,3340.980964120775,3467.4239144666126,2484.482471477113,149.73707006898138,390.2823467676171,998.6879949986177,29557.873798873214,18616.07997324948,1020.0409636378084,2.745381212506085e-06,0.0001044267320555477,0.09674337857076505,0.010785349249582181,0.02822233324627023
45,-623.5995431112008,783803.9226714015,698785.2386710662,117818.34438882991,61178.223886337015,48000.00000056665,17025.537727542007,3645.1899064301756,3644.6448421529362,2606.508419159159,144.81813852174486,306.61085813536994,933.4426157513615,28597.524337196413,16680.186879539735,907.2527196622159,2.811432923290915e-06,9.665043806740289e-05,0.08734279499551102,0.009619276294092462,0.017435213463975488
46,-533.4909890074739,783765.3731202305,739473.7567251866,121249.73328691967,59600.344342016855,48000.00000594372,16844.100712287574,2095.5934568224243,3742.576744022538,2706.7444724475836,376.8704015586911,181.1980408968266,712.7033859223541,29687.415377035773,17631.53754614373,949.6771695405549,3.932802106224551e-06,9.305618814307212e-05,0.06682070253394662,0.012644557602965017,0.0163402335353903
47,-779.4614774169361,747342.9786477005,708533.8740613114,117349.79277374702,60109.54912480859,48000.000000231645,17624.28601738144,1361.1110578367463,3734.4587314385562,2483.2992601485284,99.91065068713436,169.67676621459145,771.5459429019398,27753.955504614994,18960.300412411827,948.951591751309,1.1313898565844867e-06,8.886839453274776e-05,0.11028661025755779,0.010073604714512985,0.02253742282610397
48,-515.328151693793,759230.6205974389,680477.0904692909,118700.45374708355,62661.57595788486,48000.00000062583,17351.891579374074,2629.1930478353056,3856.236701561203,2544.437521069773,183.85543464954515,340.6802923220211,913.8779589226665,28445.67845004963,14871.792512611057,784.5751170711147,2.4673610396310653e-07,0.00015249347865925768,0.10770129133306112,0.008716794211868713,0.034535642801779017
49,-633.7508889561872,792715.6760227769,701231.0538196815,116730.68970131341,66722.1374416137,48000.000000873006,17126.6068472701,4419.417195521936,3181.6986984962973,2329.122977602675,70.05494722078821,426.75639500757217,1020.7891031285507,28228.122483480372,18779.03209468113,1057.8217877299312,4.010065510270099e-06,6.573958909779035e-05,0.09983702735705738,0.01333483581679318,0.02209871848434026
50,-650.8749229416229,832668.9318011733,774802.0262774625,120815.69140553215,61423.76421342967,55315.623167452046,16611.439174606818,2722.9115141654383,3394.0447897178165,2668.0474479500035,307.4533218709522,324.34207157301876,1035.1547960974776,31962.136020218455,16141.924636522748,965.6601854519374,3.949782493980951e-06,0.00013763676818007324,0.08002810771217347,0.009130686118133781,0.033731659661622115
51,-463.8947079030818,790106.9085443799,763070.699511435,120327.86819613926,62814.18055826518,58228.689536224825,17064.964057745612,1147.9025501473318,3601.296877079001,2609.062498652451,256.934591685974,352.32651909127327,923.6819745931283,30894.508046591483,15281.639019571663,1053.79070035811,3.080544318945528e-06,0.00011776314422456394,0.08075026892230068,0.009040911352576297,0.03272076129817696
52,-547.8888802332573,807763.2601377162,779485.4529660433,120747.09120700113,65595.65299733689,48000.000000316824,16416.456949398635,1223.245307914708,3369.956355819921,2515.7594571628742,355.8923557549028,487.5219944345933,961.826502061886,28576.348111567568,71071.91192054051,1059.258711718714,3.3072386998645417e-06,4.422456547960324e-05,0.0931954197852282,0.011049238412600897,0.025437494929874037
53,-483.6524443572082,783068.1443607849,718782.7265521215,117446.36119607915,63975.237882938476,48000.0000005629,17295.73593645102,2296.6159916795255,3897.2903031138003,2513.1576091528345,137.03009008583993,370.0219114491942,1057.8282451129494,29725.984767097707,15941.190489877472,845.9046982163106,8.058847364773457e-07,0.00013602155737018053,0.1149556433983241,0.009911086036523208,0.015567319522260105
54,-456.31759348909225,785177.6936108433,707126.7959140617,118075.49415968117,61454.768320502655,62759.49220603272,17190.6206727008,3446.706628882399,3528.8498921972296,2364.085677429156,160.41248855821755,335.43072133471327,899.2834047300165,30702.7304481953,14898.57869464281,1040.7870666597141,3.4402031814237034e-06,0.0001302589856355905,0.09884995787615913,0.01144161313420872,0.03667546680727943
55,-431.9188527174022,780482.1705067663,684348.3385243308,118115.41623197628,60083.43517387442,48000.00000059905,17027.072570023018,3767.7673250624803,3764.3545348060225,2832.863658002641,152.0729508502017,180.80175622650978,646.2001029847341,30164.28943967299,15697.167061008007,817.4966995530491,1.4280190427240842e-06,9.899867551506076e-05,0.08160862544049803,0.012237861392382697,0.028771296423175757
56,-517.0372159665974,754274.2056342259,670523.928151375,119807.47491314154,60321.74180031676,48000.00000046655,17489.234510691713,3098.8427793213978,3713.181146595151,2555.081230267445,312.2068130114162,215.7476641810904,789.4791741369625,28737.486749159245,20207.33003718818,951.5742197579015,1.268670429556706e-06,9.127694416561621e-05,0.09207945672936971,0.016432485371078585,0.02835693940800165
57,-531.1931365711068,744792.3119709454,700494.9891187447,118558.42438311318,59446.87953110345,54670.35478090124,17955.716415564453,1538.194920612927,4001.369339060426,2684.9671728124904,183.59285716459638,163.75066026286038,836.2025166688043,30917.994218322514,11740.10803271367,881.8886411484515,3.6807142020054236e-07,0.00014231068009647478,0.09502478547457174,0.010571113740145964,0.022396688643684087
58,-465.60102239288284,758287.5515135183,701082.0588568216,118277.70356039456,64386.030635769246,51770.467542139675,17379.780053848364,2267.8371937658203,3607.0379391291667,2595.4859189183803,141.66067207509272,416.9158612051334,985.4969090288755,28202.07725266921,20765.704604774164,978.8288458983693,2.4895113526969486e-06,0.00010525862650470406,0.08547878719220468,0.008237952791864775,0.028442756724117654
59,-419.02075404556444,816962.8174765783,768165.0733876856,117405.21160915027,59281.55914196251,48534.034203262345,16522.374382826503,2103.5801521896938,3718.9274000016103,2601.277998595087,107.95567564429906,177.2492137416539,708.9477401380299,27612.053657167507,31174.38734405653,1063.9477595174847,3.2122252952687677e-06,3.934076832738832e-05,0.08669986204348908,0.010574953740825207,0.021733295444421444
60,-613.7332976778036,780751.7101597029,731172.2990597,119601.5852978489,61394.30604769342,48000.000000574495,16925.27431001736,1770.4051531857272,3998.0179584321927,2636.9168214090746,235.38339971356532,248.50192876975152,744.5484769709076,26644.33438364162,53772.876668079414,1042.7499988367565,1.2515500799459972e-06,4.858775980132353e-05,0.09011154452510196,0.012424587936802081,0.021386357279636375
61,-379.06156961945146,808896.2705096761,781242.4824297354,116735.13800216053,62899.01279997484,57245.52125422676,16664.311505921432,1132.1846946333637,3730.8489602014365,2503.02428593455,78.88471745929765,351.67100558928445,848.7236741714582,29160.121852611635,25167.025977889673,1163.1032293272428,2.4229875459422432e-06,8.943528101876369e-05,0.10600532641775255,0.011059666317319243,0.016081811950324706
62,-457.513263091862,799009.9727955343,768288.410201329,121593.16853742044,61116.90367391698,53845.528193927385,16837.557696139982,1275.1595924451212,3664.6626721066823,2475.362902645423,480.06499975749307,242.2243751467873,895.6566160243063,31588.76854042496,13009.120374231105,886.599026011845,2.568382303273447e-06,0.00015381100820067588,0.08312322013798817,0.013260635015523622,0.026272745384150937
63,-495.8587687044402,756862.8750925227,715658.1986800204,121590.16204144417,58666.99941038556,48000.00000062821,17386.632937179467,1687.0151655274406,3507.374830678005,2570.2512874293907,476.5063502356438,154.558136871464,810.1593739717202,31027.379338136652,12403.420431585979,825.7290732995193,2.475404656480138e-06,0.00013937093329622824,0.07798775581457616,0.014644909335699278,0.03059455337593822
64,-340.160944194071,800458.0790182493,758897.4119595491,118598.05193210706,61981.884612327,48000.00000007399,16859.33505057334,1663.383583855302,3895.785760951644,2732.5453798098924,170.63323819179195,284.66255075450596,988.873795365589,31314.62261883388,11607.036022625187,833.785452432706,2.4514759611893242e-06,0.00012970310688850686,0.09088275676435119,0.005185995258895425,0.035856969235451765
65,-596.0807377002375,771833.302043123,740592.0636822545,117345.68514583645,59503.89026511587,49383.64993626009,17299.66370988848,1520.507528211543,3210.534085401957,2551.768716148733,132.2363275166803,181.80255432799953,722.5882008758363,27132.223106261426,59308.97389391191,1125.5163476542152,4.130623573325962e-06,4.7291195416548264e-05,0.081262410829449,0.014140665439639082,0.02234894054289573
66,-542.7864011673228,775213.5791387542,714350.2620458687,118885.23939997569,59633.96990439758,50462.91982660134,17173.1987598761,2472.282038721355,3664.6665001216247,2655.1388966829654,196.74362180212725,188.22126414208395,803.8775963261573,29016.359924389646,14729.1196537857,965.1230403095353,1.9952412110357893e-06,9.87623540340318e-05,0.08493229787546307,0.008555602940471566,0.02803672491023676
67,-461.04101942973097,793267.5167932354,773935.3549998777,116597.1471964486,58894.91383953636,49887.76309532152,16985.29754574154,929.7428530673761,3433.454551956715,2599.2024650742114,86.46927765401136,145.9773388657572,768.2436675309084,32704.999575680533,8945.891830271628,828.191791748131,4.133993100334404e-06,0.00015575303399092714,0.08155036531212141,0.01063171877314904,0.038958908479658064
68,-502.47132250726565,801643.8631952613,739331.2364150244,119273.71924256468,58591.348588661334,48000.00000002078,16776.48024696966,2303.950529898437,3708.9418452505565,2758.1907352943745,288.6729973335698,127.59607848387243,829.6245031474466,27848.720640585052,28488.085987689366,1064.1422941435894,1.407120737135563e-06,5.8940867689484175e-05,0.07706632420386864,0.015583300749795652,0.025834418244432916
69,-440.18264852246966,774444.4399965045,725065.1961585209,118594.36632594466,64632.23906317676,49156.47364548149,17033.84635913907,2078.467103562074,3657.7329402836895,2388.8655318337105,199.36340874332208,426.6564077802082,953.1770548644922,28478.719117639015,17684.54793854253,1020.6135263650784,2.706253533724543e-06,0.00011413936897493088,0.10386264325895632,0.013348381006931044,0.017973890372675657
70,-526.7807008459309,748672.8142485424,677553.8192493281,119147.2383978821,61713.25409470859,48000.000000583874,17582.91367192951,3027.834965860186,3404.546481515915,2499.6828234054624,271.5830098575338,304.69063899509763,748.1030362171499,27808.191952954672,26565.535135518716,990.5122851391761,2.5130678871240846e-06,6.283582401950437e-05,0.08113629683159357,0.016524049667690922,0.01410675691145518
71,-477.1719325546592,793205.3458001608,758705.4665979886,120034.94270686731,59188.68589231117,51983.39671411364,16874.698711721205,2311.5790904532023,3179.717702366391,2524.1657986943196,237.52409324834997,186.38651411110536,761.4737140037162,30273.2095562066,11116.290521540455,947.7123587681474,5.945100231234748e-06,0.00012932990274988046,0.07522168141915536,0.009405092661291227,0.04341501636998284
72,-529.3870908988431,764963.3136457936,728300.7625524604,121094.19267393932,58733.55841139476,52758.80555425351,17785.674512569713,1546.4112639574614,3612.354839420417,2838.187143187328,289.88851887233744,136.78770403447285,706.2392225876387,30062.174208695935,11500.685947649303,855.9743530502668,2.6876578415012974e-06,0.00014417550088914371,0.07246398264423622,0.009581119117965775,0.033143957218808265
73,-490.13955914497063,777702.4267025809,724588.5691456769,120233.00434240313,63578.242603226914,48166.12739050542,16900.72459157106,2292.1654297211076,3382.6809298678754,2534.478003446409,290.2570834563282,327.17162184957897,844.3824757266034,29733.97686743198,20676.58810486615,936.3443598119187,2.8171274153235557e-06,9.399435233894198e-05,0.07959854344856003,0.015109939917654943,0.026129020019488334
74,-586.0737676117187,771767.1542296057,719629.2015315733,119033.13621218334,60206.12774527721,53819.383689466034,17082.551542374826,2035.0828817135564,3676.0152829424333,2516.2711430806285,235.70745145462078,208.90611125421628,810.9957600937078,28387.432794053235,19942.246855634658,1058.3168440678132,2.0827649109334233e-06,8.796433504926985e-05,0.09809469999387137,0.011073700555235226,0.02543363531792144
75,-418.2400395024124,827843.3265534936,805318.124554249,120194.31904039653,60853.663729463806,60446.53560899456,16264.238847269413,1246.665278058949,3400.9460424964436,2581.07562640308,272.2122462911669,252.9458253050511,976.8161677663225,31167.956272223866,17234.944428590672,1062.6487471934886,4.438724723934467e-06,0.00012273750358847568,0.06689091728505885,0.011445535485808572,0.029567240799856474
76,-578.1644261583662,775018.4847132108,734641.2486910997,121920.26154230467,58886.77439116761,75535.44405340168,17072.690956267023,1772.6276741920826,3560.8139575222604,2735.273130427637,403.30213712221047,135.40838748995662,860.4396181827203,31214.074656746998,15534.71961651072,1318.3464814112217,2.788252345892381e-06,9.411717037010768e-05,0.06667504647282431,0.014891299005215484,0.021149266022205692
77,-585.745018405953,776477.7790711992,685763.4655968492,118492.74602510102,62324.3772385338,49121.17230824037,17134.601937520583,3692.6294413962923,3533.985631519366,2431.9146247811846,218.95478422552205,357.27754256238165,795.9403923495884,29645.816809609056,15216.321751636255,867.8391356588047,2.4325012413834825e-06,0.00010021873492447236,0.0985924480121878,0.012623869119284307,0.026650739353949682
78,-457.6885274242038,791752.9749165294,738183.9928987611,117992.11402599073,59527.56611998134,56981.646109055466,16513.79688239738,2201.6332983464654,3563.9437377986055,2638.935876498115,144.91157826910165,184.59277615230897,836.6980128602788,29178.996435210844,24377.420399025566,1111.8053766338198,2.595513209180001e-06,9.136606017776752e-05,0.07987753958310424,0.010448104989366751,0.016834126242540666
79,-482.80679938053845,808440.6707357203,802951.9306180293,117948.53803840543,63839.232650174235,75739.23232886722,16709.007125496457,254.17438975153823,3273.96039936196,2360.658224898313,126.08491108747556,429.29032777883134,973.1006701517159,27236.248218763223,51234.679097881955,1617.4452130544712,3.768802187404299e-06,4.484954261303279e-05,0.10288359666317415,0.0131996826242294,0.023147581420570197
80,-492.52040350288854,810771.2128993579,748951.7675244864,118904.48285007659,59896.87157781949,61784.08164623303,16652.302282326822,2380.327688395394,3586.351841266137,2608.170350212645,195.389065986626,184.12922227008866,602.0322597585571,28038.362929244868,26941.07834646481,1289.2431650242788,2.407498893101322e-06,5.612751019141931e-05,0.09755393874852965,0.010518369228739353,0.027885191911325158
81,-407.16851892016587,802842.6882551325,776132.8789619223,122148.48200829282,60412.92259341287,70559.91136557363,16713.439360426066,1261.0702493978092,3602.636003236654,2657.792151690401,435.4099403380069,234.88959050550164,806.0558219803019,31387.185330741344,15068.723971994015,1177.201494809872,3.238788270295975e-06,0.00010065000455157244,0.07849977154516068,0.009582566416262626,0.031205369154193908
82,-574.6603075591529,781216.3018434459,747751.737646858,119770.98560598303,59875.34174342671,48000.000002386805,17245.20861414695,1368.428616612442,3617.5967231733503,2648.614457719491,320.6648927117305,223.81809240159183,882.8200264953743,28172.695189584487,21849.060968847425,970.8455939117017,2.6878082545497807e-06,7.380832856731811e-05,0.0908222515715007,0.009589315028971632,0.024127597232916152
83,-495.3149541902001,793508.3062014163,752228.1325317653,118930.73051821085,59612.42559926633,48000.00000005131,16962.59855808286,1692.8902646149736,3662.6902654265577,2529.118405353526,206.961920148964,189.2731683040644,881.934822599879,29658.30116029284,19387.806170038675,922.2862385705076,2.9233652524231497e-06,9.760730410438678e-05,0.08639769380557606,0.011279561371857717,0.019884040411243635
84,-633.4875118059783,749960.426138349,699275.2973988887,118172.19770248329,59262.49741149326,48000.00000100883,17411.947244340434,2828.2455585874513,3567.7059430031195,2613.102222973179,203.65745568053444,198.55236957318093,686.361483654726,26556.10352419083,22715.166972694322,1091.8163270469913,4.63253486858801e-06,4.19596328909375e-05,0.06673963541433298,0.012688162583808463,0.016931890652741304
85,-455.36180209247294,763838.6216717132,635905.7769242056,118271.3476552248,60003.46055404177,50501.832261998024,17514.12624164452,4862.552676802757,3712.7833438319285,2803.551685677901,171.42619494412958,224.96895099050997,889.3030741429986,29376.127846483847,17013.381994467818,917.8093633068975,7.439392413243199e-07,0.00010620998328040332,0.08370866093660559,0.011722168257237311,0.025168631233812962
86,-504.58436694328395,780549.2738585473,725410.1954874522,118659.7841315875,66926.39304019751,48000.00000011526,16902.69073012258,2229.4029804635384,3512.1751846319,2618.697788175523,167.30927516852455,490.2188508481065,941.6857862733762,30556.10135550179,13293.988328544005,827.0008869850287,1.980066022340736e-06,0.00013443796007904318,0.09068705377111844,0.007599439670673905,0.028777478077757487
87,-475.43093365639453,795031.305196512,756931.4380832094,117658.2039619479,63204.997348406905,55050.859207785965,16814.196667144126,1868.9754102157694,3285.1902092238,2463.9874078416456,140.93051245033013,331.53777259059547,1004.3954649820781,30835.767341280618,17203.404108961793,966.0858756215217,4.429945091436315e-06,0.00011035973833611191,0.08202388827540862,0.013218159136105407,0.022966639329897107
88,-454.5510799614916,760325.4921259066,711634.1692796758,120692.68399558628,60343.76148037526,55218.7329951496,17267.11076939429,1602.6910047139793,4012.6336729425557,2788.71674273402,347.8221151836603,206.42249568597572,668.8223694726289,30569.70302970607,12896.412231459688,934.7867824079519,2.279808443107432e-07,0.00013992560185967288,0.08782161062581875,0.009945908615517935,0.025623381973706606
89,-548.8710438292387,754060.590475819,688980.7322079185,120528.36468376304,59445.3814853729,55543.83478784267,17526.90463347594,3411.2656660759676,3255.482239791601,2639.610333743923,423.0622252746533,174.75916936663904,772.954479957785,31437.026056887902,11674.026129694383,864.4010114737893,3.9486879837975596e-06,0.00013821264847557643,0.061824490441107875,0.014030477049329838,0.03215173347388194
90,-439.5974284526851,749344.459819237,693860.0762237083,119572.7127644361,60902.81483281304,51587.618002913434,17728.525116257126,2611.2854563685282,3467.1613872601533,2560.461518778721,253.3493777799207,266.67338102561405,991.556319802718,27763.93698701521,21915.097902445625,1007.4631213912777,3.7075279825684037e-06,9.723807173487942e-05,0.06770773981004342,0.013228140620417064,0.024404496408129354
91,-578.5479115600223,761302.5662821542,724890.2720310088,117266.28326973888,60882.30348169692,49823.95781124799,17184.222139815032,1632.963887841324,3392.756410664149,2589.4274826918763,109.56778647005818,222.17308493969156,822.9338079045531,29094.458637399664,15101.11023790998,896.5945641650052,3.305143458653511e-06,0.00010792176112495246,0.08778100882362244,0.012049451041814036,0.016723880033875052
92,-599.4763256685256,759243.9692546311,718974.8544079406,119500.53064580027,59822.94321375743,50553.106282236084,17366.90037365945,1583.101504472786,3566.982128993478,2561.471747391965,227.92509625278495,161.7111132303525,700.8380754065214,27135.85018954298,31090.67808247454,1126.311160027526,2.008302342658214e-06,4.156798214760176e-05,0.08783322239854718,0.01064610771687347,0.024365468169879268
93,-469.6717050480776,782636.9538587979,702656.0316494849,117010.07212505068,62384.67725866157,48000.00000041207,17337.165866910673,2690.0971261815757,4110.358915409762,2522.2784281739027,104.13584181178896,374.5910008252522,987.9482568838947,29159.126242356186,13922.337137764976,962.8361963759538,6.392511717098045e-07,7.660690214990062e-05,0.10970906724696139,0.012870090724311594,0.014299494799084286
94,-508.7338695066312,785542.4637884836,729250.9239791414,117606.69048921939,61031.00841545655,52805.21766363255,17234.896340548432,1900.5229544353203,4027.8648837859405,2635.891247620025,136.11205431243573,235.9713434084355,875.5089457782825,28891.85202281772,20264.626994530627,996.7975690607702,1.0649536276025917e-06,8.254098531428636e-05,0.10817153898523371,0.007420593309498089,0.02175908609873102
95,-574.9351443240212,763501.4526094341,728697.1850441725,120170.0409302786,61630.0375824965,54407.40489843508,17494.585662258498,1439.9869277800838,3793.4850666058346,2671.895400635257,274.43225007938923,276.84259428553884,877.3616011759411,32110.527541702224,13270.832799585543,909.9211112109873,2.6701781688862763e-06,0.0001530141337092812,0.08545799659361454,0.008802231236728563,0.025914787416741306
96,-491.4635332551458,791773.4089809778,638683.3196275311,118999.07586102182,60135.08338052885,48000.000000839325,17117.341949263027,5660.02305993549,3598.553592720664,2671.0592063434633,173.8253277797628,212.55234070675635,891.2616021167144,30915.345159246768,11180.217728647165,838.9031516249717,1.1012086210756807e-06,0.00014426184231892259,0.09096173654302443,0.011188516293070204,0.03361899226293256
97,-662.038158499723,829605.5404659129,734778.5568439714,119484.31892622772,61404.37953651444,49726.609282296966,16522.399056264367,3879.9155089213014,3455.5450044289105,2499.8195560676463,270.87313679821426,257.69732004498786,981.6135028722912,29417.0129762738,28465.64186942306,1054.9012868589277,3.1306556961610554e-06,5.8398477531023695e-05,0.09168308806682315,0.013592534247672332,0.02556032222076408
98,-412.44580333829674,768498.8865110356,707299.7935152198,117447.95557375206,60950.45015203234,67252.47532740384,17038.944515403346,2631.0530391589346,3480.1210517223035,2441.804096524614,98.03008560089678,212.49935288749296,732.5086306081066,28158.137271010622,21769.003805701228,1228.3474591491643,3.105032100196906e-06,7.050137031456362e-05,0.09160738463408429,0.015331984453184015,0.01614981407077931
99,-455.88430982521487,774935.7448704875,761504.7027944061,124282.11535837922,60474.33862443594,49044.47361773811,16997.613128165805,559.9236312800728,3432.8582547530655,2560.7238085081094,657.2381897026472,288.5093702573979,889.6598572468145,26443.573292957506,68536.91046579601,1131.6453257257124,2.908552708727607e-06,2.6689169347355344e-05,0.07496085696435277,0.01112235363956835,0.023173023883041967
100,-458.6124754983746,778663.351542734,733337.9167331911,117921.03973571018,65033.54129330107,54689.25938563186,17222.549795413044,1667.8747407536014,4170.574708864477,2612.1081366307776,152.0301272498049,421.41506780183767,1242.6067142270963,29744.536067891066,13643.614313352968,1056.8108612635672,1.2742977501201602e-06,0.00012040107792751848,0.1130352772969594,0.005221168996559727,0.02001169166294816
101,-516.4448208239155,728219.3102520854,687881.2005683314,119525.10258351675,60794.175210770954,48000.00000047695,17666.123670156994,1762.5795165387708,3526.4890331859565,2659.1572867711793,203.35631921586298,235.14205619270328,840.1578211401848,28014.196666256954,16626.253592869543,861.5154682475842,2.8678546469918007e-06,0.00010069495357411955,0.07861308377076759,0.009615781659210355,0.03140751348816392
102,-553.3376467417154,765724.4024745695,707339.0375751187,125401.18530838762,59219.84277055727,48000.00000002197,17156.001583551322,2515.1305326089455,3552.3489941498974,2701.292039327081,759.0248796812147,151.78220989270847,693.9166923078616,28469.68572356399,25786.23326572299,899.9506433329569,2.2195390172269884e-06,9.459974731924148e-05,0.06962635525022252,0.015531286163347091,0.02119492577342868
103,-481.642880639615,776392.0880651682,701113.0831444409,116340.6191635725,58301.58993465328,53540.072017027145,17025.80139537809,2432.2508175125367,3703.4463666689358,2571.2838215153497,57.07828630483344,110.30153444334854,669.4819640012724,25838.785591142827,89020.08032462881,1301.0054588984308,7.175666595871302e-07,6.20634657228513e-06,0.10684187533727998,0.012018151687562217,0.020840422156525606
104,-629.3280646035947,768615.9852609512,732124.4729528362,119829.54339173688,63277.230235861054,49190.66486013991,17149.075536631357,1844.8573614893512,3397.358580950151,2539.8956696285063,234.71272145394693,369.76797754525296,820.6640538893992,28997.72054595093,22657.78077812985,907.5277481140855,3.7714092249425414e-06,9.237569780009864e-05,0.07469958274174332,0.011934087207081608,0.02848445945336264
105,-421.0516295358143,757142.1669077611,708709.178799696,119208.236266654,59868.59150967855,48000.00000008695,17181.438596810232,1808.560056986444,3840.2786672803513,2452.740240218876,231.79526108098392,162.10707099559315,693.6847725747318,27321.226942342946,19197.070414810485,867.4400346766205,1.7470152553535616e-06,0.00011279995872236806,0.09432684624301065,0.016230935802729263,0.02011012377914655
106,-553.9976395613035,731148.4642316112,638873.8997844727,120497.5006082983,58905.18624569117,55527.77813493591,17693.238392984822,3471.3349991891287,3640.851110855789,2695.6987029247703,340.08396588118046,150.37107908050714,824.9549075864638,27961.234441357556,26836.437372539818,1027.5522533960216,1.1242267198294378e-06,0.0001038473047037266,0.07260621413650445,0.011319261738511338,0.03562985556075374
107,-722.9573718491131,750476.8612919494,675572.2099694611,119565.49721615229,58797.708753746854,52268.663903272136,17359.50547420157,2624.5731720348726,3920.2973093265027,2626.0091890690983,220.39744726189815,132.20192876678166,670.1361263286686,28046.898834010397,19151.66103301301,1003.6638549685977,7.243136562921222e-07,9.365695408697326e-05,0.10718853710569179,0.011244398495118609,0.015063230622584025
108,-449.0490132164128,772249.9671216562,699984.3624366923,117793.47975140443,59388.12811595113,48000.00000006657,17266.5149537679,2769.632395796093,3705.538541307975,2541.3494713688942,129.51234453332768,186.12573731873468,797.8153745074302,31022.36435084185,11360.2661166739,774.904851966313,2.159535680452577e-06,0.00015281901617831165,0.09522823772454708,0.00953083360662421,0.02780522871638101
109,-431.6627099775103,785289.0738899489,711429.5229306461,132289.6635773335,59149.28374811771,48000.000000016946,17498.36657573289,2484.762074733514,3951.5437608464754,2748.6076573406017,1408.1714523444507,212.508690971181,895.7240211515829,29256.42723483855,14181.667085429122,919.4842018261365,1.000000001718819e-08,0.00012363668883489542,0.07337063321750509,0.01731695338330979,0.030393089237227514
110,-492.37010715074047,761731.5291376403,698153.7218599265,115822.9270447439,62250.857428952244,49990.068862727865,17302.165267792927,2561.142103237562,3429.0515039492366,2539.420896405424,29.183167454667444,313.30663248773465,1197.6289140473705,28793.20358029503,15982.906271346514,964.4076840747761,2.6306019750453064e-06,0.00011467189058510149,0.1050955280742763,0.006193511664476574,0.02845781837514368
111,-464.65319624856306,781540.6968645096,716121.374200433,119037.94640143773,63779.085815310136,48000.00000015746,17560.83467860479,2391.7990163381005,3851.3011744104556,2570.2889581604077,215.23054625175956,387.00557363521744,1130.527037179428,29245.549996876452,17580.792889317563,870.8995924725872,1.73411078364271e-06,0.00011040852727936183,0.10225017840117834,0.010796652459710503,0.02465270746569051
112,-567.5201672513222,759856.0210551112,698558.6410717138,119470.88478777658,59513.50072981551,66135.51729243781,17529.818479917645,2665.655815723676,3624.7404238665254,2509.241071221207,285.0000199060303,164.7720142505133,789.6709494592691,29801.145152219364,19706.439325000272,1231.6689142861014,2.7048873905509745e-06,9.152877301198433e-05,0.08743760972381158,0.013309674101942398,0.027548406541966167
113,-429.4962538863454,803462.3514356497,775951.6865158015,123376.7037008729,59053.65894433197,57530.510093334626,16634.385546556165,1049.2585225484736,3670.862577284428,2609.798627773745,362.67309186338787,153.45335432985829,759.5673945679666,30102.76340786823,14710.873313757951,1096.1338168706127,2.651064942445177e-06,0.00010199064267895663,0.0808420157979565,0.014882974220848747,0.02208584661971479
114,-487.5632679516103,755428.2981270493,662477.0880979444,122016.29219206626,64130.549903908744,61406.235848232165,17539.40234343139,4285.920371951252,3245.7331123033537,2678.806187312721,418.7302992184411,426.37695173101963,901.0600929904607,28701.02099385899,25792.30060383358,1215.5125425342574,3.464396956950865e-06,7.14514754221653e-05,0.06640633923952971,0.010785541263883803,0.02232535987408411
115,-620.9060454716321,800766.1888459168,786667.5802954969,116797.22242850471,62969.29270438683,48000.00000068943,16988.95257232699,598.9959928465132,3560.964285691601,2348.7193613219742,83.51427778193421,339.8862366957267,996.92771693679,29633.310833369662,20886.33803044118,1035.5780598837662,3.8272487610179145e-06,7.564786971119678e-05,0.105595430975847,0.011427179335983874,0.027313306570411484
116,-418.89788776687146,832354.3178315039,747144.6052239683,118224.549244191,61005.127052453805,48000.000000397056,16169.39889996643,3257.4690537006263,3512.7906515127097,2469.0269255106314,126.70470901565807,247.22180330282964,814.2729670263528,28166.652979939136,37734.33132700442,1048.525547597697,2.8246662383654083e-06,3.545429361328288e-05,0.10612348113547924,0.0079032975501793,0.027370387236534094
117,-474.8563298676027,837783.1971293583,775896.1192275599,134335.66625798444,62136.68855342687,60370.1933346925,15930.294463173796,2747.93376713071,3420.4581132906737,2725.6630678018028,847.6712743324345,265.62879726635623,925.6666173669469,31237.34680458228,16455.929372309787,1034.4429932388225,3.599006594336709e-06,9.046525021917956e-05,0.053924923974087165,0.0106225742642976,0.035989951925220906
118,-471.7362103590941,782693.1470972998,735682.0018375712,117947.07857556625,60618.41737476652,48335.837915654505,16784.35771308972,1811.4159288794424,3776.632014467398,2781.0269892835145,132.74817105245805,261.5206819529555,800.3680076290586,28516.241662951354,22616.251787030087,982.0975343694502,2.0272656481265086e-06,7.256790725034848e-05,0.07937018706112152,0.008826483748329774,0.02959591258966512
119,-527.4923720631275,729959.6078172692,686720.5841357283,116840.93655769908,65654.78316276358,53757.13376675272,17980.17525014908,1678.4082031649718,3511.611972456471,2342.3306567997897,65.89695445704241,485.4056432646159,968.5425965773378,26811.274705344742,32013.386403621862,1057.5141690647997,2.5723710425267163e-06,5.595067080822443e-05,0.10841569661638618,0.011799342262146354,0.021840518212036437
120,-535.0805792988333,803722.5275118588,732507.6882001427,117922.13904318245,61454.302786147935,48000.00000029883,16892.78687024423,2802.2833659406747,3625.210781181098,2624.526126719824,155.14245361822364,276.82783668337095,920.98786398368,29527.352809278105,17240.55306291153,908.1967475676117,2.0799871695178975e-06,0.00012302081733623423,0.08745717454281032,0.010638619350835495,0.03516287134531783
121,-568.0831480931402,769793.6168344266,715334.9251268945,119735.18855439959,60567.772525901666,49551.397345001875,17522.02739737923,2293.776923394358,3414.7103647943504,2656.4057024097056,243.23225702300948,247.98788522217805,844.327337559203,28807.704799918774,18796.652780491742,940.9969284117623,2.932619624951751e-06,8.617239916418143e-05,0.0841503536742837,0.010359763505929608,0.023811335327452596
122,-682.5542646298567,811636.9555242782,745869.2357827871,118605.46457130444,64168.237957320336,49491.963261680685,16729.13385466603,2746.177187735611,3541.145117499769,2576.9690205594266,205.64680006553934,367.47779074874234,1056.3194823751544,30005.55665996139,26358.98810931204,987.8595924644857,2.743788015895264e-06,8.685632515903874e-05,0.08334043746487425,0.013217059407713696,0.033913228852732236
123,-588.8252429179922,796096.5614290568,669369.4590955873,119050.70770247637,67178.85466435934,48835.903184196985,16634.564410653464,4863.88831351327,3580.869277676088,2479.118615919304,200.20415068724074,516.9901842709771,1157.2028740629396,30457.175900612496,12176.625479117047,914.017970469621,1.7850875798992837e-06,0.00013675737478396067,0.09976224297600994,0.00928574732906509,0.030986291803797264
124,-541.619374714556,804070.3205390428,714243.2483025271,119017.21410732045,62679.54746104487,50157.8112152693,16849.655725944373,3274.119142767054,3592.729392157394,2370.9973014023344,237.43147913311887,392.2619597171178,951.5125385842251,27965.94880609529,23775.601071854733,1108.914081454479,2.387800218458088e-06,6.570754345411679e-05,0.11179058250773799,0.013312562909827364,0.021331943063560163
125,-457.1155870682054,750474.0160407403,725315.7894200992,120076.98916888307,61643.123446801146,48000.00000021945,17550.067801428828,1697.925400959913,3081.009514837433,2469.3266432132023,239.91524825193093,283.3911608438678,717.3516551115979,28550.52591143989,17242.524952979835,872.0431777719398,5.951459824140726e-06,9.566325615977978e-05,0.0754925246802517,0.014778301297130461,0.03531313054061589
126,-534.6841443819408,782797.5944484363,717007.7842062447,119554.00838706762,59889.04774410259,55043.20770309774,17278.248958431817,2647.1754184812703,3571.876905300529,2612.6182536004426,269.0427756245289,255.1057012137576,930.6176027215608,30179.540624830643,16422.44495722371,1018.943568961895,3.0531735329972813e-06,0.00010699281615762631,0.07858090904692881,0.011488200046516185,0.02969572000387463
127,-445.5242887130782,784042.4984412167,713769.1812503727,118021.12576544331,59590.67911909125,48000.00000036363,17117.50207763116,2916.267518201647,3613.023431907715,2629.960983343369,158.61690954817934,196.23409279147518,771.241077147888,29664.752260022557,15950.767982579195,886.7295614490494,2.7617294183162287e-06,0.00011704262597075611,0.0864358895960218,0.012069183492170506,0.027518103655998282
128,-475.1064585798574,795792.5225265397,760638.7532921194,116121.52227150828,60768.18538941152,48903.97521065072,16491.893079088673,1592.4524835611585,3337.5676399700274,2553.1881043664534,53.4560120322366,261.117020270443,777.3544073481297,28188.988312902,24735.69101703832,1001.1566355798254,3.4494393454849114e-06,4.713316767683042e-05,0.08107451781904344,0.013565191432629558,0.010667204238143869
129,-560.407313885457,771451.9205609115,699553.9781284302,119014.56454497743,61725.158158782404,48508.32888954845,17423.440443096453,2617.868243344739,3850.4952213633214,2564.5310905566953,185.14445923746217,344.01122692246787,961.6911611829319,29404.055033731704,15914.081489114411,923.2347906848415,8.428183281300614e-07,0.00010126819216430666,0.09905323034504142,0.010459991911248145,0.028690407240335572
130,-443.70235340383124,777369.6147835124,703373.6466760018,118841.63005162272,62234.78859116426,48000.00000005097,17336.522572445763,2432.5926957919337,3845.897401713916,2424.0788577460285,266.3493135863138,263.82829019962924,922.8576355740962,28925.66796629743,23692.05818633768,952.4558323566728,1.231484773887529e-06,8.638834883364681e-05,0.11027587850072687,0.015737885447922647,0.021408479887386575
131,-422.0391122284447,773712.318711076,742775.6805106315,118362.27171244353,64156.41382370144,52761.38125947036,17088.501979352717,1399.381144795968,3411.6626635311627,2399.2606664944883,152.30963835485636,520.0431040656376,1188.8663806734924,27787.275826061537,18525.009969734023,1027.3716250658995,3.827585303703989e-06,7.721594441979822e-05,0.10443685522446429,0.010322633489374254,0.025474574754053753
132,-518.7974405225609,758653.520294262,698786.3475007914,117281.79015282137,64275.868134027514,52315.90781030048,17556.56255165676,2421.180663682907,3667.0676194141665,2451.6000070986147,104.89821248854041,420.65223173335033,945.358964849448,27590.25288561633,23646.448045193116,1040.9257036039949,2.600186901951073e-06,7.648886923123718e-05,0.10564439164109109,0.010852266799622855,0.02130590764004388
133,-524.0481532750524,794495.1962251234,716340.6777884819,118506.27370610161,60793.06759213178,49106.03577598206,16821.35241061557,2909.977092957616,3706.315694531353,2567.65461144944,180.01238356888365,214.27370726279455,746.548598487321,28089.412994164002,21044.40869205145,1013.469753568348,1.9492139661546605e-06,7.263383284560881e-05,0.09915164604324544,0.011337410940433328,0.01702329245018143
134,-363.90419784050954,793302.3412734083,713134.8848284268,119485.18787473699,61186.578511723346,48000.00000118397,16385.550346012064,2985.080080787348,3768.961322147706,2535.8282427163776,241.68716353344644,254.72476530616373,812.09434667323,29252.00920532948,20453.586524746963,946.586609658814,1.7894971543783292e-06,7.815244977962885e-05,0.08969810163537716,0.011428163635499191,0.019097372852153894
135,-514.8121776106952,746738.9112521345,691078.1820462366,121278.10301537791,59622.0425910408,48000.000000000065,17775.059576465486,2247.856726719664,3636.289345599751,2919.747854549021,333.37246731290566,179.37489888608985,828.4345931217072,28177.126220200917,16429.768916071607,839.3269972918663,1.6611258940369838e-06,0.00012170490775943889,0.06415611762467766,0.009049336407283236,0.03358318701851794
136,-364.02718519782275,775529.0268998282,676428.0689595942,116803.98547889398,62238.44395432479,48000.000000001004,17021.04602403524,3445.103281748801,3631.8007611743633,2637.453837771767,88.89457103020662,311.4549170190179,768.9961286795551,29352.04980308203,19064.344698406243,960.0662284465765,6.244931300145945e-07,8.000098551838683e-05,0.08233929133987376,0.012739497009284565,0.014150093173234953
137,-511.2827988917702,763498.883895478,708153.6934668374,118327.94054840363,61521.23317205082,54951.03738568319,17568.71628507166,1984.9520735833105,4004.1157377161658,2792.1908272709616,154.7124523944048,351.42571342967506,878.3376990443722,30379.1429373102,14502.42433292026,941.0999660570732,7.558208444206537e-07,0.0001383854431732157,0.10307093283684199,0.003354412939764561,0.018793256604288544
138,-461.48136035802213,800804.0861283772,736362.757105463,117909.40931413374,58756.25495719349,54576.07254496766,16784.79654896644,3327.4878801662817,3195.5447907700645,2520.5067187463196,133.7147789907614,148.37406226200576,682.2968217324722,30629.07113551409,12299.729468951895,966.1958906023116,4.7936091930170134e-06,0.00012945218880343174,0.07459401140786297,0.00881133678077894,0.036136784994550135
139,-477.2992847073714,804935.6259613957,776595.2881070261,119163.03883809363,62218.13687056231,50254.71623434574,16658.88044263525,1320.7496333660881,3671.0082411086755,2661.1833536957038,233.15498667888812,311.1959896661276,960.4862412994175,30565.427364810083,14893.984555413943,923.180236659952,3.5199176417477826e-06,0.00012335641254782343,0.07950290948802598,0.010442807587304051,0.018325046424575143
140,-602.4966206603649,793225.3266045239,723437.885351433,119679.982534837,61376.94807474104,48080.616155089796,16889.73293827383,2584.0171755471874,3779.8033695736617,2570.5117478723405,226.98525191879878,269.63862204628117,884.9473831702707,28237.845592488575,24688.80270982104,984.4739858089091,1.8813344487432366e-06,7.978308449563077e-05,0.09767110465898117,0.011522224360324884,0.02940360115969438
141,-711.8751841996279,780538.8056031639,739411.1117958651,117351.34303213422,57844.79216358428,50985.33337158079,17292.463560038246,1393.3221968193043,4185.224484016498,2863.502539262095,96.24713421388725,135.09070020142266,697.9486178119334,28458.70354072359,13562.723310782041,948.3273396732577,8.532033708082314e-07,0.00010694698447247087,0.09410515543041859,0.008349429671325905,0.01995418537568821
142,-542.2841970160764,767319.1606684066,752150.4866520702,121317.05016499636,60524.62437947146,67170.994177847,17059.812914306727,679.5763265139333,3752.405115745523,2794.632781985063,328.19176960775735,233.53158531624848,829.66664883633,31640.05584843615,10854.488783554407,1133.0463309547383,2.9405342617349715e-06,0.00013404221571379312,0.06689823329434375,0.008968320938067173,0.02851607138026821
143,-605.7703114965029,764162.504270219,682525.5188140477,119502.88522113099,64060.39075600791,48000.000000379405,17652.717363847038,3087.596993096462,3761.254806976842,2498.2340733318547,246.35281697305666,430.7472649666454,982.5209937864954,29724.53021160041,13624.505803064316,934.6827362488522,1.3209215699411763e-06,0.00010786992789091544,0.09037198932861105,0.012687379731224514,0.020054442055787883
144,-499.116582951182,769592.9849906402,702713.9215079524,124246.89339180932,59785.157327697096,48000.00001084485,17309.747199785677,3013.2226517344116,3639.788479454257,2799.813291300444,508.1472532918384,175.3613139870433,769.2262884762064,29514.780442342784,16151.511332138496,927.3740592770956,2.9739323753358984e-06,9.456529496614713e-05,0.06314173107626272,0.011107744994875575,0.017050086478203386
145,-476.9780342866231,765834.5819463216,719350.269390377,117979.21541301586,62414.06583053569,52177.96169046858,17321.973685797144,1731.2344347687956,3683.517324444872,2451.3626593427125,184.40044781745664,358.20725688161104,938.4666964642539,28273.49378310531,23213.017832479054,1096.2178282959349,2.238239995904455e-06,6.720766436360622e-05,0.10142117982079153,0.009722706036299985,0.01719585536651222
146,-581.6148482841461,804697.1459649082,686082.5869029345,119720.20433366398,59200.385957603685,48000.00000031972,16617.64320011229,4827.334910153666,3674.5287144642707,2466.1958624075805,198.6402794822263,189.1990744386324,641.9597815320551,30073.083556342142,13844.886095391219,973.7459203180294,2.819956745968649e-06,9.258658797892406e-05,0.08367703116348173,0.016164856476479424,0.02281986197044891
147,-605.4747496810808,782444.1865124144,752136.1588955635,118361.05068588218,64012.65339205564,54463.65136998255,16947.184403119943,1274.2039892014466,3562.707062960478,2566.8605771423017,182.70591102000566,391.11234193440526,986.3546664717474,26611.871458971927,59574.17158385203,1322.2119355477726,2.887947327965578e-06,1.641051441329319e-05,0.0937268615062617,0.00838248163318526,0.0202739860417104
148,-474.8879916236193,772164.0701489092,730882.0142204446,118144.13715501328,59935.95807307675,50490.49204892536,17598.72593450784,2065.6835705016515,3622.408289035211,2604.7199174333546,127.14534836860207,183.53884650984102,804.3370692582444,28916.972537285765,16122.364318577307,933.8852070189026,4.264530554662797e-06,9.981472005060774e-05,0.08300707922375261,0.011884987130885743,0.03439885965543127
149,-536.7098456506791,813721.8952799696,748797.6129643632,120524.74163732961,59018.163722960315,48000.00000053178,16699.333754275543,3241.8187472133263,3526.4416997490016,2577.455705456432,358.92471824153193,188.98049806856656,808.85721653135,31019.779473354683,12954.085149922535,855.2233149726785,4.649127846106334e-06,0.00012718828041161345,0.07246006365742427,0.01148808590755856,0.03010923337637772
150,-557.7892911439039,796031.918981683,748027.2204886373,117009.97318983686,59411.45363377745,49060.06292172051,17046.584492368285,2425.8386329924206,3525.4579728333847,2482.479088317791,81.39564975878234,179.17020720968267,917.4555340690947,27914.58879290019,25588.279928963977,1083.9997917944208,4.393066719704115e-06,4.586287246228299e-05,0.09045289605001673,0.013446254430289767,0.026717787707230888
151,-484.409915023855,803058.669727344,762538.0553798961,118256.94447891481,60877.461482514664,52558.89160521706,16720.776432026087,1913.0310593650197,3427.8292726248505,2580.56348780337,167.7093547347782,285.703062483303,779.609129824304,28881.14915110583,20596.277352030884,1033.7640328448172,4.020187035982631e-06,0.00010351677164840807,0.08863388647866727,0.011738690882257763,0.01703614277487782
152,-644.2928434744497,762937.4634434311,714602.0745520882,118118.92431675887,59683.203163166996,60653.54344709504,17704.029960843145,1895.6895262234632,3687.253558796238,2694.758996935767,187.53840411376495,195.6224083341888,729.2082206869499,28938.48247918825,16905.529413554254,1107.2082583436509,1.7012620480028891e-06,9.418254343154819e-05,0.08514859876311814,0.011551398993459463,0.028911851742160308
153,-470.6750907358369,817028.5130093666,726848.5432148391,118726.36800763592,64090.55282383856,51457.16274830753,16535.754411722908,4085.562388124316,3478.075281565196,2297.3135393425923,212.64978391212034,377.08377419477347,882.4425005907007,29961.485838798566,17021.980822358684,1063.481408091382,3.7741645723662096e-06,9.642660297036835e-05,0.08671114754821721,0.017254345607698316,0.02254047574864759
154,-477.0250802659617,765469.4533939348,691401.3674375557,119037.97506957664,61256.302287513,56875.43638099928,17304.88516633608,2664.095051787568,3901.2435051932325,2726.9069460137257,202.15472828998622,231.4953272661255,923.2009200473285,28619.232543373128,18379.22542854825,1040.159570248807,9.519748715561537e-07,0.00010067954376530771,0.08935105887566516,0.008085392402808407,0.027565205335940826
155,-569.6295453062734,794455.4801986823,742627.8140223757,117994.74390663434,60255.030113389046,48000.00000165122,16972.997632702423,2325.1333909958885,3637.6753955233316,2601.281320257048,129.37471705286075,204.73696704368174,676.2638305254897,29264.9502302297,17203.241364988517,949.9098599291167,3.3595417440154825e-06,7.615683112770295e-05,0.08467512507143567,0.011566129925357183,0.018646793875454815
156,-470.49170890854157,743977.4026932633,677305.592109527,119586.61092846292,61918.65064744829,55093.999553480106,17883.088201257786,2412.6644300409516,3774.894173449119,2560.4992953129,284.4197789004885,309.19797459983636,941.0543634347194,27807.395473809545,20177.366340430224,1146.914060992423,8.757945668559265e-07,7.089073139290809e-05,0.09934474324029288,0.014608792283163812,0.024343660500024736
157,-554.9122149719558,792683.3742305845,710843.1503689262,118590.75112803216,62573.18634903287,52028.36615393483,16620.3854518944,3500.4118817000203,3852.9577929183592,2521.1870974215894,181.88198894814624,383.5865097010216,1045.948713379514,29228.607203510634,16872.25758082457,1035.7671196937615,3.074696571400412e-06,8.961976618784902e-05,0.08440397451953106,0.011983355150201021,0.0160235195623175
158,-353.06886166553875,773452.2048265028,716505.2771427449,118009.30623962244,65455.92948751004,48667.38530682949,17129.84446057283,2040.492443002308,3934.426335102649,2508.327511903352,140.45355281384045,516.5575049588313,891.6081310700404,27957.235660231738,23924.976896039945,991.9245111111896,1.973312101438553e-06,5.747049545946215e-05,0.09815913339302489,0.011196523404340164,0.02106135941295156
159,-490.516981090021,781034.1688322522,743157.499932044,116637.94402463407,60434.67169788254,48538.73975720841,17509.789858171778,1509.155729178762,3640.8366497880456,2492.6138430633473,68.30583969559535,258.80904354006185,961.1227459074399,32651.34063478224,9998.272840652662,780.7376782284454,2.5278519283706693e-06,0.00016367207999132708,0.10267267447154094,0.010896896016867,0.026934981495216503
160,-554.4035081278134,773343.8254085801,732434.4501806928,116924.4478227456,63657.590358848865,48000.000000307016,16938.8778528847,2744.9914838465197,3018.107886002533,2225.165106865522,95.41397243333672,335.6953061253908,962.4302770531824,28177.557724142836,21351.10026002784,1005.8533848226541,5.91085782823531e-06,7.157239568156869e-05,0.09318800847120837,0.016007052381336092,0.012649256618504495
161,-444.02729116433005,786698.6573413465,663684.1584484151,120751.24121828502,58991.716620088635,48377.44224315791,17167.608458879036,4237.77435212165,3802.361181835727,2665.040374138462,391.17971634648694,130.4506746749037,710.7819324491061,27833.468182662004,24088.747381687648,1027.2419369022032,4.0129429274454034e-07,5.824332018330071e-05,0.08872485586817754,0.014772941942786774,0.01633832238657565
162,-587.1799060993044,811000.9114339257,700138.3322963614,118312.94560565815,60434.61365145659,53889.485024985326,16502.90593588391,3877.624782887092,3705.5468661277164,2425.1314748671352,210.65352826147847,223.90315978810685,945.658910535839,29222.73316480884,42946.79313244022,1149.0136509404276,1.3114038155762999e-06,5.926205232983437e-05,0.09955705014785622,0.01588272784954215,0.018939177331779182
163,-520.7638468322319,791057.3079744593,754443.5932235441,118782.26309312152,66190.93176663438,48000.0000000826,16811.495318587018,2285.3010623108653,3050.076775153723,2488.6755884395907,221.0358657043103,386.42354398029016,942.5898768639355,28499.208228922544,22349.37362705088,894.9329085350197,5.255560271871044e-06,5.870348522220522e-05,0.07113853452263351,0.011796414526673614,0.019065219757339675
164,-608.2880697274721,789502.4208469003,756031.0280562968,120897.68253139642,61607.26821139397,48000.00000014493,17104.202667289,1148.377314492826,3980.8581814727017,2639.978783826702,249.69683328687185,289.49947695396514,758.3385778546268,28105.975291226805,25173.216157736446,1029.9747368756732,1.2148421860348606e-06,4.2066815284062754e-05,0.09883894494582328,0.011708149857344216,0.022003314027723538
165,-549.277403024133,769523.8751738173,716955.9554483885,119040.0286938086,59633.56801077462,55706.915756363254,17175.762938336517,2267.0410310070824,3222.7614853879613,2554.3601054337805,259.1501201588463,196.483101051599,863.6618293494768,30316.842990119723,26050.096416170367,1088.083971740112,3.733291945407571e-06,8.517601761984071e-05,0.07521778067929621,0.013798073741438457,0.02048771374865582
166,-511.358879486634,745159.2825619304,680816.6703271429,120252.59143943917,66807.75199731483,48246.78604879819,18057.872613216045,2443.9053847461264,3519.185120766537,2253.9251557410694,280.21209943265205,633.4952156043721,1134.5286050498914,28209.68099318642,18062.274020758145,909.7014751457438,1.9067522891333532e-06,9.911052396882786e-05,0.12469516484048503,0.01290340014552778,0.021791682020953076
167,-339.5368646389506,783097.7918549435,726051.8420826041,119346.7741840624,62972.28376669429,48072.69809019249,16850.92496265998,2377.6683392863606,3680.700629804013,2663.3519192529225,209.32814096913387,405.55845360229415,1081.251854560493,30008.92975338811,14491.31590258685,883.8573190727868,3.0182744059116884e-06,0.0001252858050796252,0.07949709224381167,0.009891122887749453,0.018085083728932288
168,-499.01829828327965,785836.2430596107,757392.5910657422,119637.08202702661,58463.25588831816,58069.38842294547,16925.083108149967,1055.9843006810938,3771.4915479326423,2765.3813930030165,231.98025972693728,142.38300442665627,713.8741464205374,30806.73360372362,15437.748062535027,1031.9117806087022,2.1424169152796675e-06,0.00011296763859768624,0.08040725383998458,0.00820318579278598,0.03472895427214872
169,-591.4937773778781,817151.3531302833,744161.2625630501,118737.34665665803,62847.792945082474,48007.07201688685,16514.722993210045,3824.072346196618,3386.3474490653375,2426.419551588741,166.67469901985606,392.2198645209466,1093.065756344316,28867.809973526008,23331.720539460755,995.0887498852184,4.574333410549897e-06,9.44081286306071e-05,0.08965234425296464,0.009794305540788115,0.02662697669115909
170,-486.95718887081614,770563.9273240762,737319.9887857696,119769.60930343696,61506.697809096215,57836.46323640766,17152.668608898013,988.8569842341918,3935.978079582077,2647.410618065305,223.77399628544427,304.62540992901893,823.8573483239172,31082.79230096535,13952.856467916496,936.4535391722774,2.405039996750559e-07,0.0001326563524029941,0.10401971732266838,0.007805587121697034,0.02128263251026486
171,-472.91808630853546,778314.971760606,670251.224414258,118523.20653182258,59938.820767091995,48000.0000005831,16866.01658119344,4449.680238798566,3632.321526926685,2786.2941496664253,212.56478095828973,281.0531086505109,894.3294203945761,33185.073993538645,9992.95349472067,716.6321412860951,2.5702733348273198e-06,0.00019479657500448368,0.07392078856524566,0.008034821761564752,0.02048427694202678
172,-483.9849069424257,747181.5084567503,675695.1216273261,116304.65387216704,62253.28799647097,49243.07331341185,17499.28721465116,2614.599248752026,3499.8842824306857,2575.7123578804294,52.7433691506893,323.64876590951,812.1414157217902,29415.02961171199,11258.907309219647,834.812684059992,1.1935836846337863e-06,0.00014337083155713324,0.10604950713882315,0.009585346386821953,0.029633464698164302
173,-684.4751358986334,701457.1127946525,659351.1198846773,119111.39633763995,60116.333088962754,48000.000003653586,18522.087628300866,1847.9008519510705,3554.8986826165474,2481.1156961047504,211.21342457968007,196.1589529651266,669.6309276214203,27507.034724834408,14163.654656693057,958.1935817037034,2.5088776779734976e-06,7.758419429170147e-05,0.08897687717660219,0.01533502114104204,0.01858362575739913
174,-465.6413063542707,768920.1168120228,695948.9329806662,118147.84215262809,58748.11070978555,54163.07095436012,16956.650709838923,3087.8313730861805,3476.917185337901,2692.6874442138906,176.5269342733813,158.0193647216687,640.015143595251,28180.95343132424,17366.193434909615,971.4268584612837,2.6030846125383726e-06,0.00011067836984982556,0.07848568090397753,0.011638913838582704,0.03390269622377133
175,-543.7067987678947,772569.2786603415,725333.023887919,120100.33042970074,57605.720133075665,55268.02880082262,17060.07757413497,1949.24773007241,3662.5508517455673,2871.0318352832696,278.9901094269683,85.93062761293339,561.4405857813481,29464.059299916717,16875.75850433907,963.9843926396879,1.6292336061524125e-06,0.0001158246247641528,0.06709518604185039,0.013386108706876882,0.02444052716519603
176,-413.41106185845564,755907.4753783612,718868.1701681868,117848.05592040911,60475.28858144177,53630.77068546386,17702.360476613107,1437.8253684625488,3650.5846534607413,2628.9633195847227,156.16702110060973,184.62931755648643,863.0430421912213,28353.169020488927,17588.16530364571,1059.3295499180504,2.1834427880418976e-06,9.33289232329366e-05,0.08479739142348063,0.014478706659475666,0.030090992493085087
177,-555.878655287351,804435.5736712938,793422.7370244203,117265.54009598703,60412.82572349896,50858.38947909042,16300.774615917626,616.9010810200848,3278.0739407152246,2368.074989321447,117.25703529952149,223.35123987059833,756.1890375270414,29157.684595127866,20660.40807403702,1013.2705208978721,5.5258394339520175e-06,6.421635648878048e-05,0.08097291530872375,0.014904141105965309,0.018723477746601314
178,-611.6738775150311,763443.7303442686,721383.1466782304,117787.53698457939,61064.35777217413,51098.33272753326,17226.183945670564,1631.0454729249832,3789.914793814665,2579.0722910810036,122.74887432894178,243.98185775319675,861.9368071823411,28702.944268961393,21859.26173591289,955.6332982056666,1.8978382389714605e-06,0.0001038812938327426,0.09024825320666123,0.01005542038839406,0.026135347687188035
179,-370.8495639183178,779499.5936115169,709345.7142526943,116959.31364645339,65565.52927283196,48000.00000005191,17354.161987901076,3151.44819699898,3552.4631723014245,2301.955105290462,91.08715391896243,499.12158440095504,1142.4253525126421,31994.91708849393,9536.487586820977,738.0812754211277,4.168882856581315e-06,0.00018388262937816318,0.10611772462485945,0.009771930490610276,0.02588604187699055
180,-556.0326278350942,760252.3536082179,692376.7961225038,118756.2548167383,58962.62758973427,48000.00000025722,17134.41136281675,2451.659344402232,3886.894226858398,2658.564230175079,216.63922717682706,153.9804642133905,685.5616139688452,26954.888683704965,27447.871477799563,1038.807883820508,8.566166699052861e-07,5.6223717670288554e-05,0.09408263257645888,0.009880667254424979,0.025779326700991076
181,-555.1284123295341,787106.6159546572,750405.2421122104,117051.54893814992,61538.114651997545,48363.50289734587,17155.182727485888,1548.620317264283,3289.958075258534,2605.2212155027114,86.17855752251218,298.60784907912694,850.8257952584182,30841.445177463356,11791.909062030069,852.3642486226564,3.271685271558513e-06,0.00016341529973017946,0.08257459994709153,0.011699987014454143,0.02597778003167403
182,-554.7729048488586,778281.8278864396,728918.3175369608,120392.8424596418,60297.29234233374,48000.00000002922,17194.923477247627,2423.2279887201207,3285.3588894632385,2708.097111013252,273.31708955878014,199.95700719437238,750.133579419937,30028.761530139487,14501.75526259633,813.7510269430302,3.424580505168816e-06,0.00013411443250641402,0.0744521104082533,0.009685519770483373,0.02119506363611384
183,-641.944244362606,768195.1981310716,728725.1251112756,120320.47045516745,63996.75739979903,51462.21294060248,17012.343111912654,1851.577277213761,3307.505657175249,2409.1609015401673,378.67514091087105,431.29945428707435,1012.1565790984768,27436.7255823498,32672.52691241224,1203.353954699235,3.731885071662867e-06,2.2354343217786934e-05,0.08144295366221148,0.017590637764606454,0.019312598248218453
184,-595.5159676652149,834731.9932240717,787942.9796822505,122574.1271216851,63091.250050162926,62384.85611208031,16384.45839328249,2102.081970592275,3437.735286348415,2601.166343940706,434.45684182738637,385.74635935948817,988.9596766130054,33508.61385879229,14788.240676271727,1080.7458162377545,3.3924614220775066e-06,0.00012192598648444912,0.08117574948872369,0.012974943331836472,0.026838019255251346
185,-558.9678567574939,755045.6786992294,696900.7473458399,119644.8470576446,61243.5582029719,60892.84279743018,17408.69814520612,2306.7206725297124,3618.41200592681,2547.821025765893,244.92741852287608,271.56701911913945,811.3250440155895,29012.04529529203,20296.318871764008,1167.9836872635447,2.374726969945254e-06,8.144074881025488e-05,0.08999128194773535,0.013087176895709035,0.03354574036402758
186,-558.8243737886312,796756.3012103142,725552.3469793912,117897.53803509883,57594.357548419925,62088.746774971056,16738.61939997105,3109.97661799829,3512.8224360297513,2764.115812200217,134.5839168788709,106.330354965337,689.9520487206362,27671.726751881706,29083.142635653465,1357.1440115136581,3.0072635502422795e-06,4.9713664964700724e-05,0.06850730562841759,0.010593784927596422,0.028976192963800954
187,-510.72817535486456,812951.6777561539,709847.5140841213,116636.49746056157,60810.948955111664,52550.46019319385,16569.56550123815,4207.651105058016,3578.9255029274314,2523.823434594967,66.45324845360767,217.81896263534878,908.0154031274735,29275.039081511593,18648.88698258794,1038.5314277879063,3.0820295692997848e-06,9.523693649857035e-05,0.1027395400283602,0.009053027762428102,0.02617822948224182
188,-416.9450418618083,790263.9695737889,759358.7841002487,121167.50524272176,61305.83917459007,54499.98376879613,17161.711803557413,1100.7715669156157,3703.1927033593984,2638.8140513242147,391.71902693397095,245.22793057838382,806.5807304561563,29606.644721760546,16191.636443470037,1035.5702684920211,1.4487980332172434e-06,8.397246888202666e-05,0.08510195988363362,0.013581463477729563,0.023880616437534738
189,-389.3135943793269,772437.6224185331,699085.2293161339,121150.57308000073,61286.269592869125,57549.557189251565,17339.058797542108,3007.2237068463633,3689.5892172334297,2603.6294936429217,307.7053166184304,225.81128956976727,933.0102916102005,29272.39555878105,22744.753049467225,1106.4401328366241,2.0692909970921425e-06,8.851986349873371e-05,0.08019609790864236,0.012397427324936356,0.017635694386679147
190,-638.6705259756195,769065.1712921251,722281.9151609209,118675.82534568186,60795.29716419827,48000.00000212061,17158.655230051703,1640.640773658469,3939.5586584559715,2651.6912737296498,183.44538661860273,254.60112291186383,797.5905735287274,28241.895159512896,22626.305630674768,913.2763344995423,1.2830031009144958e-06,7.776719671810955e-05,0.09069933935141328,0.011671193210646906,0.024368162861715954
191,-470.0368756063383,801030.2442772178,717055.6299758275,117431.64646959155,60710.615045024926,48000.000000129665,16816.13342366764,3343.44144097339,3860.577264904818,2688.73740373648,112.02882132606673,273.51675988274854,844.1578923780081,31442.090720738925,11737.123603865093,854.5095387076245,2.4713464447756254e-06,0.00013967848036201767,0.09607624012135356,0.005512468585824414,0.027687653429938192
192,-615.9610243719293,798976.9923628436,774798.7672160615,117846.57660422006,66026.08550957011,52153.47314554171,17006.15953054016,1075.2600852535145,3503.180744539848,2581.179571579604,130.23911111107452,692.0215719781435,1029.8290699178897,30423.48369278831,14553.115389610948,977.6991325788811,3.7300072360860787e-06,0.00012393984102311808,0.09488557532003605,0.007827679254162905,0.025314089911357054
193,-526.2660393580684,742316.5444671395,721382.5445258645,117116.47016882466,68737.13334227235,58902.19964928891,17738.96606344361,786.9096522854989,3654.824607916531,2482.951978845484,87.96168605997963,721.6568148705092,1364.168470506024,27962.072948666926,20813.409392265952,1091.7126995684016,2.364371139999219e-06,0.00010697147432856296,0.09582807582941312,0.011266486947384396,0.02835091019718528
194,-599.4546693712709,782080.6768771064,733276.4469450911,119894.11336944571,59879.997065943964,63885.88635732687,16761.28976967152,1927.8350581098855,3642.596016389776,2669.528846360055,298.96940420506013,218.28505428248832,797.1402634693268,28188.252251038186,24083.763632074904,1235.4320036287158,1.8016891443498691e-06,6.796367121173456e-05,0.08165830733361479,0.01287478138788335,0.023827985829179974
195,-523.6006343156444,725693.7182550651,676202.3828513755,118594.03961108431,59637.54043812409,48025.56493145831,17713.27142955845,1906.5641715243194,3369.3509971982658,2550.487254009256,168.78631878080822,159.04148204954052,657.6156524285639,28557.213424111033,17172.242341321125,892.7982669340397,1.0848052672576074e-06,0.00011727878922629353,0.09664151647636433,0.011347802308486763,0.016220613300113724
196,-655.0914257575407,807677.2543203434,735161.9244667426,118880.98642190796,59078.97913624995,48210.08046186929,17195.613143499748,2677.3785433716293,3633.895635258563,2633.6155449400667,214.11202333492074,192.5262554903418,828.9231222858766,30365.220882303816,14577.8568162473,885.1906648020374,2.2994476881353454e-06,0.0001299587387264465,0.09521130617197403,0.010340286777159651,0.032025157125222824
197,-406.09052487349766,784477.208758953,721455.0563799372,117237.0620213308,68799.78421688649,51742.362910738826,16963.216512453,2486.545831884741,3491.7940997148025,2254.7810017647384,115.86992694412281,594.6496768587627,1324.0919209210658,27741.250771129424,31099.195612381438,1206.2051570745891,3.232403999249807e-06,4.307223896548612e-05,0.11418284106125638,0.01238816096246146,0.02296889806229486
198,-448.4914314041814,785038.2359951057,742993.6945762011,117827.5409871391,60459.29517930393,54296.45108322747,16856.597612128237,1746.1994044076064,3537.031840513489,2578.8950983049017,191.482293522291,209.31850396323864,801.505416254208,29142.384619270862,20807.201242144456,1027.2990552966298,2.6414932233088855e-06,8.503662035018328e-05,0.0881924646316777,0.011346403686725936,0.02925516264792933
199,-429.45425168015566,807665.5197564225,784517.2942776284,118821.40469721041,65815.88928916873,58544.49718518745,16913.808166731396,856.37064619651,3633.5689482868993,2336.4557637682656,234.31573099949537,609.0749431682066,1193.0917030558612,28213.710057273485,42528.13462094546,1224.738029900762,2.9293942159246916e-06,6.305977714659695e-05,0.11132232756411896,0.013545157595218063,0.02496240292720702
200,-465.70806969393993,785709.1309425023,766699.1954572577,126162.0544953101,59569.49525608181,51515.85814697534,17043.022130271722,902.9887781083952,3580.788978578926,2770.1664069911944,703.5994339502599,243.68251659237578,889.6375892526579,30923.038896508722,11712.206820119802,860.1985916668541,3.322285570908597e-06,0.00012702703250339013,0.058909209974215976,0.012244913135105609,0.028163127615472308
201,-577.5737739469823,746186.4118109067,706937.4198477736,125353.45744331068,61423.005416141044,51332.91324474376,17712.90741817758,1350.8167754695637,3802.1806786555903,2797.9682779709397,629.1698189129198,290.26544031864165,908.3675045487045,28566.90584387396,16230.600676280641,1034.372981912565,3.845206853239288e-07,8.628220998319481e-05,0.07769757176307339,0.011542260154092912,0.0160000716831012
202,-532.748790352264,784794.7706639476,738767.7811128622,117260.23956785316,64996.27591306167,48022.76181070174,17114.440473903367,2679.951599921308,3318.142779985316,2306.627487507152,106.9982805178204,494.72592790749144,1115.4261078450709,31936.407031322837,9732.716763407934,785.6769794532725,5.703443110208744e-06,0.00016551686146194198,0.09289545499598692,0.010798429178458661,0.03336058531623887
203,-374.4881604897525,810389.1399597622,747499.7480966314,117515.53328333076,60549.40073683907,48000.00000048795,16629.33165863067,2987.1699099961884,3248.7945247126345,2527.2533961105332,128.23537575893835,244.12385894724082,711.8921500202551,28584.380333065525,25197.084773190472,1089.7079699102546,4.186810951405103e-06,5.7068869971938784e-05,0.09345242677032688,0.0105945812113736,0.01942801857251875
204,-422.3932606621099,739695.3407050654,697731.847503213,118248.34380356436,61500.27060547951,48865.28115178203,17716.25788269593,1865.7614084562772,3570.255283706498,2576.6140746292663,160.4390001542548,307.26806854099397,801.5654897169791,27485.118015763113,17673.039252931136,950.7962175542133,3.2581899540613135e-06,9.782373288034027e-05,0.08834481697124986,0.009454428484571864,0.025499874238984362
205,-495.4123836416008,758963.6647507969,715004.3730205294,117091.01374409682,64353.74793952868,51313.13775046608,17416.856624040876,2272.5798470410127,3327.953250470624,2373.983056109188,77.72415162242315,364.4121168728297,919.1961290099529,30390.80436544673,10804.550473966694,893.114239528988,4.303948596054196e-06,0.00012788160704080607,0.09922865922362427,0.011532650340489475,0.028349206718992548
206,-457.0715258685298,786811.1399135758,734988.0267433855,120118.30576426402,60840.31285862335,49305.03753662515,17085.52682825037,2160.5591519590353,3477.4553789869833,2548.010930914275,277.65731338638346,258.5547369898771,863.4048650181795,30687.99934244728,12275.82318456583,869.4633886408201,3.234188261132374e-06,0.00013799423136257367,0.08578722768144145,0.010740907833938664,0.040152887450061736
207,-554.8817354293573,806437.1901528637,761611.0675119109,117351.73394360182,63698.64285609068,48000.000001034925,16675.079355710663,1968.0032909412216,3390.2139286335346,2352.6974812515496,113.63318059319202,331.6369092103361,1128.7863774095135,26901.977197875294,147767.47765903873,1062.2526244864746,3.5007738739050255e-06,2.508007637016559e-05,0.10780952561163022,0.009676044003458138,0.023963275282809317
208,-499.6307961999499,769675.285065862,731639.2230186264,119027.6419782505,62573.90994073692,49403.98394575122,17147.784530329252,1765.9115873016265,3594.5783703463017,2580.58738679622,207.09780674387997,366.5575431418668,1027.7056461589489,28915.52080713358,21162.365008422967,1010.307989166553,3.7341769786215857e-06,8.97781178475188e-05,0.09610736409491451,0.007173209869708217,0.029772059415407563
209,-477.57753462555786,759756.9936494739,678824.5642597858,117267.45385918743,59693.592262783866,49809.09397193407,17617.84867311055,3697.7669605368033,3346.3797547586505,2398.674750999581,96.66736893246635,170.84542763213227,808.8908878683716,28117.52434506076,16172.700341950138,1020.3812098902293,3.579747703584258e-06,7.587589838364218e-05,0.09427193174039593,0.015075781660889258,0.025752820962779262
210,-633.426862207277,763185.7911223184,702236.8563793513,119022.91678450732,61289.10030353035,51446.11605299556,17401.556594718764,2304.20887465917,3673.5740115692925,2683.97940216102,174.80200730425608,357.2902228864348,1003.15944806733,29868.29543987342,12427.698570404242,858.4173239384004,1.9662348686112374e-06,0.000147975769720678,0.0880475903113814,0.005599576654793957,0.034242882938033174
211,-645.4315871037887,782278.149811338,741498.2797889017,117710.2186074026,61241.88777445012,48016.432872934936,17250.78842855649,1890.2595572152582,3662.43123354935,2634.4604234369112,162.142010636646,251.001194743844,948.1655018466287,29530.326802883093,12098.13514602739,894.3107727859226,3.1617504930300945e-06,9.977556264707144e-05,0.0868504559679995,0.01056414932724462,0.03147367450107448
212,-455.54053886901437,791010.2691922635,732317.320212822,119576.50353070434,65833.73046687292,54081.75572918393,17159.524883826663,2435.7972374338838,3537.2606239632255,2719.777593108334,217.7510055658098,421.6248244045579,1266.3700060937654,30220.078882995218,14906.424324122137,972.5976667779877,2.3680230705592934e-06,0.00012073606449613771,0.08745672863505198,0.00829874346663727,0.030701952019714714
213,-600.4123415916922,839923.5754091416,772855.4513272473,119833.02514030074,59673.066806612456,48076.14741729102,16073.277669990952,3135.9208078413258,3395.576232688015,2631.358739754524,254.40708205519823,161.38566219005062,731.8323120722738,28846.298388897714,37997.53026002999,1061.092162858032,3.879918104025554e-06,3.4681926099684084e-05,0.07398817468443307,0.011312205677447918,0.020815651023129256
214,-444.39063701791906,784428.9339937653,675927.3694622,116585.13085732775,66183.28256224189,52037.04697792475,17181.635789063534,4614.884513671064,3548.5732897421794,2347.377092605885,61.863782537795736,540.6703780201539,1112.7741066157455,28683.278770064386,18488.64896569674,1009.828238128194,3.708646979996996e-06,0.0001072641774846105,0.1104013103453496,0.010232148665300738,0.024121551812087215
215,-556.300771454353,804308.0422230243,751707.7027156906,116438.2216136849,59232.31061717026,48679.997907525205,17047.065503502086,3016.349158849487,3041.1660869406164,2450.881047393132,56.181679217979465,179.5488614489262,1078.856028979792,31319.013436982324,14745.954794368452,945.6785406566922,5.6209771729026015e-06,0.00011345015257624173,0.08951713436918325,0.010128773302372817,0.024763153594775596
216,-576.3866535008494,771535.9320800652,749141.5603543137,120344.2476784398,61652.00376714892,49941.125476348185,17101.571306395585,822.8853623030531,3884.255262897325,2887.3776451840095,257.43495332508996,258.2645629679433,862.5106213670776,28369.342566592128,20950.125635438366,1006.4414382482721,1.3297779573804164e-06,8.061864237528463e-05,0.08748277797418838,0.007336285313755238,0.02054850191892649
217,-481.400176578529,757717.5702711547,685234.8134995917,118827.60157871772,60898.78023068621,48936.30656440926,17457.71082008093,2572.644155922358,3711.978833175923,2845.260923210564,206.52521849699983,226.93751549480592,951.1243225505995,27170.759545222496,26956.300800971836,901.8806065475906,4.401884583997023e-07,8.144693293843377e-05,0.07895210855023575,0.012047404700367408,0.028065704262484458
218,-458.0416736010157,793211.6661528216,764448.3875835631,119912.19379618592,60106.97333623446,48136.03507279358,16834.71086007503,1154.0947220695614,3852.523161954746,2840.7666631610323,261.4064400591109,241.03437382916513,750.4130591184462,30237.26430952814,16317.02633439364,866.2752899471236,2.6204734293519255e-06,0.00012215773650442254,0.07464329580475465,0.007970375356129239,0.028562248810819937
219,-531.3394186111498,772189.1974758698,716000.0221613245,117611.05455594976,59230.85145330224,48592.306998047934,17033.807821416533,2790.2735959852994,3138.343265287098,2321.398579392498,124.43207971106304,187.6829548488126,691.1195777418784,30693.329693354157,12362.81282440462,794.4557518033023,4.599874527683151e-06,0.00013804023263436712,0.09246452065046236,0.01686135344637633,0.018412915971295886
220,-631.8698125094907,764867.7723947223,730715.7017091013,120087.29160059866,62315.83910887144,48000.00000030096,17584.665131671336,1352.2595075956606,3829.6292874405917,2587.030326372898,258.6481181258948,298.55662970164934,793.701214686494,27459.25189153388,22206.907993581393,967.7924439665826,2.3003802650591766e-06,7.563055244158862e-05,0.08396725292363433,0.015029865321428276,0.01764826631790267
221,-603.4729302956353,785162.239674268,702469.325028224,117448.02959743794,65965.910631852,48000.00000012924,17078.660228248125,3052.4095051522254,3681.5865958610457,2508.002811061657,108.38839639784298,496.9665420294061,1003.0810691567925,27740.64847497702,24226.122300979972,1097.3666166622286,2.0487836794164674e-06,4.3576405717881245e-05,0.10966186396706883,0.011081160117532593,0.02320729661810379
222,-615.1584091371191,786855.9428042308,743557.9135298278,120889.10953150343,62897.71649739881,53965.970299154505,17040.50289904571,1867.258253428641,3768.551331849688,2714.0589318990565,279.6596946780195,341.8382174883622,885.4116550032915,29548.870637960597,17741.476690015625,1021.4279181156363,2.962195614749231e-06,8.690466933839833e-05,0.08831203499346159,0.006684317359177828,0.02647539177681323
223,-482.13205356862284,802925.9308259514,748655.3515733244,117624.6915022655,65465.12305290236,48000.000000336775,16403.57506454332,2115.8503072719523,3570.8318599373947,2636.4731192517443,110.5647178832756,457.5766392284553,997.3355929050027,28684.082374526923,22183.190912658996,909.8666282822456,2.613318629823598e-06,7.448563277402197e-05,0.10023227389446346,0.007567221994333888,0.027022570343935817
224,-711.615863355353,827744.3548251382,766531.8322442765,117446.94354225988,58816.39137783567,48000.00000123965,16649.751707447867,2637.0588483794877,3486.7968275968283,2510.002247469301,107.61886104960314,150.4361167073976,939.5747454154649,30173.36879926567,15291.689504986653,902.2103346939128,3.8061926312875716e-06,0.00010593670921740847,0.0965280514502846,0.010184742108298795,0.02393404606104213
225,-499.6428099701368,784480.4772284675,734855.7864936828,120268.95653803424,61742.67268467815,58216.72966831812,17167.162993823,2662.858040457691,3357.8714492849126,2638.6259586696574,264.1981497762781,282.2018699713899,1090.8342826492674,30012.214080772286,19605.048348804143,1062.234272932476,5.139645613569139e-06,0.00011008175229761833,0.0712557560551523,0.009523681589055095,0.033320048374978935
226,-429.6494092595001,776273.0163592261,692986.6449281636,118121.929349718,60553.448117334796,56226.2324070708,17244.17339901013,3734.2205257851274,3483.2687784650534,2458.103877657542,153.2424559560399,252.75954207133125,909.6574462498841,29089.89467241292,17170.058014636095,1060.2071671254719,3.4933330318560316e-06,0.00010527404120997121,0.09148736860771536,0.012033310755408439,0.029010332080782183
227,-456.8935218254405,773452.6748418643,689434.9371363126,120161.72735641942,62637.70930443535,48000.00000025841,16954.697886557948,3199.301161895049,3617.5798298024047,2645.690712480292,316.2157313533446,353.638260387005,932.6081878773917,28245.489921442557,22461.615732117014,957.4299020838392,1.5958860675529048e-06,9.707976700638693e-05,0.07900296777137117,0.01303808453080665,0.02358033901386179
228,-466.151260199971,771986.6153423918,667497.5806530772,116972.45262225448,60249.12149750899,48000.000000692926,17271.778280053717,4014.7413166122406,3779.4604298648605,2580.069386685888,96.28518998177643,203.7541993159885,855.051586987028,27554.19529527073,45004.97582539934,958.2246002962169,1.8241977469145846e-06,6.128817760636088e-05,0.09877326390620018,0.0089646415555928,0.020083723592757244
229,-374.0455315489263,775159.489336754,696610.1762614443,118711.48103596912,59734.59272691501,52368.10161674303,17108.95362870426,3130.0579777494154,3727.831598528519,2584.8057316058093,202.9808855767687,172.65464271143014,816.1330347088129,29106.52215229979,17100.594622514047,960.2110970334345,1.922836264757698e-06,0.00010739953885283008,0.09250920038499803,0.010085949510515094,0.026353436211632712
230,-498.67336553875055,809672.0834070167,765609.1127558858,118376.72165088476,60018.3893316527,53708.96921455125,16599.77146908124,2415.956860079722,3130.848647668267,2553.9049303625666,167.1733786465641,218.48921606957512,813.6181861992764,29833.09238476768,23300.49755371406,1060.1210579285462,4.8342649777879125e-06,8.171287724880949e-05,0.06637194213234908,0.012049917963234208,0.029366958682567543
231,-436.3377685485432,764896.058436055,701920.5696451078,118749.02349966147,61751.62607714005,48000.00000140498,17090.735500401002,2514.1976889045795,3700.8816095576185,2754.149578099141,193.0483484961175,319.1271902347543,886.4642802465041,28630.054640529674,17560.05100223109,911.5466697991404,1.7724486056103364e-06,9.66337656595213e-05,0.0801877344832314,0.009899089412406392,0.02512883321859711
232,-554.185289804895,725570.3374449958,652784.2083981255,117844.08556613313,59985.995818875315,50895.0876220725,17912.191767903187,2814.428560386548,3890.717395311207,2752.3578365378876,174.85385342947396,203.30512724085432,755.1431887645895,29105.89292441364,11491.522136249934,840.7943234038825,1.553861397146327e-06,0.00012636151704120262,0.08841337943801564,0.008982433436785855,0.03528934895588515
233,-489.8018324640785,785036.7445901056,744699.2293609633,119224.61354619527,60651.13867069253,49713.515074874005,17057.543960408268,1507.935606709305,3850.471890253664,2664.8680729216035,210.74432336155414,241.84882849470074,901.3747274849592,30253.644828744662,13476.78888904384,928.1791924780607,2.2264143601559523e-06,0.00012203863334298621,0.08933502229662812,0.009682164688280669,0.031969039360219526
234,-551.248091272337,744598.5913193864,705863.2996484953,120745.08069138353,60883.04918845094,48307.229023224245,17412.332326092503,1654.3392528380673,3677.512557615697,2842.7913469502582,374.9173976217752,295.13148292091097,782.8539146918868,28227.905009629303,13377.84714045813,853.743847885229,2.2057503197585985e-06,0.0001020366678831987,0.07129958237910186,0.00698984020054636,0.03523498913649542
235,-616.3697309484425,783541.427962045,726402.8597889052,116897.94731193787,62445.131435431766,48000.00000465349,17189.66719275356,2658.8974436555573,3710.2263956487395,2333.754092478035,126.28633388157247,352.22599517380036,1262.3447236049788,28394.835315837503,19730.12820070645,981.0338293914556,4.460077754039156e-06,0.0001003566096185733,0.0999901677694983,0.012899116032418566,0.02369129643112219
236,-704.8825265748036,764434.0595981835,728580.473928774,120392.16036530072,60137.90376968859,48734.63393030203,17437.886149910693,1540.9384081410929,3761.643816856989,2700.2763938044563,309.0263504829675,252.38475540161343,703.8924150548665,28617.82838549667,17126.66606985591,897.5966325790682,3.097412944455702e-06,0.0001033400661570678,0.08387510478874455,0.007721888940931248,0.022902260304405016
237,-522.1835690876775,799033.3250049718,710101.2030401049,119052.69267249886,62690.46174897994,48000.00000070103,17098.551221858444,4348.774283210745,3295.314941225394,2359.75019550295,243.75733153107043,335.84304727714715,1074.5852221650703,30145.11432378461,18355.489590560082,942.1292010560677,3.948346841412919e-06,9.346212954337175e-05,0.08651491302288215,0.014931553705561576,0.021936726470398397
238,-555.7268595369687,810886.1599066214,762440.9423142823,119185.26455850438,60842.77762364099,48000.000000164626,16328.223711628118,2134.1321415021403,3464.7508344099956,2698.2000135895696,180.0062290815782,230.49845380983905,734.501279431272,31092.59734663152,13517.370692996972,847.5032129369163,2.706935591905049e-06,0.0001143741863024184,0.07686471850739311,0.007890773946271612,0.021135112850273533
239,-506.6280006857103,749675.7016058858,706453.4654371631,117860.4196158124,59021.28920450756,53905.36404667304,17866.955381305277,2164.0278286835155,3263.459454278097,2354.6187785393013,118.6860763915208,140.17948884007333,846.6326057611724,25681.607551818026,51854.95959276292,1360.4031089360776,4.593248660146955e-06,9.374621876566664e-06,0.09090060773297091,0.01629436334745915,0.025450711749543067
240,-550.1621989647088,843368.0171890735,691238.2751562448,119031.71828174005,58137.11497010454,50829.51345273991,16272.881716722399,5479.552184600999,3705.28129565968,2635.307737830493,278.8074022472809,126.28296637159592,680.7631009532885,29313.271998397533,23671.268858202577,1076.3255183561187,1.8045731814540531e-06,8.679665621045579e-05,0.09468768228178034,0.012066892425283984,0.03164872141703989
241,-577.1698089921041,748526.507024125,697855.3394229732,116887.84010049928,62638.53402437628,48000.000000099055,17579.049684312784,1922.7384208423575,3792.233514768929,2665.2014084987504,93.50081251030763,335.5141640284705,900.1903759581805,28953.554295715683,16502.991766299463,945.9872118675278,1.6727866257227001e-06,8.43413282106044e-05,0.09170043987396459,0.009081930616641198,0.01816836778661683
242,-446.09168415328196,756763.6878133937,735690.9469104008,118589.27455818151,59512.461778506,48000.00000155155,17652.60686029964,967.4576250649865,3637.7650996966827,2747.513282109177,201.24107961127248,236.6342838982564,710.1083018776134,29253.224459782712,17264.653117762493,880.0672562088173,3.368641490840884e-06,0.00011998291706602494,0.07105002723830177,0.009922358202365712,0.023779772241912855
243,-466.22020375978013,783203.766879113,696663.2237495737,119046.30233882731,61005.16007764817,48000.000000333195,17064.123697495957,2988.23840025704,3964.493528020988,2650.185943535684,227.0121556276583,268.14032887703297,718.2992045061569,29053.580677953094,17111.73768840023,930.1632051380969,9.501746476708703e-07,8.832944345924915e-05,0.09713601742836936,0.011302794519935287,0.023649001723722203
244,-428.62821155899854,749330.0080738427,658568.0769886824,126339.81043003128,64171.484879279706,64489.41571102676,17611.046130624414,3546.291244194351,3698.901303125539,2675.100428716479,729.4232044455181,404.0617817165875,1208.6306961174646,29911.893428342366,12097.796055077937,1013.92272745724,7.299607747201981e-07,0.0001484560570799895,0.07269814669465349,0.01116954214589241,0.031152702683886178
245,-441.8589421835936,793318.3227862534,727339.8733101378,117268.00575611407,59888.61544981616,56636.68749023813,16506.777512754463,2756.504253518031,3482.3300311280336,2607.0531864612276,110.70831502784047,203.08349574656896,874.7709695103008,29114.18030977763,18632.22834223191,1124.3969419980544,2.6947561346225314e-06,8.846991456074801e-05,0.08292890529327623,0.013650746629491218,0.02357996433586301
246,-372.6210782027341,820068.9403303645,777962.4455029502,118163.35658195982,59952.17236153432,51952.069437673854,16719.94237280217,2783.523467133733,3154.741443605878,2529.367428136284,131.6363459490133,225.03604368559652,943.374997939098,30836.688047179323,11857.242413183456,971.6126332384191,6.016886717423103e-06,0.00013384051734955814,0.07396475394171251,0.009114850214485753,0.043005003282592234
247,-394.54138975829403,786711.135771485,726540.7998445724,120241.42271330468,59785.31396349424,49362.970034954065,16599.24815590561,2198.683551019695,3719.8303072261974,2720.4745486744882,264.1685761356345,191.28117580875042,726.1666538272278,30681.395880131535,13425.737994565112,849.3584454001046,1.6078149291394696e-06,0.00013464396542764906,0.07770735264898798,0.008029876184833765,0.024576188018126697
248,-509.9960992490758,786060.7622822152,727833.8691346769,119106.28882617799,59419.01300163093,48000.00000140182,16779.950674559524,3447.6340778798767,3154.9558637570067,2423.715433332078,202.7743889120393,163.0846711712881,810.4404215794617,29040.856375900934,21601.677825923845,942.5387505939653,5.240753157177504e-06,8.86568376492579e-05,0.07623658268485901,0.012663669231440926,0.02013875167982949
249,-571.1857553037007,766319.6924947717,716286.8783908725,122567.5928299463,57474.851089141266,48000.00000061073,17182.099459818197,2112.050825401476,3629.4551896160324,2688.1381921895036,435.96576506715513,93.03733560800309,672.6136877528485,28058.89284857874,22756.095509797546,1018.5772376833401,2.2368259226190144e-06,5.201247133173249e-05,0.0785074386008007,0.011666904813794345,0.019424465193047604
250,-543.2082088434481,784696.5278459006,743599.5245647503,118329.6738652092,58306.79973727754,53401.41660769123,17136.481205553344,1952.548927740618,3756.358052186157,2573.257485985089,154.1411406724643,134.43391031177393,709.8456777863985,26496.46221424706,30039.12249666366,1250.4443018347342,3.7205628672676388e-06,2.178051709369523e-05,0.09119644118639224,0.011538391803177613,0.023288278851820682
251,-592.1828012323599,800701.0762791121,724290.0807072703,118864.21973115904,60614.071228933484,65728.3039563332,16839.708324008516,3092.5279084851263,3584.492247574303,2664.4699238203048,218.91093839444386,231.15782708172384,920.0985412712118,29208.1463649989,21400.03610017616,1326.8553093314317,2.2391672886357618e-06,7.187680034942523e-05,0.07705071082118924,0.014084741069676889,0.025331998848722115
252,-503.6728337228426,784204.7480300651,733955.3731193087,117205.8167110099,65755.81682959173,48514.039653045846,16957.00144201623,2222.8352727456427,3284.761008706721,2556.9132668824395,118.80935121189111,516.4383523147363,1182.7780366086586,28853.221606927804,16499.28385253043,937.4216820512524,3.3024960489058867e-06,9.662432239499246e-05,0.09207252961321001,0.010664076348110823,0.022568696526112823
253,-475.395694625858,783230.9748762061,758498.8674137744,118292.80789602452,59521.93922689022,52991.312768830045,17188.45677273467,1084.7335771602432,3519.405215974383,2742.3352330087178,176.55692444959342,160.03923661840926,793.8778622638023,31604.010997869977,12794.72710203045,838.0433428726275,3.498148000903486e-06,0.00013445101162350484,0.07562695703166768,0.01286064423051406,0.03123669975664935
254,-469.360264973156,757052.9682258288,680352.8079146786,118368.354221972,62503.83693045998,60184.44944440809,17595.80036987165,2766.054561194541,3943.296472503215,2664.9982741177987,168.0774292204056,403.4692008119861,1032.9438571684943,29856.101829626405,11912.527394882138,1057.6195825913614,1.0568220089458618e-06,0.00013029330567300977,0.09434625128571786,0.009630053227036833,0.02842764576809235
255,-408.18970774716513,803091.5056686666,692341.0599239316,115837.85403551994,61577.424966227765,49540.27476275206,16679.53486620806,3725.688934355526,3882.6829324615537,2522.8660007729072,34.16893836487943,244.3417136930355,926.5628327366153,28274.02602737726,28332.137057319203,1030.6518728550157,9.447687701523979e-07,7.60180213069772e-05,0.12156333969426938,0.010736425324948699,0.021418525693413088
256,-575.8285001368647,808514.2186238791,788177.9601358258,118874.78937829372,61997.96820469829,48000.00000001984,16738.140014018827,953.383284303968,3513.942544115818,2421.3224296006947,201.4523732732548,337.62956267554824,851.8785941976699,29546.849090454652,19616.681630942123,975.4743905216646,4.279901982551606e-06,8.518886165079912e-05,0.08571550329517005,0.013256992714033706,0.015032239105536551
257,-526.6895373315695,810185.1383997605,763398.6792956679,118064.72958133195,62215.808953417654,109999.99999819521,16482.84484937351,2036.7372638175448,3443.6199890763487,2615.11680331837,134.43392963213063,323.1980623318165,926.5313512174032,27077.69638899973,45469.48729752466,2243.823370165244,3.223264010471046e-06,4.953839485383833e-05,0.08195746333211236,0.009391350353347292,0.022567306756073234
258,-578.5702371963025,780397.238411271,703687.2852259628,117208.73717557076,58845.734719822016,48000.000000735046,17317.998711509976,2977.566467085765,3675.0473026208097,2589.354228161327,91.32606710507285,133.48488388025103,741.056150568583,31409.57314423118,9218.369584403372,761.236311599644,1.700647095792515e-06,0.00017380525928121113,0.0931244183314209,0.01346356999481047,0.025978814623565483
259,-565.7214359276819,779061.3703533916,710123.5755853745,117926.4518181931,66260.22769792422,48000.00000248102,16867.939274776887,2957.0755085579626,3571.9723197444678,2553.5196673117043,154.66130542942773,615.5730824411371,1124.097266772778,28351.226174354626,20224.517775894936,964.0998097740473,2.749513146171985e-06,7.59506506118269e-05,0.08914198485324114,0.008645905093573924,0.019935737205361216
260,-501.9999669781955,787673.6862415513,748400.110568341,118908.50228458612,60994.44436274655,50834.784807111326,16956.06365278763,1869.0734551153269,3407.5419763355044,2795.1664975829326,161.39007027522408,253.08280335345341,823.3818481753358,28102.013412590462,24559.247120004795,1032.6820101656565,3.698503118159354e-06,7.354439856689849e-05,0.0768610013884985,0.006457613334946795,0.02590874458675816
261,-496.5749140478117,746808.1550065412,719761.4236276969,119199.29143998373,59289.70283205455,48000.00000050731,17529.934980213453,1580.5249235440037,3041.190335051079,2406.4473141766584,195.23048395662425,162.27362256706934,808.0907662774715,30412.815227828443,10754.440807705887,797.2361385405478,5.379797340641116e-06,0.0001599194235153453,0.07544208580799538,0.01286370280200209,0.03651622890008536
262,-468.1922276896434,794346.4518273296,768117.1556262053,117456.66212331486,57679.429613293505,48000.000000480024,16977.737205457077,1117.2097888864407,3600.142560940689,2792.2857369696967,108.29315699091337,100.71939494983533,685.0188289252787,31605.9988339681,12305.737077303615,872.8657547377343,2.8022835215934e-06,0.00011367533925074014,0.07165610821090271,0.010192550822456911,0.02345994337830711
263,-522.8437803509032,793121.5973529833,696775.565155201,117373.2780005272,60370.786029522176,57578.879785158184,16845.034853737223,5690.858150996898,2947.8118071479626,2303.6996218846116,88.63994780771505,237.95783226517864,903.369535835598,32410.130815236647,11967.713759105638,939.5609669398017,6.0019508734151515e-06,0.00015485199774400603,0.08707591014052322,0.015293609807036855,0.03373336171152606
264,-614.1996036189569,814971.7364175777,770793.0182869299,117864.66051109727,63340.887770826695,54628.13257193983,16497.753963197407,2376.3356047665707,3307.1905742205527,2203.6031388324027,118.05600992254273,354.34739372912225,866.3071986957607,28149.174644913164,56482.039593121626,1307.317868840164,4.98909637049856e-06,2.102564286979697e-05,0.10005683008030952,0.016658768848245523,0.012712316477964333
265,-576.7662858650416,835837.4978385369,780663.3550831986,120381.322292382,59740.0044842333,51457.16637121926,16322.645087359064,2216.726017537776,3632.59049970345,2497.9633335793615,314.7517113137645,164.90148069072958,827.2972595709256,29631.257810198465,28082.368757549237,1108.8976612816882,3.02981304338989e-06,5.365704284466991e-05,0.08460219262796774,0.018566536986898977,0.020048100822984586
266,-479.6476140349797,774356.7319880582,728667.8462012677,120569.86452085502,59965.32185161485,48000.000000558466,17595.617833010474,1774.3737917927908,3703.7435141038,2661.6386251133017,297.19425052688376,193.95368676736146,979.4773049953833,29934.886567105787,12654.27552027119,841.4746286608136,2.0871404264094936e-06,0.00012877025677981624,0.08120577190143125,0.010255223617227647,0.031313952944140896
267,-536.7651341679245,800802.4708097993,741856.3717134534,121194.21336665488,58001.31066744357,48000.000000999884,16721.236242945557,2080.896543863217,3683.931167312085,2582.9553783449014,314.7600489969936,146.71611494648243,788.6824912555138,27456.800161122846,26551.83023014915,1109.738661639343,1.6541863365061212e-06,4.8986000129267346e-05,0.09247849403486201,0.011341023231560493,0.01860068495231122
268,-499.01782288009434,772643.0335167069,690477.8709705132,118244.92165585147,60055.04084082847,48432.95941602273,16890.350712940886,3275.320340953041,3601.0704872896868,2486.0020077752984,169.0603297292665,197.3862559357952,993.7269148621632,26354.822958394503,27137.53777021168,1156.9948025464523,2.335019162661782e-06,1.697446751462908e-05,0.10404259761322512,0.013279571744371006,0.018667092540589424
269,-668.4353412760255,714916.3326620416,651807.3725918393,120185.6076720939,59946.8977138248,48282.90544714118,18280.014237710235,2448.2300797798653,3280.5096421229982,2592.514025602959,246.7332095660779,263.4852584519475,687.6670792872411,26022.565384561203,21514.593408611086,975.8743496535386,1.4340271755366262e-06,8.836083240935564e-05,0.08865585004733893,0.011765344633980704,0.022097427288840784
270,-604.34180115305,773396.9819955062,733881.2190092456,120927.29981863186,61235.0411359604,55794.00916787315,17498.689581194252,1668.06083003481,3553.6994821898593,2466.9612671238388,338.06103197688185,243.79613833937614,799.8320142343398,28806.518885366873,17353.10813362421,1101.513025763897,2.786586632490481e-06,9.354327042706127e-05,0.09006721691436374,0.01358142554376638,0.01620412607391528
271,-575.3375948881907,693373.767228671,664476.8331087128,117821.5278573675,62135.29459596414,52129.33405720489,18482.765519224118,1221.7611708078277,3563.460590227147,2431.0371851242376,162.7235080701005,361.2057867850231,861.7056920581224,28057.438435232456,12735.427441437063,883.1350224729789,2.9273397049975036e-06,0.00013784099090931271,0.09188170713328453,0.014991509517381636,0.028713887974759645
272,-503.66435291387336,779538.577123676,710886.7663600927,116851.09919894452,63555.31232900731,48000.000000376254,16911.461850611853,2692.9335246063456,3567.157336894416,2501.4835322175686,77.0160060875059,367.19350491585556,995.4234940079647,28460.804463624398,18683.630656544898,983.492902715587,2.532958844789954e-06,6.991396508771795e-05,0.08921049425041234,0.012064030686318969,0.020869007188295007
273,-460.5300392488019,764980.9676145753,693646.2677825101,118599.77894892583,59852.08914015046,48000.00000045751,17050.772378253787,2901.1138144438223,3716.937862928865,2522.5410665825116,196.81209675762292,187.02550186795432,722.9381169377856,30147.295104691428,16246.80273879509,885.2276007665123,2.176905233912351e-06,0.00012022076570738714,0.09244619890423739,0.011886408992605775,0.02457682234406005
274,-483.95972231004123,755980.4649512324,705730.1721132393,118629.98059155412,61625.11365283841,55464.37021744758,17216.953183312646,2676.9065998571664,3474.69454945491,2560.32474688512,171.27347720961373,265.55152200144335,942.8540280970054,27625.828181309345,19313.30895971839,994.0428810700438,5.21388889387456e-06,9.904600676226055e-05,0.08108058408372307,0.009100356458111756,0.02571167990689447
275,-591.2817824831587,758128.6075138694,636568.9350902154,121514.47930462788,58905.87066161316,48000.0000008528,17238.715129292294,5029.459679594896,3550.5878075200408,2607.7531953489893,427.6132359544149,166.49608132092632,616.0429963893621,31505.05072080018,10432.157904461505,812.1615454973175,1.785838058973622e-06,0.0001690658176998084,0.08219345995937526,0.014172762926525936,0.016346955455407586
276,-436.13402077917715,798429.8350422035,772364.8142308407,119279.0995054686,58071.53237132442,50154.00243122789,16751.014991277545,1502.1543688970735,3353.1434967490172,2571.883198651879,204.08150947296195,108.08858700202829,690.5827816879066,31147.071081542563,16704.44179979552,922.0521410294308,4.878432446043443e-06,0.00011751079444430646,0.07232143125638006,0.008849558256868844,0.02284949959641136
277,-525.8793666716948,790797.6084227137,733168.9725464325,116767.95824302064,58808.87490295416,56744.4442645895,17023.991232913406,2491.487612831946,3592.488453736837,2645.3975649447016,68.89130626857688,133.89271216772315,730.881619846643,28815.62613425221,21658.9645743328,1181.6680345957914,3.2061111188430582e-06,7.238460487985943e-05,0.08585516593373035,0.0117737377021519,0.01618353928559248
278,-559.8975216392599,752063.7042383025,689369.7093216287,122449.2723197347,59537.608279195556,54211.89738428046,17533.4341180022,2109.6556473722576,3916.183116900222,2526.359099211005,516.1168047227931,189.704335578261,815.517858203064,27257.818214325383,29598.298632101203,1109.2149576282516,5.498031540070505e-07,6.93538310127136e-05,0.09476969763802148,0.016917579496368223,0.019430975764208568
279,-519.9919174549136,776509.805680597,749891.4543269224,117460.78405325419,59405.82178637568,50425.268569792985,17255.1859098925,1535.8309412463577,3323.9398580150496,2572.5531200899886,143.72335207387454,186.70904249754898,801.1927150050824,30156.343117166358,14407.847266319373,852.1347273330199,5.355752824630043e-06,0.000139049150623207,0.07763227363030048,0.00981395614593558,0.027373869834522203
280,-550.8740520577683,781147.2095434455,699667.5446799911,117708.30890450752,60375.5164943256,48000.00000014254,17297.774737889937,2619.99251755916,3890.109976976922,2402.5720296867034,136.09499756887635,213.99559808850478,690.1528347667196,26672.387908996232,27580.29876260741,1113.3321034151818,7.650780061410145e-07,4.3258432976989634e-05,0.11577836460157281,0.015175254885133601,0.019670778383154522
281,-707.987522964818,785203.1087790965,722759.7001435295,120568.51807807696,61861.77347612176,51168.22059299156,17143.246381629822,3186.7177378613983,3322.708085351183,2398.9499297078482,308.64418960230836,288.01382041548567,1001.7356077062931,28552.171705940298,17129.528246922175,1120.695102010067,4.054943789991027e-06,5.321710204084524e-05,0.09463038102392939,0.013973045179627802,0.018397127715440123
282,-634.5716859999206,765911.0347826101,695614.1716747049,117077.2200854444,65554.42550093196,48000.000000004926,17029.943174875152,2881.5008975090186,3543.086139202829,2371.6885053298956,88.71742110818509,467.81896320363546,1097.4085874158488,28403.23472397004,13600.52819606157,923.9246718804625,2.5364352707106456e-06,0.0001068043653237578,0.10810412652968181,0.012306066042304938,0.01336564323872414
283,-479.20842087835956,787985.3317185626,720858.8012669621,122499.90096407625,60292.01318697422,50520.41899846714,17322.765643997085,2918.1349531109554,3361.715105344877,2643.5521678092423,493.11009150267716,196.18057928743255,803.31521354445,30922.25594792351,14360.547474652198,916.2536123148788,2.173333807207769e-06,0.00012437044941471218,0.07551777131554735,0.01606999803396358,0.029856385485974697
284,-539.9022266954272,740794.4917627284,706151.5762497749,117734.61362200689,62979.6054892004,48000.00000063299,17897.057969659367,1082.9496207699867,4335.586951609833,2588.874300912231,165.58797778135235,389.4559495743887,1218.2685550270958,25647.134921863235,101791.64969599889,1143.443870785958,4.8254941172484676e-08,3.73328579909844e-05,0.12212046022793964,0.007949225605267,0.011533043756582472
285,-425.67811454401163,798695.1563429369,721107.3226710998,117654.11677346546,62178.81616170156,48000.00000329223,16490.422996316793,2874.2744707261086,3605.700156115376,2603.487027985484,114.46166413393796,288.9537983868458,751.1744375130666,26994.264584185723,28318.113236413737,1068.8640238238097,1.6286996650658552e-06,4.857987656514828e-05,0.09721661523256192,0.0108511389566756,0.02048964653963428
286,-390.62357519913655,763282.0366189901,721667.8047538934,116924.75030344004,65029.05693766483,48000.00000068107,17244.759012938146,1550.1461592123774,3830.749852051608,2558.725242798245,98.90752268662477,351.29370942466016,1167.212063277165,28342.98728796797,15376.653210101227,888.7922276087377,1.7778397205306223e-06,9.693162297629696e-05,0.09652149981725572,0.00844399248970532,0.012210883364763574
287,-428.1512248629357,797906.4163558793,752535.7171702654,119536.58281487673,59611.105216727025,48912.69085951133,16628.91706795595,2393.258739856074,3297.1984218162047,2476.439097289203,267.3546153547101,170.50496696184683,767.7906916130029,30774.604314503085,14136.08772041197,898.8858203276035,4.703247950821268e-06,0.00011385196300689152,0.07339523879283329,0.01521963889021216,0.024292333806670802
288,-450.75286006956,784187.6820659402,678400.2230603828,127212.61575566443,60396.24269642972,53355.63965799255,17014.31483524969,3905.0533637905237,3721.4873228848573,2814.620641758771,840.0754229111029,208.90217158018172,953.1501200522988,31360.944644695126,11510.359782085252,865.0956402349121,8.23863345381304e-07,0.00014179873076959645,0.07036276329394474,0.011732197222789065,0.0349077464099876
289,-529.2154202981086,783487.9216878123,731826.1234578214,119815.42810081445,59467.10601281578,57711.997436428035,17363.606192824984,1926.8556073043592,3697.371976221161,2656.347457666141,256.19662459358193,199.31609543084534,796.4653562711295,31618.391141058863,13782.54715692793,961.5320916562871,1.7742603224800627e-06,0.00012340876165573328,0.08944195629895867,0.011081865393336976,0.021710533038842468
290,-387.57172122985753,777970.1475729946,689369.4849632788,116033.71761497685,67313.66343783961,48314.18711212487,16924.921123214524,3454.910424333156,3415.1212766355097,2127.78264163916,53.97640528631947,550.8968664705734,1132.6780854129404,27006.307099888018,32922.38774053384,1201.909930360621,3.0548989506094516e-06,2.3532900633666154e-05,0.11409029949171007,0.01664543919609428,0.01212323970280161
291,-426.31416489852126,795462.218576498,721989.0180406664,116127.15961237632,64907.67908878707,48000.00000044097,17035.991860804374,2887.8145262387197,3721.783242824029,2494.579762479616,41.34985328832802,494.3604858184936,961.3096933938394,30357.09477780633,12129.165727027603,853.14610774785,2.9946665261049696e-06,0.00013094445245204984,0.10945457080439314,0.005968408621132998,0.02659233371849855
292,-385.1175061756846,774511.7614989363,738852.7270392757,118050.72633167081,62043.635005704484,48000.00000186064,17185.78304986455,1729.00992342143,3387.7932003093188,2582.34980553075,141.28119734778355,330.73635531032403,959.2690941779517,28918.99445458625,13917.119502422285,830.0510164254249,4.123119113687527e-06,0.00014322184391321396,0.08450901449353658,0.009925782994930172,0.03783174548793092
293,-584.0525835315937,797042.7021874826,762584.8118096995,118904.67566747757,62407.29349207275,48015.17675576414,17137.415434320414,1529.4101845692699,3578.7484426303076,2612.9068874674176,222.85794955482658,285.44311024036296,865.712562748917,30219.056746564158,12926.639167996667,843.1873696052165,3.6568529791466814e-06,0.00010845665037598903,0.08678464198013784,0.009770676469770935,0.026508624826551
294,-526.5457862223643,741421.9064163988,680181.5218029809,116832.36716400109,63166.46557695797,49285.05127778685,17451.342905678684,3035.0368818687894,3267.836705796548,2397.7710742258378,86.50973301181041,334.9787020930496,878.566647909949,28536.736825139436,13535.144300361759,875.6819749866938,4.629135677047966e-06,9.640335550144334e-05,0.08832531087973466,0.013473870374560966,0.023794488041031365
295,-512.9238979408461,735090.7449636312,713148.3209637706,119214.69524454928,61314.08918479691,49033.518321412805,17444.40392697814,1196.7679070654146,3275.8464678051087,2479.75324135619,236.35971874254795,277.3263182569391,930.9392354795473,28952.627901085623,13493.183561630658,865.0304759887885,4.071699861361266e-06,0.00011741085741160221,0.06855219576924024,0.016726532094112942,0.014247636917087782
296,-487.29968627265555,744694.9994990074,669891.1697729692,118075.93647979567,59968.36376609551,48847.228421955086,17839.108245787116,2481.0782699073948,3854.6967901760113,2655.1379559696024,165.5918800406641,221.4967481016183,745.5601454053282,29313.21081350827,12844.41936824062,851.1550059724666,4.6562722791747106e-07,0.00011947486588853516,0.11231280112956657,0.008127339557759534,0.026269325316438302
297,-532.1060768541792,798706.8563822685,757307.7636718352,119852.69558493643,63078.64607689361,56443.917611210694,16753.945669896235,1711.8543584610545,3821.1514190172766,2685.926431801127,329.8781941567375,337.6842544658742,994.7386254402635,27615.937800610016,41817.03768067957,1240.8421558778525,2.362459948924256e-06,3.2157655395822016e-05,0.08203366119830192,0.01029406988301199,0.013783580635635917
298,-611.0153444464448,763364.1126523243,698289.1945987238,120455.10187798705,63693.94711419085,59851.7670184419,17564.811689013055,2352.7893206728622,3955.5338477791097,2579.6650395586325,286.96690457860296,324.7014463564828,1004.7331013666683,28879.950237452984,16880.446750691575,1149.2545371589758,1.3778836669453633e-06,0.0001033189775302874,0.08740939070131647,0.012239648683733555,0.03075408067273113
299,-495.0608153098758,764664.5088360637,691074.4975970517,119551.41529442168,60631.002292948535,57296.31616495136,17084.061466055773,3232.728831752512,3541.137102503919,2485.9566423213087,212.99739170687172,245.82145685099937,902.0909176938676,29180.194942350667,18897.847617188934,1046.9500743729714,3.130845403972774e-06,9.606343049989445e-05,0.08227970120963808,0.010254501224980173,0.027009513423789225
300,-440.84942402342205,773385.0364057128,743744.2317584957,119762.76861401793,58693.65173428706,57381.186320515415,17433.018508485802,1582.9686361168303,3330.010234722204,2734.6751369258404,291.9891836543627,146.24857304964763,793.3277061771241,27843.802241978938,19465.428686732896,1134.911964119765,4.318046718529953e-06,9.680268675397378e-05,0.06639678476492172,0.012347748354732981,0.03510746288256961
301,-609.5692257045957,786108.2419759169,751116.2708160892,120368.61845898225,59992.09357984553,48308.12586602781,16959.16361302677,1335.219801676231,3886.605416033399,2901.5784110682102,294.5642572517375,181.41719732590042,775.0228657364136,32228.130818324906,14193.579061479331,782.8481310922359,1.8990968588257527e-06,0.00015870846580836773,0.06586816973782131,0.006732512471042597,0.04035224641374374
302,-494.19655239059654,741804.1072712556,716428.0627404243,118457.44303591443,62047.38031039956,48000.00000026899,17790.506146860866,981.3195512488173,3757.337709974187,2749.1097126734962,177.75928225956216,383.0481075557011,918.2433250411027,26860.376320303563,24998.06711201632,991.9911963487353,1.2406133264622442e-06,5.658352671018118e-05,0.09200379998374597,0.006789613104646805,0.024495831149113075
303,-437.65857125145163,786203.5082779797,747556.9430108988,117455.74962279829,63458.05463108119,48000.00000011483,16909.333059702116,1427.4269941820396,3777.9987894959113,2423.8768223467027,136.84575552738409,410.1930079026055,1159.440900724186,28919.47160004008,12431.843484926309,919.0409766334564,1.9536726240904697e-06,0.00010427402920350512,0.10757385060006193,0.011872043379499911,0.015095929883529086
304,-548.9694462824491,809483.6174569239,726674.2365310844,118175.42202430923,63219.14572220752,51309.3963196879,16694.005072358046,4711.293354521906,3263.2397659030207,2298.275576299323,151.8491503031015,484.9390758347117,988.4864045482399,29639.530008098078,14938.915219778111,1011.3273829499947,5.5517793080595115e-06,0.00011044312837210678,0.09324454098573956,0.014333916299225233,0.029564689228660165
305,-411.5823706331971,820226.688567886,745225.4669824472,118600.4271283903,60230.78578234751,52762.653692178654,16641.189972780634,2741.9266960563123,3579.2918915761247,2717.6742931443614,165.1793170396521,216.68163620598366,775.3272080198868,28014.653703523716,28311.324519962494,1159.218647702389,1.7406804032601222e-06,4.1851951468475334e-05,0.08838683564075546,0.010938963684544029,0.03135020392815884
306,-473.5780750484197,795735.2677449601,664766.0903238773,116984.76235558806,60213.8431767951,52338.6450558495,17129.66902520033,4847.183274697672,3646.9793119342708,2638.573623535549,89.90515463404394,226.30112652434147,940.2551188261046,29574.430738925766,22535.68974954293,1048.4503235716797,1.1222412639899148e-06,7.346629308888873e-05,0.10205108458309328,0.008554119097070234,0.01937153335322133
307,-569.9042611036517,775673.5611834432,732132.982523861,117921.72840084916,61052.46249197903,48000.0000208583,16983.06854982441,2365.371097011155,3351.6050244855714,2501.0601823566894,126.81194314330982,267.3327563132033,779.9627197530008,26767.79436500428,25139.77981395983,1090.2911044994873,4.8532702283098774e-06,3.650722584445039e-05,0.08353313597815641,0.013067742445294418,0.01664597341922671
308,-545.3870390519644,805136.3764782746,778661.2358012738,118352.37202848496,62018.552745541245,57523.12255908584,16779.797309234687,962.4150608093864,3719.934254792314,2751.4166429049214,160.26164875127373,302.959105234436,965.5176204138766,27810.871474331663,51118.5147995359,1283.0305349067705,1.8795933862305144e-06,4.3794736402129035e-05,0.08282832052513661,0.011715897846554803,0.02857388497297156
309,-545.5880202123958,791926.0651858472,746117.9768330718,117436.11960573976,60413.778181114634,49681.064011871924,16704.881017299136,1869.5982557085467,3504.3609088392545,2702.251526279895,109.7657551492019,216.9591755509403,779.527151322261,30359.67890084562,14454.444415448563,952.9547138357634,2.9704631881512806e-06,0.00010840453600547345,0.08251026305846437,0.010471935516058292,0.034889048703532606
310,-404.8239033162456,777868.7396989656,727137.9281598203,117975.89521419207,60504.201157256444,48000.000000154134,17185.556825380532,1680.9526121183053,3903.7731476647264,2691.8230211861655,145.1704142197503,224.5401062470069,891.7507579612416,28267.032539434324,16218.43887949496,882.9776831989711,8.284197695543802e-07,0.00012671343964961397,0.09297103912770226,0.007540526170493544,0.02047107375972959
311,-506.9596017784272,771930.4754760943,720520.8415613639,118176.45840628652,59982.780766477015,49157.266252243804,17494.737807551053,3169.1617384336178,3382.2312450813865,2600.7793269458643,157.7489755142322,223.52848772003833,857.7907140629083,30972.98189761914,13987.816685186492,866.3488273691611,5.394645829508433e-06,0.00015350614986692047,0.06235528330668523,0.015364378774441032,0.030089580082657424
312,-573.0459941603808,795754.8579207503,705011.646958513,117942.85220485766,60453.5793325919,48000.00000046041,16891.073551915968,3335.799882913283,3645.7059307382597,2631.681647230221,166.98737547898452,200.9720331377447,957.2168339943537,30541.6964515091,17412.229349904657,848.6924176488661,1.8355911930051806e-06,0.00013743322549146354,0.09790446388161968,0.009029327219758012,0.030919464768399182
313,-525.1674768016213,820282.0640593969,728218.676066104,117508.35862328195,59928.35806717906,49184.39520625856,16270.69643174508,4617.452814117047,3191.7803546710743,2401.739701228516,120.22556183743616,179.555539717489,847.5996399307079,32263.436461298374,14020.16086834833,860.2601163701814,4.392511632097872e-06,0.0001242118454767831,0.0872576005307616,0.016361929237948155,0.022912025311962975
314,-395.63345440764306,828279.6242482662,752443.0377242401,118941.27745985989,61667.13618034982,48000.00000009863,16156.294019970728,2986.9920642442194,3447.384111285424,2768.7817520746416,221.43952505042344,303.02164099707863,968.8802841263838,29258.496636017444,20145.865673911107,965.1176102153153,2.5584978477589577e-06,8.461152415605755e-05,0.08068685247667035,0.010718691559731978,0.02574599008200582
315,-610.737330972526,799239.1455633427,754526.3664800393,119321.90415179286,59019.767690106455,48000.00000055036,16782.117393696564,2153.7432134202127,3213.6125878253993,2554.9534689674088,223.98858626413707,173.56676391281363,734.5115831597388,28195.459847237868,43161.473585537,1000.7874253653634,3.98154989094357e-06,6.465551627436053e-05,0.07944532631021055,0.01123775268413926,0.025013605696918358
316,-715.7568264649536,763811.4994256303,701786.4049235183,118067.1200818628,65553.75265802654,48210.677599226176,17509.56425563952,2434.2842057006806,3639.069615873657,2625.0175968225735,137.82480450674635,520.5596115678413,1364.3663223300541,27766.21043420698,16845.355285851976,966.4994547557443,1.7797747314034048e-06,8.115681692677236e-05,0.09650181554803153,0.010314488755220614,0.028906401143167445
317,-375.1336049567284,780844.681807799,734107.7655081208,117501.66013597543,62446.90390550504,55359.73039697686,16933.33962688389,1630.3762100598306,3966.6447319324307,2451.4211926034677,161.2365192552133,316.61345831128835,1053.2724562097717,30313.90562659688,14397.419571953897,1012.0370174865111,1.7778511093183365e-06,0.00013368049299961656,0.10533655746609193,0.011750771519575355,0.025081725278541446
318,-595.0460985882426,798596.5852462399,720695.6226209919,118219.69650616155,61238.334166609755,81485.38847021987,16715.193849749303,3112.1265523988804,3467.5858508599936,2761.1807053505063,151.37794673028694,240.65592804065022,865.6812531239893,29921.17913214804,22716.835098653144,1395.8811474558738,2.021880491162138e-06,8.591313279533887e-05,0.07071607836313842,0.009742126968969388,0.029674399874105948
319,-474.30192837599503,798697.1832568643,760902.6642290864,119404.8222248752,60321.394229813,56911.78112486913,16892.310815130288,1885.3286218623243,3405.751124529512,2524.158214704636,261.02761822443074,206.657362630922,799.4045598163217,29415.50630719669,19880.864445885967,1131.9129903647633,4.231647786487176e-06,0.00010450108246277188,0.08055890169895062,0.013735853034968472,0.02300489000944045
320,-490.6638300473214,779922.5939026607,750370.0013423625,119409.93619456326,61591.96407452972,54541.88116571036,17070.411804685795,1470.9331524390104,3526.439168297025,2556.155271116109,234.51443497466255,303.14671424963024,890.7960565290294,29707.29807015097,18121.545340958743,989.8300625029387,3.95760931700807e-06,0.00010764576147501849,0.09028737881586653,0.009992403417717092,0.02228659846401639
321,-432.55087333523437,775316.7077304331,719629.0928010548,118036.54099444208,64443.2810796387,55825.98474223888,17224.398763473473,2385.902496839305,3632.6829785952186,2549.351006990257,147.5869143675164,444.76741588491205,891.6648645798502,28448.590947659388,18168.616106890913,1113.1694921677392,3.0982414141187273e-06,6.990906622433031e-05,0.09357718640412702,0.010024633730250546,0.02276998135702065
322,-363.5607523894337,797014.1269934385,712426.8178665173,119253.30715673437,59704.52971374438,51738.42729157293,16829.656013502117,3597.80228161415,3439.374645515758,2744.183902928699,219.28674498781177,245.47859290743835,831.881705228019,29396.866390953914,17111.415756862698,997.9999531530106,2.5719622442073714e-06,9.838707451981022e-05,0.08168577151172418,0.008005737517535652,0.026239029737198917
323,-472.2787716638763,777867.9329896034,731557.9294144387,117927.39361503153,62031.27721060432,48000.000000379325,17044.71567079957,1956.414658354524,3678.279647127025,2495.829545530044,191.0716090855301,292.3921935254383,1092.8448933589364,28485.166965124718,17757.022384333515,896.3966793454899,3.3582861438947636e-06,0.00010438571916230359,0.08873856058274648,0.012284782090605142,0.025542055015561303
324,-608.3391896469473,759144.8253059248,686891.6610129243,118665.02367939628,63215.995728289636,53709.40633443712,17280.704328535063,2936.7254654994695,3472.41322994147,2404.2544708323358,217.23249349572305,357.96200012380507,1098.6958660921018,27397.009185264847,25406.37436282137,1176.9774702280793,2.2092305321972216e-06,5.4784034548024797e-05,0.09114763605548075,0.01755859700278663,0.025335004222154307
325,-532.830040858667,803569.7777853869,737977.410276413,118150.84287336135,59405.68749181975,48000.00000025356,16701.860541978233,3426.7745451193105,3492.201456032515,2532.0860137948666,188.0636213226934,161.35909137528634,630.8341651389081,28238.46737234505,37241.26658477917,1102.538433428567,4.779856609121299e-06,4.8170049886747864e-05,0.07415349816539048,0.014331661338981621,0.020299641071653322
326,-503.99473879880645,801889.6643833483,755828.8515142523,119464.8603865457,63589.86793324919,57455.59066858957,16670.01288496637,1839.3577537846884,3777.3302255290437,2504.70504449328,255.13476793256436,486.2557827648426,1068.644321141674,28950.673750836755,22390.59605621251,1134.1215243038803,2.732069622918739e-06,7.699977314130887e-05,0.10077329621687216,0.009844303134503657,0.02851436626884159
327,-437.8744367552718,802780.3018258113,700037.6578339062,118249.54535537255,58316.044218730254,48000.00000147063,16855.34989156514,4603.509685877876,3659.273705694786,2481.6320533900607,127.49145732364995,122.33320768365125,635.9789874944844,29540.18432762976,13993.800891766126,1009.0976017850927,3.650072827397193e-06,7.247485596563978e-05,0.10137963315995119,0.01216570076625667,0.014397984813384524
328,-581.0101078706924,763368.4364541451,700373.6862624286,116102.0059886409,64405.63028957324,48000.00000025407,17409.207348577987,2539.5151538600585,3469.696120454095,2476.9344043063043,61.27177588783756,412.96946415095385,918.6351594448673,30553.112088998947,13434.56735112528,822.1404005111181,2.6066915468866093e-06,0.00012881658233628528,0.09701771418173007,0.011180937314724549,0.023874301044219465
329,-472.202650464212,813572.6343828472,801215.7927075854,119998.6078170141,62040.267170046354,66757.81330032556,16426.293211812157,581.5506214761485,3438.7501740759517,2554.279118964153,223.79871972162942,276.8697720791714,786.4189703409281,31867.913105024883,15081.254562050712,1191.4132491975693,4.144921964073012e-06,0.00011380857365827563,0.08208711416272005,0.01025551815315487,0.02131718521677154
330,-544.9330143267974,755159.6760681119,717129.1759301855,117283.74623533539,59875.84224842739,48000.000000491535,17573.660788185956,1600.855807799799,3897.1363555065595,2627.8598334920684,109.21425691082085,242.60731187238028,877.4818513673856,28567.344889227224,16823.99499643418,874.320788755309,3.1890440330796857e-06,0.0001297010757626841,0.08277658988212526,0.009140409298315671,0.03118041216119086
331,-472.5343026292495,779211.0624409012,615101.5294944723,117205.4232496753,65003.429962311275,48000.000002986046,16834.31972851271,6596.456122950511,3547.7828861666244,2321.257527049972,153.73487029482675,445.5912459268473,1007.873611641787,27686.424639638244,23782.39480278941,950.0257205535823,2.1807957289150854e-06,7.401731667329998e-05,0.10640060001600848,0.011969275600480223,0.01542304475915474
332,-610.9597272251207,714234.0049321118,636416.5595042193,120243.2422803379,57162.2259446851,48000.000000021806,18084.379796540845,3430.605910716322,3447.31196737535,2456.2339350053335,390.219513721582,82.03396502402609,618.5861121432167,25780.190154749198,24421.025142291193,1051.9356113663084,2.95357307535103e-06,4.166953386137462e-05,0.07262190112539625,0.01848910653101067,0.01874973173796201
333,-607.98528810159,738174.5043570187,675620.0623239442,116178.26755580862,58935.798792415284,48000.00000065575,17800.8737058858,2508.227686313686,3594.6082371870207,2673.4374633685748,44.46766874937408,129.50848105272152,686.0148465691036,28316.335501267655,19469.518510724647,899.3378149081548,1.631521466017753e-06,8.766336212567426e-05,0.08901989294626203,0.011946809688397281,0.02733602472205978
334,-418.2838814278276,788309.2916857059,750790.9953089545,118396.15862950777,60006.213377840635,56425.014763521605,16650.387176940145,1855.5782990183054,3474.2017536167364,2561.2681902427876,165.11980615165209,195.5412176769706,868.9237606924657,29696.105379912657,12756.12716350379,1095.3081425148123,4.268292992583959e-06,0.00010441234907707543,0.07969002256781971,0.009881213644573983,0.02966137808419728
335,-332.18186837084795,830976.575803763,780763.6302570828,123182.32928716885,62116.04774469981,51365.18861187226,16332.647264240784,2305.3512217750344,3413.8694663423335,2567.4407246278743,342.95051544821024,255.4073511677345,967.3700668396687,31370.409682105863,13730.989133646834,924.358320344558,3.7418401780820107e-06,0.00011028008375767684,0.07884454274244071,0.010383040007490157,0.023973540787417213
336,-574.9154511268252,767351.6790641997,693133.72841932,126770.75662362724,62196.11615611207,48000.00000067579,16928.040478363353,3026.7074421795296,3624.087123186687,2701.6433987669066,732.0531832026289,300.3134498323324,901.7751371388342,27158.193466473484,37448.34827139471,1023.5942732483302,1.9236149219756967e-06,3.936005557080522e-05,0.07195806531231293,0.010417264497398817,0.026026544759581348
337,-787.8616205317956,808288.7463358851,773799.4671303995,117228.23593316574,64150.04098115524,61264.0028108507,16552.092693257106,1639.3100321719746,3342.511228385209,2422.2881050478895,90.32090456070885,420.5080184966525,967.9324207689904,28839.447645181906,21200.126423493923,1191.0740377373284,4.119824293411043e-06,6.61818526995231e-05,0.10409768858156006,0.008732207608963852,0.018613656314683716
338,-422.9474914293039,753006.3903161045,677527.5767389678,120051.05956221676,61143.78025083729,48000.000000174434,17333.24831982343,3019.4946472747647,3587.342815780926,2595.8927832736367,330.9132524871293,246.67395311535182,847.7156630603453,29245.861432599108,15039.28128243495,887.2823988192808,1.8036466767065476e-06,0.00010721677435129645,0.0823549418170126,0.012142451087970402,0.02310699895954399
339,-528.0392679396923,765522.1172060431,746980.4878966341,130148.7464357504,72310.94749517432,48071.60040778244,17411.711731705098,929.8392833845147,3295.366280514374,2477.209938086395,820.4424496345575,723.8105870498155,1707.440336461551,30739.6659508811,10824.303370433034,783.0310849737778,3.835125076562084e-06,0.0001786376366059103,0.06766438590999924,0.010873088051516435,0.04110506829829651
340,-456.3225246765156,781770.4599825143,711349.4798057623,118909.59683897643,67317.5599433215,49498.35549542342,17070.496676522478,2938.875038153281,3588.8241535025854,2152.673191630746,194.1276164485583,533.0234725850643,1081.8061991924242,27458.7489808044,20287.516279556123,1053.665598483706,3.6513790270252413e-06,6.033501805161681e-05,0.11799889479893581,0.015496425611694266,0.009926082063931672
341,-444.1674837303877,771443.6239916323,753419.7397974984,119637.41721466351,61356.9082648148,59118.477742030336,16989.394783771946,791.5538622194518,3441.739256000991,2515.3111307261956,279.3016670309943,279.99199978398343,719.1073763582971,27635.310654873687,23114.91244825036,1170.4560555832445,3.095270189978421e-06,6.521160561945648e-05,0.07665033109325602,0.017355455551377966,0.032095553171498106
342,-632.4329987353442,786443.0063883753,726998.6838633791,118764.39038824908,59878.99097314037,48000.00000186856,16843.898175068272,2578.004015875197,3717.7857264202476,2756.1319181682866,177.60450005508798,191.58359451835545,730.9068423249851,28895.530501197838,20429.95593303029,931.681843343218,2.97129670010382e-06,9.362007277060786e-05,0.07399932481775512,0.009702488227779532,0.035540787360510445
343,-481.62868580859043,800992.0849176098,716901.7043216736,117711.52124554072,59994.53881189991,49873.665588892574,16940.54652754576,3295.110929209623,3730.7737854694683,2679.872898671079,129.33648113815548,217.1526505403247,903.4583261736368,31594.56477853068,10887.385635818817,915.1653775809759,2.4169162247009143e-06,0.00012764501798152218,0.10843178279047365,0.005133181454275658,0.016535328909948563
344,-388.24105750517947,761583.9482737229,710524.0340362452,118510.32236741432,66236.24037951881,48000.00000167117,17424.371083874215,2330.9265586280967,3321.4105441920274,2463.562349960955,218.01673231389412,532.1765242145839,1173.2354803769488,28700.507732744452,16533.94721283063,880.2408332836291,3.5003370177033796e-06,0.0001169595417308704,0.08607562026157446,0.010103042647590894,0.02792782877865563
345,-553.4736746968563,829307.1620560506,773770.1849316033,119003.7501379704,60497.24407434331,48623.309780807045,16046.164613032382,2404.7936657008177,3520.676336519083,2554.8923129305213,193.14806022673997,207.87199922460894,825.3979166160492,30029.014331967905,19143.916757391406,906.6133490589166,4.191638579298561e-06,9.7154868546707e-05,0.08528751930925181,0.014443233363440866,0.022581926812135604
346,-388.7649209454652,833247.4679251558,818089.3311323471,119979.5791351384,62509.30132598028,79318.02381892872,16355.666117909683,663.2516427955278,3493.8063101907296,2494.9787476620295,360.8317686060318,387.3176671021152,1060.484090575916,29180.54737491287,23113.41807732119,1482.3030790874664,4.084899254417773e-06,7.432158429672875e-05,0.07674426059762575,0.013249168864270388,0.02847515471246462
347,-535.0062235240262,779239.866751368,732378.9069873244,123730.53141576824,60679.53786831336,48403.842710782264,17118.133632569505,2300.836353942352,3299.110846904552,2628.7584978199257,424.4353301704588,252.60075308021538,1012.8884394090989,32418.86895434322,11379.011197363883,810.071371187887,4.080035934903581e-06,0.00017493641389302423,0.06611745781397592,0.01290548327221274,0.03474769260657766
348,-506.93988643716847,793926.0604622965,743725.0624832284,119387.67216886826,59924.7386479162,53567.67129136565,16803.245149902858,2267.3595134416973,3499.106025151817,2552.0834403329786,361.8214357180374,232.25101565609185,898.8732666450043,30431.69123181971,17702.581680615443,908.2611406121878,3.1991611544760894e-06,0.0001239766949820022,0.06543665107872991,0.017220354185917993,0.03340075097951652
349,-524.554517797844,755534.083446379,692595.7650086135,128954.2005131276,60881.81351036105,48728.02673820859,17474.902950650547,2365.2897841644753,3675.4850283154856,2774.824749221103,975.0334532258047,220.80976893715652,1128.2401283218164,27550.759960460855,28752.283839332726,1011.2803123971945,7.807297241100708e-07,5.214109203124328e-05,0.07147488047683202,0.011330529107380874,0.02306139542691157
350,-639.2567138395714,778624.1411548642,704063.802704138,120532.40303782072,60670.947377017386,51238.10226681294,17083.79768376681,2945.0623359666038,3551.6439959197814,2516.4487056291446,357.66945268602717,201.92988645696127,821.114715730296,28197.458833657565,18316.96754949409,1054.009352203071,2.6179902059705444e-06,7.011023000771698e-05,0.08909174776045527,0.014047818295611312,0.01965776927181814
351,-501.58107891377887,746641.7280531524,715108.3729427429,121245.45752984435,60269.24828222016,48000.00000022269,18028.252139151347,1356.9485219920546,3587.0442701342104,2692.394901779758,294.83188977485673,222.24181372052252,713.5687638126467,27783.767772840423,21740.015872416163,981.1565116686105,2.8718650100166e-06,8.129870695934563e-05,0.07893303500067739,0.01211330674875774,0.03432238559765953
352,-536.4081924059278,742430.9230554164,701162.871665936,123866.45206087302,57549.994325435866,52227.44190322891,17857.000462938315,1497.421485319974,3937.603341149202,2724.1700354156287,775.0067235832847,108.83300144924436,650.654082440075,29691.59023194603,12598.444105478578,869.9947956873006,5.750624648969249e-07,0.00014416665455724642,0.06887447220189777,0.017334801105503367,0.028464008913447296
353,-549.0961046950063,753317.6553201837,714839.5096129699,119922.94010682043,62180.761239163025,48000.00000025629,17348.587356162112,1465.691675659387,3691.982897484303,2679.64445533874,308.12691683686876,286.0679343081897,915.2215056448707,28494.680898399845,18083.271307563005,901.5342986345702,1.7641166572957915e-06,0.0001042687443879034,0.07971414765446976,0.012356039337830558,0.026227763149441162
354,-657.1489290140842,786326.4731632976,702299.3536880474,118241.22986538694,61478.575186082744,48435.027001226175,17021.20631479418,3381.466501843541,3613.1791763396122,2587.3499912483867,136.84969545123673,265.36452202145705,911.770400619589,27376.868042433227,28037.91872246802,1157.1718329012838,1.9702825703101454e-06,3.449276992786083e-05,0.0949760067606383,0.010591023177911649,0.024735772424623628
355,-447.46171772376755,802915.9632156017,782834.350625963,118176.46571508827,65436.22183550422,48675.3478280237,16491.944385076025,745.7547836327336,3727.331811998674,2718.411380461927,164.16826176953586,460.8297687472556,1070.4012446715456,27830.2380128671,57939.033769441965,1088.2572970054034,1.8271389895420512e-06,6.395357653202406e-05,0.08997725678637708,0.004682516647050915,0.02092890998625362
356,-481.81275826949627,804516.1029971727,758567.9377610509,118491.68267967037,60099.96044929981,48000.00000015209,16827.321043803095,1823.8276528522251,3592.3333390622593,2434.504244523464,168.53535606105598,199.7294935612225,1100.952988894233,31867.06248771479,11327.477352083255,752.7675531524908,2.8967241951720006e-06,0.00015924101984970938,0.0937105665193714,0.015873757420536105,0.03069237585572173
357,-481.10105363535376,813441.708440538,688944.8136156525,116685.46155328164,58169.55551820656,48000.0000003887,16695.72095718276,4743.753705947968,3591.33163732369,2579.6824726143223,77.78540361579763,141.3609434131825,642.6558202368406,31202.834251611213,13376.448066542463,820.9236811131484,1.835898709215679e-06,0.00012912696481125871,0.09708358573718712,0.01437706913847241,0.03091475053429288
358,-627.9735993846886,781014.4258050612,690912.5643903618,120206.82218665024,67093.46037188423,51756.12555666084,17355.666842412225,2775.378258576045,4085.176338123371,2458.826016001772,311.78598458489563,484.67148687136273,1025.0717027947371,25385.461721957705,154047.3347310511,1192.8442497354492,1.0000000031621194e-08,1.0000000110834453e-08,0.11310406056312619,0.008193953949232544,0.009892036153499652
359,-437.3613046490869,798664.8761243667,739258.7761275908,118404.60938718906,64275.2757409537,53399.93835618647,16586.4323276919,2945.2294770772965,3342.1267594790384,2501.5772989065767,153.33894256115695,437.9797150959282,1165.8128889925902,28683.29467252518,21484.818244449576,999.7164440663438,4.18989731904131e-06,9.358261486618367e-05,0.0847606729037344,0.01029386562323019,0.028163448072643274
360,-460.56315955308963,754914.8702236607,699714.5882331185,120094.92996293659,64582.41293632422,49453.901797434126,17557.82952228816,2281.10671819156,3405.78143008073,2670.09034837871,334.172459970319,386.5132202513595,916.4051751444172,27062.717874965627,43029.14641633555,1020.479556889239,1.9623012062315845e-06,5.9281339149522557e-05,0.08853898503211804,0.009269274720351677,0.025414035161986093
361,-483.6383390687892,772040.221587634,738628.4554671419,117090.9837016249,62692.23240251907,48000.00000002087,16890.632968787257,1538.0975427989067,3531.1166810068185,2317.8296905075445,98.07113675192467,354.2164094323505,828.3517820859223,32128.42549786335,10327.730431180691,812.484968500175,3.555346798042674e-06,0.00015265255934696992,0.09593822037263279,0.014318537960337963,0.019874503286090747
362,-403.2976423486158,729986.4495061263,704199.0632024924,116734.73196556143,62227.17057795553,48000.00000007467,17939.485193634235,822.5602199563874,4065.0180084559306,2736.414756898497,76.34802201956047,319.60502100502794,836.9291403588081,27929.125396288488,16088.123963283648,863.762484372637,1.0000000006178293e-08,0.00011541211991241383,0.10389651803727729,0.005553767636911191,0.025914674770147854
363,-513.4057793269101,794687.500592128,761401.123615076,120016.43348164273,62048.65441412795,51573.499863896395,16982.108129261265,1545.9282513930393,3507.051197136459,2488.9917726896692,212.20230737340805,358.08835666986096,832.0707986655291,29124.798932012483,15963.296288572314,1020.1184116224218,3.7824667822927975e-06,0.00010320449645742229,0.08700590694428269,0.011133683096127155,0.024095785398271036
364,-487.84028290706954,796810.6746780829,744943.0743097748,119667.67880160567,62533.31404424696,48000.00000061738,16677.179583863857,2394.024014776453,3441.271601310792,2636.4199840884494,272.14476991365,281.8016118366735,885.0480402810315,28657.976908833793,31047.274605118975,995.8912588230814,3.497846423252406e-06,5.912184015563439e-05,0.07785448936520399,0.01362658237962072,0.027702386895202113
365,-502.61460126834623,766502.3056959772,697852.4452621513,119711.96196627009,61943.934006289535,51764.225100717005,17313.96751076266,3423.3982107471434,3308.957583450477,2421.84275240024,320.9161727166733,291.1260851997322,943.1993389169645,28030.182082371815,19791.061158876833,1022.1895643421001,4.389750150857444e-06,9.302843988040108e-05,0.08946875403225085,0.011797585589650524,0.03642336503496929
366,-546.5000526491126,776741.1237218864,757456.2613924572,118764.1950770753,59290.99196971799,49428.34337243765,17278.024872387687,812.2773158555473,3658.616668243151,2796.914186504611,198.42758939097112,175.76234321104266,701.9643954864084,30327.841336520865,13137.784651470245,916.9945992549627,2.34521697191427e-06,0.0001169722448653567,0.07372363384839828,0.012113328457420146,0.01498574013486841
367,-420.5302864117749,780102.3556225349,724694.0209891244,117724.96143362526,59924.168174015234,57523.05374763706,16977.988975610682,1968.1546665051121,4020.708082669313,2566.9236585511894,200.31245744581304,185.97660063921117,821.5596886674737,27861.83478883032,22115.669942235374,1213.7915101447886,1.0420158005800448e-06,4.9111157943520985e-05,0.10126876224665664,0.014202203846429395,0.01588596921431686
368,-446.9763523881321,773976.1639374893,686239.5132344927,117336.07472080139,59930.303402371814,49550.08827677398,17169.17122117997,3282.9804900162367,3750.5738434957816,2520.4141922808803,121.24099264813339,218.99723092867302,897.8272230260072,31704.53362230473,11338.464413215637,821.7786223471164,2.177229079240036e-06,0.00014702893694775715,0.09177707160683744,0.012571280492912696,0.033114169785274074
369,-601.3169838028522,763602.1012566255,704748.1931793706,127187.92926172662,59273.56604071308,48000.0000010206,17360.033650877183,2228.1846452544883,3784.2099167255055,2573.0124813411744,705.6944867787787,171.7012623877292,692.4323657547745,29342.173674773625,17339.048953541907,892.6887442583773,2.0136319801387656e-06,8.58093896985143e-05,0.08073169639639775,0.014441758008581652,0.02075013582468937
370,-585.8802143829323,750539.9858737492,713522.7049820968,118587.3450798092,62162.64864713324,48396.881931594726,17911.725428509224,1293.4305737677123,3951.293998686032,2485.1795693723802,177.64236777641256,271.1850301985723,1006.8355328299439,26579.89069384118,28414.91470178564,1029.7109813555778,1.133716068084909e-06,6.281047851818213e-05,0.11417240535831481,0.011337056760510797,0.025793025448325305
371,-463.70608891030366,835784.5895381827,690191.2089075914,118279.20809712805,65982.18675576829,48000.00000022687,16231.98791506697,5801.911167158284,3386.2836352260765,2139.0035137087907,173.1088416466622,448.13307546512243,1104.3800671867705,28126.942544388392,32540.818107675626,1132.2845813512156,3.186477041917923e-06,2.8242466792317173e-05,0.11574471862659642,0.01839434686599199,0.007056085888805043
372,-427.2419686640604,768438.1687873941,725077.3580837623,121584.29815809832,61307.690685203284,49562.60540112592,17475.69440129579,2321.9095780962152,3203.0245362236096,2529.0847435773403,424.7096207880412,246.52173349064952,908.4900670570925,30558.29265824928,12703.452043079327,873.1344293088123,5.009092824264928e-06,0.00013670526653898648,0.06907016740082284,0.0152467807740854,0.026285785783330427
373,-603.0385259966296,802932.9139412327,689921.6805676445,119196.15393484196,60102.18963005369,48154.694720017134,16774.546575241293,5090.38687626964,3501.0670703983997,2703.6703393027756,220.3656117569916,187.3215432577879,754.5127074841265,30249.096687302106,16456.534649241905,911.8810032848058,2.9263340403856114e-06,8.956023739808535e-05,0.06669797185273965,0.014931928989200479,0.0196230043795763
374,-476.38002696889714,812914.9146162709,727897.2743457403,118582.37152787909,64188.049061465026,48198.735210906205,16323.42473793363,3245.6550022846754,3602.543205061564,2485.5022067351533,233.64183490819465,444.2008455323687,908.0992030568768,29802.042772246627,14683.86631066992,968.1612272660885,2.322831392424528e-06,9.893411886607138e-05,0.09624688317396866,0.012603752462048309,0.01811049349467107
375,-570.0356349038391,748487.0035785425,706551.4921259737,117199.4929048443,62013.26469599299,49785.30854980978,17454.32415918878,1690.3935133000846,3576.0580283702566,2600.737460550112,97.90277274928557,294.30519787519944,828.1505755755937,28042.122184368898,22042.196352990068,1003.3239624602627,1.8823307776618801e-06,8.297718006554769e-05,0.08613517794473878,0.009984797057423835,0.02225257801101324
376,-541.7282291949343,786705.1881961069,736114.1474729868,121517.56013264233,61702.468867787444,48000.00000175465,16829.445212797746,2436.880552302785,3324.1515184229916,2723.468810459267,363.61551136780025,329.5649374532536,879.4824277480094,28974.22501718981,18433.128325120484,924.2302291340274,3.914757536781313e-06,0.00010635590105995482,0.05850866856481744,0.012379298027835902,0.03253673308857253
377,-430.45087266601854,771530.6791769831,727716.7492591669,123885.04272226375,62715.75270156754,49740.658071097096,17133.89359818598,1746.8556579596905,3533.255511761017,2521.216480924124,463.1672581522367,354.3803754250066,835.2533644846143,27870.971058388015,23479.87165372963,1014.5267031612948,1.979857342545106e-06,7.25586103923544e-05,0.08453997846745916,0.014789318777272584,0.027035607950081482
378,-657.1089999949986,763376.9762764873,702372.6672669959,117098.76647110342,57550.37703889957,48000.00000061875,17265.477768124274,1983.7994560917468,3985.4602243613945,2637.680833444021,109.17130100535894,90.98588436601487,617.2364767176156,27422.27423045008,24224.992772111626,1081.3178064772842,3.705866777141504e-07,4.6807963329724924e-05,0.10496944752936962,0.014213188181060167,0.011780260904468048
379,-460.65912042458825,811149.9628718534,697624.1975095704,118517.14518493963,63706.38686509797,53022.85388667087,16777.45095297461,4806.447138068867,3578.660859749183,2581.9987818638574,165.43811019653393,372.87521509671393,1178.8086543045115,28910.898017525677,21300.30328267921,1079.423546250431,3.1615472551089718e-06,7.287878421352157e-05,0.09267855333339872,0.010616542514212584,0.026287037440427742
380,-500.9473981810527,764120.5985019276,709674.5049937286,116714.36251070442,58037.09939154976,48000.00000217467,17393.978306672023,2148.78724857454,3786.207795059666,2603.7428837186653,76.75841377073422,136.76059160016362,853.1017479262401,31461.369473922903,10910.600239139178,802.8862467225148,2.4978863756970235e-06,0.00016121958417431243,0.09018968595603723,0.010212019001178147,0.027054210680443336
381,-596.3764186009691,753914.0161387834,708499.5022692865,117934.9107345073,62959.13028561413,48000.000000488464,17601.015240993223,1775.4125734030654,3864.784575591401,2558.0984424043354,136.40724215836389,418.08010658620293,943.6372691770542,27510.54883708608,24065.716272677146,1033.218870407021,1.9562704469922266e-06,5.389494953797684e-05,0.10078536191880123,0.009884603500652478,0.022279482930027468
382,-538.8233429224891,801827.8738331386,721244.6802106398,118018.45635891298,59290.16781364134,48138.46390368239,16633.05217744135,3761.7787919416064,3707.7323525538327,2595.1151037748873,162.45209003627056,192.11537818380356,763.739459654585,28779.030851233292,23099.9431993213,915.9824814136828,3.5102171001480818e-06,6.875789907610545e-05,0.0753880785227459,0.010261896385714751,0.026208705085157068
383,-539.0303398947873,780612.3995177662,722501.9314897435,121214.19772057516,60875.462807771604,48000.00000018756,17224.486269227647,2158.6439893155125,3940.243088656246,2731.0392929673485,378.39641208101784,236.11715027044778,1003.1410905784638,30747.596946836617,12569.283252411245,882.5382434607207,1.7845785619511831e-06,0.00013167596741541217,0.08652830149416324,0.00994818040377341,0.023651237087480907
384,-529.6558499438188,772144.5337110789,654038.5919535564,119975.56412258775,65361.1562306588,52095.961257212584,16981.05169646065,4417.752199158624,3620.0475096404916,2377.6992660808114,264.7423106935625,499.94199929749186,1188.7942589218844,30787.410814842333,10543.864615337128,881.9342000946652,1.3758761452527606e-06,0.00015219949810256478,0.10679399018971075,0.012661652471314764,0.00846130885573529
385,-393.1965774077912,780517.0746616954,717743.7167056912,117754.66506597855,63848.33048957214,48000.000000367894,16859.644163159934,2197.17980657007,3866.4937289259888,2686.577082234352,138.7578323179539,424.62237044268767,901.1960031901622,30032.776291781047,18292.62789639147,925.7904861844703,1.19079589275817e-06,0.00011052796264696119,0.09098589902627,0.010530786826200221,0.027333428436479828
386,-476.0946448479337,784013.8593775432,675136.6219025534,118951.82937662107,62256.54187319662,48000.00000079252,17129.149252145493,3723.6324111572208,3814.756465705485,2645.170131506051,169.59539966725532,284.92236736280785,926.472716219621,28929.56330495019,16628.562377249415,929.4287934447992,8.653645711412902e-07,0.00010747445374981641,0.10211827325924552,0.008059781641981277,0.03624924966122481
387,-468.4529472598716,771282.7319033111,693802.2526038719,118287.39611247923,66330.0069641613,48000.000000242646,17166.71053840737,3165.276882395117,3626.3996298183056,2465.263140352831,139.76199960667293,618.8570905458406,1192.7899818014694,28655.914106666136,17787.520914087992,872.5517892299007,2.5709697115659056e-06,0.00013376790644045915,0.09796017107232767,0.008894517437103715,0.023299111133666495
388,-401.53029267923966,735304.1705492215,672543.2400183787,117487.59267876067,62609.47649965513,50467.6466421512,17899.792017548807,2770.1783543481524,3428.117376630106,2559.8127553612803,122.26132384178227,341.8317668721763,1006.143318069506,31660.723983219996,9926.230356019269,769.2960886589796,2.7359348010121095e-06,0.00016488684778463781,0.08359052514985528,0.009283244200718702,0.03135059241431365
389,-536.7833470218949,812822.2980133272,740813.9182752335,122466.57226544761,60354.536410396904,48000.0000006902,16549.009332674832,3589.321036396125,3359.003575072533,2714.1381923336126,357.80613375479857,209.05849566822482,901.7796406297878,30914.183917392285,12901.089634473223,904.2722660921585,3.7036869844634126e-06,0.00011369722783279678,0.06642776340656145,0.011036825900875692,0.017915484332635206
390,-412.3890372104167,788012.2051182206,712691.2074575156,118031.05562681734,61345.12907923739,48000.00000001473,16766.376074239583,2649.988073087484,3895.279020786545,2520.8961251015116,198.8512259500639,359.0470754397124,786.9098169867865,29974.241079177536,18514.235646681143,892.5088330571862,1.228771574490168e-06,9.279790953067022e-05,0.09859765009883224,0.013767360609863713,0.013021809703060234
391,-429.6295916359268,797964.39578388,681254.9908832907,120384.62418620373,58215.707914743056,48000.0000000589,16682.369613915816,4625.153042190537,3903.216742060423,2720.3024777010373,298.9860617917484,147.96851337190992,791.5017642582183,28711.721590926045,15835.225867675888,975.964804451727,2.2721343465538495e-06,7.55612435952184e-05,0.07402147881856525,0.01075549822036588,0.02366605450307265
392,-464.0068598580705,779467.6470841307,744742.314058762,119855.53694030919,64091.78838047274,54526.882762856454,17156.412198100737,1507.6042265052595,3609.4018250011713,2447.8281477228907,273.71508696352936,377.6147935881618,1184.7009779421421,30121.287148260537,15672.856243230757,1062.8857621321217,3.2979492547990985e-06,0.00010068433153557669,0.0933248945064334,0.01016490427992043,0.02531664610042296
393,-531.2115709785253,794975.8723757722,662900.4961481254,115659.64251767422,61928.30307544384,52596.23065297901,16889.851156858724,6464.2274657525495,3236.325423509309,2378.0730187127688,31.649087475738245,269.81174034132465,803.3392821920237,28256.29327334523,23181.945041892926,1052.1658410243147,4.2069124741104595e-06,6.88383487320504e-05,0.08782934945815156,0.017216958612700988,0.026272338253041348
394,-495.23851235328084,794912.8305184912,731368.8703855464,120409.91008506637,65294.66742622308,48000.000000323045,16874.580226524944,2652.30268895245,3570.442746344274,2651.9791807272977,266.33436484616163,413.5619395248275,1192.3008041338683,29884.50740646853,12748.201207731974,895.4534719310167,3.0005278057253337e-06,0.00011970854783079643,0.07872283705071728,0.009087528223801804,0.037776022539221736
395,-551.5815650429695,753188.1657940672,694385.368747695,118483.50906417804,62175.05662787775,51196.74158099327,17659.034970587014,2063.2808011904403,3805.965869274531,2554.7929137803067,184.07881940311185,321.8075336060525,933.2510149179408,27795.85194519533,21108.973233657212,997.565707559516,1.1860254650793734e-06,8.082502547208512e-05,0.09597760092347896,0.012210720778195754,0.030351235131956943
396,-755.279476683422,746204.2764160925,702966.0486504216,117670.78504192173,59917.07162889974,67740.65115604202,17836.262117544356,1492.1609065821658,3846.408254464207,2679.062695811431,188.06618195621277,200.23489367886165,632.7438431859285,26691.073684132367,39633.215861282886,1391.4659347618067,6.143374623220588e-07,5.879278598567143e-05,0.09493542574527258,0.01194596462897992,0.025946560624406704
397,-532.6061470970948,830454.0717348536,784280.4132950599,120817.53249837551,60122.094459252345,62782.65833771818,16335.798346014686,2467.967164618945,3168.175195284745,2676.09332809034,236.32868891902783,236.83405050210936,787.3306671442265,34047.18892542389,11110.076898482292,948.2472679734191,4.171544970993488e-06,0.00013448150024218322,0.05512145025493489,0.015047464340410776,0.03651307698276623
398,-530.0728352557677,777702.9435327076,714886.1621097019,118990.84310094733,60730.78048849976,48000.000000292355,17534.10405025419,2176.1912445081803,4395.4722204753825,2721.8795393291975,203.041805714788,266.4319546328949,1072.6723236385685,30147.958310586204,12985.493052732432,874.4493551572705,1.313149611555935e-06,0.00015169145175518865,0.10079070017820055,0.007956892882805914,0.024916852817121908
399,-482.644758118416,818412.5585309502,785681.073973598,119830.53190938072,60857.76464684083,48000.000000696506,16580.62994331658,1499.7043245563707,3354.272125833265,2680.457762018167,228.68957561811047,219.05131463769587,875.7987658257235,30092.732625591954,15237.61641376836,948.9336533660571,3.8078639438477116e-06,9.093795827853432e-05,0.0763868901753993,0.009660303074936403,0.02166704830867834
400,-453.1708042484538,824343.8036501291,788866.5999118428,119972.26424537743,62381.875267607924,58473.612222190444,16317.494577902606,1848.437833741106,3366.9961658339,2281.008591809492,291.1753424615189,368.9501203950363,979.0379338401556,31220.86669432233,17856.60712828234,973.010601216022,5.139193212723855e-06,0.00011802893708799057,0.09453106261325202,0.01683193629584858,0.02352808693055746
401,-662.5628718173191,760061.0318396966,686866.3814196726,117895.39437567368,59369.64117514449,52532.26351301722,17567.10808122546,2722.8887763165544,3709.3136226167126,2725.00684004397,152.55694693841298,200.33108054032178,668.59614678423,27360.092155082817,19525.63028110918,1098.2312728264249,1.2345534538624875e-06,6.450817550483216e-05,0.08952139911442734,0.010080317495361039,0.0215239650225421
402,-427.0191896404879,791795.5261587298,761679.7948636857,120517.67890817681,61806.961602785195,54255.864406684974,16852.150866232892,1512.2944236324122,3501.096958429921,2481.8771937531296,358.39068999765993,266.8533217945531,840.8384033064024,29062.99653579676,15883.840168030885,1040.081263369822,3.916128184682525e-06,8.653718094793212e-05,0.07813628425145785,0.016221207075457364,0.028766397010205273
403,-575.6252870781353,754342.3690328376,705043.4210742607,116711.9327966749,64145.05728242973,48000.00000016318,17368.96310199191,1951.922922067782,3539.683919031888,2587.317122698448,94.77524455229451,453.3906977244408,1087.9736224958965,29473.389427789683,14691.777651571236,898.1086278193288,1.7955307210031429e-06,9.258249953996366e-05,0.097339915611857,0.009473116975451631,0.01783281136277404
404,-517.3579821097934,760009.003608893,696715.492431743,116820.60609561855,59508.96354439174,48000.000000470216,17666.500228156772,2047.1861874054441,3885.6345744908485,2698.475096816259,82.86542835771537,165.8604661101573,729.4738785140706,27596.74395016253,17309.111330381445,1032.6010542222652,1.0000000002614318e-08,9.577800909064286e-05,0.09866027454552107,0.010606281729884724,0.021193862476503088
405,-540.117547811592,755214.2367436851,677299.6037842435,118536.07719099279,59929.696978416825,49887.03442378376,17254.86644852695,3463.3158932315805,3371.9398564252583,2413.5294137281126,156.474956499557,174.3821506097343,651.3911561056348,28396.417666779438,18164.520048057748,947.9643896920489,3.064493463762246e-06,0.00010407548277237044,0.09169209094925469,0.016333528858988536,0.03832049404282415
406,-444.50708027676114,794342.4436071853,722974.699968652,117279.20838804328,59612.35386390607,57891.66916036491,16759.25127851407,3227.839415538476,3594.043061008622,2534.631547053764,114.32336606043344,163.26055649524955,736.6569220231607,28517.39077715665,24102.34298693543,1213.36191666164,3.422991746312771e-06,6.20414732198606e-05,0.08850262012032994,0.012553113149992213,0.01751979837593959
407,-528.383166936116,726588.3553060304,694632.3759119435,120858.90050995303,61816.36633275433,48000.00000026012,18061.95447819148,1662.1247163313026,3415.773578602337,2615.7613014693625,319.61841957046295,345.20109316147796,896.5151802503328,26702.754026605053,18670.64803458142,1013.7915456559098,3.753261754935925e-06,8.546013432814434e-05,0.06209770992836837,0.015464515673763236,0.021573140395837232
408,-547.4654334614997,799708.3773450671,745522.3807395166,118216.5936851797,59211.88302342144,48000.00000078544,16782.929043807068,2028.5363720319938,3611.0558205759094,2576.2733134406644,137.15590359762456,171.05601557757157,731.5230254977299,27109.854318018333,33930.59134583637,1062.8445219424505,1.8676492262474477e-06,2.544366377115578e-05,0.09993587118314201,0.01146941482334335,0.017242027665005023
409,-445.0269584550074,799367.1904028773,765329.3301756942,117945.98112106421,64179.00933130635,71516.70317928663,16772.711348807414,1395.2027953121642,3649.349711963254,2621.8324031548705,138.63123484450935,420.3664487108718,995.6962938306006,29435.06941660304,15527.077698712077,1213.018000345328,2.7644414631042637e-06,9.871974561452142e-05,0.09882339840495595,0.006369471005269072,0.022026262827433366
410,-588.3765728816436,786982.1954740697,733904.3117730382,118871.45143343159,59898.06987291666,48000.00000028741,16893.41748821508,2857.2706484392766,3223.8415879642102,2533.3251272600305,186.28464325684752,215.11492281456162,732.5653249240522,27738.09475383289,28933.92475446985,1001.4793722066585,5.050086546591611e-06,6.118025138752156e-05,0.07024978423001937,0.0129449052555099,0.026110615503156225
411,-550.40773545105,752602.5173709086,733499.7433771816,120905.06890682803,57335.932125196836,61812.96527295003,17430.59851039362,937.9081307625703,3467.8643924195085,2803.027557838426,279.87807963488956,92.23026347640835,598.5321347377167,29195.138364824412,21822.12194298911,1153.4992558524725,3.552335943244179e-06,8.229700783438837e-05,0.05760641220876681,0.012636514720715674,0.02684560351786744
412,-517.086593358159,766417.6244214368,704938.3415213014,118095.87819007083,57991.745015726076,48000.00000039143,17227.559910762542,2506.436835041663,3584.8447662726426,2412.4463506901943,208.88362585824623,117.36120091598899,695.8552692626847,30360.230354334813,14602.731344494092,852.3569765497423,2.6173899897636414e-06,0.00013345530535681992,0.09334148730012047,0.017115930818267896,0.021562035858082647
413,-499.87722679466845,792117.262195203,745384.1334848517,118436.45698247939,62341.46522697029,60095.96867755354,16902.493338160926,2221.6873228798354,3429.062285955189,2537.8956451509,161.936344761952,359.5940985977465,883.5016119713346,30265.79103497865,19875.983172099455,1202.422572778919,3.999533989220336e-06,7.825989928739296e-05,0.09275366922081817,0.010209937295546635,0.0202256433602311
414,-608.8312874215414,818969.1642939488,793629.7039350773,116786.2870354709,59566.277763033504,52190.05202067606,16769.456596612148,1166.3572441185313,3651.3400052128854,2492.377452471467,77.97332237768,190.68436190413848,684.9709292780645,29476.008515422007,16378.882425208572,1031.4671084937183,3.646326243981911e-06,9.11375742171821e-05,0.09258767662987413,0.014042144462699423,0.018271645733794774
415,-422.48805964059943,758689.1602180315,704248.7047510234,118238.31193764406,60297.15749309444,65437.08012161954,17668.52319673173,2814.7474064560524,3399.621033574327,2469.167572777536,159.972504727849,200.52581842406704,795.5661945495692,27683.141701117616,38766.55454998946,1411.5529206507358,4.196659136884392e-06,5.0754177736267445e-05,0.08356650621512823,0.016750560794027126,0.02094218103713009
416,-366.6071179931788,789717.6072173388,774170.9159090122,118208.97830809905,61923.027332836384,52278.494777601736,17096.850215819333,526.354654302325,3822.3163378829995,2689.862831306424,167.75477600140823,312.9925165839978,1005.15274594904,29338.07921916192,25154.93312204745,997.3075519737142,1.180864643414288e-06,0.00010098121596434484,0.09987742152420033,0.011378304592126236,0.017629646905112546
417,-501.46587540444443,780530.497794777,752143.7923485837,118519.61224393875,63388.81528020659,62460.66589503034,17191.181722768324,1412.1499704556122,3619.3252777598564,2608.1003137295716,213.4542153061952,416.1004499552378,1083.4574705115465,31275.512898176858,12309.841800020162,1039.2072179538313,4.4115238046077686e-06,0.00012093659393399863,0.07887627103155259,0.009057352351702137,0.02430384002196673
418,-475.0866437097599,820796.2873516538,723078.5546844661,117185.33688478633,60785.282202596674,48000.00000040217,16432.83225561789,4335.032084120263,3329.6284219899153,2578.438848471356,83.28770140334046,202.62160015468257,692.1172621626439,28449.939829165745,43106.55905606916,1080.3199162982733,3.6481035325768904e-06,4.679420972395098e-05,0.08725318875569713,0.009791348943277614,0.027256646934999833
419,-437.70194107516147,818968.223060364,726551.2505056176,122290.25487160418,61224.33886388653,52724.20274716401,16344.867932982515,3697.839528251848,3763.653414004035,2559.85918471385,434.2230522839561,244.65724890884204,1039.0707302166866,33542.34358966053,13980.717869190812,900.1664714984702,2.636741971996787e-06,0.0001551207138269788,0.08126564119108934,0.01201267542664114,0.025803907234168057
420,-412.1410042014463,806733.0182452574,790167.6892616972,122285.95721837887,63258.61236283415,49840.8501448817,16671.587929982365,958.7925018245116,3229.630734575819,2605.1157112686083,327.4017392304942,345.11000954268053,1046.396738001706,28768.433811959272,21603.693542593268,1040.5008704509207,4.9297275433399466e-06,7.198752898329506e-05,0.05793342187018747,0.012587449531728986,0.03012278689430865
421,-538.1501830725288,758100.5772545177,712352.9135189223,119566.92611321171,65790.74354657132,48000.00000005361,17344.097760816272,1735.36756715569,3378.767487453052,2549.1814158230745,222.3884794654091,549.9036979556909,1010.6738013960795,29448.921446597506,13315.75004338201,885.2793693710801,2.2652062323122173e-06,0.00010300526054742009,0.09818351656472721,0.008815089699851467,0.028004197517292297
422,-529.5807783738383,764845.3601585855,701062.4324219929,118795.73847065044,60172.00994659273,49610.18820971566,17496.103685310252,2605.4487289232584,3544.110582719549,2542.988369596497,198.38196280133744,207.7018739258899,738.0029792786623,30520.51287580905,11555.774544344835,889.9454447543975,2.782493742076726e-06,0.0001439840831619261,0.09127427416260084,0.00941736288117345,0.02325630103058835
423,-578.2582861972885,823618.735962354,803420.8239755459,119372.42242975657,66193.86578531678,50290.14925069628,16601.44017449569,1104.5387808234384,3461.843374326196,2496.0009241851103,225.62645424375464,547.0716816834303,1071.476714950213,30330.56773098506,20725.238844545893,1027.087490794099,5.019976039070844e-06,7.621471905183377e-05,0.08823000888826205,0.00990409472527376,0.024561415487207607
424,-622.2136165459112,757746.525125188,702230.3735065681,121840.1727443772,62684.94516296297,57277.71288946983,17688.450398946592,2202.354891935266,3793.3212326554035,2602.8890824809837,423.8839031379776,338.0300329309434,1069.015384241886,27631.261975086876,17848.718157425716,1155.5344848482423,2.6287065431570925e-06,8.453121788509634e-05,0.09198784073367033,0.009703764916266799,0.03166911334915492
425,-577.5679473325274,803439.4295270579,713652.1969307646,116505.12133940749,69912.73263169435,56066.936242325515,16782.581010063517,6132.7635098433975,2973.096127111583,2012.7741994902394,64.02904553014496,699.6638841960539,1339.6900687610446,29021.48571961021,24622.733954030038,1226.8189666150051,7.1320356500499716e-06,6.980596761435317e-05,0.12409183546249368,0.014291608392651721,0.025701063407418376
426,-538.8097075559006,758175.1430747027,704411.2920414787,118301.21391683082,58684.07720812994,54653.51182748184,17486.443743512747,2196.0508762106947,3706.6765433066635,2593.1825330631978,160.84537689810813,158.9247281944165,674.7111092672745,27533.251751071446,24291.842223081283,1157.9262265824068,2.404922037834602e-06,7.120315794724764e-05,0.08841848816361848,0.012280649418810881,0.015161634900157553
427,-553.7385110357154,744793.1280400734,700248.6523519448,119958.90272282442,62090.91922479878,55901.88327529385,17675.736339003088,2031.7803337040345,3555.6725345718332,2655.022344821203,278.3752682456606,284.8128586717323,1009.3197033159156,29521.719405397624,13747.857715129,958.0657300821172,2.8280820510039483e-06,0.00012478539171527302,0.06931066713184199,0.011677407802315817,0.029611479264980523
428,-325.3785131878865,802711.699555221,732642.5701583504,119630.8663902511,62521.309207943894,48000.00000008234,16741.70095504911,2709.707797272765,3887.5998248810274,2632.7372294047773,251.28955218430593,391.7048392633087,971.2943682150795,30300.216959790523,16251.910147165367,846.4685408192964,2.3583922608761836e-06,0.00013709190469325696,0.09833272143107659,0.007419044302942491,0.021791579778400315
429,-511.7010209935005,794147.4011791954,686850.3360961853,117028.09271238548,59578.01037563774,48560.11715486669,16801.53735476941,4124.125234770186,3463.5277164798586,2408.8733805296433,101.94879325486754,177.1321461641857,815.0292232764448,26939.24722910051,44580.03703679565,1070.0071719884277,2.3173629839569174e-06,2.9326609131999198e-05,0.09642471003390544,0.01718704368491387,0.015038797071593875
430,-546.245034385817,753801.2507920823,675360.4335637408,117065.91742750797,60311.212759196336,48000.000001450084,17825.890684066264,2854.93300450618,3879.091013540783,2620.339775912529,106.09136358356471,247.6469662805289,796.7522024465392,28154.491928277796,15539.917088453542,959.4196387747412,1.0974352888265828e-06,9.980591383467793e-05,0.09579323291943266,0.014025047544957089,0.029059006802356492
431,-538.2894876418632,799495.2057539853,741366.6777590307,119911.25452778267,61610.782176485474,48000.00000021536,16984.41756939791,2536.606686678467,3446.9889366489806,2623.8469643398466,221.60547771997003,355.659084303326,1058.4874849838625,29092.66729037086,24602.698517605815,959.4484208567709,3.537441323316284e-06,8.463654482944445e-05,0.08409362476626135,0.008682940043349992,0.03157559153764087
432,-382.9270945365297,746531.3834120468,663551.2354275674,121022.82798324007,68137.12765937706,48771.678600101215,17440.375360204984,2928.627193665948,3906.9984184539667,2509.7296404321196,389.6193581553446,745.7664188789852,1366.3861207003918,29166.532175606175,19612.942765675856,886.9018651176486,1.4949374089836137e-06,0.00010843641017131543,0.09550376110585994,0.009624670784922575,0.013809816685121877
433,-538.8377780900997,779649.7409255414,690351.6057027797,121096.04356725361,61730.008084757144,49113.217652948595,16853.585259055417,3596.0358077659494,3671.774733932267,2424.702105865214,285.68134779909974,262.3473833845394,874.9116630204134,28021.149655443638,19021.896396809436,1021.2329903422991,2.4686751786337133e-06,6.72316929550824e-05,0.10388467236446544,0.014572485050674034,0.023192969986267308
434,-411.2418648828504,774334.0167047392,730395.9234495173,118929.87845779362,63295.36913744923,64357.13242554055,17005.544123278054,1844.9105663717494,3583.5585625418735,2574.6504282693363,212.58668381440566,357.6660251025795,999.8879639096692,29407.02393446663,18003.05525934639,1181.7011616693253,2.4673568818867953e-06,0.00011416942077060447,0.09558118029737087,0.010273666504619278,0.025396183810176706
435,-494.52279035214264,799105.4658095107,747479.2941491993,123648.10220818511,64954.42636575211,56039.74480679956,16585.911372107388,2063.2850689593215,3404.2778759982143,2543.686048825,443.76662338077085,548.4146982325169,1199.008442461092,29215.010342783477,24722.881229682305,1114.2924346149573,3.043502445898999e-06,8.880150990418788e-05,0.08651375188805939,0.008939556216877533,0.021830213130059048
436,-502.9235420995349,783365.45282662,725763.3498286328,120016.32237351863,59404.13207995905,48000.0000001746,17272.573840927125,2242.227100858904,3628.8855953518937,2579.7357229140107,196.514881982399,197.00234444988072,943.948073987903,29227.915333784073,15722.546447661824,877.8830461303418,3.022345890614824e-06,0.0001250153283733665,0.09600498911081566,0.007986305460515073,0.02441113703786389
437,-449.2874488904242,821785.3574382829,782780.8984017684,120357.99241491228,59684.95830408378,48000.00000124178,16410.23773610046,1734.1823736299054,3320.968517342663,2621.8279561592003,210.74797538873403,194.39202011498648,736.7911683154107,27740.771325963164,62031.92351670002,1099.6680146538513,3.412535099390221e-06,3.342478589060853e-05,0.08437035054741474,0.013125002695255617,0.021300664490146823
438,-577.4327000626018,778583.4104861667,723815.5515314279,123089.39190631552,59899.46022793918,49582.9630637676,17055.990166897915,2453.525648955853,3427.9768644237574,2459.603118138667,459.09191158160866,204.60236576151095,874.161324282285,28732.199893289042,27078.098889219444,960.5160142343087,3.7088271904432804e-06,8.062459214882457e-05,0.08300692823421192,0.012961017883528414,0.024145318215271078
439,-499.0852750013566,767184.8165494397,712537.8019194938,117612.88134625403,62385.88386202624,55097.374262329125,17513.975752702998,2540.110444075383,3412.301273124627,2659.3146646032837,105.0264973317091,391.47004126941385,1224.4614856678206,30487.120670451797,9891.79229440282,878.7803406911297,3.5446234030016206e-06,0.00016591714145560417,0.07783138889270243,0.008060191719586853,0.040233931520951685
440,-587.3129316173777,753054.9855806824,652893.907969782,119990.7555355613,58417.395504863925,48075.32714710676,17342.228369642944,3891.561762164946,3569.277264577171,2626.5882455044775,240.4255828278313,144.2626041742461,716.9486230950129,28290.4070577225,16762.85414350024,925.5474956087031,1.5095835676424162e-06,0.00010412512432763561,0.07901280079757081,0.013288278485826635,0.024814654982220703
441,-521.547718540839,768853.443453999,736421.5851867488,117964.78889860072,61510.944416336184,48469.108596727194,17436.919651748263,1810.2331573129168,3313.0384277768594,2616.378438365459,150.34870683223662,294.98107940243244,1069.844706347458,33202.23894648598,8768.864600679386,757.4684854774433,5.103798781905367e-06,0.00020667351440411164,0.07518650470793847,0.008488873960801531,0.03821158499391957
442,-522.1309673891018,784442.2790873977,758681.5828466176,118181.3430447375,60476.544726507855,52659.18474384164,17253.850739299858,1040.171144100405,3790.2445263583445,2704.49283703245,143.17823391983634,246.12928138457133,838.6693523866492,32376.229250421165,9903.144259729366,929.1169759982487,2.7837210138434343e-06,0.00014197801367759485,0.09140915186306245,0.007623481616552159,0.025483134316907494
443,-506.3439169719748,775597.2734051112,690996.002644363,116804.69568652396,62213.790312582896,48000.00000071919,17452.186382574888,2800.5494324617066,4078.007338674586,2725.4597650700493,119.78197971960483,402.4263334192036,1032.8910367245737,30643.2980094883,16145.88080027984,848.2928243492727,8.825915877988205e-07,0.00012016010430520723,0.09303965413810142,0.010321130850734687,0.027246364800112426
444,-434.326432867657,754328.6639225857,670794.9937795574,120095.29073473612,62100.517792301485,48551.995101882014,17460.142112676862,3158.07251146893,3637.1104233136766,2454.2638750131136,278.1243757958416,388.49480658909465,908.6648044877679,27798.641155750967,19682.781135422454,962.7966037920447,1.8295205941742304e-06,7.75736784420328e-05,0.09243593811238633,0.012309826392293347,0.033877519460224
445,-498.88838524672724,768232.8382102647,720898.1710510006,119206.68779544548,60259.74009536821,52977.54982966341,17012.591868839787,2103.523061376084,3701.4503467529707,2698.6672500825466,198.17535724077368,235.48848690390335,807.0214759258482,28865.762532613822,16654.831871141985,955.4598406759228,2.752813187277923e-06,9.909897200342472e-05,0.08593889168713925,0.006671645122552866,0.025126969150703463
446,-518.4815673931842,780358.4512368508,717755.7694885884,119195.29587879189,61795.5787666789,57693.72122097445,17010.823352389143,2880.3897207505424,3467.7016228144134,2420.7369441147666,239.67802830494742,297.50142297831786,915.9854190245221,29272.54158081539,20764.451137412423,1107.4159640050998,3.990283467057404e-06,9.145868074250011e-05,0.0885024880701541,0.014506700565656885,0.03116321897541355
447,-478.8041632298861,745082.4364196913,665215.2342575932,118578.7793411109,63177.53879174886,61234.282147430065,17378.951445936906,2976.9013011176708,3653.953486953185,2667.1849326978736,188.03666841402503,394.927703586558,1091.6686569748563,31927.71743867927,11598.447225935053,981.9956174765156,1.1697340167905985e-06,0.00015421276727129701,0.07641536580559206,0.011756147498895442,0.033479508413555265
448,-504.4613013630573,809256.2090718676,752372.1699344395,118932.92146525087,60979.38466515369,48000.00000178722,16532.273728930166,2498.76586554959,3480.6736496262724,2476.7147052405603,268.67734873600807,256.2259987657641,799.7174478720929,28299.876236485816,42022.66114163892,1145.5762356694825,3.3181115857383028e-06,2.6468741028504514e-05,0.08929530684679408,0.016794693166010708,0.018687705893508676
449,-570.9966743462039,774665.5186110007,680063.9395619667,117337.79266814474,60676.85843575123,48000.0000003239,17424.514677047628,3614.077418024111,3662.8414945439295,2499.556935072175,133.59217261935797,225.35375103904602,914.3413480613752,28602.851733755026,21340.621566572703,939.6721286312588,2.006416498260133e-06,8.919018074242388e-05,0.09779126716634857,0.014340272926338153,0.029861208434508433
450,-555.6194470494491,773385.8216116753,725873.053454578,119940.477899659,61780.549620072205,48000.00000019114,17219.112601834437,1848.1745133383824,3623.9420883754324,2552.5738370574863,282.4113495695214,318.05397496381175,784.0669045573287,27419.695576481212,25703.772113335694,977.6890262499714,1.906699830291234e-06,8.984222806721046e-05,0.09085302563088717,0.013295384185323179,0.017069536343577447
451,-580.7354767868991,762767.0586023564,706935.7190307814,117820.38263837175,65498.017967033345,48000.00000048173,17821.575745174418,2174.3916729635193,3862.0664853094836,2578.3917973278167,124.12988824488197,572.3410093703746,1277.8291318263002,29262.53912518146,12050.359159134821,890.5376963358145,1.7945095474815337e-06,0.00012335607717616114,0.10482128491194238,0.008160541137133626,0.0196019231328036
452,-593.9463465291028,743989.2510840902,705022.9433516216,117789.24859547678,59265.07628694181,48000.000002056746,17545.17926162342,1268.546439371016,3898.551432717446,2562.4086449749216,139.41359596182008,166.8198887990832,703.7950677932371,26841.413187839786,22473.693889513506,1065.461903615978,1.4770764324822408e-07,5.0522659409442667e-05,0.10267784502050384,0.012928138647591745,0.016969583307522445
453,-734.5014069201986,767687.4036873874,695479.1142463082,119402.2145698409,58301.122843196084,50170.46856172162,17311.2692371209,3305.6439373333255,3586.7063150431577,2687.7346179887845,239.93181739166116,125.98739729777341,592.5769585129968,29323.50435665548,20390.17149124056,970.0658165813387,2.7435739983018823e-06,7.772106884184467e-05,0.07859379362833915,0.013081810569012007,0.018144864698730747
454,-462.9920581993578,752038.8420341153,694420.1229946378,120160.06281849569,60729.29551880414,48444.96132908981,17348.482588685634,2238.6630064172896,3786.9561631764677,2663.515330972609,345.14087276065464,284.40978671055126,946.3659303177792,28950.821926526438,14866.924760068157,863.7987770237239,2.084749079784627e-06,0.00011778807864781151,0.08277704733612537,0.01051661089500661,0.02913327401827652
455,-464.9289498086718,816573.5723825826,792754.6307985685,119211.68925035388,65851.88299795914,48000.00000042204,16676.69857314403,969.194082024773,3746.553859719791,2833.80226522925,195.82724979089176,420.1560313006141,1345.251653632021,29593.807326223163,18084.90941446719,891.9900329543962,2.907538731995389e-06,0.00011776208366828183,0.07652646244774586,0.0039053273926981007,0.03765834358375497
456,-431.1477882925502,755317.5402155188,691468.3850725133,122990.79085899623,60367.86916212201,53081.52469441591,17761.22589602486,3286.056860898858,3247.6770703374937,2605.572118162348,375.5269139511339,224.05752072015957,802.5682301245859,30285.46832677194,12367.780058232138,909.084240320902,3.9326912964340496e-06,0.00014846646117785286,0.06826897008786187,0.011181206535167888,0.0272540388018298
457,-475.52721256947643,771863.0826331481,654647.483043461,117698.76154430982,64691.776027128246,50928.517185429424,17101.220364034823,4828.533914643525,3551.315978198463,2488.456838036555,156.85517346197346,430.02220212340893,955.8718542212913,28100.197945511027,19450.133588664674,1115.5464279655355,2.4193412077157335e-06,7.069070098164755e-05,0.09898705116648714,0.011505727163189568,0.024483261822015268
458,-511.1655824983869,772649.5956851104,631043.3003613721,119726.57396059924,68014.0401193415,60663.54630994628,17143.85793359416,6098.758721103946,3325.5857278927992,2457.6883511632504,268.71600477888734,496.87187204420366,1061.4495849555674,27845.345166616065,22759.944838848096,1249.6546007991928,2.6273558460132173e-06,6.124530687813978e-05,0.0908384509716745,0.013439382763481948,0.021834770064687346
459,-650.334161001317,786202.4104810455,649259.6158781976,118512.10847139116,61841.96909999659,48000.000000366534,17018.536440426386,5453.020933641178,3348.791626182802,2422.277373187946,216.85694284974613,295.7047897607435,905.0599669919651,28145.428274153204,23556.971254674143,945.9435989352332,2.744280170906408e-06,8.889597044708736e-05,0.0961379088611433,0.011810567698023555,0.029008412666992424
460,-513.8279306457126,777500.6268088465,739669.6239047558,118327.07988163052,58681.164457799234,48000.000000240085,16780.6025105141,1656.975996793885,3514.3020002404555,2721.390009997364,165.68012476003628,130.76028260891252,652.4586004849369,27489.551388179007,25712.243820428448,1027.840786304224,2.5599903569485526e-06,6.387037408340184e-05,0.07091759900153716,0.012524984695351727,0.014664418099791974
461,-457.10656730794966,785553.6232483895,754024.5954309497,118825.31693777571,58301.002310481614,50754.12055739359,17386.820475507848,1349.1299722229096,3538.009412352297,2910.4077488280336,185.55324879478133,152.13898698435065,765.0108688780174,28583.271394892956,26859.57148502983,995.4776875845553,2.768064807297752e-06,8.931708644593309e-05,0.07390972332537743,0.005770074050539069,0.03535002344573867
462,-513.3191668417358,827537.3972870354,792458.0287409057,118366.81889259923,63846.56305445915,60561.61506453244,16494.510537680784,1530.2565579022526,3536.5871830857373,2498.7326906178787,175.21892016345757,395.65346272619377,1036.0405879106725,28851.78960681372,31937.10338575032,1265.9583980861198,3.200152308840995e-06,6.649442303417119e-05,0.09945546422025014,0.010428146103174888,0.01917610569822185
463,-548.2237953585217,737762.2452869983,715679.5835389913,122990.78750900891,59548.31267653216,54492.73496960325,17683.038380806356,901.9567805747431,3481.1884489095173,2751.1314942067506,346.16262393927474,208.6827492844308,772.698657309804,28177.31461698331,16590.13357520659,1059.2737949352656,1.89325175601934e-06,0.00010863927281600255,0.0811452725603943,0.006873030729575489,0.03343287005621184
464,-376.5394018312527,751222.5318428616,681237.044626946,117150.60708993637,65797.00880010016,48000.000000000065,17299.43585843396,2656.072038470287,3857.7894282909524,2551.644848012784,87.4095551752744,502.7873377732603,1087.9370706112888,29573.249381428017,9108.085986858523,834.5276206586798,2.1072318566281235e-06,0.00015373087753623566,0.10531904031473986,0.004965102358430902,0.018999739986290315
465,-445.1779613047286,766977.5593189447,698850.6916823349,116944.94168566604,60563.84901043663,52103.098778685344,17503.401560228824,2743.451059784763,3619.664913998371,2600.0398225126864,80.18929226149989,315.60496674048767,925.3273517385721,33588.52139583762,9156.188160678827,752.2826782595862,2.693593482200469e-06,0.00021437792060911292,0.09098196862269227,0.004758708374314678,0.037852033332362596
466,-456.8921451293563,752172.5900035948,691008.9919794897,121103.29886525703,60432.206271796385,48721.786235517844,17620.696255176757,2319.0489262821197,3667.1768411104217,2672.238483569084,348.99240729557573,247.1258888435421,881.8012682517478,28866.48250926741,14919.690674811269,882.6162193076918,1.1913989184210368e-06,0.00010816826459525765,0.0893612538890502,0.012156582862051906,0.01994967715562195
467,-592.5403204414839,787900.2829414752,689742.3861374687,120050.82367878189,62606.51208912282,68279.42843439402,17109.859484242752,3391.923400841979,3874.4657438571217,2462.7856581567107,420.00942341785833,268.9207291607087,883.3039247993696,25719.445608543432,50687.32482414611,1741.9776680838697,4.096601305170113e-07,1.0000000029127546e-08,0.10762689039435355,0.015234172885129285,0.017836798404480988
468,-509.07577715186613,776239.6267957757,736227.8432277907,118528.0353993157,61504.432423807375,48000.00000016096,17080.889897574747,1946.7392775635979,3571.347325544984,2512.7288568975514,154.15641418320342,252.9552008087388,803.2118166950904,29149.142834874026,13484.309853860856,888.7418196824214,3.469467762779546e-06,0.00010740280845470265,0.08929971987368684,0.010197868019260063,0.017818777968528602
469,-406.68922397227954,788921.6904715509,713164.2086578145,119230.09561116403,61107.63676633388,48000.0000000039,17027.22482411345,2678.5997083581287,3642.8767505760247,2717.3503407138132,276.03193510521714,259.12538262508025,942.5453942853795,30693.464077129916,12662.379065303747,877.293895628342,1.2549035788630324e-06,0.0001234274413729437,0.08830400870675563,0.010849002706698904,0.02293792663639294
470,-682.8022067793199,785744.7478117237,759040.5967267297,118620.1360105478,59009.89220359391,56342.69769873602,17275.186673932967,1355.010626135897,3585.4130254121105,2715.177836828461,201.81355592780614,173.95352350607823,877.3157464656127,31066.2277192542,14877.43680335473,1152.3422875998567,3.902128897737529e-06,9.107682690344671e-05,0.07269993288047898,0.012999234728292347,0.023040856838677876
471,-463.4895297732253,816899.58357771,706870.2368342697,117561.59472604776,64134.58295179203,66341.44408407032,16497.90027271381,4577.255677495233,3624.779546258644,2534.2850182221578,122.9286256012135,516.5030036839515,1033.4571036169586,33419.89066602782,11851.172115675605,1067.6067009623255,2.7916134469280753e-06,0.0001399838086868218,0.09978808605384752,0.006190175657412537,0.025331171359543932
472,-555.4607622495246,791201.0320261711,738585.8455194393,119824.0470789697,59016.801885003144,48445.14613440357,17591.289078258247,2038.4651855558275,3649.4308959084483,2481.8369707613024,253.1929744565865,155.04258229409078,835.8712615521187,28740.722507601375,25173.488658104598,946.8355709175106,2.7629979128493438e-06,8.13432919200671e-05,0.08677831188311562,0.016334472075164176,0.03342400350165189
473,-523.2763016380791,806118.9908862713,760878.5339654378,118713.31934661315,60897.86087638429,67097.62480839732,16636.10971261851,2032.8943339965933,3417.51864452649,2566.6422489263387,200.27521408008386,238.00403135671283,920.384291021745,31271.96451416271,14594.33453362237,1166.2473956381468,2.930512193089766e-06,9.401223207932938e-05,0.08240008936505798,0.011994213168918862,0.020737001031909254
474,-668.6691992411845,800321.3211096951,759832.1868629555,117459.99626727453,63275.77117511718,52052.19859201289,16489.771344500085,2089.5898380563885,3317.275642445462,2654.676454253796,102.54895662302883,363.79879089366557,920.5660548542467,29542.995983658024,19189.2810676287,1067.2991338780605,4.671763813962635e-06,8.733264351945289e-05,0.06485695395164194,0.007535023526104767,0.026511435841695966
475,-426.07808341841263,794721.1358392565,722240.6197875745,120180.02033376618,59703.28171566502,48000.00000051037,16574.97036772921,3050.974384175944,3562.353306427519,2581.90177300921,308.81267827224644,177.56876195562342,620.0196137956473,28659.82722306413,20556.447540912937,874.6630556983068,2.5846825361538828e-06,8.549125610935991e-05,0.0802818162000016,0.011676812266205244,0.017790880350852745
476,-503.1539867663906,791165.036179416,692561.9633519651,120350.9683312121,64241.56492789514,48980.44703567864,17096.056379850168,3769.977407825498,3855.785282650447,2640.3951908786125,271.69592924416594,400.36680357234013,1075.569231420581,30911.69442593434,10665.907963843147,786.7862273390845,1.6214497073177844e-06,0.000144101814992191,0.10034141670911285,0.00777682074694593,0.029892944783138916
477,-409.3021206338893,723757.557515803,668901.7529744053,118016.50151532894,64979.394606352806,52387.91542854583,18052.96072405801,2254.4596219741966,3613.92031745505,2688.2323399126394,169.35159283845735,386.09186446278136,1101.9466268108063,31315.42126151769,8908.30689519161,799.6091352118957,2.2568551411367676e-06,0.00017637412413475963,0.08389132692285396,0.009570757942493235,0.027323723303590133
478,-530.4214883213824,817209.2818621098,744209.1376591495,120544.13598906511,60670.26959046286,49878.221521995176,16649.246406901948,2865.161619394143,3364.5979201194004,2235.7200310262206,358.4837048009782,227.14725514415477,823.1166811008891,29191.21595300935,20691.0215727589,1014.4030717422563,2.8028893925803556e-06,7.968017317701942e-05,0.1052827978084234,0.01771886831674263,0.028843769573138743
479,-465.5047144406808,788394.4426192077,755205.0614887467,122705.31443181323,60034.08310755057,56467.583301776926,17066.35019918978,1550.6405046525472,3484.5902232345757,2627.263135808305,491.71899823626825,228.97626962056975,759.4049667304536,30291.212073721326,13567.509326619378,974.9299201245423,3.3730700802315918e-06,0.0001193919523073424,0.06894370397657214,0.014212997032909966,0.024970991281992535
480,-486.81898625409286,782374.4908889682,748456.9411437365,118986.17104047484,59918.479790418045,48000.00000153228,16720.59262418044,1414.5638599854624,3592.4319265884988,2610.65617712476,172.84904854083754,222.33484621234746,752.820936923571,28847.348639052583,19482.009525935657,991.7317968055789,2.832015763259918e-06,8.265332630118258e-05,0.08258259960482182,0.010307168473239342,0.01598157906432027
481,-756.2845361514533,812805.0695038718,784371.242404347,118315.31038936706,65427.5660437927,58775.28133207583,16645.766592419182,1202.9937574671878,3734.942262138961,2416.1386061448875,175.9745650276331,463.1841370597138,1045.8110715004643,28942.434835362063,26589.971814044613,1188.8476614076908,2.903143227995625e-06,7.538046367912396e-05,0.10373275913437151,0.010776023025411866,0.023754281347807785
482,-539.3351104221482,793561.729011037,757338.670101751,118158.44214054343,58654.737254324995,56515.61375998336,16898.991464971743,1620.8846945751143,3321.6975469898643,2563.73680776604,146.02477858830036,124.9274996874279,715.5324882795194,30035.713278471372,14249.231192834734,988.656637364036,3.670443331947175e-06,0.00012378589884494558,0.08137327910190426,0.009647314560681247,0.033931997941327396
483,-558.2197088601039,819658.8515093927,772496.8916881916,118040.41495109766,58181.23624507278,56241.30863164329,16400.866913083973,2410.244081830048,3457.5705835352646,2503.9458677136267,152.25100847210487,103.4094141327942,676.9944931817438,28388.068798232478,34870.901043561076,1205.1779651423406,4.594451986310336e-06,5.0937503703628846e-05,0.08104951978966263,0.01310397988212348,0.021652548705524632
484,-595.7886240461759,769970.9919714553,743467.1076251469,115875.94631926838,59764.017804205636,48330.09860245351,17141.85873529578,1257.1835515162045,3437.734477537791,2734.6273916367877,43.87434405027405,216.28764343074687,738.9232739727009,27444.37473581056,28765.01247089723,1097.639658370961,3.307363837218563e-06,4.948866758123838e-05,0.0705750819270131,0.011641937905297588,0.017596072711040266
485,-435.6996432611912,780595.4496582948,764283.628074525,117767.27098882683,59388.06776903925,52489.90329026494,17319.34065631148,766.1866517684505,3402.1276723110927,2735.2831022086375,146.47864613992573,190.57277136654378,770.5114072390535,28651.587628703383,22710.422645542327,1013.5372806199723,3.6869455526255972e-06,7.65349608625067e-05,0.07439740292388204,0.01021570391826908,0.02352471996289454
486,-543.3353673506822,808590.992302453,766232.4303795581,117771.96644092609,58624.55388857867,53212.41912082424,16694.098942425528,2173.6807610289766,3608.449646230776,2527.5185027086136,154.031944064712,142.6123502800244,763.1237142725873,29621.579317761636,15534.876725941294,1054.1666131214404,4.695934772714361e-06,7.635174355812741e-05,0.08749014386574339,0.009414591957180434,0.02203393726748862
487,-404.7264698879327,787216.79144654,699938.7633355634,121166.84393025137,62155.43790399449,48000.000000199754,17212.5772725629,3932.360284615063,3451.682777042106,2712.7955771831753,325.7629274916131,358.66842919001056,1003.3963847373154,30951.258301927737,10857.370450958504,837.9730696120374,3.3792432965251703e-06,0.00013860813790787772,0.07748818877031775,0.008797411124253966,0.042536749928785776
488,-537.78475110897,800436.288144972,774868.0125700465,119048.11690913557,57918.42173654193,48000.00000041104,16573.23062720386,1048.9372452680648,3686.6654632610393,2703.2126483574098,189.96651442680215,120.9974821506552,609.6548148815169,29737.886824183723,15456.834054058456,956.8725117372593,2.9258234746455817e-06,9.295953009468756e-05,0.07326750738140753,0.00966461247091398,0.026623170177377475
489,-428.0744071996273,788966.1228355097,715987.9557331437,118981.68135507179,60750.71655008687,55804.949769082086,17016.299944167018,2695.0116506263234,3608.305967176027,2543.1615418770634,155.61862682602344,236.52168952677593,757.5630022634442,28691.778484651306,22850.556925163975,1201.6504246766497,1.821468732755937e-06,5.362054744730487e-05,0.10367693971827875,0.01019485109841863,0.01682680485856836
490,-373.11883689616917,785842.2528785898,742233.0914078072,117329.97783732567,61084.30068358914,48000.00000009385,17130.07651600238,1754.5384545689353,3494.627578539036,2407.8707336522193,101.7796969898598,299.66500606646093,1005.4173400285734,29479.798700078394,20897.334566234542,1001.2420897359743,3.253651238272792e-06,7.834456648395827e-05,0.10565273261403273,0.014019195263184958,0.015623453508113965
491,-420.5503881658996,761230.1560947034,671725.8873283773,117729.26166774103,67878.45565953142,48000.000000117216,17434.748704876933,3464.335530285547,3515.5099922087434,2393.0221809618693,161.56877401304354,532.499142133883,1275.8493613027124,28208.01758119993,20079.866572800587,970.0279699193727,2.0448320975528734e-06,0.00011523310169442378,0.10640246530068542,0.01417626226770752,0.027995399602921914
492,-627.6326089189972,823863.78349832,741397.311233702,116961.94516175732,59373.40841261701,58522.76937758605,16569.884330385168,4422.625884591734,2970.0399606436076,2385.870844648258,86.1961495799265,167.348746440879,703.6403467795592,30629.162532855415,17945.452049471856,1169.5973335689102,4.927827492776834e-06,8.363073835106137e-05,0.09473132665959111,0.016364350898645547,0.01090291459380109
493,-422.12744936701665,764627.3478772062,695909.6524156241,121385.98450125004,59258.74966890764,48000.000000037326,17151.3115051076,2920.8664652152347,3376.6690249744606,2432.8197748258226,311.9958155072564,205.22406103842832,623.5667115417748,27290.720540470003,18548.56742250971,998.4554904707388,2.729107539060802e-06,5.9656175388467224e-05,0.09233320130841148,0.01409428801604548,0.02238871069099924
494,-658.8771579267964,804012.719989233,714930.7823969738,121322.96908632234,63073.13185801674,48252.202818731814,16648.941916037867,4048.503215825471,3451.13151469828,2531.4721228137078,526.3974367632975,399.1300753710473,1071.040724542657,28094.324506270706,19414.71251219472,1041.2011605790447,3.475547837222474e-06,6.281761442311587e-05,0.08228299607752922,0.012965778386042749,0.01775587722482593
495,-593.7008500047745,761151.2330781494,671423.4595749277,119887.10119188725,61626.88053223656,48000.00000115063,17654.768912405805,3355.2236933804284,3804.2845289539478,2589.619330445939,272.77390184301294,253.09866841682543,929.7577203436481,28985.773044040987,17039.567577816728,960.6737468995885,1.4640154142525989e-06,9.986896618441259e-05,0.09859658038265522,0.009470257436427503,0.019162311769193814
496,-416.89599184578736,733992.8817774414,656788.1305815976,117006.42689427981,63269.7399044448,59140.68198591338,17838.624948817476,2668.454407031507,3663.534803065227,2383.925000158846,80.47542779927444,408.23781061283404,924.7805563659318,28558.034287091345,19029.657671955447,1128.340456708248,7.174159358362781e-07,9.026075727751226e-05,0.1257648273202361,0.012138957090615885,0.025562982437050723
497,-480.4529483128369,804369.7586117358,754849.4883619143,120794.49981291124,58648.59679716723,48542.06077696512,16559.872052838942,1865.647105500065,3747.872231780039,2724.3291759458402,446.18585010264275,169.98998379092197,705.5132900274514,28316.61523800058,33790.81480372848,1062.5830716471821,1.4752817010654122e-06,4.5163959413750486e-05,0.07274392520123033,0.014176242348742395,0.014187396571815367
498,-446.49849834551947,765247.4410151796,727265.0513706093,117860.62949562336,63269.40493640299,51939.9227685752,17261.86182492159,1574.1420566372785,3547.8086642840317,2459.4782528086034,137.47528132402948,357.0749880002373,984.2170207409015,27646.069408683717,28924.388706496447,1075.4979398761575,2.7258645679572086e-06,5.32441491839145e-05,0.08908761747363744,0.014243916972845218,0.021319708643327825
499,-501.97066772334176,759839.4664308951,711499.8472246462,118861.07755536718,62163.04510574985,48000.000002247994,17162.121652108708,2328.2278896252824,3414.7669119212305,2630.279133703618,177.1067682327123,364.4923852596483,972.1655327204172,28765.72459525204,15399.65039663738,901.5605467666924,3.7934045803634505e-06,0.00010596567321030378,0.07131109965122812,0.011160104005682996,0.02858391398351512
500,-514.4155061283043,808248.4689341462,738011.6603111639,118461.17521474739,63906.33495461369,48000.000000000065,16907.65671798814,3147.3209041319437,3701.2950263716175,2432.123031794691,141.61585916686616,451.022264059049,997.8535903496991,30597.772791621752,17960.821855240938,881.3468329019227,3.601632641516606e-06,0.0001402141175550912,0.09577937526253723,0.008492950107107057,0.033418700981813175
501,-438.49886710810176,771895.5933146853,722186.1212755695,120039.58870466118,59991.276293997886,58002.38387867923,16945.38276665072,2153.034490849588,3648.6608492236296,2738.3455704531993,257.6181384446709,221.0137010196589,729.7794865511337,29075.674723692842,15485.669170743735,1095.576011560824,3.2024848731532565e-06,0.00010179804019812088,0.06951708945990309,0.009929159510607154,0.021107197283000322
502,-637.2612403975334,770816.0992348095,691230.9592486174,123163.84458180805,60753.053814105144,48000.00000048735,17462.569851670632,2736.068759335918,3709.358835814845,2618.69155129639,525.5716582035756,228.17528768963035,901.5567108081392,29647.497942226102,13273.357673620607,910.7909102336936,1.1301083599895987e-06,9.743037415144131e-05,0.08714917311668778,0.00998250241707536,0.030092540590594484
503,-559.7398431741183,764622.3573633041,718435.9021327762,118397.790972682,63704.30256993496,48000.00000171892,17362.21163763427,1596.5020271800884,4004.469941472213,2807.552759567939,148.96901980698374,476.5995360499335,1079.026614095045,30631.320019863924,14231.006643361588,926.0286121891772,9.99557062063523e-07,0.00010314111007153074,0.0921109707574512,0.007831740506432086,0.02770183613653505
504,-504.1268777759261,791756.8267171372,744381.8968894687,119705.50885724388,64180.920117840426,48000.000000690794,16958.50058593105,1790.0585793573646,3657.9607835518927,2589.4452078045874,235.61872171460547,321.82493868734474,949.0040407217427,28994.013821210818,17844.84412913582,979.6241052335643,1.9422353512136825e-06,8.514165667601703e-05,0.09442956572561226,0.010318113468775578,0.018838459111318553
505,-481.24809257474686,730020.3671490577,666837.7846517606,123541.45536575043,61184.40302193708,49200.53154165915,17627.997358584314,2472.5416042434167,3525.7523223903786,2841.1884219895082,573.3739164882143,305.9168694587047,964.2089988968161,27712.893427876366,15907.098763861319,879.2222622433596,1.0657113560823466e-06,0.00010469971523545504,0.07314797697875845,0.00890315561292309,0.031043041854021132
506,-461.94386101733676,761173.0177567045,720470.6958135568,119124.05257897826,61089.13203929798,48000.00000024358,17150.727520036024,2128.2601069870298,3264.318428874011,2705.308959853198,219.64252992280527,240.52017116639848,749.7531443228703,27182.072501140086,17445.758609196535,1027.7871778826627,4.455885839088485e-06,5.334148832655009e-05,0.07210983068344401,0.011444360471580504,0.026026306967030878
507,-525.4776873668769,739029.7560065357,694787.8006017971,118549.55459013816,57849.41203622407,48000.000000083965,17677.93806437803,1685.091976487392,3829.0149187112106,2732.732879259748,217.32202633101824,119.15885922593085,594.4874973338954,28238.19555824258,16151.655374253496,913.8529333971821,1.087142246071239e-06,0.00010934550841651725,0.08276737126198927,0.009444423854366469,0.0249282943786095
508,-492.4563008760543,735663.5234235574,678073.7974017502,117561.15061614699,57895.03799110738,48000.000000000065,17978.729380237543,2549.157100214593,3405.503408318459,2686.7128556125886,108.89702861970254,102.92486803732075,750.4546143489694,30738.608294834423,10820.581350023307,736.1363733820098,3.02909977046236e-06,0.00014913110682358122,0.06618118185390544,0.013691119732721796,0.038258938970545456
509,-589.3416008154651,741906.4372463626,684626.4327034984,119508.76620384827,58096.82520153884,48615.24519335312,17718.936458292268,2232.2521055543148,3690.6553985025835,2702.9206125487667,250.72353062318405,103.55768506436287,646.6494628423301,28159.382688099882,16165.508493462594,873.3974394196298,1.3474410368455303e-06,0.00010544814746133107,0.07832045096498313,0.012206551659674967,0.025321813418142054
