sample,ll,T_NDH,T_ND,T_AWN,T_CV,N_Anc,N_H,N_ND,N_Den,N_N,N_Alt,N_Chag,N_Vin,p_S_D,p_H_N,p_H_WN,m_ND
0,-356.4849293506453,737800.606712797,625605.7230135002,133930.5361068657,61733.10187957622,17581.217306717812,28439.401689227125,4076.7146200855063,3480.6289718482635,2923.9727251607733,1643.2094731108364,251.0535905090339,944.1985104656852,0.023472990364143714,0.04842477643871144,0.013286492975843058,1.1015539766376795e-06
1,-333.1456721643213,766430.2648151709,726390.7222716612,128633.1075882226,63651.59853290876,16760.860938143345,29297.750031954685,2038.093131198747,3254.1970755160296,2922.177242036387,728.0634378459761,384.8722198899914,1007.1024338553573,0.015804892541699325,0.039131871304594654,0.009663148635985153,4.626880183079142e-06
2,-390.1030527301902,751437.9669025452,696225.1920993871,133781.25496252664,62878.469795312754,17329.057118767385,28194.889517812044,2053.397149009106,3834.388900071157,2755.0461386510856,2054.315938340691,355.6135048318766,926.5546505041985,0.006109398535185987,0.05877490016440337,0.01513404441682733,1.478866956705192e-06
3,-359.7177691072392,767151.4430156949,731735.0556170684,118927.6737545805,60597.077853109164,17081.868126645793,28873.83973072323,2065.6347717175604,3230.9105176964194,2812.5169698247746,196.02401859527058,210.3720002390358,958.7143389130889,0.016763562472043355,0.03869214235315785,0.013085724584129476,5.096836013691456e-06
4,-380.66419971050794,766830.4140023454,735399.4630362374,129055.65087209831,64100.36400698727,16693.5696184865,29090.883285477757,1405.7548356868033,3379.653943798094,2708.956129448875,814.3263878180961,347.1342443423042,910.3028768761309,0.011278711385201897,0.05218976550183424,0.01451927620170785,3.279610599703296e-06
5,-308.4981609617635,770268.2811248708,686550.8865540024,118672.55675337696,62738.15313764808,16965.36993604373,29098.34369947572,6180.390921577347,2831.8299654020657,2439.9511203674388,156.497641255104,390.16717698451066,827.4334045529481,0.012718133759710905,0.06012299891625674,0.01403645649732816,7.514932335911682e-06
6,-279.9222276512813,753564.4534057688,669443.740250476,124878.06230325003,63266.39123313033,17439.579283048202,27406.582346208204,3356.4449474567823,3547.12591396381,2665.901506791402,538.0104540518339,345.67020883921657,916.7320419578361,0.012490660037704007,0.06074521603454211,0.015177337584781282,2.7427705500854016e-06
7,-370.3676707696441,745211.8790218361,742312.9003038025,124583.41090193007,58640.30396342924,17240.750663616775,28211.346120547863,150.2913527707223,3393.0325383595455,2864.1106278007637,504.32235195289996,137.90680393114857,751.7431730339539,0.0021225056134135663,0.05505369918015528,0.011757299999432013,4.0688597331054036e-06
8,-401.8028554742242,788708.1702403845,745078.6285523162,120400.23606837037,60633.44493988385,16517.035245816194,28841.057353644548,2001.5361333387755,3607.3356893180194,2760.7271176834956,248.7930154199273,189.79116472262783,930.9101667761868,0.013518776893070177,0.0627576158286312,0.012512710428862168,4.153509723901305e-06
9,-309.84243084990567,765178.8101575444,697557.7929156034,125253.36823477132,64722.41914246375,17206.2067920546,28363.839085462456,2990.93213479607,3599.7134308414647,2744.690593471127,752.9721002288454,412.9168332263086,1110.8169953798904,0.0087467576198506,0.06071836112894841,0.011090137086622518,3.4608001679320368e-06
10,-459.8337642454995,820973.3459105275,698349.1525566352,124813.29932911298,59454.467927751975,16363.830875624672,29145.76878317039,5667.828951647799,3315.227718498289,2640.3473993945254,633.435719974038,164.87455611495048,708.8513068643233,0.014365051105031354,0.059045017821788746,0.014514045913928396,3.5696027875383366e-06
11,-289.7836156146182,801520.0280399484,770812.6296844283,121011.15071478252,59155.276075289265,16493.943150472336,28458.621880024533,1518.8850042634137,3357.4316781201264,2607.1580473887007,377.86896599224536,172.03307220042618,705.2996005380171,0.003344500782770279,0.07755270020354983,0.011116474554705616,4.615319565035785e-06
12,-396.98477720384517,813732.8791068161,736126.1488540075,118372.75468456226,58551.079446729345,16793.970380589493,29524.921116309437,3907.7389604273058,3250.356110578991,2569.4346321591424,162.36316114771455,131.92830768152857,714.0433512292074,0.012098902104460133,0.07275303104272747,0.011999836414079394,5.418621181590266e-06
13,-408.5910907163016,759138.4491150787,581824.5223770499,125324.44431506429,60869.178322800966,17239.2926688752,29061.89713406219,6079.907316826115,3697.0294721688388,2810.64574932153,726.2016565881213,298.5649885353575,914.2869558235085,0.01529775869153549,0.06811208680468679,0.013580922383432182,4.474936665271731e-07
14,-356.19306241846317,767451.7899649609,698220.8359088685,129227.79785337295,60559.23261611874,17089.827347288956,27584.743307780383,2577.6526440404855,3759.263049040947,2851.300181663786,668.7569931063931,212.35603866633363,765.5190153084176,0.00857068949993785,0.07035880939518366,0.007829326065446012,1.750705627988997e-06
15,-349.9515279650218,772175.4292990809,645808.6460985388,120281.04989683254,58856.676006767484,16728.515290577598,29778.26418903777,5546.732605707112,3140.777074262927,2904.782618360164,286.05163658297846,117.65731185401059,692.6218978237943,0.02350671669416784,0.05128701878509338,0.010661831962665722,3.2264922007667186e-06
16,-381.74285945819116,741455.969095051,725251.9692475108,118426.02954303088,60561.98269669086,17671.092255443564,27168.982134870515,732.066210671044,3265.721969099654,2939.0972563082446,127.1599939773299,240.538749188928,815.1499242649741,0.01928280605694254,0.05297288625405633,0.008550117523684536,4.028527893057659e-06
17,-342.3740524855135,769372.7242395565,753938.1912501785,126915.56194774195,63459.27097641321,16906.628013818296,28196.27501566271,737.2053796661469,3096.355766865965,2990.8763984067973,556.112520391482,367.0546039975079,887.8713701654938,0.017321209444513826,0.04026042258086412,0.010644512531809636,4.073491925046687e-06
18,-257.80932248303907,735594.1094987427,659998.6997310092,125900.59162509546,63790.87937396546,17211.87904594946,28323.45197661509,3517.2780474584383,3123.19691001356,2798.091385051255,679.6433178566582,377.02461763412964,991.6766321887408,0.020140959088014287,0.052980079705595776,0.01075364301201433,3.981120944484849e-06
19,-305.34511496778816,750956.0643523971,670414.2573944094,117771.06975496699,59768.87660933823,17289.270033756497,29109.82877372337,6519.192668085195,2779.1084753509494,2383.5211940290837,115.45372080645868,177.9140183047701,911.4804991705148,0.011464505345936004,0.06249142656872383,0.012455609386782175,7.688734709133377e-06
20,-296.7346256403895,751983.7182779935,683646.1228391487,141035.2405683322,70470.1573149093,17492.415356982514,27599.449517157584,2485.688113638693,3647.130581889633,2623.7962246203065,1404.1777415521158,981.6816075016538,1452.397866306627,0.010391592107083935,0.0690715985382432,0.014132433329040578,1.1286717436487988e-06
21,-299.0025093568516,806755.2633790167,771424.6205602159,121691.69344655532,61304.25189438385,16352.69060212793,29427.376724924412,2298.5145865953896,3020.6884882574345,2646.5983587595797,288.1780878611557,269.9491363482821,850.8156641028065,0.014639245893295294,0.06259826402665279,0.007611658189581736,6.20353043510733e-06
22,-348.5678680980959,786745.4880783514,760385.3495590313,119559.20055864527,60097.80657532759,16523.865668518996,29386.165190527878,1450.1522464239072,3195.615541384823,2722.2187826641693,185.18338607559403,192.87178898773524,736.9614190517563,0.017808851572142265,0.06598171848977687,0.0083882873421931,5.278662813835537e-06
23,-397.1389455153396,763286.9278690629,694596.3275968832,119914.069500963,59991.53825767332,17036.98209462183,28260.716288758384,3060.606085976281,3264.60107101577,2775.6949575269086,255.35264433430737,235.0362957967078,820.6118244850737,0.013710757971471659,0.05675694084996095,0.01309393325214602,3.6787309110668195e-06
24,-313.4741047480754,771027.316861517,699211.0932075239,129484.36561795614,65683.74400152134,17218.840779985705,29083.179306440066,2437.82246470596,4102.653780506798,2862.178064646966,1064.6178768062462,489.3348005230138,1308.211310041896,0.00934636385234874,0.07065319382739857,0.012541915991364807,2.5858776310942186e-07
25,-355.56454066950334,773554.498580722,601338.2510225162,123525.82495929791,62164.626810602895,16862.033384937575,28251.924093846766,6925.679095849905,3204.737007326559,2709.3081604662566,483.3327237604396,286.0166847491773,853.9191723869434,0.014107788031997626,0.07052715276159859,0.010073285692842979,2.2089650464862782e-06
26,-568.0159891815733,726880.2596534889,698955.1404717434,133007.70258305437,62328.47668190311,18043.44006891911,26457.320278625062,900.735314394605,4055.198169922688,2864.9329776980376,1426.0346972839006,279.84284020270786,842.9845443605245,0.010933379093471127,0.07459271339881911,0.015119189223566434,1.0000000007171775e-08
27,-335.1061868880348,772218.4919338871,699296.5807523346,124214.78341108102,60756.38172182596,16978.946872653432,27686.79948362982,3619.3223543505223,3451.0219390333245,2793.0854512470364,561.7257524986148,231.09141097524451,751.7139996599087,0.013265561292050346,0.04863666240419029,0.015045293864793901,3.994650532891983e-06
28,-405.9668555178639,736407.4887489041,687428.9716034314,118686.30260999766,58174.08786871572,17464.097638695006,26418.777863739862,4377.152502072037,2816.352411812321,2350.8189866972584,197.795072588942,126.07898927380461,774.1786960440579,1.0000053764254014e-08,0.056462990898408456,0.018883934562680463,7.568429243721865e-06
29,-342.8810840319993,748892.9395276359,700030.6179865705,135621.4783479402,65646.95420063246,17042.324586658837,28663.423147442827,2312.401146078574,3288.0170085098675,2843.94900200858,1112.988637251555,426.52158130665885,1124.8139973197115,0.014583936429111594,0.037265155763603536,0.013104147346397296,3.8891619573952535e-06
30,-263.0969948085425,753964.2818641878,652521.4289166355,133617.8201348089,61243.94701983833,16905.48413001427,28393.984137497937,3263.5796480885792,3957.5658338428275,2869.399525043891,1351.7458091021883,286.9959294648222,940.5750462253535,0.014838083718410012,0.06534343866638585,0.012463298514115689,1.7320722245750652e-08
31,-431.2657944703135,767473.1364594318,597130.2856759656,133576.03749511874,64018.334321681956,16756.547694188426,29148.558917586506,5741.768566636873,3654.390613029212,2892.670283738463,1063.0153782908346,449.0717836431407,916.7675396481421,0.01630124200572405,0.05030998670026499,0.011102877808352937,1.0000000024805598e-08
32,-369.57024667260333,809062.5497943307,717594.2939908404,120092.51337012138,59271.846677985995,16297.653658756146,27783.100402402622,5097.574671505566,3196.170675299365,2724.422166203499,379.50647989683023,167.9776741386609,737.1264003800005,0.009047106759010885,0.046192005131449505,0.011604327605499457,4.629123418013048e-06
33,-260.4418950268262,779281.0292941503,702450.1278535235,131378.4596741394,64066.40597639834,17022.492798278083,28791.69160695838,3019.210030749767,3850.6635444697604,2811.4251934096833,1146.935295466697,435.7553746392241,968.3424385666672,0.005061977515066715,0.061538745690987114,0.01402074727937625,1.653817442083136e-06
34,-399.08203192599166,803458.3847802687,703049.9489552787,117957.1406173794,59001.88470272008,16335.796495787961,29354.472145877062,4566.938465594629,3389.661921541681,2746.913541582574,115.63372336811229,140.16443153042758,744.6732086072924,0.010741788868537494,0.06630179484625259,0.012229330964528709,3.802436321853926e-06
35,-484.57089836817806,770229.4259725303,762455.0051459123,120440.5946524892,59929.7383696974,17183.58675273378,28031.747199358742,466.228554692847,2971.288583606249,2778.6239711795915,220.0081437720847,167.54580955553448,754.1775065722738,0.000812478876047597,0.05468371217275163,0.012945693881201998,4.971875132854093e-06
36,-358.62003930540857,758188.0412768648,718950.6620901896,123496.24869216434,63080.37128175315,17023.23169698041,28202.715127458043,1682.1258166423577,3478.3208477979,2903.0345384236853,419.54429030455077,398.6149258860905,1098.537645890278,0.017505635263737603,0.05503641418841615,0.009256856354082474,2.8848244648147632e-06
37,-361.16770722349884,759780.2626879008,676779.0332196061,119113.65104053864,63943.000858647494,17504.262395431986,30008.11638922959,3419.265159421679,3606.60938432902,2796.3388179133276,214.17784866005636,419.90301871380586,1049.0186866244012,0.009892767491454164,0.07240842965863033,0.0083497137887395,2.768786008098804e-06
38,-259.7649284363388,805324.2852797321,636701.6869843845,138490.6505930141,65166.428826149386,16524.00865147576,28754.74183199793,6251.3755811820565,3519.998356436001,2774.5132377673826,1322.2329253683395,445.09857721994746,1287.4004182259455,0.01439781524101223,0.058740937161727104,0.013173001591937645,1.1919795645243436e-06
39,-310.45737818861176,746969.4223756474,596543.2378514773,136117.31903918172,69548.86684963286,17311.792473442383,29252.68245934685,5378.929960870578,3755.780501388364,2843.202821263336,1551.3177898355398,777.4909374436576,1375.315806686349,0.014499922053054962,0.06066596850158137,0.009240832087791593,1.0000000004438671e-08
40,-308.22620547534547,826479.1659094525,744890.2631903115,118346.64855727603,61527.1416603726,16318.565181194253,29013.519605897727,5043.628936654836,3200.10443179056,2578.1859242592063,147.26589301407,374.0907733009439,906.9694037276499,0.007201744011244338,0.0657166047750268,0.010488511164573201,5.7286958789141505e-06
41,-483.02133937904415,776355.670981138,710400.7978940292,128286.32380831483,63688.64654605763,17247.88104464889,27625.359557058073,2572.3558375171983,3435.5449644002674,2760.376494755516,786.5942685386001,372.7779397745527,951.516086802091,0.006682801513143367,0.07568345918035749,0.009206245637308227,2.078526418166898e-06
42,-353.00351050701755,751808.4699683943,658501.9283497516,118860.1713527349,61489.01721917915,17172.878740310807,29393.413487640853,4478.763905951933,3415.80338661029,2697.7793483199102,181.02769274548908,268.0155718543856,930.1846584010377,0.020619834349292307,0.06940276513341422,0.0070281254904644395,4.208677006116009e-06
43,-428.42277395651865,774379.700099857,657406.5251946697,131783.56290515774,62894.290051668366,17125.712603036398,29142.10174369528,4578.501751334773,3618.1800865474847,3147.1614120877043,942.8781318307289,314.1723290113678,981.500819116828,0.018161831041880183,0.04730296937902852,0.009899209311223026,1.6027063926515532e-06
44,-398.73687142029183,760780.3106181038,672062.963674016,131035.25055463234,65040.21775120142,17048.781703802462,29194.628000647583,3595.9633836603743,3428.2261172410053,2886.2958465102724,815.279562930165,461.98357587512226,1074.9183073387965,0.01698270249107282,0.05299507783014255,0.01150437243670139,2.274133371438063e-06
45,-525.7867091444555,755833.812428904,611697.4433964293,122611.83492646413,61158.01480047226,17159.27017230721,27813.065917843025,6649.538042391816,3279.7330678205235,2858.465071099153,421.1873554165283,303.8194744843438,939.0563923269584,0.01597580981077479,0.04653189393874423,0.009706110716429283,3.422271748914788e-06
46,-388.8923674243314,764873.6532932032,722342.5185594034,121684.65912207212,59806.37604483438,16984.89512068219,28518.261625692874,2345.150886037183,3477.489645010807,2702.088646299332,391.9960404422933,185.96225189155606,698.5379495541216,0.004003016175354185,0.05580625636356251,0.01267134965064889,5.067530765135136e-06
47,-587.9485314519641,720437.6824261628,655436.4326597658,133528.137249423,60560.77116304998,17598.002528331923,27598.354142014072,2225.5428534130997,3653.2556594402745,3004.7035466968746,1011.2294777323941,186.01438242277138,778.8947185188251,0.01745681529175677,0.05796776090006432,0.010717614369755631,1.0000000002921592e-08
48,-248.57236081406148,776751.3365246339,672310.9996295782,117161.79392693087,60087.48638746063,16677.15847332201,28910.7047929468,5110.403422602323,3064.602530032041,2544.1185706263636,104.60014923986692,212.2491404847747,716.6485658279472,0.015376816753810266,0.07032414600027238,0.011158387182124075,4.546727928677884e-06
49,-409.4931153447015,780153.9611136538,646100.6527362509,117026.26180101691,60047.315943907604,16967.341640053724,28529.769093782008,8062.048544668939,2802.214837291838,2650.1681584008115,86.24997536637962,168.4240041329379,681.5061941027136,0.02028808560168896,0.044825767960713366,0.015448749914155745,5.9402458690506235e-06
50,-455.24723264473863,794965.6746473898,710811.0803448891,128015.96246145686,64655.888202826325,16922.048765802298,30176.99221321896,3981.411456110714,3256.461694367238,2889.2430681505602,718.0136517385987,488.66731867167226,1249.3218798646435,0.014691235944664607,0.053987219320718226,0.008529983920091128,4.070147829188324e-06
51,-327.0902913540676,761664.0825717791,720056.1669164407,124326.21723081534,62739.517080432335,17269.043801084943,28971.4654929568,1881.7852674732912,3417.3475235921246,2760.215805562809,475.39349885040343,345.0047140005864,879.8122390976489,0.009697282383266002,0.05892074204380843,0.00970061495622956,3.4728999923848543e-06
52,-457.070205617198,786892.7347403038,726754.4567322116,132451.5429364384,68713.62163861138,16521.44347977956,29890.033250150624,2185.4876453455727,3588.621775287595,2780.538803693012,1250.2694869961658,652.9740678572725,1106.3450826797016,0.008091549041397401,0.07388645303681653,0.010804797771046407,1.2117129212306424e-06
53,-321.1157287696678,764638.7372901468,665324.696483895,127742.5291163476,63823.15436711219,17094.50710916006,29580.131295177303,4297.921822094048,3349.5685879401826,3034.822768977924,808.8104088622573,371.73673529279847,1084.9772646644883,0.02752280756741875,0.04398569581511147,0.009440064281097265,2.8292104462158045e-06
54,-276.2356758675878,738865.9548835088,711068.3655789295,141876.49466706373,72206.44409262795,17670.492390045954,27831.663631087147,955.015268278631,4034.714904078763,2560.4330584173154,1906.6509879005062,959.8896010222445,1494.237251020091,0.008213356463315918,0.07621171552823516,0.012823090226430767,3.2853834205736443e-07
55,-247.96875591697312,741671.5967260834,691404.7408890577,123369.41590665582,60300.13688458363,17375.820663077113,28661.254307418076,2140.275574699704,3611.1153928634653,3074.5928219786774,455.6009109425079,184.59340020420672,641.3525616876607,0.013458461540966733,0.051561099873042894,0.013351519647839422,2.435346159110064e-06
56,-363.3635810181388,771091.4451571751,550218.4863005455,130175.72094311022,63662.02139322433,16827.88678938716,30139.472497508163,8782.846428724528,3160.5066483748756,2776.7123725189085,1083.2104132850563,363.30799339347385,946.8585772598796,0.017255270068399525,0.04252578434755743,0.015843745762812153,1.4048219041320867e-06
57,-309.14943899974503,717904.0212373034,675934.4301743798,125383.40097345857,61285.69559258481,17948.355327130124,28106.354050830723,1713.0646805882332,3536.24899282453,2950.022969148752,556.1438688811841,236.40648766437158,893.2113200624052,0.013849351142685252,0.05579145943348243,0.008896301409883896,1.958839486967754e-06
58,-355.1192074447511,735999.388032987,644378.2941942088,119213.58740842625,60734.87935026603,17418.89851776678,28062.136867049438,3806.6151583486585,3349.426948727654,2900.6484794777707,182.20744650946557,243.13654228223686,790.3105062190083,0.01357129972392626,0.05479421628076736,0.007338769049605957,2.8720213510813273e-06
59,-327.2086455834878,802103.9412637845,666542.0738371136,119070.35758401445,59122.63814036045,16522.480808461285,28388.868343760245,6586.946716960501,3323.9883203347517,2739.734472199001,188.71142438921882,167.2056577858243,686.827357262903,0.013319947377813746,0.05769455243970198,0.01052704064454242,4.3023459424498874e-06
60,-456.5025555044542,783693.6095716553,703340.9791551114,129598.41394180081,63227.21212350016,16563.89071896548,28775.188453539693,2963.7585568424274,3825.374213758612,2945.944792877704,840.0551613566902,324.1117485501294,812.8588617649133,0.0140517636862443,0.05574104406814479,0.012271592384157776,1.4666314715734733e-06
61,-273.6503942004523,790554.0887632183,752082.9004941749,127456.908846902,64725.97739925877,16537.71924512996,29897.269337756188,1781.5827936785595,3450.2627979648987,2914.616896167297,646.462869172655,445.62589439068046,955.6231353153701,0.02245808572517063,0.05372008030574699,0.010487921770982345,3.473100413543463e-06
62,-332.7222732358225,782084.3291247574,727977.2337835778,132573.22126777397,63778.4399480771,16759.798937334468,29620.209743538457,2331.068886938983,3489.8096076768775,2788.861570471145,1378.059703589812,356.15466518966304,1047.4622901665489,0.01657175408615465,0.0471173222743459,0.012869593713519376,2.8106598531371456e-06
63,-356.3080676154533,743017.0219892827,719390.074805544,138811.95096047703,65261.05835857112,17290.605473680418,29078.695112145302,862.6627051016912,3663.4112622543325,2862.794653616626,1979.860338594581,471.7796981074745,1206.6569308382448,0.011792110591894021,0.05293682621925433,0.013563605803435238,1.2271387927622822e-06
64,-192.0575062034534,786932.1266931745,756436.9577544298,122087.35106707545,63007.43862369724,16696.676717386443,29523.993855704863,1451.5330193845207,3529.2483901020855,2964.8714010016997,344.61065190326354,325.98026683716006,1031.0978400874876,0.018404231950961945,0.05706336768615876,0.004275677976626931,4.199210088120368e-06
65,-361.4827523364746,792445.0863035017,643038.228026415,117449.05391859825,60090.50491582665,16837.629532576047,29434.858767564616,7931.250064854124,2883.3272021001253,2539.629442268372,136.30026823109733,200.18743675064835,741.5583142239683,0.00455638221861837,0.06804031227946304,0.014628843576330177,4.936843633526151e-06
66,-375.53245119838124,756881.7531105357,645409.8880450487,129764.01892062194,61196.74738057147,17212.75077324362,27751.991352070578,4368.835931068263,3573.5375430979284,2913.9560744964583,895.4174853927547,256.64062010136723,869.2581265411081,0.01011095202780121,0.055233236441051305,0.010075625889302229,8.819022299487426e-07
67,-347.58001970753776,710452.6947343737,657297.8846019418,118554.43512124196,58299.43145315676,17937.65929552736,26928.377699276574,2630.8922464014336,3161.8296297659494,2743.96241005296,203.92089918880322,120.13941635691315,705.4132512452359,0.012946169269936999,0.05777389813255557,0.011034054668646705,4.271067309074522e-06
68,-367.89439280266333,790476.788608269,712184.4824719022,124722.37098913347,59313.59621339146,16820.543808346403,28286.102861146468,2835.9623935207605,3708.4679938107847,2922.149262570308,767.7908467635419,152.79152093748442,852.2993303271369,0.007314307289451757,0.0615192857051807,0.016739445277424884,1.000231712197675e-06
69,-355.4819124079671,750939.9372907055,652194.1656302505,125949.45989686003,65454.631727070104,17172.541720842622,27642.553574236772,3944.3370834911493,3595.5150347545955,2664.9359351533535,687.9755536578382,465.15088185810123,1000.9909699509349,0.011406726516491697,0.07460314958126692,0.013022962161314725,1.7228925481157298e-06
70,-389.4664779312737,702229.3003188468,651523.4168961528,134825.85920216172,64566.05388691429,18040.7716651459,27112.3083957671,1862.1735363915004,3638.029749720154,2921.494340318212,1571.0702217961225,452.0884482168274,891.0801109875943,0.010487974215657104,0.052413070011452206,0.015040262757092348,2.79280442297985e-07
71,-367.3998169196867,776487.6255227727,698772.577817824,122946.7999687143,61698.08908356874,16925.429415814786,27895.58019909815,5856.249042700735,2957.241537741206,2538.314162067577,385.7633160889842,296.0242575132983,873.651736526199,0.010560415235921604,0.05737263709259709,0.010406280631228428,6.97067385302016e-06
72,-420.3723528714342,746036.3451515033,720858.570962048,127007.0139871645,60113.09190671965,17737.640617799058,27927.659558438583,1266.8602612199927,3275.2169154841263,3086.715141817792,581.5470449891664,189.24150797414856,765.1402841490243,0.016573706006613644,0.03656442923976513,0.009254023186566544,4.445533613845972e-06
73,-349.2855510381777,756469.487726088,748019.5149219587,126065.49123348357,65281.647669599704,16851.5129867308,29775.690935802137,473.02607517400213,3009.844902549678,2772.2862773831694,597.3059450373984,394.1417938505989,924.9459381446915,0.016966782577698028,0.04006630802345246,0.013708074733853668,5.0516843259553465e-06
74,-339.3865234994349,731955.8263277913,665100.5418658559,130223.65560580124,61616.66624459601,17251.795025280007,28049.099224520327,2821.938405437486,3388.933087950671,2930.1380985156193,987.2488872707186,266.7117148323571,865.0592455117899,0.019046513610295784,0.04757698813829054,0.010708190120133753,2.5723686616800415e-06
75,-318.20823104680994,769210.253141407,728425.7243765522,128605.1201682184,63258.37860167751,16967.660936598033,28764.905217740175,1926.0590637646312,3483.897911535375,2877.4360371869625,768.0953076319834,365.8881702003782,1149.1891642925827,0.01280165697856548,0.04630417124666671,0.010510558268582756,3.328861667298943e-06
76,-386.039302187571,754062.1864754402,738549.5737124645,131543.19507088678,61847.02329335237,17209.91279170447,28512.096044443035,658.3559101447205,3581.9569599192496,2921.920629663791,1031.5374700819775,245.98211660599668,1041.502580118218,0.005105815584262506,0.050717048990738166,0.014331028871811303,2.278853662358373e-06
77,-331.18832945625155,751599.983152181,634159.6678136259,124537.53679425703,62007.306721543595,17243.550184567495,28496.11515161686,5246.482980930452,3237.927142965423,2645.4214560236233,674.8337209248905,331.1991851895371,760.7608700537385,0.012782138177405021,0.06063954645273554,0.013980482583066715,3.1121618659824384e-06
78,-335.0109956155376,786808.0839574698,735535.5327241371,124069.75428366977,61346.913797854526,16384.627256923173,29500.545950788965,2373.303179688008,3350.235204813534,2775.050139115512,479.86515380475424,261.3895871010881,951.7192682438803,0.00941796020155596,0.054322655749348074,0.011176431959443496,3.6081252514430893e-06
79,-376.62148766624875,768862.8215846075,743344.8855159811,123680.79655648122,63084.23505487915,16939.60809014605,28873.048533572226,1285.494847817052,3090.6892026470023,2652.1266914555586,401.3881461791939,393.25481843792517,908.6807421531399,0.01697705483455831,0.06423502048875619,0.012919829094327892,4.258029921663879e-06
80,-369.5331858983752,771216.0668981603,728464.0524531266,133994.70747348305,65486.70795830115,17083.033082869682,27701.52112559307,1411.3798839328313,3885.756063719351,2871.9285245360475,1147.2733775924285,411.96350213579393,842.1475148968951,0.008870038033211515,0.07633445750012266,0.010804923759782025,3.891753386731242e-07
81,-254.3124639718481,787362.0210658659,751441.4964816512,128617.78960106513,62510.052849075066,16675.371254215723,29445.864536895322,2060.058427388235,3284.2839078926518,2786.9181191918688,869.0302896762706,328.72838132869697,879.9456526840519,0.012723556262147133,0.04801046083998122,0.010635326707239741,4.5966324773783376e-06
82,-418.0305620231827,796618.098086582,749621.0798184566,124343.51828485687,61321.81812907645,16801.496685426264,29040.200538797635,2240.981029764752,3325.910025583447,2760.762859611839,644.9779524314698,291.5721271708474,980.0082969366149,0.009603454038074522,0.06593990990263536,0.00978641745787705,4.060281645014559e-06
83,-365.06250512211557,777456.4001794726,730101.1519784073,128554.07930810806,60661.020497964586,16904.07241563191,29610.41423952268,2172.5457571803345,3413.2901945889466,2818.116276886837,788.382323203355,235.79152284980623,966.1772639301723,0.01663517300617316,0.045402883739552626,0.012108880821838773,3.90970256306565e-06
84,-431.1654376258302,739412.676331984,645168.2558638074,122053.68455011181,59535.8645676873,17409.188185004838,26771.455523171942,5407.073833574523,3396.8546961300344,2796.603637256435,494.23822685815236,206.16069451063214,691.8771034790738,0.010258618758267802,0.039053032570805134,0.01316809463593597,4.989745497313861e-06
85,-312.4037062718521,781250.8843346573,651870.2749604345,118940.52763584522,61161.95651806769,16960.7691263791,29616.1869905753,6026.663090953692,3280.445802527466,2848.0457754507543,196.65127364854422,280.8234562307194,949.3943593940352,0.011375715267989086,0.059431722865638296,0.010660997528058375,3.5000228155775213e-06
86,-361.3314045013296,734947.3221261487,704631.893625835,121200.34052569586,64305.5287545297,17213.535667814045,28497.76605856176,1439.8980703103948,3171.2061280889457,2959.924458489346,289.98458550391484,370.01214976231574,803.3498232870551,0.017863225335664968,0.049596563949476445,0.007152868040137037,3.5095283093443796e-06
87,-333.12056881551996,759090.5302133394,744673.5848903595,119115.60414088097,62225.395796410405,17217.79038677227,28930.802961376485,749.8312813136353,3196.4124820034067,2557.205759022495,228.46194483735792,284.01425646189807,916.6992965195053,0.006020718335680109,0.06807909146476082,0.0140088886544728,4.801479589842931e-06
88,-300.45000661958943,704282.6607847108,701277.9062220994,132039.43474196456,63351.2194282005,17946.802324732715,27042.11180240408,100.00672599661773,3974.9164048899133,2905.744322609489,1312.2638510821844,327.1392210916892,762.4763572095029,0.007450001388841618,0.06579563072783128,0.012738587524466381,1.0236909460043322e-07
89,-294.1682024130681,747040.129463766,683449.2908440502,130260.38068135371,68124.18581105478,17267.886939521606,29115.118820807413,4467.662096533222,2881.3068959421194,2689.288679357657,1083.2055527463997,549.4843562744084,1211.658863593441,0.011637602464481547,0.030554300415917092,0.012291786909607647,6.103719279234756e-06
90,-302.8009545642119,720005.2723954105,675708.0466888981,123861.98776731423,61224.63249757016,17856.040542710318,27548.815807147694,2506.98019154881,3137.025795773636,2745.1495712069436,492.5542661323585,282.4590552273496,996.627636394284,0.01329395004366202,0.03334208137235046,0.012915509426881322,5.352840639740893e-06
91,-412.98085584333575,745497.9897919676,691959.1771104209,120135.57344298987,60426.80610267543,17139.018455138044,28044.197197819954,3149.6740597368916,2962.9297869916845,2698.568094161953,259.64690761153145,201.0584033161588,772.3713295813649,0.011468155028018644,0.052658062986932916,0.013158392121509146,5.449968180101438e-06
92,-422.703071604701,734821.2740647533,686448.488819862,135346.77373197424,63731.3810313145,17374.7107950706,28034.95642384561,1956.4833469080081,3405.3135064603507,2957.7559807396465,1187.5087522988742,304.67444886503733,891.9709359608975,0.016809679054406206,0.04166465436439755,0.01104781411468855,2.0392898194995624e-06
93,-287.85596436254673,773058.2119368826,711066.5723101879,121638.64049590119,61249.707849814324,17031.454482135014,28482.431855110695,2655.688133190608,3556.8263326567057,2866.6362400757525,362.7655852425881,314.2087135067608,901.906568717082,0.02144887466081611,0.0561490386502589,0.01180599524182116,3.456141027937753e-06
94,-312.68891017308715,770853.1844403121,633927.3057365929,131508.78658032787,62800.914000491815,17023.787634959328,29104.610006299652,4687.653773521571,3759.79198401235,3052.141312771243,1087.5136882301879,317.2702696150701,932.5381758688452,0.01619419402682795,0.06041843007446929,0.007838567955551963,6.425980501410471e-08
95,-379.3483714045277,765546.1521560571,659706.4138150573,125933.99541725844,61591.718925107634,17144.22736999628,30271.298282725194,4259.484285595373,3639.69622847366,2986.6895578662775,597.458658479903,274.4833151288009,862.8753492125181,0.010381346691545532,0.06002641336955014,0.006714654128317271,1.8873829931281203e-06
96,-333.20725810287144,777740.921627851,675991.033882765,119990.95160053975,60016.46015430789,17038.07802387997,28799.898989266057,4694.081218234656,3229.8769034627653,2762.7049991107137,215.37504367348248,203.13427064509906,855.3165285101678,0.012584097994382959,0.06389592309993576,0.011336748207710863,3.923741701774366e-06
97,-528.0000633562739,817526.6470508102,588152.7346929229,131569.87310484072,63478.40530482036,16401.21526993021,30524.01113311845,9383.615678770459,3127.099859026436,2779.4544816038765,1199.4078100729218,345.59799024865833,1104.280716651854,0.01745247224645898,0.043288824512670056,0.015064149737443725,2.5168183096773977e-06
98,-292.50529447652593,737940.0093319056,601977.7393536167,137363.13648014568,63830.922306998385,17192.656844816825,27730.88880148648,4949.263034798096,3556.1360801645033,2922.5552980743323,1160.181907731279,328.29961940392354,871.7039267661776,0.014511120012431997,0.046499810810082254,0.015303387073240927,1.0000000013454679e-08
99,-327.11842942282004,779602.4752055679,731299.4252980502,130879.05112020412,62629.52590741787,16729.632576173302,28333.814166469714,2017.204316549062,3356.0219330089835,2681.899793592878,1160.5326137425757,418.5195119116443,999.973370727754,0.005870417890616329,0.05971994016264414,0.010652825339379612,2.6905254044695825e-06
100,-326.820710385135,792239.1226325684,776204.0677244626,121176.08967072799,62708.417000504174,16692.548470278485,29183.696139515654,738.6486104945415,3764.0619763408004,2896.395360914185,342.43997498164146,316.2597110725262,1081.9233183667413,0.01756885361216749,0.06936297590365807,0.00588781900185619,3.6616450346443226e-06
101,-291.2266917349855,760113.9260643346,731817.8912921861,119007.15619014633,59329.02373614381,16875.089360206322,29031.16745204637,1827.9490787047807,3075.0197898384176,2701.0795904032743,176.40033939832847,165.77608434575492,706.8264876353534,0.011566247772932102,0.04951279738400768,0.010891024090638681,6.106837385663269e-06
102,-422.65153362106105,727686.6295620688,693505.4747856156,134744.09109691562,60014.506508485865,17562.37293399687,27777.93046238651,1287.4180778098716,3788.7155488254302,2966.2676530752497,1601.7996474665636,182.92746286987716,717.6744868346476,0.005113840860442636,0.05815791271310396,0.01462956295930902,4.464786284204995e-07
103,-327.8099778583581,782026.634873598,691246.6990964784,120702.87595602302,58995.066119876006,16501.81042539907,28866.30606975884,3492.011720761985,3237.0571632350243,2890.9134183344886,250.58629345633355,134.7499181580457,698.3023713960106,0.021570244758448334,0.06026319416904866,0.00994748229894306,3.074978395479298e-06
104,-387.2381505297474,745090.3713625576,736821.1731267318,128500.74226748866,66518.33047181879,17291.33550128816,28665.321111724115,397.3839342978369,3437.6874306100476,2709.5800851537765,712.0486524755183,515.8984166681302,942.6532754209655,0.006588220384232277,0.05769382063202346,0.011989410394086545,3.2078165950574515e-06
105,-248.81857895742888,761544.2834186887,670455.2488363193,126713.75132752067,59661.27249925784,16579.773956180125,28435.328289335772,4241.305373106356,3282.1689852396344,2847.677734406137,640.4961610065066,155.83708970622868,667.3481659355951,0.02333784037755076,0.03602948897115135,0.014144810993456622,4.067459981618327e-06
106,-393.90535448481234,734197.5277413126,616549.3713346594,129695.79794565578,60412.52110680568,17404.840269604505,29053.89522334776,4158.42295895244,3667.0089889453147,2986.6264952971724,1037.7812512501343,208.57268710693927,902.5595832648132,0.009829251156710586,0.050223819299860466,0.010797341718996923,1.0000000009477558e-08
107,-564.0072081995875,762840.9881229304,642703.0337043392,135617.89550688645,61515.43808982867,16903.32631691132,28632.199631701384,4164.0151400112645,3837.8200090163377,2930.4277698975243,1253.5309047072683,235.23312198690704,815.9458501491893,0.012222756823576302,0.06588309518086137,0.013572366325061265,1.0000000016011707e-08
108,-317.30433874010987,721615.4377728986,719438.2755647913,121843.54983429339,59638.85243760012,17654.060651477725,27971.769898963856,100.22443476731682,3371.9044933193964,2821.9224384830345,327.0404084408173,195.4103793002061,802.0662625701741,0.019060118257888555,0.05469965421108201,0.008445340260722555,4.265446093178949e-06
109,-289.84499611793046,797134.7996925559,656518.4605058281,142178.62447379122,63476.86923645458,17083.624948680786,28737.266509360546,4955.703204817924,3659.84022009223,2822.141813310014,2358.9141422331622,460.5608636260087,1175.527693955768,0.009368745848402329,0.05307908713930669,0.01771534763128187,2.0737842031849572e-07
110,-373.04766831685663,765154.4727404627,671061.0895128195,116720.91406988428,60200.57830594288,16769.772844789826,29130.005957106307,5382.412197947669,2815.807666934994,2740.0357358770875,60.176096572242415,218.48112594653355,1036.4347608749008,0.02185453393548371,0.054778276831096276,0.005602558195659675,6.037003330366424e-06
111,-332.8033536445209,744276.5140724359,678170.8736922573,130779.38025961266,65513.741830133804,17783.99085744745,28267.823239080517,2338.51172131525,3817.6054733737737,2934.7091294845386,996.3916488972707,471.90986140757167,1209.6323940185598,0.014483028110386938,0.06614911790444616,0.010867129915883502,8.775256257973717e-07
112,-364.9330065293328,732792.337998086,692148.6855808136,127525.9764176407,60969.343628657785,17548.20883202327,29293.063089521005,2113.184007830904,3277.0474572834087,2820.4758559162515,825.9458536236631,217.3096485238113,858.8058988296663,0.01753515520398931,0.041303676350480274,0.012473728069146619,4.352407280179874e-06
113,-292.2338229327179,744316.2962992545,736450.9217626726,126246.92715501846,59920.800011033905,17415.08127288885,26981.20025830958,323.86276527067173,3485.5875463603957,2631.275548897015,495.35616867159257,184.78542119351755,791.1037897409557,0.004678947998653575,0.07000434383191032,0.0156662828574542,3.1544543864159626e-06
114,-368.043917812415,730768.296679825,625788.2598142832,126830.0563757321,64049.36491528743,17845.032670363857,28028.460892520197,4245.503039451039,3392.273985520319,2800.7862424589407,762.4076965959067,421.19737434354727,884.5081605113518,0.0004716913109603587,0.06394863718834931,0.010962265533231812,1.4075743442123924e-06
115,-427.0433752013781,741324.8680953715,661639.9632551899,136320.21201187975,64097.55869739586,17558.86788262766,28459.731823178965,2691.885916309264,3834.206371442042,2889.048323105494,1392.7607650371242,392.73210243427275,1029.5079963437836,0.013940040563708875,0.0618694597972973,0.012720966429009219,1.0953019342756262e-07
116,-320.98741375452687,789334.5139809803,736314.6441853564,134043.08064281938,63134.08732011871,16521.52937918845,28573.10301702336,1813.1153829980058,3706.432697303677,2871.3178013808365,914.8891820446821,349.2077029785551,919.8600622807395,0.01469999573001273,0.06731634320199376,0.008981656138581987,1.30298056432091e-06
117,-361.4243503152927,796603.9678762576,780851.530709145,144611.87091522117,72399.55696354888,16412.5443517058,28984.44481982472,728.6992970409929,3351.1879594702573,2682.3200713756114,1264.30014434615,678.2670924405244,1469.3220770878465,0.006202413221240626,0.04572775053336879,0.009779095110685141,3.965204651058943e-06
118,-292.6809676880171,771500.8877280031,703981.1664243673,125608.11700496421,62587.219059385396,16660.474638342304,29087.395793051153,3016.0004884090904,3438.919523449408,2985.98505465695,540.9592715895811,352.3782295283907,868.7367571190504,0.014316586792124228,0.04253894739148026,0.010349093290546516,3.389194101899644e-06
119,-337.7538930904107,731754.5332300833,649683.1036141851,119377.6008032217,62359.996234848644,17613.40874357737,28548.617127779704,3397.6134856884905,3276.8537958240922,2713.306882038211,161.36810217373446,321.0582438700587,810.1357159688596,0.016313573715180444,0.06649519214776799,0.010706987248043313,3.2190987852354556e-06
120,-284.85817265224074,816827.2431051306,727268.4305889994,120822.33992742554,61040.863638687086,16287.07095339247,30422.26760005996,5088.965793901174,3032.7976508425,2742.1126784259923,329.0589794032949,250.7320263632592,848.7172837046745,0.01974617426858322,0.04468672846091058,0.012452705055489743,5.347807671582181e-06
121,-429.81798649149664,776857.0635902914,730085.572721187,120347.7106358972,60211.85036297582,17290.49240957193,28751.11265487911,2258.93517320459,3187.497448716846,2679.2053088397925,274.7537452415634,225.3200492649058,821.646383742549,0.005529661546610925,0.07111895980763833,0.011177367441666378,4.237784824328558e-06
122,-470.9938838458161,779255.5894615061,715158.9840442811,124052.89739290335,62778.37403934222,16860.71657472059,30632.208760165366,3163.584974996484,3217.678729402717,2892.86674988715,575.3618529432055,298.9399097496505,935.5341690777423,0.01974202813402369,0.03930256397946241,0.014444453418006143,4.2503464785298894e-06
123,-337.60844319702153,781552.7138961116,730337.5894491157,119849.11625074511,60764.30590805135,16450.08775190548,29238.807670034268,2735.257204679677,3163.935873075867,2782.9282607079267,256.7207666916019,223.6598152592555,759.2773065569402,0.01986937067726472,0.048157950072025946,0.012273134288888408,4.963092302888308e-06
124,-380.2099407004745,781331.9910361778,637118.9535048796,134234.08182835445,63176.52062096192,16882.649901346707,28224.219742587236,4739.486989479473,3665.7988937702903,2822.109842491077,1506.9903831093136,423.5546688077693,972.1987041570962,0.015779779580501894,0.06684574381220333,0.014149739827211849,1.8705040529353584e-07
125,-322.01850790516505,708956.011642814,680661.6527997389,140811.50495889428,70513.83688728104,18092.51331977964,26698.38945560787,1154.8136258369184,3726.895032201538,2635.110009005268,1563.500994590577,698.49336979714,1086.554287658517,0.0016722844728805943,0.07241537573520754,0.01603571724311585,1.1612218484138002e-06
126,-390.6963599051976,763479.5998074347,690446.8142872056,130963.8732476632,61885.35285480114,17430.393471061703,28752.9160000607,2512.5618961669943,3833.6178825758543,2941.3204862009584,1126.4322763977768,361.4812767030668,1096.556954010945,0.009132323177670171,0.05972923732814666,0.011713569754286137,1.0044713924896995e-06
127,-259.54140581347156,778228.7937002262,666557.6171259143,118330.50577490569,59000.68109799199,16910.51234096236,29071.59325455646,5549.274001761245,3178.837110159947,2691.801547709629,170.9541873010182,165.59033581014842,710.9452915879772,0.010184201763518287,0.06313732924275953,0.01188064844381257,4.446406976614417e-06
128,-331.41650339040814,791866.7269672168,745517.1650737087,116761.0287201328,59681.87516234771,16305.561980658757,28563.971606790074,2510.711270516533,3047.3563979792766,2676.3389171306144,81.43169089900442,209.79388511734126,701.0700470083859,0.008126881940115705,0.05985831082126688,0.012299940772911579,4.744805894773105e-06
129,-342.7148219898097,727661.5582966811,675349.0829805428,129376.05269923457,60153.50759355676,17642.623550064796,28396.06321042865,2048.609092161549,3583.068911814054,3116.386240022491,758.2426826867613,253.6296107981726,850.636623565025,0.022442718956133676,0.04350318856022957,0.010562245130926916,1.553739011517398e-06
130,-313.39744914463324,799449.6928802256,682401.0294133071,122970.66909378482,61749.81196374924,16588.333908377936,30788.55361836705,4663.185366591538,3341.828335841797,2669.403795820538,563.5123958958998,245.871974122204,864.0129738740882,0.019058271399856136,0.06515103332540793,0.014914754985891197,3.558610930150297e-06
131,-326.3438696767746,735931.847065338,673542.833981901,124596.12171000514,63686.80980860185,17329.04479098156,26994.24891237547,2979.1989550417074,3191.901036391231,2683.33600589851,469.5724200230833,494.0949195478431,1146.216874694416,0.01555084083875965,0.06387560572975454,0.010318916047958043,4.115259987536407e-06
132,-401.32481850403315,800995.5706025735,710836.9263782793,117281.90449817736,62756.20858714661,16544.354888390502,29642.430450077693,4808.519693624671,3199.812328694586,2602.7814600585657,99.04096970051695,351.5883389425222,861.2602385102965,0.015445438339617479,0.07151054735593386,0.009193238687263546,5.315885627315541e-06
133,-392.31559473296613,750060.1630418804,715502.908533335,136249.05283600936,65038.584467977416,17218.39729986017,27224.051842342447,1175.427640824427,3888.8243196747553,2921.8895147830644,1365.543385458656,392.97381216282633,944.1438149618276,0.011720905827057431,0.06446780414590585,0.011997353425396678,5.524807736301644e-07
134,-212.53278244450564,772014.9607329501,648965.7623436289,135586.53679042717,64427.03490231753,16462.709803818518,28989.717740101976,4254.883106612652,3813.115400870996,2897.444477532724,1446.7209213223525,401.72046105439074,964.2827667059307,0.012684534327269407,0.053456637271053965,0.012643571916159786,1.4869785192468238e-07
135,-352.5542346431115,724448.877182382,684360.7537269412,129122.68792133387,61680.990784662994,17930.39113981718,27256.356221720063,1614.7836551879689,3610.6154341960655,3098.852914414555,833.717326529283,260.5026283812252,918.1866907746725,0.008642235387228187,0.04549570605870394,0.01020576311701287,1.5984030136449818e-06
136,-221.85881867758235,765685.0461982436,643330.600065972,127289.94297782257,64377.80070134951,16841.8905929271,29233.8858098576,4537.343994672128,3365.748418526018,2965.250807016617,690.080584336529,418.2815224900982,866.1924005393445,0.013416896086510118,0.04314598418681781,0.011652347288332655,1.1087776060171774e-06
137,-350.68493079411223,753263.919449621,741573.8079146887,127123.3837219717,64848.829636009374,17508.606551743367,28821.1002140441,467.9207725265481,3795.2550559828715,2943.7392907227995,651.2425960343171,534.7127553145855,1047.6346175917338,0.009591709869123163,0.07249906465515607,0.005215069612685666,2.074627424765796e-06
138,-361.0906543660645,794034.3053313191,740973.02963499,120196.51383070054,59392.10453661584,16668.735983463495,28642.794087973383,3164.24557541494,3016.567469640307,2589.866294868627,245.2767316944223,171.1850397677193,688.537532910414,0.009243335486515979,0.05686446167281846,0.009260740459494113,5.815070680404366e-06
139,-349.4763765894495,763033.1529631477,744917.1453812986,120985.7601408062,61430.71461024929,17129.1209543749,28187.832803733556,945.7662728587775,3439.836776846593,2754.9806063741944,341.8533037228652,271.24051001498344,908.3766215364353,0.006884120190840744,0.06205286197538417,0.01107538667664704,4.264558653064439e-06
140,-418.97357875905755,774391.2011748767,692573.8393792611,137085.00556115745,65015.441443750286,16892.942799790384,28732.197197940135,2856.1618483673255,3835.2855365396917,2881.680631823162,1383.5434922739398,437.6010759859271,1059.4806490431085,0.013603818093650251,0.060077102233401514,0.014175772645987425,7.513432139562625e-07
141,-482.1306598862632,762380.8578028515,737801.9869516997,120846.9736270577,58826.700683346906,17308.444274331025,27037.268393026025,984.0280944994998,3780.4611767353076,3038.989634202303,253.42263730886026,182.46686083253806,749.3232398051883,0.012439223038466868,0.06411243118444547,0.00811033100677296,2.765921575824389e-06
142,-424.9218800861166,763413.789904662,733086.6609989923,129289.80349199753,66043.6794076226,16965.00513816844,27955.150773819576,1521.8136873978451,3537.387253122866,2854.4281224281485,787.6986947332483,487.48236988772385,1127.2832146007322,0.008057834111925422,0.04578605372152782,0.009389380693638932,3.888544583612575e-06
143,-412.0057460644391,746811.0572132955,714457.5438044465,122342.63518234612,61750.0547607285,17592.683962153253,28412.410264852904,1516.5494092094432,3375.8004206647665,2750.7961382396134,414.8551862484636,309.2915859421093,858.107646852027,0.016242051726178312,0.04950059740956858,0.0132627914649094,3.7240872365477626e-06
144,-329.1005972242372,779734.6782996107,715598.8968185505,128984.41894022764,62835.22038110244,17009.50045107266,29016.647390887436,3301.0455115467607,3431.8651813309225,2881.390247904152,752.4867032372813,293.78634900081687,942.1526833963418,0.005771542965819529,0.04555560533462568,0.010330313954077212,4.215234985092344e-06
145,-324.108923195541,746337.279795824,711375.5817403672,134847.50699298945,67564.31656302973,17263.043247070265,28390.23839834937,1210.6201975321492,3757.673956490514,2867.6433530015884,1464.347887338393,650.9346741966682,1266.4423626414634,0.013986086764518962,0.06180257290123671,0.008173588398491229,1.1258931785774805e-06
146,-371.55896127139323,759002.3112217162,722207.1202946714,133561.75642420677,64833.788053711076,16994.89482100576,27963.329667657086,1664.836667354087,3538.1787219374587,2689.5275592423013,834.5706820967143,469.36568645850946,901.2464185530845,0.012835111915528344,0.04747665096163123,0.015485522385242884,3.740311217986749e-06
147,-451.95991236321123,770841.3001823855,696836.3585959856,121980.08823815577,64033.7010233243,16924.99996836396,28145.374230501762,3193.9728651096048,3400.574976674538,2771.366756450629,391.273023495456,388.96909619563144,985.4507753747619,0.008186054151997304,0.07184040601834944,0.007181022426341856,2.8900466444892662e-06
148,-349.7391201833974,773348.2228867969,617372.5358474859,119973.67450357016,59921.60518031664,17331.842081340223,28628.367111323416,7876.246903670767,3286.822923902209,2722.4900806786454,206.1919783826116,179.11949966093061,780.6415871117032,0.011958671497890462,0.058276673218318115,0.01190666442254151,4.458593000636638e-06
149,-368.76550622278353,764167.937597938,737939.8052863973,127675.41571252182,61861.9620458522,17280.415085079923,28259.782343304774,1322.704670440556,3503.2648420432997,2679.358820251569,922.3084064450412,325.3338746655329,933.0065849688425,0.008803442174342155,0.05463849791264469,0.013174786323377626,4.651747545087792e-06
150,-401.34772883997556,782122.4137096392,683478.4488883426,117035.66264695436,58232.50114637802,17076.846763262685,28171.199979476474,5507.272442032999,3239.768059443573,2597.62848234426,81.26705045271731,125.75108518296925,844.007721918847,0.011048056298838831,0.06912065489632456,0.012926691234297065,5.407425702559262e-06
151,-343.3523173695642,782233.04868801,725305.8329065654,122090.25830640947,61614.38743895,16890.691937658044,28105.919406186746,2621.3483735675104,3380.4160671632903,2723.6827104999265,376.9528048354257,322.54541107409494,822.2031835399096,0.00488588787786439,0.07582341686754447,0.01084636705101947,3.6380680103136543e-06
152,-506.07478106485576,733908.1093586189,716421.336664532,119041.30113869661,59914.949615598845,17902.35462359214,27538.276881176695,787.7578658887791,3393.45529024075,2780.203768866413,240.1210473443617,203.85605513624694,711.0836274965711,0.009492617482293828,0.0661850220318501,0.010912217100575565,3.1744803964860884e-06
153,-283.93349301927935,786197.4018591908,674843.5738718241,124816.3812238508,61956.68478224914,16571.3489696828,29405.463907034362,6431.72171887043,3038.196159349205,2634.9323618843773,592.2699911113884,281.19926253855806,763.0364040673132,0.0220472697513135,0.029933744143150934,0.01747748050001596,5.773334154029939e-06
154,-241.14232553883699,748926.7295812384,693958.0478098756,121341.18235052918,60873.85196077485,17226.626995745137,28253.70702761096,2379.539189691945,3480.080644884223,2925.1671444076155,317.86503020809135,213.0071821946289,872.064192888087,0.013150334510875845,0.056912498263575695,0.007373495020044668,3.08883099224253e-06
155,-403.062402172926,773549.6357036765,707897.4820622712,122659.33601225776,60891.12132117707,17004.974537806334,28603.224143003838,3532.282285581301,3293.17732733871,2813.297738430071,345.34774005668953,229.19431446391684,699.5708200863967,0.014117536765050403,0.04878188791721485,0.011056516187521044,4.905346101533323e-06
156,-337.3898713655251,707569.5040938242,667296.9098719617,137149.19028927817,66378.94202198587,18139.515955510167,27011.520430529825,1416.2107823199235,3815.5878736200193,2820.030971655835,1796.2714247896777,529.383231302441,1155.288389233929,0.010935070659285544,0.06409550677745746,0.01639959785231562,1.0000000002241354e-08
157,-385.7757065004862,760340.3842109247,663623.2388323061,123427.49472902244,61029.239443498096,16801.0653752186,28140.687269848127,4931.560063873471,3462.4697872302922,2714.8036471980517,467.8924308323908,300.8907182883348,905.2752507415004,0.013545103564597214,0.044089294106550686,0.013746830046846207,4.479409742302301e-06
158,-215.21718913589746,737066.887956434,689312.712923677,128354.15438003636,64038.70001468833,17374.831252790103,27593.651667627546,1554.2602493260474,4118.03913311164,2965.8665784971236,757.5527984851763,444.40842595446173,791.8361960531619,0.0110596364519985,0.06619554395518527,0.011368802007837367,1.3389221243554658e-07
159,-290.75796283933033,737864.1484806204,721884.5008920047,120535.24177927227,60773.768818599296,17769.232937644196,28864.468726564453,819.2540771167047,3164.322442081697,2724.2231563382206,237.20386443065416,269.01522562906047,977.1314412846461,0.01795127243110648,0.06071103394834855,0.009867529227137689,4.7671768083325015e-06
160,-406.0349471071543,760956.1686423281,687756.2236926877,118551.98547157296,60328.53891693989,16948.560622157718,28097.57989122071,5125.192451873231,2884.248183237328,2434.5481674179227,184.08824234204346,197.1708123848642,794.4701335368524,0.010401478613762444,0.06288795128404803,0.016764939945726327,6.277664434358746e-06
161,-303.7983250485722,769176.1729238435,690597.2113154858,129669.62197246554,60423.43515689833,17211.862038838473,28062.819530202636,2923.882003624964,3650.7545547007835,2870.5605296621907,1145.2839441991125,179.6010872125256,770.8442676070218,0.011712289292733241,0.05727651103211497,0.015999216247242248,1.5138450627834347e-06
162,-436.30134084540725,786907.210486168,734528.8968869527,128504.07417465745,62007.99759882782,16366.08876435236,31498.474615534215,2572.7317896413506,3136.317470115155,2790.5859331420706,908.0251242435044,296.21934790477525,1050.6245503380171,0.0295245420915855,0.03207474784778017,0.016060855945096673,4.962805714093723e-06
163,-364.49410717709856,775097.5821862377,755345.0014527398,123728.26340485914,65044.24449264906,16900.426501014877,28172.24964693305,1073.090571787722,3188.0458854143217,2797.8920218048993,536.6186652501931,339.7383144335251,880.7441056884971,0.006583504802025931,0.053777312925604,0.010731939273925977,4.209515293468304e-06
164,-354.4534853782027,776075.6125812385,724275.411727413,134098.94911797933,66443.04931465576,16979.72908207012,28730.961857303322,2014.9038923765215,3615.2990097454435,2859.945807002855,882.3029019973523,521.8137854045785,983.0367962226446,0.01358545295053028,0.059270870326342054,0.011957163955646671,2.220695640192245e-06
165,-349.390393676308,759751.5201701131,713186.4479475667,120819.91134810298,60935.989207454375,17197.712040073024,30016.66833194654,1967.2153028521418,3184.018745456005,2623.290540834115,345.9448954151477,257.32557446685445,962.2818575061073,0.001037950851641539,0.07439234802035483,0.0109553680868863,3.445611720158986e-06
166,-344.55810262091825,743566.9466818968,690175.8298693945,129572.08972014052,69272.8357137552,17690.52288632044,28557.974552136788,2360.63497709465,3232.6959916147366,2497.3312184322767,817.1066974954925,781.720204944969,1250.1264964624108,0.015744569571471943,0.07757788443474434,0.012505087010574687,3.3282134678953333e-06
167,-269.36318303429385,772338.4959878207,670794.8391509568,119610.62808633523,63380.17509653712,16838.53381864469,28538.000304118093,4774.582476241065,3337.8922363387865,2673.497083448911,217.06004430831527,425.72631447561207,1093.2717016719948,0.0071907822566602735,0.06435474697336405,0.009723872017681157,4.1768047630477074e-06
168,-308.6001837974271,767070.9874451249,732046.679604351,129251.34961326836,63527.35789488063,16976.462214504292,29375.325313403147,1424.469725614021,3538.081175401157,2862.99532239525,805.0142210837288,363.7883675141812,962.536016088667,0.010625926010641147,0.05465883333476692,0.00993196187001501,2.9061345282908443e-06
169,-442.9958215392592,825882.9376878808,743370.325209196,121250.64749033547,63331.50940784777,16097.598613700544,29707.748774692056,5198.042287833709,3134.8879024255725,2520.160087887093,280.8887196939199,416.92497953976493,1076.571971296555,0.010336706735457925,0.06729310197072384,0.009366805692173063,5.795332736119139e-06
170,-362.4740951816694,729288.566261652,713965.9924213139,139063.93859565695,71147.02203817098,17532.59174856155,28121.715826452153,466.84825494044645,3825.292163682808,2700.1761217459543,1423.2584199009461,814.0765902336872,1300.3706438451172,0.008929091305226552,0.07477552100076167,0.010464497969283337,1.0000000001545377e-08
171,-322.4816919887568,759967.345760181,673910.7987287575,123063.53965854859,62627.25641403346,16981.43811963943,29217.5959047197,4068.9936659122936,3401.989418882696,2793.5460934373546,535.3704657370176,438.4057776519117,1031.0887460457984,0.006334336552087489,0.05530098982887384,0.00968741957512087,3.934273372601009e-06
172,-298.32028894084795,726698.2350978157,699210.0999415278,117515.75486481677,60103.84676241822,17396.310010268004,27389.863287593133,1249.3921338426665,3075.71594708313,2813.440628674363,101.11246923538934,218.37657729676098,675.0840692578796,0.015580163868820631,0.06809032234685415,0.008555314056962103,3.635608041650179e-06
173,-489.798336206675,681607.2657635602,662044.8630884885,139650.3011629306,65457.85743803777,18576.986124589406,25899.895109186276,732.0797052278997,3876.4118819922155,2817.2602143105064,1567.1039070663787,424.22252559285926,916.1750879880223,0.006401824437489795,0.06171749379258564,0.014950538887457765,2.206875592353626e-08
174,-343.98790286722914,772334.710191872,671732.9048529827,122044.58611419464,60233.29090761624,16676.509598576627,28024.99260236961,4233.620221625937,3399.7157242900694,2888.946017034144,407.9698187845096,222.6074398171405,701.185810412376,0.009521919142799954,0.060635971897810906,0.010220082772701743,2.5452688914888785e-06
175,-418.69407208549256,766854.7479227359,711592.0714814415,122402.05024914867,58559.27148936817,16907.801819058193,28785.886807204828,2861.8088214476898,3241.6895248498267,2876.399857894697,417.2075578449211,117.37349221681625,576.0426526424948,0.008988606041717874,0.04399604676059179,0.014712486822199536,3.628917243727035e-06
176,-283.04816612198675,727685.8068478759,707996.6970817414,121311.91785733393,61158.56811621696,17847.939600149264,27495.950222943855,877.3645879927815,3347.8353935768437,2803.2986960820645,352.342544533686,208.80683360074562,882.8032078737999,0.012625686116888812,0.056521514449464606,0.013681261776145037,3.643234858566537e-06
177,-356.77696441065615,815967.7397959811,778611.5627377245,118621.35534357754,61046.5196026018,15900.3569701506,29402.715319878618,2521.702599451994,3044.634742970751,2459.7966972800937,180.19175103587853,248.9089658356574,783.7928769659319,0.006672929632778023,0.0641271087044583,0.01306023711997011,6.587250842840042e-06
178,-428.711227935169,743494.7831231426,703145.3520465685,121517.25412249283,62612.73431291419,17185.251814183204,28859.735043249526,1937.0383280912777,3336.067772040456,2747.7557298864763,288.6848611278636,304.5231071121046,944.3667381462798,0.014831178916148184,0.055718229652598664,0.00903233082996683,4.018210970088934e-06
179,-240.28895142057672,706560.2429580982,677488.9863602794,119528.8105923221,60600.731152303415,18069.824857939417,27267.980524312352,1477.5469104896886,3301.11150219398,2674.6095928702625,227.06409183460485,250.8301990658593,826.5963256284708,0.019025709770161617,0.056773262339469936,0.010374589205861037,5.197321405562851e-06
180,-429.1962343140539,783340.8894003378,637735.7989816398,128530.09501556562,60230.35723792708,16461.899908390904,28889.257592526992,5530.956297860934,3612.731648533549,2975.641637545127,911.7139927228149,207.45786717402524,731.2447237873585,0.014951435289487253,0.052603462927237034,0.010164445972156296,1.0989058259689555e-06
181,-318.80838657934595,789308.5335174514,745218.6279459372,118659.23068548647,61162.17608943432,16693.200037488765,29535.66342165175,2379.6961762936744,2872.4132000886843,2846.9078601207134,146.33435539444866,275.43233851598654,828.2751398239589,0.017439147208420384,0.04846278853075403,0.009212935405316959,5.3972344194193205e-06
182,-358.864555261169,760280.3048552047,690010.5416069875,122341.68552672178,60462.47822320447,17315.920780401375,28357.945964326715,3799.6648610248144,3075.789083978357,2767.5407610200123,381.05073321639605,202.36561207706046,750.0661985666953,0.005569351898424782,0.0589587950566134,0.01012745908146623,4.159391181917521e-06
183,-426.5387258169507,791187.3608287042,699320.4528333751,123749.23068302032,65040.714521077636,16355.81178548798,29257.18980565364,5171.082042320914,2959.655130707327,2564.6074082289792,568.2643427501523,483.0016002774077,1064.0548788887772,0.009492020808871003,0.0539906836933517,0.015123753038894426,5.146801467435424e-06
184,-440.7523614264038,811706.0519687178,755863.936878611,128232.84653992884,66104.25244219661,16577.91092305772,30833.629802305462,2812.542517615972,3225.8247495359146,2632.1828325186666,795.0007874360807,532.568338449154,1133.5922381563212,0.006829581055789119,0.06359752241235019,0.014028047948744446,4.159017521427961e-06
185,-407.80549702203666,713373.8382967951,647354.1496011448,133086.62759721754,62738.213993534366,17723.05253133787,28066.227804643382,2329.546999161153,3737.051912825895,3016.8204734580568,1108.8359608585624,343.9772475385246,889.4092930299795,0.013833740493042456,0.05547105280852382,0.011933834401475317,3.385678614710534e-07
186,-373.148824540006,796208.8235387118,708432.6244333491,119121.58600432579,59234.2285353156,16534.924054925315,28709.392952470058,4636.5810699619615,3175.998945595057,2794.3052177250306,191.54344318604595,172.7558363943551,758.172116112629,0.009077172341499053,0.04876660161812602,0.010710053573800693,4.758197007684327e-06
187,-372.3378961899848,770024.9808209132,678946.507385085,118704.86752738197,59352.237025814524,16944.48971550069,28252.86267913119,4073.745885917772,3345.98356445408,2741.7828297660153,156.27969919815033,156.58254916198445,795.0914357318261,0.014162450925264058,0.07234846363375541,0.009012051231364636,3.956692753144778e-06
188,-313.35358699550176,775777.1855303514,747794.1047099193,128826.65107815032,63140.64722915607,17138.08844313308,28545.729960466393,1054.1674662718067,3555.592609226917,2873.0013129414338,946.4005929641811,321.3282403414664,873.5617471036859,0.010880334159298894,0.058647043082793456,0.012967466865632377,1.94069968112764e-06
189,-250.44829770481033,759181.5624933729,708439.190712947,128505.22683003182,63547.03927766026,17240.299689924766,29441.862710428268,2453.5084325714147,3381.2144600122697,2825.3845562945917,682.535955768449,313.77540267462524,1069.278451348104,0.013056399525098718,0.04492701435459713,0.01145254931453059,3.7289301160423825e-06
190,-424.762264110809,767902.9034374818,607311.3624312823,130762.30076932056,62496.43470926957,16826.787690907393,29097.317085563398,5591.661452745262,3657.725170067725,2999.4210803154206,945.1666707557915,337.15241007624337,861.3536785023456,0.014072896905456208,0.05066608492354332,0.011859251952356405,1.0000005731234784e-08
191,-247.75341780440775,807161.2746450751,708652.9918696614,119171.14481116869,61678.429946850054,16351.657556185,30003.59020975544,4757.95485707993,3453.663727902874,2894.589701052892,186.57726689417612,319.57317382665093,885.420079994842,0.015124899618496942,0.0647123130729646,0.002757949912374692,4.490757564757488e-06
192,-440.17435650137713,738127.3521674565,718947.7480937394,118549.94379419024,62397.95141550123,17706.410239447214,27763.87208921056,980.9338120460512,3224.8502179716893,2748.085849052801,169.76087777475263,437.5980028653589,814.4889478828404,0.010850408753520651,0.06729464147159095,0.009497311628397719,4.741586650969008e-06
193,-349.4624364290682,744454.4274365396,638588.4005066212,117924.71541330751,64623.55253862581,17371.47685095475,28582.316301136816,4251.200061846102,3325.534736094868,2802.375135476798,123.05546273645331,481.85957799831414,1091.862554986889,0.013797972141029223,0.06113645294020759,0.010816944467205054,2.7285078144070074e-06
194,-401.39772462548564,753117.0807541201,706860.8324697813,124976.51297366989,61064.07319187353,16961.441736456167,27897.421441066766,2002.3711144695242,3411.751104443042,2786.050258750032,650.1861079271807,273.5336897844082,835.8580745638668,0.008377101467611153,0.05980583217480123,0.013125240069908685,2.463110627007324e-06
195,-398.9848200844716,702231.9078834902,666785.4855937262,125736.92889427302,60286.675367808224,17736.77281433934,27796.939405698915,1462.0737220537717,3167.6795998589887,2919.037383991628,529.5858264145779,183.45674847700906,695.1235740100426,0.01439888174363892,0.05751023951532501,0.00899641763809125,1.8258780450797293e-06
196,-434.70591675108267,791569.983723992,699242.1825263207,125047.17065829411,60587.38976251097,17181.203061643362,29291.505966273886,3735.9408640101983,3367.8652866869484,2773.3889646238454,617.0306251639324,263.7093992188486,899.596153084887,0.011505924356185375,0.06775540759201656,0.01165105419965379,3.098360751651715e-06
197,-229.69866034957755,756812.689343841,658385.7920106481,120406.65596579309,61923.210818394844,16926.874323456013,28749.40519116356,4074.525177989076,3244.1553661099265,2790.916868523715,298.16104121619657,285.33649039353,918.9785644749226,0.020980694428411134,0.057680754507865084,0.011672743572029727,3.3589237924182124e-06
198,-346.4159784322752,772912.2532126234,710676.651775325,131022.38805179877,62455.55353698454,16820.09896464584,29050.091154239308,2369.7768068390073,3619.3277337187155,2887.9943917476753,1393.0839649839008,291.401212460876,921.0084403543218,0.012133332814372493,0.05798798656459614,0.012787530928965993,1.4967281534077557e-06
199,-268.3128464813308,795928.499797766,763765.4136294638,124760.55165339205,63219.42394468236,16725.865361828834,29956.952433546234,1158.1250559650966,3611.3364170456903,2750.700609822119,658.0449119971194,452.5888894584295,1027.8987519742525,0.016577622814984767,0.07447479992261469,0.012715787372303354,2.549228589439518e-06
200,-372.0430350102265,762866.1907810364,731200.222580392,132249.00184618143,62787.542098480175,17286.40912679045,27901.375811827245,1455.1027962928051,3564.472266002079,2841.452381073211,1137.5906630666586,428.8466578798078,1095.6327340158734,0.006102764712119333,0.04945508063442199,0.012478948584495872,2.9619828615733923e-06
201,-419.0746930572979,747067.9934422902,671773.7493799436,131301.345638648,62784.336330022976,17525.661927849324,27902.022886392722,2805.840913090162,3537.369993724301,2924.9407160232195,1027.2365208506826,356.1214198095919,983.2883413951487,0.006342586429857895,0.05645430935695002,0.011665461297523938,9.478440953325717e-07
202,-440.07173729064647,720690.1747564386,685053.2170023937,118756.60457344212,62352.61679250678,17824.511381131946,27323.446491142695,1910.3281920246075,3272.4344609922687,2549.7895341260405,180.3563980186732,351.7817717698291,942.9350357565141,0.011814606323509476,0.07083101005276228,0.010045388964678064,5.168762487460645e-06
203,-243.79088311816452,798163.3104155032,686240.1560218962,118687.72834832853,60420.024981539864,16559.312249712126,28951.894709347915,6913.171539235988,2820.353239612314,2581.2041238579723,186.52958679456225,233.88666174588334,701.4394125217267,0.011157796068958977,0.06495428421663532,0.010710879546613383,6.290260697121888e-06
204,-289.2887943980321,706143.6265594789,660489.7652446221,138574.60414073363,65966.10452445883,17923.51724407694,26500.70808102343,1662.991295266492,3890.5031146398824,3005.895183086095,1537.3940510459465,552.22074652808,1007.471608210972,0.009915695722133593,0.05617549174847018,0.010092983674644285,1.8465790845026712e-07
205,-303.4116052530469,768123.1555695804,763754.3008841029,117234.64914560945,60797.13708602574,16913.04497850877,28766.459194733845,370.36759365985245,2928.6596650501547,2535.1037520511254,83.3569338198324,214.83743426727608,718.3709748442358,0.016567639815939623,0.05793629243370257,0.012803563515672564,7.114914762163719e-06
206,-303.4962488630982,760075.7837844564,719366.8091055065,126971.2935511567,63463.787820116566,17152.093765764945,28686.76272044283,1718.936324998804,3365.037780595091,2817.98646995669,660.5778871230978,381.32523974722505,1012.585348995626,0.015131727949404329,0.05883484291176425,0.008782380984456883,3.447119969395532e-06
207,-395.1443855584315,798129.7692607259,668943.9034524615,125453.9004839922,61603.35041156884,16313.936740887888,29820.79269380234,6155.610575976442,3074.0791377247187,2805.519172391194,564.1182837509969,250.02806886861936,974.0665670998145,0.023083823970631627,0.04870298883985158,0.009325783753710381,4.056290564751984e-06
208,-421.4115107945218,766404.5935644853,723215.0037533066,121415.17183841963,62199.48641469553,16962.72762660822,29287.468053326753,2095.693446447054,3478.0478764654335,2785.8838233902375,334.66795990094,344.79879561022454,1000.5681451581048,0.012590413456592339,0.07324853221045631,0.006230444379926909,4.2591527857359225e-06
209,-323.29110820692847,736850.7893852572,608406.3918948635,127385.33165033259,61209.13826843567,17775.012119379033,26958.75087085834,4942.427210886124,3471.8686319408894,2746.9111981857427,594.0832212619105,226.49609155327357,922.9976948496922,0.009458719487962704,0.06891195576128095,0.013205211332732702,9.772163273739773e-07
210,-458.72830149971503,734497.6692333817,668949.2068060124,134317.59843260093,64256.157373338036,17555.651788747116,27487.689072674053,2239.3694046398,3834.361002858444,2995.7081336027554,1075.996046176157,537.6742739300013,1129.6502207084634,0.00929751065707039,0.06092803705689174,0.007558427415678669,1.0000000009233627e-08
211,-459.41073827936634,766907.5826138157,750985.6221556634,122148.76763767294,61062.04349237067,17143.959390603493,27936.787696868905,791.976824533354,3531.2078079639746,2968.662511642859,450.3787022587258,238.70069582437642,898.4766244763254,0.015637073210704587,0.05467256720029041,0.009311235725979078,3.8430845932244925e-06
212,-317.76743424759405,784774.6997476835,737367.8235421272,123746.76416878216,65229.754386788394,16913.071652905644,29532.60162710737,2512.562556037372,3140.792193671243,2935.8668024477292,436.28475766890483,388.648589856285,1194.9998054247287,0.01723119490702986,0.0483224234785459,0.009357701308373165,4.539262739701247e-06
213,-448.32664913173016,803601.1047752452,677386.9249096317,131313.3981596184,61766.72466728805,16448.166865810763,28982.615567589506,4679.511218274821,3626.246561984743,2990.3999360085386,981.6857073113481,238.37918341869852,844.7793922584767,0.008538787341298239,0.056243687173277185,0.01007069192396711,1.0871909825572861e-06
214,-279.7987103161969,773829.1816114216,633248.9392842165,118216.50231956647,61831.24770673222,16937.123902520427,28711.823613842582,6225.788179549776,3322.8576230814256,2728.947421715872,126.0402259006035,320.80087222208147,857.6941662209739,0.016800041630832638,0.06849273640428204,0.008106450975831105,4.040259752719188e-06
215,-434.4373335859498,768418.7707172282,672494.1098248006,117187.33590588951,58885.59565569924,17222.86737484767,29698.389206506883,7974.0817331989,2561.047477745246,2518.262459380559,84.28893498858554,160.9758174316682,1031.2070604021073,0.01722530445099876,0.05093704080590001,0.010138568542847469,8.387595170230292e-06
216,-468.23079194508307,749489.1207997071,726888.8898381176,129205.21538116966,65019.179369224206,17323.726217334515,27584.461939843986,771.8925798269489,4017.663942066595,3020.09867449378,770.7790915800197,398.8665481827882,1047.869284984986,0.003451560670425063,0.07759187627585522,0.007839939943483143,1.068252464432845e-07
217,-337.21003218104147,747993.5461574029,706490.5403791294,128358.83248907789,62841.47975125454,17374.69360316511,27705.984842490623,1468.5286794694005,3699.045217144497,3040.235346748965,850.2369413547741,304.28368151569066,1031.579090507611,0.0073687884601614535,0.058307371081903335,0.01308310472446714,4.268971172925166e-07
218,-297.27410233010636,765915.0286801858,749668.223198541,126350.4833572664,61361.010626843316,17153.339372905542,28707.268336205798,625.9849282209417,3923.1776575143417,2927.0410280231117,703.342799355471,294.5100330466757,788.0797906575135,0.004692387647457774,0.0640971486448468,0.010718237013043063,2.016797796898263e-06
219,-401.0375185955757,751125.9554444968,688598.7585624564,127582.39023865659,61319.59829548613,17095.62310479506,28318.918541717157,2882.743933861635,3159.4752920001383,2634.2672004665887,632.1308613959717,290.3194211827603,813.221343786111,0.010550459895916135,0.062195519842566466,0.01441120992210406,3.7363831884107114e-06
220,-436.8866262519672,736772.2839990979,657466.8567574467,136633.93704752292,68770.6131277814,17694.291799397943,27505.362704859883,3094.1513469203196,3679.681596237277,2939.69909150727,1256.276438351194,582.9261579384638,1111.6188847534215,0.01627647191983761,0.043449852268776026,0.014340418674811284,1.7560365670405574e-06
221,-399.98008010778835,768012.1825761093,636749.4045434052,118025.41842764267,61235.41663330113,17030.193237359104,28145.47307218368,5257.129211623039,3368.7655322787723,2841.042569725486,135.1222057665386,266.7284360518405,742.6663795205849,0.013326901077335127,0.0721935530108998,0.010379356827590744,2.549400675160739e-06
222,-466.38861609952164,741887.794602091,711988.7479237336,133016.17086031643,66644.78856049805,17554.97634754443,27876.12687925069,1135.1842066612537,3954.112006512095,3001.764234329981,982.5505350671281,512.2680951109741,1077.6416647769925,0.010155071067886016,0.06614167748005091,0.0073195700649504045,1.4161413524467745e-06
223,-321.17258216780294,787007.5221412162,694704.6604371486,119249.37245695967,62600.03579923256,16305.554430482496,29167.995038292807,4408.585913729397,3145.2669442684323,2852.1002410325773,185.74934643923282,318.59666230796677,824.6281181791874,0.016188644151424757,0.061457091892400485,0.008468605747410969,4.414175483619728e-06
224,-485.6506915001464,767020.0523208218,698304.3376847873,141333.49788685827,62126.009212345,17253.163086442342,27912.51907613562,2271.0583927566636,3920.597756185334,3043.0886682793694,1600.4229937191901,303.6416374909199,1163.9634250892157,0.011872120081497656,0.05864999569859455,0.011298310795790132,1.0000000007084698e-08
225,-349.79571435365045,768322.0709202053,743778.4447607307,126720.72259809317,65081.648125745945,17155.792918168878,29545.592391360293,1468.2296328116827,3216.724050337493,2787.6357352051323,598.844823114536,431.23849643794074,1308.5273013795315,0.011268656186342887,0.04791827812111735,0.008947532971405766,5.935064484533322e-06
226,-273.54671724742184,784132.3957311382,658561.4024924225,122637.78408088237,62233.154028231394,16786.48690223764,29220.185782839424,6473.7174706880305,3141.43202514567,2661.856326788761,375.5800909050029,329.59681710308246,1030.7338022033402,0.016150281438270946,0.05559647797213572,0.01048151523060556,4.986407724275749e-06
227,-317.62383621453324,753845.3772994999,724419.6210308159,123987.76665610289,62958.49455188356,17012.61399545052,28055.64537736418,1204.8624151339566,3478.5447477843177,2782.2381111465616,568.4517601545234,369.8748585781241,918.815774825866,0.007789924321430809,0.06052721469360414,0.012756642371883514,2.4992147543027034e-06
228,-319.30621935130074,733662.4978947287,632692.7046753134,120348.00023820657,58567.925712911485,17424.297329905476,28699.829873027098,4544.644941858741,3347.0042756799717,2868.9783790592664,274.0797997111042,136.22023284215808,723.3915337771176,0.018812902100129123,0.052401037881828955,0.00833640305387513,3.5612192504767225e-06
229,-213.40477323441755,758416.426353551,559068.7752376334,133322.64854152914,61636.709119537394,16867.384104129214,29170.831123437503,8475.59075944216,3190.1454287587644,2986.731622625948,1240.5269835197696,247.11361350402473,890.0658855725247,0.02207065975277571,0.02473892301344948,0.011222266801068014,1.7330196673069777e-06
230,-349.13134513367396,778256.4731502663,696889.103100133,126593.47166722242,62358.15724291082,16897.953010065772,29346.678391409925,4191.5068202223165,3093.659344830126,2738.75451127483,628.8596971471096,324.3108863569617,935.305295213978,0.008343469208575037,0.04496014651400376,0.012253720499310537,4.297778886866696e-06
231,-286.0488509782813,766827.8319945536,644319.1164018046,120428.42862651212,61951.322486656136,16953.060627683208,28196.21439408279,4907.780376463941,3570.577015316525,2818.856931990232,293.7649396527772,320.09068780123323,879.6109581662023,0.0033943654119066376,0.07115481989798915,0.010418786698105469,1.3974357494983386e-06
232,-368.5204497563067,727846.3899671722,606812.4766067526,121741.79160038149,61592.448643166535,17739.241425630942,27273.243519496846,4906.569395953875,3654.046033627031,2771.347460926091,475.9202605932161,265.5868872382152,808.2679606325866,0.005164450843370152,0.0720064483176321,0.011176964898901224,1.7639691055667417e-06
233,-348.62498996427826,727030.8725143352,711725.7808273701,126389.62514297743,61264.677319339855,17670.9386456803,27514.057362490807,590.7713538042742,3715.840987541441,2872.841502003034,643.7696511385897,268.1326877998893,899.1968907996628,0.011392402955807754,0.06256865293415703,0.011042759528702683,2.286510366583335e-06
234,-377.4740543939798,727784.4992617802,706058.2741453226,129493.93667909433,62889.10297429477,17546.919720956626,26491.99232163213,827.0070296588065,3910.6692417913487,3027.3076021565034,1126.5954316027075,395.5331864036598,856.5631251138544,0.003720192973148483,0.06191981042701129,0.008071947064941,7.386842678606362e-07
235,-448.8261931130574,818932.6955166227,689185.5899993816,118669.988088015,61580.92651937269,16285.824690616291,29872.4147661064,6904.665455136276,3357.8419900985905,2558.102367311139,234.5845339938158,307.141403778545,1228.2996493378712,0.01780317989893265,0.06523945708149341,0.01080290225526165,5.916824036680475e-06
236,-468.998179494749,785475.6529439555,772792.6131813492,128217.50040115225,66192.91487324583,16868.69757518096,28902.232668938705,646.7752934635504,3522.119242126499,2777.27430053452,748.5740315812651,580.6342482429121,982.5405604402262,0.0068439983719327845,0.06203980343184506,0.00631141136921627,4.492761288378893e-06
237,-388.23673056418994,763501.4695370488,635406.2607490241,131363.21685726452,63282.21880219233,17345.638259896412,29068.051013531134,5124.550328813466,3444.7107579234657,2826.501001952279,1148.616237440411,368.78759237875465,1113.4770048136963,0.013804270548280222,0.05267880654457528,0.01324465532485675,1.4504942380174323e-06
238,-426.935279142667,775220.6330651768,726082.2050864255,125333.60737863701,61184.915021163964,16690.937666740374,28719.00822081597,2156.2669799084188,3426.570151129293,2955.361429920806,494.7668417832156,240.02601654905936,744.590638085134,0.010435098957229983,0.05279329673802838,0.008382651207206476,2.526109367483287e-06
239,-341.66474803966497,791026.0674130181,738159.4747856711,117168.79113132952,58933.9393471227,16918.265925534393,28759.914984955903,4416.299844555549,2797.9260413555717,2371.8657619282044,83.881183168245,136.11516779644418,826.6308370792922,0.012749141984589997,0.06269443199829565,0.015312552427866555,7.860633886204088e-06
240,-289.96129177766664,816167.274179909,786874.9333693496,123974.88858011995,60377.90375057557,16540.42805154981,29065.471884259503,1125.474213266512,3705.2952058241085,2694.5896730224094,697.383010407156,215.4618149232736,764.549099418006,0.007672080274690547,0.07944982953607296,0.01384574934091932,2.859562925594044e-06
241,-383.59611535319215,755045.1282821002,713017.8402869361,117373.5159100396,60298.52188277585,17178.467952907813,28933.73611220774,2063.221462393126,3322.4768147307427,2806.880221395998,117.2576821220454,222.2665005746436,746.7398723048901,0.01196435356795398,0.05873801862681626,0.009451168599862312,4.312965444200103e-06
242,-324.91026850554243,734807.2510086527,698145.4365106786,122166.82187987381,59935.474175115305,17776.639060727033,28245.566413216045,1672.1499838281293,3548.1361407437453,2975.2232537194536,417.68870877575176,260.13828394966913,727.7564770313267,0.009686152786494767,0.051402390410047134,0.008669686461617596,3.2903401414990323e-06
243,-324.637473732047,779532.2262149622,633373.8349543028,127852.93455305521,62436.694673175174,16849.40652761243,28849.86804990392,4924.338147146606,3822.9775730368597,3005.1460851174093,817.0463442655974,335.8863528674472,794.1177399083094,0.013661748337856602,0.06406198919316873,0.01039643918539629,5.4496239237060276e-08
244,-302.3340471929265,744675.7127431689,690016.4586643681,126423.50818695074,63068.490944438956,17374.59273848875,27546.355900234237,2616.0860747819497,3318.830265159624,2857.8617708263123,668.6359583394826,345.910136803906,1112.280855640043,0.012801731504511043,0.04466671832400074,0.009954392334813484,3.2812897231746602e-06
245,-329.5432823528279,770758.5388037267,638707.568067895,134045.31715423363,61840.08041548042,16618.887415469846,28181.731972230624,4799.796368037447,3589.9149013850915,2872.1964572287366,1318.600960315796,295.2425862170551,957.879988001414,0.007991582251678349,0.054784174346557815,0.016587008941140877,1.0000000006357528e-08
246,-259.4280985078443,800344.5322369264,782765.3473396709,119370.15832557793,59578.66916331622,16839.59390208206,28400.023010625526,1246.244312872091,3072.6278071247566,2559.8932558572487,186.69233486566654,203.35634391201296,902.7833941269366,0.006865081399992746,0.06587655101933974,0.010065943869743375,6.359580808912248e-06
247,-253.6177280593273,782583.712639467,739988.4676940612,129287.91519620965,64353.20717124196,16457.402488257783,29184.64723563012,1626.1462801537823,3614.0289789788185,2889.3780050347195,772.1453331665418,388.89036729986896,969.7212640381179,0.009309775335274509,0.05559073884392733,0.007652351122872681,2.18405151103218e-06
248,-317.01672412409175,763531.7461489437,683054.1123232691,129663.62791938186,63483.45118384932,16780.891963730995,28991.419544603406,5090.157052842177,2969.6082572616997,2714.7663675893423,733.4277574767859,326.0535012205889,1058.2031188294075,0.014383092159395386,0.03609771874479673,0.01063308771631983,5.703806526264585e-06
249,-349.4278299681652,763467.4299476662,732088.4704225291,130078.89926518215,61248.19625945589,16934.029115891324,28749.487716782714,1734.3133880541768,3220.117049373672,2820.365792679505,871.9989673756841,243.66529201609976,865.0156833392991,0.012882477307792095,0.042434377519204994,0.011852362940365216,4.609568308437754e-06
250,-389.7123422476799,740034.5544437276,655545.4748944291,122811.44719467669,59166.01989454574,17550.85151700569,26418.28525976162,4402.343376625576,3409.2645876382785,2750.838349262797,378.2232468377095,170.03245731544337,736.0935106842179,0.012808589323823394,0.058016138485325,0.011330074581588906,4.415956171899745e-06
251,-453.8450448405599,786666.56323385,724724.5156123588,124685.07754259054,61619.81600649324,16857.77042009204,28880.12237206319,2725.694951393645,3394.71514774182,2777.4163328193395,602.664718969621,274.1025053338842,971.0995167026358,0.009498285308237719,0.05447499408461013,0.015286525679599353,3.0220781956781685e-06
252,-340.1262610107723,768014.686910882,687867.9895493202,118432.90745954875,64033.33297811548,16928.543691459192,28013.59114246054,3862.1274451263557,3045.0740260644225,2766.1834497009772,186.23363069259565,424.03785292710086,1057.9096375417284,0.00999539391365547,0.06634421557949398,0.009754812549762244,3.9303463310384535e-06
253,-264.7368544463845,729027.6182472914,708304.1275795198,122734.51160137271,61625.25538806202,17768.711127552957,28098.769378046643,977.412261449657,3285.5015521866762,2854.937918602329,425.34828893567925,236.23339576384546,889.4703060153578,0.008160057130211886,0.056966936821336855,0.011970947199287736,3.963836907946534e-06
254,-378.11834086017154,711242.7331074468,680717.8337784702,131048.98406475689,66799.4303646754,18029.20204898018,26336.688185043997,1061.3596397461263,3988.6522857573586,2912.3213447518547,946.8026275703426,663.4912462461443,1291.2769574382335,0.010899245568214835,0.06758420279609746,0.010045235813686897,4.0498871682432476e-07
255,-276.70377385173333,746675.3588418994,734717.0752897223,117206.89735454,58292.406341367605,17088.210605052103,28512.76130725811,533.3629855952482,3375.8169012702797,2819.106760613659,93.24540285271725,116.76185829113376,722.7707703976987,0.02597918422429981,0.06808187074934956,0.01129258153826878,4.370018568071621e-06
256,-417.6380590625025,793394.021064495,749250.3933926114,131253.43340013127,65199.181548222274,16787.96283967039,28861.094128386696,1662.3813990751228,3796.40607749789,2753.8548343626944,938.3895788754705,517.3238246564533,1036.0179082602715,0.006858059001376979,0.06658155668665804,0.01148041620800385,2.0081551292267404e-06
257,-390.2888367556332,777556.3703841007,716732.3783100246,129279.78829062515,63235.72340009618,16746.420897967608,28923.472229708717,2234.817532387938,3644.276512524637,3004.988841717145,739.3129912310964,373.9753022090084,1003.8821414219112,0.011279845505973943,0.05734661894667044,0.009514257131503572,1.2748611538334322e-06
258,-364.8796261287148,779398.6227563837,671638.2261826989,122756.14540238645,59953.66635238089,16972.54259975663,28778.322561996567,5483.242508005134,3129.6254556168574,2754.0387761971383,343.70118839099314,170.5885361316272,782.0359318064709,0.01616627496795819,0.04877790106379391,0.014131013174827917,4.304511197721411e-06
259,-422.7157513323274,779572.9218339683,767479.8831770039,121547.66854650239,62388.34012867294,16438.293894895716,29094.39925130615,626.1910740986901,3317.8548694732253,3027.6034853754923,353.9623704616085,392.50934173927806,905.888847607712,0.020378119152334194,0.04106212758092948,0.0072870089692267555,4.522260389306156e-06
260,-405.79372035117393,769353.2153433616,693706.5145999885,120326.02016726501,60327.54532052452,17019.36283144803,28133.77777008349,3624.9371537844922,3257.0435478585405,2969.026736809768,217.66064885772195,221.18042446321084,782.9779016397163,0.008346397320740767,0.060681079426015486,0.005012257058809145,3.7053949243135012e-06
261,-380.20886119845557,717543.5253405538,667217.5020837978,122028.85751744601,59104.57087598561,17655.05519204523,27648.004354861052,3408.070588019752,2748.737362193954,2526.5150373737706,328.4452905829955,152.50561793421653,786.699461275859,0.01349775635490649,0.046023119924836466,0.012802071759041106,6.619876665882087e-06
262,-329.46295936108703,789486.9156826318,721322.3023703038,119045.23845487833,58527.76541076165,16896.020325145906,29630.75976861966,3259.6058955844837,3329.6445176069296,2881.605280880358,184.32630675582544,131.07367362500693,728.8079633065605,0.010049344314293537,0.052102616215095446,0.010342046506220766,3.864091289324728e-06
263,-303.5467275641406,768630.3335649658,692229.5831829649,118986.01571682183,59659.80357170629,16985.385129474456,29074.20776162925,4809.113927298082,2834.762929435265,2436.8934417720525,145.60628459284018,198.29929927321433,862.8137833434076,0.007964286072117261,0.071367860447781,0.013957148603921481,6.387799748341065e-06
264,-426.39707154448627,788805.9158221631,700911.3451669827,122877.05709595248,61975.90373840125,16506.56912782418,29840.331758708027,5537.351611774857,2971.4326482095053,2480.8424906301434,325.85741715972205,294.1176289278345,812.5385850282166,0.018431827428729095,0.05467057766786206,0.015287941321143955,6.167255231524465e-06
265,-450.5437992445196,817218.4132285246,745008.6051687786,128921.77438588307,61500.54697685722,16321.971894629738,30207.909329036404,3268.8249419184895,3358.9460752605696,2754.2873996235558,837.189303084226,232.33257069654738,953.8657404706233,0.015876035802101774,0.04868667306234963,0.017582587226731883,4.0341498698153035e-06
266,-351.8059588405189,746756.2906587202,708863.2196493733,136834.05234932236,63344.86981737994,17756.147393919407,27824.119422996162,1326.4434394640487,3850.5020004568814,2943.99056115797,1440.2756779249369,344.47156863271744,1191.411750135646,0.010347810789266183,0.055859708646864126,0.011720850962243597,5.423109813518445e-07
267,-387.37142182677997,774796.3877498129,664992.7647771464,137303.11111559023,60460.58176855994,16742.542197469447,27922.850078026735,3650.7787484023866,3644.6147556081246,3079.6274405486906,1294.0613934262233,287.77201987080406,955.8232703642549,0.01773832161985607,0.0504470252797049,0.010014580721174381,3.0336221912432e-07
268,-339.6144473705027,776021.9507547219,642103.2694740883,125383.25657913828,63558.2320596777,16455.570924643194,27724.254025929262,7166.595146273378,3004.1291325821912,2634.444121539913,554.6882966201025,345.6057988356299,1262.875227692759,0.018635872194711977,0.052547501443905124,0.012662922530009186,5.260866033757286e-06
269,-495.2204197938736,701258.8306080229,660881.1706711979,142048.14030130111,69608.92246646847,18241.733781213312,26085.591251327627,1441.936248224879,3447.318489003697,2743.908270204022,1611.9486751283864,864.5296900276486,1135.9657063991312,0.007752689854680743,0.06275745175065298,0.013068051944306604,7.97050314460077e-08
270,-445.05735648789357,732258.3305888267,708991.4465503712,126191.13078056466,61362.720202446544,17915.73553025145,27121.865678949678,1060.352456124594,3355.7920112723978,2625.753687245437,670.7569114140653,246.573643067374,797.6781567391009,0.008612312700736664,0.06486959338705874,0.013991707625958461,3.2846625405484857e-06
271,-361.09632976689204,676488.0467056497,618450.0171880618,123785.37596328379,63913.02686556938,18456.333523007866,26219.289858347234,2505.00482733536,3364.2050231467533,2650.8852276496186,520.0976920980356,451.0962874277214,953.4197847481682,0.00903330024711481,0.06485226738740739,0.012964518356802684,2.803969253119708e-06
272,-312.9426896862329,777422.6690915412,726618.4190476101,119073.07100508234,61917.67233103104,16485.81828579429,29008.574546961332,2754.9091235479013,3050.109996646637,2749.5699440504245,169.75260767222633,292.8664808844583,871.184033354097,0.020642269402379277,0.04153594160138287,0.01137087235604967,5.529304791807378e-06
273,-349.46561066952495,751589.6768068868,708177.1021086068,123686.39999949392,60269.906167422436,16970.583534147605,29494.316175114942,1981.6464584009893,3506.19682755693,2738.7263221680646,507.70539000877375,202.82470469510275,737.1053571307002,0.01449601981013983,0.05969367081695613,0.012087411177620194,3.491243290166109e-06
274,-393.6519837363512,744310.8213763356,659264.0148261407,120437.85321774069,60945.594069977786,17208.106749989085,27286.71869895501,4277.545216756918,3429.094746557227,2770.2839821887433,260.4683174429031,234.43642941078295,905.1510210735078,0.010169138749799828,0.06282547725084534,0.0076414494423460025,4.9014055220698265e-06
275,-406.6238835759797,735399.9351143674,671628.328888579,127769.81666591932,61417.598517314174,17383.029451817736,28128.276217070383,2864.2463385310475,3456.4858530995284,2796.702102269777,840.4511854010049,279.3214881260463,736.9300158563573,0.008340018256036379,0.05832773793770232,0.012852951827294744,2.8506410895035058e-06
276,-266.75426703060054,783699.2580990185,755286.5013911347,124905.41742196034,59619.45387718954,16739.42400050433,30135.278211269848,1829.4174816143143,3202.439844348485,2723.1268676853647,504.3092821040557,164.1932623734958,749.470581039865,0.009457319182772981,0.04761480917682177,0.009360432101502048,5.481640691862796e-06
277,-398.20820409983037,766162.771689608,733948.7889241601,121113.6856979452,58128.84743832637,17124.60297334796,28566.960678820924,1474.7144873549107,3483.9542083473093,2990.9742525524375,253.04487552589956,107.68823228851289,683.7367275040135,0.01519887517290887,0.05340342366556837,0.010294310408350313,3.840518432418099e-06
278,-406.0744556813766,744043.3785043195,690503.9147660728,131163.87900684212,61916.07904868852,17309.402362450404,28477.978022985684,2162.8627892816917,3461.5704619513554,2704.4481366967334,1137.1475813415614,299.52240831284735,947.537775348568,0.014901194411682792,0.05498140629644848,0.016828404416276962,2.747014512744365e-06
279,-408.7298609164343,764884.8169269223,734854.1382305627,118232.53874467996,59396.70857468565,17365.650519090108,28293.581268679933,1738.5361416212704,3284.754166781397,2573.354623800781,194.02756725073823,182.40502411663027,785.897127515914,0.0017347087112804594,0.07576833775460924,0.010680632232772616,5.3368016613531885e-06
280,-373.3541401866413,811243.2711636401,634678.3043639488,129638.748962682,63446.01884996303,16221.201878372614,29598.7173700181,7616.050009591346,3095.5896020891028,2719.794076540498,802.0497276900924,353.0280227750179,807.5063957459349,0.02881800927169163,0.04142292350911554,0.014795808774833535,4.142563063461701e-06
281,-549.8662177796444,763363.9901169661,694369.100954465,126585.17581622547,62784.46027003179,17306.770707583375,27285.6917982012,3327.794291538905,3321.8337098155816,2568.9251836049034,674.9154824533531,327.23257010338284,1053.4991951841207,0.006144437637927855,0.07697656032567868,0.013455786844778925,3.3286424879924595e-06
282,-498.018168181953,794906.550522557,739219.5594795395,121248.21974588236,64324.737538572845,16100.641832832189,29064.089981266257,3884.6545807661246,2951.46161113562,2617.145767755449,279.38816161970664,410.5710843277653,1007.3714844910138,0.023785635076138862,0.045394282730850964,0.012775852892705906,6.627981298498976e-06
283,-354.03998218904684,760060.665629577,705169.8930489995,135451.817026005,64511.63309362104,17452.510701710995,29078.00096016712,2269.0338771175375,3369.431310879393,2886.318790650335,1466.2945442746302,368.86460141797613,1014.7347043491789,0.010842444476623588,0.05200837371008588,0.015385808993351603,1.4774790777777699e-06
284,-357.0696686350049,753407.9100525691,626970.0276249701,128861.85150981511,63656.03996917375,17299.684497429764,28889.416683948162,4121.995233388567,3936.434345214738,3061.720312820806,1032.011272072198,435.0032278449339,1326.3520508752047,0.021834045398224936,0.06731808358195784,0.007925041928837164,1.0000000005166304e-08
285,-320.28031964959126,794255.6780699897,720476.0468483911,118883.6126629179,61804.75461098949,16159.61955231983,28217.22974826126,3440.6164790746534,3131.40877277344,2825.908165992584,162.0416984328412,273.71182587308414,730.3188519479481,0.018982645314086152,0.05925201240854017,0.00882979238678882,4.1227790269573265e-06
286,-279.9277035232907,746566.2054703003,690018.1350389359,124635.701594681,61734.6574586158,17264.08774810683,27322.257944925605,1985.8126969893385,3892.619389979087,3058.401161759039,607.2980593949817,230.78355910812036,974.7927013158683,0.012558580568439217,0.05981239586049691,0.008834025958448146,6.723238292403343e-07
287,-306.94975503953503,767352.103109025,744944.1914978848,131739.80578556255,61041.453910511955,16850.67767677626,28782.078428446526,1034.8426562656841,3439.7248109290576,2814.6264866129127,1136.6183951957682,226.62587137992122,836.7474765979506,0.010321108650237961,0.046714761073095974,0.015359782091949825,3.4336899641999797e-06
288,-289.73463675542234,768731.4049834484,716688.317630047,133051.40553360843,61528.84720229311,16974.199948888443,28734.551900150356,2150.228846735,3504.676221813381,2923.8298945412457,1277.1163583413888,253.63990519720903,971.0974596775358,0.008915547120770178,0.049125572050463834,0.01264651608705164,2.235435931522338e-06
289,-421.42493018410363,749246.9655650535,710214.1281114836,128161.4574010539,61483.72746499143,17616.24911865621,28987.14023570467,1614.8666987175886,3454.7987776398077,2876.4982738331723,762.8358113481407,299.46284240238555,889.4217111548329,0.011750562990401538,0.05647125648366809,0.011376782746045536,2.6193427480015222e-06
290,-258.7361221260966,793428.809515666,771217.8967895586,118229.41713856562,61425.42322615015,16124.537283234891,29565.4131292434,1248.9279562166091,3013.213899653738,2575.210800665898,170.23009068795824,276.88037033984193,811.6146598509189,0.028633604683765846,0.0457191343400317,0.015668569334242374,6.102502967299928e-06
291,-291.78655414481636,753737.1667424989,716496.2442997792,117279.61104995741,61788.442591030944,17364.187569116806,28001.397158436288,1674.9313324999862,3459.8295597206193,2792.2604671737768,86.06276491820122,322.07315446044834,806.5137996048022,0.017860078552825176,0.0717627469786202,0.005789680631716895,4.43485808058542e-06
292,-280.47696732016,730676.6896878419,654152.9977863934,136339.2766862605,66492.68265875918,17591.810912938214,26918.97995152154,2702.0508835494297,3836.810383670108,3007.8319775595755,1317.825069926802,562.9133692150687,1190.2296341192266,0.011418012941586444,0.060619656865470634,0.0105909113348777,1.0000000040882373e-08
293,-359.09224165206655,785407.032634482,742653.5154835783,127445.03100573091,67016.70888096737,17012.96132333826,28884.153764741786,2232.0515667699465,3285.868205180799,2794.154107221784,741.9960664122334,474.9738638106814,1101.0200666094877,0.013822517870270295,0.05301950345034798,0.009271542531296778,4.955444205221409e-06
294,-392.9677287691236,735117.2916052844,706974.1193336231,117363.36006065136,62036.759162805654,17348.466860960452,27108.10375550816,1543.0421172916037,3156.4856377836027,2560.156495216229,108.00830801862591,280.8022230412931,827.5676625211497,0.0076968472653152105,0.07008643578607436,0.011921678870761359,5.47112767021463e-06
295,-373.6659242801155,771494.1746568242,706385.4179913228,118927.03898248984,61202.19708975077,16680.746383978087,28600.57374497305,4562.717788879904,2958.625757508643,2564.004755534596,200.41675568291146,269.81292289540653,920.5095669381204,0.006864394477872373,0.0489287193590781,0.01457695490992163,5.832245911307659e-06
296,-347.3075560264105,720380.5090016687,656652.0271581706,124447.63539169599,61290.46157164748,17893.502896632916,27737.06870409352,2577.464069864647,3372.9042449934705,2823.267329614099,577.7197969594508,280.3999842577935,788.2244498554086,0.0158331759859481,0.0682106539969153,0.009827090562168624,2.9033911359231377e-06
297,-370.83502587296516,801568.0412441351,751303.2990317,125042.7927934389,63982.88739594322,16484.22411830549,29298.437355286173,2224.0125998748103,3636.892264362244,2931.827843717939,692.6429623192283,381.8900937735121,1075.2624024524957,0.012512023787368796,0.05555478250944872,0.009045271961224283,3.097776906708365e-06
298,-492.9648630456212,756845.9001801459,701375.940412212,130244.1249825128,66540.74515943427,17467.808730360866,28251.60936076694,2040.1131774192636,3868.38507776199,2797.8816175768475,894.8570191692953,434.1071664053275,1172.955720600618,0.01214593564147064,0.05938464872479733,0.012906044418515297,1.6911971763556968e-06
299,-328.12180119209563,724271.081639963,636837.0042953425,136699.7133615854,63080.08092412125,17450.72069122053,27946.671275721303,3436.7157047111236,3622.1691537980237,2794.018553555061,1293.7860924960041,363.20560306942264,1036.1689669147966,0.010678522644285293,0.04832440323388397,0.01287614407666732,1.1502264970070288e-06
300,-272.3871929540361,787539.8009445871,745245.1724206428,122468.69801255189,59889.80143989213,17002.146470717526,28179.998151245487,2478.288236104426,3175.551662094655,2782.4469817266886,468.5434934893346,193.76979881219714,829.4256250336526,0.00585188417576759,0.05464219117935889,0.012329257210216344,4.918008051952347e-06
301,-438.42312802598565,776656.0947388988,705200.7494892033,123782.2957206407,61027.37311914104,16821.8425916291,30934.554870751832,2937.648499637709,3609.4450781504083,2981.54198471659,514.1446864733683,216.63450127630472,785.0796270571262,0.009740870272752429,0.04844189554449683,0.0078614066444678,2.4714105488483542e-06
302,-339.532098827568,739727.1073186437,690539.3523187547,135640.72482876366,66927.67040711714,17557.646189791143,27586.706392958422,1775.6440626979468,3828.8177803585277,3065.6328762644193,1361.2188550440871,674.8697185372633,1186.8055301889012,0.01070206972255839,0.060072958273001846,0.00811522554950995,1.0000000004394121e-08
303,-318.2834168157347,773589.0729103648,702998.9947802343,127998.5367189938,61983.386891545466,16684.541355430985,27701.205116063782,2694.7001193451238,3584.442616456887,2937.9957239683336,842.565739178162,343.46244017014897,1062.116364556159,0.019578680666118422,0.05510297321086622,0.011107448255267861,1.964117407116063e-06
304,-370.9072788541255,796029.9184945867,693545.8699713238,120897.26262483945,62405.77963991593,16550.717074559874,28761.940630172434,6651.955770590954,3024.791677698114,2516.1186966351847,277.3048457123473,429.5041709614556,931.3626328644764,0.014853011173584126,0.06024498448754259,0.012632671761828222,6.561021151410567e-06
305,-245.59742857948262,821079.8649488336,741487.9100760802,125035.02939677615,61194.88380193423,16249.393593332583,29474.917252826814,3553.886886606023,3146.3975750635345,2971.356150323886,491.2218645005327,256.3251781615339,805.6128045039964,0.018576359501697663,0.04646840066080969,0.011240519078770366,3.752298271590879e-06
306,-365.69427403660774,746891.6639134294,639518.5723689989,120769.20523908784,59781.89282378472,17505.752052904976,28970.091530164475,4634.810419621177,3257.321263241124,2929.2466261779173,272.81787339904605,206.36459611072308,895.9120492803821,0.01831988382807563,0.05828445357442846,0.007434924037649052,2.8674383469287926e-06
307,-412.077850339782,735015.5551186147,635385.3648786126,119413.30115422852,60810.88312941849,17460.278635452858,25940.14193083873,5115.131574756075,3183.6396049280534,2612.525911808198,187.59895042568672,255.62410635072956,767.2417819319506,0.004187864181679023,0.07111967076850055,0.01132977079716019,4.26926900204786e-06
308,-391.3574439695632,823356.1850979404,741497.2821987174,122923.91925186565,63164.13726102684,16218.05740504026,30596.914197760434,3560.4193019571226,3307.823689809626,2876.3355056835344,407.8698373760329,349.25964808032734,1000.541923371254,0.01399682941435637,0.05232883712096218,0.013036614260486731,3.5843291279493457e-06
309,-418.8047163958218,748789.9279593602,657179.2292863291,130110.43143351038,63501.730917122426,17053.55935730585,28625.66220094842,3616.7675173401894,3398.3894275518046,3045.2915935046913,831.8314756842801,348.7220256961439,933.7823117078987,0.01656541186480007,0.043666374591090254,0.011727472168714113,2.18054960661882e-06
310,-296.5907615436978,769571.4966632866,696219.2741754986,129819.08910812833,64182.669726533575,16926.47087585693,28105.50821753687,2814.2631645649394,3475.027959115345,2961.0354383267727,831.718595875123,396.3998933216942,1102.3795270089524,0.017135086743009818,0.04763681393032889,0.008052849436220566,2.3408635415396838e-06
311,-300.5609343082234,766855.1425419152,747761.5772397711,119997.4732972067,61401.257660800846,17415.44862983598,29334.340741889653,1191.3838713109344,3388.8771429263893,2685.9215396656355,244.17043047772825,283.776779888013,933.8461856581267,0.00487956883246218,0.05843532329325252,0.013931024961348019,5.460850454466216e-06
312,-395.46146033065924,782546.9549221518,632829.2337638341,134830.08849271998,64528.128578799784,16775.392272938305,30293.22722136524,5195.003932157011,3611.156716563869,2939.302758822131,1541.9938837536972,362.61031182350496,1176.524398146044,0.014222147314360086,0.0591456456536062,0.01159797060795278,3.082262963880582e-07
313,-338.4502545189876,765802.3146024131,754804.6665164168,118860.73592997849,59444.78375205817,16951.842375286946,29191.204790699954,646.2512150780499,3059.7153000552985,2483.325914726089,191.81242636051246,156.67034019865886,812.3258190874528,0.008615413955604211,0.06920628369578202,0.017300589411165093,5.491530199954375e-06
314,-289.56443747355263,818544.8230302529,767603.5936268124,122843.11636165618,64026.783472293035,16140.527154604517,29026.739931926713,2214.7989936945028,3274.5517546338438,2827.7286174877545,459.6705143419397,416.7677587750116,1095.6588597782704,0.007261189194485995,0.06529065128238531,0.010750110590553637,3.5024657212803895e-06
315,-469.90716248864896,743947.9567895315,698508.0868478044,139425.934323936,63730.59719242359,17473.904516815033,27964.77510011182,1563.4855531820585,3770.7388079571565,2936.6471948150497,1680.6159821024917,398.0143213977422,1004.6257514302389,0.007629381040329395,0.06079014745017639,0.012182242732149502,1.0000000003382805e-08
316,-540.7183037880228,727143.8490500957,658760.0491259359,119789.60184733773,62924.7297180518,17695.866012448772,27012.097541881798,3219.569973943091,3200.4495861031164,2873.506135868076,225.81190541041644,373.65541346809675,1132.7811725995555,0.017251043781760886,0.05474950022850414,0.010924749459407504,3.5909436249518974e-06
317,-258.870939322454,782823.0794690015,699775.6627244322,129354.62366334921,66570.71167087142,16482.06226575733,29750.62393923384,3382.03794967478,3548.742472710521,2757.3946931922324,1040.2282627280297,511.0419851341431,1310.143743006068,0.019702390152693042,0.054313058783855346,0.0110149011554488,3.312511611675832e-06
318,-488.1220485951676,762999.0732916043,746834.4414325274,121496.15768432975,63005.111063592565,17124.901690016173,28730.599488436583,722.3295185685453,3289.4592014663285,2788.300937776623,325.4432536285084,308.9355575541539,951.3019217822123,0.007078877800341285,0.05575941538412198,0.010872106408824533,3.1990143175036318e-06
319,-367.4273886212758,760839.6526117764,714430.6906458222,132748.162057315,64729.79723654841,17244.28103014303,28209.110342466698,1868.8585757572448,3649.5254214064353,2854.6057268108743,1179.429588664923,396.7768217190127,1040.9461261534523,0.009837623113018184,0.06009729704894465,0.01201526557424027,2.078870005670206e-06
320,-403.0761856755687,771544.8258438963,724786.3232753592,126350.73647741933,64723.3765034092,16925.36854534271,29231.578349154817,2504.2730751192644,3361.1053527112117,2727.1439423466436,640.4220599067486,464.8134137839406,1050.1829382000767,0.011988737329168293,0.06231256275442738,0.009528193313319722,4.490318770442293e-06
321,-298.37708846941337,746569.2644050256,694759.8295529245,122191.04681752478,64174.315923685775,17349.917752837788,27603.01664560349,2497.9529389404292,3351.6016725850254,2785.438570942165,359.08044764006485,428.06131444847085,871.6898305164809,0.013509208559178129,0.06024553206817797,0.009266465980459312,4.14601392148182e-06
322,-274.33554921751477,754421.8082012907,722350.6827451014,122685.29747584365,61556.19030622253,17332.983485362623,27643.09519498039,1556.290058589957,3252.340657343375,2755.0921290186357,416.50412910019304,348.56639967619134,922.1147772885795,0.006423880334589937,0.06634811998029776,0.009232456179100438,3.7383429385387345e-06
323,-339.66480448410476,741150.3668133693,673807.8048232992,121972.2591801223,60395.77198895175,17221.026963268432,27821.27152294081,3052.7932396273573,3408.9561795853865,2837.3998493424474,487.0610465308664,219.33696374086463,954.3562819394976,0.018799599297979617,0.04819960994627585,0.011467620605125992,4.068739661100603e-06
324,-371.6781596807402,778661.7188793797,691194.0661418661,124399.00620104242,63847.76381513622,16637.077543132982,28933.36117890017,4262.188910559523,3111.786063072483,2600.9339942060737,559.748765940115,384.3274867201507,1146.2487630886128,0.01228815143226365,0.055219893951144745,0.016618079650740906,3.924505094265667e-06
325,-387.1156418503771,774422.0390443547,598502.9160274781,128788.38939691988,60217.05955862653,17040.64531944425,28612.090132538397,7044.877597346811,3614.028079269381,2811.027215491484,1079.9266097148502,190.81505439587866,663.429016691688,0.007552772682586209,0.05249469512185602,0.016140788313064185,1.4281483196340378e-06
326,-364.50294703731834,767528.4584331746,696439.9582521102,124024.85278195006,62078.72671136326,16906.32065572828,28721.491364926016,3135.4742521786898,3483.615122088547,2760.026061062301,564.2961090416052,386.72330647932694,962.0882166373378,0.0160916097828076,0.0636725262505238,0.011102752305863602,3.5288036418888344e-06
327,-329.7675131386204,800753.0948936287,695099.6850768033,119792.11301295849,58483.70689188718,16671.999961705475,28358.798782144986,5683.331552965863,3374.623797646707,2583.6526236941827,187.0062047447677,127.68658766320071,629.7151069015763,0.00889362381840008,0.0774918512153585,0.01115699453372825,5.22324812747228e-06
328,-432.33490555130373,770673.833241035,642369.4703101375,117700.65523831907,62100.66809181226,16911.81985163337,30013.911918252925,6090.365817418545,3039.364484097352,2801.4087887761725,147.94948010547736,302.54350176139997,804.6357145731234,0.018564939015478885,0.05086638329243552,0.009315614247270478,4.3523253548726905e-06
329,-351.92560571228387,762996.4823757358,743006.8731804705,124920.80132329583,62400.600017677265,17070.91031961717,28583.432805686836,955.9319385287406,3349.1144877830575,2711.168019640462,480.81638434938543,285.57399306141065,795.9125417427412,0.008424286255761953,0.061170983212621315,0.011418936577292612,4.180153056068254e-06
330,-376.1991318256846,752344.5636106571,701452.3015338986,118860.82187728328,60657.291568833876,17241.005832974308,28730.151941720706,2673.728810050097,3467.6238418587022,2779.998035819961,181.63145274191976,276.66630995817604,893.1608731324014,0.01686411791830777,0.05058500041300112,0.007893988862452551,5.505767630380172e-06
331,-296.6284091678937,748813.3929201345,638748.9737735196,121991.20796752177,60849.835794259314,16916.78819039418,27819.329800487012,4720.644071488331,3475.0049907447064,2759.31151664697,542.7772108957131,251.03359202508082,774.538056630963,0.016171033259175332,0.058993056671956,0.011369457503767942,2.7779442080334285e-06
332,-385.32240004076215,714936.6274010936,613627.1272486418,141130.0006022444,60964.803212254374,17853.716834002047,26340.429554844908,3769.499715622392,3731.5662230935595,2783.7647769517926,2694.057200094839,241.64424045574043,796.234021656536,0.0061530865074343345,0.04611920535004176,0.01887398841208794,1.0000000004708607e-08
333,-402.10048093972085,767556.4787679524,657277.5525142527,116903.78299503108,57996.310183689864,16856.95880855166,30401.05400576421,7856.156653315183,2752.3017980248255,2777.443901073506,71.93897966465433,94.80810116959856,610.6485704764663,0.024228487458140713,0.02696168907854102,0.013162972035498923,7.0528824407727995e-06
334,-329.8736546534227,741438.8714721949,729190.3298146329,120764.68824257782,59930.72353741199,17272.55401042932,26497.091425725095,610.0243334815888,3432.5232776677053,2611.6226825323765,302.1529699590223,187.62257235795144,838.1101327900278,0.004923525702733237,0.06970629348654482,0.011876497910793989,4.232302845730738e-06
335,-247.87776913472158,795565.6338283726,754310.1532050286,128150.94251286841,62287.81291420148,16630.175410420517,29058.53351989185,1990.1421698198728,3266.9625474825275,2805.4108279060165,553.6835804656467,261.06895536643026,974.2765471879462,0.01222818343954268,0.05391786068124269,0.009413191334847838,4.111577395003155e-06
336,-342.5888396896459,776453.9585450691,712685.7413563227,132924.57887378256,65485.14683233448,16617.963664665942,28775.944900611146,3188.3436213596174,3308.4857970081885,2710.014453219991,1127.812606867443,442.7260899941754,1034.2074903048958,0.00605384915193358,0.04873653439597521,0.011862728132994372,3.839526109358762e-06
337,-626.3653651939607,750686.0829535952,730602.6585329083,117649.65715163511,60111.927342340816,17135.865998162415,27571.46252456968,1050.5891843062152,3128.479779125533,2714.766165078376,105.5792904821099,223.29095861145018,751.6697993518679,0.015205788367873065,0.07095729260972893,0.007951767035281576,4.872909790690165e-06
338,-282.2751631232628,750653.9138845252,704125.7791825042,133223.27778627718,67336.59529077541,17031.97353567461,28929.272752587716,2279.1165937826017,3264.0356550052934,2811.2044034950654,1266.452422864037,520.8517830122588,1177.7355429610775,0.015681719077882024,0.03819613898362747,0.01202659646166249,3.950126969141898e-06
339,-315.63585424430994,763260.5846315074,738966.1462975254,132550.27858871545,66583.0357099415,16963.01807681766,29525.30798917987,1724.2055533795542,2879.4900281693485,2852.0250915768424,949.6163241337879,458.22250154854237,1264.5838537156867,0.02146040789890013,0.018860553485702373,0.012322113572165989,6.2068280370504615e-06
340,-284.62551332199683,781090.6368923151,754787.9242371565,123594.46377310499,63318.71710457668,16596.615016238535,28421.85315044577,1509.331905791159,3217.613885964921,2545.820555020959,432.357717285114,354.18016749363755,874.4968686743356,0.023932259532158894,0.05536442062668664,0.014697488936752996,6.063032441675416e-06
341,-353.3037372512532,750797.8635262819,733995.2067897373,135586.8898473861,67581.61253309638,17116.15014085297,27415.956175757783,611.2830983865641,3746.0358289003207,2733.7591963377204,1532.4022431675512,580.969225219037,986.0049749162918,0.007668207935479193,0.06018753680517196,0.01727466915174235,1.0402928488099885e-06
342,-474.4880626835709,740888.263473807,624606.4657827462,125508.3294075926,59724.278774600316,17450.26519437284,27571.610702616665,4280.198233954085,3842.716942671513,2932.568661310892,592.6204922725835,179.60135963921007,707.1978082891462,0.004605495451944769,0.06485193407110798,0.011476394494332314,1.316084059899309e-07
343,-332.3961385183899,762672.5247471958,756076.1084405483,124027.26347867043,61312.509976324975,17247.356568847015,28263.434503482826,292.3668239057326,3539.805377530692,2974.6543178255765,465.49543237222235,277.2334629570058,1000.86988844619,0.015375786689009002,0.07125031205627287,0.004396684812959542,3.767776792204069e-06
344,-245.0637744344946,748273.4069265057,680375.4519503657,120465.33109033093,63847.04679447235,17292.573735836802,28288.49293901634,3387.5281433023674,3096.6670938088478,2761.87104572351,342.065334899724,410.3856072176245,1022.5499556593932,0.014950437418670555,0.052211381868376296,0.008949818403545444,4.359212542242461e-06
345,-389.36767419874906,791152.4423234205,705898.6359345962,123827.4352797435,61257.72612582101,16520.775688725473,28772.44333567849,3930.0432419805256,3323.784730100869,2610.27267079769,464.4390190007551,235.53688214010685,843.3154197941076,0.006710324423469554,0.06554236643177805,0.016845961718491894,4.513063117083741e-06
346,-294.3265532745889,797463.1116017336,754688.3976993565,131389.30708067722,65661.59064801104,16702.02546868268,28247.93335949378,1556.0952890294554,3703.4639959884007,2765.183438265647,1329.805711070428,584.4178938123756,1287.6539460366653,0.007890083525014387,0.06118231167609168,0.011929420617325846,2.1008399420018145e-06
347,-429.2067923402759,762149.1389119062,706209.1689897279,124963.59257575862,61431.28499007305,17200.953665735804,29415.442527387553,2920.4205718937424,3128.281246152772,2630.812437332242,476.38074825666655,285.6727945176109,1036.3392472829728,0.005119549493012292,0.059333542366511255,0.012876981472123265,4.551661678794697e-06
348,-356.34259744614747,767297.8419465072,751210.8406124371,126209.42216784674,61039.46345685082,16932.651836005607,29465.138538452356,805.0173069247697,3318.907981465985,2711.5392037948313,1053.0909793267513,283.5555415163002,933.2946735326922,0.013043790996072538,0.03887589665240598,0.01858720018374267,4.074579638941459e-06
349,-387.3616223628569,756462.496867547,683215.3682146549,131226.7372330525,60991.17253517328,17292.32514766353,28417.742148874037,2883.9546393024857,3499.84468270899,2972.3381436231175,1073.7834452254087,222.03425344079352,1175.1106238178834,0.009162736111024361,0.05367977142929938,0.009698120718844992,1.4779093790706916e-06
350,-512.2119602512511,755391.7965433483,668365.9764621034,133887.288140728,62732.715441352455,17172.896673402967,27343.159203973646,3033.9268114796814,3707.2804990926743,2886.8932517072835,1407.0374694949394,285.99521766082745,934.041036055147,0.010191292086845632,0.06192292690351526,0.012569403193401298,6.381495202739547e-07
351,-392.56886565857,747474.9568088409,689806.5102622671,117334.64739912387,58568.19611446409,18032.870336849643,27700.94471477892,2504.785078881304,3526.550648930291,2644.5107823201583,103.40463279869392,141.68529551365347,623.1511804066404,0.00017151120279535744,0.08612079962334979,0.012368839406985513,3.016703051624058e-06
352,-358.43176540013735,739755.250288426,710902.3333993299,135163.28702811638,61007.658575006644,17579.322136411025,28281.682478230687,1138.5368963155875,3683.220551343849,2965.8034771486864,1847.609783457555,270.6673710399923,821.8531480950584,0.012757962997806559,0.037608301371665064,0.01677802914761942,1.6862606620303198e-06
353,-395.3523768689407,757468.7077301525,721346.4490636485,122050.45414783404,61699.61925742254,16947.987421379414,28714.304170749878,1629.7107150757745,3341.171282483765,2832.3267547943333,431.40512086614854,267.38188912170295,853.2330994879933,0.010703497169341774,0.05339987027526215,0.011449244231373524,3.5082902664842157e-06
354,-482.9354644324556,742122.1160200698,731704.1493655602,120280.84470606486,60988.47596888391,17459.041208559694,27256.51668571312,521.3296975391621,3288.3687251699785,2738.7611666513353,230.40161813182223,238.04183910346157,870.7477386885994,0.014584202979308784,0.06265845912215473,0.011389793436086416,4.239970169718381e-06
355,-339.66417420456867,823624.9928641871,786515.2936479812,123565.8791127132,65164.35715984362,15812.840722841964,30756.014090033976,1572.286122092941,3451.472853113184,3048.1114588961773,485.95624860233124,446.2317326195818,1020.995119331584,0.017393185825078296,0.051977992654481324,0.004851290936344016,3.1460606501657788e-06
356,-300.2504439899602,787540.3947062283,703999.5925280722,129965.250257957,62497.3229050189,16676.501923140528,29910.020179050516,3673.523637967542,3287.3448241802994,2748.122824927837,795.2205467337666,297.8607580811078,1266.5735737022842,0.01959723283864135,0.0478744832801633,0.015979463886841364,3.7126838444094607e-06
357,-325.11330743603344,797815.5528274964,749632.5231056302,121745.87343324661,58742.133432673036,16554.07823635537,30042.835835970567,2464.258866669879,3187.58461255199,2781.623817590611,337.21388516187466,167.4425240538119,658.1099024299571,0.019367698404610605,0.05393538553960857,0.014693119621087323,4.783141356934314e-06
358,-445.43679664605963,763871.4342187113,723790.4937692143,137334.52878994084,72378.03869481973,17181.03534007608,27715.383688636477,1224.1697848617378,4061.972414867488,2863.697586736309,1562.7497083369856,735.3465019926527,1259.3297905883257,0.01732913258576965,0.06737475675280363,0.007484884692616772,6.524752744643199e-08
359,-302.7676074602134,781789.2637777486,757198.677554977,119999.69973838721,62162.67825717904,16607.88996788826,28677.44034436522,1553.9705571943857,3088.962704732012,2597.7477315319366,237.10552710892938,325.098726372708,1002.7208399180105,0.012456302610536,0.05736265030729701,0.01270435372788823,5.844516854124998e-06
360,-325.72259437229286,760369.1515809958,737577.7983996929,122084.48246068128,62806.357393694816,17114.40743551032,29258.04785033225,1160.8908402301245,3068.0132469494934,2961.8297258661205,449.58892570893806,307.0124315227338,825.4635453107916,0.016863993623558282,0.051639361358325635,0.008080531204076558,4.166858254789785e-06
361,-368.9069655366724,722578.979901849,654693.0539576282,128925.39433038124,63580.23020795576,17385.81689435773,28024.721281081664,2845.49854041911,3537.374534283738,2657.079022922274,807.4036952222241,396.73779184608037,854.9214544449442,0.011372749141282888,0.059485070233073485,0.015150578593116837,1.9911300098212478e-06
362,-252.61800542172963,732800.7354803082,626632.1981808414,123697.56597215676,59276.34831592965,17447.300191439026,28392.227021021146,3637.50971818338,3658.5607470214745,3243.4252368840293,466.78122987453133,182.35626277735284,655.0146453157483,0.02066495636479087,0.05009447136452059,0.006607810820431312,2.4957235584368303e-07
363,-398.4613853536224,774612.5375979616,733336.8649116157,128531.72043912577,65199.25407183611,16960.44561473655,28170.173205902018,1990.8072428507016,3347.924142991531,2773.806626201325,580.8461011728444,534.58026020061,1004.6435460947362,0.0147037022226935,0.05497020982844931,0.008864667667465185,4.07878487123041e-06
364,-275.8312104089253,786839.0267956721,728697.2150919791,125246.03906392466,64944.582159927944,16612.01776326909,29256.49486891677,2446.922313896515,3515.332047452472,2848.3201347667414,600.0964600034172,376.35376095530074,996.3055999482673,0.0059123417064945675,0.06717383464741934,0.010958916076975769,2.556857973617647e-06
365,-334.6106022757208,741145.4130285908,690881.3633229235,122614.43314228528,62816.350155477,17401.75684745108,27733.646208912833,2859.7070985765035,3097.223656850496,2561.4116425463435,514.7098481610113,323.99651869285407,962.7921443490578,0.011978194178719101,0.06429577861440072,0.010976931457269622,5.525342275030111e-06
366,-427.02806269002696,765119.6551291369,728031.2288739606,122009.69016523717,62276.88934558811,17300.938266326513,28294.3808275984,1880.1527672897007,3311.0638417220075,2762.8983300574882,381.7719306488473,307.12650587501645,836.909287660857,0.004779501252799971,0.05777007079568892,0.012576588142574448,3.7660775844449886e-06
367,-326.8152497865286,769793.2848034246,710933.0400675136,122350.2158930945,61041.9684987477,16878.646643084034,28065.852746614335,2508.992628415463,3589.3174550772037,2698.017878590088,579.2783525299191,231.93912953441225,877.3544313251356,0.012812547313959727,0.0681453997280124,0.014533256061714819,2.9279315788781677e-06
368,-292.1113455069807,707844.2383474747,684143.2870325756,137673.8312370128,63906.77650919408,17897.90875275347,27738.00519653819,772.4058552071599,4080.9724716090336,2899.0778014450375,1741.653753134605,411.22839677945,1111.7853370624603,0.013213971285744397,0.057238658515339616,0.015335719768160307,1.0000000004915233e-08
369,-496.0934034871756,715548.5855499662,665506.4608603155,138220.26385669643,60439.3564090916,17950.904982155305,27361.953585074243,1761.028945009697,3882.37642724621,2776.2079877898395,1527.1495859028782,223.2530029445254,752.1541958773655,0.0067814176679615035,0.06235741994560164,0.01531909628127871,5.573218950020686e-07
370,-362.4715984118026,757713.7001479089,712567.1679904626,132828.0985818155,65083.255272977774,17410.690796081155,28237.555743767334,1620.6933440413488,3812.7278533446806,2856.7590857055657,1035.6114397642198,390.333543663063,1181.3843742667361,0.015843965092721624,0.06849955335980902,0.011518544965789211,1.2779151986986429e-06
371,-293.69911389758755,828368.0147917694,756849.0385920858,127893.23601508325,62634.416855366246,15774.193128204624,29976.933423023977,3483.16636577341,3142.811702765529,2712.1974674082962,702.1901210205255,314.12499682349534,941.7967446589045,0.02886100947656745,0.0440373180870676,0.016243325166736475,4.90238210897676e-06
372,-266.42838348119005,788205.9348595045,720380.1032008067,123961.80103274189,62786.697660707214,16938.0492136902,29460.470147962682,4571.584125499705,2918.5478958848475,2559.274066441686,548.3158857195074,305.14937571199175,966.2010477734084,0.006342940195746274,0.05166638316608647,0.014479588727271665,6.549641285301013e-06
373,-419.5718524941301,784512.8544089235,645480.951094833,121135.86184261303,60170.804970165496,16958.982397278847,28968.6631590458,7205.332868287102,3213.2989509664253,2686.8424519303835,351.1368254673369,185.58721268329546,727.8118820189486,0.004866431799984278,0.04828655940425054,0.017323054015665612,4.078687918722295e-06
374,-332.098411371284,789701.3425361164,740209.8252618962,122911.815714376,64124.28556191243,16431.236582192505,28269.963108090353,1940.0541625983399,3534.6828377576685,2746.619160080858,524.4794043957821,443.63108194134657,889.1112258205073,0.009598742341872395,0.07251394126462113,0.01064820821298813,2.545848886634541e-06
375,-425.26840972833446,730155.8455359029,701218.7020759411,118900.67133936918,60908.295606704254,17300.05994850164,28488.801165469427,1561.6371278730344,3055.6728351153756,2872.0885835967765,167.93318471174453,244.44391829169578,759.7822566607301,0.018643358335612634,0.0410819922373699,0.008283385872051758,4.691751036499142e-06
376,-435.7580041399904,751405.5462633788,729968.3563866466,130570.00039798033,63900.38836426113,17302.387537830014,27425.5504777787,793.3427465023011,3782.032125366596,2890.921218492739,995.7782582315419,445.31773968544627,972.7786939110215,0.0007091285840059152,0.06179949960635621,0.012462639820108807,1.1187947449716785e-06
377,-285.5320683392691,759746.8288298687,682269.3394462148,131054.79302989975,63166.39391883052,16989.5448636663,28490.622660305333,3440.1227158826705,3219.34515325654,2803.293562277631,851.643642762959,373.952285286323,862.8488449470242,0.016103001802349633,0.04661142737468541,0.014163970437879883,2.9974342217114435e-06
378,-468.46325955419206,799239.2146650015,718580.5208467137,118640.74579045319,57489.840299230535,16356.141576569085,29404.174406434504,3616.5754955459097,3279.479255354816,2714.0916363643155,188.42600559159084,88.06249846245704,600.7452297056889,0.014512790331132116,0.06680990278111458,0.014357404494270866,4.0703253169787175e-06
379,-244.06876764954063,784639.7827684127,727936.3207335089,119573.69856051965,61917.67384662589,16952.5481120507,28641.369106219878,2932.800915033732,3327.365288872486,2758.575951738029,217.64840164936265,282.5940800594999,1062.2150105837338,0.014136594139372304,0.063385945104995,0.011136532174832563,5.129929313738062e-06
380,-346.3015280161586,706161.582045757,638511.9061413247,133010.52163040015,62466.51492277564,17990.95830195813,27495.42275361899,2378.425973847166,3863.3775941480426,2926.48960422509,1047.6860997558458,356.7797635513337,1174.7711608698035,0.01216787018639495,0.05938078163484096,0.011170811146696142,2.1636856484978202e-07
381,-430.87002513838377,744130.4341148208,715182.7750688603,124931.62706185493,65741.83264761564,17359.191946018404,28345.897552647082,1376.376410545618,3482.1702529951917,2828.2579397208706,481.9793546788625,581.5602394874929,1096.8065675094872,0.018268428848137796,0.05663337605210129,0.00845596583107356,4.055718683681915e-06
382,-373.52550523852454,812410.0627466269,686604.7571273712,120437.29619308065,61309.85039509546,16173.402625432827,29878.922392434026,7806.749985043303,3232.0385952318784,2667.7743259885647,290.9656171418752,283.66920239135214,852.8279488296668,0.014530113207792742,0.042246525619574045,0.010033557423058403,5.99016475764068e-06
383,-381.05760569566746,754644.8381939224,646476.7392491237,131867.26914791393,62173.668619212505,17301.44601849873,28713.07822247689,4045.5367724107246,3724.403672725286,3038.120565976366,1184.1532537370895,292.8038790768144,1045.7613242631958,0.013605176680275957,0.051536059015789816,0.010481545076619607,1.1805918217190074e-06
384,-366.4943397220612,764547.4215831906,725824.0900770072,127652.96428283457,65479.44560199452,16690.87201178837,28162.39826673105,1769.405447979597,3341.8291475225687,2780.967609907582,655.9654775881529,519.0958695740537,1203.7712583885882,0.015633649262242356,0.05632033394725191,0.009587387162026461,3.5665667521562564e-06
385,-253.64048939777047,769638.3755842523,679393.5171636642,125234.08431405415,64333.62307267325,16736.486639907173,30033.37726366014,3453.3129102710795,3563.0033840759065,2974.438574391608,600.2432481327419,440.3567417499575,927.8318844423726,0.016848954092221754,0.05152452709547689,0.011867813911486726,2.1321985880608534e-06
386,-347.3192117338094,745240.6683641862,635585.2969386921,123699.9098501956,60722.46765114531,17315.87358802316,28200.468453525078,4197.99983315722,3420.1478637298724,2980.0963711160816,397.67537835580777,219.026473472498,832.0731185336273,0.02021409765072901,0.05691902129198639,0.008084573357885939,2.207480817636484e-06
387,-281.8348375898919,771481.0241569859,694964.836901077,118829.97571340394,61722.34529153448,16772.8151895564,28979.508352224537,3778.548243604753,3289.5855457915577,2754.2815673120294,164.87051884364504,350.59130407068596,886.1542449414368,0.015982075156715472,0.057997831434648206,0.008875490379450936,4.412358218097072e-06
388,-278.18255740855346,718896.5359812074,652391.9385677706,118165.7224775654,60765.5993972449,17849.600935773036,28245.347524100187,3496.878199509935,3075.1853245796347,2678.544656263206,156.08721226950468,248.55310778928484,867.9494436615461,0.010965776176140354,0.05573360388135111,0.009690058710361707,4.403329341714904e-06
389,-373.0578322738382,784908.5762652765,749089.0790418794,130264.26456977718,63311.784346403714,16657.096904528396,28820.811350973177,2138.494200361751,3101.818607586005,2916.9283779728107,731.616392559215,335.8844745418898,1068.764507503297,0.013679117253230694,0.03501392137700989,0.010391294976932426,4.94631914777694e-06
390,-261.2485731567851,746556.2804941677,700085.9512424073,129149.17427858585,63204.637098794905,17094.213405402046,28754.95364976529,1658.0254080701131,3805.0213355574515,2853.719989915899,1097.309227148086,482.5732072986059,882.6842810118493,0.013461906578093912,0.062425214212324394,0.013220478679501305,1.1459000256788538e-06
391,-280.7987368979946,784722.630794239,653075.5343183349,125199.7407780508,59713.61902432994,16738.406986295806,27731.613460573557,5329.535764852311,3787.2997787620875,2850.9616687943317,613.7388283812473,215.63754311047742,852.5097166257843,0.007176132504365471,0.05613413971682715,0.011305102989022823,2.3352977131914777e-06
392,-341.8930965346218,740795.5597904552,672534.8697143381,125678.00965132737,62800.44136630835,17425.655381883353,28516.257672405456,3048.6003699182597,3383.9864712531603,2811.114035628976,637.7277602218263,318.8312642305773,1108.8944517874572,0.01643823706827244,0.05332888619860363,0.009528209447773965,3.3913106864442964e-06
393,-393.3389661315464,782296.7952094045,675834.6453916193,116826.26285216835,62201.55959113164,16807.15140875096,28496.108477677542,6074.406583958998,3046.4664793569045,2532.49288850558,85.41665859869252,276.8123192391666,813.426016307234,0.01300305531465224,0.06331176717864155,0.01523934526639453,5.662232816305279e-06
394,-329.2510986216203,786712.3269189663,753568.7196267149,124641.78818700323,67421.82833492687,16662.012092100038,28852.004752816872,1795.8995763571136,3200.9304068885685,2776.794996277508,479.9885301702996,492.5660380740038,1256.6253499752706,0.014964308056395637,0.04738537335467374,0.009368926533035235,5.26799570818126e-06
395,-361.3887508388714,779074.4066066294,702238.6308037569,121603.49290363083,60712.380405760865,16803.91977434797,29688.00089747909,3589.750769502717,3217.287969955545,2834.970613002163,354.24919403839516,249.15927730245934,822.2822318765252,0.02139769486759997,0.04506518490498124,0.011770054983168193,4.488140874215126e-06
396,-472.62428891463037,765602.121339726,665615.3410145,127298.31246377087,61576.713310737025,17161.41154683436,29518.17853659403,3841.1606348551977,3460.796058178293,2942.7213900432134,1027.8597600467745,272.3857533086085,681.7381884573025,0.014037626374957493,0.05373734286666328,0.012631918847782048,1.5702155611969606e-06
397,-386.380472119865,785395.4292764645,755889.980793323,133084.2263361812,67865.63453842388,16809.07817619618,29278.158241496552,1703.6078284955397,3056.4117209043943,2782.619981791184,778.819421427434,626.5859416461824,1171.1362763762102,0.010429636094056637,0.03221309677526446,0.015046267210841858,4.627252201817845e-06
398,-356.66406349670217,782511.4317605619,717974.9901462687,122210.0248644451,60083.37278283352,17081.883546431385,29590.29695761233,2909.262800818802,3784.9297714684544,2890.703502537116,386.9391437792837,232.31811982784643,1007.0040507141583,0.01905850413969686,0.05847238120012668,0.009329783480098108,4.380112387566068e-06
399,-290.3242383751925,786281.1216769367,758615.4385810812,126256.6452483902,64206.730839987016,16840.20669063621,28659.227391354474,1536.428454372256,3062.897143354334,2803.566238609277,558.3714716263988,346.8392490894475,1071.2311256531802,0.012680748920725595,0.04699623568558547,0.010289561486416502,5.264921874103812e-06
400,-342.24921435521895,767833.6345618973,675141.5627458195,134326.69948015187,67070.2405192464,17006.23986845574,28745.77413334606,3617.911660105952,3615.551450976052,2501.971590093463,1318.2967084884904,630.5539388778527,1261.3169917876326,0.007108548517059159,0.07680976600838142,0.016566820744821364,2.055613986755882e-06
401,-459.100830833847,771541.360685829,665240.005088539,140424.78606566665,66767.54917801256,17050.392822613434,27868.214598884526,3766.997684360457,3723.9167997088693,3024.1137347528343,1823.0938167692166,598.6886636896747,1013.3882145922465,0.010332175131667025,0.05225571505318538,0.011164163917365577,1.0000000002951826e-08
402,-305.508524704632,784383.4352132862,750115.2816889952,127424.04138117247,62231.66039247301,16553.69022330798,28761.463520070392,2308.0625762570608,3110.0501682860236,2768.3964753190535,796.8650147525863,286.91227303560294,838.6714488515379,0.018616354443510712,0.032320261193137544,0.015143981405724644,5.848568313142524e-06
403,-382.2025726988082,786216.1220390443,735300.5780049632,117645.59691549299,64088.95149609427,16530.24455848827,29871.928350024267,3117.267978600537,2925.504823861975,2695.346366603668,138.7414798362866,446.5760696445963,1072.7860481211749,0.014573154052264187,0.058419055640971336,0.008276014213708442,5.579935572555985e-06
404,-362.5114768929198,780287.9560907256,655140.979172519,121733.39221061554,58761.893730894844,17015.93887909377,28332.53642436693,4471.018668431998,3493.6952726753825,2985.2124971049516,336.1003554261812,137.3205118578536,671.1125852088228,0.013452630886260912,0.06191419438011455,0.010159567643785708,9.873719829694333e-07
405,-344.4423583758605,728324.0269264835,593353.8497231766,134512.85375177345,61463.91845162089,17248.713970090463,28088.757496675877,5191.689074566169,3384.0761086002226,2841.6428666491993,1048.4146677985564,230.93530717728402,698.5153389347695,0.015223716655805474,0.04987822380885506,0.016126500838282848,4.901562005529897e-07
406,-316.6301429274658,800759.2975273441,667746.2531981008,119551.1539101884,59017.18159071362,16394.803419389908,29493.95909639659,7339.959522805366,3156.2475699922998,2688.425671035244,233.96612297044638,138.7960570053507,707.7030473688305,0.015347584303844058,0.05168289989477469,0.012782023218527137,5.314038701370099e-06
407,-398.54760245745143,745389.3923513112,628593.0329719337,127085.5699479434,62124.194708661176,17586.235336758647,27241.023954745742,5356.406222130616,3404.1304346776874,2919.9039128385107,689.5117426526253,359.9523439369484,929.0907231844014,0.009155292282298357,0.04110995598713177,0.013650789837200032,2.381531532254038e-06
408,-410.20706302941016,754363.4301024369,723946.4760683225,132278.42869639167,60240.89088465289,17236.052938315257,27050.267422541245,989.9356130504754,3883.3680367005377,3053.772385088942,897.1731431775083,217.42824418847886,809.4193496810021,0.013273371732853857,0.06689174367582723,0.011151634856078781,1.0000000043561262e-08
409,-346.31442050985595,760805.7883453788,718018.0571327077,120910.16852844178,64833.35679055943,17235.92598552604,26852.37619316496,1855.3699447363965,3496.7577229918656,2712.02471420267,297.6062809632108,449.4671384651032,1010.1644058988746,0.0062663116513032345,0.08245544255189438,0.006986875771024368,3.0374329382094367e-06
410,-403.6797162511751,773120.0839621751,732611.2923506229,119495.90514922678,59146.065639117536,17003.33591875068,27978.207712052837,2388.4260219794132,3092.1619072970116,2555.2339915066095,216.785788509926,175.24016841007656,684.3374689665953,0.0033235948311180555,0.062088851138623474,0.01368770349449834,5.6417197533731135e-06
411,-407.73362650939106,741844.4442397717,686887.8190063867,130871.63972999416,59812.86982114919,17493.68576593218,28537.993148406367,2223.4960651436095,3715.940952275619,2971.175138853512,862.983518272038,195.60614908921647,715.7445861263343,0.0015754691035410498,0.05313165937602867,0.012884127650381567,1.1473606739787199e-06
412,-306.98568061634927,743999.2083836634,636305.5593207456,131944.17291414295,60827.8519710046,17176.19043000081,29426.069297157766,4804.025479537128,3247.5770146463656,2782.849171810771,1299.8240861936117,236.1893316559863,867.7794789405907,0.019605535354087045,0.03809751367983608,0.01688340165911139,3.3051546451384008e-06
413,-338.3744164875677,767672.164022706,740976.0579391797,128528.31436210751,65831.55461925676,16971.992879632333,29629.962108180192,1425.4808953899458,3259.503537036953,2805.4900643624783,689.0573548568051,541.7028535257475,1062.3925788928289,0.014193903620807533,0.05386973726029971,0.009974658789296662,4.789148322306501e-06
414,-481.71668482354914,780642.68549855,759113.2517506547,120785.25628576225,59616.242276427365,17044.50424323535,28253.835924575716,1302.1373736245991,3269.329880516807,2666.790855435409,276.35184224460863,189.67293522668413,660.5669899176789,0.016832987349853508,0.05350136005398011,0.01504557360988833,5.567040556957657e-06
415,-286.369243248893,733483.360907923,670902.9139004512,124456.76939539294,60734.331051606336,17759.34070017756,28762.58992301925,3407.3849565668947,3213.01944456025,2722.301393080008,483.4977698574176,218.3706901420144,828.0378005816137,0.012699545978721218,0.050419350476551085,0.01548140509725643,4.598427173337992e-06
416,-286.8065000352478,775992.7998785598,721546.3995507689,124339.16907257582,63664.56635738515,17037.156331514798,29573.984344552988,1896.8744911831238,3646.4234309869607,2933.353195332788,523.1962019356653,405.5200879435168,1122.7078432227363,0.01222700113939952,0.07491300896133674,0.010043460425381713,1.1830557657890638e-06
417,-374.148401696004,795778.8713476456,749591.3433152359,121564.45410455948,66351.98385824713,16803.095619351014,28772.651512079563,2444.255173492156,3509.9514054946153,2664.7656934402817,392.2462303723071,577.4124434976183,1271.2347047847006,0.003112191036736092,0.07030942964647004,0.007025436776835367,4.813146965688696e-06
418,-336.73520727872847,768773.1919598485,722333.705908537,118713.30435932569,60756.238940228744,17000.85579938869,28694.538555533247,2309.36025144873,3161.7082846933567,2754.633743792253,143.26611276564563,197.60268723766018,681.2683525316143,0.013541860822516714,0.06300307433808551,0.009114192922759156,4.786623417276742e-06
419,-357.2936189929216,774027.0834203967,695459.881793672,134485.1659565577,62990.32699850219,16759.633996794793,30426.930510901693,2934.9617005697446,3815.637877169399,2840.5267138432937,1340.1638985580998,326.39223542766155,1138.8315534543863,0.010786464168112863,0.05546962100270948,0.012381464220007412,1.4685919903429647e-06
420,-274.7271455985865,790941.011115046,769012.9588817084,130047.03826713326,66628.32033453287,16717.66829494277,28408.552256590046,1136.5808511095472,3282.514769488476,2791.0670402500746,687.2486917008345,500.7344073498092,1236.0401749421326,0.0060790825335041146,0.04602954852785527,0.010988171862342563,4.108567386560669e-06
421,-364.7366136356736,746004.7632360862,716369.3707147503,124963.74837188568,63955.161317529535,17143.953217029175,28413.554317734106,1256.8281389147244,3136.662329592153,2940.745983109112,504.53440497753644,449.7279099715723,898.6278449530242,0.016798586309860385,0.05530105871694985,0.007990185947049424,3.4058732097209356e-06
422,-343.51029347715917,728681.7753844693,677101.22971557,123409.71706077986,60666.73787839367,17803.7559189354,27503.65176898427,2192.8120548912634,3385.1435617292523,2771.3814321717487,450.9604135083437,225.88582483605452,766.5872977551721,0.010422246851473508,0.06593667280672114,0.008065179270476647,3.0752638555199638e-06
423,-449.0600015485969,808486.8806289308,776187.0299911427,121750.12400205754,65009.771381637656,16570.527655536644,30135.875716740604,2104.410590155502,3233.2660940208702,2649.800789536816,356.7360433104805,483.1732030009277,967.9414117944981,0.010527200370623607,0.062110792568391526,0.010108706460114062,6.005794170090701e-06
424,-480.684901664084,738078.1785055264,645013.7210586056,128965.07676891178,64616.27894060732,17766.95589954584,26980.520710677185,3767.5753636277436,3604.538637037856,2725.651654040483,946.6643215294374,426.93929987793103,1155.4450233275636,0.008691706155453945,0.06855212083399062,0.010812291193320884,2.437694456117709e-06
425,-446.96003502672636,751154.5861610412,648783.6011010925,117435.85309981799,64002.690976689155,17116.318749456543,28981.030752665156,7180.881688363523,2793.1514767203817,2411.8873540746185,103.73123541869332,402.40099396493974,1013.5120545088455,0.024173376955642135,0.06587593971795523,0.013095532570726051,7.650778909270212e-06
426,-417.98587850634647,763931.7921443327,700283.6072197922,121203.05589675113,58417.98126872327,17098.89786079175,28479.574619208975,3115.4670818987256,3351.8655100006763,2805.5886225654845,303.71973123990506,146.436761617406,663.9273344951216,0.013611878133594022,0.0543682676021799,0.011285019240056442,4.218914971975472e-06
427,-383.5875534995263,731740.6553846833,709556.0597616613,124840.12429346665,61718.84819506987,17479.500075280386,28301.87239358567,1307.3772979250405,3156.509375012418,2955.1739148378874,548.2862496182049,264.72505568852256,976.0388897984953,0.017573610228641248,0.0259630375014157,0.010714022982356904,5.126479636165706e-06
428,-218.07227230044228,787929.1412588481,730497.1126201265,124137.76074834146,62480.942354091414,16599.681961433645,29841.019131260637,2705.192571946225,3507.154916784548,2884.895385086296,521.4476464953551,385.52372345907855,950.41530503009,0.01902346173475376,0.05770065703585421,0.007470815685923152,4.351241144267187e-06
429,-379.5503404459332,762458.8767080848,623547.411770583,139043.5528215233,65683.79191102121,16974.785433882033,27817.172913808405,4767.746508732317,3551.5432027581164,2763.2050840146694,1632.8718248525352,448.707323062118,1175.3033592882234,0.013934896500768207,0.05492801321261969,0.01740183181275005,1.0000000018906992e-08
430,-358.86272670916327,753569.7470203215,669992.4873211378,117561.89517067376,59022.6761206643,17483.112007419106,28086.711452246473,3929.905122366262,3342.295439985463,2741.761518048575,131.98207399016758,180.93035680946903,692.082879987083,0.014808737412431435,0.059940228643500945,0.014365911693012153,4.070036393832237e-06
431,-382.8295597331371,756344.0980107686,693883.372026756,123294.73431555337,61704.76157452944,17503.410181894527,28440.289583665795,2722.155897403772,3370.416186490878,2749.4666402028365,397.7091811461982,346.3020245384048,1034.0239864322775,0.008188133411399737,0.06836542085629443,0.009735453919941092,3.391632669752786e-06
432,-259.3510786088256,735095.1123306704,649383.4700178199,123835.01561924731,64714.69601344305,17217.45399258435,29264.88619772035,3501.372376219786,3506.7055609989507,2867.773936260934,558.1778859341981,553.0376622169716,1141.2960537468505,0.016144369816063087,0.05098684644162041,0.00822136713234058,3.233948419918457e-06
433,-419.9104851346247,774597.8800684143,651069.422155748,129705.08365289963,63636.27855900536,16490.89017727689,28578.21233043181,6148.095474201203,3199.2583314456224,2661.039704144848,710.1321012467979,343.3131016052842,955.0685978909306,0.01902232847693886,0.051861774381228354,0.014509931919735106,4.474417014021852e-06
434,-318.10622310066316,766458.6596844355,717330.9466143727,121472.95230942765,63146.66987214527,16916.10916189641,28520.141365016345,2094.137177554016,3483.441380440314,2790.7851748039393,346.3985509256992,351.25327146259747,1018.9816119298539,0.009969183369873376,0.07626373324406883,0.00853488928627989,2.652026520515333e-06
435,-389.31895806579774,783030.3570805347,722904.0529044577,132777.09384582884,68402.03323798855,16562.326800658815,29607.200343780856,2645.6906965984153,3198.442497122486,2740.139384633684,950.2795053605938,755.9844388979003,1430.5734203710952,0.014040422346182626,0.053726757722140334,0.009231934654554621,3.930031349997397e-06
436,-339.90067555755195,800075.4500917494,745823.4084344286,124049.4172628609,59325.8798206009,16695.924667965748,29280.503397476758,2343.96428660652,3408.4136349034766,2811.091511973304,350.77032086893917,193.66490224492532,950.8881810350068,0.01210654159537152,0.06878289310329448,0.006210807695694556,4.094750864042766e-06
437,-310.42439204645484,780349.7171343883,745382.5713078933,124440.56178391147,60735.323593239154,16886.801489580146,28176.393362964773,1535.6099830156666,3281.148897868901,2748.5210370656773,379.3900452869733,239.6141193253861,773.4638938706983,0.005188076900547204,0.07263257662281739,0.012327945075090274,3.0921345934860275e-06
438,-426.2657539993692,749093.1914533334,688245.715367124,138217.16236952285,65409.640571633565,17192.809893677007,29050.01745656428,2752.890072169143,3321.8026864210187,2718.5844738226365,1410.1283452804726,462.53159589624073,1203.1275175657572,0.013821972304363923,0.045962865989111173,0.012822074356471477,3.584859138588369e-06
439,-270.3046256086764,745303.4329202209,728283.2566437417,120636.03702632758,62679.029852336935,17472.418403847132,27362.467568497468,1040.1937102478807,3049.2260851583314,2771.394592084863,233.56687769017717,394.46086256203006,1168.4264204194453,0.013486417980056828,0.047900077676319035,0.008742668907768515,5.675946929092593e-06
440,-447.2855123531299,746440.8613147514,635397.335647435,124227.1234751071,59605.10688590512,17212.59233449263,27762.673566119523,4650.714171962311,3329.8691416898646,2746.70352292347,446.4567670777526,200.19341775015243,782.6790150635064,0.008294852457118737,0.05743373897433019,0.012406995451261258,2.2891770675865787e-06
441,-295.78476371810444,770504.5020188902,705026.7655482342,117874.44434852457,62164.07373356442,17152.05981946912,29317.076400318656,4196.650670836776,3048.722394605707,2631.888334530838,138.306729398161,319.7268448502249,1083.46100758798,0.006367820611230839,0.06566436431096867,0.00684032662606286,6.17865017610439e-06
442,-306.92680914482776,772485.7479008415,733460.4544687206,122853.84073155839,61578.46059766575,17144.84368617281,28889.316369956647,1846.80022249098,3432.7026607218336,2877.644154149854,368.1668038791811,296.0758427227482,890.194290210389,0.011253778517803823,0.061889551288946014,0.007141617098899134,4.086200258969352e-06
443,-374.94355870665214,761126.273963364,619237.580172457,123987.08000138107,63676.445771249,17410.02010161461,29823.498636736193,4907.884164754774,3753.8145120679637,2930.7750750845426,709.423034606194,488.82205819232496,1115.7038135734756,0.01240009446821343,0.06197810157397028,0.011001636144956027,8.105882194594494e-07
444,-248.56823888622537,741863.2903672742,611665.009141603,141218.20316402605,66080.48183171447,17292.362614587102,28110.23659286057,4573.112888252017,3638.320421800077,2863.59873605423,1940.009663331758,626.8103159910925,1091.9229305470253,0.015446276185112632,0.04594907058149417,0.013857023974563312,1.000000000849946e-08
445,-385.6761564425486,731052.7920516204,587017.4962001127,134167.58442560898,62720.21749686654,17298.696082070746,27537.067629842953,5615.091268884874,3619.473128306014,3105.848379899963,1108.8959567317434,357.07295625603683,939.8036572113538,0.013620140719017702,0.04588196726606102,0.007128549260217057,1.0000000001929923e-08
446,-330.9916485564264,756317.6057307931,709704.5773799821,123125.60574665091,63228.38601291869,17080.891877852937,28770.80738545717,2228.2804894119354,3367.481023788167,2611.3240659832777,460.63152635802174,363.25710017030315,966.0247209280745,0.010329856553285449,0.06763448481005715,0.012175591338921602,4.286116864088922e-06
447,-281.89780770323193,736875.684804776,677648.4920863771,121751.70148969282,63494.347930977565,17251.370370304543,28831.57881339805,2523.483651704557,3381.4196990259225,2805.1935104637246,370.3746207109352,398.68186315181276,1070.7962225146525,0.009350144940843115,0.05153889411667968,0.01224148665479895,2.7738663378859533e-06
448,-372.48350274709344,768730.1461912125,705211.7226685178,128038.69325052097,62897.776555624245,16961.759999589158,28407.68563336,2462.950926093709,3624.4917658916747,2739.0857079256903,990.8062802654291,349.03867602641424,897.75765160024,0.008179662608633167,0.07039491800059679,0.015477455276934322,1.7760321569714807e-06
449,-374.63423745835973,765240.3205482678,692345.286749756,123192.3861158215,61060.439645592836,17123.715672044058,29466.483767212507,3787.419576625872,3141.0474968547123,2710.281403561223,502.8339758415571,237.5749272180283,904.1034409367821,0.020744065653280082,0.046445446733785894,0.015203038411682376,5.156440456870247e-06
450,-394.10169887616166,734338.7882377979,694375.2098609566,130332.73977979785,63999.1398175015,17445.621603787655,27372.927900487397,1725.396268081867,3341.458944090745,2816.135203335673,964.8950367554213,437.28472624300514,860.5727513867604,0.014176549441422685,0.05136970180566322,0.013354122219610116,2.671202851201822e-06
451,-459.2407213452102,765295.2439904886,714666.410221939,119006.87698541023,61755.934283214636,17312.357245676696,28656.896489678405,3121.162660163356,3144.200992749773,2835.678933475948,180.2590601026072,355.1510586079601,1011.8157717135826,0.025273777266277445,0.04399042316266348,0.009407563550402582,6.0265748195343264e-06
452,-347.316061341145,708467.1967903242,652697.7297050306,136943.10726991968,65319.728303384654,17686.260323692873,26854.327028761367,1888.9263705550923,3661.014610755524,2971.3289054751685,1401.4110251022205,429.61407242854483,1017.8636632161569,0.01841220558982328,0.05128827615599912,0.012891587568086726,1.0000000005651497e-08
453,-476.9351131240156,746816.4981056834,653119.8783378059,129789.92472570622,64683.89028488494,17420.949963823445,28805.780047655473,4722.498453371634,3329.1964935052333,2718.9792640883998,874.024036188803,392.37574788791215,863.2748855790542,0.006359750480891162,0.05462370038175266,0.013531710008053296,3.31215679028683e-06
454,-289.04781212162976,759710.0556532237,744705.3606236356,129730.78305279699,65729.69508451264,16931.987142153972,28559.113908814536,626.4961661470851,3696.1957240591755,2805.938053615051,1066.3142325553501,556.6282835509355,1195.1408021314705,0.008088400826593874,0.0593521314888314,0.01018181503954998,2.9259577289988513e-06
455,-273.87491463870913,816338.9731821672,777396.9537965427,119175.74794593584,63639.26047208591,16472.414957992052,29501.504860776025,1696.7996209798464,3569.5892695611988,2946.4844226510654,196.40566480264116,319.1477891507872,1130.8726352560748,0.007704856941406901,0.06381226467727578,0.004600155369582274,3.4988144709950478e-06
456,-329.4550261910611,764997.537169148,735819.3884617959,125124.3157077288,61547.68541421961,17395.96558216202,28667.960476297772,1838.3182961046105,3056.43708710537,2680.844692749156,462.34519429255477,273.01413407564195,845.0853709833159,0.007433216632264627,0.05183645417688646,0.01043812868209567,5.416563293975487e-06
457,-364.2189511754882,744608.27701544,641646.9704859346,118980.17097274069,63039.06921853265,17133.17283505253,27794.666172084482,5235.722870835406,3148.4505815047155,2669.9531042700214,228.87543685962214,352.0095647224601,845.8691024155028,0.016113764643839516,0.0606194006695323,0.010843792925449148,4.6300105057831896e-06
458,-373.3124854573483,749766.5928890579,588775.7133197475,126185.1148290781,66508.2209916991,17307.791112736508,27501.312314146468,6232.644896190425,3409.5786322627105,2781.5001388472633,714.9274587005747,431.7837847835756,981.7971273144295,0.007496380712760492,0.06635275975682857,0.01315220502649919,5.837859485687392e-07
459,-410.6742401082596,761569.6413138504,617650.3916366224,141413.02525649787,67849.57777363238,17052.045840758223,28259.840951324266,5013.145182658665,3543.4829258677564,2723.904491515183,2360.9565963888776,592.942901462902,1168.2387762428878,0.010257480660873907,0.058873344423466624,0.013757161808418138,1.0000000001474607e-08
460,-370.23971938944766,818699.6997174639,787384.3154529132,119788.13652206106,58601.07440261123,15809.645077114576,29663.563146261527,2258.0376296496584,2960.154143297714,2821.942092456729,233.35074169181013,126.57054794495038,631.4692698747599,0.014676401103553912,0.0333955933787841,0.012291786804465065,6.0339632899325395e-06
461,-285.28418322684104,778650.2209435026,732430.844007394,125610.54269707535,62087.01826303535,17328.432262736933,29106.867778289143,1998.7513900953013,3476.845758278928,2938.3081870095793,572.5136298437088,340.469791202299,930.7005482249824,0.0035805311568317226,0.06342761122244006,0.006852596998327701,2.6178133956687356e-06
462,-347.93996207414335,815908.1149516819,717446.0976684744,122809.37509965985,62002.094904144,16196.450933338525,30373.931606165934,5285.965547641356,3079.155113986297,2867.6950837958116,408.42460224937906,312.57216359825424,924.9897312474461,0.02212578561809748,0.04925529666774734,0.008798875591679708,4.819739719613019e-06
463,-376.7514190856905,746455.5433439044,729086.9250408661,135358.96843962173,63837.32034601507,17372.095953112228,27746.59375287405,627.8538932430041,3727.822753989735,2836.608476399478,1031.6267440097447,423.2501744208855,954.5327259555091,0.0017494095668823555,0.07311810396873943,0.0088769402918614,3.2252421188374323e-07
464,-263.54189600167643,755484.7165518958,634290.0019080449,117703.09563189346,63112.498725759346,17003.048861316383,26985.302840979337,5246.696879663053,3473.736544336974,2748.510668658192,112.7387348794823,363.6640330800467,926.3532434286232,0.011493234299546098,0.07143309035336368,0.005158105716970088,3.5100297439019417e-06
465,-341.0719654483486,740063.2330710207,729387.0902432911,117051.88739451575,60822.14269593875,17660.76154515924,28722.341259883622,484.22637604257346,3420.8486815024066,2658.4878344536705,83.55154941049271,319.4875265164812,931.5934120792576,0.010413018686446972,0.07747704640042226,0.00457506880041151,4.142948831515802e-06
466,-317.4763390180957,728207.4842198496,694972.073461063,125032.93284482934,60794.14247204157,17736.632187912244,27587.235571370726,1527.5783888459791,3278.7436750290863,2829.5855167444192,582.395750335374,261.4205083160138,898.4993504851903,0.011783008495126972,0.05704236076401307,0.012292363662004703,3.3013074023605375e-06
467,-425.1360404432428,813084.9325712599,699277.4162405462,135605.58986158416,64514.07906023647,16329.73625803213,28701.738373616794,3808.8613930345773,3861.827400658326,2860.375053013996,2090.1967375578624,347.52791144438356,970.582099287311,0.015915407769835604,0.06527418419444793,0.014857799293185633,1.000000002521544e-08
468,-375.42495882260016,749396.8450634516,683524.8900957188,125481.48904176359,62696.47251811643,17232.687545672932,27219.246654347455,3073.598508558823,3504.170162133505,2804.980495807233,482.08414827456727,304.8315794156933,860.517069405939,0.009728378474042124,0.0629382495024363,0.008298464232177024,2.8006725164699554e-06
469,-273.2746142229506,785309.3585827365,698089.641116593,124749.28358343588,63010.3736690516,16792.83328160622,29292.219509393726,3744.8952793926496,3193.916627658657,2858.487166265699,659.8545668901294,344.6847688095532,1049.153937929299,0.013063695818543887,0.05441526601770207,0.010832312937127152,3.3308510329804554e-06
470,-464.2644016770132,787347.1581121389,715585.7641801473,120821.4619787666,61526.90396338736,17032.254968507626,29748.644230495698,4683.947833600987,3174.8751662568134,2704.636999781462,318.21913358628206,288.08192945665604,1018.4225579572886,0.006884025486205025,0.05321737874967119,0.012181595384778076,5.7173013403651894e-06
471,-349.5839045334045,786291.1555437719,737840.6220069501,119648.5707382997,62464.8381857442,16763.111237620455,29160.30278978606,2084.883064275372,3601.9286786012667,2799.923846274171,233.7753923305396,405.334760621709,930.1143447714396,0.011729688172066138,0.07511773754329475,0.005725975314554758,3.21698639173295e-06
472,-390.87012498136676,763222.6205199198,725874.0856791172,130261.36638666246,61481.97593667439,17744.721561518625,28966.73687145994,1507.1218486793155,3515.8045531680086,2720.1752699592594,878.0717803277355,253.04733550636155,992.8118695516602,0.013651343704020422,0.0552994916938887,0.01663345209002054,3.119454486816796e-06
473,-317.67508290591564,798179.5048935212,727267.8969625268,123647.63406612484,62588.75011728095,16381.654507330417,29562.450003841488,4315.971745908429,2931.02582531574,2749.059883782923,458.2133043504592,310.491132594272,992.7759355038885,0.014578464526984745,0.0435497628217494,0.010560695720192047,5.108010197925555e-06
474,-436.19280662805176,761169.0869520531,732669.6820625555,117832.09285701258,61429.10171020094,16824.68725709957,28552.574818717916,1812.3285079929556,3023.435295688849,2796.7128574369813,118.1521870883439,270.05490264101263,785.1769232142406,0.011415027970522714,0.03833894907986723,0.007811403011247121,6.173297679870724e-06
475,-256.0161355335771,784307.3581068214,713893.39519906,128190.85682519145,61895.79058512607,16431.39750044401,28707.925174766326,3129.841708643663,3423.298852047246,2865.1119470469175,831.9395361894451,265.4956220496997,705.6166005523403,0.011980987433918806,0.04952468111442218,0.01049588113961117,3.000315108186702e-06
476,-330.675985866822,751713.1489204161,721461.3286415426,126269.30881813537,63413.289280404555,17321.377278713935,27981.3255181103,1304.2206108160926,3623.8632657489024,2976.5206363029965,601.801269089313,359.1793982327977,1012.3155121309384,0.017310460397652494,0.060768231333133894,0.00777905138178264,3.003461762272196e-06
477,-251.12064187659968,716077.5360940438,670791.2018372087,120402.70793657136,64994.49206531252,17911.524160611385,27252.951465552927,1945.8911629777244,3484.280232091926,2932.9223882401857,296.1105884573437,380.93941588296065,1082.8995152723567,0.008179875442096933,0.06352647757633406,0.0071361982679227064,2.6993181543420143e-06
478,-349.3989554891208,769568.5392494566,743170.8325389385,137607.0103365014,65168.54282686424,16931.50802924041,28887.397759855827,1116.1456344646556,3203.2001284125745,2541.684943458178,1657.0433544805112,426.8729387431828,1030.3712539326161,0.021179370890749477,0.0533204129333394,0.01832184543461558,3.361470383215541e-06
479,-349.1051823532361,760655.2071224095,753386.586176143,130272.51362133649,61845.8551759217,17178.938204304395,28199.296889170884,393.12399958163513,3241.6422296600185,2874.2880640029985,971.6239140739257,320.55793942369576,849.3769353155641,0.013756347123332199,0.036580330551336936,0.013269333091312433,4.525277450621134e-06
480,-358.35335131707336,752508.265462703,720577.6798426268,133869.06678870725,62856.302251323075,17064.536650403326,27666.88003152693,1119.0202956488606,3925.7356926676166,2855.8710484202793,1032.3921588236906,366.66820747392103,909.0080763879685,0.004328631538803191,0.0654671013503161,0.012209777120454804,4.5542811800396755e-07
481,-605.5771859015474,817089.4053184018,772440.2445383633,119303.19524572678,61397.12117975401,16203.319296407824,30241.803850197815,2282.5323190165786,3393.745545225958,2710.519178300644,226.57175549635184,275.4438784384016,818.8161188468184,0.01721113780767042,0.06622510658236883,0.010103975447280795,4.364520825349373e-06
482,-424.093787653518,750387.8935799049,687650.8482098831,131771.04040360308,60024.20559791104,17399.37186502147,27336.88969700994,2149.957516826211,3763.694384747592,2894.1357392923346,1019.6681223960701,174.22403444608602,762.2954554432312,0.005744979565081474,0.06627267264429505,0.010954592784349678,9.95707383540167e-08
483,-394.09950781588464,815166.9298274027,779198.4561939987,123338.3990120713,59746.1587417877,16175.931598166168,29794.174357811426,2129.840400850023,3261.129221433949,2696.6327944745835,431.2627571466721,156.05698522381778,752.0459540969225,0.012970440342320757,0.05251816345227214,0.012209208864445374,5.573284066267474e-06
484,-428.2269802881116,790247.3167941325,735136.3952631428,117198.13278397483,60576.03304372984,16595.42620904769,28906.42860235167,3229.4284178506778,3112.578606272881,2840.958545221657,108.79062966539837,252.02660824855778,777.8881255791237,0.009455419795422594,0.04809708885835359,0.01026499980818086,4.991791008585947e-06
485,-321.8377037465701,781914.0611528271,750305.1839345772,119358.76940000613,59985.17896736546,17169.092270734,28880.085647843993,1578.082743228259,3282.8070614311287,2800.7817151421023,245.49255916996225,215.9815093510901,787.1339825053835,0.007130855299794537,0.061399506109885774,0.010881089236444107,4.22787624905877e-06
486,-366.1742892410031,772374.7631170388,742459.7199237238,121922.20694895793,59215.08754892924,17028.39004165701,27735.351461102837,1644.2637366293634,3473.325531389581,2701.006277125723,401.3363892568969,166.64074714172747,778.4481026915939,0.008587240733067871,0.06469300769985471,0.008647115509517493,5.08137890409886e-06
487,-258.04677917174354,743732.2049120861,648111.9791314194,129977.72149270243,63352.274601577934,17618.267405302824,27795.2964408597,3815.3673126108633,3552.140527775963,3037.8153563768824,895.1030721702384,415.4472861396929,1050.8972601899088,0.012022905822728054,0.05454710455270158,0.008632663415098265,1.7385842584540105e-06
488,-348.41803192217867,786578.7749002436,733909.7834432047,127340.8722352001,61581.703113472206,16502.010925827166,28888.391413930985,2387.158857990141,3440.0257165700937,2873.243712746197,626.6673267338878,285.9213863731414,761.0730102070661,0.01110854178802072,0.04521206197862346,0.009833727678916705,3.619692374982565e-06
489,-283.00330674961674,796590.984081885,710012.5520494054,123217.72656179468,61329.39620466639,16678.28978854299,29225.366786224895,3495.308912293019,3390.12867275377,2685.0237647270765,333.46611298807125,259.02698708584234,779.5070280677271,0.008980091137370994,0.07981252072633616,0.010150813696571594,2.6800267545971367e-06
490,-269.8714876477477,752412.5915435858,642149.7040076948,139402.6882403533,65901.50567874251,17275.301536484265,29003.940524816753,3699.307693574638,3671.390029738524,2910.1398539345664,1362.6671570314531,583.7291652244824,1322.836878812709,0.015690340536210906,0.05986614332439607,0.013136671110856453,6.724006547266341e-08
491,-268.43340812377517,718087.5826276947,697782.3327676753,117977.26980555819,62902.08586312731,17742.21239753478,27517.48467608064,848.9256202608696,3371.279857370547,2754.421405998168,173.32253011712726,311.9841547547547,991.348224943921,0.015736710738553976,0.07147868478975834,0.013008316651141107,3.072198717956469e-06
492,-459.96160044654897,811769.5052358286,696511.5577874195,121025.55282814147,59780.42286195685,16557.420340251934,29552.319493817846,6571.241840411663,2796.513797731293,2562.174375141604,266.30061141981975,182.36459682530105,740.4597951959365,0.008088536255080162,0.07045757959597317,0.01443526839062272,5.36798046443685e-06
493,-269.3639711563076,766381.3061473267,684412.836782046,134873.53719760312,63389.21965801831,16725.204010187375,27874.632490300468,4022.719658839879,3083.334064772137,2774.5767267087203,1003.8265872099291,426.56850660346674,816.236167662891,0.01846643672042944,0.04068847421236752,0.012860998046852019,4.057126310532033e-06
494,-516.8875726034357,813713.9918005207,733787.1076649426,125500.45155678596,64300.6848433691,16259.542724318391,28426.185191230146,4442.275015440941,3173.755993294067,2651.099452353381,852.307230686216,459.39173751096854,1137.2367694329917,0.009471252862937613,0.056402341897726166,0.012496128322418627,5.051771514969883e-06
495,-424.5667339567992,745771.9556853942,623664.7600851967,131554.3914237374,62235.136021627506,17523.052528029166,28533.39018017686,4357.333923134919,3732.079520918428,3085.5012501638075,1035.6524847663254,280.44943973646565,971.2810719293294,0.015324817733994082,0.0565466967080613,0.007564872675835918,2.540146255265988e-07
496,-244.015506464345,736740.5165828004,652137.6084261934,124680.89174676847,64227.83672300827,17320.034797569617,29358.92434584655,3701.5916351847936,3132.0582704619387,2663.181168322757,420.18657921337274,457.44000189895996,965.4314147600132,0.02015548135676261,0.06676013788050066,0.01203205490523665,3.440107980541529e-06
497,-354.8833938454468,801758.6813569531,755664.080456518,136228.71302582737,60236.7725130616,16415.101884606043,29303.559628249943,1551.2982329327244,3966.466228805042,3062.7097751041247,2270.5376292043484,251.8712554908566,794.025200930561,0.010251907599572242,0.04802296040612253,0.015778575422327197,2.3284227045448735e-07
498,-294.94600201197505,750475.3610195908,711945.4745647869,118868.17541570222,61056.106365501575,17177.858767500373,28469.90360600116,2003.6609673042176,3135.6413461259312,2652.3610484458977,186.74899888889053,253.01895962872007,860.6672078271483,0.015374557257605035,0.05290211331696226,0.014299369683043583,4.844523486513692e-06
499,-370.0160650785807,786035.3879598818,716212.7409761559,117540.4366312677,60822.81140831266,16456.548359572877,29118.472387376372,4938.380784792049,2942.559011212538,2662.9344614081206,110.60601242517224,287.60406996668775,869.1551556252056,0.012182763784673126,0.043467218827457334,0.011269903205258357,6.696509959979692e-06
500,-374.0685831581077,726336.90292293,689638.7991080863,122018.43343242705,59684.3959638096,17641.792274996587,28968.26513995424,1875.571774691766,3367.9599978042047,2887.6486425023154,304.156964218239,225.90857715075,735.7378594270195,0.025650132000440928,0.0413302366136202,0.008148251000332278,4.88328050649805e-06
501,-280.511570317896,769496.7411472965,618860.2077991491,137334.54314782802,67066.83834483923,16898.67051491152,27688.80360043578,5484.185576279971,3802.5025551837994,2802.6254757529446,1508.7814358186326,562.5326445863166,1055.4224848051517,0.001446459751817955,0.05806286610525817,0.012594850925966485,1.0000000007357653e-08
502,-304.40357109342784,768658.0394038868,706009.8622010939,134337.371871716,64746.002344831,17145.330654203724,28758.509349766733,2500.155055039959,3350.817754613702,2808.08717275767,1300.326016755085,397.63385719900674,1077.6249028116542,0.012229232503394992,0.0499153173339203,0.01036271858753,2.770619529274814e-06
503,-417.472707444936,753767.4923294149,683909.5505767732,120642.01176902611,62395.2763559403,17232.387754161082,29373.711956460633,2632.794547595555,3693.18789425079,3036.3832076807844,253.16824269835124,399.1399424273515,982.6989311412735,0.011291735176343073,0.06571425955531318,0.007102964879712814,1.8018207997217663e-06
504,-346.1553391455293,779249.4564574187,734795.4090361176,121290.42944920433,61681.76952907415,16920.101712342333,28544.708715180663,1904.833821503043,3400.360933439526,2767.400521286466,331.9015182654381,225.7504671595094,788.5403730723615,0.010486478044738316,0.0680061333604093,0.011477178318033646,3.0779330887739424e-06
505,-339.82117058626636,718066.7246896146,658420.5448055536,126949.5339704199,62570.460956287396,17627.689407955597,26737.92851101623,2344.0163534282715,3463.223946879662,2934.6360973597166,817.7375948320082,375.75861386380336,1014.9656661611016,0.004045653944833914,0.0641786888700381,0.008176464172985405,9.452740061813572e-07
506,-315.7151223718921,771606.2627201695,695807.3318481006,121233.6697264034,63800.139720175095,16815.660890979078,27193.68299604863,4803.640416557371,2986.295856882866,2721.9610918250564,323.5274004802017,349.9190075121218,863.845802791404,0.005534293669914323,0.05509904394395706,0.01037618017420791,5.94980609103441e-06
507,-365.0178332017987,740194.6583634256,694809.4551623766,135493.62947746838,62050.92461159696,17358.98735002369,28086.417653301785,1661.7399707119957,3878.6120814183855,3098.7941206037685,1627.5929353194063,316.71729279727793,781.7214601157658,0.011769802402152404,0.04827961473738684,0.00995634825339695,4.469567955745936e-07
508,-261.6915979105128,705223.5267559068,653233.0097894629,120998.6864566051,58869.025069619,18020.631771291693,28136.921340272405,2786.4666913198453,3003.5703805152275,2927.575228420658,251.84097541914014,136.26450630749298,813.8401068475432,0.01811595448299994,0.02767150102223402,0.011660629553231343,5.129372934775129e-06
509,-372.9909163021016,761625.3250979066,730345.7614845359,121241.10232106266,58324.91294722693,17086.403704270946,28828.79642408028,1855.3543595437432,3092.3813147823953,2800.8487146318303,342.1989368812153,108.60185257539497,638.3530988737258,0.016041623322845627,0.037541451417493474,0.012758408361885019,5.4249210969769405e-06
