sample,ll,T_NDH,T_ND,T_AN,T_CV,T_LY,T_H_N,N_A,N_ND,N_Den,N_N,N_Alt,N_Cha,N_Vin,N_MH,N_Yor,N_Los,m_AD,m_YL,p_H_N,p_H_WN,p_V_L
0,-486.6963845520853,793951.3705891815,707849.9118213871,125573.89491180272,58408.17917768048,52020.73770656593,645067.8698357457,17396.44632928582,1193.746343301216,3237.4711163581596,3056.7622195369263,721.4828397184273,120.5535640992643,764.5721540919276,29139.12961768961,17453.694440631876,936.8531896607102,6.212447968912124e-06,9.164678394389423e-05,0.6583849304242206,0.01100125582638202,0.02355209098278208
1,-449.3657253505636,801486.1475138413,765649.4881424465,125318.83246949046,60501.68128193499,48000.00000020845,590898.5145300255,16677.303072312465,1627.0481257084996,3054.8969204296714,3006.474784541538,532.3788972120145,234.88028786391692,847.684517809916,30421.70533910505,15470.738610217682,869.0788877758401,6.883092738193429e-06,0.00011364988809647404,0.3113053392978945,0.009897544004507727,0.026070992565238003
2,-549.9638077045538,774993.5754829587,738851.8467565121,129350.86824065154,60091.742441421215,48031.337868025206,393755.4850337566,17221.7714238288,1393.7679708092344,3682.581021330548,2872.5891997941676,1392.3794787107156,221.26580844924695,808.8167063851746,30511.122045230404,12797.633229672298,841.3259619990118,3.5579064636317516e-06,0.0001291991455615348,0.13478029549886308,0.014318934685854899,0.018482253498895478
3,-445.4151976859874,838589.6750960441,778269.8425679854,117956.05567113221,60678.51949864216,53368.929912855376,528554.5793417528,16352.641861100758,3690.620745893117,3058.0493387513106,2875.3294423515626,139.49291288684452,214.238625560093,965.3184442303723,31041.292939405583,17025.539518646146,984.4409824271532,6.958630565565023e-06,0.0001103956696748912,0.21350253318043008,0.01155745635128023,0.020572590591956274
4,-556.8584453173455,774423.5577327891,731705.6947290921,123145.89324959717,59569.7789717291,58460.064126512756,402603.00582096586,16902.54988084993,1930.6595345848264,3241.3094185620907,2729.0084490193562,459.87702834215776,167.6049788218405,690.3015073858455,30833.86382462113,13484.296864509806,1036.5541368398399,4.6507721092046634e-06,0.0001360225116830823,0.15080370742612856,0.01514449264542477,0.024240306070185152
5,-472.4944420059574,773167.2791985931,748038.5493861439,118932.80879935672,60147.42238306508,54980.474965979934,387175.83462248725,17299.733073614374,1719.9393656273025,2930.265699985806,2571.6818730817013,174.36047449391097,257.6200960361997,718.0438163158724,31244.01337048969,11457.125590869753,991.4046007960329,7.783918636824172e-06,0.00013730003651233336,0.1561110325532353,0.014656395966312387,0.026788403721916078
6,-383.80498418340255,769888.5736360938,648570.1487824939,121644.77826346198,59980.82854987076,48000.00000123461,432254.1525440885,17511.25012477246,4897.433325090918,3274.0827158106267,2737.9879582821964,346.5940968208086,202.8096136682148,747.1152059595543,28352.261441369203,14584.530686328075,1001.9496579994083,4.831201974202121e-06,7.569773730027127e-05,0.181084146295544,0.015168455937310327,0.025713203589445288
7,-527.1393746052819,749645.4188187191,716566.0511839323,122480.59875852571,57875.47306633189,60132.3469974317,282130.7288940828,17290.49221172906,1616.222422659859,3429.5831587795165,2934.196478338564,377.1195300276819,109.35461932431916,739.5648299110983,29567.230686169412,15730.493130944147,1066.9707734730898,3.8144132569230144e-06,0.0001187299270424685,0.07002973266297453,0.009792392691551093,0.03204084544731455
8,-606.0927564871554,783635.4182067994,731893.0205994719,119919.8844351122,58968.364779280746,50085.341585287875,413112.36109534494,16973.178968655007,2267.464010514716,3517.652486803445,2843.41610127493,231.4216568778091,132.95491678075783,827.4669919656598,28086.70105140466,20569.095469735774,1037.507698486846,5.142672127875652e-06,8.720116882996693e-05,0.17030886238973944,0.012968400472188333,0.02274529687319453
9,-459.3256993486302,808719.8088284497,749469.23200378,121374.04770819,60972.87874109077,48000.000001215005,326747.30163331196,16764.7407685562,2772.8413630554637,3548.882364570378,2751.2668229476726,457.4627285293011,246.5120465300691,901.943990916741,30856.09980660236,13593.241501290473,898.8378197538187,4.644243027837132e-06,0.00011686407817302022,0.10463805132955985,0.011873025918633175,0.026336783949911707
10,-613.5182435869135,829947.8918232416,802786.2408507807,119834.55191392527,57440.37765939437,48000.00000020956,394848.71452857094,16575.001069947277,1637.808039841698,3049.6443600472107,2606.7914016762033,279.1006082025437,87.51762073354114,616.732157659442,28553.334516814604,23488.765183207768,1019.6017341329613,6.488887033532433e-06,6.790248380651257e-05,0.15767483815291,0.014039710335363033,0.01936096088369736
11,-471.2838964176361,784680.5123208923,726066.3591676195,119752.93404837647,57642.54716007111,56874.44525657318,300284.62122026057,16903.67857941131,2760.882663195397,3322.4155038791564,2649.560538789188,294.78489592877753,107.89433675255674,637.4985367734552,29831.421852872612,13312.550631689,1057.9371064336713,4.748970963897333e-06,0.00010356708548405273,0.10942678910135678,0.010885884768648251,0.023103881842681633
12,-531.172747241721,784679.8822177297,761961.9255328085,118643.98094705488,57847.81486390938,53790.70537726224,325685.0802418232,17487.550317662728,1069.9388454374682,3310.919197955695,2640.7725192826815,170.9508282658698,107.51890495868076,692.0761898056348,29942.392588213883,13196.06500072929,924.7348267062578,5.442327924293235e-06,0.00012898224206927696,0.129722643182891,0.010265315677034061,0.03302738615659853
13,-549.1182831975999,806192.676496022,736574.3461189269,119803.51344729975,60828.10152648304,48000.000001976594,491239.53982401046,16953.926282404063,3213.9799576175224,3183.2731989816557,2766.383946686515,272.6192267290811,299.29561797467437,917.7587844876997,29547.656945969517,20638.540180184737,926.6005607651142,7.735828035441046e-06,0.00010284942936838297,0.2704313935582641,0.011698090752446289,0.02840246582510901
14,-447.26655091518717,806351.4198425473,713431.3180295313,120778.85619893885,57064.80084153726,48000.00000014834,316269.74473134876,16683.075367118196,4258.7981165058945,3355.521159495106,2709.064115988745,246.93834480751661,74.89732479967851,577.6147580019282,28771.30121975206,18866.632382830765,929.0380495796037,4.662348628995076e-06,6.997696671668592e-05,0.11336250623073402,0.008250588679634947,0.023221553816704533
15,-423.3936320634672,821750.0232991545,707944.5835271007,118849.14366950502,58046.79074207356,55282.39956676898,554457.0698849865,16543.82525607178,4706.5702938974,2859.8374190017166,2909.2142372385874,199.26187285355,91.75621892552269,647.5771666288131,30665.997052570176,18081.780089358665,976.9843947629702,6.690932158846226e-06,0.00012297728454204915,0.3526245761906092,0.011040989606709857,0.012507481585026996
16,-584.9100622423649,765766.5891964496,718271.6356008014,117538.26086654927,59308.987461230856,48000.00000264576,613780.6629475483,17826.487472721692,1715.6863804184327,2801.945717458692,2851.779898254714,96.31084696343738,185.76244790860844,725.396523059285,26029.641467703845,34009.28309982342,1127.403948586429,8.017032208959632e-06,1.9208219734656753e-05,0.4901987582660426,0.011559708709046499,0.019449317369382806
17,-451.81559548330705,811572.622793879,792269.1821649057,122889.01784650699,60869.961274854555,48000.000000862434,549911.0409457204,16682.629138959273,1035.2668715112784,2768.1492205751997,2919.84704922749,361.30976175406846,247.10790240392424,745.6194232329412,28403.07600801877,23045.24385789452,982.7344122936255,6.859034133860162e-06,6.000984779800114e-05,0.2444418486258197,0.012413870881151567,0.022432805693401826
18,-377.4519690792105,805255.8644207021,638614.203013255,122958.806482698,60738.54740541208,74732.67379174933,595123.7379659275,16711.534492579853,6048.039035559124,2768.3956149094925,2893.0640463631926,470.16205986618144,240.24033046802742,830.498901000029,31598.181013889098,14744.034889355393,1197.1567041479204,7.394048203567108e-06,0.00011949676852835246,0.44000074944455575,0.011086287504174492,0.022386028861971274
19,-516.0183102220777,787619.615688087,756281.971233829,118131.65230516224,59031.673393930316,56997.78185226165,356249.28303683124,17083.4661536992,3208.5699760405732,2797.5060129797225,2400.5551209071964,140.36606941132322,150.7750618851089,857.7195134519175,30454.359221154573,18353.830557027934,1000.7364726880155,8.828411414566185e-06,0.00011493893631004668,0.13133510949027916,0.01453571963032805,0.025384272664297172
20,-438.4575268803609,801549.766525236,770895.3909924565,127170.90243990965,63762.84895442042,49714.728205140265,330120.67232824396,16991.32510330038,1603.4907171444545,3155.021947569242,2514.4047340060924,580.6998722727001,526.1727653765645,1018.9734805298317,30692.051606166817,12323.135171760276,895.059738307241,5.4832460784736286e-06,0.00013143916756251113,0.11980361115205193,0.015153283018545564,0.029744253526937978
21,-414.83889155362664,808861.1078266046,771797.5212466514,119118.1016431139,58988.32196620016,48269.12090261921,338671.74191954976,16642.374139769156,2438.364727394765,2968.45983853294,2592.7980232335594,177.9342531757678,165.3602150803778,705.7655400037862,30994.44506470899,12173.695006858336,845.3026090982104,6.861049196758734e-06,0.00012806938201392965,0.13064570956109864,0.009191999786999985,0.022631439558665947
22,-513.1701373768926,796724.8077127426,768812.2418874636,117511.31107620288,59333.707076730825,48000.00000663096,372550.1334437905,16866.826337953582,1703.3516250199832,3036.1064923099834,2621.0591778550797,102.02492239045073,163.91886268290094,702.9151674601494,32620.457342654478,8759.127830513844,778.6596315790081,7.000728553253441e-06,0.00018420983188936673,0.16469995406235285,0.010009332650663016,0.03479302049419399
23,-599.0853986243029,850302.8240777632,823448.8348766438,117294.0958051663,57978.40930176827,48000.00000000433,550395.8210237541,16044.444640351925,1449.1345272484432,2886.0598805431705,2945.338854209628,102.30243749921948,137.78295583987241,737.8790447891686,29284.075390258964,27728.682014553237,1013.0696600946754,7.465253246026615e-06,5.75999212669021e-05,0.2680617876928508,0.0099460897321219,0.027878963091425766
24,-394.4134738784685,823164.85965424,785674.688145369,122950.81549846224,63242.109642420466,67858.32223057593,345424.401279583,16656.925404108388,1486.959999378785,3775.988050046764,2797.0779675342437,510.9888050091606,368.67968519818004,1168.541395365247,33435.4147607024,13154.874344098782,1117.5790812870746,3.4210845676135472e-06,0.00013752813147265843,0.12958470730858998,0.012272735047841883,0.029252949056159737
25,-545.0871141978477,811862.5933363452,769341.6263486679,119299.76817362788,59103.435725037845,48118.053879135674,401446.2737844935,16597.863189780797,2546.639629513231,2881.0825003379846,2653.3972222386774,225.45379762040432,159.72517395306852,678.5001297565356,28390.188836097597,23980.497856477275,1003.2532729213922,7.081489262057594e-06,7.781162427635213e-05,0.17814347090120147,0.011117223731071723,0.023941992524123986
26,-713.7065053047567,784878.0459123403,733938.6572265375,117291.51087262279,57625.45460325369,49933.06397443848,370394.470777959,17469.86452570975,2423.392779433754,3212.9201340322074,2664.234513943518,133.87786662747595,93.4221714500317,604.0534800507472,27272.36265003155,24510.57278728566,1068.603062325177,5.9452959651360785e-06,6.045332445346844e-05,0.1657797697117182,0.014091712246399239,0.02746196635711233
27,-430.72102780922705,794921.7202610665,752958.9285549386,121581.32653656404,58751.25567879444,49221.68140946769,381601.7789910002,16953.769215465443,2193.3275129137087,3385.367408821769,2785.4994822713684,385.8573495205919,146.32416499742212,669.3441218336728,28091.794326983516,18095.782249074702,972.6692444194653,5.281094036010069e-06,8.231137928914475e-05,0.126894716308037,0.015173221337599454,0.02932405858378891
28,-525.1460698124727,767224.1569605424,702581.0823081876,117221.32755215914,57966.53150548556,51028.6873128665,271028.44121333037,17052.35785088779,6408.540948599962,2793.736433550856,2328.8788397800026,119.44016089834079,117.4641743263092,768.0075093025513,28743.14269683418,14637.983378419374,1026.4778377450104,8.229498087163952e-06,9.2503410669476e-05,0.06591857249616596,0.019326373626224216,0.015303350759308729
29,-409.0967030840342,791543.1656342789,711968.7829912164,129282.28986923143,60857.13100360204,48000.000000116364,611223.0114828531,16770.178896607467,3186.2285698609985,2994.629723767657,2932.4348592222045,715.5490931299726,222.97027164872375,854.7396674221008,31462.72102743156,11805.449107333512,868.6318682721088,6.625278714902728e-06,0.00012407486904612253,0.35833931527646073,0.012789466194038005,0.016535998901497595
30,-381.0565817693052,779829.1977764567,731383.5854764092,125482.70297716407,59140.33649685115,48361.70697271339,410121.0914558902,16910.978404516984,1830.7373304170976,3535.2330268044484,2773.574951824226,649.0434143834815,180.9391821739949,808.6208473432697,28788.372891871186,18359.992519404375,969.7689978783737,4.510851679937944e-06,9.631472860019923e-05,0.18470069531958935,0.012547120062363828,0.03113320386394111
31,-519.4531796293378,838391.6772940152,788874.8657316285,118178.06915639887,58251.6904958975,58767.76355141385,530516.4535857805,16092.484892106364,2119.2805189579417,3152.7210095887494,2878.606857719434,131.90297580706283,149.10347173618067,629.8380776066729,32227.247821169603,14064.03851286809,1013.4549176288266,7.050542431390415e-06,0.00012713622010512106,0.283905440708039,0.00800025018858462,0.026853976105372587
32,-461.2817584724202,871509.8956193435,835514.0800335603,118234.51689525023,58830.18170680053,48000.00000064714,373588.7363876952,15509.46658745087,3143.8997554499756,2948.296350461272,2634.777150123628,231.4100787456713,149.12498432943823,712.3967299792288,30264.609189452327,15675.441918732658,965.7745751293911,7.093740785801283e-06,8.758567113943513e-05,0.09696300856350969,0.012785458593473159,0.015771643215145008
33,-384.6883895005866,826016.7644802056,798411.9249135173,121888.61740350557,59865.83353483556,66543.14502293535,352614.3708297208,16489.605419006184,1522.8011328538435,3400.45298234535,2745.1699630096305,414.9847278227225,224.42353163603414,766.1094284801674,32324.1420526289,14348.728156053709,1151.5087922151065,5.609918240332797e-06,0.0001185150682364215,0.1083926879142225,0.013785587601799015,0.027846740865099296
34,-512.5247585207251,830453.7997469669,746387.5736727586,117539.68239871324,58424.27756271548,53083.67417358958,362356.25191345264,16184.144661657507,4234.259003192239,3265.260613015118,2757.1001369897217,100.60671121008497,119.21767715987161,701.9553292675524,29870.1816282647,21577.969211919473,1095.1099840424563,5.507951729005931e-06,7.510555655105521e-05,0.1303303842760174,0.01289503086081619,0.024058191679440417
35,-621.7174635279957,818850.3056049072,800595.7061176518,117834.38672559254,58180.7234727742,56514.77579786811,347508.1608721775,16500.70791296334,1587.1511091621157,2714.6628708692733,2794.0464764956732,110.55227342913648,106.32379191754818,664.1946381582877,29469.38879142556,23905.79843992052,1101.8062019866468,7.230414268370426e-06,7.03488196707356e-05,0.07949939871858823,0.01283442787941822,0.025945316073511852
36,-447.7939067482903,804069.7287421573,760143.1907664735,117340.12273385665,59921.89746307274,50936.90895676468,598159.8097592132,16784.45913444263,2304.1611281044675,2802.7421544024887,2802.7252098253052,101.89474550544837,233.15390579183529,894.7027357714294,29972.88488203528,14220.914276232992,1022.9878390961959,8.25253731431753e-06,7.914406977175336e-05,0.4043050550780654,0.010218541432318798,0.026017998892327063
37,-431.4885838772026,828989.100881657,781845.4983525812,117763.0938738379,62325.161473480475,74508.92866012709,488232.70488352573,16737.705463909802,2495.228325538919,3142.4901101512223,2888.6640474046485,133.4442510849035,336.9047439372505,984.4212878117082,35537.54270919996,13604.894442055955,1166.4583621166144,7.3345266300034365e-06,0.00013917477138248699,0.23807968443241626,0.00781490340158612,0.027037196983261545
38,-436.64498261891487,821688.2790404899,731885.3284607386,129416.98960047324,59483.58162682322,55757.77780726603,407826.5735301584,16731.08889851151,3591.9394801697244,3413.153518941946,2829.498069665088,748.0243158061302,183.58731579791495,929.4809286836783,31041.66918425671,11604.84417918328,930.4700223976456,4.2393308399958075e-06,0.0001341727015227449,0.17022648503837154,0.013442115393661334,0.02998692589960167
39,-470.80506979503616,778305.3420682929,691117.2472329594,124750.14308483382,63988.70862897372,48000.00000020649,395614.3993736427,17256.052440562846,3683.981481792319,3489.869779825792,2781.9732255140107,594.5313471461487,460.7227918804116,1075.4030496362157,33065.488037916606,9455.834021762064,739.4700388031031,4.5756625461016435e-06,0.00019113064824292076,0.17120983383805297,0.009094715411856285,0.03688082997663983
40,-407.0046419485569,843992.9550667593,798942.5686660262,117969.06329248073,60948.6561920683,54701.20217433745,324204.7965462817,16208.715971136759,3659.6910885619823,3022.2095990738467,2570.5917974868703,126.31501162074235,346.432647352677,888.9816593141678,30029.92107361658,18004.252848565928,1031.686837025688,7.348254890063811e-06,9.673610824859245e-05,0.10103537015929005,0.01017787948099464,0.027469809085639375
41,-582.197372265498,799389.1314663312,744713.9451153823,125839.65207704192,62744.09022988739,51159.57294671066,303217.28931766923,16999.518495902517,2265.9997388998213,3317.5419271083,2757.8059847143923,610.9704524868561,332.7464441279925,884.7567769347949,27847.45652478299,24824.10701493033,1129.158108282924,3.238430292516305e-06,5.051826064385666e-05,0.10956056259985364,0.008223047462410557,0.022226457359267204
42,-470.972390224769,804912.3663025253,736548.137320862,120131.02538453607,61056.95491019485,60979.23960228622,574725.0237464096,16924.985970793885,2470.2604871326876,3163.944697631732,2850.320620112594,240.91336136734557,251.24336118348225,900.9952990728759,34263.62324361193,10266.574787853277,964.0534453949543,7.940588915169294e-06,0.00017144566942534298,0.49422235504145123,0.00699054925379408,0.016058264297796613
43,-532.9218867101641,856617.4088959962,790871.8932025165,121729.97318028816,59982.29127971537,48000.00000085322,531161.5467291343,16284.336789395104,4195.073477729889,2991.256163444343,2957.493891263601,324.12725820502214,190.73360562647235,789.6302366164351,29891.531240047545,29344.23965488977,940.2666010925292,7.666459853385852e-06,6.748126767658653e-05,0.23350356855796967,0.010203372795689806,0.030515285643729625
44,-508.3324963847763,814159.747737097,734093.1439042803,119997.24576270708,62361.30550379885,54091.92770880701,523370.51766411006,16676.934865147752,5191.787903322904,2704.643555251202,2699.9820396910764,208.64563237109377,332.1151176934713,930.5082304514987,31691.285400612876,13586.866798903196,951.8591571709364,8.616910169785792e-06,0.00013697190652283488,0.2769696127223688,0.010654681599521355,0.02995554355628462
45,-610.4459864780481,773358.2820020418,710340.7900558871,119200.16369434643,60711.69926338239,48000.0000007093,409058.8886311682,17243.3562199298,3494.006657441228,3144.200797750651,2749.101928248725,214.93454251282847,279.1545837970209,896.1238385121312,28303.98348494199,16144.631491892309,901.1019309049143,6.420918472496977e-06,9.976119165898515e-05,0.16104311429640625,0.009577677402428686,0.016968452261408678
46,-532.1823240674078,784309.4095237788,659760.2658086469,120917.04340900246,59034.97894276401,50862.91977207818,325374.476243338,16865.823792109048,6298.1853999576415,3410.8084300930473,2741.9647200255904,352.054634056948,156.2065422608059,681.9652378331047,29796.275639206167,17428.42313502741,999.846094978757,5.071462317575817e-06,9.498313515918045e-05,0.08940862235360118,0.012684206065459145,0.01600821830902758
47,-743.718190016758,751470.3336996259,699459.4848186696,117100.18590896533,57632.12128834948,48069.37239280879,539050.507534,17694.780661124107,2311.8081162907574,2709.135060125852,2697.6858034449506,84.8774091149031,84.10624380881497,627.3891305201719,28288.25745993786,15284.371660689258,903.3192761814257,8.265823450142073e-06,0.00011037232181891804,0.3954034227756824,0.009977887785956568,0.022870043159073414
48,-487.33781887001055,790259.9260593764,721058.9344046793,119724.48860516133,59572.10156094719,59276.15567664485,467152.5794418103,16952.126018171217,2855.932631195484,3096.8170885224217,2832.4965114512397,230.64644654228275,194.53672995973156,740.1949093288167,30120.852050794972,14058.741741801905,927.3941394570942,5.651780895033699e-06,0.0001483609016898512,0.24855350907178758,0.008711100853180897,0.03178992692446438
49,-594.4179345530572,808363.510002887,749880.2530883359,117064.02154845007,58210.70758152052,48000.000000000065,646788.1044817559,17024.36882570938,2835.1842806073105,2600.5786277599877,2815.4798829745846,83.4509902424118,107.69736630493493,598.9837022681678,28431.026491488403,18202.69882052127,1051.7333655853681,8.90214250381235e-06,6.823376955926344e-05,0.5351054348580775,0.013661100768599806,0.021833233475716238
50,-639.3949286462702,827660.5057294653,776927.1373821448,124824.69969229934,61172.46968690733,59083.60882619755,407446.53432990494,16741.501021268647,2680.8692264401184,3104.9071631566158,2912.4274540402575,527.6968099094532,306.838662062779,1018.9609499328141,31914.532793008042,16073.554640493301,1023.3211025131178,5.838818797881193e-06,0.00013459305099511836,0.14453352041829107,0.008920662909512413,0.03222560278367324
51,-454.27420008236044,801887.7387994514,777068.8174147047,120015.04144234998,60751.29859004999,63154.817740035396,355899.6291323278,16915.803950833208,1296.9126122659104,3224.656207752811,2738.113572304073,236.98481532933576,251.29936730691142,806.6523512547973,31273.533661561585,15862.974978851127,1138.8159726320794,5.506967483687092e-06,0.00011328593408697999,0.12132353439358515,0.009063857195285123,0.03150118562422171
52,-545.4477693014303,800285.8948980814,763776.4672246979,121466.81099971337,65519.26162238853,48000.00000054013,297397.6103062936,16551.51983435073,1821.4158995498958,3115.0393486051703,2573.540769585623,397.7570349762688,480.7385752403357,956.0259293138025,27906.225691581087,182436.38269979315,1104.5792301615782,4.774140433415064e-06,2.729006082287689e-05,0.11155784107234981,0.010994361293435973,0.024176383993957367
53,-417.6549195348704,809484.452062798,712194.2520617241,123482.39709070869,61693.88806724318,48000.00000574199,607068.6915832354,17033.83931264374,2916.2455988395136,3030.929927798756,2998.112238652961,495.0195640642361,271.8968779525877,922.9397153455558,32503.420266713456,10286.363594955872,746.3980246624366,6.4511605634052175e-06,0.0001905368836147119,0.5063757917267335,0.00986460664598415,0.01561494987617904
54,-443.6796346931983,777487.1632420371,734905.1870497213,123779.97933529396,60837.339116378695,54750.807670642964,368445.7607547445,17350.961795587504,2022.900435960405,3339.0364618144768,2659.1729883673506,484.4180405914402,301.5732782149771,866.910323615808,29988.53132397119,14914.947458586721,933.4300446271418,5.038830841446574e-06,0.00013421993564255604,0.14805761724687308,0.01086922455977547,0.03685142048190712
55,-402.7501518542308,828014.7632387794,724872.5851476537,120923.29850533209,59656.99159859497,49585.41070341635,614971.1829027401,16392.46574465329,4649.506776493734,3038.3833101839537,3089.603850865138,288.1024176761577,164.10508428332213,625.7465538599206,31655.252175084606,15208.408798701968,834.6781535249111,6.892372449138993e-06,0.00010417774078570126,0.3513440572790908,0.012065617472910085,0.027858738978037253
56,-487.32359650692257,790983.5265770704,691239.7088430681,123610.97793217613,59181.50979888668,49511.0665746067,476165.2592858394,17013.584323115843,4253.798647834392,3149.4769287168992,2841.0197488499152,550.1009654927662,166.07827822484612,730.6601827592226,31565.50529585015,12779.10134404693,873.9736992527073,5.455745028716851e-06,0.00013892001247006923,0.2165218833344621,0.015910597959619063,0.031240516916418423
57,-497.2959983353003,780222.0793547027,758813.4289392765,121245.25819006536,58701.691039367885,75675.15996271602,533859.9975775033,17494.944068461347,825.8869327538259,3218.2513607195947,2934.750308159203,319.00802057484424,133.8420731026861,783.3850685184746,34702.13857953566,10835.677391213292,1095.106510962486,5.8566346920120304e-06,0.0001429991901539112,0.3225068961136854,0.010638149389477141,0.020207716867699378
58,-451.5910771039021,768389.9772814405,721835.2557807636,117763.98133638913,61037.511568489,48000.000000022745,385574.1749862548,17276.18756671867,2191.506235430904,3213.9072836733785,2803.0561601155227,116.55629979782474,258.9435588120918,803.2612811510077,29747.52220182807,13752.285245630173,828.5385117883563,5.377921983315816e-06,0.0001478229145718665,0.14014735753157065,0.008004904422462112,0.03186185805651112
59,-404.28643402623095,836211.4320474932,779301.7606586467,117876.21521827416,58239.55333428696,53413.96235153492,392167.4777149721,16279.358615760893,3624.579128867251,3137.872726718005,2716.1461583796317,127.598893990352,131.05358306702337,649.5941199313651,28247.497576049776,27802.753056874222,1147.8459039885438,6.955197132969076e-06,4.970623687107211e-05,0.14143506179488735,0.010635513606622371,0.02195765881587897
60,-598.1191209150985,797695.0018377161,722169.3877048923,124573.93333113572,59631.11073018299,48260.75930749791,405521.46603638533,16711.8616176346,2787.379642744908,3692.808098072466,2989.3515298195553,517.1941461546621,174.99270415463457,660.48359065827,26831.751954633804,69729.550328661,1072.3269718275233,2.9269539856097366e-06,4.10501153946637e-05,0.15283567571061507,0.012088766299756868,0.020378110236734304
61,-348.6373647324837,857709.7274255133,774506.8746477958,123130.80111310794,62147.30774283579,65165.49495842632,547431.9225076349,16022.418488187608,4228.757145063364,2996.5823670611226,2894.0203037251945,396.20797201315145,315.77259624597286,815.2493489396716,33733.86853213336,13128.43532054221,1090.1018741414155,6.914950124637997e-06,0.00014477757935080947,0.31592241827785167,0.011248173567761277,0.017444217501690982
62,-421.9118411571975,809879.93048546,750637.4185295459,127852.86974336267,61018.681902481854,66546.50104283047,558596.9428690049,16767.623125217408,2474.8069840665494,3132.9026938546995,2849.291960618336,897.498015549672,237.9167452709048,891.1955661174487,33377.37109875902,11913.788492513824,1022.4483115712673,5.849905906380646e-06,0.0001543294074323006,0.30174817529874337,0.012419369244437508,0.023745132772335566
63,-478.36156164198553,791067.101493122,737111.2071068584,124870.35765285465,58867.53033475487,48000.00000041292,561569.1954830713,16946.125608139966,2545.0944523122216,2908.655820993864,2840.194681945585,658.2684474564915,162.2582310795863,816.1562007615964,31315.759768409203,14442.46757702268,860.020699454102,6.82874810592668e-06,0.0001240748016053091,0.2854642269586908,0.013496875719677117,0.02774848409222493
64,-316.4083099510883,829563.8649262243,820229.4014779265,120399.21077448402,61292.31300209812,48000.000000846405,528157.3374504434,16498.032582360072,543.8753986698717,3136.8841520018022,2973.7335157474226,252.30521357527428,251.91753551460357,932.0860190509844,30891.20488701519,15133.37939178864,896.6721399739081,7.54025039538802e-06,0.0001011516649789308,0.26261101495210837,0.005107220400428057,0.031665481054896374
65,-590.9772984460209,773596.1705140449,748805.8399486748,116877.7716872074,58506.22312993987,50173.14346134119,316102.14945892175,17299.82436120056,1461.5798661206009,2946.071819927979,2608.3859880846,103.98652559293802,138.51368617741065,666.7958399513835,27482.466209436658,42575.61697349774,1108.0434359185003,6.0411150918781795e-06,6.041382318925117e-05,0.10559651216179243,0.014166220667398642,0.022934207622073755
66,-522.358729217453,797573.7490192704,773196.6335057303,120578.7434354178,58446.17584495684,70690.46511163382,493843.5900998863,16898.854161849275,1292.5123110003678,3072.079535855778,2900.566065106142,273.3601183183643,136.09937737782062,730.0869507782215,30445.776637168467,14644.755681541083,1269.217909127673,6.340817183933846e-06,0.00010016035093159034,0.21914465237277667,0.008099057350991735,0.026630661310277706
67,-448.60229791914196,771833.9258189992,726673.6710337502,118125.81226491052,57746.614303174254,50902.50211803402,476234.6811810238,17381.782406212737,2686.632185549265,2900.7200917307246,2788.9403085228123,170.3494715346858,100.11837252736007,688.6029630569349,30515.81327101956,11154.631223712915,912.8731277448402,7.5369139838827746e-06,0.00012300187900344804,0.2100954062233834,0.010596371703462169,0.03404770771400156
68,-493.5352321666926,816493.7598595719,777218.809954024,119605.90103881221,57878.762426853,48000.00000325276,351869.1544735914,16582.6132467965,1727.4290189194026,3331.528619108464,2861.5555444515076,303.261480468458,100.2934326111142,779.1459206562195,28361.845302014364,26547.978112253306,1051.4526257986379,3.928120887847134e-06,6.485905347170708e-05,0.11137855892122889,0.015400354534090657,0.02590320710012096
69,-423.70138606094673,795929.9981395436,759822.5379669415,121846.5580302481,61850.46976094956,76655.76107653507,385947.9407990516,16751.49413600897,1676.4417821741995,3360.47850988882,2685.9062488549466,396.50194385632915,294.51135937469274,814.5794318063919,31870.723009165285,13019.986680399656,1336.9707686628253,4.936576113273677e-06,0.000136180033902311,0.17645092146740032,0.01355778204640813,0.01773911203484861
70,-515.6113531910261,765342.8146896715,720281.444203161,119828.62057987515,59622.722115363555,51422.48496876115,397862.8280437124,17366.10398585876,2448.0585235839294,2995.8603043180797,2681.3011830818796,306.9680519555268,202.49748967146695,649.2741519654036,27807.6410021884,33655.67790763434,1103.5508720912962,5.8434806950793475e-06,5.024949059413939e-05,0.13849974265967682,0.016231567523895686,0.013220029027601653
71,-476.9884507994291,787278.0257681983,736895.2410241718,118519.51573746088,59096.34490438579,52946.942190111615,248687.45253845412,16966.545869055248,3651.992357562712,3075.6107327412406,2461.578081736971,162.18469241378284,181.54245757242558,753.2112786784389,29973.50555937371,11517.874486696672,972.3287194144061,6.515002298337124e-06,0.00012477384844435238,0.07571647401155193,0.009632280824831672,0.04276928248466032
72,-514.1632098743289,769100.7768274669,717878.6406616322,123652.74756904239,58065.211529929635,48888.66352413545,581542.0527085352,17805.28047804016,2279.071539115444,3030.4558707392766,3086.64062308133,401.680164155033,110.0343477828669,666.0607467294763,28977.480567932274,13777.8854939195,848.0065978499618,6.566679860582418e-06,0.00012494131260201908,0.30022732347532827,0.009213717025156706,0.030383870028545694
73,-464.5736611395821,798635.5230105346,702191.4057767915,124121.5756596069,61995.99532789417,50799.552337719186,610042.2767775868,16690.46902088734,4293.868865273531,2779.4992461219554,2847.4446456215824,497.1105943214372,263.7423463581697,771.892752244833,31951.745701593165,13436.310686419883,886.5948543118618,7.0327252198047776e-06,0.00013534045012001246,0.3623614400704017,0.01491220417353596,0.02803773735718365
74,-538.7658547953743,803342.4427476705,792957.2537629327,120259.49343273549,57956.19920915303,57418.01857526766,600260.0822174369,16742.923878588,500.0350652470781,2830.299274160642,2809.770488264391,289.5435975282478,113.23008516932468,680.6606226218433,30573.72940187442,14062.273813017227,1021.2541215357082,8.420126610983913e-06,0.00012138634151497784,0.4424547806565024,0.010581455746695858,0.02648999323850425
75,-411.5104845618282,809118.5547037201,781566.9989764976,125767.90629317022,61614.07947579966,58761.96760745738,393060.46673092793,16595.6635913059,1562.998645942301,3245.844672882714,2819.4522326968076,582.1990127279307,288.4417868075983,1026.9531946095628,30832.50934080489,15862.875508898998,1017.2085401923971,5.293811728634353e-06,0.0001302820452721691,0.11337080975708812,0.010992286900533228,0.029656159502713046
76,-572.629145843295,795561.4480678282,707801.0777449678,127315.99561399025,59260.486356800386,70313.89489268436,385148.6967336439,16787.873291993816,3903.2952127553567,3377.918234903062,2952.9855077361317,743.0745983090839,148.85104494341232,890.2240894055084,32130.399521309497,14461.579734721354,1217.405658723894,3.644775191913787e-06,0.00010227704771433255,0.10796686543487144,0.014556540483994315,0.021089245281629903
77,-562.858249386917,782104.9253820959,736858.0866219711,121615.62568489781,59577.6078082321,56807.171109994124,454143.0496759597,17122.291481913686,2151.2999115681673,3098.814312255055,2765.9735189333874,417.6151481944405,214.97605854544608,663.0612184540491,31285.033756647594,11961.397477286422,919.1104005217354,6.025513559254991e-06,0.00012449554678603354,0.21848992068322673,0.012286224537636746,0.02722211139249863
78,-441.30843368053627,807452.4428688313,737183.77260308,121084.20965114096,59913.34256589249,79062.19601142658,432981.5340492469,16323.285618221116,3628.1173255081453,3061.7285247160917,2798.551193282572,301.9966466339792,200.04002485487948,857.0315993654162,30760.417914313457,19858.404614105624,1411.5144757464652,5.875927347531536e-06,9.899354931978648e-05,0.15788223478368515,0.01055493092765998,0.016124822958683886
79,-466.0182090612187,840940.4584731448,820578.6705314708,119843.37975656259,60193.761238915686,72936.0933327856,378428.361109222,16266.946357316703,1154.900115357232,2933.417625236151,2649.474973958009,213.86732211541243,242.47492358448062,776.8575842991182,30757.37274776447,20285.67261152022,1299.3870489812869,6.044084078530502e-06,9.358670225836264e-05,0.16288842821439548,0.013288538341184403,0.026345521476468434
80,-477.8628842576892,813166.0303255903,721948.0816714949,124601.75215310477,59534.39274187307,54977.133733404495,366750.3589458576,16657.094582481688,3673.3464779777714,3331.2044340554435,2898.211420794317,512.5920304919707,169.18117603373832,588.6798063245354,27629.17262095087,34005.31711551499,1203.2929798955286,3.6914157394595717e-06,4.189421411244616e-05,0.14282891509128234,0.010208435499316442,0.026708541116609006
81,-387.2858747257901,819277.7742922233,757674.0108543966,126199.52067471141,59793.26680216124,70194.69777946366,480127.3621867766,16536.58360704498,3367.773448662527,3162.623808507026,2948.298701607827,668.7045192471193,205.30779637185734,774.4077716608073,33391.699999715835,12124.566338181457,1088.4113752997937,5.8999569343251905e-06,0.00012247467613571355,0.18819965022513668,0.00900513534761719,0.03218441957346833
82,-570.6882963415311,803087.9435544087,754182.9137074696,121205.25152318744,60160.1698892739,48000.00000377884,292002.1198989412,16926.60277232003,2172.8351331218346,3434.1095335621185,2718.8399993762573,420.5600159429821,236.85824359746385,903.03998882907,29157.754541187325,19114.09301294753,943.5766456120143,3.823844530988217e-06,8.645328247252145e-05,0.10502463279892957,0.009404443675276488,0.024763741402132677
83,-470.21697738244137,827807.5487757891,755667.191452499,124981.2334685985,59617.58933289333,48000.000723092526,560093.6376179372,16532.47658571315,3425.340055465452,3061.0228461251872,2872.6961744070113,528.9126768149146,189.40715250208342,882.9450230481644,31112.601498694978,16281.246959340884,885.7469666823654,6.903896565821556e-06,0.0001158579907887711,0.27640169377035917,0.010744440531972215,0.019833060838343398
84,-622.0564738821416,807004.3621903439,778218.0068593271,119219.93519627306,57895.98449424126,48000.000000585496,558799.2819570217,16602.391214958174,2723.19569376331,3084.846762473066,2795.1013946433973,260.00346620878963,130.63545539131988,616.6328302348319,28455.36941273055,19503.084915718595,1053.3348640762067,8.865550176986233e-06,5.883073827509222e-05,0.22152214196705014,0.01241211055171667,0.0173159337697625
85,-445.93634509614714,794946.6952914181,744887.7303953448,118207.78903092985,60288.19937032834,48562.41060586163,393039.4395120195,17075.503196842095,2716.5252567134885,3182.504431220215,2852.5128176568874,160.37299633647302,237.01671489707326,899.3355410130806,30796.303869609932,14792.253607698454,854.1469207435103,5.86036682886796e-06,0.00012297405359748022,0.14315702778044367,0.01170603679307075,0.025702541092199323
86,-468.2374789132763,797473.9810961841,683246.3332466852,119384.03804248199,61625.47786227472,58095.48504857487,650933.2455582933,16768.906907610406,3327.561292535932,2761.090061691438,3011.62583313323,197.5448587490199,260.15615777814804,698.6822359534912,31486.97824506687,13090.682556770646,970.38669443087,7.086998062473196e-06,0.00013149090974538493,0.5709461942788263,0.008036675639431173,0.026383152457475717
87,-468.00522860336025,806446.8280198851,766537.4613012958,118283.52480409379,61104.71117271098,52715.53955841583,352271.4499085931,16677.102786615986,2339.537829645107,3013.4852854317896,2626.3429499683643,174.8092927468122,241.02383558004365,880.3232508913603,32360.49381652679,13102.290056483615,863.202687060544,6.381076680918795e-06,0.00013952277963264232,0.12050038777571323,0.0131359424942231,0.02455004959095698
88,-446.0384612183684,785882.7839612098,734484.1733922202,125038.25776539532,59771.47016508086,61022.76555624094,402008.1253998691,16916.19804787627,1792.043842029011,3649.0917797099855,3031.9355951426955,632.7741403947309,182.05237730136815,646.71631919595,34145.79547115897,9671.875642048002,912.3205843600219,2.655696571344033e-06,0.00017323480303554624,0.15660531451578497,0.010001629092663456,0.026611038613215975
89,-527.1124551997618,777426.3523941606,701525.069055044,124185.07186912917,59786.54277639412,66745.46598551903,633710.5903332923,17259.572885326277,3908.2561822496914,2800.6763444650264,2845.2039911636407,666.0153340697733,188.306341714909,796.1424363591696,33269.821254712166,11345.762434200149,986.7021416045043,7.718307125919433e-06,0.00013698695933291217,0.3960877845931201,0.013772912949105286,0.03034470015524029
90,-421.96398447954493,770485.9653872816,724204.6188425104,123099.27731888146,60478.270980372174,50118.59589539536,565089.7381800548,17477.626722787205,2472.866655403997,3038.7606709650736,2821.5136868651084,438.2744712002999,245.55909840478702,962.6208396691615,28258.95417293994,22168.66433019903,981.8670592603966,7.210565114001907e-06,9.808175469259604e-05,0.2504327234307133,0.01258538683115238,0.02378744275349943
91,-565.6438811971262,781368.3933978166,731896.4662360826,119206.6974459947,59002.828744584505,48000.00000013845,433762.56506944983,16936.230395711595,2800.011482673453,2927.3836914729186,2809.303501307494,206.88613480054636,146.71878322255534,718.0782332994493,30635.03602839571,11863.365210047998,809.4336845034246,6.6143928858807026e-06,0.00013729228061741514,0.17510284499766982,0.012027454588611148,0.017464635430906993
92,-564.3285996704078,796856.8425486082,730582.563288577,126047.93650294849,59782.51121968339,54514.60044046349,609813.4026477439,16902.413560617562,2367.9944479528676,2990.7081869961307,2988.7496893832154,552.9482670387813,161.0665767814213,705.3428378136074,29894.371787197208,15956.40093596116,1051.0078788657647,6.102089358139058e-06,9.545826228078275e-05,0.38761443513912963,0.009521410828764643,0.027388639893372205
93,-418.05202300137023,822721.983387316,748586.1371054491,120775.00984743127,59155.02041382285,48000.00000015993,610678.3519659479,16858.923969613636,2337.4185132916155,3214.7732887311195,2961.309356187809,305.8662371520752,201.57644651516702,788.5297504600036,31317.02103530289,10714.295606206284,886.3647447128384,6.910488918603134e-06,0.0001121961892346828,0.46673406026282,0.012744507720910335,0.0144849387008292
94,-479.882913093116,779702.64838685,733018.2917711571,119711.3986601069,59351.74229310129,60088.26991810546,483876.6635842125,17427.49078965161,1822.8046121895782,3256.2689140530983,2944.4920818963233,246.79948890960262,166.3525505715609,769.1038365493314,30371.871566410817,13719.399971751302,1009.658721994024,5.912429965289987e-06,0.00011650842239494934,0.2775885610035965,0.006991169521031829,0.022767882082893466
95,-562.9541904481874,784084.419141359,760339.6601264913,121124.07945977016,59145.73887712648,56029.99903424842,397804.7288256699,17220.470576977754,1135.6572202875168,3430.5047528663385,2905.280603158678,321.84157801902546,166.17421005693157,736.2885141772514,33311.92709725025,12442.504967572762,914.5755942129578,5.262583287053323e-06,0.00016017073051482003,0.15164157402525608,0.008517519341363385,0.02523510348267018
96,-479.9066629744126,782831.2069913363,747289.1700383311,118977.49897932782,58373.73417606064,52225.86718909588,373813.28432712785,17293.652299118366,1716.6716429078404,3190.6987635011087,2794.949985710755,168.41933870891364,134.67763912800652,777.2993954001835,31346.697400998743,10355.579606108355,877.4408669071238,5.360035879860166e-06,0.00015214987006092933,0.14681248895192348,0.01141342155634947,0.033507233960654734
97,-630.0255228266628,844436.2791977937,712636.7218595723,126784.55715102406,59829.35003092683,48000.000000441396,465618.200533434,16359.486581700787,5677.408281089669,3096.3287432907455,2926.6334379013806,741.4779099030746,189.8642917352025,884.9870222090269,28737.924524185288,61795.61812719335,1112.2468724508274,5.2896323548284876e-06,2.3330219495343107e-05,0.186062914293537,0.012929830712352703,0.02280979342823584
98,-385.9210504291359,773686.7301749943,697508.015681241,120376.94638339279,59803.44381444965,54847.85078194252,540618.5479188162,17071.688123895823,3762.8252713234083,2863.361382355914,2718.1885763773394,217.16746805021336,169.2260296936042,671.7043049135563,29923.862287802236,13219.503791873085,896.9919953211631,7.674798028587698e-06,0.00011537292846902256,0.3135536392774888,0.014973893030617373,0.01799354136454012
99,-450.15683498205243,800122.1877234182,763554.6354028931,127477.66815796588,60810.26452469919,48074.158556924085,348039.9383581825,16641.735664090833,1720.7113930477326,3170.1306881322744,2720.5222708519186,866.5988862783529,305.55150252230493,915.6819266948838,27265.183948707185,59448.25598246433,1093.2512306700814,4.550009336739497e-06,3.294788243414725e-05,0.10514858996246758,0.010608167306388893,0.023402616866901135
100,-426.50744373526925,809655.7037230658,779315.7553469662,120667.39133943613,60834.711806161366,61446.50808681916,501083.59283044736,16838.542892454283,1286.3734131982349,3465.7588129629466,3027.2962250755227,302.8276040484713,235.3640946989104,965.0616184967188,33898.8588784941,9230.74673955231,1000.4797842731109,5.877094322317179e-06,0.00017023240396085926,0.29599329697559595,0.005482008741850368,0.02112970253046452
101,-495.2725273989681,769827.4469906,726094.1658603533,119319.11941311412,58247.27850921502,50756.96678411749,571137.7600290317,17111.85063034898,2484.9507954563633,2869.199685210913,2859.701814209992,185.100115478938,125.69538221110929,689.2025454509516,28297.443471868093,23113.09294136345,970.9369357001459,8.106392441016134e-06,7.569481396477451e-05,0.31112900514295205,0.009616041147496632,0.028061198430629222
102,-551.6312167240051,770086.5976381293,705462.6583392506,126241.1736471053,58674.56752006666,48000.002814916064,315619.48974805715,17104.68137300652,3009.566297567361,3363.319248921595,2788.3160911302857,804.0099912026594,130.34294775299728,665.6597614451248,28553.496970108572,26399.721543719344,903.6679738626283,3.401957742472538e-06,9.356412133032965e-05,0.08929319432955374,0.015319405473482888,0.02082118091682724
103,-444.4366759447106,808443.9077640572,803846.2190796107,118849.572596836,57289.489095615085,56685.08009578003,581682.4027858801,16673.725649490993,179.5844673684308,2762.1071286798374,2872.0767102234245,164.53580794946527,75.25142814247528,604.6627453077996,27574.85120970219,30776.04786454433,1226.9121217241689,7.775389148264803e-06,4.85934163405441e-05,0.3998265318172554,0.011643066053718315,0.023193537012278984
104,-618.4718971014679,772742.771771908,742353.4302904496,121181.04918771182,59723.84032349926,67383.14909001406,461199.3417698699,17142.823187524595,1791.7672739777422,3051.0642709492836,2810.7526434990264,302.12781345823686,201.7840129824404,653.9003892297627,31227.490877868462,15050.518596118496,1086.873750619092,6.274089936727676e-06,0.00011793905293341734,0.17205799957353596,0.012100100476167008,0.029237576674602223
105,-381.22015679745857,797068.6037365551,728191.0314294675,123141.3803166176,57534.60167853294,48000.000000481814,566763.5541472604,16673.681059797884,2742.224216977377,3172.220392587533,2848.4356849135484,439.3969573342255,81.20603762099128,576.5037252095348,28151.102273248936,20505.450951037397,879.4196929448786,6.447618961436834e-06,0.0001094400634135003,0.3292896419405844,0.015278656486929823,0.018563087963278564
106,-546.0558054834133,767870.1128085337,676103.249118371,121681.43774814616,58546.030182410985,56477.928891820484,395534.37266275863,17168.068964478778,4015.487582270026,3274.325738514439,2843.9612270838884,397.8832167655676,134.85578226010034,801.9163974051522,29747.387445167176,21671.848186853356,1000.3739466772564,4.375317562344402e-06,0.00011970397327885352,0.12330462824438541,0.010765980891970593,0.03666352152819549
107,-712.8065995286852,779430.9525178303,709564.5624875285,120740.48955106355,58677.47314186924,49274.72119238993,366399.97048012743,16966.614846550903,3017.7856342300465,3370.8555659812664,2760.65749974396,271.4734554455914,127.12050057110949,661.1584912425827,29976.670143987885,14048.840597240824,876.5195398126457,4.7313647776007985e-06,0.000127596436012091,0.16752989564873166,0.01084605709085641,0.01596666324101303
108,-426.1318003410187,794909.6122224741,729823.5473797575,119310.41975868405,58435.7540084655,48306.77358535655,530396.5496751455,17021.394061583902,3307.0340141031666,2929.1131936103593,2763.8393220766534,194.89760696212753,143.22024876309544,730.5349883105437,33071.27003087259,9083.345960146844,722.7721930215806,7.939091067396633e-06,0.00018520503974442046,0.30029271417835357,0.009200290521439117,0.028746773586248615
109,-422.88021703468957,798152.8496828838,671948.053361325,137756.55228725844,59939.51043247037,48398.82630926009,386489.41429886245,17342.033480668397,4471.655666851535,3585.584868705867,2950.5772596933707,1794.0727323545198,253.52028379841627,949.3908434845366,29668.0728608222,14181.779193638295,925.9416518086772,1.4940927885516009e-06,0.00012468691265434543,0.12026870343196049,0.016760854491247656,0.029371692383685706
110,-466.65043655692136,800222.5845990434,745406.3947611097,116667.50240793297,60037.40424717517,62187.754000921515,586052.1658223842,16843.773691705122,3038.95901313275,2583.40319351669,2799.667920077423,58.68200752689114,211.8983272854075,1013.4287941147464,31860.834322299914,11869.643154493602,1051.8749615421805,9.427458450689496e-06,0.0001444779562115344,0.4403389274854521,0.006237315489670229,0.029361730669282465
111,-439.850069387001,786815.0794097926,750577.9303787238,121139.0746327124,61291.14489245683,48000.00000017563,437077.12706481037,17561.015502302853,1562.7210598861839,3303.2918515146594,2875.447076142556,328.3344413364196,269.3627241799346,970.8242998375429,31081.210840556334,11449.091465737925,779.0797285862039,5.54158279090421e-06,0.00015744216565968295,0.20854555279751005,0.010501906615381506,0.02700673382914851
112,-532.5397997933026,811544.713169162,755772.6666464887,123344.16618925756,57809.06635320181,68909.80347611677,543083.9993522337,16831.383442458475,2864.3090050149776,3095.4262997193596,2843.3440228813606,521.0634888474991,99.55509356970653,695.263490478299,34903.363501121974,11838.046111988699,1080.2240274944195,6.962095953393953e-06,0.00014005436437616907,0.28360869067124267,0.012745081809115856,0.030332268440402887
113,-423.62810370704966,795005.3790470251,743513.4948992084,123765.56043288525,57981.6645476626,49171.667433497554,328841.3809016305,16801.33200410793,2207.1230112778658,3360.0982701596936,2721.8133019973725,375.2389931995246,110.29875730750065,694.2376877172949,29630.03893913571,14160.571628620515,947.1291447941047,4.268142750137986e-06,0.00010594242480279694,0.10989669713184556,0.014631359378064247,0.022110449141068106
114,-487.95028463062494,759985.3045642368,682168.6447618023,121708.03354235405,61350.72277562445,56928.15093072633,247348.65169911413,17464.73288479629,3351.1132864833817,3398.395737957916,2786.812728646571,407.9487550486546,289.48213269496557,762.8948899691113,28703.209479540725,26958.94182482218,1142.6393531484123,2.7275730087047834e-06,6.896432980202132e-05,0.06534480366115919,0.01088738031408827,0.022277326693732752
115,-598.4327506630588,807497.6057433683,705112.158962447,119095.4214952984,59237.46177463092,48000.000001325425,454677.675239314,16977.78209083977,5048.311075078206,2983.686331306745,2713.5591588358384,195.82021156714495,172.7937714601741,773.4495027708546,30442.933242274314,16135.4720812705,976.8308765880618,7.094540526145048e-06,0.00010012001622145445,0.222594106115468,0.010893618719398547,0.02863004793938449
116,-401.5080589949027,824294.5834752899,802845.6699777631,126785.27722779235,62040.50284533254,48000.00000045291,375928.94646943174,16338.024550785569,862.7369380158223,3323.77753184136,2814.5064754594914,500.8854843793702,294.34192185326606,878.2509060486026,27920.85314333248,36724.35014570825,1047.769607873444,4.3937045394547e-06,3.555028328044947e-05,0.1577857132813779,0.00750231658087211,0.02729347468637956
117,-471.3091938051553,828818.74893545,775231.2161640311,136729.9897313878,62614.81909238385,59895.95263031724,390322.57553741796,16103.846707361141,2686.557769791801,3171.6700610617722,2871.0123601202463,916.0605400549504,283.3688701910863,954.9128760141889,30331.017889888884,19018.01264937526,1067.6230541774264,5.204476601762951e-06,7.878944641945546e-05,0.0917597038333009,0.010064065929475157,0.03445515353637389
118,-445.33724177450995,793051.1540347923,709829.6584479229,121370.82025929024,59964.405612500916,48000.000000759945,564736.5189875815,16715.21073810019,3470.927529356692,3133.515093779341,3046.1615943593924,293.91647818384354,226.53985886494775,760.1030983691564,27991.298203787952,32200.419411621868,1033.4401646820436,6.0164484522733194e-06,4.9956018296356266e-05,0.28013345414804314,0.008919773836818409,0.02694135133412448
119,-494.86955970207185,762996.2257409578,721664.0832277643,118178.37261083581,59587.49567742755,48260.711235951116,574877.7365573718,17592.611132853526,1608.2456945950432,2833.307996305802,2779.3059254602226,114.0099088097794,197.71936092359243,665.8111128192004,28338.966198078513,22432.999368638182,894.5081600209728,7.983170734705123e-06,8.00265980320236e-05,0.42763980054863454,0.011747939709660676,0.023257730852963964
120,-505.54997080519377,830441.5611211462,800079.0300299774,119902.17776549264,58820.72671234717,48000.00000028118,562856.1050091775,16576.954030457877,1619.718504680276,2920.7829504901492,2928.709806538438,257.9709728186554,157.5497049463548,759.6225933769884,30670.770885235215,14858.173412184773,876.7161178736842,7.089361820595117e-06,0.0001386923994361079,0.2803480939715966,0.010553364103589796,0.035417344777641795
121,-560.9507508802512,818572.5060779345,777257.1194738458,120579.94194440253,59990.69757278132,61425.00104308978,376507.2058566249,16789.124511604092,2400.2268648175623,2963.7646284714006,2779.798853575048,279.98430790581426,218.68637104939404,814.3346852509748,31260.229653602575,16394.47645738483,1098.085690674621,6.425126297629473e-06,9.982647963084283e-05,0.1315096487163545,0.010132637149029896,0.023874877399028976
122,-644.8137409668446,841451.1836986471,705805.5277659252,121344.17315210591,59824.065874794134,48648.10975454799,660293.2453835111,16392.542080230705,5021.877909402923,2894.6767742738757,3011.72405723907,364.20458158207384,184.6066744872276,795.8693221802951,29953.48273856302,37788.31018423418,1022.2571331815132,6.9161940372946246e-06,6.735016931139074e-05,0.44362466696180763,0.013098324239894139,0.03105806985196571
123,-544.5641858713009,830773.0984780168,733223.9012747889,118120.96529512115,58134.83159523446,62411.058432473284,608161.7630164279,16216.416994903451,3863.28890429356,2917.0076846925795,2955.0935406048425,148.55334306041675,120.62024559794206,659.1607817926283,33028.91020091818,10812.802043310496,1065.27548038519,7.304169446037388e-06,0.00014779235281650314,0.42250020186021425,0.00981259205443431,0.029724917655952452
124,-518.2823661124233,822651.0768837613,793968.1561961229,120656.49919663083,59085.87981564584,48509.31463685684,412996.44004538364,16638.647375424378,1378.539467104665,3049.231029954593,2682.851773000987,330.49610273072335,198.22919832065358,745.1980334985524,28866.196168399845,19371.519894472112,1029.0001992882708,6.5829902851593495e-06,8.346409358708829e-05,0.19871536828477795,0.012926774126894504,0.022017957103779594
125,-456.52348794381714,770943.8034212306,744711.3020179092,118979.8267154148,62112.45263760405,53651.65767927941,230805.18039583927,17230.950382921394,1882.4955622557832,3073.9464582223786,2405.8358858405213,184.28463715695327,305.61900627687436,740.2429535654438,30246.086012334363,13985.711320472357,910.4209131241449,6.147234909421118e-06,0.00011605354136261342,0.06888846537306456,0.014804175215474924,0.03722476480603743
126,-530.5594077278117,801476.5304029785,750522.0971564965,121648.69236622358,60076.28065741458,51511.707974291865,322083.33730096807,17011.65554267758,2266.626681043807,3379.436724292003,2725.8217870918534,395.77636980591467,263.6860374978032,941.4637943210664,30432.579904787868,17310.206260399995,972.963258688398,4.633208763705813e-06,0.00010417387204839506,0.1019552706265582,0.011216730992697405,0.029223964875811765
127,-433.1339847640684,797875.939490227,763469.0083652626,117809.9555277758,57942.73636080381,54939.918409665974,388089.197310411,16952.001222097286,1970.461400628683,3110.75387237041,2737.5785781438626,143.92092496702773,121.01638170286616,674.4196756010167,30757.52291225769,14383.284408649242,972.5232808551606,6.5454947765718615e-06,0.00012569328647222264,0.14729864914688326,0.012316224649246353,0.027156922230737752
128,-468.0869024425447,777841.4521196058,750386.5498996476,116282.86335156242,58885.640825120885,52073.74411364816,377321.8569988568,16813.43868063098,1586.608953737943,2930.4536832978574,2676.711124768674,61.18884655143177,170.02333028845578,672.7820135594008,27925.314319484907,21656.602948704225,1040.937614418293,6.127909868344455e-06,5.768205784928607e-05,0.13183179566172556,0.013872497946198591,0.01060260466169414
129,-495.02239053315094,807422.132541384,719993.529643167,120870.12458994276,57811.924984882295,60220.637671252916,635687.8659176085,17006.023364391996,2527.4555573119346,3023.139767655036,2989.786475366167,263.41327818597534,134.27599033468638,714.111270386585,30775.89261531132,15520.919825917284,1108.6863245808408,6.7282226366956256e-06,0.00010357693811202145,0.5327661798329711,0.010137730492602392,0.026715223753913164
130,-412.4228232870081,788518.4676265613,751581.1598906664,121901.75704543389,59130.51313344925,48878.81813409409,443378.05274176406,17250.674389791904,1386.903014341886,3269.2652760925307,2781.207386704117,480.6229299255708,145.31974522505573,743.6893803854813,30370.041229189723,15862.90267309325,891.4515677420845,5.4233803155269835e-06,0.00012129703195466317,0.2289989258752007,0.01523547601544336,0.022712662714236956
131,-407.0357750297992,806392.9097950539,754457.871096399,121664.16334183523,62457.19179278561,57561.945432552435,467637.1069000047,16670.47798846654,3315.2986319160414,2821.993514843551,2702.8929271568913,303.31106122334324,414.64162727120697,1075.1130454452602,29627.748965985018,14685.24206269141,1040.8572632967116,8.096564822108552e-06,0.00010078893570913788,0.2307141067810732,0.00998646259390653,0.026520627453064275
132,-510.7454586319239,756864.7215683672,718101.6833036307,117617.62976816724,59945.93911299122,50735.61934653067,372354.53854914405,17629.36274090301,1932.6218775810823,3222.732018497751,2680.1116819735553,121.14473614623982,213.26782215538583,720.4468002911279,27559.961291693733,22637.099739113197,1003.1342648370913,5.771277413298118e-06,7.961441361168409e-05,0.1630665141207892,0.01127156440101712,0.02130534392686152
133,-505.9890539908928,801255.1979504285,765873.1678439251,122720.35720910932,59919.38388164125,48000.00000061696,433490.46336646273,16778.385661901288,1627.7994760021052,3189.1277908549505,2854.474251459225,406.267850013965,179.48778574856948,700.05328343241,28064.78674896129,22213.51981416281,1002.5918320438566,5.68468117348332e-06,6.852892338917477e-05,0.18847557451725844,0.011057471054280671,0.016332793562274805
134,-338.4378095594372,798133.1059829497,772013.1816376019,120304.26036988907,58445.28570824994,48000.00000000697,518418.1921282903,16403.327101669805,1223.8816828986035,3113.901311667195,2821.889471684748,274.8547083205114,135.56726601289233,660.0001160148074,30009.267166601556,15945.604195958907,896.2467889557187,6.669388484775766e-06,0.00010129918093999913,0.2596657064754395,0.011034779917662269,0.01957971834596243
135,-503.80806551612665,775991.3926566509,729370.0874768224,122328.49984092808,59379.169703717256,48000.00000191162,438100.0521462258,17365.89354545824,2263.616876886137,3218.252559949982,3062.019733161192,375.3736403783126,167.49001451811034,815.3823308011464,29263.1672739203,15543.647563378681,827.8114780373285,4.813913604441537e-06,0.00012895660133466853,0.1282402532965958,0.008692464391226737,0.03345424835244115
136,-333.30147943093095,796578.9756326892,703509.6987500518,121953.04843512824,61451.997659836365,48000.000000670676,537023.6314718521,16770.292000177305,3431.434061657581,3087.911179797215,2957.54446719985,364.8747363756067,274.2665596937313,732.6991824673798,30640.94668246098,15272.859198907348,911.1860046677582,4.645817969041443e-06,0.00010268951565352587,0.2461226247090762,0.012792344851825097,0.014162454090068033
137,-501.22896895401726,802710.1740776424,769739.0154093683,120213.51641552635,60785.76113238173,55734.168930906424,434287.91233266634,17023.151308603185,1556.3392225178623,3307.859067170373,2999.1893557200474,241.77764505898236,305.0719095026406,836.9498016751137,33571.26421623441,10834.759807715202,865.8767396683104,5.554238155401144e-06,0.0001744296708646513,0.20415081183766137,0.003336748865897305,0.019349080389506137
138,-456.6996659602802,789780.5849114857,761956.3582569591,120099.01386270524,58812.19970164872,51674.54807588416,307738.2647461648,16974.32817669112,1483.2147332528582,3146.80842170716,2646.076956461233,240.59628479112823,149.90434736961828,682.0587969182571,29472.11374549584,14020.042810815652,963.3344153289526,5.3536522572441505e-06,0.00011425485264991027,0.09452953645822548,0.008552412416230493,0.03436032890248654
139,-468.2998855828868,799188.338098734,725888.0669444791,119626.79930559828,60494.82650820519,55010.46028897817,332199.23595079995,16779.77941488081,3633.30188861298,3426.739479273359,2800.722693700522,260.84484805795233,230.43479147790174,856.4963060417994,30941.767196199267,13765.836307653823,978.8278315154918,4.543476406283118e-06,0.00012988506674864022,0.10997603425252411,0.010392120598303472,0.01789930893225653
140,-578.4911284584553,840487.6136944368,798024.7698598107,123192.7788542431,60355.56920641156,52322.95415648456,536114.3021663298,16264.965272785064,2182.051542746676,3017.0960256786047,2885.793458257024,385.8297437144423,223.4669221797202,828.595516144237,30919.590160696247,15490.254847760725,960.7911964973479,7.365592614849527e-06,0.00012082043218859696,0.2743098755104021,0.010950651850895365,0.031864211335302865
141,-691.729945093753,833053.3024195177,798051.5550057428,119022.7901037684,56809.09554327212,50946.939127280064,465023.28012391436,16554.707515266924,1584.8069696170596,3399.4123702031793,3051.1917171368577,166.33377484963714,83.16951111572045,635.15261436468,31978.06411293905,9359.853872025058,835.4976869116933,5.863421903585573e-06,0.00015855877342550089,0.20300229008365744,0.008640152020077828,0.02171706993853998
142,-538.1953014425088,812471.8958393178,781405.8734068071,123527.37375143942,61366.221369359715,60974.48210782191,365088.7834450666,16386.874386191605,1716.0365413935501,3414.1929451401434,2895.4661214784664,436.7931220759167,270.96953849243096,880.8639989950731,33211.16070853742,10177.719842460336,1027.270885671577,5.214560130566611e-06,0.00014651089172682092,0.09768083780918463,0.008674864125914684,0.02909077549221953
143,-565.9574339607958,806266.1293863149,677800.117496768,121002.92721557077,59252.78476801812,48088.525125267544,677800.1174955255,17130.119155179174,2778.4661819073226,3035.127838468309,2948.2564438412483,313.021383427136,191.19115192010108,718.3777038663494,30608.18239882621,14271.725666802711,947.2931149215291,6.92180295148561e-06,0.00010477066203526576,0.6327602822143118,0.012151710724833831,0.01856899135851676
144,-491.1117384142426,802066.628603294,750329.7694833804,125131.74877504329,59279.563837194844,54734.203985709784,377716.2107199427,16835.2823754743,2831.568220424921,3347.552532582976,2918.113256820984,538.2329898033196,154.60878839565308,743.9343213527189,31196.787374803513,14728.550138096785,1017.9714567752388,5.408255227902332e-06,0.00010617118423035972,0.10034082920069144,0.010848702567322874,0.016919606991072464
145,-451.17323170566164,783237.058781143,732278.5223119609,124941.04133129289,61849.59359441713,53972.373497517205,482998.70735899935,17131.8361226959,2010.8031827319153,3215.1589800591014,2868.6263352995948,650.1326684570172,327.5306828489271,912.454484274138,29266.811613393034,19193.10382287342,1086.1265210380436,5.45049640259401e-06,8.352902304067785e-05,0.2394159946141703,0.009039298184610576,0.017313155559948463
146,-560.2624216223151,827559.3616165874,732832.080106819,126120.3892999877,60170.59204231745,48000.00000089109,523222.06250721787,16343.025109830047,4809.811477409171,3150.672654662974,2747.3199309353568,465.37246659609474,236.0864125551353,693.5625298787096,30943.485155043836,12879.242415802988,952.779918116022,7.048613957825741e-06,0.00010252918489338987,0.22551824447728205,0.015480025826914571,0.022639128867127614
147,-601.4164648251088,797644.4720809638,735488.0218716221,118915.59727404946,62617.309557784014,49656.21864938849,316389.87127642723,16743.526107920534,3006.9840211114397,3256.2094076660132,2679.9355057471043,214.16607373901866,325.78779750378067,910.3467504999536,27719.303132018336,35379.994996706184,1128.8294701349569,4.627295233388952e-06,3.771561070653501e-05,0.11763062508400655,0.008399412537598844,0.02158844237256959
148,-459.6963223511839,786192.3572538418,743584.1987130742,118715.97417653188,58308.361007683336,51747.69455622575,429720.9285794577,17441.46772602326,3038.728422477405,3108.9295911624777,2757.645237725057,148.46807286892655,118.99130680457834,706.2207974409,28755.405783848153,19038.228050334037,992.75648729405,7.946535301651406e-06,8.564017511973558e-05,0.16476951976763296,0.011942681365970504,0.03232560085250219
149,-524.5819779920967,810750.1343310372,755576.6345010819,124215.3048891239,58588.23636697884,48000.00000027001,462898.7885040605,16810.31740406295,3189.4998920231174,3189.200769859573,2837.0821728065753,588.6650295464252,166.53793072766217,779.7901026742808,30824.053001741326,12929.130176794362,856.5579859469582,7.064059398408755e-06,0.00012692783203785348,0.1638844262415763,0.01080307683863503,0.029049716841138485
150,-548.9024290282395,813119.3005556059,712220.8779490464,117476.69159628866,58117.3106754555,59975.19039371544,377915.88987829245,16839.410142983754,6874.672046753772,3026.7580043145585,2613.3468809913893,100.03630938228109,123.22706849029088,824.7353451668894,29012.84959246618,20095.503392179133,1238.374559468028,7.5716337530896834e-06,6.89969704500438e-05,0.14181216628711332,0.013316577545754688,0.02795471912482128
151,-483.8359316068337,787200.756436675,720520.7840062181,118848.1804410234,61032.999320368945,53140.2837861999,254600.3844709945,16974.5224364306,2960.583264161204,3456.64041719774,2619.041064939474,200.61871617843693,293.77824211955345,786.013575683423,28284.643562598267,21392.08347753824,1054.5274539268996,3.4388389298156666e-06,9.932178623287258e-05,0.09118075207953222,0.0114725590781403,0.01675558787367645
152,-630.5639191955623,781671.4416472635,716665.7588001706,119633.83965604795,59284.091476215915,53737.40501354908,408801.99365982995,17473.402466550455,3186.046439562647,3141.819588278706,2845.1883637388796,275.4409607686019,176.6711277181247,704.8467925555093,29645.67530566481,15376.949797991905,972.6392871821664,5.1822631783422136e-06,0.0001052794149201372,0.1524065412763686,0.011310973811788432,0.029353678399035778
153,-431.77654090776304,852016.2887291326,706167.5885174157,122843.20009076459,60002.624648714685,48009.589884429326,655801.2178834539,16130.170490312086,6359.092535651225,2898.7733053326724,2744.289534363088,443.75732640326174,199.82004979773512,687.2477407861154,31182.934763039142,14491.77960040017,956.6784688390969,7.911871483802728e-06,0.000114860296474476,0.4309433952557956,0.016624430032912325,0.022799916849122102
154,-450.0987044052746,811047.5093151806,764797.8571412364,119676.39610246575,58251.366611874495,66746.7107578319,512424.5435817735,16682.121162119085,2077.6032653812345,3218.4631249712615,2995.224038993071,226.61987037261432,114.58249436379029,738.3590360597416,32266.69861370011,12804.553811646118,1065.858318613434,6.10813719223168e-06,0.00013278989826434083,0.2444233134757549,0.008076373978774396,0.028797911115314184
155,-551.0291625101258,802941.2321924033,747011.1169366912,119476.0565198689,57913.21334558027,48000.00000010596,486018.56509584264,16917.649938567454,3301.601181272918,3075.808921288051,2856.6305791772197,193.87248863626343,108.75349177480372,563.2928956461998,29235.4389576285,18018.45985346382,960.6400129595185,7.177112010126119e-06,7.246688810952708e-05,0.20266594192245094,0.011394593182075037,0.0179365055544399
156,-456.5474450250908,754236.2838095176,714800.9273472711,121566.89622765119,60223.81798894991,58895.93119571307,400606.9842935381,17782.00989302432,1675.5374032843276,3294.0603141702227,2801.023215697873,399.51682425931034,227.02782397673715,841.1639240644824,28812.50320957676,16642.37343915694,1157.3685973889428,4.475715861693648e-06,8.907556224206027e-05,0.17559631701228712,0.014132722109431202,0.02508303223840346
157,-525.9506909557249,813154.8769987929,738233.6920190179,121869.10436832118,60355.951726215084,48000.00000022312,603948.6554979212,16414.13483721163,3455.702839799129,3260.4206311479775,2872.4438215182877,345.5649437727906,264.7341009802804,897.6129004718272,30350.572939850106,13474.947937654511,905.1742016476057,7.532450873116672e-06,0.00011451042352665103,0.35586279364620316,0.01159376229865141,0.01619801029346557
158,-332.7447145691297,769672.129923162,699469.0361194875,119502.65617119479,61418.039179932166,48000.0000005872,435924.5701742081,17256.5639991325,2809.0701815899147,3410.7057697210366,2837.54257215214,212.82636734865963,304.7768438181461,703.9931021148064,28085.2110213513,20540.854893627344,951.7341764724013,5.151266525077973e-06,6.877421098872179e-05,0.19563484695297695,0.011159403662897452,0.021316973224730907
159,-465.24694646227465,794465.1512623988,745417.7003163702,120355.64336378365,58981.54959747445,54189.70846002584,488974.8476725671,17385.006243113985,2428.7285178752886,2973.75333972504,2798.052179834779,233.4602108507934,183.6239682754179,852.4822993837927,32393.37976622107,11705.847129242644,903.4064157027672,6.8785165930556524e-06,0.00014029028946445295,0.26094744115627583,0.010899169997508177,0.023167292258263847
160,-543.4432360828198,781423.7153646857,731609.1142622795,117870.71531865845,60164.57125273875,48000.00000000552,366567.8321266697,16858.843377814075,4088.2117956814063,2780.8030107157615,2464.4349094421386,143.7662470489503,193.50689255520345,768.804574378927,28532.363650484152,19797.88717379228,990.5789039996283,7.778365555815655e-06,7.85138614808598e-05,0.14308073525445805,0.015690032472796944,0.012554392919341283
161,-424.5341634101869,814413.8070522444,744650.8239347016,123278.93734285592,57642.655215361156,48711.7910694449,442359.70568868227,16793.06203797662,2925.8827401824856,3286.1950327597006,2925.3610401396513,542.1574372733886,83.92410044601948,638.8487946715685,28972.625894830766,20522.43639381456,1002.0892592982749,4.774104696258842e-06,7.270466497828915e-05,0.1743239203878184,0.014221247128466421,0.016412176839467118
162,-524.4567691073098,840146.4996881818,693544.9661714545,126121.62776841185,60254.75359333149,50557.10683997419,656416.1458616697,16210.25428610702,3990.4127870913912,2928.73661068992,2868.2454271640186,702.3392153329227,218.85521294669886,927.1093897281789,30099.30963225394,35684.98739579461,1050.2869063746575,6.879638423616512e-06,7.026822339618595e-05,0.5248037001907504,0.015034964591487678,0.018644907539354508
163,-514.1380716038633,793907.3671658984,762120.9020396824,119634.04527016236,63014.22760968895,48000.00000296465,355975.58754450484,16790.75493828708,2253.2510186945465,2885.8047725250317,2703.038481257987,273.4801738195979,269.80688414775307,794.2308650980325,27803.006861925398,32755.011597674555,950.6696236760774,6.449588245873649e-06,3.541484160489276e-05,0.10209031376787212,0.011727960710124018,0.017672496918718018
164,-583.3541088715032,803523.4751690796,749899.0977931889,125772.45463882611,61409.35887032572,48000.00000106221,514961.40660673927,16992.07529622264,2214.9074184566307,3183.5791045738206,2959.3192955387826,453.46629895427617,279.56217834839066,752.9436684977259,29387.356009171737,16926.327217544134,949.6160005509169,5.9452566523809365e-06,7.577109102564171e-05,0.2645024063572742,0.0113147294009949,0.023505010369357506
165,-547.3994525499013,754590.9504466535,728736.2627405205,120956.38817054399,60268.6098860321,60534.72183936884,275034.2930884542,17421.13258254395,1100.2297357924476,3234.7378689711327,2610.100428408748,392.8132452095684,225.21132407142431,904.0651233808678,30384.508332057423,21958.578583645656,1137.556174361692,3.8097537473790633e-06,9.423590773867079e-05,0.0845946828703019,0.013689372283539197,0.020832369363579524
166,-486.0146390995336,780040.8823470043,719064.7223172892,126081.83602528597,65558.28629714249,58075.816083303755,420119.7051574765,17597.673773857518,2720.558509973336,3012.0874528998124,2619.861495612074,593.779139120025,562.9951946544257,1075.774389480834,31078.05621307318,12973.88202514283,979.8839088783061,5.7802341118380585e-06,0.00013100321549281392,0.2333810690210727,0.012289957657631684,0.02269532372478858
167,-331.3993486947667,777240.8607762204,666106.8255590335,120359.08377917064,62476.59561098147,48871.41360930288,350075.12965531816,16984.481962195543,5027.153295711192,3332.0543918729772,2773.9864406112397,259.4345005600531,374.5376096317518,1046.6446706877093,30363.643560509456,12806.720248353024,866.7226562830094,4.570194453981292e-06,0.00013965804689817376,0.11733488895388175,0.009832690967501553,0.01815251931941303
168,-482.40994585625134,792631.5296282015,759352.959508211,122349.05215404008,58054.39680160799,69749.79063928871,470513.03008520586,16892.744514512407,1445.0029890587875,3222.251056792255,2973.03469054564,368.5436493708014,123.70757199006147,691.3960687066588,33107.72242421724,12278.501014883574,1105.608859284816,5.588684105564755e-06,0.00013223899430080122,0.19410118670410284,0.008152905331262238,0.035211534128056624
169,-586.9056431003304,826028.2424775037,784228.5084457375,120243.62922570249,60811.556357180365,49822.112569108285,335656.99933426955,16400.478994485147,2656.176149328022,3171.5094022961243,2612.801115102597,237.0505716543969,282.39319493711855,957.2674282764691,28551.932870766806,30587.605494416784,1080.8163276888447,6.29232270398822e-06,7.575784632129926e-05,0.11956566550759261,0.00971441761178827,0.024913714798390437
170,-475.1679132544627,746935.9615612213,678270.2455638878,128233.96379267045,63235.328584305025,48000.000000013875,329503.839196416,17547.81779850107,2050.624726180642,3755.164712308645,2848.6468936449655,706.0864031455325,393.8368884808301,917.261507938683,30840.455354789057,11104.20594841435,746.2906571053278,4.0791299746137686e-07,0.0001650542199996838,0.1370632964504058,0.00836497647793387,0.022998621849147322
171,-468.65187871714977,785850.189296911,726828.5381646121,120715.4386749336,60893.99995949625,49679.71625614261,361587.6172726526,16775.193653919956,2813.0634011278526,3388.9050113166804,2884.3942177292456,347.0912175821686,336.42151416384235,954.3179555278616,34102.333003780775,9416.696953051733,723.1963332974125,5.020035178968077e-06,0.00020185458593861456,0.116339677425599,0.007918513584148804,0.019571623517525602
172,-462.47800363081967,781198.1461122795,731510.0826194744,117054.41012917574,60505.940339917644,48711.84974347975,421807.0066515725,17038.990214682788,2482.2182067612184,2838.88296409001,2761.0371080053396,83.38075916251728,238.7822121707954,718.4154891048006,30490.113329444404,11078.48011360466,822.3452430924589,6.289141794744766e-06,0.0001478370570737973,0.20363616185984224,0.009779693722366072,0.028574683780282866
173,-676.3947800309529,764224.7674165935,727994.9624421826,120186.73436984555,58348.62319258055,57979.56626692621,427326.9534849951,17599.523725109502,2309.932369630004,3034.4490787309,2669.1052833500416,257.807830053243,124.3979075644537,588.528097908986,30207.043936001617,13560.618379834936,1108.6583723227031,7.044798983306508e-06,9.121960626426208e-05,0.16842951190685695,0.014957622922841796,0.018682289712354208
174,-461.1252426512126,779355.8867404208,669167.4922463322,119854.27977856954,58804.17557391215,55975.6409924533,328014.0743306182,16826.5345329354,4904.098303697283,3261.3857466980785,2801.794078704774,278.6350309280104,159.53330976806242,640.8168297734107,28851.376449849293,15895.606915670649,977.2483873667962,3.700252101700577e-06,0.00011868914378542362,0.10552436149948922,0.011430284458438866,0.034082668454020394
175,-530.4246906346532,838766.4150795328,764082.7933015835,119344.05295248877,57727.994121160875,108505.23568446285,494790.24403805094,16083.641963118218,4540.908584698041,2968.2784778670684,2899.9892971086283,222.61888320631968,89.1459123446687,568.2379217604065,34772.587105742765,15491.262140144287,1568.8758122683005,6.367682760244585e-06,0.00010638465622247572,0.17898629661159823,0.013762348670775089,0.02201746604921759
176,-393.12847493947623,774114.3786695527,745785.5000465704,119593.29608698461,58504.55553523236,57248.92759700527,440192.33250717283,17488.91930673088,1321.9793758541516,3158.220696177971,2857.716242111202,254.4369879952351,114.52284210565914,744.189388299569,30333.184201634118,12869.175159405982,1023.6136115129648,5.640044709234229e-06,0.0001256460855628731,0.17491332048025174,0.014409707513538775,0.03213054716803019
177,-551.8924853488346,820988.6343943878,807090.8908457628,118038.9097632609,59198.697639348684,56001.849668886636,328921.5555439618,16068.687477897432,946.9461503104322,3062.4209692454256,2495.09472682725,158.62171136201337,169.39990965510597,691.7275201481245,30008.02339056394,18750.94558624192,1084.414860316437,7.099281480447471e-06,7.444537993356377e-05,0.10980922857059906,0.014688212199607071,0.01879875118444426
178,-592.0819900633028,776254.7600415634,724208.1917897464,119602.8967989784,58411.33898184926,51940.64996888167,564364.4378070558,17129.70462838107,2286.6342725213285,3057.9215556400377,2873.6151096544672,202.76949765364054,131.19953175577263,707.0898781553966,29968.798368590673,16049.526740320076,906.5582428022817,6.84260985358827e-06,0.0001302893283257383,0.33215064223112123,0.01005229089383108,0.026944540411906907
179,-337.39792333915193,772591.2581850417,720941.0109998595,119066.93110933337,59574.65283127234,48000.00000056333,589369.4548475125,17585.777547251055,2052.015854682482,2981.930349513868,2772.6388750000633,192.1038564646084,204.1809956476153,784.7179439079123,32144.704115826662,8629.306576259909,714.2771469519371,8.708554270235707e-06,0.0001976805190056862,0.4778318791505941,0.009582572704563266,0.0248489257257031
180,-539.9668550030697,807466.7248850442,746616.1405635895,121618.82724953862,60439.15594861314,48840.051456958136,474781.95672259753,16477.107145322338,3145.540281449269,3101.0235205166205,2829.5475911353337,367.06206565823766,214.61436567449917,760.2201270370936,27674.441761717586,39847.6624817214,1108.7740670499256,6.4844747206584285e-06,3.952512666496031e-05,0.210570387007379,0.009302812142294167,0.023977962317065466
181,-535.5313044701842,806079.7587027418,752939.8238726053,118227.55653158888,59085.9762926549,48645.96592268564,566191.2368333081,16953.049526981584,2829.0856395048254,2648.534087473303,2864.4128138863994,136.0730526777981,178.57857799488883,708.065147795976,30054.925741949915,15448.333797139276,926.3734035526003,7.845580932888117e-06,0.0001317499245926416,0.2955048988690473,0.011804861816502208,0.02205554590601795
182,-551.5126415704353,765625.0048525908,719519.4813502315,120031.78262675817,58395.83931018507,53229.7807804861,353474.51675228815,17420.40129631796,2637.9734798918143,2999.2045298039734,2819.3433604126176,251.30405251544116,123.68850864519332,646.9882867527292,29877.20392448063,14296.65821361914,892.0992047525955,5.299444024721774e-06,0.00013160592979481544,0.11239767297557954,0.009768423294995427,0.020241963887919857
183,-631.2668521949785,785327.3612895296,716009.1032197812,122254.45486881431,62032.225959918454,49788.214647090004,392532.8222774049,16794.672410811232,3889.1361592342478,2948.8954371438767,2626.1456567994637,507.0882673721037,329.7362996203429,901.4605573265877,27819.51875382896,34479.67660388649,1170.9813135048632,6.137641005090652e-06,1.941778892553726e-05,0.13513229895444476,0.01716023808965326,0.01899979503135483
184,-588.6860690289344,850888.4300714952,810417.9080784287,126182.5958354384,64314.29753160836,72414.93282324789,328670.92663644545,16161.879603233645,1992.2098357417774,3252.4484162920453,2710.2652458445855,650.2055671744973,446.3948632680984,1064.5514788417343,35466.737300245324,13381.741153128129,1174.4151895894588,4.647231053093734e-06,0.0001282737030725334,0.11238509283343562,0.012982683584874035,0.026355555522528273
185,-536.2747863610778,745267.1528693531,725528.3340727149,121453.33611113222,58654.95153314965,48691.48789130998,536838.8605444384,17653.063240411375,851.3014304036262,3034.628951785248,2867.3737248986977,329.54130982641635,152.7437047619922,666.7478553319519,28302.583287698017,20417.94037078291,958.3969342754831,6.8681698758095406e-06,8.054750924773967e-05,0.30991829284698674,0.012435814308297183,0.03347376765949037
186,-545.0491152449338,826769.7918140386,757018.1563161658,118718.89302391502,57735.00674860351,65383.71835093891,507833.3452069683,16346.85136299482,4381.170094044011,2933.313848263245,2893.218271696688,167.57215783662926,111.75620755842543,693.9737637525393,29572.74878800828,19867.786775355722,1299.554199854772,7.268023981428624e-06,7.762821485217767e-05,0.1752531205348357,0.010262354926412328,0.0308354727535965
187,-494.48535859191554,812551.9312685389,730917.8410933573,118727.23079426271,58863.852983120654,77182.54479037735,470536.3947754907,16665.73883228154,4311.782776529256,2978.577690901004,2796.7151676427243,154.53778322854282,140.43992171839645,784.2138379421037,31571.320681026064,13696.39712671162,1295.0431921608597,7.5706643707265005e-06,0.00011809788879269281,0.2427583179651412,0.009048039775833412,0.02658457426691551
188,-405.8470368691169,817327.26238446,789998.2832336283,124318.19532843724,60917.43475571387,52742.99485779187,367778.33893210336,16784.439723911095,1117.4187448169064,3327.3278843500448,2830.614434566673,593.5156067254951,228.34288570385556,787.892648423628,31030.73928666502,13828.696708522422,962.2281122949995,3.8007705697305794e-06,0.00010132006314788242,0.12867872075959053,0.013318385824201603,0.024563614943597774
189,-369.0968469626383,794675.575207276,743173.8437422812,125244.5209013775,60144.691047700886,51673.32808888085,543933.4922078266,17074.26123841009,2503.5731215280157,3144.326658425658,2916.5263528587398,500.8798193627981,182.14629572774325,868.7469137965156,30321.70773499631,19185.54949389495,962.3795158798947,6.183585033407167e-06,0.00010524207230784995,0.24516199160014554,0.011911148377884968,0.017928645751628607
190,-608.075337353883,806932.4193171308,756174.9428236964,119613.80433773449,58053.2738827678,48431.14942231795,543361.1768986684,16675.912523089602,2103.2646622728785,3178.3458431517984,2946.069678680433,224.42836854137542,127.70760862112206,645.2102712710747,30279.73356857933,15848.948162968494,854.798956435501,6.458149196725143e-06,0.000110054324921459,0.28713506457173077,0.01142393568201706,0.025449123074422965
191,-455.05262933882136,821685.4513664196,753240.2240990829,119013.65079982011,59383.653279067235,48000.000000386826,391489.71318223176,16546.342410755595,3376.057557990052,3401.6824348291007,2888.6384424158036,188.35888617171705,203.35387944256388,764.1396926618704,31761.412864630496,12331.24746257035,867.901206164695,5.745801303175237e-06,0.00013460488291723848,0.16103313621711415,0.0055554777021511355,0.02618187280188838
192,-613.859051348999,799688.8043679534,769939.3478454506,118166.48631081767,64834.83188066969,48508.28383543908,278293.3794555231,17002.44191986576,1370.3406707699487,3414.7514665160506,2663.324743847318,146.62347611242384,609.0625269434578,967.2240037547307,30212.631392616426,14791.482460354659,921.5307637024655,4.223811275157445e-06,0.00012349655979405322,0.10509846340827181,0.00791186001322868,0.02512110128895377
193,-499.29016044372565,806737.0379996626,718525.5154219231,117572.66865269595,63040.21969059197,75026.0836676356,550245.8085782892,16840.175830635926,3818.6354297123735,2934.2879283464276,2830.116884458877,108.22900677999947,405.97655538184614,1021.7965473714016,32633.353728985145,13971.146344175042,1181.4125279661916,7.294872196525268e-06,0.00013574281046107483,0.3121355203520805,0.012094764601668388,0.029127872853867667
194,-590.8786116177412,823342.1350356836,762059.4994145214,119936.97914545001,59360.45461278468,55360.37108067788,364857.017715028,16160.363893428912,3212.4210417815734,3136.4280519331132,2752.490250393065,289.587856825683,191.56652934073398,765.3933055627876,29181.52944941064,25690.897968146804,1093.0955667347353,5.149917450809953e-06,6.666424318763627e-05,0.12210664361240067,0.012712973596706355,0.02341456913493357
195,-503.077038270878,779448.3070185214,715822.9538693601,119843.20391414754,58205.90166767353,83711.26322735687,497466.6714653873,16959.384611647765,3239.27455991119,2633.8393677701197,2741.2365041468934,223.30052998718972,107.03279803972373,588.4267083073895,34405.991701797546,12493.458589118096,1272.1434454724524,6.720183435472662e-06,0.00013477372566788424,0.27745714313750425,0.011650796602547591,0.01538602951637706
196,-650.69779264655,797496.0371626106,765606.9294323925,119441.8449075603,59027.58764628187,48000.000000066146,321756.37153611646,17393.350016942237,1450.1315722345917,3239.3137402381367,2689.0502756759083,241.54836242988253,189.08772028069382,824.2522427863353,31328.137338573724,10958.375122206702,812.491526058046,5.004453539324047e-06,0.00016455481576887885,0.12460062279078554,0.010309041236027052,0.034878107564229065
197,-364.4182184672263,802415.7258733371,699782.2336483024,120253.38463355077,61045.76722731626,50079.72077591932,601505.3071282619,16822.645456792252,3358.7952465817584,2904.230251660069,2877.3401006694908,280.9478286291565,247.87841987418054,872.4027308091526,28461.830119450464,24348.455310401685,1119.3929714290223,7.42588165476146e-06,5.901202292080907e-05,0.4587665471051083,0.01196736702881355,0.023637780813821386
198,-435.2475358641836,842533.6101278224,817451.6022745081,120419.3005679188,59438.74556597115,62693.99507916369,449351.8185873644,16017.975736454948,1562.2816043314717,2946.03064372162,2793.533679205555,364.2113483303453,167.30993019057738,746.2252211341628,31231.82714940997,19529.373079362893,1147.3785073880272,6.862531671763723e-06,9.104022955581893e-05,0.17488981873112988,0.011172360390056422,0.028824524938620054
199,-416.26348255527245,812631.1322453271,779385.5652950739,120500.18292251408,61091.6847074165,54223.655824942005,377968.1374979016,16898.248275564005,1402.1601537327142,3234.830899470027,2676.824452590319,346.6581252549349,327.2318766139209,905.6348793445221,29117.63590523689,27572.017270716344,1065.6837231050438,5.310397949432603e-06,8.722713233779914e-05,0.17397266298951816,0.013453844609089237,0.026460019941956906
200,-461.9045173101901,821729.4848872061,783235.1561479934,126998.15478452049,59500.26768412882,56810.666380309536,409685.8910995168,16521.2572332609,2300.565832859378,3210.2845331094222,2886.0591190844107,716.4751189686671,236.2133022846345,887.5758133686354,32778.07493080437,11218.42456841313,916.2279521705376,5.750643620380796e-06,0.00013323334148059572,0.10739869533273359,0.011850484265168285,0.027665733839000617
201,-573.0825447965419,767522.5676558365,626961.1944466415,131802.03030581085,60518.13795584817,56008.762744346,367294.43104128126,17415.543159498764,4690.255820390801,3598.4745705266814,3048.1564624758475,1115.7129410163966,244.755452809075,858.79187275847,30188.68449243962,13582.243803116087,1059.8451068200538,1.2827851565730886e-07,0.00010747446868985043,0.11661103891892183,0.011916043078824906,0.016116379192184883
202,-527.018958014848,761562.0481756221,688623.3749456146,118617.99964025611,61850.37201359917,49679.476711613934,338874.69377302687,17510.01586972263,4047.258540481732,3185.5022258457225,2543.8245296129244,177.07352089229943,328.7717184198923,925.9402263696786,31501.962270370124,9335.891875382495,797.7938905799178,6.204942533088053e-06,0.00016897663080631302,0.13331102433905803,0.010655822642812278,0.03280366273634425
203,-368.91230425170147,819678.6664686918,778218.3410847139,118733.30280218317,59469.938912473044,48012.99017733014,327546.75213700725,16513.61852239703,2469.9319228070017,2966.622881458328,2655.890934522596,192.62573682472362,192.79464130239018,658.8745331709025,28666.629004490165,27195.663937968013,1104.0580384631728,6.300243067447149e-06,5.2447451256869885e-05,0.12156757838697782,0.010533942805266188,0.019052906091199088
204,-412.87813022966765,754075.9009243518,726930.3424799861,119850.1724668748,59695.04156824034,61606.01950484362,390878.22582492867,17542.175146793576,1419.5859112672365,3235.478632506072,2792.8310497042785,240.84082317605862,215.96566297879954,709.5197278406406,29823.036303293455,12609.5992772248,1052.1725638206028,5.908619553626197e-06,0.00013009115528433358,0.152092513773856,0.009141586910192186,0.027126554667198242
205,-466.1315241035682,813433.761046187,648177.4550589932,117371.70887628727,60905.84199641344,63410.98534532809,555994.2353686367,16697.452198441966,11635.598355552549,2592.8337284261092,2639.899054634999,86.30846195201057,222.03697775703912,740.6458022211497,32549.06759814517,11322.374344753114,1067.4939723809557,9.619474118037388e-06,0.00012364118834393522,0.34272372748803914,0.011555595628498798,0.026228584862935184
206,-443.07716067118747,799817.64076273,763423.321128639,123698.8302980121,60206.77530241125,49905.32998022004,414976.80516126077,16936.656904227963,1773.7775385734612,3108.469803156397,2801.6801195730577,472.68784512027423,227.03100685383538,824.9165402013757,30777.33597344274,13058.114935897362,895.2179876792883,5.900778013126067e-06,0.00013074164724964608,0.15944871898031315,0.010253204829352243,0.038336479626034814
207,-517.7995344430674,835033.3876921174,790347.4654496983,121568.12850690668,60707.720922026274,48000.000000318185,535878.2868350828,16349.5649311892,2757.7670583767012,2745.9348509091233,2779.0577223695755,324.94481087261806,211.19036611034707,932.5416356210177,27251.332120096537,430305.3095217606,1084.6706248129242,8.063709955068485e-06,1.7680238875125677e-05,0.29470781672109964,0.009184160711293115,0.023179720567923667
208,-493.62242294174087,810931.8299697872,768399.7009451442,122145.59659519179,62766.177212526476,58531.48800375947,359941.96631754865,16550.25632941902,2428.414905951836,3270.621498351244,2773.268387811287,370.7694150492074,375.4248938109252,1045.453207824439,31176.27644121059,16860.197781727886,1111.9932321766278,6.1637461621704894e-06,0.0001097489152610755,0.14080262372324773,0.006698869131441211,0.030738180552474334
209,-466.9220323634421,751040.3164445992,659279.1310799099,118759.70484126058,58150.18155088825,53383.21608538747,405302.01513167715,17817.83343739043,5127.565145857821,2887.558628089001,2590.384453974227,161.24288633647183,111.72382976430367,714.7980890480868,28638.556539886606,13149.876796169232,1022.2994256582567,6.911932822620871e-06,9.913295217692431e-05,0.17117486279687621,0.014734033080015077,0.027254531864300918
210,-623.1893163476132,778070.6909250531,715744.1013454462,119950.69670843676,59456.78433392172,57365.557327616036,379018.0612568988,17205.07269348315,2728.2781397188414,3268.147643417461,2857.8480464897166,216.16931792314224,241.69384923264025,874.7120819103038,29582.69883318908,15433.18289351486,1002.7870705085061,4.733730806949312e-06,0.00012214476109618784,0.1439886080940076,0.005832371166722435,0.030539090140699353
211,-632.3920228219436,759490.8313692012,730410.2840899882,118968.52948444129,59365.26526209651,48000.00000039697,514819.1408757695,17687.00971242714,1661.1928034097846,3058.432025006587,2890.867269085724,233.35082588621992,170.24652284774717,819.0984609539197,28577.848624936625,12300.42105118019,900.6132838146455,7.148742911955899e-06,9.628397065352374e-05,0.26048580998000376,0.010194011592643775,0.03033157213410435
212,-430.92010669830495,819761.3031996083,794743.2496601018,121496.06579506901,62842.84900191283,62370.26942906741,584374.0422488422,16814.46194917078,1329.0553447865798,2852.103755183112,3043.8510581853675,304.6584158120401,297.1310541849896,1074.1364707654725,31907.252682501687,13497.636036341672,1061.0124852558836,7.2873873459124764e-06,0.00012872946562561704,0.32426060004344065,0.008510629017100948,0.02991762634098667
213,-589.0456531843695,868377.7844453913,841460.0631419814,119208.53893676712,59138.46618041393,52985.385716578676,368007.79997009813,15669.814473196775,1996.4058950716385,2949.226838261489,2698.542764501617,211.54386100669632,140.83741647813383,699.0934183372214,29327.808630774343,43132.87532766501,1190.556254954943,7.148190789497518e-06,3.274534527742074e-05,0.11257466104432598,0.011118186367105697,0.020238957781296273
214,-427.0140051844322,807705.78344637,764213.5240794844,117669.72097318868,60973.13296722702,48000.000000760716,403544.14893314056,16881.979559000458,2392.5755735571533,3185.5461658810896,2683.9539928301883,106.10040283117847,276.2376010941704,822.7718976526813,30390.615933649333,13187.9072600921,860.5211499400606,7.2037644893151325e-06,0.00014513774660898548,0.18665676955620755,0.010344736312537777,0.026524116932545343
215,-549.9617495178727,783775.5360200395,767471.3399854141,117018.43929328471,57803.99855110699,48000.00000114654,362516.6524484921,17409.684003935505,1316.696420391066,2705.6093413401873,2577.419419326736,79.14496535017332,115.22020279635575,952.4237234129992,30903.071887574963,13506.629647113909,913.5903653240925,8.307520756371344e-06,0.00012232455998035648,0.13992579353014933,0.010169363416238537,0.02494713617021643
216,-576.0864383719298,766570.4945944876,718753.4796471334,120712.52945603622,61315.83598394751,51115.5299440725,267786.22449110466,17182.89406531351,1794.344972959445,3786.548497010144,2924.139717890817,278.10195644066147,243.355901363378,842.7705672239828,27573.43358697977,27828.763618817095,1086.0827955775792,1.4542512094164017e-06,6.0306832675472086e-05,0.09320529567538464,0.007384398824454826,0.01930901079031501
217,-468.59147888001723,793379.4287070141,732820.6462915653,122229.984377676,61172.283765436245,56609.3134651783,381766.86353996774,16937.179684328225,2399.9949179771,3379.779899016065,3033.870340550636,401.49758484161885,236.51259520507193,970.0981730250008,27915.454343019617,30919.133106136025,1063.4572348218742,3.0267462418937245e-06,7.248085400732612e-05,0.12330724706056095,0.011830155597631014,0.0263943551376971
218,-455.40313139565694,807472.0297311393,767758.1606982747,120878.03015798175,58956.287239371326,60724.560026668565,327008.3261952811,16628.020487383666,1717.959268998201,3646.632184959999,2959.9768412086055,315.5281264037632,181.89040059037143,690.8691208286496,31457.302021991483,15424.664160610435,1046.8462051735885,3.832891934103617e-06,0.00012176140784182015,0.09987534616281145,0.008043463672670056,0.0275175032003019
219,-520.8863354801388,803784.557507314,785106.1849034339,122112.84146062088,59321.50758069391,50226.44804274413,394577.2055691193,16594.235500013077,1283.837873954139,2799.086087157876,2527.4004027614233,346.41872378888286,191.5739431875406,698.0622181815563,32655.17296766676,10720.078607209696,781.2662003873774,7.5797669124118775e-06,0.00015683689103523617,0.15714134292182494,0.016424575003668798,0.018758323174263673
220,-599.7740055235623,782262.2957445754,689940.0757197795,123685.48513341155,59272.87833832462,48000.00000036457,562448.7305160315,17416.99156878567,3587.2641167962342,3246.623129084434,2966.0825744534636,446.57020513526004,167.0952021283338,647.469473361683,28153.747466417917,19393.221880425896,943.0690985387748,5.7567340455233885e-06,8.77605751420086e-05,0.2976463370346383,0.014879323002503147,0.017174382509551406
221,-584.6259435977852,811480.4523253988,768326.1452839809,117287.68133574999,60122.67618681536,48000.0000004726,382632.31394988927,16711.05909306028,1928.968193639233,3262.5328496655156,2829.6821845245095,101.22974905079627,218.02260991492145,707.9527613651142,27834.377790289585,34462.97674178647,1161.1936066324872,5.322207150470677e-06,2.2177186017447158e-05,0.17017576568032464,0.011348189875634119,0.021558153352818746
222,-607.3578750183428,847297.3964528453,810261.1511644649,121664.1410466081,61519.28938166299,84171.65842053504,406190.91284539877,16147.611761953696,2249.6681676514618,3254.599065674983,2880.6460147565035,308.2257376353765,275.3593927304432,819.690708997187,34210.37961736559,14006.181129335413,1348.8126746837872,6.652237732595617e-06,0.0001063773280411192,0.15830940588130607,0.0066654780850664485,0.026519859379028458
223,-459.2831376025895,827564.0653844656,725579.4702993841,119311.46449737872,60511.09999883683,62033.64036595286,567819.384635965,16140.479671356292,4719.773066730702,2828.696944859997,3012.5903877968813,185.3593725891098,228.9330088093688,743.1190365929835,30876.87196172635,15179.248612025716,1048.7088849354277,7.5378754312025686e-06,0.00010483232668729895,0.3339794583351993,0.008210209252369304,0.027994594974835828
224,-698.3012546587426,821621.1428307222,766636.1410394764,119017.45774741545,57527.817613961095,48000.000001582586,425922.3757166847,16822.95184255836,3257.5948498209827,2930.973005429954,2725.9958995678526,177.30531422088606,97.09841585168174,830.8576649953101,30836.186423812716,12094.374404336106,846.1030521674164,7.616357429400523e-06,0.0001326417331032486,0.18611331279478832,0.0098226274241086,0.02506451569348398
225,-489.7435064442738,801440.641793045,749625.6533008221,124455.8377424056,62117.603487990884,63125.99343845616,426864.1820267155,16952.33608536118,3341.1769045334645,3067.765650626759,2851.588244548785,476.2680327649541,297.96709613638546,1124.96937699906,30879.67069924349,18430.425599207443,1121.5600431085738,7.346253625354954e-06,0.00011320697661812816,0.13447229465282912,0.009184726869789028,0.03298963967267003
226,-425.57850656782546,783704.3826965644,700195.3414378148,118593.74204459666,59427.92073985789,63354.691736930465,313539.8257885592,17158.575446730712,4169.227823576909,3265.4022335677037,2556.1619826754763,177.03548358798045,196.98203906199254,837.9541493328015,30091.20218566046,15161.335912958595,1131.1803256434684,5.108723940088456e-06,0.00011531383355068724,0.11848510222644403,0.012060962606411797,0.02924725903946997
227,-447.013111880417,776218.7068873607,734831.0685585951,121642.33587481701,61222.237521816285,48000.000000555054,390561.9665914538,16952.596995472493,1876.2083656503314,3241.2331642784748,2821.981358360665,400.99979726253787,282.03646298486655,853.1182061498616,28738.01292133239,18894.292242732623,925.5087347190359,4.576521263452908e-06,0.00011165321810543128,0.13154158990362988,0.012948546893378553,0.024014266594992333
228,-428.4264123780466,794530.1657612174,741549.1409643824,120057.71684173397,58379.60128731124,48000.000000283486,614294.5529312271,17059.822579013475,2022.3693317131037,3063.082578730098,2939.276350065578,249.46581038325942,127.60107437787083,733.9241311191614,28844.06918010789,25587.085529393957,891.883741805918,7.903128164939421e-06,9.140786801453198e-05,0.46767178467231824,0.008566768839469203,0.02111606618119815
229,-328.85501418562325,800927.2922564911,663564.3436645762,124807.07923794605,58756.576601278866,49101.669443907944,585333.6242825211,16828.153577609683,5162.877385940354,3112.430821393722,3006.8557404894473,548.8003607575761,135.10375807104742,758.1476938238646,29864.13993134206,15855.405253424975,890.1978192231876,5.909879818319684e-06,0.00011664365042955206,0.3539702255459043,0.009416204240732013,0.025694824739303134
230,-491.83873646932386,822643.3231717938,764014.8117336251,122477.70193454584,60393.87782668519,72741.97193144182,388362.444834059,16434.63875392622,3706.277825758204,2905.4459297754897,2732.8886330580767,381.98778729499156,235.23547316247698,844.9857424394949,31733.91753372206,17598.7279272919,1285.7953247237856,6.40025901979766e-06,9.910881216077445e-05,0.10747086121882388,0.011858009614396139,0.029987707962585756
231,-435.3489398436487,757119.3635807862,699370.4486963862,118584.81508405831,60900.83132927016,48000.000000240514,296386.50366248575,17223.58766743523,2510.4635502722663,3497.3451864651233,2805.1433144822486,183.20362455477132,274.4050264351599,835.940894016394,28205.052305087058,18641.737635452904,924.0740227323773,3.001475858788116e-06,9.102744737090898e-05,0.09525523222126697,0.009956066606926097,0.024549983129779646
232,-552.2519136853819,751316.3772271568,678105.9137407993,118878.4782770177,60862.638313866926,49929.05520353316,279970.0022387284,17530.65825070956,3130.6519655612597,3702.6295921523747,2762.710389232019,238.54428627389996,242.15748466039312,805.3019442697241,31248.24842927428,9245.571117592044,767.9584952115948,3.231545862831284e-06,0.00015725129135565468,0.09572880685873321,0.008812877043200832,0.03867944222231553
233,-475.0358816644552,790873.1297243602,768059.327501147,122392.13325333476,59668.95061668217,48000.000000549684,424278.7157271161,17019.57180105315,979.5601585616018,3404.6929293872754,2931.457627744423,374.0759330623337,195.70965634096035,834.3889145634089,29774.219803389205,15324.666457368101,933.3334959126254,5.149113362380277e-06,0.00010811981031081191,0.1711754714309172,0.00936517287017259,0.029761591525381915
234,-551.7454235212263,747985.5582841396,713261.96076743,119864.98669871305,61373.60682128118,48621.539392129795,263119.335432709,17370.303554733706,1633.5446637018872,3512.5738251877124,2792.0006250499555,306.6132254910074,320.87465232961557,809.256100946743,28874.255556506894,11836.89142502834,828.4570046235242,3.3205153082577503e-06,0.0001167566060082941,0.07438567373999411,0.00693127211565424,0.03671488049605619
235,-601.1722369751046,831040.3585891495,797924.9358107564,117258.04731675072,59643.38679013177,57238.53257385864,477143.54807544284,16545.03525879559,3111.598566856627,3010.8636312023555,2547.9488352907,145.83983733980585,210.85532323318228,1037.6204799774548,30255.107212436633,17490.215375410186,1115.598339308158,9.960729050259749e-06,0.00011154485268057852,0.23106266260513295,0.012819158863147828,0.023466559652387864
236,-697.631024235014,776388.7428098145,753507.8792450319,124244.9551751808,59703.78494046056,56335.50114499342,397927.9671580514,17297.81251350279,1133.0393273296843,3428.6318651694687,2920.791700405984,537.1043378694274,227.9580716665369,688.1558204969399,29940.012846588386,14308.533968656815,975.7905753783762,5.467031444228364e-06,0.00011936370000528045,0.143481285271622,0.0076514880003347545,0.023058556084863725
237,-504.63873234933266,785226.2027261356,760509.783652647,120055.75866222079,59369.89813053837,48000.00000014399,438229.1724071039,17379.09751026822,1611.0221925625033,2900.146168887088,2622.480873617478,298.8817360388224,182.87462055222997,854.8105593701586,30508.200417428317,14217.580305525375,887.2079901530903,7.233896969683207e-06,0.00011824342585416314,0.1799346677083622,0.014675413797162027,0.022886900203525618
238,-541.0521410379296,823340.4172574459,788394.1164817222,122168.91881944574,59209.697162987475,48000.00000086747,464460.1937474759,16190.343558170052,1836.0344537475037,3064.150199834318,2986.6388541432516,313.5233414282701,161.06285722701296,652.8141676974852,31152.250412481815,14206.794205642336,860.2296463498482,5.377706016294455e-06,0.00010946597809848833,0.16643339274092717,0.007738517316928126,0.019870817072817924
239,-498.4755219345259,784383.8289082936,703244.4304951808,117796.97560499136,57615.215945916556,49014.65246085437,343724.0315919743,17377.053316371606,5537.2035270094575,2851.7156246917425,2442.4184381669247,114.40272807735339,88.74024867454078,754.2687096624385,27279.94449941335,32681.455280320988,1160.632786299665,7.693721924091656e-06,3.0531116750068166e-05,0.12643100000147833,0.016296958148057115,0.02715359025360721
240,-542.719930789608,826052.12565794,748930.3545712089,120922.75336910854,58410.55001564768,48000.00000015294,342272.3787954355,16578.79573520154,3368.0288294172005,3349.8526574544467,2751.3143534800743,406.515434259099,137.08910145993318,692.3537666521711,28569.731484668067,26308.134354621856,1040.0976740316587,4.7445517930373755e-06,7.873518450777768e-05,0.13245955110741858,0.01182313925399651,0.030612374483151246
241,-555.8422755484498,779178.2244535829,717964.9564956224,116799.38506343833,59374.24916786715,48000.000000582084,482672.7634762686,17183.812749046283,3029.0255483812402,3083.597349307622,2874.0806764114736,87.41317418249555,183.48444281315656,720.1126466582712,31080.602322418097,12200.462790243464,869.6017291333449,6.647114183398723e-06,0.0001204251239880009,0.2253898970124221,0.009368908730972007,0.019207947379941883
242,-439.11290753092135,773123.5298269067,727282.718758129,120657.35081899777,58761.30779632039,48000.0000012255,374389.5777374367,17437.272067844522,2288.7219320506674,3389.354088786216,2921.675209695709,324.6713892710982,193.25330496320893,671.2206656890465,30260.675291072057,14962.787498941476,850.4064487636108,4.886056885068799e-06,0.00013545629770967256,0.11308037704889533,0.00971596934219733,0.024143553668733362
243,-441.2798023296169,810978.4631238447,736244.0384914519,120144.49506670448,59900.45329071431,60021.36461051792,435284.04562029097,16707.848281319042,3231.3247021230322,3307.9101681723637,2865.458223834081,279.57832149489235,213.04925121838724,663.7280546119355,30117.288641873878,17163.844797602083,1138.0070406654936,5.5434039257115025e-06,9.027028017472007e-05,0.19600627687642355,0.010897411071252654,0.022410535939561015
244,-414.5052223197726,771710.900963912,690781.508127269,124769.81534461517,61663.32239319974,72930.63459307616,582575.8992249296,17350.623330483584,3584.7340272156594,3013.4881435012053,2904.353645217703,549.6514968075502,283.95803228048334,1038.207545483555,31805.896302323246,11289.819504397436,1079.4674369179488,6.094969392203226e-06,0.00015234846192495945,0.3136939567641655,0.010460556247426991,0.03008696144263921
245,-435.3431910359399,818879.2054979127,765101.0074974645,117740.00898571571,59070.987187326646,61735.11761659865,430128.5237705308,16162.714221959455,3283.6687618444885,2904.7152799298783,2734.1519481356095,131.40365122630965,165.82293716943178,813.8508576434091,30258.346338651765,17204.867959712174,1184.182974692693,6.8915480235720024e-06,9.678556989605168e-05,0.16115819205236115,0.01364721594473854,0.023348428562182243
246,-372.0613163557282,829499.4239658031,770611.0161170298,119122.20102884974,59310.57975467246,52992.783316388515,294997.56268454465,16583.81095876643,4191.61171087361,3050.834668275172,2613.5471574464764,173.9642311620023,193.0852320699593,900.5756845946324,30825.238914019646,12736.656379016395,1009.3917130779165,6.692894341382895e-06,0.00012537896632912137,0.08692119304898359,0.009065232045791408,0.041737719286221685
247,-387.421001862453,804059.4074721839,761320.3031396212,122608.50029678036,58973.54122735865,48560.61403444272,348787.26602349663,16354.712275819586,1712.4128305880565,3475.821098926848,2892.152576078767,389.8259057087465,155.8859827842103,685.0832692632654,31235.80997110422,13218.167922318113,833.6456517783256,3.4112017013644747e-06,0.0001377704043959162,0.10942556523696528,0.007914848044968786,0.024227445016290535
248,-492.11163792314784,791593.2661484211,734135.358860491,124200.01555309034,58836.25533996629,49919.95343270292,551850.8280668971,16782.750479310274,4086.6968174643634,2780.0759455367834,2739.7835713786126,453.452255666811,140.11695115929757,778.011450405822,28992.187299778325,22166.86133873766,985.913014372177,8.234344954184193e-06,8.620265675225275e-05,0.2529703487606834,0.011872211526229587,0.01931327821601154
249,-544.6562359261991,813605.8569293864,778155.7710993119,127124.35886540763,58182.09207156328,51409.10852049093,698007.8463064482,16575.482001328604,996.1814325926189,2939.3604758581237,2994.4269564786105,641.0440231649172,121.13038927101036,724.0932460461714,30342.48580226198,16352.86623889823,1007.4127642385708,7.62076403931911e-06,8.50775264351076e-05,0.6358930452506184,0.010684454791234572,0.020299004383163444
250,-531.6152737657206,789078.927037932,747976.039207794,120137.51274143065,57749.94157863053,52772.46671775193,387943.71089581744,17127.617137914025,2540.404888297356,3302.9151225116134,2745.047648667851,237.38554100463674,110.23875950793442,673.0182669391056,26980.108354434986,23879.705539958308,1184.6178458368834,6.730533080125726e-06,3.7085904308322555e-05,0.15087730838990768,0.011152173204705336,0.02417693714478817
251,-580.8218339782412,825487.6748405532,794439.9665813467,123216.54914976514,60576.41670139507,59707.173801811754,413410.2960758425,16498.982768160673,1523.5124950888871,3227.420046257014,2882.694423652003,477.18594768376215,229.29626680758335,920.1237315982222,30535.77335260607,17667.061864229017,1161.6915516909894,5.027916488437322e-06,8.825754513999045e-05,0.1334386597629429,0.013925485404924547,0.026239834801927358
252,-495.8595591807426,793942.0413864286,749181.957811255,118074.71133921156,63524.14965734595,59591.87986248859,376825.51649658213,16852.401539102702,2451.212785783559,2904.442766559706,2743.882568947408,167.3499458709963,399.5387739132285,1047.2374541904069,30634.213059276106,12923.78190885875,1044.0536657118137,6.002911150928868e-06,0.00012159688937312923,0.14830151777795636,0.010838224123823155,0.023301834721947398
253,-467.1246485334302,770519.9325916035,712497.9178944938,121935.86989668886,60083.81700483868,50352.40648858621,361388.1897675338,17420.33570019986,2670.4510061138244,3278.7083045831696,2901.058431395577,389.78011357000145,180.88240578779556,826.5688233974554,30965.84511007371,12754.560858610535,802.8585947634381,4.6094042490488695e-06,0.00013583011591720626,0.11494801240489078,0.012632899633042939,0.030806146515596274
254,-448.7937098182436,811429.9845175997,781914.981336527,119141.73508068046,60959.14527250396,72328.83595838002,487938.37806704384,16825.77963846988,1425.8933027876167,3238.0352317384913,2878.813221995641,199.66807406175568,312.75972313770995,927.1126419554499,34463.34174944602,9735.167960447323,1108.3492754891176,6.70065275370126e-06,0.0001536160423325738,0.2419390401676498,0.009559369406651143,0.0288033483878599
255,-354.781985324693,831005.9967320528,752643.9726423873,118123.89912998391,58051.927191320785,55593.84288669531,607658.4411627199,16422.615394958928,2550.7981861921644,2930.8474734315782,2958.248006946693,130.48644304671103,108.2967120357306,705.8117612801946,31643.137091397653,12632.65053519874,948.5795407901272,8.10828265349177e-06,0.00014560160545132303,0.5220532563669449,0.010534172708039432,0.024782005620211687
256,-572.6747424686764,821084.6881053912,782195.0934798495,121724.55281603806,60630.48603790565,48395.10639911889,329508.5889127072,16573.28870963673,1897.3600465224358,3377.127196769684,2627.9953356202773,363.5236032690179,267.19121364174674,781.2633550454876,30719.92528304757,15305.786298306495,926.9936924294122,5.110387175177473e-06,0.00011005335520351725,0.11375222788500139,0.012990287117365044,0.015793992109826564
257,-508.59046709708184,839352.4414722357,816695.0963294927,119508.51369243876,60216.266969146,71360.30075995778,471738.40404338087,16106.318939982286,1383.3060166357623,2925.6911592364086,2854.2220071505785,198.07696910458301,227.5936243893237,807.628613815993,29838.279539391886,26816.984633111966,1377.69977661304,6.962069280509689e-06,8.207736898556996e-05,0.18276530551232759,0.00942745511511124,0.024841927244568057
258,-553.1802210515991,813660.2342287308,766849.6958401571,120979.10778863881,57931.40693249515,63741.05050667638,484911.916001499,16873.54184999147,2199.0449574289196,3106.7041446279086,2851.4778827936507,257.85180182341486,99.13721916906306,687.0201576279916,34702.946899568866,8858.582886483126,928.6138600658413,5.9673072873514216e-06,0.0001711643919083806,0.23836207627667327,0.013788452659916463,0.023230688904007337
259,-530.5525925420445,805749.0572288273,795546.5023930348,120200.9915868155,60802.915412874194,48000.0349620068,674772.9518039308,16571.12781470043,295.544574496188,3007.7799611016762,3026.836589321392,276.3561435304173,301.351577529553,816.375587666353,28398.643821537797,24751.382769079242,1003.0022067310522,7.433282957783662e-06,6.10722351701879e-05,0.5939680466229856,0.008681104219915503,0.01833065146390279
260,-500.77636535055944,803379.4498254868,783727.4986984775,118248.91598151095,60409.49675994631,62615.44199211933,278346.07684254454,16723.943163866337,1020.6826514498592,3305.3211233453158,2818.364254721645,131.78131347483466,225.7925236399852,791.0981736189296,29518.721043491794,18759.189731338553,1176.539235784349,4.625036115323753e-06,9.320976837116164e-05,0.08704096200826544,0.006417163985384438,0.026778909649546306
261,-484.5242638186412,775506.3469639303,693217.5093851661,120153.46718382736,58555.05293736021,48000.000001097935,471241.12574541464,17152.19807633608,6994.929020992409,2558.4507732590855,2547.4571862647863,232.8034609067544,131.6210926924959,758.7240095475983,30467.034989655458,12566.688451620099,834.4183000027646,9.194518732420266e-06,0.000141857481047536,0.18414414254948877,0.012516216418458362,0.03364934662035074
262,-455.3760029681135,814694.6203746266,771058.5354549016,119144.5405459358,58085.32671640068,48000.000000174856,440994.16676211555,16716.384296645898,2349.7912235716367,3110.189710404394,2929.3791243704404,184.09811005141245,115.82710897217824,702.9590897295384,32027.71744623847,12691.97437301468,880.0882848066689,5.874306347928755e-06,0.00011179243696908229,0.14832029414423475,0.010006271290230885,0.022269549753033344
263,-518.2525145055482,806564.408747663,773106.384017492,119991.03016295696,58966.92345862096,64863.119044536965,379739.391180165,16673.829099833132,2807.8865741739423,2716.493447040379,2504.8115762337093,190.55988281593113,171.46645766885,815.3662938096647,33902.79604278685,11295.607291259861,1008.0493669135907,8.42709625583927e-06,0.00015699731078947383,0.1432045002729833,0.015119155705775069,0.033265435015527464
264,-585.0092157091551,793601.8215692734,763830.6722296582,121490.89371617688,60779.27401489092,80832.09904716683,474427.37399085704,16926.13797234414,2157.2777665145477,2825.5749477457043,2521.2459157814874,271.8925015789009,239.93521867664893,737.9657350178172,29402.209939339897,21701.989197784176,1597.5388153570696,8.520976216764511e-06,7.1958702716072e-05,0.24081442440984843,0.016450391059443067,0.014007568604617942
265,-552.9974376635962,861047.4806991717,823158.908533171,128214.40934805048,60174.3457840592,53633.49502630176,434662.5831602827,15988.46967799674,1758.2449215165987,3275.9965887538942,2819.2764401290647,787.9715574323383,181.12821625981533,859.8181088117825,30554.86816394111,25006.818589529434,1130.3821322997092,5.415605332848174e-06,6.30883015852521e-05,0.15551463738370538,0.01784390998461572,0.020071442196977155
266,-460.95382415308615,819816.5348080128,801440.7932944482,123276.27475229392,59548.89174400141,55391.780501363835,437173.1682067327,16942.86007940801,890.8690221293657,3226.204814339249,2888.4653203162434,433.3756911309518,175.36795158127308,948.3900461591779,31985.92569316309,12265.003797776586,938.2770060547601,5.59044555305676e-06,0.0001325906567481268,0.16174223116273526,0.009807226040990345,0.03021064981946293
267,-506.52645783235903,816894.1175190717,780620.2714127348,126286.88874626697,57437.08705321092,48000.00000065046,490636.2903125336,16560.64497410654,1452.4827901491053,3139.350231384664,2950.6169877037964,564.4033826471771,117.05541230660175,744.3237139511212,28366.774695766526,20154.711158621336,1052.0298205862266,5.34140922504859e-06,7.201807037373666e-05,0.22287053863966927,0.010423516821347368,0.019256828281507925
268,-473.9408198196933,833371.8836612665,740540.5509056018,121528.46186248053,59857.8724831777,69467.08131987398,483768.68176769384,16054.015992988518,5826.7457243400795,2850.345514527331,2706.7312405033954,335.9508880449639,188.0590869853828,986.4871909798464,29725.471280494025,15975.337679218152,1396.3921699429627,8.149255362283175e-06,7.569028124951947e-05,0.2396889850347788,0.013032103276142725,0.021046029781490328
269,-658.7894220258422,741195.767636433,677391.2363093009,126638.75011001343,59969.4648818985,48000.01131982942,368537.32797084545,17909.94648246414,2544.503109677611,3122.0152474998995,2860.369024568593,585.513428280699,263.914485957707,696.5094839016602,27360.735872855985,17347.62752084909,927.2321325144152,2.9274721394393735e-06,0.00010868325100434627,0.13303980399693913,0.011559671849680393,0.022775291234440838
270,-595.1585092940638,797650.0856421504,785734.6328942261,122126.2244335273,59658.60361427293,48000.00000694627,348186.0674894438,17160.121613991047,605.0919421248623,3240.403649367441,2644.3057308959733,400.4772319655502,177.6663930817656,716.5131604303684,29469.83861708803,16623.81226225934,947.8305941961863,5.1647978401271726e-06,9.959544852207075e-05,0.12894341558286634,0.013212454287789404,0.016022909832359374
271,-567.26242168005,747865.9983275407,738409.8255467279,118494.50549447964,60765.98442189116,63542.70229216343,379052.59758392326,17679.387812336936,540.2350706728432,3133.830233067879,2559.2441785540714,198.81560548239946,285.1808595161465,789.2492480273013,31497.761769222765,11368.907221962409,992.2953254029983,6.859079497381303e-06,0.00014818588713401938,0.15383358211206064,0.015056783779210622,0.028469439597122136
272,-459.1469968311223,828412.0740260254,790422.6828412851,120960.45280399935,61714.27409276834,49775.42421926973,699207.4159540974,16288.066863304444,816.8415181331201,2920.338068625256,2912.935464659336,254.95985056048136,283.12999798945646,879.5874956327485,28786.137859433995,26127.287261192287,1087.8355580859688,7.858319814376638e-06,4.700032742404726e-05,0.6652314011809453,0.0117487285240544,0.018540758438343245
273,-442.29942604880154,801014.7681215459,749219.447046508,121908.07659321719,59359.98749961647,48027.43888742969,488098.72849535703,16570.97538226271,2732.3247803820027,3131.3570452660974,2789.3334855790145,373.9993967174009,165.96475914013664,695.1392545950972,31211.98854052543,16108.371807046444,883.0638242755543,6.715775209629363e-06,0.0001233062049978061,0.2293398378880825,0.011329933926831714,0.023538546788035748
274,-482.5555361224038,795593.8638502875,764421.9248278328,118925.49444272346,60487.04245138308,59097.7457523017,309772.3060014194,16620.338049776277,2078.8518960530173,3297.605756710281,2643.037967431946,184.4567430474437,216.34214344105388,878.488581574718,30355.174640906942,13897.349419424476,960.4852137363409,7.035941042096663e-06,0.00012917128895955848,0.09999403824375792,0.009122022531618227,0.027668060289586887
275,-581.4477082197914,782461.5163416537,718270.0680539386,121535.86853630398,58712.03400136071,48000.00000028723,394682.7348321507,16907.125793247098,3506.0399232178142,3143.0451515576665,2725.3096539071457,398.6336147096834,156.0665029764711,605.2441770706364,33028.93659112773,9418.412321260612,782.8310310473469,5.950846123649072e-06,0.00018677285263117067,0.15004285089133557,0.013531811466200017,0.01564818328337773
276,-425.38894904015024,844517.1549130295,802530.9272291829,121410.8222003717,58125.42621839328,57480.38640846332,452283.56024844653,16095.793884791636,3681.0973352315946,2934.0797060276955,2750.3816736739595,300.980889618659,109.51917078270645,694.7110971675087,34821.62899626294,12034.741653317786,941.4131909740175,7.97993848846517e-06,0.00015117969297247087,0.1546213853980117,0.008309464318266653,0.02397103210838647
277,-504.08763147423275,814343.7962705089,747729.3639627118,118903.05472059154,58354.97083905413,51227.29100400626,495342.1727657631,16748.893095763964,3945.288059850514,2974.4267067727087,2849.144254619205,154.3975774645791,116.49094045765604,698.2791540069686,30047.02248812266,17070.101481459496,1013.1503826828648,7.590895094301703e-06,9.452710087484836e-05,0.21701110857671102,0.011631623269885158,0.016711989516291107
278,-535.300107104015,780182.9186711094,700910.510723106,128503.09098054837,59639.41400371343,58378.23018544399,454565.63775258494,17168.37056113678,3038.9257569101837,3323.52448730177,2823.465857751927,900.0249359527294,193.730653994741,828.7733507052845,28347.682173890367,26132.92640611322,1164.5391000261875,4.45300593731095e-06,7.807641818602898e-05,0.19869983251812603,0.016110557897150192,0.019096855403316616
279,-519.4239952522084,780498.2968432122,744614.9614409043,117698.77186027984,58927.890463164294,50761.62457163682,281503.4334906515,17202.010775966348,2361.0321806230118,3163.2686701428365,2600.6361943778984,157.5008980638048,164.9014860915335,774.4040820890683,30474.43450798204,13882.31734751899,847.9402001015724,6.41386188875523e-06,0.00014320600007123742,0.08520911744855267,0.009881795976704287,0.027742589175929273
280,-492.0356904467803,828854.1558265759,772049.5751150262,125332.5773268574,58853.52699262275,48000.000000000065,527876.3645195243,16683.16942924161,2054.362699719583,3146.00767624668,2849.6353923523893,542.5746832500869,150.58482181007616,622.0816503959104,29289.627029726907,15205.610873921227,979.8152375083001,6.135725543413634e-06,9.75332222011782e-05,0.3099267693771846,0.014753175438704713,0.0219775173519506
281,-705.2521618497804,813221.4075014121,794876.8491312949,120682.71193557033,59064.14359337671,48866.60774280186,315527.869143705,16725.94051468911,1145.8007065129596,3141.1470021919126,2565.467577994875,311.1943490828258,164.0044830673389,823.2006760918094,29111.022774763343,18363.66624291932,1091.4986632987786,5.807380034957533e-06,4.597626062445341e-05,0.1183055877180717,0.01374596885993454,0.01787943621005533
282,-592.4032143696065,806030.3654252483,746646.773651254,121775.3627574873,63316.30219247478,49906.91175257065,600383.7191164559,16547.992377622984,2570.3338027414834,2818.501927611109,2741.986234001773,301.602763297022,364.11727662787325,971.7610824581615,32781.71688356768,7940.385061619514,789.5132661924325,8.332077845919155e-06,0.00018619295397058326,0.48002095694237407,0.012874645528985948,0.014192815816089598
283,-463.1642197297861,808807.800434055,763468.6206801077,128336.5024368897,60610.17872516527,50437.250433217785,435521.9669663149,17047.45539118016,2214.659393459649,3054.7156402257815,2920.42812889463,867.8737520720094,207.8268917542971,823.040968471475,31433.64154723616,14715.598776159937,921.8535950865803,4.455086621082831e-06,0.00012264427977808757,0.14854386802584474,0.015450953933812918,0.02861502448423501
284,-496.0074530636091,780062.1691928311,719917.9191457035,119780.97490920073,59658.00101746924,51127.07923852708,531288.7558950334,17428.793791949833,1950.5586893529667,3362.4809730746347,3000.609342502702,288.6090681603285,217.85282864098644,971.390937917796,28737.74241349175,20115.711078547196,1005.9926315727788,6.2794429768709265e-06,0.00011598911672199962,0.379766893213385,0.007508648449973518,0.013534721213000499
285,-402.58425157690687,810752.0536509565,749544.6339440353,117479.7422842287,61053.67667225755,49092.92374123986,495299.4244876317,16405.286540840363,3712.6512171509617,2722.0172080541383,2748.268825468667,102.54401086776322,238.73876346833552,691.9474721849842,27078.278427907986,29929.68066181183,1100.597715857128,7.888246120997516e-06,4.7361802358770024e-05,0.24493172336759045,0.01092804610163889,0.01992890286146971
286,-361.38995929378393,803641.5434690876,723782.5781679361,118300.62217000415,60172.817161603554,52323.367568845664,568669.3854607933,16722.648619786512,3106.1595882775223,3138.3239450083365,2977.362292506021,171.76241594494988,173.5053977722738,862.3424096278218,31039.59204332376,11336.858785609487,876.9024202403759,6.38619786890445e-06,0.00013395601807575288,0.3403269153691452,0.00836295482046916,0.012245306729503164
287,-413.66404280450416,814207.0916531082,692897.0724819276,122915.98174171768,58812.59514854884,63045.244869373346,548108.1274912058,16463.74460741654,7414.994510950224,2803.842939199229,2731.875178864459,455.9048739253711,138.891967003741,723.7394949146592,31833.39500002415,14143.1083519398,1115.2557960534846,7.964768647810274e-06,0.00011195684712713765,0.23839225369028616,0.014590360444363673,0.022892851726857347
288,-442.7435625130214,803140.1711025567,770563.3393833771,128263.32417849568,59364.16540841252,66857.37858112382,395224.51401845366,16750.464376237793,1369.493939808257,3430.224070863252,2997.3100251569304,856.5702147454166,164.86225760958325,884.2572982481164,32343.5537847855,12653.816313900537,1065.7807809658023,3.746974781083253e-06,0.00012613135727436025,0.12518450316966803,0.011324189005209977,0.03200018477855835
289,-512.9315644166502,799080.4420512348,757040.6089123386,124719.47186538942,59706.08463613035,57418.81615117869,430619.2255893462,17183.727294462304,1795.2369957755561,3243.067346618206,2909.579999799617,526.0170902062506,210.1510519723806,813.805908155622,33781.42503367945,10745.79471456435,882.027888061972,4.810249452618297e-06,0.00015291162932144938,0.17681257429539307,0.01080776663406319,0.022437106022609073
290,-339.6669642033679,807003.7668318659,796620.1573912278,117560.83098977909,59704.6229037088,48000.00000007706,567481.1239942356,16602.115062618923,457.7614186336846,2823.479614714112,2612.87890946707,137.84063404464004,198.66235099385366,722.6884601574715,29102.013226509698,16588.585879449976,1040.1331585761618,8.213012361567278e-06,8.021989460872636e-05,0.39396880529125494,0.016844758773767256,0.01381970930216704
291,-404.8897199875813,822651.2361702772,770649.1980036661,116763.85539438007,60495.91569139155,49725.13535731086,473314.7553179573,16706.418979859583,2881.4076961531528,3036.9790205307386,2807.6154411202606,65.12532896689596,261.6285722203813,731.9539741517102,32460.66012139348,9670.494291749306,814.8323678255498,8.029919571950706e-06,0.00016239916289795093,0.24913829916540448,0.006248439202552353,0.027904680234706485
292,-378.1872983885286,788619.5524302901,761423.4947136405,118370.68532979592,60401.46062927644,48077.764842073135,337164.4646887528,17000.270019605592,1622.3450449746772,3100.283556075656,2702.5756442306156,155.7330298629827,247.4442442759749,858.5172333210455,29661.62885458099,12816.961137422702,812.749273035846,6.240747560383636e-06,0.00015334556313587394,0.11613640631731169,0.00995438963764672,0.03839721837415671
293,-564.3925979848511,810566.4029253187,701105.4380816129,122238.84181708487,60916.96174447823,48028.44095843833,485726.95689760655,17014.589358611513,5429.253172145948,3061.103318527724,2925.7709027482992,419.2879651833046,223.6317296271918,788.4816512876054,30732.80837704523,12272.866957154009,831.4267893701619,6.605805112151762e-06,0.00011533894296522767,0.2077944124015694,0.009327649524749793,0.02594405835886448
294,-518.8222549370573,754047.3061935893,705426.2202705565,117138.39825775324,60873.90803853609,60994.027487903564,363898.06199488766,17294.005770425953,2992.4120168571503,2964.844057004586,2555.316315295585,100.79248786646818,233.63524223812692,761.1117361620771,29460.341728239102,13424.433084712284,1046.2514876981754,7.2577073706514414e-06,9.925414511740383e-05,0.1387787603429153,0.013472447745763866,0.02319721923754535
295,-506.9242917899879,789592.1219285147,762529.804259797,118026.55912193391,59110.691265129324,66102.75180647487,447087.3922374605,16638.876776398294,2637.5047716263866,2772.427767009969,2565.073976201149,162.15920544908366,173.95003997847076,795.6885289965608,32365.874591677868,12302.56446236085,1075.9615041645034,8.148887930251776e-06,0.0001263176224363376,0.1468874411354867,0.017155961355065353,0.013694325931822116
296,-468.7981348434866,754732.3475143452,699193.8083145763,121635.0090753546,59350.503783183514,49899.85414039048,479432.5754405382,17775.520387748817,2151.076560973746,3087.5384466218043,2937.035272230917,359.505789756293,191.42363172473364,710.7929568387458,30586.583390074946,10580.943249518465,816.6683531321682,6.057456539671577e-06,0.00014397127396426293,0.2808585930744547,0.007808832135829961,0.026927143732609068
297,-515.9673986795965,836943.2440516545,762355.3027302935,122494.48294670161,61515.87329975787,66032.96870441627,460487.774876157,16229.304663652194,3754.6495233379205,3308.1325001188607,2963.354556366751,505.90695425184515,266.12951070219276,909.539680603813,30082.626276733245,22317.698172556033,1286.5218965039855,5.498668856642766e-06,7.021072155301912e-05,0.17103615199244554,0.010011679062667731,0.014666418937860191
298,-592.5695646737036,799725.3442066105,735967.5935077054,126094.31183568647,63031.96087916837,60521.182736205796,489812.5852856021,17070.864759988577,2601.7926054097793,3433.513297418429,2908.0997531887465,589.5531106167822,298.39340563762255,976.011903531352,30844.56100477136,14170.139646631675,1100.1848019225545,5.133614983424346e-06,0.00012192856389226302,0.20693269517509896,0.012023127156950992,0.03135294074129071
299,-469.97925373658694,777069.6168351931,713350.62847285,126813.03705546133,60070.015053114636,52893.72508703882,648737.1455588825,16999.340338679584,1790.0221344948059,3150.618242773475,2953.2873581429067,554.9759553339767,220.95542482227083,873.9005807249193,30101.03438167447,15120.0360589308,923.5626503086356,6.647162587608672e-06,0.00011752794810434621,0.5242284243513685,0.009108005275690936,0.027973087560091224
300,-440.3086170546345,805032.939721613,763085.0461315985,119123.52348633559,58580.64260817043,67588.4157893031,279165.0029813597,16946.682820110615,2662.8355498724823,3144.583809429501,2718.8920102987713,246.79306612084548,140.78467025202795,788.0968147076782,29043.93309296543,19329.61757490236,1296.3983465520591,5.659638706385317e-06,9.671173722803891e-05,0.07279377188852612,0.012423750719182211,0.03468068261833875
301,-603.7478776744737,773893.2875938787,725247.3170626755,120509.89523242092,59419.768430349504,52308.97205851317,359833.34344314545,17175.07368532998,2059.8604704307336,3546.4500063160745,2965.074958132224,299.1168669746719,157.51796996195696,738.2805773943252,31239.87994794535,16845.39526088378,877.0059039395973,3.5943766768402274e-06,0.00013731005773018126,0.10485770317127334,0.006940732578450835,0.03690460215994878
302,-484.65499827453675,765511.1571797965,724133.5126239918,121092.14402936722,61624.70796465664,48000.00000003843,335141.451483905,17451.957748352732,1750.5767024852837,3483.8398384371258,2914.7760314050206,325.4767403504131,355.01562305833835,894.3114658514668,27328.719222144653,28252.888508115957,1011.1079155021714,2.90531872902009e-06,5.017723645257004e-05,0.12265658563039218,0.006807872640187576,0.023688631495827905
303,-396.0566976579108,832410.3787151673,759829.3937709081,121091.51053696522,60349.01958504648,48000.00000007833,540535.7742202752,16311.686171337718,3134.668019632234,3031.6725454182956,2843.031754248498,346.6676453923578,251.12363844029838,943.8790457170352,31858.639389432126,9017.576721548852,821.3473728456254,6.8164330180619255e-06,0.00015298085605863076,0.3216617921974412,0.01151950839233029,0.015787402568203452
304,-543.4060140249375,810369.5612760553,727170.840608852,119295.58967009222,61166.86968629799,48000.000000177584,320670.78619100293,16712.303938703673,5203.833627715651,3106.7823238733326,2471.7648630859835,208.15326020947472,354.64015519023377,867.6817650541165,30018.08187404311,13037.232108728673,919.3533297350286,6.7340679202364435e-06,0.00012629078495173738,0.1205313776618725,0.014052151294947204,0.030672126991796556
305,-380.5482073470866,860371.5037972959,787160.7559165764,122440.59273650574,58773.55797212244,48393.78504454268,537433.2509546203,16102.775006225569,3321.849334764159,2921.7577294100383,3062.7008188769582,347.37132184446887,151.70947565069713,692.952996492399,27911.84442422383,77403.89502822337,1182.9700198683233,6.099197504572775e-06,1.0000005628729522e-08,0.2393622537306342,0.010747813772564906,0.02749266301772386
306,-451.5135831999104,817370.5078744877,788098.4511426836,119334.0239825424,59492.59033134523,51282.62036079517,548108.3212244313,16901.55466326781,1692.665431499902,2812.702725262606,2876.1628880501344,194.83574779924945,192.53630465239982,884.7081725635284,30939.47256299363,16907.988874022267,963.3556449119798,8.053560758639878e-06,9.893613486212868e-05,0.32003107107732337,0.008506716470100812,0.020280577616096772
307,-568.6797601864864,756980.1510769832,702662.7013729463,120372.38125003954,60763.40798067317,48000.00000113622,315005.0352852966,17309.639667659714,2946.6358334035126,3245.697092775027,2642.94434420426,240.76413473205974,253.45251975761332,765.2841930215385,27176.606916019056,16327.987873412088,995.9371637797309,5.342091747812435e-06,7.261744566541141e-05,0.10721680381509048,0.012842664493196388,0.018359469828449985
308,-528.0383819270843,805130.4638456061,786362.918232357,120853.8212023238,59527.456671797576,62957.72717421301,463162.60156218015,16847.31975884709,789.6999293968106,3220.6880430642436,3052.384391686381,287.74533459988123,188.16899683784257,811.0365532766361,28181.645738220373,35421.245039793335,1337.987367047795,4.854184640726266e-06,5.857942910933188e-05,0.1773156581224723,0.01178809689721725,0.029154410364035873
309,-514.9595478727978,815225.573451922,720258.1305129637,120457.10156897923,59464.69380583524,48000.00000355826,583182.4637888394,16449.52502813865,4318.792723394226,2853.1604847468325,2982.3622811981036,249.47306366982585,174.984291548107,722.7582327773596,29943.357967019572,18486.21383633845,981.5963636754157,7.320189190233862e-06,8.476613761468227e-05,0.3170534641158151,0.010338175283828518,0.031619909415510954
310,-373.3347755324728,808353.0094031305,752285.3169268639,128866.65994159227,63045.97313848044,48026.85837805378,529144.2290731154,16796.52954211068,1887.2479101656154,3365.7768132512306,3095.2367450673987,736.6065264357609,339.99235633394574,1065.824965981371,30369.21408422693,11848.090070569933,811.4109564275235,4.325398534771381e-06,0.00016400873691198049,0.25280364144560596,0.007398633154771996,0.021154041873168026
311,-506.23501911969134,763075.6252882523,713188.6337473186,118077.78303607342,59935.10063229913,50823.545064489066,297405.86857617967,17645.6896072848,3465.071154817273,3219.463647586805,2609.3114110522797,151.8078419740335,220.07385932842257,852.5332714406397,30985.96204575993,13348.972130092297,880.6422228482365,6.4985956892051665e-06,0.00015710142003656693,0.07618245513205103,0.015482942748628208,0.029989432023045097
312,-553.314858497553,832044.8921637964,729833.2245344799,121317.93460065033,59245.990852534,57479.91338101112,445290.43210724037,16396.72811773887,4447.090412833198,3109.530250638013,2918.3415428620847,367.76141531356956,152.8040490018865,876.5758954754859,32937.325142342415,14314.177376858377,946.6691459934852,5.614521263030503e-06,0.00014948287312374143,0.20012703021227377,0.008805798879328877,0.030131647731920983
313,-511.68717401802434,832130.7889830935,721127.152567081,118157.24784592759,58859.9928870294,56897.83168879665,380726.55049611797,16142.405458368323,7325.352279375736,2786.351679330185,2530.5664806818177,149.84687323151104,137.3267035066786,777.3130132175943,33564.94209389046,12790.739891214911,950.0464450371401,7.389201127138261e-06,0.00013194477888723807,0.14831468649696958,0.01634911868259356,0.022152765026744105
314,-390.35219565864463,854990.331019163,751558.8662676316,121268.94131378367,64218.19838953048,48608.02984210701,310482.58709652035,15773.00424428818,4774.082490260921,3137.8753501321576,2771.7637464350287,356.9439321519814,427.8222942893787,1129.885706594037,31248.59022374758,13958.779828400613,893.006492596548,4.476473833679452e-06,0.00012229923047871633,0.09949003651387488,0.01063685734415662,0.02823036109364864
315,-607.9393071040079,806537.9409963643,775018.1789658916,119780.37216959042,59624.054327865364,48684.52137758928,294011.96483143396,16683.97685753175,1762.1806690790318,3024.982714113345,2588.558714263897,244.99985629825784,200.87969058144427,766.3035812703246,28698.96370019218,34729.82315416904,989.3385293730933,5.379518403048486e-06,7.557623242081839e-05,0.09439426101408388,0.010946795310778936,0.02559592259123244
316,-687.0202564123832,776502.8780883336,681730.6053539858,118795.01904356564,60586.44585558463,48000.00000290939,629787.2081386241,17445.808596488,2969.084920893583,2857.468696594714,3011.6005994876014,169.06367831597038,261.72836404442455,1001.8023367691701,28156.0109350914,15413.228000012006,942.4538823584426,7.320264911082765e-06,9.012257711760532e-05,0.5353906924118722,0.010583596318115179,0.02856639604428948
317,-334.6299236704803,836418.6382285928,744482.0730840267,127323.7496538995,63513.630560732,71415.78809808806,569240.8041417871,16188.135554709554,3092.669764531916,3264.168293844006,2860.458906134644,846.2268001658687,368.14523548175873,1134.0770978313749,36932.66847533574,9509.290477488483,1049.8869080558097,6.432476002948365e-06,0.0001759506811539183,0.3732550133430663,0.011831839476930254,0.0261242261719304
318,-589.8510061305914,802845.5977687327,760775.2626441014,120413.3877265575,61060.94660607091,81278.7307589237,350112.1125336456,16678.087270535358,1906.4717992124558,3225.0260563122865,2877.453864855767,261.9527539870649,232.65628629660944,859.450932124029,31659.121649954093,17072.44986918989,1281.9585926895015,3.922390557149218e-06,0.00010607398457563367,0.10097119576352562,0.009971981003485111,0.031160353161937826
319,-465.0571833876713,794699.4623782967,751042.025448408,124258.29056103773,59808.283269253785,50046.34875340317,383478.9572020436,16999.3771322562,2277.1578981127345,3218.598179627855,2795.986359881967,568.0404035967691,185.03180750292324,773.4283679169077,29040.167076184924,20261.574343286273,1011.4882623012237,5.406819177544528e-06,0.00010514014012109372,0.12987464503529442,0.013123721949974057,0.022699614645111357
320,-488.81221220555733,779044.8530908545,726747.5995841896,121360.00465593296,61733.654003151605,50095.0297892542,290607.1780469324,17099.80254445494,2675.6463956465873,3409.9091262315214,2650.712236249659,346.2674148233107,309.04432884976654,897.8669385186032,28863.004336024802,22814.032760157374,959.9626715337002,4.457871251882389e-06,9.110185335688852e-05,0.10457332118724288,0.009797829010893438,0.021115529745923012
321,-417.8825149622884,790062.1106638421,683701.8679893034,120587.58821766933,62816.74803377989,54623.05337923603,420928.875716401,17063.539752839006,5259.265739828787,3154.665636060787,2806.928656692308,277.4802446857831,361.05494462056305,812.4248061037468,29389.315213535825,15391.350891225418,1044.3552125058407,5.9517541115412655e-06,8.59847440479081e-05,0.17300391408014565,0.009847046485966954,0.02341128323610698
322,-359.2588978070537,796634.2079411619,716984.8027719861,120045.77343680145,60519.96170564005,48491.00044234016,305139.88216140965,16854.896733893576,3916.3540532685297,3171.9620253458297,2765.788995769218,258.7816751476141,289.1597756156412,877.403115671392,28811.492448554192,20199.178762382508,975.2276387598798,4.347605638264648e-06,8.432429939271863e-05,0.10007815170402852,0.00797688149934027,0.02507738370799169
323,-437.29653999230095,815411.2078084387,775057.5075607959,118418.11235206178,59594.33253883294,48000.00000000748,570530.3398110021,16588.434609413143,2507.8126571078687,2920.2911109810466,2729.2491950837702,212.71311489200156,183.85812453034575,916.610792927635,29490.764752073028,17060.79357176507,887.3372694242233,9.019546586479773e-06,0.00011044123769423754,0.32605550958568214,0.012134124868665823,0.024662438991036047
324,-593.1283823731602,756355.7498304275,720468.1824785422,123786.78622264025,61823.40751426766,48000.00000013299,414333.31536398473,17366.048766678865,1651.0787330062067,3141.90116620451,2699.8510224035645,542.5191811351472,292.8630600662315,1008.5019354412943,26794.680294951326,33821.662799319776,1104.3313357314596,4.830228757365346e-06,3.422959398548177e-05,0.16385039467443355,0.017240796189061384,0.023841730811748757
325,-528.1608125084393,782405.5823531176,710937.9034906647,120556.39969436637,58059.674141675256,48000.000000511485,335445.26415126544,17060.103694404846,3696.022916759799,3391.537622986366,2724.502552667203,344.687425343322,109.33377508634375,568.1359726797555,27666.842083392414,34715.22434285331,1096.0411424274841,5.227250970344098e-06,5.026535828127619e-05,0.10215858627896333,0.014037669403055454,0.02028248569905193
326,-491.7405938324787,814111.7700720843,774495.1595645753,121495.59957161812,60160.636311807175,54307.56082140687,379658.6847450685,16533.977109105283,1787.432678441561,3436.4994350008774,2812.560133126025,377.31502166687295,279.37239812644845,857.4476235561312,29885.51210184912,17953.465688751865,1025.9215837015126,4.958555509137585e-06,9.537569125730189e-05,0.15871646297284692,0.009609431883626202,0.029628529036696587
327,-431.57162343110076,814154.6954698036,710267.778737963,121039.29360510116,58116.02840689359,49733.60695384322,343270.5760775154,16715.838127602652,5513.01283031982,3337.877515521758,2643.9341076480264,242.78370180217254,114.26765365902743,626.7510417487621,30206.63943942619,13046.181126001375,1019.2842672514334,5.981551980501006e-06,8.337744424880945e-05,0.1403843578597442,0.011889454079190412,0.014519903800430051
328,-554.0641363902585,790866.7044752698,714834.5196140435,116631.03898329144,61434.99155247335,48000.000000551816,463651.5326243677,17064.58497073388,4073.45999289652,2836.7756581015824,2717.0687496789023,89.7478318861385,273.4696602108315,766.402379550561,31540.442178524754,12813.367871957273,810.6361268243807,7.2546388755821425e-06,0.00013609634707630535,0.22118834849763272,0.011138807040862628,0.023186602411193646
329,-465.48833675466494,838161.2522956526,801015.0777393559,122284.27974404575,59997.85719801833,73417.50979126005,366991.1916686602,16081.521657245425,1902.9775104553578,3222.2657859514093,2795.0655391373407,333.13460933383186,191.11611237567942,690.0695987407853,34274.50953958527,12784.281923592343,1208.3456402495863,5.516190961461776e-06,0.00012912374374779756,0.1275209712302256,0.010044419075066997,0.02150829694923596
330,-534.0283896598459,817660.1270310951,767598.3127975087,116898.2922082103,58096.01964042239,56044.38002626362,527137.7490522023,16686.345000219946,3411.5587228739746,3129.4323964187547,2761.716009106357,87.59039934487522,147.58972598464229,755.2485486170328,30387.758713892865,18004.361255510164,1018.6792005693864,8.871675868530508e-06,0.00012181973355567269,0.2434240887616556,0.009477495165293118,0.028827184686834005
331,-450.2614535911878,781687.2413752689,660427.6627241663,119697.72188240547,59018.06665329182,48000.00000031384,450220.0760027307,16861.06708510718,5243.151841991747,3260.4647215353375,2775.315574619129,339.5301335450411,168.05855764087886,690.2222315181476,28132.343438819542,19285.28636452139,914.9438461329403,5.3556960915225394e-06,8.980610172726957e-05,0.2164302641302541,0.011627787858020268,0.015581837928309248
332,-606.3750090948463,763408.4788888034,610074.4501303488,123068.0285894329,57251.22586619297,48000.000000814856,437443.80018931493,17383.893501572602,7591.125975524675,3024.6424386856297,2631.4877934816686,577.4651087263937,84.86822222175856,623.8550360195268,27509.048762330436,21412.799554059795,1021.5873801558229,5.859719079181376e-06,5.567837201073409e-05,0.14407969835403148,0.017657740801583572,0.019056575594916966
333,-565.1993747107258,798357.8246538462,701549.0001922902,116631.34709329867,57547.49500595951,48000.00000132926,655084.5816422355,17018.54850250191,3729.853803715093,2696.353398197477,2864.448345768672,59.95817349485762,81.3660992103248,604.0024093264111,29942.835471971102,19094.28719427089,893.5497398583585,8.701191665734303e-06,9.254295591283906e-05,0.5820210340225931,0.012086514352408383,0.02641702599246359
334,-418.2740695949891,789596.4374889843,749706.7537822663,118766.37959238057,60275.08301472371,48901.78386943635,258136.40227133015,16626.962382709025,2035.345319515646,3425.167401542373,2566.6856935684164,184.02428584878433,206.4433379539884,883.9319796290686,28815.97112734507,14799.00177727761,1016.2888361909527,4.562635754401676e-06,8.52443786816387e-05,0.08171799051007084,0.009876475409575286,0.028257199715109545
335,-317.5944494730208,848968.4822375983,801467.0082696838,126734.28188371283,60555.18306780301,55679.28295592621,428298.0715270937,16105.929219538588,2556.9713170596615,3086.459298143576,2866.8091521662604,489.1639229914266,195.33880445586894,873.0802828959231,32098.186972301348,13641.90298680109,989.5727827601974,5.957442999754176e-06,0.00011135556197189448,0.14874787499132863,0.009885655493920358,0.023071173588160108
336,-563.6777893218042,806160.6041519201,783609.6018444574,128878.62143575652,60915.993765861655,48000.00000005429,408395.6595025482,16368.921067115672,1111.3579112829939,3308.414015938405,2940.455636909275,813.2098996785987,242.12206508544,837.0854550973897,28735.608432521367,27621.56846254845,980.9168514611254,4.854099650963362e-06,5.8262735184018304e-05,0.12349929859148212,0.009719130522409636,0.027012033758846966
337,-774.0043881716508,766126.6551658564,727151.1769980752,116957.17728850654,60884.331123745855,50434.799138975795,339668.02871739055,17263.701464215952,2075.4457584387405,3039.3896491724167,2607.8543604105016,78.62756890406276,261.1644141930084,783.6577541365092,27883.843279176464,17586.98923359057,956.4319579704922,5.85433966834937e-06,7.760365962507418e-05,0.15003993091065546,0.008801462941204343,0.01917291924067929
338,-394.9388008129721,773876.6566415759,718883.22677699,128353.18094290735,62427.563167751134,48000.00000032893,581965.0210252802,17095.914750602216,2149.6050623664587,3104.8082230001155,2956.2681085156796,864.8385609237699,303.21490496517976,928.846001223938,29708.061457839838,15354.852259529278,892.6881651067347,5.731515200952262e-06,0.00010576164328305903,0.3249216683285644,0.011476300536806126,0.021933984170541772
339,-490.3316797234201,820770.3681461542,779887.4540856477,126533.73962454167,61703.09435374228,64821.561897507985,682303.4312314411,16653.121849644405,1679.8522127939038,2796.437941656169,2915.274714941024,592.477209837215,259.3713371263352,1012.6071326431083,31989.35478797515,14099.853475592545,1081.675944333918,7.592207157410342e-06,0.00013677770371605465,0.511859034356994,0.01130541280026856,0.03376043455465296
340,-418.29938474671087,822261.3991707142,798863.2907145196,122719.52831013886,60201.58775213854,52160.39177982352,527970.5138449193,16547.465107359614,1153.6257312984512,3085.918089097873,2708.4081968513055,390.25925666344864,213.59357488820325,725.6931246560425,29378.451534538162,15362.141664344734,1032.6275891845587,7.808781631078594e-06,8.956469982710333e-05,0.3166182397180333,0.015058093863353167,0.010093738565078041
341,-440.1683900029161,778228.1550112081,733497.6593487684,120073.92748716925,60189.01225239496,60833.868677590806,378530.81183984224,16935.01610047982,2469.8640126093646,3009.3672186044564,2631.808023530461,299.85909763149374,224.33550321818663,662.6211887674597,28900.68806503453,16748.05374773724,1108.7731641088199,5.799309773884659e-06,9.099368718338653e-05,0.12436906246361404,0.017321427579454703,0.034150391978858496
342,-632.414627870536,770030.4654445872,692018.8146359345,119571.5697589844,61134.597444942054,48000.000000445914,269370.6627949043,17105.714853450885,3553.5703616463284,3557.4235071124594,2719.5591092474624,218.31663055208892,244.04124262726245,795.6442522598005,28193.062053217713,22287.988471361477,947.6105847148505,3.4918681922278775e-06,8.61833986186971e-05,0.08012531269193741,0.009905495712700661,0.034736667990385134
343,-473.09620031177815,788588.4412939746,778746.1036235944,118229.09669952178,59070.80420433883,51405.41258647762,349553.07981929934,17178.180272845668,504.03250131023896,3272.301529411698,2778.0795862027717,153.65846381413985,173.24870933410222,837.2615135293105,32776.95208695019,8767.886257295222,865.7592470518939,5.907088849373443e-06,0.00015937721604581282,0.16296753929409344,0.0054321551424769375,0.017265397143785305
344,-369.28159590912605,796168.8572754605,762421.5565803857,119074.63634447285,61606.264598107016,49284.313303250485,562353.226863272,16980.73580902234,2068.821234010949,2739.6198792063865,2788.3197361003304,245.58043461599138,299.0139969469488,905.2573716383005,29902.55462327786,15424.280996590109,886.0122642057977,8.112987669767848e-06,0.0001249641731529456,0.29675890719726056,0.010099493579088837,0.02750208313038721
345,-542.560335037778,804141.442594229,752059.8695384039,122373.53447876386,59842.821934999054,50807.257883208724,349834.4970716901,16510.58016292887,2316.7480204757985,3347.523750237776,2757.724347096007,367.37650837482613,181.09767059806614,786.3390202241927,30379.809769342082,13889.993162438073,876.7421333806928,5.185403679466544e-06,0.00012556249282853445,0.12609686376082155,0.014274337166968602,0.02378282800700099
346,-381.44621296434127,819735.8661809377,776865.378708329,127697.58869676334,63796.280365556886,53944.82880289207,341584.4326313133,16606.87757794048,1782.1638612102604,3456.7847645309093,2740.1639554593507,1002.7279378098236,461.2932032230294,1151.5820720423012,29756.766160765455,15659.798106115872,969.1463945627328,4.094198858058353e-06,0.00010908310668028903,0.10380525894483147,0.012937646738935455,0.031965557937300576
347,-534.4091842355624,773344.5320311887,754401.1119810252,123986.52011231348,60908.55874703892,50906.53355010565,248108.1175857513,17207.58707579958,936.8119481390681,3323.1773641235986,2628.853713699325,437.0389449617785,264.0906768320806,1029.1531432802246,32831.036186029894,10722.99963638242,828.2860214778294,4.140365330273847e-06,0.0001800476602618469,0.0653669658973257,0.012907425794002489,0.03531189001660406
348,-488.7736599691654,800659.7948881757,702705.5252477252,124174.05125338683,60026.17670661049,48175.32281909349,702705.2708301047,16803.31785588296,2225.826630147776,2992.020797786633,2863.278961856388,720.04350989176,237.4441843431886,899.9000551678803,29286.67846626339,25256.092265303705,882.259052535861,6.890520334846934e-06,0.00010089086212500957,0.6328804202788914,0.016322267193531394,0.030117821419580033
349,-520.8733033937663,811572.4810462632,763436.3161225348,124985.78284073595,59956.13112450383,61637.961804463215,416253.43220137595,16661.034609905884,2710.1323274707747,2995.9362692492646,2837.736659379981,591.8638370973275,181.58234960062464,1055.1267267608662,30578.349457569537,18839.81127226945,1152.6069094980774,5.82108604270957e-06,8.646671566320667e-05,0.13068492603445445,0.01037555384977452,0.024689058500240463
350,-626.483814202165,778255.7460197733,729387.819632023,121172.11787147875,59580.41917228367,48000.00000050918,359978.9717715153,17128.458179200774,2366.9107555388523,3153.095144745593,2663.817928555499,386.2853517815884,159.7237189356361,754.1922862261976,26931.05502763216,32282.768035031622,1100.0703650172268,5.5540266466500605e-06,2.746627614448891e-05,0.13475399538127916,0.013614181539669111,0.017193055290298336
351,-499.26563614244264,776953.0377354801,739580.0769356542,119280.88515277291,59772.57178663306,49807.15059411469,267332.86534709187,17566.72139241006,1854.9386955066595,3377.0163457593676,2648.743831390119,194.08232804060236,198.7594225390851,688.0107576310597,28664.83688331602,22693.66846115006,1021.8026200407164,4.425011318095982e-06,8.02906516723689e-05,0.08418860147064464,0.012217072301938192,0.03392291721045527
352,-506.44298943186334,747897.6121723634,685651.3620138328,131304.19991719836,58923.80320749097,55771.39183611378,607354.9834948883,17853.074409344616,1729.80162684756,3448.6070340249325,3030.5691965030787,1343.3227725698225,171.06810228584266,728.969607095754,29420.383828175254,14045.838206066479,953.1913955560676,3.874902849126873e-06,0.0001301960996064521,0.3826007949215255,0.01661816100549336,0.025014323452845162
353,-538.7207974484064,774689.0443135551,737388.0208939606,120441.58620207492,60479.722004145384,48000.00000003681,371918.0693907216,17058.875618732254,1641.0643771785699,3327.469312921426,2845.1244347722813,334.40094530851434,212.70174103731503,818.4363268300187,29483.27531422642,16219.964762139005,879.1525574074834,4.280165126972243e-06,0.00011609534544952653,0.1256726824043866,0.012128051617660476,0.026392439754458957
354,-634.0437009529844,807311.4119713822,753256.3834465045,119716.20201626027,59292.25380740135,48000.00000034138,542067.1759840812,16799.421195502655,3189.2923302147324,2845.623985738406,2851.295749362568,194.85160832861547,169.35265202751006,778.9807243812141,27657.762466464916,30690.68030655843,1161.1770737751128,7.65391031255564e-06,2.9826398629291874e-05,0.2842401891000213,0.010514459843662373,0.02413748820863295
355,-427.13588392276387,821128.2060167647,797347.7386620494,121227.04890166424,62677.8108642238,49087.52474400219,465071.73675319215,16270.206419648333,1042.512586120618,3207.364178642453,3075.6558847945757,334.5173308020279,329.0919339139426,914.3469907299902,27576.22595105473,209316.22334981986,1171.3262827323226,4.885937196332154e-06,3.9206586295791996e-05,0.18665120584103362,0.004820587884411225,0.01894773885961125
356,-445.58038739413314,795999.3401398364,741970.4235642557,124933.34023723257,59645.78305165803,48000.00000048744,564190.5931002309,17063.99647163415,2213.1549751159937,2977.5130100039123,2811.6190224566085,489.2875798365491,180.4277198555438,1050.9170156639327,30509.866754086943,13497.749498607622,793.8530633119217,6.922437464023386e-06,0.0001372201810720376,0.3398584089913177,0.015200802347996433,0.026667864428900474
357,-460.00772642139316,832738.3984199308,736144.8714925181,119888.31798900463,58563.43862626448,48000.00000003715,491716.99598267546,16485.928031772168,5387.438726632195,2855.269970102326,2778.5535341734344,228.7995914818263,159.6159467068058,657.0078551535063,32019.809593296963,12369.353632500444,802.6174298967189,7.423788440644329e-06,0.00013926646566701878,0.23512628984901893,0.014158270448756024,0.03066577067981959
358,-586.6519473780515,806608.9886305552,765250.6224381214,125771.65906126027,62167.2306020895,48000.00000025398,463059.0263670089,17032.235221985586,1265.4321076292981,3699.244528388071,3029.2907327912976,672.9903858123045,277.78300111353786,791.0221463318778,27165.988323982918,35022.62121715539,984.690584172988,3.2585802900843428e-06,4.0343186623555866e-05,0.23134509048641266,0.007871751716040593,0.010586956660872627
359,-428.9585000943848,818867.1144465049,787597.7842403145,118893.3441804496,62111.24713372861,57435.65794907609,426400.76942497166,16329.110598367239,2453.970728283977,2855.044381225613,2683.013707101608,172.21545463054744,326.8393291029504,1020.3754466042892,29444.427787701778,20209.8175101521,1053.9433441083033,7.94859747838488e-06,9.798265266733195e-05,0.16030309053302602,0.0103574051245929,0.02777714000777403
360,-446.82171496673493,777122.5672045483,749967.3720609638,122423.08389538532,63670.79170799539,48000.000000448475,417539.40255560353,17265.2324730292,1429.3126817775885,2937.210037116817,2891.677989928292,476.2904736370469,344.6457795047573,872.0941718641568,26733.880094306405,253919.07461586184,1082.3460889219361,5.4721485669935475e-06,2.448831966832612e-05,0.16184282781027992,0.009016363078452334,0.022745953385777503
361,-464.5342071452113,791467.6784365072,763051.2513778281,117378.19990808853,60135.858589181276,48254.870642345006,445032.89441797504,16656.01011368257,2043.340944429409,2908.2531680217035,2512.0339472902942,109.6965067145576,229.43430663690376,692.2863940164152,33059.372402602814,9793.150746680685,800.4138316928146,8.086941348779242e-06,0.00016194532435771162,0.20874353065252682,0.014346062682306867,0.018935307813221107
362,-339.89580247755714,810182.4683108442,686976.5936547173,118731.58544156452,58326.62683828308,48000.00000538217,609385.1351040163,16843.806756781047,3352.327704802514,3113.343324067739,3143.3591731693214,167.92539479231385,138.59111594233514,631.5523675767779,30892.813806033013,13528.255662435744,825.576074110526,6.093214870035981e-06,0.0001382194709182446,0.46017155641750196,0.005898518850069638,0.025194768996552493
363,-497.42820162174735,821754.8816834949,763266.4776697295,124999.45106661477,62362.41103766919,61665.33899113602,452870.5062984607,16635.26545529551,3464.420513774997,3031.112961687462,2745.779508598835,425.27068876444554,373.7234486915778,855.0461890005524,31267.955708050715,13030.344125229329,1112.9078307281661,6.959179065498256e-06,0.00012460542447534405,0.1814324053907774,0.010828876297036251,0.02457017704687395
364,-481.73064266084685,808158.8348220729,774571.8372042666,121488.3272317318,61179.33174654085,48000.00000459645,332283.13028187316,16522.815455493626,1704.917490866215,3278.3140706449617,2805.057757877266,384.6663933272731,227.11812384986976,813.2974658939538,28936.720131062095,31461.68027556679,998.2862619537327,4.771412655452643e-06,5.884885854600559e-05,0.10370583951160448,0.013492416713967531,0.027458608906237407
365,-489.73332664722744,773311.3334347437,686637.6317888142,122385.3330560685,60265.30419269914,48242.94019054361,426960.4094925373,17269.69319260997,5176.949016323973,2917.8444214590927,2683.5268360908008,494.13985547171984,215.25712101753166,841.8480858629264,27742.92914393904,23064.012381633675,987.2765216218255,7.272069682146932e-06,8.167885579887439e-05,0.1723265719497312,0.011145657063723263,0.035045300584551325
366,-538.1605726923381,797359.7310102737,768815.2866893117,121885.01874419808,60494.80365707163,53404.21810977584,385693.6357610552,16993.544288637382,1439.7892520579169,3274.7922351173243,2919.5617077024367,369.9484393536404,227.45701429057598,766.8004148430499,31291.635710351937,12916.018596327522,975.4412039632825,4.709645410876775e-06,0.00012043584287649296,0.12094942628716564,0.011947337610582157,0.014272791372495595
367,-404.34473473097614,792371.9754021338,781617.1302150376,120148.08810124663,57877.3369050236,63509.89374544987,383077.47847061884,16839.203279976613,445.87310776380457,3586.565184517831,2812.554982648798,388.26138048061966,104.52488816684725,700.4645851900481,28927.03397711737,18014.71598457363,1260.584840124012,4.119407564721574e-06,6.802663054938343e-05,0.16373557395412391,0.014072782807791942,0.016229768010126284
368,-415.8600823741193,794240.628390575,761138.5657974709,118878.48768305867,58903.25715813978,55734.43810052886,516397.2472267457,16950.8874318706,1548.3116706566277,3092.830651708333,2754.8640791539588,196.1106576054985,169.73773950903387,817.3682996230111,33693.48442227006,9975.804397553215,864.396114957726,7.546748704465589e-06,0.00016117543690999936,0.2833396388862225,0.012113644006795817,0.03238201689787433
369,-597.804029688115,796386.3665798071,781243.1643336038,125949.0350419741,57899.043596894495,48045.56598293337,341922.62751509127,16876.678900103667,729.807255281671,3390.4776684822773,2675.8054305331757,589.3250604558988,112.76160285198249,621.0907363520784,30168.52510641343,18575.10089054158,905.7133991559384,5.2495169036392264e-06,8.211272113171401e-05,0.11326758365429772,0.013866206264163957,0.020188970570036477
370,-555.9636335001966,764947.8661032211,710860.2604279292,121611.08337087279,60127.05360080119,61790.27598540351,484190.2507139864,17792.854575094185,2250.882700545895,3150.5178788616113,2837.088468070495,326.6642583469795,188.74114425050598,875.8417597440865,27436.54611515213,22209.1174746736,1237.0777503247555,6.19713470171005e-06,8.0082800521152e-05,0.28113000195753246,0.010675427017739854,0.02594861209005605
371,-409.94623142986393,859363.0563048626,827971.1492549289,125477.81250176618,59448.81590596276,48955.13774992343,618470.5893497539,15998.86564040558,1125.730143074447,2950.720039907082,2804.94396300766,573.5039278647735,172.82800311876153,750.6942299478238,30760.960845248897,13973.849839638304,964.8243744391991,7.332614499818303e-06,0.00010118656961137692,0.4479228111815245,0.01772253963562641,0.008186651544168245
372,-424.5640220035603,804835.5104222298,771517.3520192116,121509.66039745884,60452.76892541696,49766.62056776491,341918.83137426677,16935.301087159136,2477.7244731345586,2909.3770203702566,2598.021613242689,405.62910920663364,209.561656903861,858.4159745600059,31717.050315097993,12842.245816500325,877.1031727275418,7.4685125613115115e-06,0.0001378662582372708,0.09656475867431526,0.015146735109781243,0.025884815944711318
373,-597.0205746165523,802032.7070721812,751286.1048154572,119845.45907410343,58932.407602103434,54627.75287598773,384433.481310727,16815.384811529537,2864.878760130147,3205.8176496545075,2837.782958954049,249.045419212895,141.02863615637352,688.8893146452945,29297.518046502428,22614.58664829611,1105.8262152881975,5.572973165810129e-06,6.381809757393204e-05,0.10899797429208112,0.0147581281675983,0.017609941811157916
374,-472.16889735927936,793850.5499697647,749987.9886325104,119030.62772797608,61627.35941703532,48000.00000364088,304113.0814480607,16638.570009500083,1772.5996970582187,3468.813615481071,2640.3150990361637,266.9225900720863,311.97521969973883,776.9762887241482,29188.94923170676,14686.592586998733,967.0820391933813,3.3861797368233923e-06,9.747676277358002e-05,0.11753007319911297,0.012705577992950527,0.017730180673196257
375,-541.5696035366567,792384.4265412808,727597.8728154147,118039.01228823756,58403.91996070261,48975.224747968765,652265.5183277692,16887.811008758017,2270.4742071232727,2830.27677177185,2930.831029946392,132.36487644491464,134.95540172072273,637.1020156695594,28629.567497655018,27767.183335683483,1027.2021559008056,7.377746905364908e-06,6.908028866636422e-05,0.5232962638050682,0.009854635033649188,0.02057493957734607
376,-541.137717368748,786698.5870812776,759882.4942371569,120600.97189000755,61537.923229342836,48000.000000325694,260455.9178795453,16829.06883631277,1386.252727591601,3256.290964353458,2702.2895220686814,306.4323877772504,319.9279326842577,867.8674902354084,28704.015469609883,20431.857321580275,944.0216831241047,4.564988872976644e-06,9.768474839526246e-05,0.0616641494871745,0.01242367858069389,0.031714051372338306
377,-405.1374822546608,813530.4578940778,669775.2000281184,126515.23002549603,61279.02202375576,51496.50738918827,612092.6415999773,16611.267248943685,6476.4610335188745,2725.4891134054633,2819.0195363513844,556.174583191089,283.1444653850735,770.3890048684451,29259.400827262933,20791.837448064936,1020.7371241615924,7.13756651527551e-06,8.446533905010585e-05,0.3611975850116848,0.014069968200924656,0.02714994784047419
378,-629.0804057032302,815781.8774463695,745426.0431317439,123342.47940979034,56612.73684197344,58695.44505049908,555128.0734702531,16560.585998547846,2394.7831312770372,3204.437515044857,3011.220904842781,462.4827296735963,56.19593584039406,569.7394402025868,31675.856619540664,12365.857256310523,1086.7665243268727,5.787179378979582e-06,0.0001175554440122113,0.3398300083694532,0.014305866167799105,0.01295178657146045
379,-441.50926680748387,841091.3620438117,791744.2726544522,119262.20486589911,61274.81951044271,63631.96783878803,435242.41190189664,16378.148190280326,3251.7607259838865,3032.058948317446,2797.9722865573704,196.3543825189436,260.5263572584483,1012.6399973648921,29949.52638030347,20476.061914845362,1258.4731829256175,7.69750440935324e-06,7.780715883097724e-05,0.17699425630336085,0.010630390693912391,0.025814240633260807
380,-481.54692527924686,744030.2100314425,691523.1949927696,119604.7829340053,59325.34474021152,48000.00000623286,478670.14905329724,17785.417140726426,2375.685535969783,3164.5476998594995,2785.955624949641,210.32937137600024,197.46609527162482,923.35839041204,31131.31184455348,10008.395276677502,781.7140766532532,6.653894022695261e-06,0.0001725467583206976,0.24622772077117872,0.009750808508571976,0.025989355129055938
381,-568.8712833399234,754892.7698465798,692128.4567162766,122110.6211029757,62693.986459818945,48000.00000033328,581538.4465129415,17707.243028523826,2559.375972585898,3022.1002127851207,2849.6661005962574,331.9579830338431,402.258696902775,919.3869427509629,26598.198720727265,37626.38399941421,1105.3116605178584,7.69003672473054e-06,2.6848681863691762e-05,0.4284060902649956,0.009745084039754378,0.02028280154572431
382,-521.0739853352279,812526.2291639664,749464.3087025485,119353.06869373754,59713.83869711986,58383.61657634519,486254.5580742243,16542.721526629277,4453.983273813344,3108.7317009377957,2721.375952484248,227.04921543171255,210.64320513602075,779.6949505238583,28787.024436761323,25456.97159044234,1122.645448584539,7.910635419429883e-06,6.356071328833834e-05,0.18610809457508312,0.010030996103479545,0.02474391236580682
383,-518.6254596287033,789665.1416620718,737299.3579921079,124289.17429375128,61270.51310769145,51081.06492083148,456247.61350982887,17160.058439451677,2228.5103339100556,3399.4606597988686,2955.355141293764,552.666217023596,251.36104539725045,1024.885935710423,32063.180772529013,10709.523829135964,884.5748229159082,5.3614200192775785e-06,0.0001526093401078432,0.199160709939459,0.009474666457096522,0.023214264777278153
384,-498.4103724970514,783498.7361822437,741989.7245629366,126968.7406429001,62837.45403854507,50028.71309709626,487958.5007902419,16868.88840606213,1616.3159282487281,3259.436742011684,2842.680428106478,660.3247593296595,372.101896572135,1037.5202968857084,32323.450768605646,8643.951048094146,792.672235570131,5.062281304039129e-06,0.0001835232065077439,0.2626970787837285,0.012408092031313385,0.007298415821745636
385,-362.10186841072795,828003.6851679999,670129.3140505693,121760.38122426101,61891.54572916275,50833.84806992498,662322.4841599494,16254.035830437231,4273.252388108882,3018.410319164214,3076.3413919500913,346.8946101905543,322.5857923109267,805.1179284852519,30948.6918494633,20473.16500590271,999.7204231135269,6.62511186812475e-06,0.00010200468810560175,0.5141608094172799,0.010528659651719618,0.025290596075093142
386,-441.66575560098994,799580.9882449649,686357.993741903,120643.7757420313,59940.03205572359,48000.000000000065,561903.5092561357,17006.427385528412,4538.253363367515,2924.8513941447386,2942.5348654187887,236.05099450168592,187.613690159117,784.8047086657485,28381.51593672393,22545.15702797989,990.472996555918,7.297591793248027e-06,8.141793765721763e-05,0.3512744086478505,0.008078779762166753,0.0327873328335128
387,-447.98327051201784,768570.9219799913,746398.5353393912,118891.66285503085,62449.638979741736,48000.00000003536,488807.5016038609,17289.560416192926,1212.9828329495938,3004.877480439243,2746.424374258297,163.03918422277349,391.9165608703548,956.8710685369748,28708.07293526729,16304.62628761558,856.863252523329,7.440169138795883e-06,0.00014171790485392028,0.25168830221917604,0.00915964021597297,0.022536486063975784
388,-386.35965371665657,776050.2996953874,732434.877895774,116134.87002584628,59980.74351122153,65837.22093904883,531106.8628552468,17340.9203397465,3079.8719954820854,2711.7608867533722,2679.4427517934596,52.54478913150997,214.01924820066455,836.2093975638077,32927.54990998126,12049.047461111291,1013.4070137390182,8.72938037600272e-06,0.00013439156903341285,0.28373905648556974,0.00986680755033124,0.02654115005715899
389,-508.3437121511439,843906.7745459306,728211.0979822234,128727.01143925822,60995.77038303961,48000.000002640045,708879.1954202525,16186.742530369176,4002.8975272701728,2922.159221877153,3110.8442833826466,637.6326014017665,236.44432820131556,943.3360389028817,32295.29141792398,11289.579464392411,867.7322096797727,6.905974597686473e-06,0.00013233046559368717,0.5231978211916447,0.010024643121126088,0.017232178881360475
390,-386.43501958384684,778293.9787180228,695315.7231869304,121402.99844587907,60615.08151943831,48000.000000480024,522558.967665317,17022.01655933974,3310.313895697089,3111.1710059403063,2792.0365227396437,418.41555647049023,313.27748922265715,743.2158362869824,30864.055467480808,13064.975888298444,818.7571709252443,6.299839536496039e-06,0.00012850683057389944,0.3048417528969916,0.013564533661736577,0.01325064259934264
391,-421.0593031873086,823254.6169431398,752106.9614570239,121831.34939486675,58176.94805208367,48000.00000002027,398161.4821202094,16331.613588381371,3487.910992939329,3540.59367585124,2868.9084314272045,367.93179055591963,144.86872717072606,785.2102504445356,29837.57914760092,13982.073660208964,943.6201996681848,5.55802882458389e-06,9.07589055448121e-05,0.12671605787210138,0.010313176270908875,0.02413208363117388
392,-434.8269099630902,807890.9697394433,781684.5062307527,122883.65446213428,60740.725272765194,65472.079801890715,478389.2261382875,16799.56642534785,1300.7035386209882,3175.5937418489807,2831.4008490010915,442.56620892785736,230.4022836155853,964.9584236535505,33453.84273383917,11470.420820929554,1109.6943156603443,6.437706621905157e-06,0.0001340781122663763,0.22656557199747782,0.00964592416421529,0.026498276736763034
393,-519.1640645775849,773419.8659449138,729536.7172047897,116158.31779232353,60771.75207519612,50449.682477100636,364935.7327599143,17266.92920407809,2997.591956337348,2918.8288195751006,2499.045288580235,55.518046178880496,221.52800743856253,737.9844827099713,27650.1932565898,22030.57666836255,1003.1758595967151,7.430539578788676e-06,7.135530712832623e-05,0.13841197516103715,0.01716986923679402,0.026356365783516036
394,-477.357763890861,784190.426623788,745358.9186170391,124581.30049837567,62630.96501253212,48000.00000007544,486781.88558143127,17099.323872455512,1676.908454636917,3260.380915837858,3036.848606849813,482.70503406802135,299.8489782956852,1024.1186057223363,29176.58468729227,13645.581226618848,915.9977653649133,5.202480831888073e-06,0.00010995587369544734,0.1924074051231944,0.008930095052212034,0.03577935797329062
395,-512.8952700866005,788557.1615356972,693121.0249955455,120546.79096038878,59776.32647234219,50867.40478593957,588292.3774522796,17243.42237912274,3490.559413390468,2956.0047300196115,2870.554309136631,286.30404885188,206.78581009286208,791.0368227446343,28864.404291052768,19523.868954296995,975.0144547255527,7.1143287877664015e-06,8.886158846331673e-05,0.3931687713089803,0.01199618557426996,0.02995178250712623
396,-728.7253738676751,755281.5230700371,658011.7449858667,120307.30107359248,58686.78596219802,66553.3319653841,482686.3075885137,17786.55315214631,3708.2230667626914,3135.879568807862,2944.141208630602,379.50101372757644,146.2302978721087,573.8781404976116,27258.659178913447,32650.294567587913,1327.7420108948502,4.635985911610171e-06,6.883914712603275e-05,0.2379771684069735,0.011709871250774719,0.02587980922094902
397,-522.3471141787936,858528.8643659552,836201.201721591,126908.16136634718,61465.37132456268,73141.4077184252,560766.0504981414,15930.624734731524,1509.54178248728,2835.3957741639997,2912.2912646007712,485.87443948249063,303.69826976123,870.242397369029,35780.04641448406,11449.575565430006,1069.2664088251458,6.616157869690156e-06,0.00012834225051492788,0.17276293455724712,0.014783135919857159,0.03461968069118779
398,-493.02340570347235,813056.6759438119,759965.9217154436,121483.1785306686,59470.029374393605,50578.06513575635,586451.5047095288,17123.266149831805,1988.2309847029533,3464.207275706259,3023.2112681621966,323.0541186690879,203.7279827828021,969.3429082689225,32934.35279662514,9732.095376572288,830.8631003181056,7.67580627107931e-06,0.00019126735840792637,0.40679414956673543,0.00779513025505457,0.025307590873685625
399,-468.11970516671136,801950.5758275172,761611.0226928282,121849.40392527363,61769.89463713374,48000.00000004866,463542.3364588521,16911.036591238273,2579.584507445767,2797.9787377238886,2808.5548475118735,317.27964573470103,254.50476341105454,923.147707632978,30004.653093790428,13339.807315348125,916.0484343871927,7.521501981396797e-06,0.00010557510019675593,0.17567761408493826,0.009439471474883127,0.02175856924717542
400,-444.365690860488,827209.5298870193,723294.7145311416,123114.57010824114,61073.66046033461,62367.13771169856,343048.2560239664,16318.914589725264,5567.594265540776,3138.6059152150956,2488.7637517422886,485.63200092979855,298.4942875716426,904.5109269424488,33268.47882806606,12982.183516792098,937.786186948813,6.246561923201992e-06,0.00014537754520851015,0.135868952104713,0.01644870604251142,0.024947617758459578
401,-649.977009662128,782873.5651552441,710309.5308455322,117233.21550654626,59460.94249546662,51355.62909672023,396767.2497635885,17265.451640003565,3821.890184848836,3015.03891783177,2771.425520481537,111.42192718484172,201.88895854957744,665.887852374163,26947.43285562018,32014.055962740073,1177.509236321617,6.108769089024787e-06,3.1690099731587195e-05,0.15417669704164444,0.010003444587794959,0.0191018173190226
402,-403.64412387501983,811802.9491209186,764681.255318458,125097.35249726633,59492.992001683524,62414.59298395968,487853.2822873302,16616.751423252677,2689.618522697139,3142.378998879478,2827.240802213899,660.4958934186509,170.9993130541966,722.3538913961042,30954.576156497264,12808.91642163487,1092.8290431041946,6.32275746967843e-06,0.00010948431499933407,0.18805917122618263,0.015796095327974272,0.029698157269147304
403,-562.1910522491416,804887.8950546611,736197.9452316938,116515.26025925718,61332.67591993501,52304.03342163146,502197.1496542069,16669.89770623816,4279.805792005179,2715.0846491056654,2772.4160290175796,81.39393375980652,303.0307391268476,910.5064282540504,31578.013810491604,13425.80739377773,942.8700123159617,7.75165896359705e-06,0.00010649391043959166,0.2527416813435171,0.009902785263727513,0.017417709105966312
404,-497.2672204087049,763379.4160731536,673833.9652862217,119455.40489500931,57918.15811752474,48000.00000040081,399797.3178924355,17671.08507437482,3186.062232265395,3371.8064331179226,2947.799583456306,213.9593370195176,103.7347618161833,641.4646452026145,27952.46846162767,15536.340507361512,1006.3306900529943,2.801287613554352e-06,0.00010750147391613551,0.17037198145671112,0.01063709709058815,0.021083988409130824
405,-513.1603049510913,774117.3779647629,678305.9653001399,120307.16026160785,58101.72621620697,48000.00000013103,588088.3000966894,17079.510200500612,4957.0394188118335,2680.7450324345946,2686.6197782869626,227.22584275471615,105.67390129658752,561.2704456526877,27414.446091253714,33869.78235632287,1017.7865325809876,8.612700538405175e-06,6.140267355694105e-05,0.4066554726072206,0.01580520758284877,0.03317758844630609
406,-425.50521574809267,831195.1696244464,706676.6873258122,119323.44339033111,57656.775925857044,54507.74538506272,503180.26747719815,16280.76322914648,7373.125452845505,2984.3003213582456,2797.5741118164883,218.33116799979703,90.54258913509626,629.0428098689069,30074.89609887371,19253.52978632197,1088.8018419728148,7.590489932580951e-06,8.09555290662432e-05,0.22106978422800935,0.01228122591478894,0.01805765065986455
407,-518.0345546546174,766815.9222526118,698439.6046128254,121119.93257204353,60055.358987672065,48000.00000056333,364772.08300384134,17469.668418329533,4039.025454403495,3176.0296768285316,2751.724577431708,328.98548424896813,247.53591611227193,796.9841428023745,27172.1144379606,26060.575657097204,1080.6983100790837,5.445060171914275e-06,6.119147024307825e-05,0.09502246201796205,0.01524298396055911,0.019707287776542303
408,-532.7374379927123,791783.140444987,758919.9867744471,120185.73841624231,57732.53536963549,48101.75955077036,397983.1540052612,16966.030966856684,1534.9249408831008,3088.2119682721773,2810.287651356634,222.6248074352895,107.3505992640097,646.0412206666933,26917.111912171466,31493.00661937077,1055.0920685057656,5.206751856033068e-06,2.9646311711390363e-05,0.16963729203548578,0.01115141689825025,0.017335663272983155
409,-440.79882558567374,814792.7738427052,786298.1232512074,119316.36473847725,63247.84042853073,55961.71702553214,310283.18404265103,16560.099187861044,1318.8563320307048,3412.4442827859352,2758.7438910820847,207.48697336845706,373.62722820568945,942.7307062704205,29264.89780845604,15808.817896495737,994.8455864795351,4.311010952594232e-06,0.00010068218647200388,0.12001293315824117,0.006331833963625328,0.022153083465831898
410,-584.7324051456035,813653.4538152507,766486.2495137879,119968.8741407598,58971.180287639414,49978.52530595535,328398.5939014897,16495.5044515836,3031.2512738941923,3041.7679844802597,2652.6462167330956,239.42898904482863,170.97848189769527,685.2698297363347,28184.665515513985,34530.55579699334,1068.6648383076797,6.5704665207217124e-06,5.297025188273254e-05,0.09186246596780274,0.012722011034153543,0.02524352992381822
411,-548.5567116790387,784371.0301300198,752699.4352025669,120481.36239243243,59651.32223154325,62082.123124443075,337336.1676742112,16952.010840250234,2228.90837185587,3047.4647141035416,2722.616581257325,247.31347157746083,189.6962799408602,718.5609876875806,29448.55574053002,28730.886552977634,1220.2300824840056,6.503624204945352e-06,6.746623607676176e-05,0.07834612568980916,0.01247250778830428,0.02536844949974772
412,-485.63406328609904,779058.4380699643,634050.0561889954,129707.63971306894,58646.54710899774,48000.00000646137,591563.9632263398,17134.15349386985,4549.904867210193,3120.261885822215,2917.119896698207,1035.0739107098227,145.8691913556522,734.9438811718994,30501.602448150323,14929.001076500042,858.189096975372,5.283598687106657e-06,0.000131305511856252,0.3883454606061018,0.015676021257039124,0.019724274602349982
413,-480.8505758232761,821937.7123033208,756511.7657247867,123789.25812062071,61662.331529248164,73006.53320043729,590302.840403616,16557.112623629153,3731.375638960283,2830.1345097687054,2896.1546006541516,417.8337871230551,323.6589949714036,853.4235525501066,33012.530916503114,14793.796157816352,1292.3936397632683,8.396903085397864e-06,0.0001039779611003161,0.3606039177919281,0.009875733406799947,0.020772975671499178
414,-586.4105291859651,844808.8535224026,797568.0539004038,119237.17277903396,57978.29080082747,71426.97759977794,525037.785109327,16476.483099176894,3313.8530803987856,2943.3815369094473,2734.134759080391,190.3085548750695,120.30294465723613,604.2166826010779,33221.06034163508,11375.78962303727,1176.4607903831077,8.315056147772869e-06,0.00012944739632575215,0.2707346419105643,0.014487222543618275,0.018846048767259996
415,-409.5091911997776,790502.0530552288,745579.6196788626,119754.4901971648,58592.84191411229,91302.75866239141,448625.31951313117,17242.77648156032,3433.9982820275204,2928.5939580332747,2646.1293584774166,235.80295346255483,131.95016655965836,704.2767917739033,31650.100830763437,18556.845356094476,1570.1095358016232,8.053043781589835e-06,9.16695585307985e-05,0.18192884985554267,0.017047874193501122,0.022935961026000286
416,-356.8541080717238,801248.8266321188,754853.634416795,120726.45311141593,61994.83205390203,63790.376589755295,336199.8277458875,16954.58532978755,1738.4406459206523,3462.339426151083,2833.1346940972126,311.8300008531112,313.7672286748854,1005.4133620700147,30553.50971622481,20235.484152050776,1148.139475571227,2.959407697048906e-06,0.00011083017443993194,0.1394860886151927,0.01144336649284676,0.01722019445848808
417,-501.72012197339575,808295.1951170937,734635.6266343918,118958.73585378853,61727.64368427165,67652.14153994368,277476.2677106352,16768.233059035232,3698.240548161528,3547.7717138187804,2692.906837835293,244.75426224189775,327.60230489363533,986.8629921990962,33527.82270622678,11029.077921958644,1057.1570816788897,4.665350799967128e-06,0.0001330530788458988,0.0856901772227457,0.009273056910064942,0.025002347556437543
418,-458.8377683429219,856684.9466092541,832830.4990046944,118164.54460222823,58866.14517073332,48000.00000156553,443765.21790095215,15934.00821215875,1761.433228194548,2813.908430105009,2795.29134662521,119.83807465619259,130.71837573749127,601.0573255874326,29047.91115948345,56382.67840201262,1106.3715158919936,7.876749794832164e-06,3.851333634216186e-05,0.169439379810021,0.009666618588091383,0.026385344938808692
419,-420.95860078670864,815820.8454651106,761699.6843791241,129922.79062699777,60748.32395587475,69196.70755460534,464536.3012636828,16442.885143863492,2175.6057753506398,3526.110144231785,2933.87046538344,912.5925787252514,224.16477700130548,1011.255252215159,34412.70858062945,14131.189056489246,1133.4854353440364,4.5590570048541976e-06,0.00014046157195481422,0.185198341207329,0.011691736364934134,0.023093147299168015
420,-410.01806140466226,819888.5909100032,783874.8710845166,125013.40391954279,62784.720932894146,51990.033227221626,321417.23639816797,16490.648001068315,2102.93494228408,3172.754976132208,2764.767834231737,457.7514168388749,324.0281203717984,1024.2894999661257,29922.796771196266,16705.763654096165,1020.1077471620797,5.273508421796342e-06,9.514613956449566e-05,0.07302764513780965,0.012277267168662698,0.03192850432260592
421,-511.7706668196738,768455.2882116631,728159.1064799608,122109.4661113302,63243.65617093091,48000.00000039953,592250.1185191841,17301.75825080448,1502.1843751965785,2650.2030593354766,2904.917947159245,337.95624611363155,410.530013013377,874.9165810348251,29107.9259166306,14883.936714294383,912.7281906386328,7.740360590940323e-06,9.118199852728362e-05,0.4420050352921546,0.008592627230952393,0.02606883600133262
422,-514.5451583939148,772902.350169345,748189.5026471108,121283.39094889743,58121.201388407426,56977.6901497848,441262.01057611714,17434.23316254306,1202.025162670737,3112.2503081134714,2814.601783382925,330.11476983709923,120.70604845410126,632.6864774555582,32325.433700459187,9920.01128651144,943.0720881397218,6.222950506768525e-06,0.00016171819032708708,0.19450917917938676,0.009168738728030288,0.023204577640782736
423,-574.7240703147584,825904.3714442673,784767.4665816867,121401.75037938239,64776.58626160529,49998.24998437071,308934.6852454974,16582.781870611023,2305.141837473095,3357.4554883061187,2677.125788045075,338.9019185365595,472.1366811992373,997.1005074234206,29789.257534530523,26035.862354335197,1067.5576780942672,5.542090292084362e-06,5.934705667983644e-05,0.1073792711169011,0.009710633988517887,0.02327683922809834
424,-612.5749183470793,769956.7021941826,726154.6111413023,124253.47343974772,60733.57532584783,72207.13213220892,367103.0472837802,17546.34773580825,1886.556886651137,3532.607513924362,2845.030386089276,574.0952273919931,245.84673732102317,951.3660303423899,29950.50733407927,13161.766007642,1259.5632611327849,4.6416781818112775e-06,0.00011337877234304118,0.14297750673033394,0.009405335558352644,0.033512704407719224
425,-560.8299785525803,781497.0384558777,725894.4390043701,117348.8624520429,63189.5245367056,57230.411274844235,418472.75395543134,17199.799219879416,5179.931865448193,2655.74823150981,2400.699516882605,101.62507465863914,371.29424962438037,954.3583517987427,28386.53457680603,22835.72104163869,1233.33114386394,9.973165861759717e-06,7.38157579246331e-05,0.2292498580591841,0.014201345951847067,0.02578660508416622
426,-528.5885446764802,789149.6089019862,766817.3767001496,118609.21625869839,57733.87436687801,54728.12710762554,392250.69372311083,17052.99535276804,1311.191826847693,3157.969232512758,2712.724863062046,170.66664044370174,114.79285375154046,620.7788261550767,27820.71533685742,32050.721868939876,1216.8524809111705,6.578870221240109e-06,5.587049714307991e-05,0.14722117595617937,0.0121451565191464,0.014052199310474902
427,-522.6133802883071,798784.7992755855,729612.7774606516,122638.45342808859,60769.39586615627,56274.20268090804,683258.4779294424,16952.603809692526,2397.349262054601,2974.536573665171,2928.763938664167,413.01148957935965,227.79557128453152,928.6304167769282,32112.460744490283,11659.752822671375,913.0620432302645,7.460360067903441e-06,0.00014553299770051633,0.5524991811937566,0.011410924451152113,0.029869969091829478
428,-302.04511205709593,837793.3739556967,826701.1540750957,120841.99641030056,60338.944619070266,48115.81564425366,567363.4583578714,16322.815260893156,635.9621635382255,3052.6093573020817,2922.7522941190155,302.7476163255591,269.27102286109,837.5374015294257,33219.72956193188,10724.398538884618,754.2280775372138,8.450588522051038e-06,0.00018826667068825342,0.3406920431301876,0.007094689401800187,0.023454538856881736
429,-485.95869158317,787251.1773323998,751924.3035212689,120710.12258741063,59226.58712805204,48000.00000196125,480158.8696958421,16999.146737300638,1809.3757273678016,2873.9688396993947,2660.803398813521,290.1474815714029,162.5644526199425,786.615860903508,27306.8904807111,27375.024938493574,991.6418100706088,7.1468252151965095e-06,5.466485524195432e-05,0.23222011029634432,0.01671623990723135,0.0158788281131288
430,-529.3352110368079,795302.0175821962,738784.9300181646,116718.66198639521,58485.43941636266,48012.280909735375,407500.51835497795,17231.161031279225,2862.372678101272,3219.2215185536184,2752.313273770711,85.58850718129086,156.90353263270578,689.6775035732333,29497.554157155384,15151.276901726555,950.6854247236372,6.141407416302201e-06,0.00010559366250569628,0.1699584354867449,0.014089158121497388,0.02871902275976274
431,-532.5405861887282,799817.7274551231,742626.6115835266,120485.29467854068,60480.55277044721,50771.32602102537,344697.4361693612,17021.040566454303,2979.4327485405734,3117.5310737390955,2742.5391078174935,245.55713032942023,288.0257268684997,976.6496115303892,29695.509322685022,19425.22393413695,967.6897726251945,5.7416970773458045e-06,0.00010203566412309417,0.11950460688988523,0.00865673114951582,0.03262392426279165
432,-355.9474703175247,782931.954832502,620351.6940187511,122452.56815330315,62738.388198762084,55130.02562860743,545606.7710634184,16982.424065992243,5358.37157604538,3249.8618227753796,2914.042405023439,474.355357257726,421.0394275370333,1034.5518090192109,33463.33553771937,11085.163183650191,847.4642247847743,5.786845107384832e-06,0.0001657815613567655,0.328183909287403,0.009869704906378422,0.014520987172759353
433,-517.6630857700095,817771.8030033103,765612.8367614191,125646.38384582015,60856.83503280067,61673.54437623371,490399.52769939887,16352.343299172742,2916.866220539458,3048.0702219819236,2748.5697336783714,481.96645898233106,226.08541515477364,832.654166852503,30514.71080933673,14232.559406251128,1149.4092508805015,7.493554658805037e-06,9.960446161452094e-05,0.24968815579115672,0.013745797867029518,0.024430907819650773
434,-397.34419231483093,774790.8685794983,765215.8463844787,120954.92986831862,62987.2817953317,69109.68446584193,354094.91037703626,17037.979339907917,496.7205940866928,3203.0059173712284,2711.785006973128,324.58953918929217,341.8884644962438,980.4034539497084,30115.525716954027,16047.720359580877,1211.4697720914946,5.168267902539222e-06,0.0001223415071570237,0.1423518285660737,0.010279051036774829,0.02543879289613769
435,-479.67104438041315,828534.9193397157,776288.8565025649,127462.60628589318,63886.4163418683,54827.99054780001,592901.1775119018,16240.29366544157,2648.7827969405726,2725.9372531770287,2872.4324670420046,601.5934454440006,483.195496628526,1140.2262452240268,30854.407302806565,18406.061480045915,1022.039474914065,8.005836837711679e-06,0.00011382297141756468,0.3245141859131792,0.00845267050162832,0.022680527391560613
436,-497.47108783854344,793639.0644365207,768822.3571569198,122143.65161059615,59890.48099859584,48000.0000013377,293520.4985246593,17130.92645667416,1007.7269623189927,3543.5673881570997,2679.890170383375,284.80906498122204,219.1753586783868,974.6012648508172,29222.631056051305,17177.76460065567,897.0794124567157,3.992240924104576e-06,0.00011681525806569796,0.11368596243709192,0.007792962233826195,0.023361144861183458
437,-445.9972332732335,821183.1837836724,782084.704377146,121684.5210120772,59087.256754132766,48000.00000320501,289936.0396289456,16436.152056819057,1806.9293677981098,3229.7784976422804,2724.735074079721,266.8419681259533,167.646505889599,704.3587718921946,27925.11687502329,48591.751311569606,1077.0639706625284,3.972245178793642e-06,4.2023222074878974e-05,0.0971581920538186,0.012978018201407681,0.021741239905588256
438,-553.104147191233,792322.1755380486,709977.43142492,131921.72658483536,60819.309099513885,53456.56820887403,555622.7040479365,16940.058314825386,3597.043886240967,3033.728181008792,2875.6702104248952,930.0024943841257,247.05970311104514,937.5687240544765,29695.798264868085,20979.01453102707,986.6801071016642,6.4739857057281115e-06,9.732921904229406e-05,0.2765390330752896,0.011583639706777983,0.02433640300186774
439,-481.9925703621726,773155.1446826018,697694.0486026512,119167.6586478109,60872.60647678875,52232.10338752616,567180.9061635528,17513.60200963753,4105.502583657807,2823.816855365138,2885.753465621014,167.56065997277778,303.14554614350345,1094.2286020993827,30464.552992236288,9562.417333280946,835.1427279831449,7.813626541977486e-06,0.0001722129480656409,0.2991754546383547,0.008087266910241624,0.039369388721471714
440,-579.4882634445205,784618.3720799796,718035.1249440572,118197.92939119066,58760.99495965908,52552.16683642613,399252.7324612312,16892.820535810035,4145.567767495006,2899.2067263334225,2605.0305392764976,141.47928642821603,157.61703573344604,731.4497404556238,28980.40808663385,18950.978839156007,1030.4771419719964,7.148440820618106e-06,9.516918622462292e-05,0.13925568086126447,0.013331642417219982,0.023457534529692167
441,-521.3206274650951,786414.7680893647,751884.2980484423,117507.84727549297,60602.78800821092,59253.01656307395,283753.1433582256,17164.623604292952,2142.90104038905,3192.3579492517424,2624.801924857528,126.73193111676731,249.2292461733836,1006.7916996099182,34603.809845116266,9489.227383726658,905.9138159898853,6.052355491425231e-06,0.00018539409477311188,0.08911961108634914,0.008980590842247218,0.03541780152642074
442,-506.4580713827126,779865.459545129,749309.4531767152,121527.42887634077,60703.56406983588,52721.19245787433,478825.55728633783,17409.170858090027,1485.693329124142,3174.4937772993703,2925.4141121881044,299.897370098105,255.05284547949304,848.3086563082294,34269.793445215626,7690.161643095867,839.76084770717,6.668372893948949e-06,0.0001818911773665844,0.23343618251693946,0.007576652638465402,0.026638722163887324
443,-494.63610182352056,788801.996509808,613562.6361256309,117883.97533675334,63184.98349568335,48715.60234105444,338659.17466847115,17295.047373835278,6440.117042517178,3505.7787377594086,2753.571378577712,195.56974389071618,452.02688817934404,1085.7047762404256,30946.818924631152,16690.494110535463,865.6451002703411,3.0275073316400086e-06,0.00011845262897796898,0.1321874874624931,0.010526312514954703,0.026134612280660136
444,-404.78723376529973,766604.164364772,682160.833241375,119913.50521752621,58461.42148696527,48000.000000569125,584593.9266743942,17396.786915676475,3479.1471579988233,2856.5045391280382,2738.452408916399,249.7693285697285,178.4030717155192,697.8442948797095,28514.77732449812,16068.346178670232,910.5865128151191,7.935850776709105e-06,9.635238512279549e-05,0.40151514569933405,0.011895152988206618,0.035151584609849705
445,-487.238676486234,786692.9239081449,772891.153302511,120836.46773842195,59754.09715041124,48814.765920239355,436835.3392550057,16784.88696811896,827.5314732882096,3204.7506450675446,2899.2884408775813,269.52494416923923,210.09143266412698,771.8659255070924,29699.701285366296,14664.6243427467,858.7820880616467,6.475048383550137e-06,0.00011385125746418455,0.17332402930348656,0.006185614674597998,0.02569340315114593
446,-510.0945122654633,789314.4881282656,761968.4439137016,122024.92017302023,61485.723822702304,49352.478757948644,375665.3507891627,16914.11808951476,1634.2515876262153,3113.404073391515,2596.1858170124333,400.60440674448233,282.45902437078973,895.662210084041,29294.226028591125,21354.23593774033,964.9386551197157,6.849295580275778e-06,9.199003805476557e-05,0.13901516038848427,0.014096408169287724,0.03117788845454922
447,-463.709984262885,747131.7163638036,705759.1233095007,122717.22937573899,61996.37401553437,60152.705913322934,473159.2214554221,17402.995500537865,1591.2718341526818,3332.41741531546,2948.7906110284357,420.17435607746177,333.1923251802316,1012.2182080418224,33988.12400790112,9089.448215336417,884.8957171362888,4.034738875422728e-06,0.00018657083681984782,0.19171263702548677,0.011815254198502767,0.03511112827880273
448,-499.17285899172526,800224.3981776852,736723.4066374773,123607.50591736777,60276.52550581573,48000.00000086977,315170.2068592247,16698.47283330725,2710.580408784924,3443.43090224537,2690.3953191883184,628.6655071432706,224.0728347673477,765.5940532586412,28534.460972867735,29191.42371718377,1092.3685847280499,3.4305267345442075e-06,4.552906000321787e-05,0.11126113492147902,0.016555739581156175,0.019633487580551837
449,-527.6410377524566,800769.0245159138,754523.1929042845,123057.43962212851,59266.92001085928,48000.00000054772,598779.8549620269,17141.44593394785,1823.722033847438,3019.54282254327,2901.0813450774212,467.90866723723366,166.46281377153477,823.7467580819076,29261.36929132388,20521.786777883797,933.4687190939142,7.297538214982612e-06,9.271589371847509e-05,0.4005760923793434,0.013752983204721896,0.02919640905205995
450,-535.7419433724792,760822.441621457,715694.1351239313,123485.62889049992,61116.54063053246,48070.27614453851,478573.3289795387,17485.25650492361,2128.481778145801,3011.113903420689,2826.9960357464297,475.3501391843158,282.80954235970887,748.122563936257,25980.258176269694,52384.65957123229,1074.4901052955038,5.809546467478362e-06,5.195252510027918e-05,0.21699266388034358,0.012713528965927355,0.014707531167298346
451,-544.920453442463,845954.7960943992,775192.39814428,117558.06041164805,61081.02477730615,60687.72628177001,610810.7346049377,16676.36053557611,4307.224552883747,2844.940558075072,2843.1053375761458,108.85068172019126,317.3731918171886,978.479722919997,33523.86983700489,10388.269429654618,1017.9988319757866,9.20486108402502e-06,0.0001449396629685232,0.4446132481160102,0.009025836806002979,0.01871767193554695
452,-541.4187199158583,787015.0787262359,674516.8535166468,119095.9438414452,58650.195565763046,48673.931663223826,637687.1843622772,17053.407176618828,2449.1555847438885,2820.1689592915022,2847.117026741579,194.22151679963343,141.12323008792853,662.6615431306137,29074.40017772326,14675.517549679607,973.0598553454968,7.585850530768623e-06,9.532275329985874e-05,0.6259415556534741,0.012198198987658945,0.01800646093703913
453,-726.7907952094536,758271.6723135951,734002.6059638723,124643.84019623393,60791.81883772254,48000.00000022286,358099.42008138273,17488.277485240655,1240.6776281600942,3387.6624277417823,2819.7062927339825,541.3534051026004,229.0112604691368,712.6966323090047,29370.358545170064,17767.723142462924,903.514863617283,4.536832884509251e-06,8.90466988172763e-05,0.11932795366546164,0.012758199222554516,0.01814376676392129
454,-460.7808166313756,764892.4692207631,718940.7034039468,124463.4111925045,62935.699729704465,54618.18783925139,306995.7729777215,17163.548622538223,1881.4429853536142,3661.1786686772934,2750.188998804221,655.0432126551401,403.17506424994093,1094.7309166196094,29831.253045533642,14196.275034822167,946.9873154297161,3.2155432249266795e-06,0.00012115257241820522,0.10142119574685171,0.010312668966405971,0.028844557089963155
455,-458.4371128025407,804682.4255253234,793734.6499346807,118961.2224676321,61762.497736953985,48000.00000043005,340811.46507760085,16872.206736714823,482.7942407933983,3532.301482893953,3021.1897318181586,185.66919029440098,250.53393436653243,1061.4370203532887,27994.905866851703,32355.784654307565,987.6829657411605,4.108722920106994e-06,7.53665984776838e-05,0.10641072896621043,0.004454968243578968,0.03300305342859117
456,-425.99109286759693,780211.1901628545,745938.9347804652,123694.30715919028,60107.40121647678,55174.49281833052,346417.43648004933,17398.36569574756,2269.1583874143676,2993.0285385742727,2694.1065003996823,397.3668776892627,210.80649169376002,788.8404399003042,30822.52086515653,13409.410485466906,961.7335787266339,6.258882487412538e-06,0.00013946655504471604,0.09809219310811977,0.010935016029274856,0.026014706604216394
457,-459.06931869989535,803561.6331833915,699226.6007812987,117929.68509492157,62105.844445061535,62710.18104387045,468621.0176878459,16693.422347984255,6558.509887751522,2868.268182816655,2686.983979683885,163.3630816897978,306.9292629030743,819.9581032742099,29485.377836019983,17591.81562031474,1301.3069002919244,8.140616438082521e-06,8.431694789286053e-05,0.22145076414667084,0.011542936371301722,0.02464576038049026
458,-504.178343031276,771571.2719465902,732587.1628663632,119501.59169121714,63614.169280218215,52867.990345881386,356114.79687056685,17181.790661256633,2047.4494668726225,3137.395695298302,2703.85696331905,251.1643579707222,319.3922289144518,846.2670201628486,27089.83854021124,31099.442271400465,1165.3737907226423,5.3934748078979065e-06,3.8810774188456564e-05,0.13118073902625924,0.013414071014854829,0.020529690182458184
459,-636.2340476182378,779855.3603041294,745952.7913535094,124574.12611094308,59696.026017409786,48000.000000475244,401097.19241304416,17154.64825407126,1396.875021883169,3262.788811837338,2824.5635170420105,625.3514081307662,197.40729099990807,787.012667521841,27811.96481709771,24306.707621687183,955.0546283498703,4.626724591312149e-06,8.488422760208308e-05,0.16256261095456065,0.011161310773024853,0.02818020541680509
460,-502.8621273380965,793166.822332904,763522.161535836,119173.80013854764,57820.80959450495,48000.000000461856,458797.55401027837,16592.275214251807,1712.890669355586,3015.512302656726,2879.5162481977122,203.93682469082142,98.01600069202695,605.53331331543,28419.49493393984,20244.082603364444,981.057247115427,5.9888492655480824e-06,8.407948156672903e-05,0.15454130921172485,0.01232766497165197,0.014906784929249725
461,-454.0269779303494,795016.3570934213,763369.1000673602,121260.50011274518,58693.13860984122,59029.976578135225,313403.9866359189,17268.034644078252,1487.216699169317,3352.2227879171182,3006.0029821978696,312.0017272161585,171.461763257942,797.0170306556156,30792.107964958253,15571.120819297566,1011.6696463194505,3.953738992878065e-06,0.00012810375965960233,0.08900965444465793,0.005752209620288531,0.03892471588408217
462,-482.74644352276454,813264.8598129677,755814.8855120251,123954.01183016639,60442.52084818282,65488.54538725182,486649.78741740127,16812.04865583482,2577.740324343086,3143.2553795530966,2984.2629802278493,495.37154610071366,235.13391999352385,839.8475304801922,29677.994268844282,19980.111690910486,1235.221794352029,5.425571825141725e-06,9.492106469606954e-05,0.23306590343054576,0.010117776147619575,0.019988972972467843
463,-548.3736561566755,771604.4823411085,740115.8086764003,120771.72077577753,59688.28139120746,62310.43451777787,257849.71645581952,17160.69382301045,1446.29132198266,3290.19859918114,2676.5788503226327,239.42077892325952,213.83019385508476,779.7871863065501,29229.795841996995,17938.676391125762,1207.8416676858183,3.273665004302294e-06,0.00010202196566985749,0.08469816295527215,0.006879493196923522,0.032332611134189164
464,-363.6739339413477,789514.1941804275,750129.3014465974,117742.50812996688,63339.36865819289,48000.11367551767,380922.8454217749,16746.540920841,1968.293658233416,3351.902537687767,2741.8586371152023,111.60227349966647,377.9091370997157,950.4241958289416,30341.522225546396,9780.672100365846,855.3334636125834,6.227346173400814e-06,0.00014550803990425013,0.16825263320680864,0.0052434611179266585,0.017491939284651564
465,-438.4745230392477,790023.1177173484,773543.1068365725,116657.56620817662,60161.32795622599,73625.49889633621,353909.1573808318,17161.649710622587,889.4067390905115,3172.562825728447,2617.7042367219155,67.54508762020646,284.99696296560774,889.8631088434483,35011.18059923112,11332.050767476161,1052.3471390949474,6.356438204310523e-06,0.00016504737218956338,0.1480209185903628,0.005583090451333494,0.03088159680890907
466,-436.33086348708883,779095.9673807449,746083.6603281571,123808.14442979055,58578.557796912166,53835.08259662239,472660.1978917056,17275.736112545674,1495.1859534438283,3124.062019303499,2946.627303381295,493.6549900780219,157.3674832316679,770.1143601641606,31616.613413733998,10816.928119275111,873.4818864876202,5.31737497253956e-06,0.000145657074397773,0.21142900113590068,0.012006825686326826,0.02092629614225974
467,-561.7205689383744,848247.6452771121,807429.056619327,125369.61974131422,59813.74992999643,56054.938590698424,447889.21042524575,16243.164679540443,1637.5169834712701,3399.4237776120967,2897.4915352143225,857.6509623230422,164.62969396153642,736.666130318295,27750.95079236297,42864.8624497641,1394.7514015538927,4.393914293589006e-06,1.0000000204606485e-08,0.20311451226022065,0.014504721473419356,0.01772884032254302
468,-498.58818405966906,767618.5004381838,744514.8306122144,119895.20613850128,59879.8487276904,48000.0000001173,364217.3082366954,17251.661203837844,1349.6164252908607,3245.477327580255,2699.653332752037,215.73690878100692,185.23180712423607,715.0593520795089,28108.463587864313,16450.47309356689,938.3695607415063,5.668865581756632e-06,8.563152050356217e-05,0.13688937723119815,0.01003313676894,0.016146943523943712
469,-390.4186468402029,804910.1451622121,773339.481844359,124544.7071809192,60747.81519520223,53458.165981337275,450996.34966989164,16833.749573578276,1268.438874477409,3192.642859785771,3021.2545883043995,636.6776049683024,241.42432708473083,927.3595156028229,31377.772314272384,12861.892850403541,968.3427551161492,4.557556480900305e-06,0.00012151683885125183,0.18104748593538023,0.010597805608232855,0.02163376711537003
470,-674.566623136434,808950.3848535668,751103.23464771,120829.79527403844,58792.617095719084,48000.000000037835,454409.7459307002,16971.099716875808,3998.8420745680683,3089.1659177419688,2870.398324692571,325.27608246032565,162.72464954089247,861.075874421266,31733.845297825388,13734.898316550123,978.0633449851232,7.122304658360996e-06,9.924655773655909e-05,0.15041261778744436,0.01286088314031446,0.023205607522607967
471,-450.3258237376337,849724.862636385,703193.7731555974,118511.93802425437,61552.737662738255,63585.35091904035,411571.34567313903,16048.293951233354,7779.274487392782,3080.8659158036153,2768.0677528369397,168.62664357890012,356.49505874990814,881.2432425677871,34562.30826811415,11316.461308053797,1015.4821528316418,6.461985297267668e-06,0.0001484630582125031,0.17638063138136154,0.006203704138366521,0.02491766414834594
472,-537.6637273471416,810241.4656738985,747327.9500613338,127685.95089810401,58553.49476314579,48236.09683746221,430111.3881934404,17351.768171739513,2626.151097878601,3326.363495871925,2833.1931781829394,697.3132171676592,136.13509444711687,815.9432001410406,29451.03250909013,22950.609094298004,928.253044010624,4.85809473638077e-06,8.839372498391161e-05,0.1570585125279486,0.015694894570233178,0.033684832581124494
473,-500.97412383757296,834846.9244498503,789117.5360985314,122726.33302143398,60301.46772006385,84678.45987630312,468784.0659369552,16255.175438985134,2535.056842244942,2971.111832628317,2845.426792580515,422.83027067968106,211.47923617448055,880.1452302384583,33527.623965739964,13732.348521692438,1358.2741445840059,5.961079416055829e-06,9.922665894802648e-05,0.18774231602897287,0.0116746966001763,0.01984025912461835
474,-649.7671421890459,800898.2034719288,755506.9692001559,117630.00214732636,59609.76993705587,48000.000000505774,580670.4553373372,16564.80642730261,2821.064589913788,2861.4983493539617,2892.2539597587433,109.0158324824881,193.21348972680465,717.6281283450751,29400.85995899983,18457.51322046463,983.1430024559747,8.004359353982213e-06,9.025284387455299e-05,0.25307502992927916,0.007845785045048367,0.026076210999444193
475,-403.62200720497947,822705.8505513447,805683.2410935999,121429.34325658997,58807.0012902031,49440.20737482265,427708.9681121101,16207.262297493526,943.1534636113812,3125.715938118323,2780.477105505922,369.65703895679223,141.08202660265368,578.656068864866,30890.382911624238,13647.946317978147,817.9400732428652,6.089466710011606e-06,0.00012490706789219968,0.1594397892400318,0.011163405643930488,0.01888317724925526
476,-475.0530250796425,801308.4543967707,762921.310216187,122729.04317519882,61833.06955766247,53664.03007457963,530696.4068427767,17040.970813873097,1747.9947281414934,3190.7419170181693,2993.873384071578,380.4940554532076,289.285609659892,929.0843090882449,32642.819922147613,9058.591611776215,800.2894499721269,6.761795926970782e-06,0.00016451422468372656,0.30874757885527415,0.007417021330470716,0.029615741672442734
477,-401.0988609604361,746373.9160882538,716259.1877835721,119387.4836769041,64143.74802099366,71981.31710343093,337719.4476452838,17719.588803722516,1335.8314457528145,3446.400684778522,2808.747330432588,251.15285452655036,349.17885544921654,1053.345277159063,33641.01236605006,9722.361215933082,1042.6486402068074,4.072606251159059e-06,0.00015401739489836704,0.12435934879251531,0.009849181740685227,0.02438627145322375
478,-488.7028020931492,825031.73135344,740300.4718868086,129989.46577610334,59395.578015884574,48396.43154558923,535142.5007495085,16644.76618193721,3453.5566603746543,2858.837967348287,2746.8130164286576,940.825636399519,174.61328709053413,757.1016678457333,29967.989681215047,16077.41013703202,933.5238729788673,6.24604264482291e-06,0.00010223008477070665,0.2973834916616264,0.016055893994252873,0.02986630616019643
479,-443.6517162969284,797968.1270965454,754790.4311109087,128301.63995889986,59913.17140937284,69072.8350790173,668746.4287018635,17026.060728829627,1466.9903092133736,2996.0941250126225,2954.342850416531,812.8452993752005,223.33486711671185,757.893333467355,32371.63659024471,11474.351968165107,1078.2228734543241,6.89455721941519e-06,0.00013380171032788035,0.5041774700197114,0.013772463883845404,0.024419157680182282
480,-485.46014756081996,809029.4587371254,783294.2555174342,120240.57904001357,59413.128789780305,48000.00000014135,323079.45712562813,16333.949798195312,1269.6658086362897,3317.7129622244915,2707.715603131044,228.6145520471929,197.72228332182365,727.4936691835215,31186.032261675493,12861.030198012792,889.9061295264046,4.806899019142858e-06,0.00012849689278250612,0.10581934245225606,0.010274479837267701,0.018085073062478692
481,-728.8448834341505,864047.6313770503,830964.8333947324,119885.84987000626,60717.75466403657,68277.11605974258,449447.94529064,15918.91761820634,1948.6172058704037,3154.4289666120326,2789.9537490128923,261.35970708372923,241.7322897071813,793.554707115389,31202.130240043334,21032.918173173777,1288.935744056588,6.618362123553313e-06,9.136567862930976e-05,0.20306684261662133,0.010624573993656421,0.023830239271418852
482,-536.4979661809394,811679.912090081,794425.0825478099,118986.89071877471,58638.279905353236,56560.76079833128,296511.2640616864,16632.22003743006,887.8523316039764,3136.109305202163,2623.080864711207,184.93294580992514,123.93478206651243,714.1968831148253,30761.13368617423,13814.424177988487,979.1935265028028,5.090501235309742e-06,0.00012810177095846955,0.09587102653710358,0.009520135309482753,0.03409629248349787
483,-545.9484878720193,816253.4546865962,751385.793042283,122258.2324082064,57275.80353343234,48449.975460850954,451259.82779966824,16524.663192924865,3930.664417901799,3082.280673723093,2778.485754098603,374.84958792488493,72.66278423050511,627.1609867061545,28681.019822810544,27258.759766295618,1000.0102090066534,7.058954636132666e-06,6.455220408883322e-05,0.16629445088602277,0.012678186555635027,0.02243264103778993
484,-587.1962625520321,783771.7903065187,731745.5321448429,117478.34221363916,59693.42634983223,48000.00000129592,392908.0026477376,16966.19116685033,3055.953085275486,3046.4854007114645,2845.7137197344828,127.6925588340408,210.5764002848902,732.8501067341533,27274.0852804258,41484.57897900837,1145.0446971534743,5.759852189962435e-06,3.038192574662483e-05,0.11734949510494572,0.011631539906537076,0.01643502477718939
485,-430.758064530715,814616.9246983078,785536.2257208851,117957.5697425842,58582.4999674157,49999.17683396592,351213.28120860696,16829.772777125105,1727.2568888484318,3066.9231248725714,2823.273148669689,155.39784958171816,152.32814744680584,722.6809137023624,30480.32166074185,17082.697198378668,908.8666264574373,5.986137242445627e-06,0.00010252939369730701,0.1073997617637942,0.01020395965119096,0.025019228358164863
486,-529.3923468633152,835094.7065078524,808973.059022905,119342.50577641604,57465.28807649078,48213.75737267333,384769.68273899885,16336.001938417385,1907.8332689057697,3214.8728058269508,2706.3024898652807,240.91806869389112,94.42443053581114,693.118575940065,31277.297017949288,11886.716368469979,893.4471881394722,7.600406713819588e-06,0.00010611660398349595,0.1417811900009521,0.009061307847470912,0.023768251816533838
487,-397.9552892581379,803958.9664251304,767088.5076069632,119840.40646076262,59757.466628880764,51714.93002401635,369835.1102444595,16989.288232057355,2305.150793981296,3061.3621668421965,2818.3379037144773,243.83938194025458,228.96920857858828,851.0915741758959,32110.358838757795,10257.683251785153,871.1912023399352,6.685993587179252e-06,0.00014650371095700738,0.12123825220407342,0.008802154665718882,0.04275196754582426
488,-520.3200887816163,835799.5354170566,732437.5715102042,122242.94882999158,58097.05314483332,48000.00000017298,487890.38161629124,16090.96828366359,4983.957158947855,3156.710789904366,2932.773710648438,341.3098085311223,127.62912581543576,615.554756393596,30269.825261555397,17490.918841552935,984.7170341609531,5.938462762214855e-06,8.3097403794602e-05,0.17407277460282103,0.009192292350774652,0.024856254617500625
489,-420.7124786283383,773591.5071515762,741093.4326218687,119714.12152882034,59215.15912828154,56748.9585823612,329451.79762606765,17287.1753807893,1392.4271127008074,3270.8186260763214,2688.6925413097883,184.14139011278445,168.78735612849673,675.4714552953159,27972.53784500825,24731.96244200871,1244.0183025498907,4.18142979861202e-06,4.7826737760653735e-05,0.13946134219172446,0.010146215312337342,0.01628225003299072
490,-355.6329193258762,807046.3054455984,763530.1550600115,119480.62725737526,59628.33805309866,48000.00000034334,406945.5459461346,16875.751661002694,2341.7202972856953,2941.9835927467166,2629.39424524615,198.66214171166334,222.65404689641747,898.5491847556442,31102.27229543941,15105.292502305398,926.4301552668775,7.164608952207116e-06,0.00011152962103613881,0.1912439768452621,0.013859324977580526,0.01665730263869765
491,-403.11457569143295,743357.0792056016,707485.6807692042,116839.86967892211,61523.13005168989,58347.85771124635,409203.27921391797,17759.971054348152,1654.503011817496,3064.163933453892,2706.4489640824463,106.90462614690054,255.4684081085969,900.7074059987531,27480.629445737562,21669.476420399522,1185.8483319828335,5.622304635516417e-06,0.00010208817761533419,0.19595995764064816,0.014547656704178036,0.025898141614256864
492,-626.750076374558,823027.5607832001,722700.1412356601,118910.56302011482,59997.16123029087,56653.85347203946,275711.06069782673,16590.496045746688,5742.717949555837,2855.408101719753,2436.0945465643354,177.5006141935194,192.7885861608573,737.8062427225332,30312.952876403313,19140.943873079228,1154.0161463810832,5.594135836687645e-06,7.798837037067529e-05,0.10135193704524785,0.01617380983546693,0.01083971970267646
493,-393.4749903422682,791861.3680060814,729713.1539071715,130024.29611033786,58956.89576667101,48053.486585170256,527651.6760726231,16813.12749986394,2847.3169476078674,2959.0588481021505,2871.0313071989845,727.8803400934478,190.20391660647118,616.9321696932315,27563.19397551611,22024.42546972555,1036.1928819584891,6.009346991258957e-06,4.6413498725288475e-05,0.25520510444074296,0.012875954747860248,0.021032513555994923
494,-653.561513985095,827102.9556436407,766982.7770408355,123767.66287839889,62636.48577788235,48649.3302973584,331328.59385910426,16309.141034007078,3183.943885419881,3253.6795130685155,2688.346648778906,721.3598495372389,374.85371367934295,1046.673328868751,28775.352331966253,19308.74030408204,1046.7706802862247,5.253008693556768e-06,6.512754728093391e-05,0.10762598832112745,0.012585568479207837,0.01759936116234574
495,-579.3660161957674,785988.0199757798,732311.0786497892,120249.95155016791,60583.42722802839,48302.58796288363,400161.99067489605,17329.16909425491,2691.8295264631115,3219.781856540267,2751.405817899215,279.5990912911847,209.05863572526502,863.8457772995827,30004.8355434507,15701.98223720851,945.3870890090438,6.124474351810637e-06,0.00011053676307310138,0.174194226388651,0.009062764230836727,0.018972352898840365
496,-369.95546503926175,792612.296997963,676032.6815549451,123079.66942848149,62360.59489979807,73849.37626798682,569437.1652291601,17086.471668108083,3845.426281387159,2764.32216346225,2767.572775284,336.28779631777576,360.63324769970325,885.9211899205195,34394.32168193444,11383.81061043293,1134.7895802401551,7.748803804117395e-06,0.00013793749473116286,0.4902877831756424,0.012251978769652694,0.02776206637443985
497,-467.0655757506474,849348.210853728,799270.4830678395,123632.3405640806,58637.16630201685,50394.93212159163,448156.84971956915,15916.207742295883,2313.3433679184736,3253.2501377620165,2935.8099316807793,643.9327794418731,168.11833346856847,704.9036992529211,30121.855599377195,25108.71638336125,1050.3743311774033,4.6770319188700665e-06,6.728846284843213e-05,0.14519033007566737,0.013659062968959508,0.014385101460700045
498,-424.9090533256124,778880.1222541102,742974.975431922,118238.38492195902,61338.077189593576,48163.6992458397,449520.6726783465,17130.985819036316,2107.0999087636533,2909.621361977434,2631.5474000533486,152.47644278314502,266.6305062345181,867.7640435568688,28439.175241189492,22805.184483362078,956.3390414070291,7.212485996119699e-06,6.997917267015369e-05,0.1932959720555506,0.0143226225012238,0.021978800255108417
499,-491.6484289746172,821876.830088754,706434.2973844012,117701.91592723399,60253.93848170248,59303.785704665934,524260.9057361096,16276.060005953617,8906.43403703177,2750.557709294794,2715.825107074857,117.72494663341965,258.31598347724537,854.9731396954961,31905.979718228464,13068.428783746189,1025.3461286264471,8.794805882183696e-06,0.0001247539796554024,0.20254492234474708,0.0115277193289597,0.028841088110579453
500,-468.7831883053879,818013.5133996877,731414.3190219735,120447.74719954301,58871.0121490853,48000.00000020649,690196.2957947454,16914.830452604474,1788.7425809945594,3040.3978279034973,2905.703751826106,220.85119800075822,184.86473276473518,706.6165853710129,30439.53629774587,18341.839895121117,888.0306723743433,8.694470803829463e-06,0.000136926780493226,0.7384742888818326,0.008143135389294308,0.031405852707273425
501,-437.3495382652183,783915.0915122865,697586.9882837564,120849.97329989568,59506.05245247875,50618.655905078595,252048.72159413135,16764.469453731588,3506.1001404032395,3714.2365648190134,2798.725458077883,306.3083963210333,198.28858866319027,704.8724996844767,29501.359703842238,14286.486282675865,950.5852089127604,2.4673750614969063e-06,0.00011147047730637911,0.06974727486562433,0.009815709103270849,0.02187261459078997
502,-605.9124365222365,789066.3125481339,728868.8527363059,130561.16189935691,60976.94995857182,48000.000004927366,513590.3992528092,17253.312166851483,2076.5873083068855,3270.4743437431684,3036.344474007416,972.3951191966306,236.87919219575423,924.4210308138723,29674.302606990743,14935.628851942462,941.685445768424,4.472887227620724e-06,8.50694455613414e-05,0.2378193496034531,0.008933454873407727,0.027809250718342213
503,-553.8272672822422,781148.8592405802,649647.7204002496,119424.97236455133,61202.90105177026,48000.00000049,310096.5182784958,17126.850804431568,4593.215614086783,3773.7256929798828,2978.7733481857276,201.78072313042063,326.68452588712984,926.0132509499064,30669.18041824346,16128.028094227831,955.5912865074774,1.1242256333885758e-06,9.120644630127462e-05,0.11200459455427768,0.008121825773291565,0.026372266008698617
504,-486.5322499468459,827408.0060487889,805380.113352782,119953.54813270265,59687.05027368297,48000.000000538086,447168.76624822296,16474.276517814138,1084.196913978234,3083.646617752027,2902.248796632852,243.175262598714,156.41870158498256,712.9901868207706,30704.08608560339,14422.69595093816,927.8531887069149,5.883750663417648e-06,0.00010944265337288803,0.18902353710131561,0.010261061352475018,0.019252365342565178
505,-480.89997446056407,751648.3162173842,683795.8905920171,121647.8218989746,60816.434322938905,63648.16965175534,283491.02391972305,17307.32459550414,2955.179186387133,3306.6825760193096,2823.561068014169,421.8068105573065,284.05994576548676,941.8231341669459,29574.563925955918,13990.71605996891,1052.1551137921545,2.7440457744426845e-06,0.00011507113503228273,0.0842364549915958,0.00872188068294866,0.03126757276865066
506,-461.64699061450585,773524.8153901667,689626.346731177,118114.16882482271,60463.15886899683,48193.15777589443,276459.3766456067,16972.576671526156,4676.926378257498,3106.3270245888584,2701.1046806620107,162.53094262304717,212.9808306636226,718.0420221411802,27512.719961185063,17642.62341883197,1033.0647912922418,5.233464117150424e-06,5.366513922864261e-05,0.08009719515872626,0.011520660937921002,0.025885715804058865
507,-502.27430258560184,782991.0462021561,736783.4772063302,121664.1779682006,58095.334835903326,48000.00000092723,554609.4154854491,17087.588585143898,2183.303048807084,3097.3998054298386,2945.828060129028,397.14674078508085,130.06877191283928,606.1892537591197,30686.415896347207,12216.209527399693,844.9987531081987,6.332242814268023e-06,0.00014398333331077932,0.2763670148072611,0.00906015982414203,0.026365583742143355
508,-466.56670500149824,794072.4228312026,739646.2192768061,118655.76545873036,57882.87805675498,48000.00000316468,622202.4918892911,17153.76152839301,2985.9254066518633,2789.233389432172,2820.026884053156,151.87539431298023,101.3183220868645,740.3078332049423,30788.173676132046,15757.096386045105,812.5422403662402,8.242857825846887e-06,0.00011074763929098932,0.35460834361350285,0.013645258390639467,0.03260989252215013
509,-561.1530552851439,758961.2000494896,709586.627962767,121523.8605088864,57158.84215433631,50499.958361025616,567283.2564557762,17547.804555215942,2042.083878386919,3073.64303905825,2958.6186145298007,348.8592582313379,70.58764819554999,593.9548576066525,29435.171524615187,13193.301746181218,857.8868392195096,5.9550630296373385e-06,0.0001268921328311641,0.31139516625589764,0.011624711911144519,0.025514502122317942
