sample,ll,T_NDH,T_ND,T_AWN,T_CV,N_Anc,N_H,N_ND,N_Den,N_N,N_Alt,N_Chag,N_Vin,p_S_D,m_ND
0,-422.5243011655024,734694.7620103728,665242.4109204486,129573.96741378574,77382.30476463167,16808.408623939642,29571.170941639706,9042.34621159483,2440.641438252396,2897.500937179642,591.0226171208301,1147.5800128210094,1695.756651187824,0.03283152056200835,9.954855820752637e-06
1,-462.578242902266,734259.5196852732,659080.2801112896,117866.60054562373,66232.16381618081,17075.972187102416,29658.203946785317,7300.881545704723,2702.7483736894937,2995.4914365280665,110.06903509800992,524.4180875625029,1120.9337645174312,0.030567788519585425,9.43000270906816e-06
2,-646.6846095148247,678224.2982567224,655576.8036466436,122735.63374015885,70386.44148841637,17915.783970468303,27604.141072091683,2645.3331702933338,2699.452611885875,2873.1145502414747,334.24279675168094,1134.300208982078,1891.8739836579996,0.0373518035655574,1.0869384227503322e-05
3,-477.459966878344,690510.2651065713,655334.3310502941,117917.14782331744,66162.48352159487,17627.59466319651,28782.603207391418,3758.3985572671027,2738.190341736719,2965.205081096589,121.01543753182229,601.7598175521343,1358.3851711452812,0.03578574461058079,9.445851765295135e-06
4,-407.0521244472212,711718.3975789486,656739.887225733,123144.28710250028,68258.48486491552,17464.69989870294,29847.205243943703,6136.93891790149,2512.012714002754,3010.3265154765377,328.36049381816105,594.3803009132142,1247.2543393097799,0.028644570342721352,9.923787941272557e-06
5,-563.91204764401,726987.4474227682,691090.8187162358,126328.67956023151,75825.40531357776,17054.067800379362,29187.103937975993,4094.0099126346427,2596.076330427404,3041.402868516768,487.6815959315058,1210.492954118198,1805.6962555992125,0.03000186646148404,9.528255769422056e-06
6,-374.50093449821884,725199.0577099262,638260.9390791636,120457.28483737893,65338.99684039401,17583.3635775548,28450.412859305674,6337.494623886843,2691.8350615629965,3206.1936235284184,245.58760226392855,494.4641009828653,1171.3807684261908,0.01793450351375921,7.78286228578391e-06
7,-490.44646180225357,725753.3097817032,665897.0049299997,118889.29372366665,64263.50066999655,17231.208211814504,29198.57987312113,5136.719224863998,2846.318790978739,3112.440335228611,147.332970790136,500.33648516616176,1055.1584938939018,0.03266814123664058,8.967936972706376e-06
8,-502.63323562421033,747542.9704888957,633470.2269200066,126280.38518686699,76584.51278649343,17024.027037395303,31164.400500780343,11481.066236943905,2559.8983307438402,2880.5179933688632,487.969605425766,1307.0541153791671,2218.18290034098,0.03905842720689786,1.0216287402480824e-05
9,-587.2395322524255,720027.3222031398,703427.8324312043,120038.73500934168,75483.36270550375,17285.518209248454,29909.635282261275,3096.0188459782535,2400.1886423980964,2881.9378796039405,231.47957454099145,1440.9505750905803,1684.9787385110558,0.03311455374540017,1.102178126854857e-05
10,-492.73461065645006,712100.3825733201,664043.280065184,120736.453357588,67451.57121379256,17404.1365889859,28274.350761597965,8155.261996731369,2424.9639325635294,2872.529130455808,239.00074789014914,940.5096927252582,1244.6445887869775,0.03196326577666878,1.0591114082399571e-05
11,-417.0101194549352,728607.7557126476,632260.4595659988,119135.56814486087,63915.91514719283,16847.91774614143,30190.514114035373,10128.291109766287,2621.603760455051,3004.333899220039,162.14508969771043,445.45674058402926,1115.5433204678038,0.03906109547752085,1.012117444523382e-05
12,-466.5541005606742,705194.4674030393,660964.7048958956,125346.8305497113,68435.98192803796,17676.92428993794,28399.657507865715,4422.322340119598,2697.2420960355444,2959.1299488021778,381.50166269482787,747.7344699432862,1535.6977137587965,0.04094352878629225,9.869961085999467e-06
13,-504.03807151092184,708147.6080989117,624254.0431090574,118284.51177198457,65316.95662470696,17007.967383342497,28812.113265373333,9109.33902567975,2638.579561333539,2894.017909315648,125.49823842396387,590.1883259767455,887.9864578250462,0.03698796139657253,1.00108770990259e-05
14,-379.4727022787138,707148.7628601715,609895.2959146402,118805.65942074417,65851.58191591146,17263.125642086743,28011.740622545305,7914.994900711168,2626.465658525458,3035.102999023057,146.07684227228552,535.6914667571303,1068.092901070275,0.03277061580474647,8.656655785616272e-06
15,-437.1649792817022,729208.4336867332,646837.0192579903,123859.47143981817,76052.54458650007,16953.37476903585,31122.58440085411,6885.800388702777,2530.7962225309993,2918.9559530601105,330.82926145864343,1060.3127714809352,1837.2285911483984,0.044234207435443054,9.238843391000027e-06
16,-381.50232151715613,699613.4574459492,674620.7982380438,124353.15305514722,71512.67258477525,17808.170121461942,28313.832707263755,3142.682363466351,2654.7354248876213,2949.2571665456276,319.6139432559735,838.9786034469364,1474.0940476042,0.03310952182267804,9.897534789649493e-06
17,-407.5212938085818,724636.3452850409,694137.5800495077,127277.80573575216,76265.68074563396,17287.218992135524,27581.29477520539,3916.584811213377,2542.218925436374,2896.581621674394,483.23504544257656,1187.4182438946602,1454.8896408715366,0.02604125410531442,9.885998466030932e-06
18,-573.5349670646667,687775.1274917366,662462.6658521545,119406.08850438807,73040.65348121256,17834.35286283661,28226.69952031471,4530.893611829396,2601.420188927112,2757.3786882901936,185.08419883768244,1116.3381189594384,1907.3517416138138,0.03341562873196907,1.1611024828070771e-05
19,-516.9819478660947,715043.1694409031,643082.5644185549,120834.57115474847,75205.06110320546,17334.79005808661,29684.20790044769,8438.444813639002,2549.1691812170475,2883.3688811410766,213.4233167419348,956.1158377571353,1777.9154663091615,0.03792967041185333,1.020916869128914e-05
20,-322.4497109751171,714772.9621731018,623908.0861599318,120313.2229794899,66016.04725131895,17279.962533593545,28119.516646115495,7319.265940455793,2695.3017934255213,3125.6243660398713,226.12305574162585,458.95018417828936,1070.5334660323224,0.02859308607308209,7.43308894869497e-06
21,-493.038875040952,703796.9823854122,674912.3129437491,120941.70709335296,68175.1435861837,17527.369767047203,27711.420345265335,9023.769414593671,2487.76937277444,2808.133549246536,248.7736764801826,673.8063971325145,1377.5598355460368,0.023675987718718424,1.172346230688059e-05
22,-471.27101625884944,711021.4577834158,645365.2224512266,117486.83037244398,67584.37208378852,17222.550253973153,28958.736470049884,8784.752041469837,2635.5530621847715,2949.0999393678244,94.25071327432894,826.7857919640222,1223.8262475645577,0.0283307893895034,1.0669544555209967e-05
23,-493.2274745773409,678975.113607832,648269.8938046636,120651.67548200196,71138.62311433088,17840.21014894349,27274.72157661344,4103.079562562256,2679.0643194700892,2919.272298060595,219.95743891558996,917.8722928481624,1440.0631909652288,0.030302839998910275,1.0831627078392491e-05
24,-617.320157310947,719974.6911876181,708551.6726229418,118195.40882523941,64124.56105938618,17436.816152784282,27460.44589594082,4914.551227326849,2286.2707944713857,2865.4064849219344,118.64831934453373,529.9527986643352,1235.301419151431,0.020157664066163147,1.1666843413382833e-05
25,-492.31004380187284,748400.2344845606,616641.5379827204,120237.69845538,66268.18490475557,16898.90359544363,30094.48470645669,13481.253191692851,2462.82860854065,2886.3639211308014,223.1438806131436,594.7924673888647,1355.8187550363662,0.0397334553080423,1.0855697112927019e-05
26,-430.0842983795485,700063.2612521073,661380.3262579342,119943.4206591145,71445.47247404087,17269.62436236677,27889.99757348133,4095.2345373903017,2518.318349180918,2998.464092309723,177.92276997661844,861.3941545203138,1184.9538281405412,0.026392317397300556,8.697171559636489e-06
27,-399.6388262444867,705982.4105773804,572668.4406983234,117479.01818747527,69659.3483356647,17503.52214464488,28806.94503169187,13580.513707373284,2439.471222447135,2770.9516691657686,97.2123540708862,916.4586704986936,1716.0037178840967,0.027326430189064044,1.1268201473883107e-05
28,-367.6201520278818,729360.335254554,675234.1915372214,122560.75825076428,65196.59860349182,17393.789194871228,30037.747720476444,5437.908525192918,2800.149687339351,3122.4302890216118,357.2326920391929,461.80975237880085,1009.8957937808477,0.02685462003933475,8.877666041899728e-06
29,-453.4522510370055,706772.2941772962,590658.0330857018,118027.51990002245,65461.55284412391,17447.65358125,29314.700284118753,13101.63077452437,2327.115508649566,2825.6383802577384,104.7532275576976,564.5710087935817,1043.338618431578,0.029766984318532547,1.0585557621380886e-05
30,-467.89424943292335,696526.4793404054,653403.0102132965,121541.04500641422,67987.1008708433,17954.26821500302,28418.262105180005,5465.212132860076,2842.770327973718,3012.1098028463894,263.16281537154117,749.2001463622624,1269.9094171113704,0.025135846675170603,1.013966296471031e-05
31,-619.6758393245032,691820.0809017447,652047.449451572,120613.7353259933,69861.47739557315,17811.51825986254,29054.43360793775,4875.7626264048295,2458.841595055944,2900.51446005756,227.78795793165128,977.2248111946822,1245.9223948881397,0.03211066651270131,1.0353639688224699e-05
32,-577.316697399363,747239.5298692599,721850.6714131604,123863.6625426231,78091.54255613779,16925.396468619376,29948.56128003185,4043.272306477935,2609.3747675572013,2890.6314289853003,340.45459843768896,1274.0423108788361,1775.3831307209841,0.03451431872324984,1.0027949314076212e-05
33,-480.77975413141644,696715.9077071252,657767.779184831,120334.3457843303,64657.60466791167,17365.55732898701,28935.602621015707,2852.1372464232563,2748.495312861577,3197.201869074101,217.4055784512346,483.6386310589229,991.5070370346522,0.02246354674312967,6.786926413881804e-06
34,-379.9329932351094,715743.0886001351,640934.680288456,120707.97037458912,62632.80248128469,17625.94176034112,29503.561909021435,6293.87852029569,2873.7275271720737,3140.288357813625,253.97748045897524,443.22573369422054,1238.1192814443618,0.03237105833342445,9.149151490026264e-06
35,-464.1068647547937,721028.2473968144,660435.0725069721,119431.45576407402,69117.01028912554,17212.683555711086,28471.550475506283,8558.405491806796,2550.158132800048,2874.168136563025,191.60088804804226,946.7676100477119,1383.396014828343,0.03254849960447127,1.0873561096314045e-05
36,-469.7246753325353,714614.3562649749,663960.9460358509,122706.91936324566,68259.89375932113,17360.615419555423,29739.513932389153,6796.256606513298,2580.4065551742547,2899.191209581862,311.4409920783704,880.5724847881479,1288.557212883795,0.032370429134566205,1.066191773910165e-05
37,-538.4047755223573,707670.9702694503,646645.1966411218,129248.84991703539,93216.86010052435,17337.761078901138,29591.994321807255,97903.03794617423,2296.419791383704,2403.286155114439,529.2582887585506,1910.4873755899025,3173.320554749585,0.04364905866598282,1.4321420048519864e-05
38,-490.1840169263645,701950.61755316,626906.4154645549,121189.42615111067,71003.7743711151,17830.923740879236,29610.07333874595,11471.796782012774,2464.4147645842745,2863.800711678811,195.54599441000536,846.0959353398664,1132.3928079231146,0.03811378528161643,1.1156418674875252e-05
39,-366.3194143243445,734365.732787031,609171.3868931452,119206.69232892,69489.00912614856,16629.819314095665,28420.52147384109,9779.979967235677,2544.4636141952565,3019.006774769744,177.8346312706981,613.5155585855109,1269.2329215122584,0.034563655008023504,8.941059926253985e-06
40,-517.3608983891158,731358.151372385,621659.2526606658,122281.19170733061,72946.47709890359,17488.520613047112,29762.778512052013,12835.975842942678,2402.0502953355135,2871.5069847436157,249.75824739043148,893.6302239674982,1656.0330570237218,0.03275372397902266,1.023662075305828e-05
41,-380.72097829986035,744727.9439431375,683928.6521293821,118933.435703824,65942.68057544001,16775.73181559064,29961.535691856465,9119.427915111972,2609.128039518086,2936.4881427859455,125.11705959560558,618.9576447489743,1232.5738342814902,0.02614653368741614,1.0162194071862568e-05
42,-633.51443757397,704432.4234734431,633318.4059632513,123495.44591729832,77010.21428605041,17741.394443105783,27922.640536190436,11273.899229689285,2495.568464553733,2759.0767814416863,373.9145401084719,1402.7180088577406,2046.1017505763252,0.02874078845338939,1.137153562844775e-05
43,-542.6307088112769,702904.5002591779,688215.948609245,122237.12439815073,75761.16934585029,17593.451999493165,28582.100473637463,1915.1491269189999,2528.37459727057,3006.600199803101,268.3594329196022,1077.7211908381398,1506.0116418011091,0.031300092656931934,9.851684498425174e-06
44,-527.4696157764735,720211.1226646004,632169.3541089495,124969.27743240682,78800.57844142723,17439.88147088421,29714.448782944353,21123.034209200097,2338.0949861465688,2650.190038855077,474.53374310452483,1285.9093022564766,1659.7509191485058,0.03601831813929594,1.2882637772012519e-05
45,-389.340285992221,733851.7108327602,638769.2793074078,120598.83028550257,64764.633390346666,17129.43872423147,29406.077283140374,7175.1198342102425,2682.416077123223,3227.6029091100963,226.99267742648428,567.298533022671,960.1261918477376,0.030511403609097633,7.636944348246558e-06
46,-549.0240032473422,710783.9080293382,681034.5961317144,120213.82932989174,70336.33574734075,17596.002624866534,28624.72977196484,4524.669107685152,2495.172671045537,2978.6319431997986,197.45637211070698,769.1497248528957,1366.232829620677,0.027863807326070557,1.0470691479688417e-05
47,-447.0267977212592,718479.49854616,691337.4425842883,124534.29657306115,70997.13436812292,17218.558540732913,30372.04858301495,2863.6587832497603,2559.417147486471,3035.286989630791,397.86300551772183,903.5698622594444,1444.0671529162119,0.04212208134840081,9.42571863012878e-06
48,-448.3615256988132,729652.9133477393,615796.685285592,119507.75168258486,70413.98667091131,16963.618567258698,29901.22214899889,11534.978335845934,2518.81293284907,2919.526280972937,188.9068358014008,717.9016911847738,1329.9394306351594,0.02886252324694482,1.0196936489183981e-05
49,-542.2504364264092,704495.6707994095,625235.4043581663,128218.32116667225,85287.79569006858,17335.161530404104,28389.401995767777,10309.555647641759,2448.027861912586,2680.149803446067,457.8042367106616,2049.809312117918,2100.3164436451207,0.027714510854695593,1.0970670472569843e-05
50,-435.6301469422066,679050.6938363776,625032.399361336,118682.35114258468,62945.37124380797,17769.694516842697,28119.259631111167,6460.429563834531,2697.9266086931325,2886.8776161127544,136.12202973093065,388.6314365351031,1125.4808186861349,0.04025727318789448,1.033499619050464e-05
51,-440.6293769197484,687663.6439111297,645002.7880872631,118222.01403653971,68918.52126990826,17716.783412938017,29441.593966794782,6576.214298734891,2535.6370206964953,2902.3976110218114,133.29276283087373,868.9875417298977,1492.4150339315722,0.03664767968933848,1.1244654886082427e-05
52,-427.8239615425284,724932.2953620701,616596.9546158591,119881.17051029968,65855.55301677038,17546.53313409758,29225.581958415463,10909.718449040576,2701.3149150078675,2960.8103604154962,190.61610943595926,645.2723576378824,1235.8363100191675,0.029043881638591205,9.638467103304047e-06
53,-498.1217799853608,736703.5869387242,703450.8022972678,120518.05599845319,65994.80234846116,17125.732247363707,29738.033257907573,5761.627414454197,2567.4357523419535,2945.806586455605,175.51495087577155,688.2846064028814,1247.224028874024,0.025796794035580748,1.034469113553019e-05
54,-486.03012588308195,736347.2676163234,701087.6027918954,124127.88862286226,69889.23755181498,16841.460592788346,29550.526283523017,4608.889356303186,2509.9068122407475,3000.110844797114,323.7612039787061,779.7087801020689,1459.8513374035572,0.03997988477467806,1.0134678186667172e-05
55,-524.1955660041872,648375.5112241284,582208.8792892752,120989.6696413833,70361.43266411309,18401.82833045821,27466.7428119812,6214.267280141635,2583.478663181451,2871.7302186255147,271.4150762950628,1153.1285081464168,1657.3861089751792,0.03735007313038438,9.757258698945571e-06
56,-418.02180472616897,713186.1701319444,680715.0481960791,121061.66481288977,66140.63666335118,17504.77133933693,29023.96508324106,4788.403279650708,2546.2629159758853,3024.605383490686,258.90384192816083,671.5129350201752,1225.040503744774,0.026560219230821285,9.931401473800009e-06
57,-482.0576923259314,736136.8154704563,698502.6577078487,120808.60032538301,65602.01661401156,16774.64785138806,30351.22869200249,5091.738148989529,2543.2029638480685,3010.859117689508,254.42237046589028,521.4500169504244,1011.9681388924025,0.033282434959027524,1.0079641201399772e-05
58,-571.7151084523969,718389.4943714846,671485.1755303837,121055.31688809038,68155.46908335798,17335.87123688575,29503.2653543102,6031.930954842238,2497.509474342289,3029.3625032836535,228.64983740920167,770.8787083365448,1289.0142839743737,0.028933017226553757,9.906535419002821e-06
59,-540.4475996562678,724405.9691353866,682838.5486096276,121570.44778769779,63140.599098027706,17537.011875741697,29823.236494990768,3775.0496394381576,2631.737595661792,3212.088487084217,267.5060487228463,429.16838338478163,1112.6514834626353,0.024469950623239357,8.17793842015415e-06
60,-498.7880674564137,693243.9028057994,689617.1823158438,122016.33698379846,66776.64261426147,17419.673957797833,29547.743785634026,445.2696407680215,2490.992119199519,3028.5462027896347,312.71556499962605,558.52232926387,1089.685575314702,0.02126726867348191,9.320861943826012e-06
61,-473.047926054029,684104.6787230317,593398.2933933857,120828.21452630879,69387.93530440106,18178.432659617403,28242.930307899278,9963.089025521807,2479.384393774418,2849.45761559018,205.50609313315604,718.4269181211451,1466.176043139225,0.029606395977309713,1.0818705848888141e-05
62,-481.85518650210736,707758.261694928,649780.0282648023,118850.71959296663,64472.87525283952,17457.49528214231,28793.556167741932,8695.111708762937,2389.485393286388,2915.559724760967,150.20474356296904,583.8460986848326,1116.5235214393356,0.023833675865151616,1.0640865394532284e-05
63,-593.9703531202829,685198.7193847555,675521.4969156587,129161.42478756506,82717.87962951885,17908.26475644881,29127.412562878122,3155.5925414762687,2406.493565695704,2650.8238133424798,570.095280502054,1472.1108069017894,1895.6994189281659,0.027725174356352338,1.1950178051409394e-05
64,-417.4296706100589,714082.1048745327,661744.219359795,121764.67875732438,67870.40290305896,17326.680953037427,29517.066681972152,6803.841025201704,2499.352153106643,2906.5817023733066,264.8361100431178,806.1352001076225,1130.710103708942,0.036853524279607204,1.0818965847776273e-05
65,-540.0522172335518,728753.6383571184,702108.1486108667,122201.57750316558,74190.88347881337,17508.32384651039,28717.142779459726,4489.020791097619,2396.3810009795743,2900.2054156529407,308.3475478583725,1274.956443652371,1729.6846241633077,0.03547650400064299,1.1154326510966127e-05
66,-455.5515574223209,706084.7946332424,622822.2584002669,119563.30912276355,63327.758174372866,17357.423757323417,29062.003574227125,7707.863172196594,2634.2272096869806,2980.7091164994276,213.9587740313215,395.74814001517296,1145.5178111737705,0.03641885575921687,9.535886046159997e-06
67,-614.0888678411006,677725.5890488747,632372.8998578471,118775.10652417578,69098.5368761132,17830.424193166604,28256.524387959846,7563.967581009741,2426.178521688467,2824.8941294130314,144.750049941165,762.4811693387121,1258.3942889763223,0.03562797296623394,1.1567254424564849e-05
68,-405.9928863202758,725287.3016645311,663895.8971661066,121481.15438465556,68056.97712013904,17227.350955965707,29533.998688428732,7319.598211352645,2610.361922916492,3061.404289422213,317.8363893977748,624.1598838730015,1232.988403340407,0.03213705256520573,9.53414786146347e-06
69,-481.11225562400466,671197.9126800802,636309.8566017259,120650.34378260253,70224.88855418663,18106.912370699403,27253.949079104535,2987.7547775653193,2643.3176429234645,3135.810851607106,223.8536872407086,929.4807570831874,1249.2491809820287,0.03269486071924556,8.155594435931379e-06
70,-501.2420849678206,707078.3652855007,623888.8092213089,118693.78714053934,63965.07823582854,17245.89779722821,28295.498615365515,5600.804047051007,2833.164226062159,3230.0883909376303,132.69491803190326,384.19120043496144,894.4163891365903,0.025644562677651323,6.549723546916088e-06
71,-585.1821732168069,705999.5777601535,657927.7206387983,120254.82418521312,66292.65174696836,17282.412884422978,28623.746336437212,5646.185786956797,2538.6582771540916,3030.146207221614,202.8607484564271,630.7957765883181,1048.4563536283197,0.027119903967185662,9.72770347323591e-06
72,-525.1274317590347,707445.6995593787,683738.9558318645,118678.11566008934,69402.42626330035,17699.527000871196,28977.581049041914,3493.135181751343,2676.0433825430086,3016.4818166967107,130.45036785181986,838.9326422925581,1150.1688551356528,0.029246182820374167,1.0215522342094043e-05
73,-539.527395359484,721511.0660207911,665859.5515936395,123034.68690655034,70008.7275369074,17328.481267178053,28792.7187194351,5857.09093319594,2637.5832919875006,3027.6959613104714,285.12630169308505,796.0854511494582,1358.0804124763545,0.03947651152029648,9.511935840007694e-06
74,-513.7773653519778,719687.0163876136,644433.2296165742,120121.31808493786,64883.711241836834,17252.095746855,29724.806916993122,5167.35634670518,2863.0613707055427,3232.1384432680834,188.9863645039423,485.77430218143184,1103.154269731625,0.028633009418708586,7.382501439775226e-06
75,-512.9499123010628,695209.3786131195,619351.8558811534,122715.92918871873,68456.44270667169,17831.404305537806,28388.354120819946,5911.447844386133,2549.9053875242535,3103.383289735504,336.8045711293559,690.0358908498678,1229.3777073612748,0.034623970706069755,7.984397022371076e-06
76,-442.7717938738696,709119.6864380772,539482.6397993335,118679.38263551956,69045.8407159405,17323.51901652973,29400.251170265543,13492.950008459475,2321.0532524096875,2812.81817784746,147.12454302816153,747.7837913495422,1417.3347523419047,0.03554098729158624,9.892855481663434e-06
77,-394.3042596096884,746026.2739292589,705310.7667511716,125813.88698060157,73334.85474997773,16879.883026872463,30100.087390811714,7588.996714127774,2491.1211120291323,2861.1897087315815,415.2659004928894,1119.5557345617678,1879.5151688949986,0.030756015704338578,1.0564442787362917e-05
78,-435.0004262229408,704550.9639039938,654274.9151558598,124164.10315367364,74989.47123038386,17496.522354438646,28136.78189458439,6323.9373618772825,2680.4130169621185,2828.0178010820537,375.11206229284255,1404.9684167749722,1814.2399909895955,0.031956484328692955,9.746011865071757e-06
79,-413.36767043304997,681017.3003004391,637979.3457610685,119898.13069392652,68044.16249393506,18048.4896401268,28813.541334309262,4567.793072939761,2910.8971941934674,2985.454423136827,229.0052973757055,732.3366729986,1274.5487150148083,0.023916898811738748,9.282421137864433e-06
80,-479.84525592995794,726603.9442622205,680655.0441008185,125528.87244133773,75529.00953059788,17058.841947368586,29037.44128508496,9377.993011173805,2330.293103295617,2790.4817341472826,409.1210781449344,1855.7277962694536,1731.2923316366318,0.032267361030845695,1.1117154201151712e-05
81,-550.8103269122113,699262.3033595311,651545.8352674445,117412.90332589005,68823.57506256089,17581.094343099398,28772.072094364972,5762.4027961577285,2632.999903288815,2951.9950555276173,90.66689782793947,963.6322291521117,1617.284139459127,0.0272656137984228,1.0273629282327476e-05
82,-382.4276784297456,729898.3221432988,685042.8858368129,120483.4521718914,73199.95507327771,17265.098746173826,29767.444998207997,6043.108178186441,2464.374887856615,2995.678220802431,205.90166853820142,932.6226090933831,1419.3217526807723,0.028801747164372345,9.840767180839587e-06
83,-384.3389139242997,713081.8258653501,699779.4593283931,130072.84864521338,77737.22773052573,17473.570109770848,29081.861368058042,2627.988641669049,2602.7238997993304,2881.981872703603,547.8903593891928,1242.0196125349064,1918.4108834905064,0.02737866295628798,1.0469216101149749e-05
84,-486.80013175844,726035.9801860948,647669.1766795475,123298.37727342306,67071.95209111444,17405.285746487785,28151.061396686877,8347.659177561,2552.9442804556943,3037.716941246685,360.22105415548333,653.0725653149867,1232.7262734528654,0.01885914539604588,8.83709706840834e-06
85,-512.3279208936849,718753.2588494571,622358.5866387194,118845.24871101246,67778.67696838069,17070.84957763722,29674.925443007876,12076.114461455596,2298.227317360964,2828.8126357835663,128.51198682161112,613.391817111022,1163.666402783465,0.03804996232581595,1.09444677618748e-05
86,-316.4025131860369,690850.3459876517,644122.6398646449,119937.51540575505,67440.15808246443,17748.4013459317,28247.251858726297,4405.915347253539,2647.6235763903383,3006.7606926942103,224.12229444752518,711.6692056043669,1222.4292262479044,0.026741926093538242,9.250734128475554e-06
87,-487.4523243551128,715546.7692308204,639208.7105043968,118893.25758853457,66391.68012033163,17877.281774581665,29376.787700798905,7485.734793083269,2499.2325009995848,3048.6818226819055,149.09654343413163,617.0722977220133,1170.0982178522775,0.026438418880648268,9.204210414816618e-06
88,-512.0610905042372,697013.4215227556,620604.4241379877,121007.74157997893,65862.28947320345,17728.013477222008,29119.018569521937,6097.4246295586945,2622.633254165901,3052.210035912063,278.95896473352525,724.6628154023447,1256.3072223189017,0.030397006741374917,8.523434058630728e-06
89,-521.4837075819505,680485.8703709849,610476.3601563346,122046.12280200719,72756.02484625172,17726.40728716627,28616.502681550865,8513.339275395725,2314.396022953077,2862.6287958557077,310.69491807124086,988.5697492070976,1554.1810410541443,0.029596231885863057,1.0673720439040127e-05
90,-454.0769589326416,692400.4198295717,676284.039884145,122755.58786256611,75650.15927039656,17834.674348061115,28543.744569981543,3661.4956062876054,2560.5516602581306,2843.6174914952358,265.9283859235116,1229.8188543660851,1404.9445765857538,0.03110611309962197,1.1140398949647425e-05
91,-407.33563619973745,702262.5898107546,636403.4216997159,123378.55956667231,76672.48127648406,17595.52910612665,27613.682807204197,10143.52529904763,2568.8647355870476,2759.240644859095,320.9723035123203,1130.1873204158028,1686.135755782092,0.0392207582000931,1.1431847354529064e-05
92,-425.25502473168433,730797.1510231432,654129.5514251181,118902.65565160749,66838.70427385255,17316.848516707963,29932.909176667246,11272.048696284734,2428.361638003659,2906.923077181639,155.05402618740987,610.5398801556205,1111.3924021838436,0.03340179735952097,1.0596794074884723e-05
93,-430.306112475629,708903.3550260585,608867.1868160416,118123.63102026268,66620.89175752294,17638.83532471862,28622.233642157316,11408.24833985352,2582.659418127278,2924.774505916001,101.25005941692365,685.9968702762259,1435.3969450312247,0.03935763201338554,1.043959698077011e-05
94,-615.1985839552121,708006.8742484384,663314.9952444105,124448.67101428875,68978.8230308021,17504.138943202,28725.850355077197,4974.910252365973,2619.1112673918324,3052.150248530504,422.66730634666357,692.7036426930981,1265.107368848343,0.02478260437542062,9.103838880297247e-06
95,-359.2536604453229,707583.5338188281,657625.5516797263,120856.73014515548,69203.78043101548,17109.47866844548,30611.033934191237,5050.639106220562,2729.442966680988,3026.30233498537,225.8232197581608,760.287216942991,1251.848334534084,0.029413479034989264,9.387564438783293e-06
96,-601.9837278030336,715746.0940245173,705253.1679688798,124797.86211692038,69933.54722051168,17446.276341731456,29366.211306874386,1122.1043225095382,2754.51703079926,3066.187023691908,415.5698306811989,909.7848216842426,1476.7043102290254,0.026509644203879284,9.204470753913756e-06
97,-348.7310140339879,705168.6631313843,675189.5750512339,122761.32155008145,72193.08582665386,17130.685947007958,28300.440802406894,5801.259779069875,2292.2131315750134,2852.486305380849,226.3604171453035,883.2232099073218,1407.3575649597724,0.03533317448847268,1.1172368929782097e-05
98,-377.0973614603254,719323.0409235008,626531.9874369819,122765.05766029702,71801.8641826487,17130.90236857614,28413.455990481307,10926.885207134894,2561.1098704301376,2885.1859081925636,270.5833274781265,951.6110849640672,1434.5177796691978,0.029172830519746,1.0775985908668823e-05
99,-450.9145859283157,716594.0426806868,602361.4514523395,119806.28232515632,68805.4225440805,17615.402707130488,29729.517196183264,12070.878629613197,2601.3288810935587,2952.994775718369,159.79214964160457,842.2312556908615,1303.1239035713902,0.035232252138412655,1.0575339499567103e-05
100,-531.1275925296086,736487.1507331948,712734.1523497334,120107.5912940232,63239.33680364024,17239.95179963807,29441.747291002208,3519.3027097394647,2516.1725882055866,3019.553096642158,208.81387035364372,372.82784245343527,1030.159224136963,0.029083616717281102,1.0350047525701134e-05
101,-519.6397230958707,718769.8143344704,594778.898877189,121122.65619593121,69640.38666731968,17532.987565708176,28497.873943900184,11056.660784917203,2578.0618367061184,2920.2083426099834,261.2502300204985,705.1111639021291,1457.7150816632513,0.03133760847971175,9.122918733357956e-06
102,-473.45106190120555,710031.3811521136,680129.2371328111,123942.81265297886,78190.05486157231,17247.842745814156,28023.626294122136,10547.078383617956,2362.2004770506624,2682.2909282507962,323.11640241041994,1204.508803832242,2056.1184235194296,0.026997440978090474,1.2379195317216139e-05
103,-375.7482958223997,727952.8305738369,647429.6896041455,121353.09593579095,68530.80095480692,17229.418918558495,28332.299198455934,15429.875526537897,2433.699837780906,2857.647936333101,259.71931517716376,693.2390526888985,1350.097335131795,0.032375264749570774,1.1028961191975654e-05
104,-291.16887554778214,685523.931916161,658992.3834189365,123286.61340863035,68577.4819299116,17774.800147355574,27287.96760129039,2743.379526521246,2743.891017629388,3036.8600151285295,311.3812551997887,851.9865889385426,1355.0396980096132,0.028930478307919047,8.96752453621599e-06
105,-417.74160087878266,718230.9041675148,698038.5376717824,120910.13467403424,70645.88526696843,17064.08537933487,28770.567662748137,3570.833557839589,2576.0771700026603,2856.270596516726,261.57945479181143,808.0804148100366,1302.730892392822,0.03024684186566497,1.0879789207532127e-05
106,-465.81027908828713,745882.8934068158,687101.5729931011,120709.29615101065,68620.74950785334,16852.352020816874,30182.271669199694,5774.421037766637,2495.520298668731,3082.9858447284223,240.56705132887797,687.4150080138696,1376.567750835014,0.039646803722802965,9.015000463339834e-06
107,-348.5035234965098,716828.6464655309,649212.7978944035,119735.04801422059,68490.76840196871,17373.050427755843,28906.291196450995,8434.098802186247,2618.8322622809465,2938.008186377922,196.72695265988116,597.4667206245732,1321.8969083849056,0.03304712196458414,1.0549978546971052e-05
108,-406.607488330549,702075.5208301765,648679.2846714016,122507.06088690109,65991.5454203251,17534.559027397947,28852.782737623573,5349.197474918728,2731.207659521819,2994.404990780408,307.02709049619443,731.6574523952191,1101.1106146185632,0.033849260823013136,9.755014283653515e-06
109,-530.8394256704452,712670.2655476454,656941.9473235217,130406.02253187347,81698.22365962349,17425.855712329743,28840.585867514765,9851.436839298955,2477.501681027675,2704.73777720843,657.5635236064275,2006.2349283876586,2073.478948877773,0.03733832559950048,1.1445747733244572e-05
110,-493.1286130087068,698731.295633382,615644.1717752062,119222.21132581677,67758.50135869741,17686.386759782672,28593.837342759896,8510.099434103331,2805.18385210476,2969.380182996036,179.91053728300471,732.6505266907892,1471.8299625656364,0.03155560863725133,9.849003526696684e-06
111,-536.4722612439888,728087.1483726237,706480.7280541686,120777.24843989492,70483.50384463684,16890.63398404628,30078.35688837338,3385.5212905167946,2515.7499520168517,2916.494001117918,219.93217678598876,1127.1001580881832,1765.2254391846259,0.044582928968668924,1.0680050487304148e-05
112,-505.19313336095667,716828.1583242409,669985.1655153343,118614.90255557602,65129.99071193684,17634.60329742768,28406.37730823855,5139.157600661161,2725.088110279041,3119.862796883723,147.35758418174163,528.5009745307125,945.6542300949862,0.02937357936020048,8.988941422955323e-06
113,-532.9247730004342,730851.1227344493,697173.3761489922,124127.08738178494,75595.90098969881,17036.143336794616,29594.858954559404,10380.533913036415,2284.5901528848103,2826.608006058269,332.9796949122971,1055.442659388317,1489.6181302480538,0.028959807474079856,1.1409287290511229e-05
114,-512.8209173525997,713952.1830625155,672232.3628342985,120268.71079357922,70030.51748083893,17563.512431250532,29327.598811173288,10859.67411506689,2307.714819819989,2848.3022078043286,222.69671044925636,981.168591651985,1181.4060527066654,0.035693648098224035,1.2071846403469046e-05
115,-459.06192271128776,689830.982878203,676849.3645783701,128648.80268675857,73267.47683949475,18075.530823279947,28749.976949206593,1339.1386260508477,2633.3485865822963,3026.8328862403773,571.831966858351,919.0131595845291,1381.1581233163847,0.018130297512453472,8.959253481340178e-06
116,-566.4074420669167,710870.0955849644,626654.2595736673,117393.7305348769,70651.93137291059,17453.156546916696,30159.092390181817,10833.71569013281,2401.128504442048,2825.777761830968,87.47363148592616,1070.9823870868297,1745.738722324031,0.03780113862913703,1.1664076157035765e-05
117,-436.2510720370387,668325.3304289619,630070.5520113138,117837.60039415435,66116.19772714251,18206.339586600003,28924.52385542383,4462.861114923985,2427.575917230132,3016.667780684975,103.13780817163398,556.3825005308324,1110.6800655944253,0.03660325367087454,1.0620202080655994e-05
118,-397.067285917147,717517.7495137411,642198.6239770245,119753.7919114202,74192.87809407698,17282.201262130293,29499.591198692557,9270.940979324449,2576.484141948203,2819.641703282081,219.71719530714148,1312.202578929163,1854.5974572848027,0.04100772872521422,1.0610034807433045e-05
119,-378.8250468142204,727811.8114700639,685222.4108933014,120131.7645301109,69401.97631540967,17304.41882017938,29134.607688520093,7209.952933171585,2568.6282275243493,2976.1114338300827,211.30103099427,871.959305942175,1344.8839603056365,0.03040464409736941,9.965277905573488e-06
120,-374.1408263284728,746348.4848071289,674565.8037048926,117763.11115402673,67057.69408776717,16809.102596311124,29728.543892207657,8351.290175898019,2620.1997391101163,3010.64345504102,99.85326974105448,717.7262117929681,1243.6748588547168,0.033543136845844895,9.40864761585715e-06
121,-606.4791539265107,676866.5978186186,651663.8915509032,120346.85626852534,67252.54440942961,17881.348524410143,27814.190849810453,2315.173892727269,2721.4300176141664,3071.999756753759,217.31446299358018,595.1050556466896,1087.6384194888408,0.02601954086729125,8.854251679277371e-06
122,-461.60745910170385,705776.8706514692,667187.5350978796,119470.94327807584,67914.82385039674,17732.905047581637,29603.792171594654,9213.535184065875,2496.9949326016504,2884.839187296878,158.93686692948756,738.449003456627,1413.1897782122007,0.03090517669937749,1.1608271533774079e-05
123,-587.7463990911508,733377.8013860383,589804.2013419027,132433.02988798873,89518.17490417363,17518.073764365665,28887.35742382315,30587.227486274307,2337.141657565469,2492.0367576179337,641.9055110268273,1610.1252413388365,2493.2229589018084,0.03167661866489763,1.3295374210483598e-05
124,-645.253966918454,732772.1965032128,558639.5134040568,129317.48584293097,93337.55513404727,17335.993596515713,30306.25786792702,35171.396112454226,2136.211016991343,2300.829072216161,595.724864670423,1858.8431474754834,2964.903682159328,0.02967860343897139,1.4077848018339946e-05
125,-522.6227051652037,711768.2651471857,665455.0269586486,121527.49547391322,67385.52036694948,17450.881789416475,28500.263152950232,7599.062488381572,2570.6715720977595,2891.802574112014,285.99994250938926,732.1886408837785,1146.3487034188686,0.03403923309406725,1.0552884587598724e-05
126,-501.56588246574086,699115.9338699293,622022.5112087171,123579.89579539155,66969.57839017306,17584.367057376705,28883.82071321344,7283.389035831663,2636.837310715274,2992.8800677349536,385.1639039547097,718.201909670247,1506.1580521959859,0.030656046731867264,9.29771106772107e-06
127,-491.0649046767369,704224.0617316939,639647.2241815359,121926.62207839279,67556.757525357,17452.098701843184,29342.906606208006,7739.003987167458,2494.1976869536243,2916.1050675940237,279.2408307445434,558.4647328279567,1167.8753069432653,0.03918710568184056,1.0375832552420339e-05
128,-420.397274013389,729141.3461390919,720846.6804970875,123645.15218037901,69431.4891454655,17036.154063385908,29989.454170384593,966.1266861025052,2886.990397993359,3079.0528792909736,389.9564200722062,777.5166135116551,1292.9135712769016,0.030782787851575656,9.275862257946496e-06
129,-383.34002167110054,722031.4559465661,685895.247404004,129521.94819868516,83408.02161817497,17171.771683133342,28824.401226879163,9282.818300659985,2361.7958757579167,2669.5950949908674,510.2640286783888,1481.8550840305973,2102.2682027078254,0.03868743736158889,1.1544032671083275e-05
130,-677.2670444338695,712437.854464005,695229.1673745442,122316.71931951362,75626.2461818139,17678.101099490774,29214.303655645333,1642.0688907258702,2921.815988738399,3109.3762870901087,300.5939235260408,1008.2502979828523,1679.9381703408221,0.02769097863589507,8.95895067564425e-06
131,-399.1237311247908,706830.2189400966,611958.9652438095,122947.7069706411,82649.92911626778,17380.9382155885,28053.51984357203,25281.94761159186,2155.9393547557615,2495.6119275059496,264.7969389682663,1501.288877597451,2140.1688611403633,0.02493766518463817,1.2389899165209111e-05
132,-444.3202455032042,698364.3667998118,622468.1469278941,118944.04939768116,69723.63619697017,17687.80791799913,27905.77005299365,7735.5226871692885,2648.5894892634205,2976.384315016111,137.76644150033738,981.1043187691196,1403.8455568763386,0.021301494196055582,9.348068318631713e-06
133,-453.3287609880409,728255.2745056812,707674.7246588428,123691.15845826294,81568.22403473995,17115.77088205154,28338.511231102046,3241.54602565815,2662.1316587755005,2913.496635201692,412.15705943206245,1631.5088698258057,1920.5791279093137,0.023576711800653603,9.38295259357461e-06
134,-517.7499181370723,689860.8974263147,676924.8135622477,121467.42309518372,73570.28488198502,17733.589391803453,28010.159069626083,3670.2366646718456,2518.361309133619,2732.659902492536,239.42628668408395,1112.277128251193,1786.188547007181,0.02660610332056505,1.1830618189429804e-05
135,-530.0058781768992,704332.834871822,632161.5854672558,119969.70839102972,71123.95274755181,17642.436315050014,29054.834643504662,7337.320007539167,2564.951003141428,2929.6148339351885,191.38909244233068,939.2301024595604,1248.4107456169404,0.03469589890470921,9.681617245698527e-06
136,-468.9374030944466,706658.2903076353,664264.6127909962,121701.1474975765,72243.05638303139,17443.412597611616,28336.417758918356,5409.7529202967025,2711.618811894307,2935.5801046617144,258.07875904707913,1172.1132795296921,1368.1354904560692,0.036757618424460806,1.0470704388570964e-05
137,-480.8148950778244,714641.7856317679,663603.4752762475,118120.21300328783,69367.89534315893,17205.703264246367,29033.070882339904,7205.051175416202,2493.9755426744946,2928.408853574542,125.52459059797954,823.612986665739,1367.268118568966,0.025723246078544867,1.044935507539489e-05
138,-332.2396885358627,705261.9550163021,648379.9991734234,127057.97490723798,73247.04475342379,17369.42393815369,29120.49729437802,6562.834104197469,2719.2916361567754,2860.1039106631056,564.4371658048574,1278.807425812886,1337.2964376439882,0.031249984170145878,1.0070469090058833e-05
139,-372.772500738486,733171.6587344657,685205.7908619967,119818.96271102414,66136.67624547982,16869.206551553096,29519.824097152337,6970.73532918047,2507.6482255832807,2979.9355958252936,189.04988312786006,576.8463237534684,1264.46542968806,0.02793962766641309,9.956759493588937e-06
140,-578.51744564399,707236.3102418109,659642.2869864607,121621.27157674487,66727.3207790905,17526.238575271436,28525.69919575572,5582.017047121965,2692.066819593858,3032.257884247135,273.2416890789732,537.6984334117882,1326.8184332670862,0.02625365023625922,9.456902942418684e-06
141,-495.69870205284184,691746.0853213676,550774.4591811175,127742.09596969614,89062.47977695178,17693.121400974585,28007.50085755755,24794.268519515328,2128.0785699071967,2340.6705626767657,493.84794833710276,1718.5882288292212,2167.7620574658245,0.03275168928736818,1.4006882769697288e-05
142,-470.71960885518473,659579.3745624808,634509.9515710376,119611.43818331268,70475.45683904224,18212.08899379711,27988.863827648398,2443.076283405332,2787.343056141395,2945.9323002090273,183.74206110843107,1155.3678308228016,1466.4933917595067,0.04009831102042863,1.0211980486497868e-05
143,-562.1905720991559,703151.4641180771,671440.4553510878,122955.51605434545,68562.08787207727,17462.156520540513,28242.81871648504,3938.6491760960166,2628.6103391789047,3020.250157328977,385.8068792969483,788.3073110283098,1319.398510647196,0.02838737364968129,9.845401054872407e-06
144,-497.81674064575634,717515.6872820606,692244.1973780611,119297.97650134368,65541.52076809813,17374.720298341883,28154.836330447502,2582.341500265047,2796.5987522776104,3219.967347137635,211.06542199927227,582.9278413696038,991.0949657717518,0.02715691364383608,8.397331980453593e-06
145,-471.5614212967595,700752.922016356,650516.095937462,119542.59000577587,68034.5500602401,17846.266563599816,28611.21334415948,6948.6547442698375,2653.590789958892,2912.149729967402,162.12244153107474,667.2312184135136,1240.851386509904,0.025806259547464065,1.0230535260423795e-05
146,-483.36055071126725,685385.7424658207,648225.9624975519,120177.41773923564,67521.43503352367,17714.1065406009,29482.21483591494,5435.788297379459,2752.848672690405,2861.950962324543,214.04644848643076,762.1666147009992,1360.9032501432953,0.0312543115119823,1.1536165417242105e-05
147,-587.9166210371666,688733.9684770169,687874.8057110202,122312.69419881077,77676.1313477127,17837.062658613802,27762.997839626103,271.41451425646005,2470.3516857269856,2754.142390587401,298.8312449567806,1633.3081423392318,1715.6169254630222,0.02529711807705966,1.14608030870137e-05
148,-380.8496533802024,744074.8246428642,589291.5542231565,125582.75605623555,81827.93425123944,16578.172582977753,29734.434841814713,14538.99834037854,2349.5186533313995,2686.643365037351,516.6352306874489,1535.7917080155364,2156.2126221344315,0.04262951672923883,1.0806170402218958e-05
149,-499.36751108607575,717923.9018421301,676492.5108476739,118835.3047215671,66808.79280329116,17116.948059833936,30306.36734535596,4739.095894026904,2714.1704215610566,3055.7778757670185,169.22193252604086,537.4114556401241,1197.3975158588105,0.028088965877240572,8.966642693118216e-06
150,-461.08624075259263,706081.6462112007,683828.6844470048,119318.5024315682,64493.441155220215,17560.73895920667,28044.126596123428,2686.0848279526435,2636.6667363514816,3069.276537587062,188.52736673809338,512.8077293149508,993.893744268378,0.024300108020381978,9.437193396198949e-06
151,-580.72347284344,690797.7182115702,603985.0855810952,120191.28604710252,71858.06572614913,17690.75566761379,28021.868106639657,7427.501381404236,2680.5847668291426,3003.530256558414,193.5332487187489,1038.058490389086,1364.6841344099898,0.025838850377822558,8.788770603759636e-06
152,-549.7784997846416,703919.3744872395,628534.7844840665,122729.59992324242,65193.60236761066,17587.946314207187,27997.62750856225,9104.852752427594,2402.6390724893536,2954.3745553269905,294.32878810647475,620.0963979483391,970.5268702596354,0.02676755288643933,1.0283453632192654e-05
153,-513.2905668019207,721922.3132585376,660166.8651249643,120103.72968096547,67892.27116690691,17236.834829788917,28803.833078268464,7204.02401400682,2661.179251892859,2981.199254769868,190.4950154791681,709.2780166657809,1269.3071356140815,0.033763904978897516,9.885731810405824e-06
154,-480.25327760066756,702701.7541814116,679600.131450818,122459.88646500089,66536.35833856925,17849.630965731594,28729.68707680028,2551.68606674419,2789.2618479460134,3041.304797934066,311.84669356724964,642.4731323810844,1468.9991169527852,0.0376187810794124,9.944521003081421e-06
155,-589.3967106246421,681161.6714943438,584321.6372328935,129195.84249659597,92307.93916869587,18002.14564761819,28431.817123110937,16516.113565662097,2312.051675282047,2432.5745366366154,531.6376831952003,2152.1529004395834,2710.3332365421284,0.04313074018789345,1.3530740765216504e-05
156,-450.40022194543354,684430.57250817,603358.81909508,134400.4811282774,92716.86411583929,18090.17367927964,28226.637034985117,17104.34501777986,2303.659049181076,2405.701624071339,692.2775749120811,1840.5227134104773,3174.6435806672225,0.02838710478205915,1.2875397689360458e-05
157,-468.71359816355914,713636.1664371144,667406.4642534584,118620.76594155801,68446.27462251091,17403.930875890335,29836.484933384905,7025.882643961162,2581.506911619067,2939.830323979642,146.10909127566467,797.0175352195979,1361.3424200527554,0.035938432109939814,1.0802456349025266e-05
158,-555.8294124038874,695356.093901257,636260.4161333236,122395.50405243822,73519.00347102908,17610.185005311367,27992.76544658008,7438.000663041107,2570.519785164378,2822.726333771165,255.52025911248396,1181.3889898199718,1515.6389339819775,0.03523589954335204,1.1054024296366483e-05
159,-539.4743283405611,716832.6383899064,692875.3451989561,118705.11177396019,61948.81056889485,17273.949912434422,28836.772967784356,3724.773923910662,2648.4751855570294,3030.420412593427,137.40144688084277,317.48382377761754,876.6309557232435,0.02417562212528779,1.019079680478708e-05
160,-550.3479978018308,693631.0527834974,676291.2993671049,121129.53922082328,71511.18340101714,17813.47423765897,28815.762841804106,3244.2924541226403,2752.661186895702,2796.8169907828983,239.73913151172994,875.4651845643215,1952.4265513190774,0.02855607120844582,1.1730557624133637e-05
161,-497.0912591350322,705384.5743749859,637903.458861102,119872.97211032055,71816.93597245721,17485.855807506843,28613.473017190205,6778.391382800387,2555.6139589432787,3039.7016342132947,176.6632999347774,987.1743569599057,1358.624951348011,0.033164285814044465,9.363301501492646e-06
162,-440.3171338123206,728207.3410008508,703702.868656234,126837.8496761488,71189.06198332565,17412.625389552315,28947.348861127655,3422.5008117776883,2731.0589508128023,2995.476122947618,535.3515933700357,918.578878688634,1337.026287603028,0.023825880527116296,9.735730878474859e-06
163,-373.8597890130959,708845.60066055,651681.0383570531,121918.4293579657,73431.63051876808,17465.369398501454,28303.279795557086,6675.549241882696,2695.2201819434413,3006.644321788676,246.675417702152,1240.619550209781,1598.9261718615712,0.04223410245977693,1.0251758324408448e-05
164,-467.2342620780276,724935.5023199812,620003.359431525,117278.95690919299,61928.60762071763,17442.36725505283,29183.78328536879,8918.384368644003,2696.8180520261617,3100.1342441160946,74.32860088847578,322.82258291860404,1032.3456496832173,0.03579795693997177,9.302512684841953e-06
165,-593.8976797234394,715582.8449129282,673826.935508401,116469.68312644801,66675.6256870527,17136.16327330421,29432.541932775155,8874.945956986185,2345.3241732073016,2898.1148440793277,50.2695804545903,483.1536832873177,973.4730317759464,0.0348925232659802,1.1204774268776885e-05
166,-509.4366012984663,727007.3121520268,661413.6668932898,118631.9084091168,70086.64767206668,16949.14337503518,30131.06910619613,6797.991116492988,2551.5897174938796,2979.279876541406,130.57882009746328,781.2674365083352,1278.3625517374533,0.023580280361855672,9.706426711490739e-06
167,-649.2746455462894,708314.4793996935,694929.3779584517,123576.30889386669,69029.0378085355,17517.873207497403,29534.208696175952,1434.3397659421612,2753.2828238518928,3102.447635593956,433.26470165044265,942.8619420115087,1338.33284242561,0.035412118366454984,9.248840305701824e-06
168,-391.99661058571513,676401.134317817,625696.3431082983,118166.72516818102,66898.47510078724,18071.155581426116,28867.14698600242,5109.439703447228,2625.429872263763,2925.7941394208196,109.38993797288141,610.7267864082556,1266.5700797195352,0.03388885084218937,9.814698293448378e-06
169,-668.1813222445686,727854.2076996379,676660.1034783637,124591.8551528502,74471.56676035738,17339.665717116623,30229.220730525336,5817.922235879181,2642.6170306676972,2967.047281329332,439.6136471500091,1128.8219733773042,1468.4168670434499,0.02983933217770363,9.164962019133472e-06
170,-371.5376250607434,751726.7429959119,629467.4824954899,120289.45685244369,68443.31450095277,16957.43286337976,29964.05321493277,10267.250488470789,2617.3743809152033,3115.200976522069,191.6877167347154,624.6614331710615,1093.932603434263,0.031404857731106926,8.346450522641397e-06
171,-433.0136737015181,696211.4835131989,637352.8628464066,122363.12067703177,62693.12337151539,17804.235919492618,29098.117072712954,4348.643497282885,2784.139709639191,3188.7059801906375,288.2242709862043,420.9058523079439,951.1012164015483,0.04859074078611463,8.569546670485442e-06
172,-477.8378572062704,707597.2920370849,597805.3906253844,128279.46014222772,84522.81571064792,17400.547371347846,30180.986078221784,16437.715430641438,2450.6535071672038,2537.1777841215016,547.3403056814756,2395.424744441254,2072.8316911640254,0.040921471094037876,1.2606312608883164e-05
173,-347.6799069218555,708241.0310648291,655212.2584698736,120787.82943820267,73382.92985869007,17386.89775315243,28711.546808561707,6265.988221359124,2528.013962494738,2972.9043466213147,224.99541938929445,1307.00089922688,1510.9597933365196,0.017734097216681757,9.08411043545014e-06
174,-404.37381973386107,717697.6875657531,685771.1346303704,121884.80391558114,68828.62685251342,17343.830536060384,29016.637966010097,3602.805683284671,2550.5575122943683,2990.335078312343,324.496393547371,692.5144516912233,1324.8186617176066,0.03896533341662247,9.551653373462129e-06
175,-588.9549871756328,701855.7031473194,656845.7900290897,129790.98922214589,91103.566768266,17513.135765260216,29142.20578922384,7503.872457321609,2616.197167087404,2642.4166123466475,646.8080587199316,2026.8697432900958,2337.402745785251,0.037763613946922986,1.1877085843487077e-05
176,-358.40493248650546,716227.0621027442,662166.1847445888,118869.58654453522,67901.4041858412,17152.40834239262,28653.016644347095,6825.419761806139,2735.1504254815286,2977.4359462961934,145.3905662965408,631.1107816533514,1102.6011801561945,0.02560999336437647,9.80695406963883e-06
177,-472.74089744598774,718600.8085869619,667284.1033004659,132847.49476610016,90431.0285793037,17134.447211211005,27902.55781573232,10634.830987450763,2501.6373417646473,2644.1597735853325,614.268942144255,1860.4318302308475,2339.9207153027687,0.02968915593602812,1.1795607222236741e-05
178,-466.11837872742024,714749.549360501,671075.2473650709,120307.60843408393,65096.44002128198,17313.662389905454,29243.195296285394,3526.601712272295,2806.8623625851446,3170.268556783294,225.42201176915916,443.6755816275212,1049.6282368709626,0.03222743643070329,7.883881783737338e-06
179,-484.6892906444572,709858.1347284846,623774.1039302638,121244.56345273291,71633.89235464411,17497.94275690822,27896.350966846097,20987.59054107296,2439.823265530077,2698.6257974919317,219.33738259451596,1062.6672103634676,1422.5160498549117,0.02484089988858147,1.2004532503159046e-05
180,-681.9470946356425,672254.4741524069,626605.874126748,120583.14740953433,70173.7287172445,17845.875776592806,27112.17151180147,5273.869807582951,2484.0462897094444,2950.9532507095923,236.15767827441212,648.106198930346,1156.6744815300792,0.034056300055892365,9.882419987757792e-06
181,-553.3699052673785,696717.7962115448,652866.630018731,119701.34445055178,66593.44525053534,17455.885344477116,29042.618336077783,6107.155338920277,2622.75037163016,2957.1164820613067,251.02932380216632,650.6743320329132,1257.326122314974,0.036068002710353465,1.069787380785748e-05
182,-403.3409830806211,711642.0199016123,690960.3995089702,129420.25153318806,82059.71028664836,17421.01049114104,29422.343570216824,6604.677448787617,2516.7663349251866,2686.630468533594,566.4831523203616,1559.6374710643092,2208.1368223116915,0.036176482125157,1.2110941305302982e-05
183,-421.7882959144591,725887.783209386,620100.1579140831,119715.63522985311,68142.87893056743,17168.225543402223,29024.063112186595,8232.486626663514,2719.597385617091,3079.187801274274,208.5351850583875,709.648198744159,1343.578597500913,0.03456963374673732,8.51424328101939e-06
184,-632.5210681885487,685807.129913185,632111.2698822865,133190.48554384784,94773.9965115318,17836.49407280177,28117.317463495747,11958.670035006524,2272.9074299731246,2449.7124200126514,618.6152414729967,2016.0581867314393,2702.8526623588277,0.043612993487428,1.196218422911041e-05
185,-580.2184187056312,722474.869943003,647765.7414216488,118275.2594882205,64766.98734929195,17434.489136199587,28945.21025179771,7321.352248533838,2560.0976095903766,3083.073830145594,115.89463709374637,496.7841130279832,1172.2561391292388,0.0279370290490133,9.40463388227952e-06
186,-466.1767917341643,694126.3006440717,662343.7095654786,127217.50446748649,81083.674995155,17808.248201452872,28706.352842246306,5893.572372912485,2517.2894891220917,2761.476235095233,449.0141362506297,1435.024723261663,2015.9800584887685,0.03678858745586339,1.1569596639115438e-05
187,-539.052267517065,698974.1114707104,668312.5324905217,127343.94700475798,84613.37331301723,17578.27750380686,28987.85721978462,5849.052755306513,2615.2084947657504,2685.0254980370128,488.7347821021216,1827.9926715462254,2466.4437926060614,0.030518135915674767,1.1810487904695443e-05
188,-411.38997806862767,686700.1155902323,616969.8534635686,117670.07597469124,62163.200840322264,17795.43115386558,27792.37165336462,6917.110229209054,2568.3838096992063,2965.23723693902,123.42582308123058,311.58637660414774,920.425833807074,0.024738143623478957,9.665510652728354e-06
189,-378.6456603190204,699728.0240556663,583363.1109660099,116980.12752173882,62036.23459187544,17627.386886813445,28113.96137194743,8430.329898565504,2805.6598398413303,3137.4468429126064,76.34017173647244,301.2990219905587,1152.450743738473,0.031176395991474516,8.185921586090456e-06
190,-455.9879775907868,728860.3102443771,675630.6344402197,120190.90718425976,65499.90619546367,16803.305183135508,30328.367700244682,9829.33343115684,2545.1227850565365,2926.3903232710795,249.22117624918621,664.9243081502294,1250.1677302814626,0.029209250769919343,1.1014579296579571e-05
191,-464.8234241828639,709896.6345828677,661910.7168577741,118681.9624935035,64939.86494509801,17437.765690193584,28203.016626990957,6376.066503121392,2460.540945398344,2993.206788962902,124.80269726357336,575.9542295711822,1020.7555968394055,0.03477989625800328,1.004340350977449e-05
192,-638.6425500352245,731080.743052355,620145.770367057,127639.47835508168,81914.83263739766,17530.96052488621,29513.74899979923,17314.002796833527,2518.7525042020225,2599.0135574208957,507.259474855445,1692.1451772154685,3220.2592418687946,0.03250621764400947,1.19420559553946e-05
193,-466.31617925741295,721362.8570619387,707752.6115166238,123285.25336963637,70374.41351610857,17509.18407291392,29854.16949302307,2620.9588523156467,2555.2533463413056,2964.2408968012437,359.55995600503735,898.7303835157334,1552.3716063252014,0.026710450547103005,1.083652635267764e-05
194,-491.46975379792025,716373.6297275154,696415.4585007529,121021.09375515534,67005.72366051658,17445.853184854197,29504.914360019313,4481.0394456970425,2698.9244334656755,2913.7954088356755,293.7408023924045,761.5479090197897,1808.0986542683365,0.032154270145856624,1.150441082920081e-05
195,-546.0814729201074,726580.8960100742,689905.5652834359,124066.75185096548,68482.96638110478,17193.479669909564,28307.848076467406,4641.611954600593,2800.8058838198976,3010.6564233866075,447.53200653893344,794.9664505031427,1210.421558477681,0.02033977196103651,9.416630431445159e-06
196,-600.4171423336461,689276.1935203017,634655.3660995819,127717.24181894978,83208.87400308618,17643.95002261963,28370.686176682622,6123.6178064317255,2545.691533499904,2753.7205734334098,437.7315765434951,1433.889507099799,2234.35949824567,0.03327739811985991,9.976983279033483e-06
197,-476.70601091481296,734073.0032730069,687255.4586241473,123739.27846887785,67178.78169218099,16741.350066396393,29006.704299482448,4204.202707235504,2832.1130379984616,3194.909564038613,386.3837410721737,646.9201587991269,1068.2248498529927,0.034630478485471794,8.178458769536344e-06
198,-435.29050758182314,727066.9579456388,575822.9829006487,130484.21081195134,88364.00977834716,16989.085459630358,29198.80093119597,18000.84749238352,2304.729448316792,2460.476431708146,640.6218585897941,1921.1030021606514,2387.3101396744523,0.03853518191759801,1.244392277269436e-05
199,-492.31378853781666,712532.8632673514,703917.1116231836,117242.26663571016,65009.18472323824,17511.3462489478,29375.66307386432,2207.162137629063,2466.7243289368257,2932.0478955038334,77.4842601110706,466.00768237198037,983.8483322192595,0.025757575848267295,1.1476299182640449e-05
200,-458.8912257591834,675037.8796532343,635344.8895223285,118179.03913416254,64816.86361133064,17992.99763962543,28864.198024027526,3316.0040454164964,2661.848241848323,3095.475130638549,110.29907484186937,415.2346505172574,1005.6525525092258,0.028481882938265667,8.456386186446854e-06
201,-440.45425712709704,691020.3674402833,662235.2253721007,121355.74574878902,65267.91530802788,17819.562942899225,29047.8717980762,3388.442818985173,2483.1507927076254,3029.8468607529367,237.20355629196553,491.8280846749785,1054.848552372884,0.03285885761356561,9.881044755643767e-06
202,-659.466176669825,688168.0673857904,667717.2416017485,120524.66141541046,70658.2551376693,17948.98326325153,28095.998115975995,8353.760066274528,2443.3458289029077,2749.455577506384,203.06860220878957,1044.725575079443,1619.6277942635147,0.023705567246525835,1.2179808675000234e-05
203,-555.2752472109174,717055.2845480794,683491.4937808438,127082.05835942249,76756.48814612687,17582.001679562636,30393.40637495945,4361.083179075819,2754.4001675883173,2957.8470707367214,548.474283674023,1144.9906083144385,1675.7601969396658,0.02831981382446226,9.615270951495751e-06
204,-475.8012111945104,719589.3587570841,655198.6677891673,120857.06054086635,64669.02046073846,17639.046453339895,28550.14239343309,9806.056147887148,2461.0495025452615,2962.6540480154626,231.656437822574,517.3038701497178,1019.23026608189,0.027730859672222916,1.0443165899880144e-05
205,-576.6417602094873,714257.2892006518,662345.0309929481,124321.06307428048,70854.34346516684,17476.17775890357,30867.799395226066,6768.811629646679,2495.4857373543164,2901.321722931325,387.45987083301117,812.3747278366168,1573.3033581426803,0.03293176040230984,1.0174191894263513e-05
206,-413.65102460433013,722140.0502141183,649470.0109078257,120202.18826442253,64726.63013725248,17565.466554179657,28120.77932474776,9874.597255288163,2441.619975047539,2907.716603126994,196.44635421470045,464.5325941422952,1169.1841651248242,0.02627860262119648,1.073015645730871e-05
207,-391.1946258734776,702182.1380175937,655299.2827115123,120966.28747106239,66905.4128884358,17638.929930725437,28524.47473216154,8003.226984506509,2432.0439784926184,2925.209384210805,223.24865823785456,688.9172929601497,1377.9845941240067,0.026072704778483682,1.0501685180857396e-05
208,-381.98155142913237,730066.7545768542,678133.6284893899,122765.71370245008,73032.58782370164,16748.5318668976,29450.038785488672,7438.79846722324,2446.122277921712,2942.7266384420573,284.11270914907834,973.6039150448834,1361.6441103787731,0.032431682593437275,1.0135250302138906e-05
209,-328.919365931886,724011.4208531363,696116.6296830568,120920.39605904892,67913.63281477721,17286.138037309574,29791.493529715535,2895.249383565381,2584.5354129844286,3110.717248799182,268.4121835523639,758.2396887697216,1185.564126314675,0.031162762661342873,9.336067658242234e-06
210,-400.28534713815395,712367.8499140699,656257.9978823605,124527.23407342713,73735.26013511863,17118.798928691394,29646.91412812737,8273.684979332877,2499.6256958745967,2771.4969677203944,434.92479840972766,1052.336814781429,1441.3053827858562,0.03331715650718854,1.0882851374127263e-05
211,-573.5816142402134,686250.0689980091,648584.5539961956,120279.96016845459,68811.91966312386,17839.943388098196,28457.14470415385,5617.282875755263,2374.321852008428,2874.5765046004294,186.11319767351821,739.45201697678,1145.5606727898898,0.018721066110160632,1.1177393229361506e-05
212,-521.2244137437068,679887.513788194,636646.3358631188,118185.42761435903,68626.0631798117,18157.915360668463,28525.599470255052,4195.715991561447,2587.171780831974,3064.2707931323225,131.52342585300346,851.1885372081795,1508.7979174627715,0.031747396022040346,9.235384627958832e-06
213,-541.817257040892,703808.3668342627,607897.9475046411,117842.18776496894,66935.32738438771,17409.07807067299,28407.87944595544,9174.649907340023,2511.0331845905057,2959.4647496368416,102.98303445522419,681.4837465916293,1169.9110448576905,0.02922875291760956,9.487641474730958e-06
214,-446.29421370342664,735985.7724859826,595250.6602101047,124956.7303628309,80226.15429153186,17238.31657975898,29692.69095180507,19585.15339471795,2383.1690648056288,2646.376775513133,330.0833725029939,1403.1567621564952,2222.413685546337,0.035497337911953884,1.2345524251288497e-05
215,-382.99467622741076,709073.050165498,673800.251781098,118820.7588986848,64457.22734862176,17544.01156165759,28716.41645560759,4227.064414800906,2659.2172194274117,3085.2293128601423,144.07446833134333,537.2427415019984,1056.9358153330982,0.023959367304417313,9.263487053649642e-06
216,-499.4254909605902,706048.3347120765,639845.6311231122,122739.20962726296,80378.3913191685,17560.355984716396,29213.914004675986,14456.177111338124,2302.272620197313,2573.7003083144173,332.08437900079923,1584.4553886764124,1593.475949939085,0.0311800444689042,1.2520867369330159e-05
217,-399.03197362496843,695281.8331764182,675387.4030480661,122090.55315100349,67748.53629777166,17366.75266328886,28871.754943886186,2032.6497674658356,2953.9730191767353,3023.469664363509,381.22161710976854,865.5534544425702,1209.328758885883,0.0370398520522806,8.996059569461695e-06
218,-451.49940426871643,678825.5256249676,638485.9538120284,119951.94151675868,72907.78578529641,17759.940356180086,28538.214004552672,7893.176454185826,2394.2251100018043,2827.2439660410237,160.8067194204023,892.834845166056,1581.5678992197,0.03210988741389792,1.1911496734903395e-05
219,-438.8635193319881,723696.3691428484,692248.5377614246,122613.40127385645,71976.25277954024,17319.779869333663,28654.963903720058,6256.715031458661,2547.660651054934,2832.7053798793536,280.74196065207616,908.7635029272681,1640.0048431908328,0.03763125039388009,1.1311620124249047e-05
220,-580.2615576412378,704719.663653454,658399.0115138399,117314.92086776465,66157.9080367213,17940.426967030977,28367.81741792669,5190.733164004128,2683.2101531897747,3086.2877976581585,81.98642998969477,587.9150639877763,1544.3890326763237,0.03221743624344818,1.017571058058808e-05
221,-533.582309945277,692001.2284481631,672212.8702092549,134615.49658448857,86628.62251714739,17994.36652813502,28045.47066785591,4023.8876274173454,2459.093745614639,2687.481024705059,625.1853772728194,1941.9241307123093,2591.583395290749,0.027205019122372127,1.113042450544917e-05
222,-485.7867507116342,705441.1347701185,624478.0598575334,119625.24025729642,69503.38886484817,17689.66369198599,28056.305126066614,8593.122881567586,2445.1824881354987,2896.201696300033,180.66933840587168,951.8936211118779,1367.4159812529906,0.022352726424988385,9.947176660983517e-06
223,-588.1845520620484,682335.3617200824,619308.03332976,129964.48800058078,89616.41468753862,17946.180108700577,28925.065355326285,14379.854368230974,2361.0431355510327,2510.9590885283146,566.2335703448916,1923.403007392654,2656.0307829221147,0.03614883364380752,1.3708719140651366e-05
224,-664.6523660963398,650761.5284218867,610376.4966388666,122579.07627556159,77511.9400010149,18251.199581980956,28145.179154813177,4120.657990923943,2604.2568738322525,2822.9530670367353,261.6620574675951,1566.2180281161845,1524.940680604266,0.03203552879184007,1.0969434539941337e-05
225,-542.7690770971204,734865.6624423453,686739.4834311543,119318.33773110411,66513.06226918598,17185.90313018398,29560.99296222464,6707.400321132239,2504.1713888375525,3000.8940201773908,199.82067025205214,816.4194256371823,1276.4526297151594,0.031036876489472072,1.0477436984130204e-05
226,-478.3143048802581,737421.9639569948,731860.4200639747,128086.95507252435,85235.48130057756,16875.18741576829,29429.799799670516,2127.9268062275905,2545.5654253716907,2705.7914207137164,444.4073947231338,1718.4154938465429,2126.5472221943432,0.037151519991860914,1.1713181648666455e-05
227,-487.25639855250427,727889.4873285787,697293.5595627244,128158.22185552801,77266.23059937771,17331.35574700582,29579.792696155324,4211.877035665292,2458.850012014349,2923.637711410437,538.103061370056,1249.046592120436,1772.7536242730434,0.02752515658706854,9.768671797437504e-06
228,-358.5070761614161,718217.2623102829,698686.8918415771,124062.56801299249,76818.44119769921,17332.237058951523,30043.310446432402,4239.321597176998,2590.8965051467235,2834.9280136024317,414.6799688901537,1316.3012236914183,1546.076245132391,0.025175899388526966,1.08516770505852e-05
229,-550.1571914724701,715935.9832566404,660115.6239815516,120154.09203633666,72521.91669755569,17509.477428537615,29256.532029018217,9743.044519918514,2625.9928688356254,2890.227311514655,235.83533292055185,1100.6403192259152,1716.8005144537929,0.026087563009850653,1.1053214438653767e-05
230,-584.2851917946368,712912.7078898317,672652.2117262282,120689.74097915473,73951.85918197979,17386.382860669,28629.272759743457,4449.445909409785,2693.032111030952,2954.7338274657486,195.81043268735135,1044.3728928446267,1543.1538130293063,0.030495915445344614,9.60308634388321e-06
231,-618.7889656756761,726086.9550289533,662332.5422898207,119452.17501455553,65889.86708661867,17145.30812792164,28962.656917351793,7488.278378199494,2545.8697292618167,2977.27196533484,181.13938542493761,678.9783884296814,1261.3466703562144,0.032501497983877574,9.978218007674059e-06
232,-445.2855914723315,720400.7576231258,642762.4452473709,122068.14943340959,61896.594762015724,17601.79642241057,29979.41204908524,6211.125135468041,2814.050352711427,3147.0889280879524,346.5353639382554,323.38114672373706,929.6811233132174,0.03708037351420202,8.987183421052068e-06
233,-544.9926958580415,676580.8146304906,631870.2527051728,121270.84924872647,72527.9316891977,17856.317799295124,27835.186179739794,5143.028967224047,2656.7815608182277,2909.287924660051,259.7652416955919,1023.7908556054211,1288.4634760324975,0.031378936777363683,9.748596679411742e-06
234,-482.53522493170385,702176.766136148,585840.7196066797,117949.97813509575,69005.24291622125,17641.878116329088,29326.72609649563,9892.369082716887,2611.0919324950796,2888.3794131399422,116.25079530032619,714.3033420251207,1354.2659995794222,0.023147949284173252,9.508028784523548e-06
235,-311.10900717212826,714613.9923532639,672479.6999613902,118160.15000836641,67710.52821676742,17341.75820486377,29221.779558757415,4113.794232019592,2944.606377519915,3101.0930421842304,135.20550851230598,761.0108566182048,1360.692806892503,0.02833205022880037,9.434791907191953e-06
236,-435.4066666041754,680762.0740186053,621924.4962048394,116833.21348380571,68970.04610346876,18085.087379636927,28294.571685171264,7049.584043869786,2431.9170085972733,2857.646851845368,52.018580697692094,779.1032128082381,1394.831236729706,0.02856037021353475,1.0501839505294615e-05
237,-496.0577825582217,702235.361640374,587026.172784156,118562.18587480673,64851.901882365164,17944.5305594301,28786.890057127795,8286.03473889294,2694.924823304265,3139.6642120732527,134.47801555958847,583.6477267500137,1220.6823887041016,0.029630091232755205,7.947209870127692e-06
238,-370.2187108453083,741260.9876059999,722871.6137507405,120933.38400816407,66325.63761742541,16812.27919742574,29025.9869023973,2646.531212317017,2667.3306182878473,3035.2620061765892,250.85046482600006,678.693123073759,1124.520534444994,0.030703188346880402,1.0164593734701993e-05
239,-369.93878711568084,670486.5077121023,622302.6327846918,117590.51344237236,65976.3461360312,17987.72560262175,27909.442961296558,6210.7706633202115,2452.819956004386,2884.9436004550125,101.78910154489753,557.2719954881126,1027.473106034758,0.028352497044791133,1.069740815992521e-05
240,-494.59191918964655,721580.5961987004,684338.8150681881,121856.33385129813,69551.42128014303,17510.77862576888,29336.12041474848,4006.039739328578,2746.454086278331,3083.391977154644,283.9179192081123,815.0629467452355,1362.7041815017992,0.03203779647209902,9.797227009691179e-06
241,-536.3232715455624,695004.8212265179,672288.8180106728,120826.52093923907,66698.46478854469,17832.61040911471,28372.40695667037,2477.2139193487646,2823.1763015585902,3074.543480482552,279.6079894751389,649.4680357195933,1116.8698836882725,0.029260364610956824,9.353158926216107e-06
242,-452.73206464055204,694666.0255520768,636299.1714042353,122427.59200590733,66207.79501119557,17744.937880531405,29738.627093187923,7589.895217598931,2399.4202955278774,2930.5457309728326,281.4247438632105,662.6620825576258,1026.817284545387,0.03502164446422833,1.042649656386783e-05
243,-368.93365981938166,736386.6874203036,628699.3447208,119309.87900061197,63804.48462478338,17292.21001243113,29976.657450688337,11720.427047565903,2672.665188866835,2932.0102577514836,153.4736143929102,548.4807814916903,1258.77006351468,0.021549229818375048,1.0108945755968635e-05
244,-500.53585701233965,726919.2991333395,633987.7098879822,139479.3688476005,100090.29933506256,17586.90837097745,28764.134936887553,13831.192323576815,2503.601949583739,2497.230264890542,947.1189824000451,2662.4931336495224,3164.814830677937,0.0346985438126033,1.2147031602093788e-05
245,-448.1154241865181,698738.0190864764,666368.5264104707,121020.62381128443,67736.39873920838,17608.691038855,28827.873831412926,8675.241225018768,2478.1625253138195,2815.2146205819404,261.21630778046676,689.6180136890955,1178.5716712211092,0.02927671135809801,1.1388870082401081e-05
246,-517.4711151097522,689397.410092123,678788.5912485531,119699.25614889599,66317.32039859687,17726.390226699183,28865.815388035167,1958.5900751006895,2599.4920074007873,2948.460410938058,179.20371218948702,773.407740829182,1189.16040645869,0.025227540366943788,1.0985932597711476e-05
247,-441.6876368927299,698684.1494479914,604653.3316090764,127050.1682186569,73172.29934510813,17594.791700377606,27910.249611109037,8475.550332227755,2477.354647236696,2905.1553911720644,498.23187877064765,1017.2989092174943,1658.453076166087,0.021808902378365715,8.63465022838345e-06
248,-568.2507091197219,687576.0461324829,634471.4138147049,119694.33268211388,65696.36191537327,17502.003829776386,27774.451293877883,5584.767791682501,2435.5738478016997,2946.539571108351,196.5900238069791,613.7870658087934,885.526910516269,0.025780339805144752,9.173339115333886e-06
249,-416.67985157789667,746749.85023147,722732.5081295775,118440.87405325338,65514.85068946646,16968.624346452565,28879.11542940775,3686.756881310175,2766.1888280111707,3041.1583662311527,143.12266560034092,627.1641861645699,1178.6899089726862,0.02379957475355019,9.687883765915186e-06
250,-467.383289751478,733427.633153869,684258.53536962,121769.41868626307,69884.49750777724,16952.58523904255,29188.234686945034,6692.652875447321,2638.214300534933,2918.8802879369064,253.5456915676923,757.203275230642,1219.3038637666032,0.026945254887827005,1.0146774263602508e-05
251,-412.1108753334897,714278.0208850462,678021.950541928,121825.0905711401,66891.76051902128,17468.324747039853,28558.43836756407,3936.8415866772298,2796.666968269377,3095.6829060268924,313.1514115361609,699.0201518815678,1176.80115287949,0.029170294362527896,8.667021749093685e-06
252,-490.52005550154365,732380.5910936623,683139.6927420121,120682.2127727885,64150.933428342745,16901.486599410844,29483.618211346333,6434.748181605609,2564.990658595074,2986.6666549604465,225.42295675710045,492.1183647460035,1212.4887584115525,0.030364449088346287,9.98704548925255e-06
253,-523.489973569041,690526.6224934724,633367.6606128576,119452.50223265802,66005.74092064025,17851.831927587333,28729.96212964894,5056.705554996796,2802.51176382451,3002.262429483162,140.08834522273867,580.2782130562582,1176.1157461562268,0.026485956105480924,8.75394274658027e-06
254,-593.3243001501735,706965.4827859348,647652.3813323939,120843.41622499606,68717.31494445774,17346.76926545406,29261.95126342865,5589.531020419353,2689.012950582259,2983.267332422475,234.91801169372098,912.7245741500418,1545.8447426912667,0.036671643033796726,1.0326111361779736e-05
255,-479.3082057918826,717653.2082912017,596454.7353950484,132334.21259992497,92523.89912266503,17424.21701561017,28644.5782923957,24311.491690755265,2231.7825990369756,2414.9281260172215,586.6433415773319,1985.3737986682406,2591.136635324441,0.029215580525574006,1.3378389290460981e-05
256,-440.1279035474365,710468.3170690223,670902.9686328392,121990.36597872783,68998.06932976955,17196.515181230803,28590.895905162135,4775.332807402513,2537.073591843119,2972.5428483569813,316.01056134997344,771.0120765501993,1205.787881426136,0.02841922238734111,9.630716087284786e-06
257,-364.3672382556693,713873.9320561176,691360.656434999,120988.05327842121,71125.84926051775,17714.048772163253,28948.993179383688,5060.614122170935,2506.2525096331015,2833.326070294417,213.93065563653548,895.2498250067002,1472.2097257249775,0.028084391048208607,1.097495539509876e-05
258,-478.44428890748355,703050.6964307968,651640.7016602955,121604.52827215164,66164.70085560516,17720.69484096258,28910.872087672782,5078.458996236031,2700.9037914658743,3024.6872642386193,278.9620191189755,573.7261583740573,1031.3144858698506,0.038093676603376786,9.545962009053463e-06
259,-459.4618854686615,730530.6846643947,724550.7918438691,120202.63927224069,64363.05761787692,17132.066032771258,29489.33562321721,652.4709338354468,2867.501105737857,3074.9167468505652,186.24897396529386,574.8977004298748,1011.0933035375411,0.0308808793795114,9.454396846652009e-06
260,-412.41366532998677,722349.986333058,688189.7516735485,125481.00094217854,78621.3555690207,17269.664226549703,29995.94683884192,6901.02674053857,2510.031508522197,2791.6027940665313,491.09100661181157,1405.797673167465,1923.1174140125752,0.029264263389458128,1.1179346514914684e-05
261,-424.3994206687078,711956.8825335755,638021.5515064403,118981.07189646817,66004.43776159971,17592.648978143057,28257.35606006551,5834.297370211112,2768.9317582601866,3129.576886423134,159.15829093048245,643.8398074568572,970.8827600679181,0.02306055034327079,8.719818855803504e-06
262,-447.9783465418565,740588.7122986282,623290.8193445284,129208.51743358157,82057.06003905872,16864.394400132343,29391.587179316924,25261.187991888895,2254.3359848440127,2622.851709583559,579.2419541742547,1444.6423935201158,2074.998644588548,0.0329852824946464,1.1849867809155107e-05
263,-487.6143256331803,731025.5054084541,621422.287358852,119141.67266277938,67576.20116123275,16982.18906928784,29189.03802676532,14369.750048411099,2579.8591220926314,2871.064326816292,185.4862072843688,796.6141996019894,1221.094355228336,0.029321702544217686,1.0522211051829888e-05
264,-498.5110973401031,685744.6441700944,593300.7694167935,120567.05783432232,74761.50854306403,17692.220093321273,27340.106498613077,11435.220004670637,2332.079098778508,2753.916052753564,201.2487890115648,1117.11801247591,1454.559749474749,0.03629124900485546,1.0808430582908339e-05
265,-555.503179406657,687705.4601465723,653355.6245691018,121273.63270837351,74468.30938914052,18024.807801578067,26973.344204075616,4557.834920464895,2533.903845829717,2872.4049984106346,279.93712147249744,1175.2691371416158,1934.3185888043722,0.028203264158760444,1.0727542045223707e-05
266,-401.13913063235225,687302.633278556,654445.7552012696,120276.5417599554,68304.72144113747,17642.46872151443,28428.15889369054,5445.635320159981,2618.95145500082,2860.0465144176196,196.06524738332345,756.7455359640892,1309.4353156035593,0.023011269206340924,1.0763775041655105e-05
267,-569.139362611826,689211.1479751272,662250.648712303,125687.15938312664,77925.06718496686,17894.63080982112,27672.765100548822,4314.608723798637,2667.2603192816523,2907.3432787183488,455.57099468083646,1663.9609690186153,1691.2774664395954,0.02601866956193339,1.0677050269932429e-05
268,-523.9489419299446,696825.8494761572,578858.3584394357,120383.77215523635,72908.9797375604,17747.313602988004,29719.357603696884,8068.962509088729,2589.8704087908477,2973.1857425850662,245.99260784692387,1092.42720971697,1510.2655073203532,0.03294972805455235,7.750503542047775e-06
269,-460.19045966427285,676452.99520588,637173.2445496919,118963.34500694292,65020.00349735499,17464.805971850183,28453.387599217644,3482.2127783998812,2713.312542005452,2979.423732685989,189.45308305574562,571.5171380026753,1009.4167980007851,0.03349189741961991,9.326694697376315e-06
270,-597.6487288672149,709570.0147283919,639277.0046054093,118099.22381564198,71181.02938943032,17476.17136187875,29218.91913860721,11515.826013954962,2454.8015817123387,2793.843260207986,93.77782692711075,970.2194940822534,1349.8367403274387,0.04346595339121312,1.2063352402774404e-05
271,-598.7416702913711,725754.8798889538,583702.4120485706,128734.62208627825,88935.4891309739,16966.672506473886,28893.120881845683,16754.636096286635,2335.3525062400413,2562.571819513393,563.688914172018,1971.4113814834564,2356.3607012265575,0.03831423188846308,1.1197644744912613e-05
272,-623.3978326780423,714935.0929381266,679426.8112788125,124278.38392853593,76301.43168048483,17592.686139674268,29210.49398346612,5684.505989154607,2641.127148002315,2842.3977933400074,365.8590363222252,1330.0298641726736,1795.7956853575533,0.028379567661053526,1.1153620140722768e-05
273,-468.54230425452255,667060.4650625461,573173.2760413538,126114.01144075645,78469.22109888897,17986.684784877132,28555.068987431496,9709.250042168811,2438.835346056436,2646.966250743812,419.1823211655875,1304.807446996731,1442.9087408936737,0.03026194550010193,1.0530365633457167e-05
274,-316.12464303411946,737266.1309546407,622674.3460412899,124822.06956578905,80654.06797011131,17000.104711862237,29811.732243067618,16445.832079400618,2443.8047900568126,2655.3224572086533,329.47817923885975,1172.0119295404022,2009.800736861729,0.04336151945084696,1.1774013273001689e-05
275,-388.8027118229203,699893.2663992245,627011.1138772448,129198.43360920074,78622.06539486673,17877.322681000693,28508.13558375256,9208.630159415521,2457.858727450101,2704.9782272305524,678.4848716634122,1410.8286404117855,2604.6053886473696,0.03161390650697093,1.1227892318986785e-05
276,-368.37954974162665,702929.9932875567,613371.6687470945,131653.82307146685,88490.64294879655,17576.799135913352,28365.174586679823,8869.149398429152,2627.7332343769745,2722.81381543677,694.1680394707796,1814.3745074159106,2081.5698788870277,0.03146120061460747,1.0382738399634194e-05
277,-532.1624095265195,730992.1211462051,671867.0849581554,121633.32115603084,67251.89658085584,16970.907259199066,29316.298113258486,6702.021109670389,2599.168706549169,3013.0085072202683,304.75958156570937,756.496264123207,1275.8146581865105,0.03675278495677141,9.746669840867431e-06
278,-445.56339908098767,693107.6585386192,664458.2983448688,120234.08415204308,73818.15218124133,17715.97134474235,28721.06978466023,3189.071473116537,2632.9747512121007,2985.5672998851387,253.935125629625,964.9172331548202,1442.7451010243137,0.0337458096921161,9.859295065169404e-06
279,-488.73143247388543,720276.7022457934,700090.4287427189,118575.54723646188,61176.60820851014,17731.492365926468,28625.49733741263,2171.523658168177,2745.5878561822965,3157.334217712358,131.80981916595326,339.4130117723378,894.8718719624667,0.027124597261870234,9.176843246968068e-06
280,-491.5979854192806,683549.5114019846,616822.0998249521,124685.10906509483,77003.63834106873,17797.47134737674,27970.652752682465,8994.842324859941,2541.8434521907852,2688.0010753650226,381.21356746425687,1477.8190236989662,1835.9132763082202,0.0341325297377233,1.1885378089971458e-05
281,-498.82303257659083,707818.1278714688,645333.2915216378,118669.30972959082,68241.56623211186,17746.35891363444,29409.890003883018,6252.769415190028,2701.049604611611,3175.591754217398,142.17385680938972,630.6194230759484,1268.0286031798853,0.033209640572312314,9.045782607707467e-06
282,-444.59512973606394,709776.5826078503,676817.4495601205,132710.06094408408,89840.5731248789,17333.76427336859,28873.958606125576,6976.819440817139,2377.2591799692486,2624.619957190875,539.4885566000701,1730.1050331148358,2751.4142779411945,0.034554019840038745,1.1934138091267985e-05
283,-359.3801187201803,716326.0222677529,656887.1920263086,118060.87162000331,72050.98819840969,17291.291163891936,30108.693916437274,6510.970222428842,2618.7265658230317,2903.470137875397,120.94583840603204,894.1796237528971,1379.5818375710762,0.0358388949032313,9.625129312250236e-06
284,-458.9926719413065,711956.5547359991,678922.4528553011,119113.01768512464,67038.42416090473,17232.08593184759,28222.93035339332,5816.513682479419,2458.4800467052273,2867.1644507332535,181.73869151816425,759.7789598172556,1334.7737656307322,0.031111421699619727,1.112593799943468e-05
285,-438.5198254691574,701719.8080315202,630424.5530801435,117204.24858487847,62993.77356760027,17228.457698245915,29118.057361676867,7039.319153829452,2543.6223656386724,2998.5939804623877,78.128091529983,426.2817756982091,970.8188100642024,0.0383012416773503,1.037640799444304e-05
286,-437.2593501789363,721447.84881298,690497.9257824756,119651.36545634626,73345.88787555427,17806.68362231554,29797.49427804811,7178.483800995154,2576.2379369864116,2824.6296997695817,179.91699485888623,976.4958161799258,1747.2020965749268,0.025707061779711368,1.175557044914164e-05
287,-464.4708068845591,730636.1530131077,611703.7098550581,120975.69344777665,80633.12233278155,17044.55403556796,30105.967607315382,20765.266042077405,2339.6300240803644,2641.2249544619117,239.57183334718047,1398.273069570929,1691.9549023480354,0.03570011324432047,1.2537329417736545e-05
288,-526.3442059424075,707319.198340426,663545.7127446319,124051.14189942727,78692.05139475579,17547.36277050928,28887.503037935796,5071.278845865398,2419.0693860597376,2840.383408458158,362.3450856105969,1534.6201198727044,1960.4187211881047,0.03270303797133241,1.008402168398266e-05
289,-568.6462248400287,712628.9552619354,674183.0102536167,127743.43253152173,76379.87997512918,17342.425682238605,28977.524544201722,4288.538547201992,2615.224221558511,2914.587870778092,661.8754286062742,1264.102848366326,1836.161195721424,0.029805224066738682,9.696776132961717e-06
290,-511.5904642271666,708259.6473615144,625394.370155662,120180.26088737193,62441.59311713659,17418.583325494645,29325.571416622515,6913.154452024945,2560.5501394353246,3088.4596295041288,210.42862606610012,387.1503579242888,980.9586800142995,0.03483250841675284,8.84284754149665e-06
291,-632.1249579967498,716465.0324855772,641853.0142383131,124102.84938165642,74897.9651684908,17347.183493396824,28820.14619012353,11445.782675943068,2552.420067923602,2745.4113757243676,323.71902117675796,1227.4813430445192,1667.3226926217362,0.03763177837846631,1.140114609396698e-05
292,-346.8995732000892,682636.2930484827,652302.3159050525,121335.12378102861,65439.10117527865,17922.406310148424,28770.99528829221,4670.247335370891,2464.0245875392397,2870.212566866653,273.587677084048,522.1765055919698,1285.685269462277,0.032472237979809,1.0753489241961214e-05
293,-521.7561658108958,717841.9086104293,696241.9279987433,122663.93741243829,72312.86178965181,17392.47277172286,28762.412840510144,6096.467859824168,2530.1524684577266,2848.435946977543,308.2530691299974,852.7645166159623,1929.41007054921,0.02564532893886339,1.1027401097783348e-05
294,-551.4446280862139,677983.2341037391,625469.560812026,120659.13055476481,70440.88035308066,17874.088942396946,27970.49451413858,5124.251278592338,2621.500161777244,2938.1062401499453,209.27457431846872,898.2628585570034,1508.3870256436269,0.030501827851764925,1.0401144108196141e-05
295,-457.61277569409833,737099.7956190339,705649.7295326942,119771.41767040383,66489.98921870785,17064.988385562632,29452.008362292032,5254.978572643193,2673.247539857165,3036.595769235564,189.99333661843298,642.9336755258541,1156.475140869597,0.03582664050630395,1.0184507786338864e-05
296,-491.8838932564636,696270.4172770141,588877.6133643955,131436.28866299224,91766.61226328152,17734.414410156463,29916.44284882413,16479.5843377866,2306.724735364025,2435.6588164614013,639.2991276695923,2123.021147435102,2605.106604413233,0.037878910552081486,1.2483362263642384e-05
297,-560.4960503856785,710576.931017767,675253.7857074648,117433.4375031703,64972.76188264591,17508.53303644295,28242.814057379088,5813.997329554302,2586.679641521814,2987.680055550267,93.19633949022837,564.7118055227135,1317.3720409529583,0.022158608592567866,1.0439914159377036e-05
298,-537.804152793235,729566.506694086,631637.3651665597,125110.1892186829,75322.99017060375,17082.774754291146,28906.564871988336,15311.485776243044,2482.2491563740714,2794.639335596793,383.95241495882647,1281.7302918459225,2032.2321088639374,0.03196480847589347,1.1282849962034762e-05
299,-493.2858729597657,703527.8074637719,620383.7534909287,117700.83394285815,66529.06263234111,17372.11212108756,29239.302191498056,10833.079395989074,2324.645969412128,2873.323466631027,79.80673822885713,542.5585306451568,983.3405847009576,0.03036435896965015,1.0641468618441588e-05
300,-379.73658337863657,709461.4677056031,662674.6563389971,121303.7421094525,72768.21460536419,17589.4286281698,29082.74786447185,4923.158162749421,2665.6973281029514,2991.0502793448222,269.0034172207356,1088.5211941393436,1262.390839709677,0.03536909126141053,9.78080729882161e-06
301,-520.6015161548509,697311.4332549478,617816.2475690074,119945.59707962479,68061.72406815847,17580.560603697864,27420.77572982515,6854.470133284732,2637.585106490923,3052.7214335093463,205.71814951149827,616.4561332673104,1240.0137077413212,0.02920260241730709,8.794019599609276e-06
302,-560.0793585490519,706421.4412938558,696375.8436664077,121486.39781581634,68664.43727244722,17701.038920572282,28587.82898646364,1324.3959234964934,2504.5644189310933,2991.499627051845,235.3178298345743,915.1056484406602,1529.010981227995,0.02972928518143974,1.010072542965502e-05
303,-440.5912681815772,715538.547170051,614575.7471516142,119634.1863861857,62772.63054234776,17318.809157146854,29472.30939310606,8125.332474715298,2684.149207740485,3039.76490337386,157.60184812578086,435.3211183211723,1041.5665451071231,0.025726045424388878,8.981008434265045e-06
304,-361.47497240765995,719539.3911092884,712241.6022884168,121133.36747435151,71741.80850042772,17134.889715742596,28119.72126619192,5687.622200116331,2423.0678703876747,2806.7730094222966,252.1013581541981,897.9584323394056,1506.5917464321667,0.03074279020174872,1.2032507895228051e-05
305,-469.49068870294485,727768.4529143474,669389.1276719306,122103.51866985564,71893.59716409055,17121.1525038752,28621.79341520016,6989.394211703232,2742.4711118579276,2893.9761965441394,292.6594533735831,1150.602306207585,1301.780900151884,0.046736762176187545,1.0741592365264156e-05
306,-392.00066321662905,716002.7938154939,691778.864480823,119306.55603312168,67332.34333263505,17251.58860465236,28734.745927832566,3049.312141370196,2663.84010310866,2985.8124899264276,172.82495242751952,725.6657737246749,1161.8154893932026,0.031496886156288276,1.0278445046093576e-05
307,-488.89212793569055,717931.5788350758,695847.2760788361,120632.95981961345,70318.3951778394,17445.45469534139,29339.80144881314,3966.7426309802036,2579.5275851182078,2915.63485463445,232.593752193715,1055.494990655687,1224.6218398543317,0.03512925013437771,1.0619445214849467e-05
308,-462.9325322585855,730354.4212484704,590673.2772457048,120187.66140934832,67904.82113165197,17123.59940828411,28828.358747205362,20902.057430133977,2239.646965503018,2701.9762956724367,190.94003751485096,899.3665439762067,1428.071258054095,0.02936039936009279,1.1685197355569654e-05
309,-531.1923462678052,676816.8622853688,557744.0840005636,118181.29172287686,73788.59252723677,17857.57553046215,28037.91176373051,11119.8911905397,2352.681802979336,2754.941151818656,127.80209873662392,961.768727449117,1458.1493050067563,0.03346504903932805,1.0091580017921596e-05
310,-452.2467080447719,718443.5121496249,684867.8876837924,122147.13006335574,65624.65494397703,17153.241294526535,28524.82974662083,4343.029993404724,2713.720259042001,3052.775818245961,283.15577427970277,532.0003825091426,1161.7657834974768,0.03095270525687268,9.665403732048425e-06
311,-403.04329620033917,702118.4911760339,669851.4376034976,125299.4376930572,67501.77011478647,17660.800692773842,29695.81023924287,2854.043966891174,2814.5904590665677,3124.147067758925,443.51963405332043,620.714603838201,1260.667166872545,0.038803799072211306,9.062326424457967e-06
312,-374.25399329806476,711438.9317090109,606304.8766543609,117302.46566712628,69933.14411945638,17256.343419262863,28948.54522322722,16100.226016665636,2308.9435515452037,2725.04769641268,84.15791108464438,829.7539585168375,1386.1069036758336,0.035926355099334346,1.1993989291930606e-05
313,-504.4101042721103,719697.8813007534,694164.639278488,118326.78280990533,63738.280754348656,17113.447464638266,28007.988541326435,3072.1049878755557,2692.9892853894007,3074.607013762954,128.05545975018475,430.3010057265905,984.5491201432806,0.029673012019907595,9.213471921917563e-06
314,-437.51480209850536,727374.8506542229,561438.7648898893,119619.03679140983,67536.39463205701,17123.035747325757,28565.238563306742,13082.341722455374,2563.3160789783915,2912.1616474089883,138.9867024428063,662.9189967457089,1115.2393178593984,0.03082222259108563,9.439005292869245e-06
315,-572.7412630342149,695792.5399405875,655219.0324451877,118969.75325634169,63430.484815338255,17811.583187803353,28809.61597189524,5622.051602164774,2673.965708382477,2978.6374777466435,151.23492444043436,494.9120752047103,1118.8853453038807,0.03383708227412673,1.0633562986115764e-05
316,-522.7584652383401,688681.9525000559,612089.981345822,120178.94105871809,65469.26854578603,18156.082573988744,28646.878724646573,7662.202543934645,2578.2378250550914,2957.862438922086,183.83550614293824,497.8218960159175,1378.0766387261963,0.02613033334503337,9.772007382299093e-06
317,-345.221919709717,707047.5159791871,613586.3459376635,119750.49831686272,67657.10674192075,17264.685803207118,28855.88024493548,8628.529645964809,2485.408069229565,2968.555493140159,205.20852800374462,608.9857571599941,1237.682188479682,0.03553895580095118,8.93187155225406e-06
318,-454.11687419018205,722483.4979847512,681703.0246236494,121186.1536747834,65991.00984665875,17427.31727172147,29095.868852179898,4500.118210119823,2750.3402783510537,3067.3393703946385,236.56019615288184,564.6016639426737,1130.900064251063,0.03233694392906813,9.732329163792155e-06
319,-586.8418784028604,716293.0717704742,710278.968682757,119721.03719880235,69456.77776282132,17440.273164494934,29605.10871859075,972.985897973355,2682.5423138297647,2957.6611606789816,249.54488572941779,828.4792155210163,1431.3259221954102,0.018557265296963683,9.886582236407297e-06
320,-507.51829353622276,727022.4581755074,686835.7553338087,124905.90623732145,73639.50949972312,17434.013730240884,29324.186621193323,7603.63443861844,2546.852816238186,2875.4044133159923,378.8344590830858,1145.835052083103,1604.5687168785728,0.018797963388530167,1.0626196870002706e-05
321,-464.9352714353228,696958.7436967385,664192.7295506655,118656.76390273013,67863.13016748613,17746.17810853202,28233.911616996946,8119.838490343107,2336.665521158699,2798.22660523018,119.0669524893642,561.7755739674903,1214.4578757685742,0.03465082026529655,1.1715706374492824e-05
322,-468.8268472912158,690041.0165684691,643884.8203763553,119192.041519998,70063.66402756178,17788.4735800049,27625.319592490774,4542.538580368065,2684.904566052097,3006.1600588869965,146.1018056727147,797.9255390535947,1262.0104261963359,0.031263490271014556,9.386135741371825e-06
323,-345.9565408678989,713466.4417894292,650316.5227839457,123311.15436368411,69613.89751889322,17371.39964584403,29156.82928884432,5508.931434490005,2778.34883022539,2962.150605309318,296.704676548662,1051.3639827923228,1147.2219056568808,0.030490846789849983,9.72640228080353e-06
324,-400.43440592456767,735037.9281041528,668055.2107522262,124334.7860984179,74229.3759052107,17031.032815251616,28801.904047445136,8669.765880239418,2475.7474437002224,2918.0382265171393,453.5811198606352,995.0100621453566,1798.6053921939674,0.032455683487365466,9.967338304016538e-06
325,-406.39620820081825,701823.9086315237,651851.6916085683,119931.19618252019,71175.48788195966,17388.231061182447,29527.66742883465,5870.474200267737,2557.584986516839,2859.2365498888157,189.2600267468686,1092.2033197038095,1263.572683870042,0.03139905197380727,1.0219836283919423e-05
326,-515.2751977316426,716183.9578049708,661208.7762988734,119331.40005106147,63412.19229373736,17585.4662266967,28430.126594637833,6461.3602118778235,2721.8289019224917,3079.152434258187,171.34539520291716,451.22153188707006,1047.5582847216715,0.026455138021259903,1.0038605045841223e-05
327,-355.54127434723495,730384.6690765067,686070.2413743086,130072.50363194676,80682.01427257493,17129.99817004442,30422.46470579163,6763.242170054815,2696.087511505234,2768.5279355961634,574.0742648915843,1418.3640606706037,1842.2285619066583,0.033220863807905725,1.134550717650319e-05
328,-372.34508071805345,737923.2036547378,692238.5069600459,122562.77430934712,68822.24870038887,16961.082560958705,29484.61621278638,5313.686954474627,2581.9090110572265,3046.256546946496,283.5377694602563,869.2719878038048,1357.7317271223396,0.03514920473463145,9.677667019191985e-06
329,-402.3191766597165,749206.667073658,604691.8703043086,118805.69927290113,66143.12651639085,17090.570462774984,29804.105979798074,13754.55517901672,2483.1884391317208,2925.3784730111934,133.50441048132382,599.9994869643474,1095.2243272551564,0.025143967142805052,9.840244152200162e-06
330,-478.2194293135857,720297.8852655524,665351.9314172742,119615.70570533494,64574.44523489515,17008.908983017092,28276.94810183744,6758.859938837066,2652.1622841294684,2973.064412278549,163.08995871770736,493.1013923059562,1014.1053636995257,0.03619942561405378,1.0521193913709095e-05
331,-420.98956067795865,723752.8863179858,654861.4902995198,119733.57429708973,68232.67136187236,17599.432954873977,29840.256597434818,5535.719000253552,2612.6756103364223,3127.8804188815625,168.8857476068008,859.5292966967169,1481.257549958255,0.03165452763580066,8.602204817783597e-06
332,-421.0894255275377,731742.9378553249,688188.8057558372,125880.5611622,74475.88925269118,17207.294134813736,30150.465358575362,5882.013885898937,2566.467115877677,2907.429167840943,463.05827011582824,1202.117104732611,1607.5893699543813,0.029129418794277443,9.723119676528319e-06
333,-359.17173819813104,740256.6746409419,721138.2541652122,123046.1712780105,73171.61589631678,16822.05678255061,28602.139586518246,4375.95876356919,2431.4030557593906,2933.207105522424,265.6366644274814,1036.5669086149076,1479.0844040023264,0.03220500846474937,1.0446378189346716e-05
334,-699.0781918373852,738109.6002454269,698852.5926576187,117704.27654081404,66948.63774546931,17572.5839875601,29241.46028229451,7146.9323045341325,2618.1710068928337,2980.510650245932,90.33430683692187,641.5386833660538,1356.857741824123,0.015423577051570918,1.0089019195493408e-05
335,-541.5897948091949,705045.0841996339,610835.9956520037,119597.11948016327,67168.0549713352,17493.95993388734,28177.23770674113,9859.726910925558,2585.050492819735,2923.204472923602,169.95227419351048,712.1615287258525,1307.4626446983034,0.03359915220911755,9.333717907121761e-06
336,-428.81982282214017,740461.5228693024,589779.5121625741,126652.59551864314,79598.52742186928,16823.974767011707,30470.211514540897,15493.86307921356,2455.11071466771,2768.7894317949153,517.5340266867074,1089.7065337529814,1874.490550192034,0.03407246243472768,1.010924351373905e-05
337,-351.33515991065195,716717.0287654989,664627.0128049141,118842.59369655569,62424.17169522742,17219.747450113107,28856.442275412577,15403.876165890213,2286.4338185015226,2848.8428824618904,123.21073918249488,369.04152206011753,921.8151863634805,0.03597094446917754,1.2093592333402743e-05
338,-605.8690168410917,677310.630448017,590444.5152456036,119079.06896575264,68216.49004487376,17841.414743275374,27209.875173638688,8587.789589744381,2611.8825443103306,2854.722206882457,156.05944393156577,890.8230256475026,1238.5555651534191,0.03847531877689563,1.0189964089284287e-05
339,-538.8050577450547,715450.345234422,647009.5287791687,120375.29402593688,65227.57554172849,17373.651064502967,30281.94754341758,9471.277741969892,2384.948368564877,2834.969516020057,201.08275789284895,586.1020505291917,1155.7582166923958,0.034759253808321594,1.0775816585107132e-05
340,-425.27711572043063,725678.1685587539,651994.1775021898,118414.45265030596,64366.85153856503,17315.798731289466,30648.681493871773,8778.268975064002,2563.76374217762,3023.2314503865837,133.28469401739304,465.2828264344967,1083.9683865501115,0.02972476864871783,9.736804236933258e-06
341,-539.8755845277875,715050.8419608024,687266.7706114767,128704.03455161833,77623.08531156699,17842.142072179297,28503.518296059305,3912.876988486234,2551.262974456618,2878.4453404284263,644.9341395996244,1209.4786002962521,1995.4075702893406,0.03167933525456805,1.0273033880339326e-05
342,-536.6544138672543,669674.4020437005,604737.4181986063,118280.26261353146,68560.4289829259,17943.996795017956,28132.23326135842,6087.3268675232275,2619.6501287419014,2867.5437337210897,141.9697498724199,687.5592290504397,1330.6351708277855,0.030779795221228694,1.0374532303892685e-05
343,-514.1796941360519,709093.9895868998,677165.805431421,119423.00507829778,68902.91851067601,17486.668499869935,28933.95134194353,4028.3955079528087,2636.7547085822443,2972.9933204758004,201.47938152713354,826.9693682503192,1440.2086362658627,0.02527899251117584,1.014453245664446e-05
344,-428.6529728674902,706360.2097800345,684452.5332295311,120447.53063107283,67268.14463677106,17659.4124151163,29597.878244669697,2243.6879700889917,2611.658931653396,3037.1842470484535,252.1284548072504,737.1504356437708,1050.7290908296134,0.021896728478695997,8.008261757882273e-06
345,-436.2513664132799,707885.2816452116,630547.3818880407,122075.5196198701,68364.06669727169,17241.21016965969,28933.741242039145,7680.977808714677,2522.5244488614076,2949.80257480806,236.3844418892778,689.1264408242105,1360.442058213484,0.02724455333565603,9.530734609389012e-06
346,-433.36936972318045,700759.8052591806,647825.0572904693,120482.18057486729,65600.45898765659,17396.20009089926,27805.97480726223,4722.247109259265,2965.2794250995967,3077.7851367021494,224.5399278271743,571.1734078780655,1009.5198511141742,0.026851487626367382,8.318727876722981e-06
347,-519.3688154396243,693958.6240768553,622267.1487771118,119497.67261716255,66748.4242348958,17696.237778260795,28228.048329066933,8303.903699273274,2644.0352213874858,2936.1769951851147,195.63890216903908,639.2599931398577,1046.2992570045492,0.023718326517961234,1.0267901925210387e-05
348,-556.7971331325771,695647.7165993544,674215.9742897766,124545.83074599678,74349.01919351621,17934.099854315027,27850.756525951852,2650.016537085959,2588.326045299592,2905.6156270550464,340.5814687583389,1212.1993478971685,1655.0016672243664,0.026984012804626686,9.98128345388119e-06
349,-476.8638561532504,677004.6234155442,599244.0658989099,121046.61189488886,69527.24948253359,17749.03510953447,27567.9339877904,9639.823208807391,2658.2809578594847,2733.617275741204,222.26232882191727,742.4313353918068,1400.8743295471886,0.031472052975033,1.1821561731488938e-05
350,-391.41360386605226,731146.4150920322,718283.4973756502,119251.05397716282,69584.99414716111,17181.701940232935,29050.871145816425,3935.715111375236,2428.5048496690847,2919.226975424343,153.38455323504246,808.8464673544846,1509.7929329093115,0.02928041330217095,1.0650889165358187e-05
351,-509.48243632111365,705317.0073103213,620975.6658937307,120311.35472998385,66043.30775247714,17601.841940523882,28377.383658837858,7910.589810121009,2488.189975602016,2906.6159069721853,188.94434926733675,602.5101289613397,1306.1325254886597,0.03363867960958648,9.406948019395807e-06
352,-479.7608297199814,695162.2768118667,669878.7392887011,119590.24968677544,66257.48014389866,17828.688405028042,30000.595341135697,3467.6395255714083,2605.717871657,2901.980387477554,193.29787675943322,693.475264587153,1394.4995266921421,0.032525856801897866,1.0768373684545327e-05
353,-448.6988048700004,671101.3428178236,624164.4091135266,117752.78950194687,69495.37492807605,18186.760148817284,27517.032290172745,6146.694247459776,2500.755717504018,2881.7648857663253,100.71451964776318,801.0082444426051,1189.9435642652409,0.02297801736310814,1.0622617069812854e-05
354,-524.899390454777,715556.6195825343,578709.8817862832,127209.36179510917,85865.72566932824,16988.66202738904,29288.420474155337,21958.415661338415,2176.8207515903223,2442.1598868119922,518.5496472848982,1617.3818895497695,2550.2469025454366,0.04038584011975875,1.3131019151958812e-05
355,-578.6154276051359,722337.1822575922,653798.6192962131,122714.73065903649,67082.62435912632,17417.090786635905,30041.766634779182,7856.401453158366,2500.114522547015,2986.489286890613,272.3268264951261,542.3811488070174,1187.6051884380454,0.027937121150287993,1.0079184111047073e-05
356,-512.1167837533624,706662.2626691445,648325.6109344637,120290.87989924174,69172.63762605144,17424.47527323522,29743.92355551281,7720.400852110553,2566.625059947914,2893.9531375389483,210.504557907447,910.0432644097881,1584.6596878530556,0.035569254914592105,1.0344261370413737e-05
357,-410.63464623844453,699248.9896203228,616985.1866823509,119700.70647209366,67384.00054690751,17548.081413731157,29120.847200566965,8696.507249565959,2442.571655032003,2957.015123184843,193.3544200242723,703.9072620908966,1300.2332142430992,0.028991848401664348,9.686585558781325e-06
358,-340.5247687205118,721217.1333042203,702311.8915274403,118530.17430851652,62839.89465999859,17033.768219940044,30510.706687414753,2093.6300964177317,2770.3107633006907,3154.6118927866705,119.45677673571765,414.45221648073556,884.9040540360331,0.04614810152190098,9.713431801146283e-06
359,-397.49721559029445,694199.6981770195,672965.7108712767,118982.57264722003,71185.17858437776,18162.721731651174,29264.20236436675,3806.8417706318655,2669.1975190451776,2901.8990043544254,182.41684171668328,1060.9683310372384,1480.822376801356,0.025738148774328232,1.1203596302396947e-05
360,-477.21444562584645,701885.1894172791,633496.4058590765,119684.19000183359,67545.55694218511,17416.784129135754,29877.814409117695,5592.603092354824,2738.144430251552,3093.4716777587564,212.9538105389537,732.8886304810189,1207.0552808487346,0.030044978151024783,8.21074970281096e-06
361,-621.2710727350353,732187.0024833668,656068.142932047,121225.38662508191,64179.36374122823,17037.997590694387,29219.10200744919,6458.886734673201,2762.288210563529,3023.7542739549167,234.92120344522343,490.2219056519701,1294.7078588957452,0.034666598509396414,9.491063765463343e-06
362,-524.0547741971154,695020.5896416069,639400.2323489715,117615.26110030357,63627.24766755842,17647.028906757267,28669.41161627205,6293.8983265211455,2565.9702428948976,3026.732182202996,97.32419339928086,476.80615628513914,899.5981074168661,0.03467067543370686,9.282819464795178e-06
363,-390.38574256024106,696974.0663333595,624020.8282703025,118407.26851963713,65899.3556882018,17614.523642009768,27737.404915641484,8363.759163069288,2710.9387363027413,2869.734109753547,131.77216388138746,611.3041065000539,1186.1604625554064,0.022430256319176004,1.0245485367910418e-05
364,-480.01339726375517,704473.7061061854,676018.1530874037,118526.35160919756,64121.06247873541,17840.184466907085,27943.627676074,4009.0698020515556,2614.2546001351075,3098.595952744135,138.4619809200611,473.6965192319211,1046.3886165343065,0.030192420452953787,9.812978706846781e-06
365,-572.2419304085586,729342.7182672197,676007.3942551751,122035.00446930168,70685.43353881658,16952.552252273646,30053.169039166358,4573.035948563386,2710.975200077128,3078.607122917558,304.2031867552003,870.4099735467196,1412.7789396295138,0.033668726464300726,8.374130033186882e-06
366,-361.58310039269526,711387.3310500795,637778.0828588061,120766.53928709346,67965.14292921504,17431.016133118777,28578.55807017104,7330.364056198799,2661.6980487317574,2996.2781166089953,265.201616278406,769.8115672162644,1297.842045480049,0.04039875816573635,9.879111374170015e-06
367,-454.5176416483281,722232.7701953206,643641.3382259181,117891.63980565588,62697.13102848196,17179.84741074094,29553.513881381816,6962.615029702245,2643.132712747646,3070.6051539850237,101.10466478403096,390.1523875323565,1060.2140363912224,0.025743782143663282,9.345379725245374e-06
368,-469.7610657548223,704480.8790105162,643210.2569299943,117170.81409278176,65682.55165082029,17575.810190980956,28818.726763163275,6046.612527865429,2540.345977453017,2990.5159024420786,77.16669473701285,578.8501897664671,1074.7319132055734,0.034757226177776046,9.348046043968376e-06
369,-411.394050575425,704366.7337657042,623102.6476187388,119676.95162042118,69744.17150464667,17521.90294310353,28019.49897109285,12307.669578584371,2514.080513665004,2834.4990408166823,183.45226366116407,923.3546493259321,1502.4923032284203,0.04189062928715662,1.2223854571998934e-05
370,-331.3025133250093,685430.5798460817,596502.3883553566,120706.535284908,69566.19728829691,17830.887776289786,28024.773235718658,9675.432405809494,2622.878722709462,2880.1099657039467,200.5994439193712,686.6846825846211,1651.768013880837,0.033084197739174356,1.0842430320474946e-05
371,-514.4982475628749,712504.2183018008,659103.9332928855,116233.9755132917,62866.2157289283,17356.971106685716,29253.6259707267,5070.9045242599595,2553.6305862980803,3062.4967640418436,43.35897115977936,364.69160641716854,921.8585522625401,0.039815104235275615,9.461747447283877e-06
372,-426.30774373256816,722031.6909498718,682337.5575891432,127477.92321619463,74338.6524109277,17163.303165917117,29608.895773676202,4786.369569170675,2685.7483710317824,2924.938098733118,483.2956886901646,851.4622564469289,1574.6423829662517,0.02197787312233677,9.534627291184502e-06
373,-558.9860794196782,717697.9576177171,625683.1398380726,117368.08247254138,63950.41499866825,17404.727185260228,28745.868247096292,7524.600730289343,2668.5152735421057,3139.1743510721317,81.04731679096658,516.7120186402127,893.5857115046546,0.027785531985204098,8.399230980712332e-06
374,-588.7928378615129,704755.3471929478,649014.987529427,119118.777778927,63583.681674648644,17873.995626929078,30307.9739510784,6205.43973712977,2569.5755490346264,2970.7879131532627,149.26133739236317,440.2708005260315,963.8583384263234,0.03324143300018632,1.0078087118752383e-05
375,-480.10924748982944,687179.9066466845,662348.3942165545,124792.06261355395,79718.01012024908,17642.91511313289,27763.7142187975,6107.087245743585,2478.613718741089,2786.3430161168894,383.66336993272733,1957.2644122850145,1738.1783923281353,0.0320945726061806,1.1759837404909282e-05
376,-494.8491044558955,715997.1455498246,688740.7714352779,130009.30851624375,84766.37876276791,17005.600246558588,28983.488166605068,3947.0209039173865,2576.6477379714693,2782.239914471614,641.9543972861604,1562.27590939154,2223.3744654728334,0.03467978345245597,1.052621175664818e-05
377,-468.25771366717277,668917.8150374212,625714.0534041114,119750.56911817945,74228.47867447567,18241.56802764467,26868.0149178668,6209.750171453574,2644.076917545451,2821.9367465704404,157.48882282134718,1312.279611224565,1514.1261339118837,0.02561380805676284,1.1163174323403892e-05
378,-380.2748233231173,680942.6512727207,597546.7816544333,118839.85085500362,60515.50884342634,17790.919654137528,27760.42816754724,9900.368486069376,2512.9804993842517,2904.316019084609,147.42443166396922,233.79123310245095,693.6679682637593,0.027531285668973587,1.078599949831582e-05
379,-525.1598076394187,714190.9802892994,606625.9518242255,120376.36585558945,65195.40501739971,17557.106012897442,30010.6469727767,7304.136826988795,2775.130778122231,3136.053503333604,252.80449586457414,601.9725943877454,1314.4180370009683,0.033864216737908695,7.719328016275688e-06
380,-564.2718583693478,685876.2690015258,658081.2276625669,119525.85179730724,71790.85782499085,17657.232754718927,28161.969413654515,4666.021760785123,2501.0160960143444,2887.151659478053,155.99032824323012,763.991438574189,1248.904672189234,0.0348918276239088,1.022209652174675e-05
381,-522.5852611739289,697021.9119382513,645255.7425171944,119277.8060603088,67519.47148104318,17586.477154338565,30715.5809286101,4643.520268577292,2673.5301031801237,3099.1211649541733,198.70582563845628,688.6161708278875,1215.8551974488664,0.04107142435200808,9.193222215976087e-06
382,-625.2826725361701,679128.4531067802,593555.3277433835,119074.44640056157,66081.23691701013,17893.618320788777,27410.494182895593,8864.452274877593,2497.93805322578,2849.4341200397994,157.1644191158455,737.0738876613384,1491.0794942200475,0.034284294863586126,1.0003696192802835e-05
383,-465.3923068565747,716445.3030188114,653485.6933929432,121919.65328141567,69966.23103301221,17457.106218244975,29427.432469770854,6654.867689039714,2824.534469707704,3009.400200034677,238.44591302910487,907.3661540562445,1251.3668593866846,0.032549910800768925,1.0004557630303686e-05
384,-466.44621774372877,725560.015896169,566911.505046475,127014.84729941783,90063.82969615684,17253.406401827564,30311.021547711665,34589.61367870537,2077.35574813089,2333.811608325224,434.9818469261198,1721.8240272197374,2535.0715634269764,0.028900822918378862,1.4084690726349967e-05
385,-481.21160339325047,690363.2176291151,658263.4061186266,122250.94018862951,72330.40983040213,17751.402796033246,27617.017998600906,4994.2183584012355,2430.781270099001,2849.9549805291504,325.46972489041985,985.079752310529,1434.254298360874,0.028486774391141657,1.078215913609888e-05
386,-573.6466912526139,702796.9134399609,686217.6844981821,123117.15569080226,74579.06155533362,17544.07765776364,29072.349872155242,4283.551397740468,2427.645272923012,2756.6540020749867,323.7610983679309,1035.826554984648,1634.8761079840601,0.0296456985629627,1.1703140831559277e-05
387,-529.1485139811181,731325.8426422215,687691.2120070051,124744.1636449101,74442.31189383844,17143.318895907414,29280.31345695099,3441.1887020325576,2916.7741841866186,3202.52687130229,413.33704206744704,909.6091358442399,1400.0888193387652,0.0317915011116627,7.575973343039325e-06
388,-425.40848420246994,707953.4754885687,665892.9761319816,119897.94214627355,61620.773425421794,17910.466173842506,26962.886626654636,7582.023610896569,2464.262897609663,2997.3868937328084,177.51611840893202,307.17656328625276,917.4690515940049,0.017319802449178117,1.0625660298671311e-05
389,-349.38669929974964,732823.2002042435,657014.2043008856,120355.04011372152,68379.5426272404,16760.724001578874,28821.215335468147,10086.920669383106,2402.861623445145,2874.617002503278,198.15656616450886,709.4187504027955,1141.7802739073857,0.04548584203378387,1.0788576016407578e-05
390,-524.3277333083486,697137.1072731297,604546.4682594211,128918.11427196923,79755.28814510288,17738.321337295652,28689.86820865827,12403.239636442482,2484.219450210551,2624.1684000945775,458.279317357995,1600.7782688309571,2108.3466797768,0.029281113886282885,1.1662915312655811e-05
391,-450.38298416609496,700631.8116898356,675456.4014840628,118634.32429663293,67972.21082569576,17562.43175956858,29734.75416925491,2493.3655717866886,2646.43836763763,3055.192094063875,151.38264928443414,697.1252553489101,1148.6700173990087,0.03078320688535054,8.708332264064919e-06
392,-442.22451249991457,674723.6407355993,662974.5465382257,118707.54656334713,70858.22299083708,17957.192336039818,27615.782543242025,3453.5582411345245,2487.712196399241,2824.633933771305,134.74091954022725,804.2102783019128,1338.076384895036,0.03157578694019287,1.212942541345073e-05
393,-367.72600937437886,694342.1860827385,648561.7733084604,119061.45047805636,67705.74460743657,17700.95651744345,28812.857993190595,4890.681832570515,2577.124065270196,3013.5316237494685,148.9063577790514,708.4792647024916,1280.2035746549234,0.02780238396817975,9.644389652012371e-06
394,-412.53593992740394,702009.5067783894,637097.2578746435,118735.0023059963,64281.61444292162,17598.598441589416,28379.69004790808,12055.95250435653,2397.2267808468223,2851.516655564834,131.06762021297104,504.5360411025608,1297.19599820772,0.03559014546001428,1.1929832123990119e-05
395,-499.9800473596688,699790.5603423761,667775.9461126608,121359.4955055762,72761.91241067422,17908.59790361634,29312.667973688447,7055.154416949663,2623.933673179213,2861.260370765107,248.55995971338712,952.983235923902,1445.8495235366497,0.03504284830577524,1.1298520399088374e-05
396,-419.16966453477073,734429.9731591573,646161.7716474079,121056.74487498638,64445.953903210684,16994.13450116734,30380.163115771174,9419.895301854947,2549.2943870264785,2947.508521746794,239.873925222752,508.85720267457737,1013.4728033570909,0.03294906983964733,1.0247557283139943e-05
397,-457.30932573513815,717290.4946659683,667638.5778482294,128541.60601369978,76532.71224677264,17252.59371086632,29678.181155935163,9491.756393364338,2686.3396052021462,2728.413331276835,613.6182585689677,1145.202678644327,1994.7401777037953,0.032128265827879456,1.1639835224556624e-05
398,-447.3514722728747,710520.9100696314,630744.1637551375,118835.95504563453,68774.33029918942,16977.30989149209,29111.757164940922,11845.085811223476,2417.0215616237097,2820.0791708437473,135.9113292238907,694.996890740231,1196.180047529007,0.03980733114605791,1.1230830443236239e-05
399,-423.35254039613096,687905.8725719681,638512.8696226537,117676.97378444599,65772.43191818961,17819.77952700663,28471.11576902983,8389.551430054642,2347.5450856087127,2801.2819171411943,80.63239233482324,543.1886043581026,946.5661538516957,0.02920333231792976,1.1521027955718946e-05
400,-464.0034591895515,703956.4970164583,692624.6704976144,117651.83534799838,63338.60908267584,17626.423388010844,28605.805978290755,3080.038330831858,2359.5834251838874,2969.405707831583,103.7575405735074,449.4499508878242,975.8417547100003,0.021151353568946415,1.1288311115526448e-05
401,-515.3562529281908,665473.2759930744,630904.5935401128,120643.7101410073,65707.47894628572,18494.982153740577,28307.273334645623,4010.1330373126275,2603.55262085963,2929.150811652248,253.2017206634461,600.8399221996231,1063.9982823825858,0.03000478368013101,1.030043478840692e-05
402,-498.8065801834581,727402.4488806475,646594.7643566949,119201.72309731007,65718.44319908951,17519.76195132599,29539.580377578797,10822.62343131605,2509.4033170824455,2927.7151099002253,168.3060773505953,634.5610441843435,1220.24122006869,0.027757871770607886,1.0280291281192332e-05
403,-403.8037218374859,697754.1098817008,642343.8561077579,119374.01327834233,64438.702441195834,17687.43956332964,29112.514483473667,6889.820896582266,2614.417775867371,3006.9098698647745,195.7849810335135,500.5250980078752,1082.2598593399937,0.03124905314563348,1.0293515566862077e-05
404,-333.21321027744875,722542.0832664038,707111.7309305773,119076.67869488009,70201.57913331361,17216.07921593127,28578.705502263823,3127.284202863568,2625.7668182255616,2920.562594620715,179.51324631932488,881.0879766410513,1309.1216246492256,0.02328029945844145,1.019034622830302e-05
405,-356.75863439000375,696398.2901604892,655991.5094359032,123035.54372241595,72680.55197365682,17529.453511731983,28010.814961866425,8263.8863516909,2494.822521570625,2766.257433082219,340.4604426553851,938.1172701722829,1416.4306159771725,0.03623561464244407,1.1771567644315961e-05
406,-342.7911753035861,735728.4655761201,699080.065982684,117752.1338991844,60041.77494456551,16977.523284956707,29174.39306544647,4000.321250993331,2717.324608224557,3226.0911330060376,87.25349820687562,228.13037158195277,858.1047983683727,0.03770748768272915,8.904955168931674e-06
407,-624.8353220792341,704114.2084555677,643657.5107945707,121413.28819392319,65278.19276674138,17378.604792979237,28989.946620659855,7829.949890229942,2370.9582203541577,2996.522113899295,231.01338484943372,493.84546886622815,1041.277097844616,0.03332698488269674,1.0790132183589952e-05
408,-371.24699414648757,702320.6007565568,646359.538316854,119929.48756709423,63376.61634074039,17693.402550101622,28938.83758924221,4938.338031062381,2714.2492924252083,3085.18751392574,170.06812382247836,437.8108895635125,1017.713091941709,0.024397568248143715,9.013115888180249e-06
409,-497.9637369384814,686347.6217131867,637014.5206577887,128252.87265989938,72521.44954961835,17836.405762595383,29363.515339309888,4898.4894891848335,2650.9467877309617,2934.041947129962,505.89608286602714,889.6884125486926,1642.7937511910152,0.033030664547168874,9.747703034886922e-06
410,-653.8185255232344,673711.2877768094,633571.0912643871,121741.16064083451,69531.39929431985,18141.74602363966,28278.720917503004,5027.047292407057,2404.4505438838764,2845.850991141905,280.4662554465504,832.9099217235345,1367.3189340527479,0.029392302358843405,1.0483659304999543e-05
411,-468.020147615558,725155.07881687,632977.7778556767,122051.31793809365,68039.91968610014,17067.864108884707,28835.271296163588,10297.10212724199,2488.9623838828147,2901.5355554616744,291.30038964171735,621.3988062433094,1508.1302335305352,0.03639639078774144,1.001914507707336e-05
412,-528.5451429255872,713524.3341154577,665957.2058130957,122955.70727013983,77729.02798829862,17610.881971373386,29577.689874901058,9134.519986529753,2488.603820009339,2802.156316039103,353.5092549672634,1313.1512341353628,1804.6627509534442,0.02856961361821247,1.1004244783994606e-05
413,-406.069930669027,735905.8284174353,656231.0951442134,121622.88951253741,69894.07318395643,17100.521670149526,29287.35209178903,10345.940669867055,2609.3258870100553,2948.32835581228,271.3149976271657,660.4189829837563,1369.4645865143425,0.02712287772297639,1.0023805036319278e-05
414,-451.74836207150304,674542.7619808713,614257.646727622,120124.66336069064,70965.0967104585,18109.13359734673,28286.277854460885,7746.456608337216,2487.1386829663816,2853.190781182431,226.72151813081882,895.7130491516309,1383.7939299033314,0.02513061377081573,1.0535836595485616e-05
415,-362.8909483591804,675219.5025171973,611347.4957061546,120723.67594608523,71723.92764048152,17979.508868735546,28616.696492688257,5414.878094540584,2605.809668596496,3004.3323341436617,274.59629124270543,760.0817854662937,1501.4481300118166,0.035756562509003866,9.219023862020906e-06
416,-449.47170869846485,720244.3655707171,636195.6544171642,120777.30393932929,64831.76095315217,17140.282855252466,28685.78407127572,7537.010837739172,2554.8031022701825,3048.05245598712,209.2800067297308,444.2370771652099,907.6840980678611,0.028267771708463164,8.548027139996707e-06
417,-434.3989911803337,746409.9006210916,661681.9401937887,119581.73558662916,70001.29432256248,16898.19159832669,31164.093250758855,8561.376565188288,2690.88315805572,2949.058441433941,210.52346721250424,709.2761502864289,1422.4429906400349,0.04117240261810749,9.629993164666617e-06
418,-389.91910370365815,718540.7747158145,684140.2000135392,122769.86135115354,70686.87493422601,17336.49711229835,29129.249026328314,4815.272621887454,2465.8147881082155,2942.1548057425684,366.58388042974053,842.6518814151798,1602.7712555791309,0.02925754077490189,9.914076516736473e-06
419,-430.26281390883264,709983.1956942846,616975.8637043874,124507.83160775692,73732.19048594788,17451.966784718516,29418.613385185952,13672.236552898865,2294.026806807719,2794.059387295848,414.691837987041,1177.262367677337,1554.4011600970368,0.026803980561628932,1.1092761296128246e-05
420,-432.7038444520297,729415.0609590237,695828.6402259937,119699.52212902461,64454.573309869855,16935.958361159344,29401.473674449604,6336.414936420498,2476.5238164316825,2891.9032624931015,159.36480897588172,467.53456741550343,972.9695902236568,0.024752778639390943,1.0733593315735574e-05
421,-657.7672945225881,700233.6496854553,592838.5982377711,119497.03832603345,65325.01595990764,17705.262985014397,28747.813419554182,9197.11680460189,2611.4115650675185,2945.030007901624,158.64166021690323,609.9929528296989,1181.1291946581905,0.021217158098269035,9.797805066026083e-06
422,-402.043606210583,720846.6595761153,597339.4037503909,117790.72206201951,68501.29763654471,17495.13678095346,29351.091409813143,11111.178753987197,2541.8577061909914,2880.4275843943815,122.59454213182525,682.4012354330451,1276.4183893106078,0.03580531506169309,1.0016164912383313e-05
423,-393.7270009203726,688542.8100266526,628496.7282702246,120317.30778446513,68799.00735702566,17616.868199586082,30079.129770407748,6943.624201046935,2729.4752747498997,2890.3106106556215,219.90136343862886,857.875642015039,1473.131159595697,0.03427515030543712,1.072181089748656e-05
424,-461.82774104916024,713831.5372725192,660449.2528481568,120188.4765000204,67574.64638916003,17600.333311224553,28608.421701748,4627.614419613208,2775.452453836742,3118.6537833335215,205.16881326683614,540.6012291349061,1236.5042306455655,0.032880252375312904,9.242713068517679e-06
425,-408.6215441263258,701212.938153454,625080.9328737026,125835.40448462292,70850.71935154016,17593.185083758042,29224.339419877975,8141.955132052182,2446.4682991033696,2854.282073068845,467.62789306286936,992.5340291712689,1613.3123017198268,0.02998496883240782,9.916350178033971e-06
426,-702.7211686159881,705964.194119089,633438.3536385534,116373.51987551685,65975.88366324178,17477.654713406046,28967.579892712896,7721.3326615925325,2710.649938290268,2978.470870053272,50.44243654919494,574.3171949928148,1153.698426641346,0.03441019766217311,1.066864122322982e-05
427,-359.52427864558626,715429.5709596298,638344.3082089885,119862.18583900128,62045.78303627233,17457.882098846836,28824.00556364636,5780.633754154382,2673.2057928877234,3213.9525942247274,253.756110033541,297.7936674126483,912.1338831494494,0.03178201710822789,8.023368707612724e-06
428,-297.4415470941243,725781.9791959582,664220.9918263555,116889.59547477393,66040.05457799544,17284.3650886078,30719.853822454497,6937.630863245832,2736.388106692633,3016.5598664523504,63.15961666319798,613.8401446345174,1223.745401534987,0.035615730109848066,9.59324952566422e-06
429,-493.15901245801547,705463.8710614077,642383.102756951,120335.91421218934,67688.58304784303,17267.716163971436,28784.94598487415,8136.9740518558065,2616.677499343943,2917.382568776267,196.1591794663928,721.0883318138284,1215.8497269405866,0.03839840760688077,1.0679438580761817e-05
430,-481.06042901318335,740932.9055382727,649069.4839067103,117514.22794793178,67154.85003948993,16675.613241506475,30108.081631877092,10356.050368036296,2594.2374809309213,2925.140242204339,112.04379316415226,755.612869186105,1272.135767161937,0.02951303423686828,1.011367614217564e-05
431,-415.5534093687636,740024.8020793666,719254.7901806597,122747.54617010332,73107.28209978213,17273.858948893947,30430.190270582523,2425.1205639690847,2709.3167357992907,3078.096452350941,329.93918019094224,1058.7994613010565,1703.1666149371172,0.038715289060141905,9.213592985290268e-06
432,-410.8128184465503,740193.8170245375,729135.826535776,120809.38173001578,71407.67654483282,16922.082993172367,28917.50366123315,1617.1871027625093,2657.532428080928,3009.7840424448923,259.7225793883852,1044.9620200104785,1199.33277975821,0.02137945952093391,9.304755014634044e-06
433,-520.6075977967992,699059.3826042555,647817.0020946802,121700.50307320328,68685.86696069464,17894.016052602845,29895.00721878375,4897.829781247173,2682.9441333050727,3090.002420079857,312.68376072160214,571.3028917742516,1198.9333863918303,0.031852231532872026,9.000759321711085e-06
434,-436.06081452665694,677437.9515894562,647207.3443941324,120598.56427640244,70954.7823958973,17987.070774682827,28217.052779894148,4595.406439021755,2601.4931025121364,2904.6200432646892,206.33893709873797,806.3086229958571,1450.1444135659362,0.0259097094301329,1.1155444434119277e-05
435,-540.8681081077623,703560.8833596328,666656.043778004,119076.33777906664,69708.84268115858,17551.060795816036,28291.93821076898,5697.152019376617,2505.55969818565,2920.158753258012,158.74883767497087,752.5372366310063,1259.6792546003312,0.033648307401947145,1.1025367670869507e-05
436,-410.48913036568234,729573.1055603062,656969.0572025622,121681.9704549194,65601.1791221282,17378.78614469459,29938.62628485522,9762.966446525601,2735.113652790842,2913.7657780349923,267.88474227896734,651.4919385305681,1214.8416193805353,0.02754605455431636,1.0681502181871289e-05
437,-536.7950361762101,687951.4327834654,687098.7614779781,119256.029449006,74662.61029816982,18137.027709016696,28669.729460937368,178.26589577488994,2677.598691019852,2848.5707562338,181.18288835704712,1660.8532288561853,1629.5489947276476,0.0293883470504953,1.2194364112240323e-05
438,-593.0798838464643,689668.3022310066,661561.8449549081,117629.57982102339,69574.42139115953,18072.41916097078,28351.224641692694,7043.051435605795,2425.579729677059,2813.8015881017955,125.77867378478938,923.7087509373996,1557.169225958842,0.0301296613411021,1.1954995860263085e-05
439,-444.2402410214115,720420.8181045383,702209.8858538811,127734.40405145027,82708.76203741277,17180.837192500512,29007.336920022193,4583.652700402192,2481.5580538794657,2757.8029471326677,552.6058991056085,1128.440217540016,1867.2846549514975,0.024197175970685464,1.0635771399762436e-05
440,-594.5680129100892,688920.3028425251,651119.4443458276,121618.24400990315,67692.19676950654,17823.44663363215,29206.60350131427,4877.183802861249,2744.324546675018,2930.843916916584,331.8877276488996,610.5379321484951,1371.1764009981164,0.035976174063308414,1.0904904736121734e-05
441,-451.28776124200726,706305.2214514905,648072.8078165869,119943.65980035962,69103.90911197205,17632.57990291514,28418.38601146727,6532.32000824537,2509.361613681264,2922.7351249215753,214.30730063114726,931.7289963935186,1409.6937086992366,0.031837929270319504,1.0149209016875899e-05
442,-409.28291691201184,695205.7347788718,684309.056152872,118932.18544615617,63606.374012572094,17213.895260843274,28059.19484284159,1569.5939264511323,2531.613322508036,3010.068621085435,127.51093535288102,410.1040376977267,1035.275571793089,0.03230933915246881,1.0053678200995412e-05
443,-389.5881296811155,685659.4288508755,637413.9482193063,117670.05780883727,65760.46057983185,17633.990916543054,29051.74727847863,4051.1050307607325,2685.3945138905333,3105.065860578122,110.77222846928653,572.807909484485,1016.7170537164666,0.026495623186013798,8.772816281738817e-06
444,-491.4939587289573,711905.5257328892,670185.5661550036,119606.45853976138,68435.95128525022,17376.973583437273,29398.3983475824,4735.669184594859,2541.2976835826307,2962.169741771556,187.55120904225674,828.6828704257532,1140.2277457072198,0.02766323457979518,9.829219782006837e-06
445,-504.96488678311624,672242.4678869824,643681.6145544768,119722.73061401976,68694.1448787571,18235.30209457039,27988.525573977364,3238.7319112290434,2549.5775901340635,2902.6489398692934,175.54570110196377,802.5988003671076,1564.831562287279,0.030660536649868116,1.0475354360806556e-05
446,-595.0380553996874,705740.7350420159,582276.505379797,118174.7927312058,67949.66452239956,17418.46470449282,26675.54574092103,11235.92216862928,2464.306828211339,2945.8650076808844,109.84244145928854,799.9487689528079,1275.233651889107,0.03956898569568042,1.0068072511970858e-05
447,-417.7768224186735,711158.7345206562,612055.9154081686,118656.23776682193,66903.06814858259,17005.37289839575,29770.372558566145,10053.120378046237,2449.2042228728537,2991.3297529596234,161.12807469811014,667.4313664648204,1000.8044103594689,0.03203019639819518,9.382364332537615e-06
448,-543.1218179194901,713063.9323252707,682613.5601813566,127866.40893739293,76180.17659309544,17202.607263943934,29444.20404011554,4029.20854263242,2363.7316243147106,2846.3693743691824,482.5392055903903,1406.8315571617968,1693.8064269321112,0.037014245576549455,1.0165936685266267e-05
449,-534.7390119399307,726490.1334151768,599616.6834174817,125357.44262355722,83763.05841744241,17311.559307189124,29423.732294178386,18696.37397842181,2340.100102032549,2543.034690937122,386.59432085275773,1854.2046694791798,2013.07685730422,0.0364005337678151,1.2765963375646811e-05
450,-437.6364160259976,688816.2815408444,654158.3585988795,120056.08892106888,65798.58219076484,17815.24335147935,27877.767780545302,3684.3501664723017,2690.6315217420783,2967.7450714080182,210.28658889048694,619.94506066834,1052.5402397854275,0.030116249899194942,1.0217197435005316e-05
451,-353.62639185391885,734391.1595721024,644448.3279993259,120661.8610889387,66097.10158295142,17373.828298687233,30694.18114527441,7612.474598999552,2738.009743888708,3068.3591914757744,241.55732744370323,541.790055214488,1352.2908598194651,0.028804945347528383,8.610177331324543e-06
452,-442.99921842412436,729286.5164256606,697470.6799646342,127646.27893203277,74359.83401741309,17345.24054088592,30962.417886451083,5279.493975825514,2610.5362283000954,2825.9846320861984,443.1310341231032,1008.8573094177741,2459.2923632059506,0.020510813103614387,1.1039415785525955e-05
453,-481.3557799341867,725671.4831008245,616887.5795303113,119007.5070696794,71002.17372711192,17040.115285286298,29043.288677860633,10143.896078098735,2481.1311348768727,3015.850295260858,138.3798779633149,827.5917659137975,1270.0646011465535,0.035991656444811095,9.623572386273613e-06
454,-462.242724862801,660937.780750364,653754.9394321466,116824.15649108449,68568.95604800536,18281.459333839786,27228.33470620479,1694.8368864776621,2635.678414937492,2815.5588400204274,81.21288580299135,754.2863114577711,1190.9017436809963,0.028028416440369085,1.168601204871222e-05
455,-440.8058364203004,699994.8301099705,649559.0907223732,120893.37910411882,72828.71321109058,17779.346644048685,29826.995187213462,5122.080019219292,2695.4188485421932,2916.5854171267147,238.58323640227752,969.9646511428771,1484.2276312501492,0.034755410594996324,9.876214861294944e-06
456,-453.09161108482203,689979.6896929418,659605.4019880606,126699.95293271868,72983.22537454251,17801.583811997778,28578.602302353855,3669.1595463966223,2569.81809202015,2924.1774277672985,473.3850628943183,1022.1950940115712,1569.450723426863,0.028766723494431438,1.0056981560436392e-05
457,-435.76844736857436,713371.4044191403,664215.1371469431,126002.90451750484,70678.67835522797,17317.476768505458,29774.380714836225,4596.96667663698,2944.6157463432264,3115.5063648276314,568.0094987694096,989.9854807466146,1451.338290731951,0.02575844796291482,8.929898772658505e-06
458,-564.8211890941793,697468.5034135348,606734.9638192209,119792.89382068251,76531.86606661054,17574.689007667916,27929.756314507533,8757.090954208847,2511.6771747038133,2849.417041235931,179.07092020926532,1587.3579023487882,1614.0099554964538,0.034665281088510705,9.785125036289567e-06
459,-446.9239740405572,713938.6427062523,629389.8112919105,119624.90975109798,69811.81454655169,17521.980213152863,29256.01184930104,8423.041951277923,2496.5180433101377,2936.4654084990457,152.54393077935828,892.3347466624293,1430.445298503059,0.035532430417619505,1.0137926745877824e-05
460,-326.8926112104912,720379.1916101197,662995.9163007392,121708.40468511454,69476.1322383896,17356.332150867474,28376.846320333054,6842.023669968318,2618.4651284382894,2976.833547113488,243.1036717565431,803.983345847721,1650.777354948937,0.0282003500233483,9.855146794478608e-06
461,-505.4083998218143,702390.5202399006,637417.4112128824,118867.15829421002,69852.19389373444,17542.471790215895,29239.840798315265,6689.877961449681,2629.0714107199856,2958.5682481814,145.97329833532817,820.8234868465131,1487.7979493713078,0.04664793697068369,1.0394705878358866e-05
462,-357.028356577364,707955.5132838364,639069.1910090575,120809.95623197343,63537.282485446405,17433.33862831959,28511.46787813909,6743.355457754118,2561.3242341482746,3086.6331088658208,198.26742206197025,477.42473062381674,1000.9563969780997,0.028907647255903855,8.738937151019496e-06
463,-393.53789059006124,714322.1410692668,626713.513947625,125690.9991571434,79869.88697701092,17301.53435825179,28880.251813973457,10920.00366323576,2426.8306659462,2742.2450690794217,553.5332126870961,1056.9891035896624,1617.300270153371,0.04250945790952067,1.0838564082400625e-05
464,-601.6655606330737,728464.9516019761,703812.5278195816,118488.75000919763,63091.704654731075,17390.898528953443,29928.588274001828,3389.635157611698,2437.541617913781,3060.664387629248,119.92886571237483,436.5648600745328,919.1560535694184,0.028475690605813387,9.510312145085238e-06
465,-499.7729450871692,686989.1624957054,635895.5190194264,117553.6141657368,60436.66905343986,17836.993002801108,27083.840368904956,5802.272965821262,2612.5437439875996,3010.157220750212,87.31409082552936,255.62934868533824,1022.2859120450704,0.028107349274861828,1.0016963547427471e-05
466,-523.3766874247333,711698.8258272683,691770.4502138688,128776.14353210766,77832.71836447957,17391.09428866991,28717.451592574176,5959.763649394898,2557.1576310953824,2809.1414152978336,642.2691643483495,1355.7499108831364,1705.7318274627748,0.031861494981238435,1.1639999138126655e-05
467,-533.89975722639,717436.6530601203,642380.5761024788,131600.01764187595,85864.44309155535,17575.136401862695,28804.103628996236,9613.179950024183,2600.257181110233,2705.6753450690376,619.5245509918493,2252.7848340428727,2114.425087635761,0.023498882404777474,1.0437375668547988e-05
468,-425.6256344212219,698994.6788009108,633445.9778632525,117343.79152233164,66858.1990778691,17658.70534025388,28961.14347606584,6640.999004713281,2780.5924081908165,3019.0729075041727,97.00543793632929,576.301568865697,1252.8726696455165,0.029625779180761876,1.0153011383712858e-05
469,-477.7066130830285,691125.9405488131,634890.0698529555,118536.10894080676,65536.80618870606,17924.853281412677,28764.228952235437,7490.483717594035,2721.3242769836647,2863.0068738674554,138.69911060028505,551.3501906847757,1469.6398643911477,0.03284197301088074,1.1036939144305238e-05
470,-404.38594024111933,703148.5216690146,610549.7402851668,116802.88274030517,63171.45963504806,17694.707940500317,28512.922611440852,8956.071654408901,2571.789377748311,2969.070166178685,69.17926743394564,397.64175284963324,968.073062665064,0.03130289492915804,9.545765176906794e-06
471,-393.838968696139,726003.7199403985,578280.147421615,130233.74497693725,90506.52607673442,17003.566663431957,27945.99617466324,19264.283817189324,2290.9726042958278,2513.07435640954,522.9248928408979,1879.672830106211,2321.1548293168426,0.02757127833218896,1.1237194690475533e-05
472,-341.68055686309697,706152.3741340699,668778.9818427127,117751.8880526639,63931.975279280574,17457.247039493897,28872.669053015863,5755.911782317411,2632.0867419646147,2934.197545965794,112.28495896937643,563.935057187806,982.1429205195857,0.02115675999539054,1.0460921579606713e-05
473,-430.8981420496442,716535.3101352605,619597.1107461299,130432.42128880513,79190.07616078813,17435.16398392359,29657.112482493496,8653.077739214952,2543.463192658834,2874.816273991849,638.6938505196108,1293.9160215591414,2084.68644348545,0.03170783366999347,9.339221277409568e-06
474,-468.6385488130627,748251.0743221835,633697.9545324043,118018.11379095235,61097.47226792585,16960.6596581275,28891.06851281314,10782.16853169903,2525.9353193774646,3051.257814650453,112.07836520666102,302.2004714813437,869.3577489685376,0.025476526893793105,9.105886756643382e-06
475,-494.8283163566365,679422.9434396991,622998.0832841481,119607.15395364077,69473.21223746952,17955.065997943526,28079.144284852242,11513.072395044675,2399.3602719966852,2757.431448388361,206.77994525007242,687.5865956785302,1225.3585588178664,0.0236929642038241,1.222727867536817e-05
476,-548.2958592312108,723371.1556477473,658048.1834355862,125320.17527928318,74294.67859953738,17444.295171294456,29552.86531798383,8351.575890117238,2488.3913050997758,2825.8751335795882,335.1369711901983,994.0976431099242,1586.9375626211374,0.039385999277330976,1.0783213366839547e-05
477,-392.21152488264374,731656.4451124219,689833.509447151,127617.78888108312,75676.46325528949,17064.345299123223,28563.805141898803,10980.625618817357,2445.3199017009283,2769.9743129754224,634.374985041153,1174.0521906464876,1774.5321952288675,0.024571562900049648,1.113272409648248e-05
478,-398.8355325808982,686478.5045617166,637370.1272042245,119064.31115540063,65133.78891075837,17816.42351958249,29110.26792332131,5746.722097705714,2545.030374929078,2960.3954534765016,155.606809490159,512.2122418563791,1172.0677374557552,0.032291781223652595,1.0682873208973006e-05
479,-559.9941130192656,718319.844341595,620227.7555242793,124866.49029746403,73491.79004702035,17421.29553964683,30190.530680213124,8756.196602930819,2725.4181601790187,2930.9251452799035,512.5455581953257,1335.7341613454817,1935.425192022908,0.03687368038243388,9.51885273752214e-06
480,-299.5662956357762,693075.2694388774,620825.604525755,121964.34136645749,67330.11905247153,17642.604577683705,28735.049220261895,7038.747398090813,2645.1978911527435,2942.803161263744,247.1176963673586,852.7875365919791,1140.2286860549655,0.03267173776093621,9.79032928831624e-06
481,-471.9771790976841,717758.597754326,702013.1395347816,117293.61533497146,65725.11706949229,17310.063502846322,28379.8733797105,2688.5465052801305,2460.0742014322373,3003.6632896631386,74.57566389475019,663.8404927314052,1029.7684405038249,0.029442561555246636,9.72124873686435e-06
482,-408.25220253487805,715990.7347012014,680689.2584481761,119390.63661696906,67289.99616872235,17175.952855137137,28972.73637091876,3289.757844055361,2639.153600361661,3174.2169495179705,159.34301061816558,605.5719740680314,1201.170822716733,0.030602690572640836,8.510566426794164e-06
483,-556.4259013439162,716955.005487865,652978.9219479373,121815.24241857685,73755.13487508643,17357.350736962577,28513.27160360122,9240.055537958517,2464.520037274415,2858.2949649595985,239.12057133695058,1124.110226616415,1450.3095340672758,0.030936766739715193,1.0486171899744477e-05
484,-704.6042976343475,677014.0120330191,637615.6657138985,123391.57232724363,76547.4787082724,17908.532902466894,28902.11923631462,5729.420163861198,2497.6535651573267,2839.5454242484193,343.81875792259035,1018.450913069675,1881.4482445437068,0.03463233722039425,1.0389126835134782e-05
485,-608.5143319887973,706622.8861347357,593563.9413778605,127025.88670863163,86076.57076916496,17401.360018782998,29052.931321425945,23494.508044968155,2371.1833003316483,2460.596401279747,382.6058331970509,1521.7969467034707,2116.7731354744983,0.029142099815026787,1.3319519351715705e-05
486,-573.440063715166,722097.8964118721,593736.8651499453,129347.19197419773,84119.92395357077,17326.557116088195,29766.521203519354,14573.417727360476,2450.5472307613827,2555.0182183498937,529.9230172020598,1438.4663752215201,2521.164175155783,0.038661729209690285,1.2048781669653215e-05
487,-383.99605299496045,688801.5381934912,600967.3546896823,120795.89007642066,73562.82534424136,17743.264380889523,28741.103273453493,9688.532671163932,2542.8195323057525,2812.1309694805905,220.96249007532896,1140.5534682674586,1777.7510089665843,0.02861174870539112,1.0476291729666204e-05
488,-611.7820596218297,701473.6599769981,625099.2977758632,119953.93970527202,69646.83520312158,17445.57835391897,28324.577747906365,7994.040803763152,2429.09677165058,2906.9081170478644,197.97735927777083,880.1188019853075,1334.9010209171004,0.030848371274549303,9.48856000122506e-06
489,-418.0548301499193,691680.2751063698,566363.4486035272,117170.72275913076,70991.94654897586,18098.977172566883,27652.7801248345,22556.53917743351,2280.659870209316,2565.065201437583,77.96449258116417,1185.529377552811,1549.6720906052533,0.027051778944416276,1.3730276861243127e-05
490,-444.9835916424225,721225.2231003384,674488.5016056675,125499.05585700412,70586.49510299925,17150.541002694852,28765.187327040392,4314.380732008967,2608.9637850430477,3038.1646649278364,418.3592940535937,601.7995709139026,1266.8905967510404,0.03205968975029055,8.612597529092918e-06
491,-502.74315563311666,682528.8792707825,645061.9442997248,121851.97193075184,67834.24648485535,17991.19908361003,28919.712028503236,3462.8046166839713,2627.291854696004,3012.3924248835547,297.3555064815397,588.1869009952891,1301.7309375795169,0.03329974653495936,9.21083215346979e-06
492,-488.0269680509588,698364.4493227005,631302.7584517121,122363.08790792171,73100.36857544382,17232.062365695976,28674.905343475406,8724.797598663146,2606.401994130208,2735.5708795844935,306.16344087058405,1321.8636567698593,1531.7812478766368,0.02881470926096374,1.152492463627191e-05
493,-436.72177498474434,689853.66583305,574968.5378129138,119038.9805067535,65148.54793787559,17738.98643614539,28743.787302641864,11702.875181545343,2271.9250188344895,2758.5672516359296,123.01041114006334,527.0013636932588,1227.3005122630364,0.02754437974441524,1.0395180130446113e-05
494,-371.46193113840684,733488.0442087011,653524.5474244246,117943.62352247079,62030.13511653835,17323.92433182301,28366.648944410645,8091.00456371417,2647.6808688483848,3126.754609770744,96.62529175441726,304.9135326677733,940.4258675181436,0.0286614378027127,9.695244770019757e-06
495,-417.4097442391482,676218.2885975693,624457.2884224114,121720.39198374945,69620.11879548962,18001.716312507448,28548.555863404967,7148.1210488553925,2498.700040357622,2761.85742402346,313.3744672521318,697.776250470154,1449.1598569623325,0.03474748635034318,1.1296997013639969e-05
496,-405.05104736863393,702368.6992265667,659520.0028904831,121428.27859499413,65351.05289561926,17436.14846482746,28820.89363391158,6692.425403827586,2653.8728391850013,2864.6699678727305,265.48188253240113,694.1292475581876,1178.4331923207956,0.02516465762075714,1.1008658892581955e-05
497,-530.0801171060516,712103.2084175359,690052.7681452893,122957.29160343141,71658.60421003458,17285.688303783747,30102.17847434902,6514.456415831258,2549.7360134802243,2747.8538624514026,386.07957056701764,1277.4206731114039,1515.333050457723,0.03986914569348125,1.2316740523599254e-05
498,-402.2959536448868,726817.3081428935,666861.9879664655,119883.45688704704,68554.96180433629,17062.089358333582,30511.29765125873,8000.316645940515,2438.262065837345,2968.8137876296196,197.30574784289163,739.4623930619221,1503.764425362007,0.036153700881475855,1.0013430981646049e-05
499,-519.2392258740937,674990.9794817799,632037.3911368962,120869.11980844876,73122.09542871662,18129.720636321217,26484.239039301294,12922.890494363519,2342.5139232360634,2642.946314767127,184.65280749349958,1197.1235141795948,1433.8608234815972,0.020216209968095613,1.2242396572458073e-05
500,-653.658486770121,714218.739975823,687695.8631018966,120644.42426435795,69390.62320208566,17519.4227226751,28399.76117234511,3199.0414618837776,2642.1663724800615,3038.0594828328344,248.82595934625212,1049.950709016675,1252.2107389329408,0.021627913955560747,8.443103435102116e-06
501,-541.2112546654096,722845.3154391944,639003.3655734856,119547.1977631561,61680.44547398366,17500.35062355861,29428.49076099346,8311.694949887558,2730.056433575184,3000.049836260169,187.76873032367723,355.77941361032947,989.0670293172107,0.02960770240461382,1.0388308675078192e-05
502,-581.6866306371328,729042.5268561422,681283.7232278251,122230.57013308731,61747.66109275511,17203.0800356377,30398.315424697605,4269.092177167936,2708.4641662170025,3142.673109173681,310.62931160401666,402.56234987939393,1004.4857147940565,0.03550910623970223,8.492296125266802e-06
503,-422.9931900298989,714245.0532349937,656729.7713807578,120281.02195889516,64614.475131569314,17418.7897451593,28651.602789177337,8314.15906830547,2423.299601698783,2944.370432866378,213.95437400920602,584.7340774072519,1063.5482237101685,0.03416996475751733,1.0222080000762101e-05
504,-525.061337058034,744377.4733286672,629629.3474300691,117211.10497779626,63373.903308433764,16737.24257447567,31047.728148653077,12445.992566180312,2485.0909840151585,3034.7958003989934,76.0095328633443,458.06486715570463,977.848356633887,0.02901332958351422,9.775189767683088e-06
505,-465.75112805447543,696084.2893552673,642397.3080817448,118074.38799449438,64865.33206297636,17703.161160465836,29486.105743287244,9567.694719023482,2549.0885936056534,2805.849304163885,102.0568659733647,514.9006274295114,1224.1131787263403,0.03257178650856272,1.177009355056141e-05
506,-517.6250340560631,697372.6510549533,648798.0782805894,121543.78553777644,69364.96487500431,17720.219858160966,28484.867284688316,7990.735239230744,2562.7657492489884,2866.67490264983,254.04053126756932,718.9508320050139,1219.327961257342,0.028086059638913217,1.1134688461449325e-05
507,-404.95251965122316,710010.6701504308,612055.7804176338,120747.58042001506,65705.81230008868,17590.091818730405,28499.238669990173,11598.60924456903,2407.6970955401616,2853.1979470579254,209.94723887204773,677.9311744842088,1443.4998920054672,0.034515223626118294,1.0915711023879307e-05
508,-371.09688217862833,726169.40428326,652244.324270425,118183.44392372352,68743.44404484644,16720.903337967156,29279.49298873107,7336.503272994562,2641.648486004344,3001.9346932109734,118.45747450337547,782.9592707138809,1181.4710476655027,0.025052851486321526,9.328642013914226e-06
509,-421.72249030538103,689704.4936514823,644571.298759591,120945.04687755552,66933.40028423551,17859.34209146841,28526.420018579916,8356.376427045247,2432.296661972004,2811.7292189118475,242.009336639911,720.2621873478244,1282.5186043681472,0.01977959998565244,1.1132853549471983e-05
