sample,ll,T_NDH,T_ND,T_AWN,T_CV,T_OOA,T_SL,T_L_S,N_Anc,N_ND,N_Den,N_N,N_Chag,N_Vin,N_Alt,N_MH,N_Yor,N_OOA,N_Los,N_Stut,N_Ust,m_ND,m_LY,p_H_N,p_H_WN,p_N_OOA,p_L_S
0,-838.9202112363771,748214.5163091137,690687.7977741376,120208.09278149079,60795.509421638955,56436.668366049584,54406.77880909252,33777.72481027129,17323.403188486966,2367.3128692464393,3564.5844271235674,2568.054327667741,250.78629236151025,813.7950048916395,270.7937619670663,26915.481865386188,26455.1220267391,173.00038180516066,1581.7666026839393,10727.917398474343,1190.5143568567883,2.1010875735461764e-06,3.629742719433669e-05,0.09960011074036554,0.012589244918042615,0.022457008472796948,0.7140554686698212
1,-695.7358170057237,763241.5051340042,712587.0125131932,117697.19746251128,61316.73034349698,56898.77605355098,55185.41048472802,19013.89078636017,17187.22284321342,2201.4056396521028,3573.587673070354,2571.3333319661606,265.7489401900379,903.2825016510366,136.0078469078781,29314.040997216278,19039.048264578683,123.65725170719104,1405.2855942538797,4889.412711271857,99999.99943069808,3.1089463279034915e-06,9.232832821006591e-05,0.08349939126864198,0.010851105318763212,0.018892731345738618,0.4573031207429694
2,-898.6304071161692,772134.8792476249,722989.1864033313,117131.57802946182,60323.134692100895,56380.685641517695,53690.19680829353,27959.12478965414,17188.51659251877,2399.098075112928,3575.018197509524,2255.0904650622074,312.57218690334213,1093.0701600508582,143.80367748667072,28440.286855064864,21843.548328621524,203.69406502971458,1687.787798952009,5857.933333342306,639.7151069471341,4.601335522531616e-06,5.072283607766175e-05,0.10054623888349364,0.018371505717202072,0.017032191068300746,0.5450672716153699
3,-841.6800316297184,709938.0777725998,649601.9792076574,115757.60213284491,60315.50817979115,58517.70759634587,58317.98070681171,30701.369221877456,17975.279899060704,2473.122659313221,3745.5142153121883,2503.1646236343545,247.53471932202982,987.3569049172054,40.109629695610906,26560.95359184631,24876.790471450924,18.822147225504246,1518.7902201480426,7517.901032821295,4524.860395427242,1.6802866956552437e-06,6.8017774404207e-05,0.10129711955142112,0.011627789405124959,0.015923911383531733,0.668564368693582
4,-750.0963715520597,743441.3601329414,700062.9344162091,119292.6025934165,61751.161057746926,60518.50054416167,58600.85978151512,32810.15376200515,17487.9729741298,2466.010905243921,3151.420446188787,2451.78306946147,278.25386802952704,847.165421817878,227.06100363786427,27325.367848206384,44124.99337190313,191.36760062832687,1602.5554454781573,7993.385765256498,99999.99993536639,5.242040967997352e-06,3.898864212478055e-05,0.07967772328333558,0.013694204051283796,0.025527243071375064,0.7206848100574198
5,-814.0442074170913,778002.783182918,730032.3713681789,117894.03974353454,62412.29037190764,56456.22437583207,54127.63088114605,32975.32589688371,16890.086402953984,2466.9185870528054,3283.388940169715,2439.46667522277,350.02759017320693,958.2172933405496,175.85314024144068,28122.052765037177,29907.971487733248,193.31426686905004,1692.7324226991227,10435.482176723157,922.0075072689341,4.5116630293087824e-06,4.553698655650696e-05,0.08415619216020205,0.017266083272138126,0.020542337251358185,0.7572713307933603
6,-619.3444410570207,728788.8858053067,676675.9041091228,122888.6189923365,59488.712306622,55807.481453395216,53704.44121772686,36245.09706321847,17813.16008453947,2351.2390542879193,3373.653478768955,2828.245166640827,194.12037243976334,805.4655816323772,528.7740790060647,25914.562681095817,57133.24168444501,189.14260099818284,1732.0982147998266,8984.425333798741,3252.9684836731312,3.1853400095268308e-06,1.3120007670854477e-05,0.055671145654951446,0.012711632396779879,0.018866494630375368,0.8158118086214606
7,-969.2880553934856,814380.1468060188,775147.5335776461,117009.17878381527,64773.47894969353,57284.25208475468,54910.39410812008,22431.532263994966,16413.611495530018,2078.597842323165,3509.912807281286,2412.925577792498,530.304274810394,1094.8206928362404,87.92118485389287,29285.536281341003,27555.931183667726,184.83939080583596,1531.1629953800111,5422.094173148036,4248.919121189357,5.1723611906196875e-06,6.734436618899206e-05,0.08991783055901785,0.00913862896945892,0.01977576744585688,0.4500134795542242
8,-744.8474292814803,743669.8472321193,696102.1641944558,124348.83551136634,64883.15911564835,57183.440560263705,51870.3713075913,19681.237469645777,17681.064128922284,1925.7315822953567,3723.732683874603,2494.337680333804,553.5340011420544,1383.318684240924,593.6425436945943,26961.530338366705,43213.96853160604,398.57462680958946,1719.0219361216991,5504.7222909461325,1574.1191144196773,2.2034161859485165e-06,3.808065852967992e-05,0.09573198619380983,0.013354387913294932,0.02400001944363957,0.4152418936299578
9,-885.3863072326607,731880.9700052456,684738.1365982136,117006.8867801007,64079.65117910706,58755.8804332572,56408.85147756807,33995.47310659162,17732.945194952947,2367.6527216729714,3152.7664195692505,2400.735126605734,528.5745417285509,1007.1751787096636,146.50900851496183,27230.342201552834,32238.19044899784,204.4625748515034,1459.4892715820754,6969.79407862123,99999.99999999984,4.388918389116549e-06,4.596330777785455e-05,0.08431457799531292,0.016930425379526597,0.025971934315961807,0.6787711089844384
10,-850.4228848907201,786498.3046288181,743648.4887960323,117731.2519866916,62825.74669891632,59902.99324093932,57751.53227383473,31036.265527619245,16905.151171934223,2301.753696818708,3338.8527135339937,2559.7894178636384,495.72717939440355,1035.438705471237,135.2106793038115,28484.48620399236,23190.251313659333,199.81925590849062,1550.4279532722908,10527.287133712007,99999.99999955096,4.347411556911443e-06,5.813026930931007e-05,0.09235191980994963,0.007057433688350178,0.019286057396919663,0.689253161499518
11,-741.9535035752374,777633.0229218543,719704.604602593,119837.19083496046,59315.34793020873,52248.438794989306,50803.84649595307,20612.56882130085,16794.576958750033,2234.4895412874725,3947.5193909465465,2640.5315399789242,198.6605026994264,877.0735739489547,265.34838858193604,28861.072865827817,24522.239901911616,95.17439501027704,1334.8098233466485,5781.285340207527,99999.99944251582,1.7230972001782135e-06,9.371633220748963e-05,0.1015939745190674,0.011767780476321757,0.0207878150331284,0.4471666303988471
12,-827.3641135526624,768479.6669285771,672853.7434264682,151379.56646196876,99311.65546337463,63384.91573394794,62862.17911776086,30786.020351004416,17427.63539621552,3876.427045709087,3669.194056035236,1866.5491457255582,2542.6155550660574,3878.3583460411987,1800.0933897661112,28247.7397879276,20396.339885089412,60.6943490535333,1452.4148294294473,6768.644136700706,99999.99999888163,2.566191411666731e-06,6.563051881238256e-05,0.10891249943556999,0.009541493136093388,0.0221929408426776,0.6835000318942015
13,-820.5255606947562,746007.2008201502,709114.7427915614,116987.94974236481,63838.745025323326,55949.36728275478,53822.11029229137,33140.51272386857,17178.82088079407,2083.1378148740987,3360.7781606877506,2220.9206957992833,457.0151984731928,846.4658014970626,100.41825308479574,26353.19897070119,40688.68317200114,176.54931221767802,1653.9286970996245,9874.572401380703,99999.99999905145,5.240786945913855e-06,4.505154052810975e-05,0.10496005329903145,0.014179464312645296,0.02052674970429289,0.7090350412535313
14,-644.0743334181225,740964.9194321143,689227.0065478849,117491.9257058207,66031.28352665283,54978.07659508618,52292.95142773593,32678.327770077733,17402.965043432916,2428.0697784185445,3375.619439796775,2472.43395716455,513.1398118618465,1132.0682365776152,108.422531471326,26706.004313717753,26183.22637487365,203.33536425750108,1705.4227771005328,7427.705956245217,1066.3227475773097,3.868006394115966e-06,3.6775421358330306e-05,0.09946597449188,0.007431710922421736,0.021151923184862875,0.5894155380388336
15,-773.9053783094455,798758.7695728969,743580.525123255,116926.92398641458,68642.20905924444,57657.298568203754,55569.79404022213,23158.079945632857,16548.12507167936,2598.2979825861466,3278.4921642701966,2123.592418021573,622.4938200988299,1382.0977772204826,94.19161308064066,29055.07673519686,36294.4939945303,166.82053777951484,1552.2629589876408,5037.098995655622,99999.99985688587,4.477142483260499e-06,5.866399358635268e-05,0.11317805437546401,0.015627618179769934,0.01689997707835584,0.5144995897298101
16,-709.6331790371178,779485.0628034126,722945.8477086214,118686.73643315825,62831.27448071492,56361.44370719095,55977.339704669284,25543.01740471276,17151.08320916446,3142.2604147767956,3356.903573482385,2400.1748764499675,360.34677130745143,975.6816521505107,156.31953118364814,28551.136638315853,25442.945729504816,29.893548684614775,1506.4857532608185,7418.2799042782335,9493.552592434678,4.893667883820471e-06,6.859204663807902e-05,0.08920363913979092,0.012353152609051702,0.022389262995119515,0.5567978728099646
17,-741.5450462761428,797189.8513611348,749902.8890700157,118574.69190228522,62204.58750483503,57681.84401487559,55466.690361515495,34773.030613779876,16743.608621349937,2369.155113128455,3289.4277802810943,2593.644834456843,329.6625532526264,809.9030966169407,164.38800316032783,28650.121593241252,20120.390845403756,175.94722793532767,1609.3887884081146,9778.043128812194,751.7429884749697,4.442860859367217e-06,5.549101837037895e-05,0.07804901786863895,0.009466879324206734,0.02264474386145947,0.7141578140066633
18,-877.3216021412759,728180.505527369,696611.6013085827,116571.14764204838,69085.43858796958,56118.90659558994,54695.06152768446,19439.131088559716,17843.85536881982,2698.0741662929913,2971.6900933200095,2051.06121712354,788.7153879850573,1623.5858353944022,96.60338251469709,26313.492236115322,35915.10451165544,110.50528007976263,1780.5803408679294,4921.3416457010535,958.0054501924478,8.007592745869025e-06,4.7648239077166256e-05,0.0878523177950161,0.016659966650703326,0.020016123373219036,0.43088643304683644
19,-804.165993646611,765516.9064318896,718381.0999801354,117187.99741842186,67431.15937384486,57484.234459668514,55004.484192774355,31222.30011950763,17287.18342428687,2326.408647153921,3451.3160929167943,2335.3631728401842,545.5402426317172,1307.5011958353223,100.27757880338532,27878.390906327546,32991.42039376958,209.52097448652344,1623.3772034225087,5521.810253273496,99999.99999965238,4.0846213903191355e-06,5.722851451267357e-05,0.10251536540909308,0.01322169216755899,0.01582409747188775,0.6344346487129592
20,-636.6586842116535,752861.8285256901,706928.0644742076,118458.61393538791,64174.29908244508,55747.89189340662,53476.956681793956,14207.911060280048,17178.52886241271,2240.53354648578,3400.3095461944463,2456.144878314019,345.80193530748534,1001.5958485017462,199.2890563582463,27601.770632425985,21929.52853579981,177.16064471168178,1527.6162423914025,4841.508026906987,99998.7147912841,3.235314158070652e-06,6.598245914276914e-05,0.0899515521199987,0.012434945310954307,0.016368984003414834,0.39107411860657876
21,-971.6131496716259,746582.6880232643,692821.5884912253,129121.27094330979,63636.73047598077,55155.48257132704,54256.016197643185,34534.49661526784,17291.359834224295,2543.4551075889776,3628.4108710574587,2795.816736513659,406.5756061717905,1136.9530307296627,915.4341915634949,27674.130250069025,23559.762607364293,74.0078159934159,1519.0980718680164,10602.424571790125,1191.1995129027034,2.645129909722256e-06,4.6612375840719936e-05,0.06671874519776505,0.009629129902361557,0.02229788317639548,0.7192463999955605
22,-783.0510525112327,731206.9779208652,683263.9225179341,117230.43975756048,63930.30327031321,58605.98425175572,56143.58946632272,28365.229542963847,17488.414958433976,2337.350791446973,3449.0976267473593,2628.021795596908,496.8508902958195,1073.0040750845174,102.43931742439383,27264.03607988291,27059.38515119828,201.8391353259257,1500.3436395234621,13891.105907192981,99999.99999776448,3.9462833250144396e-06,7.48352615056191e-05,0.08735493267564434,0.009278230757257502,0.01848962886679094,0.6437734527379475
23,-684.360649757159,724993.4676081487,668915.6960553881,121720.3181287552,60920.49071950442,57029.95341545082,56134.98236255936,27251.209161713716,17715.819789823654,2232.412350044304,3882.990477954193,2659.1228771383994,291.33420269920674,885.1484593861194,389.16440012353354,27295.421366150822,18738.843170999848,65.95777830415145,1560.4415757147142,6786.315717630619,3441.413526109002,1.5090559330501526e-06,8.268444847853761e-05,0.08805793312498568,0.014652798966096565,0.017957734943374493,0.5333139863166269
24,-923.6301158933677,758945.0872779768,730755.1626981203,116431.07547703096,58151.86950189452,57363.86403141074,56184.29984882267,10020.961548530278,17211.169177257463,2306.939455924369,2814.9262601567716,2469.42653373956,163.44124698697,786.2986430025474,68.04350612786405,28309.693799511002,17471.172525993494,86.02744443083986,1631.8703790704255,3845.5244423010654,99999.9999992209,6.998252966750658e-06,8.126250207313984e-05,0.06476305669135007,0.013330498760787027,0.014320391416016594,0.3764938273146868
25,-769.6934409979588,734390.3970272937,690623.0818656049,117584.78449802546,62397.796815888156,56979.564396271744,54853.3959238825,32229.679878950737,17782.945461891362,2143.2055518634556,3294.9077849360715,2385.990344142717,368.165689400705,1124.740680334691,134.8053430503484,25842.670880302787,42867.932287094976,190.37679021455912,1720.959201389337,8201.228954806813,725.4981692743306,4.694736909055243e-06,3.244016367399048e-05,0.1039101636408549,0.010598710114579406,0.018790274464896506,0.707783055531778
26,-959.551971324684,758407.9213499229,728923.4189221597,118557.71203576645,78385.807667809,55290.712631321,54432.1435601502,22508.16459767779,16976.260004410997,2329.7087379823256,2812.4958037564934,2201.2455463149267,1154.111049518549,1653.5252564681318,137.4026649915699,27809.679151709464,24706.638234406604,62.878151566032884,1572.3664945676271,5626.55419104122,1831.7761759259274,6.9648850022047165e-06,5.145887548433728e-05,0.09283490431090095,0.0057472793146621775,0.014683085928636016,0.46425772548797906
27,-656.2575729454289,718517.7194091652,675539.9983761142,116289.60629331676,64523.70866866008,57264.49802249448,55626.97026329508,28807.84790440755,17925.725908333618,2433.1577617925263,3141.134660798309,2385.806278413411,504.33427644933766,1302.417637719918,70.37900663555511,25526.8565323315,142561.6633476436,144.83637528909668,1953.3688263198637,4567.417398573583,643.7515538744823,5.890234187849843e-06,1.714476146404825e-05,0.08595413008402601,0.013687098792143724,0.01911597718629138,0.6070555405828892
28,-706.7429451248981,741267.5485722148,693213.8573747199,118122.59859396724,57643.536141198725,54268.33482005097,52935.796343236325,28068.148340307547,17753.75843510702,2250.0216510815817,3561.45902518492,2627.769996575969,94.52430862588862,641.2327071787665,182.24096040310792,27910.29239692793,27581.26407488615,103.22563907767838,1499.6869994034876,6548.50127699679,99999.99999990303,3.3902218320781402e-06,4.2017364380896144e-05,0.08505448745036762,0.01120577131436008,0.021570228837378816,0.5090490051612612
29,-768.9496115077432,731059.5044339638,695456.301775151,116244.55736598691,60046.13316485006,54306.751339624236,52907.56444418752,30767.702989195852,17647.430722613415,2173.608886207426,3018.248012986583,2419.6755928852335,246.95970794104616,758.7181545544739,52.40689148077953,26620.30597124935,46185.878434292434,108.22534356092162,1497.0271087039803,6126.2343308909685,1265.404243454525,5.590538059827001e-06,3.914269739098748e-05,0.08634452069101423,0.012158270499268603,0.02141745343542914,0.6022198071433728
30,-760.0895364749908,735808.9319518094,686889.2510995859,120255.48709853635,63928.67008979311,52299.015828632524,50506.51333678859,10535.325944027445,17826.14181363007,2616.7435777988335,3613.0836407393726,2601.649519836493,446.87982768040723,1086.4191984761412,263.3473233959429,26985.953764194488,34218.20539258886,130.75454773786055,1508.443330961309,3432.3299928800175,99999.99999932678,4.358984708572876e-06,5.8395031006273686e-05,0.08225790594664965,0.009981584398181172,0.013743959144377774,0.3169758452473739
31,-930.599075663692,754237.0625310177,711532.4905370055,117240.63895297091,64257.64117017871,57212.80436831944,54797.40195615692,31032.39163692273,17426.404459101173,2390.771617196946,3132.47634299688,2298.4561675812156,541.2893374500093,961.5285606865916,120.5676573846899,27144.65660974078,43683.70093694678,204.7504583546326,1705.1597214890564,9075.325375741819,2667.499039316558,5.267252947628005e-06,3.470417568122499e-05,0.09444144038525668,0.014889868912409345,0.018958242274081147,0.6600258476309675
32,-893.3689247243937,758854.9328175043,720255.4520076645,117558.38835389695,63392.973568171365,55665.89338849688,53332.337818269916,34873.29628256913,17279.705087343296,2118.1684981920084,3275.254980593466,2429.9309947385123,394.39768858432694,960.5950078849493,130.32272323413747,28243.481689673416,24917.232681616657,194.50761938672414,1641.3060387092812,8583.707818020934,1828.2041976654673,4.589845107079512e-06,4.311459270072986e-05,0.07677447510160167,0.01493104359123593,0.01649393372589645,0.7179095496659902
33,-760.2123634538136,725435.0896993297,667269.6528283627,119887.91362328827,58522.3233521069,56489.0528541352,54014.33260828773,20872.736160838052,17345.33277898908,2370.5654313978166,3543.4260324435368,2780.3063228707506,144.6000384889524,656.457445799413,268.89452489026803,28288.306360188453,23312.46080021238,168.5216081431578,1354.4594682544073,4993.517183622989,99999.99999977727,1.2705048739170569e-06,8.067758454117644e-05,0.06752936343780358,0.01195371811466021,0.016288814072122817,0.420296469851178
34,-801.9069247737079,754374.4401130497,704945.4051958126,117970.32288262446,62528.50366946908,58623.48574698052,56235.08037594882,32933.22350452093,17622.100565629124,2302.696949500561,3606.078316986038,2557.245740195432,385.4507136628492,1212.269181195211,141.4607243033696,27233.872009130104,35308.40674352189,219.41168631848885,1732.0855690432347,6235.338069025785,2103.057930532052,4.159128846035037e-06,4.3196807390634735e-05,0.09661245535148276,0.007901606617068575,0.014971966316837284,0.7118067548084823
35,-687.4674181948603,783181.7484912511,733653.7659120267,117389.34244173726,63695.80149758926,60062.33327086621,57263.87731303662,25108.449864940056,16854.503710995505,2356.377175231344,3549.75963102334,2496.610320274138,512.5020150472607,1064.4584431948829,130.16143088040647,29876.523131970822,14954.256408650412,207.58309853785948,1373.697373612906,7267.74744126339,99999.99999986714,4.063170435799041e-06,8.99023080324747e-05,0.09550770555089041,0.009790117729341548,0.022545497684624216,0.5775468371698331
36,-1045.3402298392955,806625.1628741038,732004.674514249,138953.2231365842,78329.53194526292,57217.39275156026,56796.25615749077,26907.357658684094,16491.929996103318,2983.374895734289,3921.7432179983093,2477.6946543251174,1646.754062739516,1994.3932148510614,1370.7730111368833,29776.62343500494,24072.334175120304,32.91349880736179,1539.317527339334,5260.308314348183,99999.17708365648,2.004808669424218e-06,6.935804456743959e-05,0.08642626091741237,0.008634280714321763,0.02379505776875629,0.5717593194026662
37,-794.6630301041773,763323.820491132,723299.2799424722,116529.305969026,63699.34021510101,53798.1857189087,52474.205153787465,21496.47569166344,17158.259420884922,2135.8798157038545,3369.9947535732977,2401.2784309757913,382.607522003363,1234.3770277145334,77.77103563028813,27651.51208390584,33210.73049590604,97.56187600682726,1680.171985984276,5287.152799135679,4615.3192910337175,4.661486461884717e-06,5.046489298940499e-05,0.09847876877416073,0.014050419975662153,0.023149818323594192,0.44589639064357656
38,-944.4882659672467,744892.2257503347,702358.3987658985,117233.0560799193,67143.94094441432,57401.082125558954,55517.55857650061,27044.437417900273,17900.62655421492,2295.136719323117,3390.161718959657,2361.270482753343,595.331624683036,1007.2656822555434,81.64159601419917,27772.87300572908,27822.954155740128,152.60130162741248,1571.5978001879514,5477.100421838169,13352.627610413949,4.669652101674223e-06,5.909099129547155e-05,0.11608765891867148,0.009612542261057509,0.019458199653269278,0.5648396779968613
39,-638.4712971233678,764704.1228651043,717231.8663989233,116922.54230700382,65602.33357348028,56467.84547327297,53977.37758854556,31278.273890866683,16848.74208742443,2204.7521071423403,3303.3263882447545,2457.117300606813,435.8233715867149,1039.2226828190073,100.05654581205711,27145.90630703858,23071.994520074102,191.8359746686753,1619.685686636643,9144.618010832659,99999.84481956509,4.1036444843776894e-06,4.7169621125961186e-05,0.09427449639545199,0.010516496737962521,0.023892266923293125,0.5842802597157446
40,-964.1604360316034,751800.9301924693,714657.1990071617,117647.54024075424,62477.132016324096,55775.52656905516,53679.1994235026,31136.514692406545,17659.30799414653,2145.997250231672,3144.099686539029,2396.731370612576,324.00391065832855,1000.8421361283473,117.13430450858569,26873.509660861873,38075.20527478565,181.04592174394116,1558.8846084573522,9017.24145519263,2179.73857773713,4.923778582809677e-06,5.1340135796917256e-05,0.08933700331969237,0.01565099662171841,0.02251343434268884,0.6189031477909631
41,-809.0074128102019,736720.8299619338,696842.8739215996,118039.53489607612,63349.821209417416,57484.239902556845,55597.78018101498,32173.605045638,17425.39335775531,2224.2335094369037,3293.7835885362306,2548.0694255200915,409.95333252588466,1084.7447151409644,117.78015728216053,26145.403390932675,71191.0948775403,183.26628019338173,1737.070062190874,7026.633826478252,1737.0049934527772,4.731114180917174e-06,4.1175775136293386e-05,0.0760184812586322,0.009671379428470834,0.02238086250088053,0.7150229492313757
42,-804.882778999448,742798.4431671128,706735.511836014,117730.32251741384,62002.478734340184,55039.88958903307,52193.64034161281,22920.389236586234,17657.45407799023,2159.4641290623863,3263.311219406214,2431.7784990336527,369.40144244851615,1068.0173688945708,171.25547983995156,27000.44179137699,25072.299608017936,221.1471986447594,1592.1329555002123,5638.412395890799,954.5742387014357,5.414426240327662e-06,6.083359198842909e-05,0.08234379916791267,0.015082778416321344,0.020586893948239194,0.4899770125196346
43,-848.3418791102886,753036.6795606181,713900.5347923813,117478.38263714754,65378.00077417488,57046.97902662711,54446.30997284523,33401.47815202603,17420.60511282489,2057.7738047430876,3171.557544132398,2467.2061498102034,467.8266970768574,1020.7764813879924,111.36200244264366,26950.967418915825,39062.19746011529,225.68240143311573,1529.4836837450634,5630.160288573245,99999.999999773,4.564236186141127e-06,3.705043253792844e-05,0.08812028919581114,0.012721805519375193,0.01449122391226865,0.6563267621337634
44,-816.2898392270381,751353.9462784725,712443.8181611466,117455.17743982008,61984.23880275365,55613.96751296052,53236.61529984897,34361.10703622256,17675.068357176508,2396.3298653979195,3236.0084978113555,2331.7080628741182,308.93126738201227,785.3795831643033,160.65081402014118,27500.215197689307,27500.328586613607,203.27102869715523,1569.1417933534694,8717.479630644877,1340.9834642979674,5.870644885800281e-06,4.1341263952947426e-05,0.09660282192409554,0.016334717098662674,0.01986532625523023,0.6908739268115827
45,-695.7366946408949,728111.6198587597,664241.2596247259,124052.43884456226,63536.107704246555,53560.843830474485,52215.18052384768,10009.075972365754,17879.244708205366,2292.7301758146646,3903.8417247782018,2717.224666430631,461.6862580835665,905.6853910279859,526.4072803914233,26993.34736586679,23570.329217665974,105.63406542948739,1473.9006308233934,3270.075431995737,1443.919720619956,1.0000557914497633e-08,6.821940649889445e-05,0.09171994380949852,0.01216367340900596,0.011998292089455824,0.3717962324202696
46,-868.3315135240068,750692.9376095724,707983.5649842782,117416.91056222701,61949.33229347895,55692.271104059626,52967.3527696195,31727.483897883416,17635.332065841543,2371.036595010156,3239.0523634467813,2518.52250376587,298.0918626627517,915.9171593579991,119.74350457730937,26172.871976720486,76838.917059771,206.72901376828833,1822.3157140840453,8351.640960452718,2598.1514546282183,4.920465454713756e-06,2.189592019314935e-05,0.08075037722011705,0.014352993632898738,0.02200473302070372,0.538077605547716
47,-802.5230047701723,747624.2690865573,694266.9338288204,117515.14088891796,65909.90796921958,53088.62422337954,50595.81414801337,31465.652993603002,17495.166437918087,2504.6504012213104,3324.243419954305,2237.138936142251,581.1363703143569,1145.6694811578675,137.12603234080464,26834.200083537886,49862.327455157116,193.57804918665897,1678.2115913782034,6173.9037621571415,1177.277207891717,3.963378420032012e-06,2.132946739502617e-05,0.11229630976106773,0.013101878430036002,0.020928250000187727,0.6074228969224271
48,-736.5200083625207,726545.632319202,679515.9563736079,117265.34452690782,64457.28988460857,58636.4860212718,56265.9412809457,29689.340347262838,17619.54117856702,2328.803397343426,3280.3777486274657,2478.9448220749823,395.44078315863084,1045.230719400127,115.93574567153884,26817.57869465481,33284.063012667524,215.11001640917513,1675.8464991250466,5367.364144232688,2807.611818724303,4.429250345409361e-06,3.919030946208329e-05,0.08985715968569287,0.011434143049322953,0.023394428873701915,0.6140607226180769
49,-767.2326894694363,733316.2502580285,689423.786535624,117686.58707254057,64884.888585151726,55429.97074088575,52975.22093135061,33113.39818575637,17479.866869743506,2456.809838062698,3138.8190675899473,2385.580144698796,548.546175215547,1027.152385157119,118.17002314933264,26324.692238560037,37017.81567094262,189.83534024244787,1457.6898259361337,7424.555667549518,1254.6031860429682,5.191873725561663e-06,4.789185385752683e-05,0.0818084364312519,0.014819116488877682,0.024306057187658603,0.6922864208872825
50,-739.628394408854,782723.4599473638,748006.5396237777,117205.45842869047,63302.14086160103,60077.06636602189,57422.29808241504,26280.241804856094,16986.824309384083,1960.0787872395795,3524.997053018436,2289.9323803641114,366.8993965034782,1197.1787834852307,99.74199635168583,28769.73180115118,24135.832930742014,211.96944850160105,1545.4662530899955,6462.262581582587,99999.99999998882,5.022267634756074e-06,7.28698717240991e-05,0.10785350739746453,0.010510132235761586,0.027796549359356087,0.5931510625470454
51,-746.0388714330713,743904.0978285436,701377.4470047001,117512.94711873043,65459.28445755347,56346.68675435841,54017.729908595444,26930.12641666368,17524.293418286346,2123.575093234369,3498.484742024037,2522.3552745653874,600.9337307356416,1261.1751634985244,132.55590024130834,27528.692305515237,39548.50312135203,177.84770126736603,1545.7670398979003,7016.708731300954,1090.924656834907,3.9972363732253075e-06,5.071574170807012e-05,0.09593310716213015,0.009746580746172061,0.02838032781158645,0.557324977628591
52,-674.7708882437053,792633.6662114311,754184.0246295445,117008.61694904347,61694.199557630694,55327.44464233045,54311.0101459477,35285.86108927359,16984.273694827916,2483.229877295841,3352.3944375885644,2448.7495780153467,342.96317414618613,947.618027147223,96.87514142068464,27522.643360134512,56643.094299505974,97.39362087871663,1945.5122343903809,8821.17652459947,1207.0993859323562,5.711666614364474e-06,1.4694139173947532e-05,0.08368233490292226,0.012443388389099516,0.018107406810340086,0.7935549828587616
53,-810.2846012865351,740858.5327397423,700128.3386550692,119371.7013881757,61185.0261857395,57136.23111331163,54794.3413354182,25715.603681707675,17579.199815480253,2359.4194406626398,3239.0697565657283,2461.179407673931,317.3699692448488,926.3176531673812,176.98451607553883,27105.97635046302,34475.01238826553,204.78374049593995,1675.7708993865485,7310.123696237042,99999.99999956676,5.089281867341778e-06,4.3766233489387005e-05,0.07489303294232037,0.013985763042002879,0.015574449224955399,0.5535293788367428
54,-717.8640470042642,784999.0774291875,734129.2760612547,122488.80507825695,64466.54354830422,56846.23257816905,55603.594939021576,23973.70749842176,16864.13119242291,2015.631824131222,3583.599794825327,2453.5323320481616,429.5472682527572,1195.4042753207414,372.43092296288506,29296.502339311453,17369.39553269755,97.78673432572236,1473.3857689357544,6200.557184400059,99999.95149165801,2.3112025087330784e-06,8.140688855538853e-05,0.10020472089349741,0.013851719838694541,0.021629204097567085,0.5174462738088395
55,-683.951260892057,697139.83865807,652291.1779815918,116688.17894654519,64378.664622236225,56708.754084069755,54011.287977932305,22734.6594285454,18382.030092958197,2157.21499977657,3399.5108133294484,2249.313454117064,597.2851446840542,1230.8446094145431,105.46372659060721,26715.436207823772,21106.780521345743,200.11274318877537,1464.882919427146,6037.281999547818,3219.95628131055,3.7267636064394347e-06,8.218691820298721e-05,0.11453897792716937,0.015071032912514023,0.02189086925442962,0.5036879882847586
56,-794.4194036205195,749468.8480983431,713010.0378986469,118083.43433647402,62261.90533388366,54647.35209678632,52002.35252908668,30860.217132287617,17454.603384701983,2262.1552854170673,3218.5351854875435,2566.4958304428587,373.8393393585216,1016.7483886531892,157.27357397825944,26365.211252402605,63245.411660316924,209.34038593467304,1613.4558387667018,11669.851338181354,3277.528867329925,5.220266749824745e-06,2.861394600005939e-05,0.08009154863992843,0.00968790008567552,0.021528967645221265,0.6035509446295404
57,-819.0517909702321,765799.7979185659,734871.5584996697,116246.42751566843,62668.455030941506,58255.62516568007,57250.58708572563,29014.791249610895,17013.616762161822,1568.920879196464,3341.093717458217,2496.6507212787023,344.01512844178427,928.6073814576866,60.403430748859215,28775.505103147356,24793.625708294763,82.77930793331753,1428.2466242798685,8273.86113177077,99999.43705415225,4.6020308443856725e-06,7.062858072757512e-05,0.09549869264959089,0.007177287028795006,0.026750853492787233,0.638406948791963
58,-867.892939928181,728846.4642149777,685045.8579782821,118114.278569875,63736.71854781205,57340.63413928612,54915.05796984159,22788.044682684056,17662.43374573765,2387.4682704639054,3165.9160509972326,2562.9658240897998,479.94391630442436,1089.0897852777296,149.99078360899244,26965.430397966444,30537.75505534664,190.37827406491346,1488.5068391850102,5053.43982886519,3677.8220875384054,4.486338388211387e-06,5.902092892713753e-05,0.0794966493312585,0.01071871849678832,0.02437246694133379,0.5012994494971377
59,-887.5016842784194,744380.5036512482,711418.1939415822,120091.17087017294,56379.586332223844,52378.528118755166,51781.183940574614,28673.907871748466,17625.79405436118,1637.1156407841818,3332.3888893060976,2738.1083313636095,59.670024159151026,689.4990504254566,251.39663538353037,27592.880658970316,32893.651113519656,44.61415642572765,1534.2709025323254,7237.149439477319,99998.4417177856,3.5508660221658617e-06,4.7809014027959013e-05,0.07021402090711354,0.012021891695904544,0.02346384527720666,0.5117761482673717
60,-959.8323093569945,725428.2412456089,688961.9419909563,120365.95161189634,61351.89355839037,57717.086044815675,55422.97369884949,33516.00204418507,17293.359363526306,2007.9901703743737,3169.5322809287572,2541.071068866924,269.1223782511526,811.1823418918449,351.03654613956644,27643.437864003812,39557.600681884185,186.05371092715475,1535.3652502559305,9474.678486905614,1898.265949532333,4.486247033646194e-06,4.5104495389956135e-05,0.07072193124186545,0.013194936707581912,0.020320099734346054,0.6596806146305672
61,-791.032683944635,741761.4942799795,704547.9987867925,118171.0298300352,62763.274875034505,55969.125732520384,53556.31795466319,28469.112257992245,17812.83845435225,2099.483817443053,3272.052619197002,2487.5983506230345,359.17529506275554,1081.4979934516675,127.17321190711972,26722.181870209366,34269.3732796027,185.5410333812517,1901.4049180115717,6976.879364630575,1045.0085261351674,5.230750829115061e-06,4.4053371083835785e-05,0.09284418938787163,0.00979619501996877,0.02237567905286404,0.5415653790937051
62,-931.2153909627791,730585.9459240928,689377.670983446,118522.34460871635,61592.35215823335,55741.45110398479,53105.09269117196,29893.21795741471,17664.292490243213,2383.912345671947,3134.7802476837046,2577.0264474190803,366.98921240740606,992.4134256924116,174.2707197416145,26752.098827987367,42926.14517424787,207.56797267279376,1544.4991982264792,6328.331690450534,99999.99999815403,5.024004459160649e-06,3.88910426119284e-05,0.07672876889837546,0.008865179182031013,0.020461503669932178,0.5798042821487477
63,-922.051703273629,768414.8397107206,731279.165573417,118191.02882973992,62667.77114378279,55637.81857461369,52763.80029143299,27047.372484685668,17141.648253626467,2455.588865939956,3153.3895668867917,2394.040049060253,360.78438243474636,911.6349355706047,173.1920604164954,28908.663658509096,32050.697409251337,222.380430079688,1564.7289202337681,5711.789514992524,1780.9231876612216,5.7998721461998775e-06,6.313833076499825e-05,0.08400287555345853,0.013020578853666706,0.018119583244078665,0.6127405444529245
64,-795.660038854759,742261.0124562053,691497.819225941,117523.8669334679,64639.73336978603,56821.21823966322,54339.75190653116,30378.08639143129,17628.212699325493,2388.131846969955,3328.308311918931,2368.286518813903,546.9575508034274,976.7111811616136,119.60979903766179,27328.950343524983,29334.8319818405,197.71072578295306,1505.8174931274384,8336.704235261685,99999.9964743547,4.3192493024333645e-06,6.348108534557777e-05,0.1062603222318096,0.009289987328172189,0.021832309548764976,0.600536630860294
65,-748.0545028279896,741593.7858790833,692400.4189960713,121297.21305721831,65559.82289359438,59219.576854564766,57354.99644846785,25861.27148898155,17989.487094970773,2008.0488642093364,3469.721451445072,2554.5658881849054,570.2241708497729,1184.7800144302944,378.9018192035902,26978.214326991303,21449.417188335334,159.92044595082942,1550.0599975545142,5519.915223154712,99999.99985226576,2.588770838550152e-06,6.0411952877309204e-05,0.09019862929175014,0.013238331765364474,0.02385623245828152,0.5671368367067906
66,-780.9725882417474,727906.754788887,683963.8537016744,116624.65005686657,62380.06319307692,57453.364518148606,55252.347176911295,31639.71611508308,17762.99532367499,2429.4444448407935,3224.34970025515,2239.2498091059356,330.44471274333836,1087.010562582573,99.29787419540833,26365.30908130395,35674.44760630354,186.67054549512366,1630.0716853577583,7104.93983954933,1910.6986743948119,5.3821255877241465e-06,5.566790331052356e-05,0.10251416024284954,0.013452055436469079,0.022151200405297312,0.6547104479958117
67,-914.4210276448669,763983.729436901,719440.9559508336,117370.8824019069,63750.72149393324,55165.738857032426,52924.21946731372,28598.12031448838,17241.764706716163,2302.5487415177745,3317.76494797791,2385.1806265491145,401.9107269800764,1019.9877830763962,123.75115072688665,27527.634343539834,37272.75514355976,183.6923154839304,1573.3820583327104,8314.042260265782,2336.922632442171,4.385317141153507e-06,3.839025267893801e-05,0.10167768031779456,0.01398823078598426,0.02442740027508679,0.6047545865079541
68,-867.2721387389154,727922.8428540498,687972.813333321,117385.23687718523,63469.03049270523,54792.3164093022,52268.967926917554,30620.28361498868,17811.081367579955,2292.4670980063415,3264.6625373535326,2443.817787070184,351.7642390531887,1022.625986784956,149.70763259496894,26330.616714873497,43921.463209665155,217.79471979272597,1725.8105167025622,7498.11394095134,1383.6148582676926,4.8696312752028195e-06,3.3078742552287186e-05,0.09110824275196117,0.012018686847867863,0.019306950179361706,0.6883815141139735
69,-991.3499376871994,748548.7518578658,699910.251318684,117108.17655173712,65658.11242392573,56135.34036078009,53732.879590782235,31373.934364206954,17604.49190302062,2349.4372158843776,3395.3072058245402,2561.842503497364,550.8319463181703,1077.5979492904771,96.83481150755149,26900.98056496713,28669.95178056994,201.56184992899128,1410.736045054396,9497.657313209655,1040.2055275328808,3.375535499853082e-06,5.219727446531888e-05,0.09146455900423603,0.010175002036559511,0.023503179719280693,0.635102489910371
70,-761.7920877859632,766943.5384342842,713275.5702226703,121294.67646068255,56550.53947933372,54320.61759623873,53691.95799458225,32648.853991869244,16767.797126292196,1943.7634356435765,3987.2131133547136,2967.611924473287,56.27125077194713,542.4227550150224,321.9748341403166,28456.91481862777,21551.92972686911,45.39085834640952,1444.5907653950587,11305.04601770732,6362.993382155402,2.113966830276166e-07,6.833158335030925e-05,0.07049345902068822,0.011745210015037942,0.027108710355243038,0.6639150119253766
71,-825.0732958907944,727699.9405940615,690079.14247938,117802.4119175795,62241.188277607034,55467.02484279758,53129.80007224573,34045.59208328936,17484.955617617397,2318.455385258074,3057.3721706882334,2423.2673437154335,346.9997105736252,848.2761105048689,135.80860275419505,26815.45599809961,31930.983573854646,187.78115212041078,1581.1598931973883,18982.18114204175,2015.6940274663757,5.599579581655806e-06,5.2902601376690236e-05,0.08092291922796337,0.01406208125058973,0.018680886983725376,0.7443905573433511
72,-833.8159509094826,744906.1329591535,705608.9844063078,117496.47652029849,63382.2015697732,56994.08270309151,54457.78067615152,36159.834170456095,17595.655574045635,2242.861392607111,3359.6423422232165,2574.346894944132,448.242747052031,897.597723521272,110.42996701296218,27200.78491956614,32879.28888106529,204.49887191620408,1665.3769730927195,10601.175300004255,2175.5996077040154,4.734188342097808e-06,3.840271347155957e-05,0.07776511352901544,0.011637978414440975,0.024518096594381443,0.7496170448327005
73,-766.3875542518397,763354.4556251096,715544.2162542252,117697.17949187834,62924.57905490286,50405.02810364739,47999.999999993925,17858.95270501045,17391.222143448304,2332.053411883966,3428.1370909240654,2355.1915863333584,372.58492953226107,925.5552265737912,115.09014517800352,26889.318722196036,27439.88440793631,164.56160585735404,1604.5236506928245,3594.6511558476823,501.797179062786,4.056435537822244e-06,4.2505874561080755e-05,0.10264575451742389,0.014344596459090864,0.0158180748131738,0.3061939458513204
74,-765.4607064711587,749022.6517976312,699099.7292305906,117332.84458775021,63638.30110895782,56178.31489370374,54025.7035410663,35116.01621577657,17380.052302603493,2405.6602504252323,3442.592220855965,2412.290921049423,380.6243847667402,1027.118135985215,108.45958141406139,27294.39444466399,41157.22489876245,200.41132702363285,1654.8596660291469,9438.01175848131,787.5267600499392,4.110001322764812e-06,4.4852522821549546e-05,0.08550406960006164,0.014566438488598116,0.011654906803691833,0.8053880396384505
75,-918.6421448748472,755797.1401661948,711770.5700011994,117033.79044435165,64506.60569097597,56800.92783021347,54251.52564902239,27199.93255908434,17528.284620079838,2073.143932754419,3353.351567614026,2365.8496289041373,450.151339397291,1036.3484292725734,117.96147358694726,27219.176248534088,32725.60420779846,210.1225366841898,1596.3142810054208,6757.50806513672,99999.99999569874,3.5688617897531356e-06,5.24966234662362e-05,0.10447663790939044,0.012787179094941422,0.016966009150161478,0.6046713536372812
76,-735.9416579375786,751839.125785429,710047.4008754278,117417.00898295232,65205.8450921332,56416.496765112955,53573.920037917465,29979.125295272523,17414.79612256998,2067.633255062692,3231.9851094775677,2428.773641447436,509.82740917061864,1222.7086503242542,116.15185791536364,27838.531378000855,29377.403601500857,205.53130140934212,1338.9497085676921,9767.437971389721,99999.99999984672,4.57072435793356e-06,8.07564622829211e-05,0.10261308304964509,0.00924245187133213,0.028606038501283224,0.6085453528774875
77,-695.2999289688748,731894.0793738419,694024.6069043708,118862.33077583113,60791.32767306144,60059.672984860954,57549.58934788094,31404.47298352734,17640.987924553257,2145.8485542733442,3209.817918635122,2380.7286854759645,296.01078009001844,946.9570481948037,197.3373863096445,27271.201324249443,26629.90369041682,230.3821339515517,1552.7546307676164,8560.628115177587,2598.599610531168,4.908290772792508e-06,4.674776805420296e-05,0.07944126642689715,0.015260646129701922,0.023160737224434274,0.6543239763858366
78,-669.3653521827484,734874.6709033683,696320.9093357611,117684.56894483462,63275.83068112661,55232.07362030243,52759.697148878484,31730.75696346288,17597.848486741448,2161.1534889858253,3415.9535695997088,2344.4020835901283,462.90301642113815,1059.8063098726248,146.0357619997732,26207.94020580691,33268.94146899964,210.4321898104424,1834.249023919436,7560.967063768986,1432.2949628008632,4.462549587079268e-06,2.8215822691187852e-05,0.08611410433054958,0.014817852513094937,0.01764395951782841,0.6667257543219691
79,-833.5095865957627,758814.5937754123,719646.672300699,117507.18764772867,62670.40467440163,57303.34972053751,54770.312645048696,31993.05801490292,17227.58962492005,2378.222731498183,3571.6564922073753,2645.932690516034,389.9828835882507,1011.8188119332978,139.4194391738063,27876.844585866307,49058.31442573568,207.80883164882752,1550.5705664163515,9439.512766397227,709.5424524832544,5.097855869010536e-06,4.826337747774271e-05,0.07111386777535886,0.00835787851388742,0.0213274564755152,0.7302232531137502
80,-679.798910689422,764756.8974447153,720480.6680286824,118024.54261885861,62969.46987859842,56116.0344950614,53694.62023716476,14831.474448031304,17122.317230602504,2394.208634045141,3112.9651390112417,2295.827222993383,578.4772788921822,962.3055789538861,172.3305650839824,28189.379658011563,22902.234793460404,177.5119180111069,1563.8552041931237,4277.209232849201,4697.043352887146,4.804147199830918e-06,7.12468425097125e-05,0.093788233931273,0.01675815911702565,0.015599908614737153,0.42215655875137437
81,-862.1928182389461,720018.4395198935,681108.3468371884,116993.9175989647,64689.56416929267,55195.736693031286,52893.583667699655,33990.22184821135,17787.87528144283,2125.3358003820485,3289.420814167612,2450.212594353746,555.9412256415914,1304.719961014706,109.35450323738468,26567.4983599763,47454.541774846206,186.09689532316958,1628.7003185628948,8557.510306751887,597.6813599724927,4.810976578838812e-06,3.604237270305907e-05,0.07728946016090184,0.015069222818517376,0.017902644912748296,0.7277564235702768
82,-616.5011719984954,752208.6433584591,704849.4984194458,117327.11804125344,65048.85254225825,58800.128128432116,56185.74422301056,29644.29159402731,17451.91200307508,2420.804770310533,3209.09645144046,2616.042719985995,464.920440668577,1027.1896676155359,108.76464159324868,28709.79996785963,24354.564799648895,210.12189530451982,1640.3296811147375,6063.763835863804,3314.608924329132,3.936862598669031e-06,6.0403774144651064e-05,0.07783891414683114,0.010519101305166468,0.015654718932973436,0.6088295206501503
83,-583.6716183469821,749471.0965560357,694645.4202420871,132534.07550781642,68926.83861807462,55078.47127946213,53928.98404827636,24539.997799244,17425.70544166104,2507.8324820819917,3608.287367228933,2561.349393963025,664.839091134733,1377.2405624484127,915.8694609534836,27660.720029806533,31961.61830113531,98.04347096827388,1464.8647047072873,5307.578283096713,3688.723124104238,2.509849642318314e-06,6.0898922975844975e-05,0.07661196181685626,0.013178791207599681,0.019130646722798215,0.48920044431633136
84,-779.3798847907761,738701.0888065435,695450.5893585855,119670.68605601083,59760.14341692203,56179.69146141479,54529.00691138142,31153.333204325045,17610.927311423395,2453.38053058366,3199.227727918091,2685.8465273549123,212.25515020202778,816.5516166950725,256.6972566860652,25968.705973452958,45170.23284915904,143.8531393061884,1728.1366813471745,9103.059390404815,1113.2315238235858,4.502057615253725e-06,2.513061556677263e-05,0.06612659405888983,0.010950469744662728,0.018887992900551095,0.6633817575051846
85,-921.6882707507139,734149.544767818,691318.5973606776,116776.1171841822,65225.86602526697,57082.62605729851,54908.68506170553,27816.89966651153,17634.109494286215,2201.5710584462627,3131.2980782140166,2247.4592142994934,448.769353589497,1059.9666308979968,73.46326798491053,26588.269917781614,36540.83462397922,191.62919783996082,1545.492117013575,5718.000680045722,4282.677697563341,4.732837914927918e-06,6.182731287887937e-05,0.11028848853373484,0.013257640705894129,0.016634624601711535,0.6159684831496938
86,-812.8871694931968,731378.703682832,676962.3808177972,119943.2306940749,61804.554581654236,53741.70538940468,52709.36120992588,31852.61367721141,17632.880410244954,2269.688516394511,3631.8237400954235,2649.0141443588213,331.15005597598594,908.6941389442467,289.13718830898256,24971.652026129534,999999.9999651118,96.52795988338362,1762.1631267920388,7499.233460578249,1087.1726079692494,2.31889235966611e-06,1.4153353637107033e-05,0.08630150851920894,0.010507539226904491,0.018152255158436395,0.6929743816058708
87,-737.1879818718952,735585.573941041,689165.0615504415,117516.13819912873,58564.48332673002,58355.7989861484,57039.66664745258,25849.534242392318,17982.808427521206,2048.5390849969317,3428.1471988979333,2639.6918208651537,161.18876519490632,719.0709086200574,134.06217706726366,27777.34879811094,23274.653354412865,97.86315302685975,1544.4812022002943,4674.788598992511,99999.99999999984,2.6444790234933976e-06,7.56315964253582e-05,0.08299887146381774,0.014885429794203668,0.01997846989312963,0.5566712263216406
88,-787.0659644117968,755440.1458188235,691903.6451728864,129591.40130861876,58868.84384210273,56139.64302851155,54548.983323613895,26862.976460966194,17337.761921079637,2228.4071120211415,3992.437355022147,2774.2544670946395,217.73871956377064,815.5648316419746,1217.0614780456206,28027.290002692316,30917.937512336783,120.89245683411595,1496.2739188977619,8394.901109378296,11673.07822555908,1.0000000000205116e-08,5.771248322242317e-05,0.07738344147286007,0.015583932785077942,0.01841111922468713,0.5628987209850062
89,-787.1835366770125,720169.9806005553,673525.8639995136,117930.75197732777,62534.75809573137,57183.31690651498,55145.43348345274,31119.529620519475,17661.95937707237,2378.925753969798,3151.6718806390463,2451.9101907477707,365.4135755548555,965.4217708822446,184.4692202001716,26563.58825624873,35603.976725046785,191.83305253073837,1479.6958021599505,11980.277423093008,1858.4246474185813,4.1336116240641885e-06,5.1423776219234185e-05,0.09353881330872202,0.015141776801084523,0.01832522191117049,0.7105975564386996
90,-691.813042312118,702700.2075517507,663217.6156353229,118035.53355688625,65900.16872337229,55555.54614787277,53145.54568372536,28607.130995183525,18271.33435826873,2091.944850204512,3376.758047200452,2472.3703050437657,551.9545563210877,965.5188179434779,133.92385134125882,25685.775336458588,36111.34540191965,189.2349677362163,1674.2016572762113,5440.86974502673,1205.2994391605578,3.8945412566912215e-06,3.377010094737585e-05,0.09030139569646739,0.01258199181753951,0.015046750944794466,0.5462557352553944
91,-879.7785711794879,742253.8180581101,698014.2952778002,117527.52558768922,66055.4979130774,53018.32685419704,51379.43351524418,24122.032148028033,17718.378517924426,2205.9112318415687,3594.57211972741,2297.8675878825666,493.19916841933446,1086.753815694867,132.27296877185165,26095.875271920766,26205.014072636644,130.0652667013164,1739.1153401882211,4279.557161959519,99997.02567028427,4.0340704063128995e-06,4.0681860073280735e-05,0.11004419909611915,0.014310404379414754,0.017207981424414893,0.49818899745001005
92,-788.5465107887892,764303.9245037057,722121.5096323494,116138.46246389548,59763.54064545007,59389.12876063573,57830.232737568185,27837.635462349754,17292.83516000732,2045.9064854285475,3347.255673312865,2632.2242401069857,215.49023134529787,793.4414925038759,58.01539439715541,27485.16915323867,40788.24887957889,139.03924908894152,1658.9767283653068,6079.578797901743,1091.4205075128168,3.473410150233274e-06,4.5855270887020925e-05,0.08884860349909919,0.009735262427192175,0.021656260439832046,0.6368179337678554
93,-937.0470627901727,771993.9231866585,730523.9592357989,117009.62179007719,66424.97720501712,58080.66415694968,55690.75327340446,24735.024316365194,17305.840727913415,2316.9734267566896,3440.6362030981754,2373.9640684816504,630.8976502875761,1425.7328291688382,82.3963516823825,27437.778168679582,33427.12241987314,187.3412705075263,1667.5765270961529,4621.791292575244,3086.269065799035,4.862455738349466e-06,4.893902965553115e-05,0.10627133014472988,0.010200583088504996,0.0212691237728633,0.5348961921230965
94,-792.8619972991975,744640.1910360673,703562.7804480238,122501.79969192157,58680.72936553981,57828.709908241115,56044.63142655755,31332.82970144108,17399.638042271898,1969.637554261849,3429.2476062132996,2674.5520449491114,147.72820507234505,722.9501556613932,494.4441818715284,28135.102650522156,21529.045592662194,144.0176987865347,1485.8126334502942,7890.787230094817,833.5012384078633,3.0706323242107878e-06,7.083808983009885e-05,0.07323619033836996,0.014835478924074502,0.024743301309051384,0.6855060526324783
95,-579.3615967990066,712300.4671455456,664745.3103641971,118477.87852451015,62760.3414414585,58945.04943378174,55971.539442561916,29453.328491935496,17597.64050155716,2134.210763398464,3499.10057603215,2556.1127317195865,357.0309208486055,920.1473874959985,168.19532067417882,27703.378026117472,33102.06353499471,209.43465637666253,1479.8408834927172,7061.400225887972,2036.4211382238143,3.042253372890148e-06,8.860058401263392e-05,0.08455117168379371,0.01265401326814967,0.01572091978903597,0.5979236850709875
96,-979.5509452267058,761187.2962330845,710860.1052834019,125679.31879003058,63550.06259158023,56329.630923385324,54873.958741289396,29908.201866634383,17257.94923991417,1949.6711886846588,3844.865530582596,2738.118798905594,423.86468076659156,1154.286668219563,591.7175372852805,27674.79048475522,35817.80986680415,116.09196129462183,1812.8958285459719,8231.173022147605,2038.2387375341825,1.5889194442207617e-06,4.077662603376095e-05,0.08009482478455214,0.010512129197556026,0.024186526537491915,0.6614234605475174
97,-705.6245204555626,758972.8614398489,715498.1266080872,117493.91488031934,64527.29619117511,53746.725558322694,51105.53510801362,28547.880425811854,17008.015702685898,2349.2127412500217,3084.209927657869,2371.0055528116222,429.9845978115939,1031.9708803730248,83.99848152648669,26647.397006877018,36802.188691320705,202.17795625667983,1835.191072424901,6252.784962075834,855.010076621604,4.761263973462246e-06,2.4639509776387684e-05,0.10220387559446564,0.011962625764576547,0.015802344884342342,0.544568020351182
98,-720.3512720253623,745191.6811774785,697792.049572128,117518.82801140695,64264.76172875425,57840.75789973933,55480.961108984244,29998.993137218404,17330.591504092507,2285.824319437285,3373.5925917676846,2565.5640325491668,452.91153865780205,1111.4400408955894,98.82079121162816,26541.882511689226,31246.43234401629,190.47653846294554,1682.2179886045008,7611.410328000563,8134.550443583579,4.305545229174578e-06,4.6636405220701455e-05,0.09465368383000287,0.007743248671763745,0.029021113511185186,0.6533320806883156
99,-908.5305514075762,783398.4621353839,735662.4239696676,117312.23105963421,64860.91695213327,57281.948086118384,55190.42392894625,27145.280780586094,17218.136858187223,2225.8340265706324,3727.4005817752854,2559.9902050510204,564.7532658294186,1153.5952773065885,91.95595555171172,28371.637429704348,33324.211122260014,180.91318709581975,1557.4004108118365,4921.759793130087,9606.398984662192,3.746183508665204e-06,6.649699907469942e-05,0.10573210770359141,0.009058879964269073,0.017387229295411685,0.5629738363390091
100,-765.5127613518009,772276.7669881224,732987.1232616006,120694.63447815481,56705.58239773947,55863.206940554286,54331.09411711051,32564.181644346914,17152.120552612105,1845.6181039878077,3421.630475176698,2623.9533567421536,65.59708196736163,629.2554709871347,351.429932960462,28483.557995400424,23467.661919190927,126.71709918783691,1733.9461868659237,8521.825793873839,1315.4973291104643,3.603605858435744e-06,4.108976137580377e-05,0.0739302721866787,0.015282207443716785,0.019922339875912874,0.7086336753898861
101,-806.4062482809343,716187.7660051672,668720.6655635008,117284.49052688591,65667.18333686002,59982.70744748423,57826.613006959255,25266.975140245893,18131.970750326556,2308.348609960804,3315.9738033102576,2400.1999550279033,467.1359129816263,1288.4965420245305,119.28890767718198,26227.80027032943,24747.263173630487,194.8149555064161,1698.421810607223,5125.863662955499,99999.99999999949,3.853193483597087e-06,4.781354055540399e-05,0.10262904711795491,0.00961868018145214,0.01748247774476385,0.5922698246601296
102,-655.8723986301368,742725.2684689497,709904.8630605644,118295.68037087948,62167.26595063175,57723.23591215482,54935.10947866314,30599.279332082246,17227.867389709518,2260.468382928695,3002.621319773383,2474.943168431376,313.5402901507117,1009.2443868099923,151.16222442658022,26581.29583740196,31620.27184116254,221.58824029017816,1620.0460903537185,8780.145011112063,2030.5632358020816,6.337313767593314e-06,5.090898908737515e-05,0.06661688784757848,0.013442976739943224,0.02164504981631243,0.6481200560608594
103,-677.1818882681036,769474.0825924154,736662.3244264746,118394.76920935318,60848.264659777175,56701.82879001668,54163.84679282022,29296.482372661405,17183.431486877627,2037.497503366826,3262.42963737071,2454.207985990736,272.4729427472944,861.1184433038492,181.98286566685098,28717.85149570008,16240.566333392038,186.76094433365225,1511.4151231005103,9857.328697119414,99999.99999911913,5.207056900566152e-06,6.544872835076604e-05,0.08813924941105623,0.012475734975547536,0.02016763211033835,0.5435006787135124
104,-699.944422775774,710650.018831708,659844.1209054412,120563.79497760642,62149.15978428302,55357.56773509138,53045.0041115848,29946.277447155437,17884.030994914934,2260.274004469403,3661.8245476122866,2677.491188546583,390.49326568428137,982.882873909738,273.26527973872294,25513.091040457177,31499.702341862325,185.2277553833127,1504.3652148863634,6839.100052038424,2291.6272471584066,2.125125489767287e-06,5.270411685521511e-05,0.0822894341059943,0.009705067527349271,0.01989224892382619,0.6486734466097958
105,-723.1899415420075,779793.4572050777,745755.2725926564,118773.6659341603,67700.47612340609,59925.64427739918,59068.80308776,25028.496819252083,16709.077091073443,2260.2731893985356,3191.4016511941522,2263.709917000945,579.2834816876593,1193.0006678367645,226.73520486408094,29784.343118913595,18123.77032604152,66.46539405357991,1388.5066512125989,4732.7123678127355,2091.8685412461136,6.3052667240948e-06,0.00010140214542189114,0.08545539269856961,0.013157512957162006,0.022326945918089182,0.5790531555680596
106,-813.8514776519288,716800.1492262568,667776.0909421789,117738.05452356795,64568.33164467242,55717.36596780019,53312.01054395429,30721.55332888218,18030.42802470727,1970.7157014046222,3474.6620984914325,2486.7263482004664,463.41826332482947,1112.196719117804,132.62883911321134,26178.481962194808,26216.51804818918,184.3654270327816,1770.5505190171068,10320.001772929903,4266.197842186086,2.0438019978400214e-06,4.1083362763399573e-05,0.10427361541030676,0.009956929446249117,0.016298204287733552,0.6078384039418101
107,-713.9952577457057,765072.0092097531,723837.3398447228,118249.99671651762,62599.66552914489,54746.03414343864,52144.454104439,35401.31320801042,17062.494807444833,2378.6185774137407,3384.1808482408023,2543.883063762742,325.0557923269647,958.3518304656387,172.72724020422066,27459.83045706674,28134.99162387776,203.23768640885356,1633.8293317060395,10989.404478338784,805.2654682310282,5.049434534217936e-06,3.802496966095123e-05,0.081162280080479,0.010965719445025737,0.021910208211825013,0.7838914214338534
108,-954.4954621273854,769511.9125298284,724546.0052461891,118086.05068128799,62103.07537679409,54540.655510086544,52050.6309024791,33344.04830626006,17071.509743589308,2372.1779239036387,3490.062798140108,2494.5370562492326,433.6964613547831,952.0712200568328,145.41389347906676,26222.34963833363,119286.48628584354,204.6060684643691,1795.446903796744,16679.70444279971,23065.42223899722,4.814520297630967e-06,2.108193129730192e-05,0.09500839415927032,0.007879319407022535,0.021388450470119467,0.7329784644037556
109,-687.617444084204,752488.2599291769,709281.072190459,117637.32440826843,62276.944648731995,60274.77001642805,57553.347110222196,27237.895985617088,17565.216784583776,2355.5713347780224,3259.8370007732124,2259.7719274023816,424.7835190204277,954.922571068105,154.44269005202744,27230.298360881035,28433.967390834685,231.33131460117997,1590.834140703818,5953.373074416803,2300.155207340205,5.066918453633755e-06,5.411052215619235e-05,0.10216172222830652,0.015521282920384457,0.0225505489398612,0.5872677746856483
110,-817.8715921546166,736012.4064060289,695414.9589617075,117443.02404969707,63084.50802605529,55798.60248635357,53232.35122356606,26990.20840817868,17552.29963902045,2510.887986166076,3429.6634899930386,2427.1909162588904,419.02345695130043,1134.636428770735,130.06439771610607,26051.717586938255,51922.02790387703,218.9778787301974,1818.9353026788003,5410.656542135604,1609.9025504794627,5.560285707468626e-06,2.718529533187506e-05,0.08713042208404342,0.011996300184629513,0.018229670910332434,0.5150078426061625
111,-730.7207963934352,769555.8051165246,725730.4284339892,117188.01621811587,64628.375912607386,52087.93472560064,49349.924857247,34339.0914867368,17080.16775777434,2081.7157915314347,3382.446935773452,2288.59037849868,573.4785109289603,1326.5439971779358,108.41767034857162,27288.738367276983,38457.26912087581,203.49747241662644,1771.4593640574265,25013.408391729845,431.27304002704864,4.102410216899427e-06,4.040631136170663e-05,0.10552899323140935,0.015153824744222864,0.01489651554068946,0.8854691543486413
112,-813.6239335920536,758194.6382319162,712485.6957791048,118054.93600259315,63605.472721951875,55984.081498707834,53680.6471032861,12586.213880397778,17487.217083278232,2211.247272142559,3588.3535692143046,2663.028933583797,412.10026671355877,915.8746285638824,158.81146640550242,29256.0441903017,15430.068144225439,160.5493730795504,1578.5334985678592,3732.515303391275,99999.9999999167,3.206354021662057e-06,8.753908101029907e-05,0.08358881968803979,0.009137152335100901,0.0131875639520837,0.3844867162754292
113,-889.9178363203147,755627.2547923242,723495.4921901716,118918.32830338838,62202.102969757674,54806.47499590759,52091.410680980305,29000.297543202734,17176.635937021685,2237.2148379899168,2885.7340594651355,2465.9689919539564,312.5104442936779,813.0511538854086,183.5949130134917,28572.875587460665,22472.614111091796,196.308118428827,1377.0482083452341,8630.254305074632,1957.2020543040105,6.050185579070798e-06,7.496122067335026e-05,0.07156013722376141,0.01469626222516851,0.01770022522124449,0.5690256561911771
114,-755.4911852018861,759283.7712681646,711840.9207186329,116738.04290996825,64005.68954637768,54034.92165422509,51698.859811033406,37210.438960797626,17582.774218497707,2427.455105221289,3235.018700091883,2526.680385673365,531.2144465097464,903.3846925020696,86.98571870741335,27492.78935742583,33415.66673365755,179.30593944047732,1850.6771315013743,14453.823663901312,861.7381096623074,4.5263347734558e-06,3.2080089226428625e-05,0.1005779799980981,0.009029459801684452,0.017690087981701973,0.830211054942111
115,-1010.3837427806147,746541.1878452656,693697.1835661976,124172.17537616244,57081.41930897375,52641.37082258872,51756.163903322944,33369.91228036014,17561.89553989427,2159.7703726580353,3633.1648184602823,2951.7822867963455,81.35145900569356,621.2917666765882,504.05665377339903,27708.089048452868,32631.906769206664,69.89400807255811,1502.9566925168667,8423.984660216442,4435.212589568985,1.6702935123570944e-06,4.969313386934135e-05,0.06732672020913352,0.009363690946457096,0.025635855001786268,0.6515465712000169
116,-782.6946078082398,747011.6685719859,703664.1715008318,116490.2728764311,62632.49821808613,53671.53663648738,51093.37172667838,35370.52100157793,17582.17744543444,2104.7372123314594,3366.9187905843764,2393.3716049551913,436.9767158082468,1139.3509298517008,78.62966791137806,26706.307913122826,59932.55050779927,209.39397219830894,1652.386319100395,11016.347356391172,1261.5323036014038,4.270263297076035e-06,3.662944124696896e-05,0.09351335939271438,0.018547079361054503,0.02078600144932391,0.8386183950568017
117,-817.9713959536498,702937.5457878279,661113.930231616,117468.11223453161,66182.11356978022,55509.36419403555,53215.285228683286,30923.43475054045,18230.735534734664,2045.7956394897972,3234.1637849833814,2482.172948395776,552.3335887287575,1123.9647823987093,112.5437674313563,25200.684176176594,124725.57949470879,199.2713382394188,1770.4364822482926,10850.627013190357,1020.6459431568189,3.941364969595267e-06,2.2791003898219525e-05,0.10324003011589754,0.009762532723001259,0.019428983626765244,0.6541999444397285
118,-648.7200481055195,720749.3321840488,689419.7625818774,118007.23855924142,72344.31037754613,59027.30003377814,58790.36262914481,30556.643662362683,18004.736106027423,1454.6061750878505,3502.3408483753283,2340.4524355692515,1071.6597757472216,1744.6089492259011,166.20189236222555,26863.36161535298,22866.710863904926,20.704387255282146,1432.9443958849422,7317.565824315832,2367.7892016703927,3.6219645740811176e-06,8.439827710044495e-05,0.10797124357238141,0.00812130676035513,0.02445712980538022,0.6678177491104444
119,-751.2881407968893,785122.5740929135,750160.646949288,117822.4008033609,66405.77134021146,55535.34288992759,52735.63242534885,26892.662322233424,16968.108885852464,2171.973941520438,3337.639951620308,2522.9212480515803,603.2379745632418,1160.3004985954738,141.5269477606567,28124.524699887883,34537.6327109966,226.37498888639757,1814.788101801253,6856.9795066347715,99999.99999832723,4.893574052327598e-06,2.834586119927706e-05,0.08213014355559174,0.009371946210459565,0.016160104614431313,0.5412869457208213
120,-647.8484551473143,773462.1298345492,730600.8230264942,117493.44593604976,64875.33641254829,53801.87397716168,52168.65719194943,23567.66318566334,17048.37333265482,2066.3888830804344,3482.540654183445,2525.207780334805,524.506785308977,1121.6348109865846,103.21861313376195,27554.713263359467,31193.63146506325,126.28473931021097,1602.7280792829386,4858.205536443594,99999.99998053613,3.6409616872870463e-06,4.065115092453544e-05,0.09080876347706898,0.009082228694373733,0.02090023153734623,0.4945017190974161
121,-941.1708757636859,736375.2033262919,696412.7414031713,117261.40537234167,61619.3143519233,55950.89200764904,53954.002182721946,22927.123252055146,17497.780325829775,2072.2554627893796,3320.3886142994384,2615.229216386781,278.40876490524937,846.5413262891143,118.49382083364107,27601.609591473964,27788.166436237843,140.5280985992424,1409.6406421531647,4547.900461500751,99999.99998359359,4.308393043711902e-06,7.905189684903991e-05,0.07115621735247991,0.01121461531262679,0.021138648869124792,0.4343621135517375
122,-770.9682212906143,708081.021499018,670519.8963568893,118037.77255557894,64486.62824483105,57685.367481203706,55588.48768378342,31155.76229618452,18236.808009111413,2166.0590600741752,3245.5092264904515,2505.759025711819,501.58795651049667,1177.8372637547636,129.23854394075101,26522.19908794523,31304.649852163475,188.42905604998677,1538.188749396775,8175.237554928967,2945.7920428263074,4.866175642026141e-06,5.766214326320366e-05,0.08816376152649903,0.009707544895057126,0.018587823663340997,0.643781002336183
123,-829.2176353771922,824764.1431663127,769588.1852160346,130736.86995318865,69315.05560830365,54173.06338427315,53184.46501650063,23329.105002407872,16534.248347306766,2591.818069352285,3703.7599271925565,2504.6379713376937,595.8808787631203,1338.7400964708966,977.8132005345038,29878.629249220656,20989.269278242067,76.0985349000161,1657.0357111667884,4511.238796617203,4788.568277316945,3.353255872028735e-06,6.745380066580088e-05,0.08662548469277315,0.014768497057678132,0.01363503381892314,0.48555691721381844
124,-856.5601922550534,813614.9890622841,769947.59743402,119716.97882712299,61556.59177147632,62698.685293891154,61245.59735427251,30974.00361668423,16613.02844651375,2390.532794915741,3312.7897460972977,2488.3359181542723,260.65263161535074,951.9690802805758,325.77568695832394,30402.19202578777,25511.604433664255,136.10408814957003,1583.1541573429452,7673.638049897311,5155.080933335156,4.788217141111076e-06,7.487002845396915e-05,0.07967162802348773,0.016895900382618366,0.023782895689673907,0.7389136684236295
125,-820.6618707076623,754526.4555146738,716566.9765175973,117632.10077950021,63594.253134516126,57490.63523465645,54929.35419464849,24086.504197961596,17407.710561438296,2399.7384179374108,3223.3339639300784,2284.122766054608,457.49757200271864,974.9467687118533,160.51841734827022,27273.188419927406,27034.08945050405,197.41236309814968,1560.6664821726004,5973.582801240583,99999.99999899762,5.702795961816887e-06,7.336783874882455e-05,0.09808165855789941,0.013186183740957135,0.020580887535581186,0.5430072104104562
126,-916.430514474345,710115.1672903812,655463.403319649,119436.18432124375,57691.92344560438,55248.467268354885,53540.77203835764,10027.254665024391,17956.81685476733,2307.302557623731,3625.7289674692597,2573.6795004187775,126.28649063324094,826.7160685482851,254.21394362822176,26614.33388099701,24053.702288815897,121.68679724411658,1450.2010513388325,4121.749761682782,99999.99998764972,2.029874685532618e-06,7.511332686418273e-05,0.0965608456950366,0.012785760538096717,0.018335916091752457,0.3705037518844384
127,-919.3303057965984,736341.123880057,692352.6467955506,117381.8043359537,64126.75731082791,59175.55300219877,56921.88452185861,26372.45162664276,17560.54927555805,2324.0578409868604,3232.4823078968448,2249.800533850937,392.0859645793428,997.3125757500788,131.4198407604081,27138.53050913877,28679.377420130604,205.8812881520229,1492.9523384611389,6290.977710021853,1910.1012291571346,4.666275422993579e-06,5.725772321423408e-05,0.11074744876970448,0.013237297363332982,0.01177121311526126,0.5830059488485981
128,-775.4024926512795,753899.0260775198,707964.2883962274,118837.34057271344,59650.965516627846,56578.71584816275,54699.95415340137,23797.830702486277,17245.608568062882,2037.7366735101275,3750.853903438156,2590.3786032774674,201.37749623810092,743.0889357067566,243.59536274563493,28556.778152870615,23849.086917267192,148.3079228930483,1369.9458988789177,5497.185591035504,99999.9999999469,2.9340192569642184e-06,8.047549669524624e-05,0.08045388593948807,0.014336550813824735,0.018186208160432527,0.5267291387844537
129,-726.4344913804962,754660.1419719822,713006.3712937176,118621.79473435134,67185.58488163995,55720.16012521733,53051.94913580307,18021.17497875748,17465.833676189643,2148.7461015737467,3224.2830895900292,2300.621294280461,546.8452580175912,1182.7581067845013,168.4413727584128,27348.245010184073,24486.967819644233,192.98024864274407,1456.1122102019144,3633.0546426138644,42248.87550470289,4.4855531840001155e-06,6.392181081909314e-05,0.10229810167221068,0.012188509801908682,0.019835692536313478,0.4008839116824782
130,-934.6010718487444,780156.814773994,737432.9788036437,117887.87804428663,65974.92686713458,56366.24600387811,53896.33987922461,27872.378582118854,17033.93126659757,2199.0165645156344,3557.53110188511,2607.0804680017445,488.87132108062326,1144.8623359938201,141.23822896268246,28990.270333973614,25224.77579411606,177.9839367195119,1435.5535576340749,6059.549186008374,52292.813834488705,4.521868147098099e-06,7.348548617657692e-05,0.07103780736177198,0.011276972376712649,0.028362865845062753,0.5421802111441731
131,-788.4444645658555,727077.5710012825,682742.2288895458,117697.01016793937,68994.98318431767,56453.15427965171,54771.062939610354,25291.748422156285,17583.915134402763,2462.734705795855,3081.306174239251,2391.8345767305095,669.2730793202949,1359.0161420759364,113.45521046916812,27318.36974585519,20951.091371305454,131.9134622734057,1450.769066721802,6037.904766320075,3105.852681619561,4.526330446046399e-06,7.240905253682026e-05,0.0886535275233747,0.010531951942450721,0.0161003065155796,0.5178932789262257
132,-799.1330349717902,745715.512569344,707390.283144477,117667.15581389841,61912.4652847516,58079.34539429858,55504.631084901295,29479.5291351351,17403.66194253,2119.1168920859254,3376.218776320861,2676.921300942057,391.50935258685485,921.2906980507402,115.10321843585187,26510.563525652924,44066.43716991275,214.3666672351518,1762.8398800846896,10255.790001050882,1556.152727517338,4.512912770691562e-06,3.9692584597559874e-05,0.06690073247525141,0.011783589781048374,0.023287744749102723,0.6202730299133018
133,-872.4756950597521,698908.2961244727,655105.0588148001,118664.17785194483,63174.48454806883,52257.30656197754,49961.99522737609,33332.68992015214,18033.140144937857,2020.3362002187566,3561.3790230373097,2712.251734978302,409.100247829555,922.8726613796615,253.52281636003946,25053.50332236304,42001.38456288775,185.59944036698528,1680.3924332145198,11047.557054803865,99999.9999999906,2.1094692425333045e-06,1.690302721576541e-05,0.06952591885863316,0.013628869553157098,0.015150061045882506,0.6912163521511566
134,-870.1487526928729,754355.4488913262,720075.6995720296,118207.10532254199,61513.727788056436,55436.39919128327,53115.503190979056,34576.80945747066,17223.852796193572,2251.3976736930645,3225.3639190952777,2372.690740663562,318.07871647616577,1018.6148166152769,190.48563186846184,27361.812730445094,32751.197868213898,186.02475296803277,1598.00012969832,10825.83770832844,8274.857457161967,5.666792251327404e-06,3.602579707758654e-05,0.0726331489313369,0.01806283440263447,0.019563503950547744,0.7295060532046086
135,-828.6583856457733,734222.2174842804,671380.9038936122,117046.96576957386,63938.36191081295,56163.405604779124,54402.27402557218,18138.96367324539,17834.838845299306,2699.63355287063,3466.306277280337,2374.040699854918,429.7086046164022,926.5794933359161,103.36094797989783,27571.131538574722,24667.392533680733,134.24001171648675,1462.2054975133692,3977.262199443361,99999.99997890666,2.7857911796394412e-06,7.514861697589013e-05,0.10539263650291825,0.014705623331169803,0.01517107210279917,0.401811337394248
136,-726.7069391679037,724484.3248864833,681811.1444823672,117461.89331030416,66034.8645036206,54468.320630219576,52137.40046901281,32022.15048640758,17783.656247834733,2248.4592145152324,3376.518296131654,2388.6799950408226,650.3527942303282,1064.2832287461629,118.06712964650102,25099.875213926953,61275.851885924945,195.59969125568898,1750.0173159605129,6854.949132389308,949.3763693009923,4.6540762962371926e-06,1.867849906766503e-05,0.09484129663243603,0.011548750107876765,0.023062597241194027,0.571375535718414
137,-770.9133310491168,756374.6695482192,724385.925871444,115756.42021452404,64013.692266083846,56657.53974907262,56377.588548299085,28431.908620991973,17049.398526674366,2102.0252591208355,3109.189821120964,2432.286749565316,432.8292034611092,1042.6988071573903,37.40863290077797,28495.42484547354,24686.92512689635,23.154283600648537,1490.7428186211623,5812.752329036149,99999.99978284839,6.006616760502387e-06,5.978427891938562e-05,0.07827955174033975,0.01297555692832414,0.024731432409331497,0.632732022289548
138,-665.096086822113,749809.4498886877,690956.6072776895,127062.25045660358,64165.02979448584,56995.51897973105,55795.865228609946,28312.689548069833,17218.87654781818,2342.141699777362,3964.8327554811162,2570.0802235797078,558.1623481033517,905.2758562649434,828.8647619952727,29203.650760868717,17807.471739061144,87.6374231684045,1319.3947855546824,8825.717698753453,3435.2779934946893,1.5184221140117152e-06,0.00010491135533811573,0.09038708936302553,0.011659715709744828,0.018669265483532697,0.5918048349785081
139,-730.0995674566416,785350.238802814,747864.1096510958,117476.15889351162,64015.18461223229,54895.34539385311,52292.346832184376,27339.00788452352,16599.813590918617,2135.64593122774,3236.8255423857054,2486.763445126339,432.7712446420837,1168.5100844583628,117.53559304539023,28499.577357488517,28355.513841761396,205.4622860637913,1440.5236252970487,8184.817393051153,99999.99999927172,4.9098254304131294e-06,6.629105337647618e-05,0.08521770441352088,0.009354341241223372,0.01816590752714154,0.5594627535151713
140,-991.2928448870124,742477.6178765956,699595.9055630023,121064.37983267,59022.58389680209,53182.17877018422,52197.88352157148,31259.518509793288,17457.360863315218,1919.8180762445397,3723.1954363870746,2743.4958298135525,159.74471674622956,855.4288481194778,343.99528115003307,25988.887237276216,59584.2797979261,79.06834203469528,1655.8704174478917,6284.24229735156,1659.6014522549228,2.3312382959626465e-06,4.3247709685092886e-05,0.07843900188222933,0.011799570694845819,0.023720938991971516,0.6441285986075553
141,-818.2466005724318,736666.1974681398,692987.5601318261,118071.45886456985,63747.09633443162,53638.157161432224,51241.38663313361,35281.490947888524,17688.105916569308,2240.582643138222,3231.9535784879,2408.4121185152444,368.95229688888503,920.2814446544552,170.2702514665368,26189.670648366864,38840.82230067414,201.64156470239536,1491.8125304583466,10956.861507378115,1967.807328461564,4.672697599556804e-06,3.923829732869672e-05,0.09775641983263432,0.0135529792776244,0.019250349469943733,0.8017140290379883
142,-931.0011454363901,695794.4866225689,648107.391146385,116949.00015026331,66686.43663824337,54243.582695881174,51484.385746359345,30204.044733877392,18351.764453244818,2095.5088520808713,3623.9066974801603,2313.176533218704,700.7753981310796,1303.8710583441593,106.52735105150391,24910.70329964414,60638.13307191681,207.14351094757825,1855.8660924045287,6089.175140530281,553.0984740968142,3.2583099907584793e-06,2.386875255436742e-05,0.1103423735532686,0.014185549716203751,0.019076179787527247,0.5613197322891562
143,-859.2197671189773,729928.7535766487,689837.0143191905,117855.60622218535,62271.043929624844,55755.86965092682,53109.56675153342,29026.93520970022,17669.53824886449,2231.855206059227,3262.7129352233105,2425.393253365605,360.2603866995129,937.8854545140349,203.63889154723105,27515.41945373504,21944.78277590327,210.09721270133355,1393.0658590929422,7701.127277036276,99999.99999769822,4.9155064113558405e-06,7.404929095127658e-05,0.08555884556673818,0.014074107725440897,0.016942408215395076,0.613267829526866
144,-840.1272430638728,731025.0933705829,675396.7318102147,119419.19077363046,58762.881147879394,56125.97572574808,54428.93634272705,23974.07391389131,17718.632968940805,2083.319680669787,3950.95486518,2889.05010722002,178.53904723979227,679.9168327621226,317.0979351651815,27064.9207907099,19965.88048228902,129.25407965550198,1351.0621030111135,5982.0752001999745,2878.920877666393,2.5711230408779846e-07,7.407985229890152e-05,0.08337738520606366,0.010909619839074394,0.017382057861910424,0.460163212919978
145,-652.2238512887312,735093.9355940117,697970.8509958987,117693.06102107419,61661.34724014183,50630.54074032993,47999.99999999597,14106.493457840275,17844.629031620545,2337.159183654934,3265.8252604030504,2446.892552447747,283.1298557377573,871.2316072690048,120.51288695526173,26680.217770088355,46948.633877040375,196.1739235245856,1823.5601509972323,6238.587539267748,1335.965045848634,5.46402501698765e-06,1.5995383505064428e-05,0.07471325820831368,0.014408995105745167,0.012442977954043678,0.35840950451161196
146,-814.1912867024835,778810.6444639384,735472.3295845939,117936.72335077604,61482.81688182531,55913.249712909324,53505.00054697415,29226.8499278345,16768.437253721673,2371.0631745906458,3620.0665748892484,2478.047588905754,336.0466096521345,992.8841368947733,154.24918695691923,28765.298931301677,39439.75238652952,193.21394905606653,1640.0447378393364,9140.668568702993,1129.3367131208463,5.083474551846392e-06,4.209955010879683e-05,0.09002793635609152,0.011654040551778983,0.015142608730761216,0.6070849278292666
147,-897.4501927611824,719922.1188990559,682150.6213066782,117423.98253767475,63956.429081140355,56834.13972079365,54554.67385044629,20011.868768223754,17888.888047142675,2261.445285055282,3175.037557431421,2490.443794045982,526.8456882072804,1014.1681565697984,125.90747965174596,26112.513800726018,33132.77449588737,191.71379281652167,1833.4082743506083,4081.6109102371674,3307.3357663039583,4.9281092579584825e-06,3.5709107073314265e-05,0.07758082543029192,0.012830250513786518,0.018929236962682026,0.4775515358015649
148,-681.8733489496738,789655.0422738254,735841.7834497489,116650.31178899397,65562.83980669659,56515.09283773667,53741.71389914052,36616.12482048818,16625.769589180247,2585.0048207121035,3264.613277025912,2296.8146616839604,517.0980488275842,1099.3354112534848,100.93007911012118,26201.984393542236,85327.46035021776,261.6487439324445,1836.2299431955053,10486.651096656618,658.1790269012237,4.591305622114061e-06,1.7171146580219468e-05,0.10537669260453271,0.01411676917588747,0.016788849571535147,0.8517659262173712
149,-921.0907695458523,762689.675681007,725215.2346251735,117046.51485358915,64140.70032875219,58977.036707028084,56342.0580673358,24269.89461771067,17024.067899222267,2302.1072478402225,3316.9688331621064,2455.6901690289164,387.5205091043616,1097.2016954333674,116.32858634163624,29202.103033669817,29568.74445450277,197.53990100099853,1363.5387421605253,5200.968841733107,6485.333925779867,5.106578007438878e-06,9.042244908141748e-05,0.07930947491533835,0.01167277552932446,0.02637901902022905,0.5743076877909996
150,-857.7962560894797,712045.1133019631,673937.8993162019,117915.4709159347,62984.85052222769,55272.18797565892,52890.39568064129,26027.12305061995,17904.26202492868,2068.069208290757,3228.4665627010227,2638.221245590661,386.14370280622785,946.7531768869114,146.5731552588949,25843.367611361,31775.312189788605,193.3672294536249,1682.2267392372214,5542.287851441841,6591.582802512487,4.472554116762728e-06,2.850338335180979e-05,0.07512410750986995,0.00745375582429352,0.017626974016388387,0.5363563511372599
151,-885.3868860981141,743075.6728744841,692644.0700270891,117019.72480138486,64252.45502596462,56709.36777606142,54478.66988813898,27980.283940737172,17342.251034645506,2409.630947049308,3440.448992629489,2507.1262286272727,486.1530111155495,960.7465907929299,100.62431768390358,27485.371701281365,26176.934886422867,182.75346180142452,1522.8556878515253,8990.404227433737,5360.650750680411,3.6493784413434666e-06,5.3816500290065764e-05,0.08581205700960384,0.014654037624225102,0.02187860988277842,0.5707754957611896
152,-871.1107595564054,739642.2786566281,681730.9977409092,130923.00087646868,64609.255093748645,55480.764809539134,54617.90215352295,28509.898665892877,17572.022194691777,2321.7743339346093,3611.2627116334493,2770.9259650650765,532.6577894804522,1023.3378088422045,823.705992738449,27418.843643889715,23239.78099716918,69.25423018520279,1315.0488724417257,8305.710311887866,99976.49567733846,1.3883907410346116e-06,6.982612533369711e-05,0.08250611861679907,0.008141706894550986,0.023543453729101826,0.6017102117252099
153,-911.1275578878449,749744.0970184283,704967.0183549285,117594.17596564429,63291.14826779602,55994.37191807455,53675.309076123645,29744.976229382595,17384.40629707235,2486.1587149502348,3380.8061131906325,2425.5915214679767,389.227509558129,1030.836965749624,121.92808632147492,26782.291726623993,32675.534377982738,190.0544993387318,1629.9782821538952,7455.924492424973,2865.4034753897463,4.775789905043699e-06,3.5745457703788543e-05,0.08830675997640679,0.01252277409389979,0.021446794575530854,0.6124002458147592
154,-876.6306204378503,752734.8891654724,701399.0543863755,117329.75119408737,64853.101873510604,58383.59460367927,56040.002561921756,20989.253256352105,17702.631122820705,2303.072549605071,3628.482368478613,2377.397861252129,487.65884162067675,1360.0262878462352,115.46781777598977,28506.56461172814,18295.68984432298,190.12493059727854,1633.289225959262,3430.7103051272743,1508.9310154277307,3.7418850575681253e-06,6.83017047324607e-05,0.1112623551689252,0.009917759864124258,0.007956572315223275,0.47243357366217825
155,-780.0900104797895,736683.2464762458,696138.9490498631,117138.97198580978,65183.22614834707,57429.28821309067,54579.04726542702,31025.687894551458,17905.72943553159,2091.556667144585,3361.1332000973875,2275.909775307784,506.6975517324023,1143.6843171337123,121.36212762949181,26338.951348452607,34497.944214564595,230.65229366616467,1724.373700784497,6668.729252495944,676.4594506053991,4.752778219852048e-06,3.5739300376946946e-05,0.10317389613514687,0.017659268899666358,0.021535489661401168,0.5844672232218695
156,-901.1957018112342,765544.6987238742,711289.3124927987,128747.16412979332,65308.68584837797,57011.24991659408,56320.82306109174,29703.91342167282,17269.28341170629,2534.9245328334455,3549.3682565831523,2562.260212913933,423.3804678747966,1321.244812576717,793.2698273403953,28713.94338355707,23342.779213182344,55.92590303099269,1466.5880545605764,5755.534586700946,1410.4336740156382,3.0476100405198278e-06,7.493235164355525e-05,0.07603510535890075,0.013876737073669147,0.022263484118462656,0.6120219288895085
157,-836.6834605734555,762781.9125532564,719608.1274229765,116794.93876450152,59741.5016709597,55884.46730772003,55033.145556241136,28403.799282090597,17250.941665175,1895.9459565013024,3741.792873415749,2627.083158621709,247.30073522956496,832.5778023820762,102.77054641023038,26942.78600844038,90609.85689280409,75.28079937599921,1852.200807340695,7133.192518629101,1483.3006371801564,2.634073204687426e-06,2.428606506727507e-05,0.09190854766151142,0.013165244485412255,0.017234111431670633,0.576284293345555
158,-907.3224697553298,727558.5366756824,684670.9460158668,117697.59870553667,62574.045500542736,52631.020028579725,49590.981566365284,24938.5626169596,17688.499314122524,2286.685848988213,3340.11953296054,2297.960503496568,413.65963666732114,930.4110786747426,124.03518912336249,26707.238696248514,22411.156396176248,215.57612289687725,1593.6092611082006,6091.502676053232,99999.59385620462,4.924942021434116e-06,5.1926960801492915e-05,0.09630539026321863,0.016605586944865434,0.016767055510309242,0.44398786515292665
159,-815.0334885180416,755041.6390872154,719010.0432768667,118310.0671384286,61239.36316758261,54327.485997040385,51565.69000223803,31423.830895825537,17096.60501191063,2251.717811058204,3216.1809633924267,2557.8558892511637,274.71345337596347,866.37369164455,153.70256779981244,27900.13511508782,27769.73218582746,198.81837921615866,1660.0426654620987,9888.577074213408,1120.6990200484738,5.576821713163533e-06,4.874116359191617e-05,0.07254678977711121,0.009801790538302206,0.01712193875193467,0.6132265171076933
160,-898.7573425140464,716030.7892662396,671331.8071589733,116447.42398717058,60284.15880257673,54782.16696651868,52535.02107299691,10169.916023558351,17942.810671844934,2242.1625246223152,3616.8412356210856,2525.38680566548,233.34981015928838,1075.0584896082714,71.06919111270689,27718.857798136803,21390.484664802018,146.14367066209525,1674.123787618029,3760.6972464559594,1345.3782029561755,4.2380915659466134e-06,7.731896996728441e-05,0.08237626418650844,0.012381345721279349,0.014148732487141494,0.34346183683686776
161,-846.7731254109417,770423.8441919751,723463.7733373543,117028.17184383464,64159.155971815104,56616.2258867583,54043.464950050315,31852.871342435003,17048.844220412666,2491.8450914233704,3302.850119256903,2507.718004566322,472.85412999184547,961.6901937901558,95.11701161125677,28045.823906430374,29042.872825813323,200.93561509921224,1635.7588111369973,6610.300323115643,796.7916616107817,4.3406063255096084e-06,4.234393230176352e-05,0.08675228180180054,0.013970490293336206,0.020887905618883977,0.5777778467406826
162,-767.3835046063305,773781.3955118835,741446.9263574331,124129.96198905037,62471.83932825825,56986.63326190734,54996.340460835716,29515.465611474177,17034.640542488152,1956.5524436079813,3365.9530405343025,2659.568179223883,387.4630996774443,909.3908741441005,561.1320116588067,27627.102740980925,37321.70993525147,174.75680068971548,1791.9039549181934,11156.232927646506,99999.99999895481,5.0250826044319965e-06,2.6293611927890287e-05,0.0628145694787069,0.010388080957088493,0.019629047783734324,0.6861980663684789
163,-725.7169428720665,743469.7683299406,696386.3168212944,117505.19824567596,68318.4222572879,58105.3871127564,55635.56768483676,24318.2956823512,17743.498798751112,2180.3089840653224,3609.46529669225,2399.6169422111566,755.9246933372284,1379.908813919047,107.09108618488239,26734.289898264233,22672.149398327638,213.64858105305026,1569.4028561093237,4249.762991921617,99999.99993152785,3.5023945447015362e-06,6.0102504948998774e-05,0.11258928789587402,0.011634034467112113,0.021722957339111955,0.5312251533264849
164,-834.8250127315218,767874.2085353452,716944.325984847,116834.57589002947,63778.930735844835,59453.93991305627,57607.605575276255,32240.648461404202,17493.727064888702,2176.2105211895005,3667.6442151717984,2450.5628848910665,385.7452939374381,1127.1890587531611,75.88723398415566,27351.877768184277,35147.981059239995,184.48587362871027,1866.5539562275703,9434.220095187811,99839.47444454039,3.345745174829194e-06,3.310627077157895e-05,0.10787906097907794,0.011768586020085993,0.014721885844358913,0.7129383979517885
165,-969.1163114144309,719404.2601572779,678224.7051652136,116785.0329569857,65609.00676605651,55300.41449130898,52465.90617800202,32406.0952151783,17723.283253516158,2303.8906001136884,3106.189675854144,2361.2331820320587,429.02497873679073,931.7653345883459,87.36463966480119,26400.09313996135,38675.39877439314,212.62726925721176,1752.363487538106,8119.1253488335,930.5786590639794,4.772528165233074e-06,4.2886000905462895e-05,0.09379674512419804,0.013412486800927794,0.018349596208523337,0.6553683744292611
166,-708.3419645308569,742047.4620659067,696511.0617396167,117589.93097815504,65456.106037114856,55774.3878503695,52847.74447403697,29220.056501958043,17176.439312554452,2384.499265020573,3162.3471333461357,2591.1664501109212,500.7934429358146,1032.0182223799172,107.09663061362006,27069.70631686666,47408.14130157569,226.7525066463857,1677.6077350524663,5591.594341509716,1701.6375277390146,4.848874949125547e-06,5.5292473486011946e-05,0.06995838694721783,0.009729320697328911,0.02331968338019592,0.6048702689464232
167,-959.6600992289104,783307.3342359113,739664.2577642536,116537.90780702714,61163.056519640566,57047.43961292658,54687.0063675414,23910.798599536007,16934.79871031779,2299.911754110107,3433.0071424768726,2390.8896221544487,354.7663523617814,925.0120072638921,105.76949660221833,29262.105650149377,22708.704696790657,173.54753753037548,1555.7079650826847,6752.23891154684,99959.78290866017,4.590476811852999e-06,7.904861004402721e-05,0.09542185824064976,0.014455222500815395,0.027400124527030126,0.5688823274439508
168,-778.6317282801926,699285.8213752429,656622.8113739742,117208.13583060834,65183.15695316135,56173.59414574676,53729.5604991028,26847.037908005157,18353.11450344022,2150.6497666001137,3330.747306621424,2291.8854572961013,518.0768720893433,1151.7774913450623,107.41858192057033,25303.282710167987,79375.96598175622,196.51326691514518,1838.785540373348,6731.990216997806,913.193441967327,4.1541748279293995e-06,3.6760902816460914e-05,0.09510094170480543,0.013800047136805006,0.022124027113890367,0.5606127843347236
169,-976.2109454636046,724300.6785309216,665662.3255229285,128559.04314352528,67810.8095992549,51641.93876723685,50212.97600464822,27439.046599000187,17984.809734255654,2256.7025929995575,3776.21767088161,2598.280833080652,611.2813501564351,1183.2726443036283,1006.6383423147115,26840.13427647754,37977.27434841709,102.48171603867756,1572.2417137786802,8858.888410460664,1627.99837369841,6.180262704382655e-07,5.190146293384065e-05,0.08343135931301551,0.013438115525027187,0.02314429410188544,0.5251558841320945
170,-679.262664723698,780144.7618353041,728059.6138479192,117402.23194374391,60333.52088900648,54938.677180053855,53537.69777932485,27899.641597072605,17123.916328904095,2420.4427117215314,3424.606122304335,2638.403499680942,220.65510513687232,702.412471627569,106.56865996056393,28190.73305602216,30610.38076940844,102.8239793544566,1538.7697790166542,7128.886213005286,10421.788201066804,3.290048874092749e-06,5.674875256560949e-05,0.08233639220369568,0.012176332716524161,0.024608788267199044,0.5439549909605256
171,-790.3197968137484,757007.2799571468,687241.1281453773,117902.60457624694,67183.91469465737,52934.78590898328,51095.84752492086,10228.905041972075,17777.479349380676,2778.2441986805857,3664.883771953477,2214.102636606726,609.1886976488198,1278.916485504464,122.22037574361495,28433.86372449071,17463.726635717638,130.13401645933325,1542.8380517967178,4643.057684975518,99999.99999852155,3.0833361652149833e-06,7.465424270892565e-05,0.14488837361471962,0.008689153025491676,0.011718888486164593,0.3134427787784159
172,-656.9542252615232,738762.1571305668,690092.7486140783,117564.34342052712,64417.40848737851,55795.593361188396,52954.98282043444,31490.365698279587,17630.567890903483,2394.847185944053,3443.659497218407,2242.331444675694,608.4233249378096,999.1064295759603,146.86514506884288,26571.081507864998,55794.836413802004,227.28195620509922,1763.0816611066505,9571.215439145755,773.7596846950771,4.534611040519622e-06,3.084959364417551e-05,0.11182664328750364,0.015510136485510532,0.013361362760569411,0.6303270073550934
173,-691.3729648951446,721478.3672193878,678389.8219263536,118452.56049253551,63696.25408569914,54767.460561052176,52037.531406194124,32397.398577157797,17626.43337455782,2352.986528023411,3231.1785611516093,2691.1341394294436,541.694177504178,986.610445516992,167.53745161905724,27387.1142852897,30223.36525156376,211.33447080949065,1495.1615021225616,8310.273116063801,99999.99999900952,4.155548796430359e-06,4.723631900233913e-05,0.06360177219779649,0.010248803052563003,0.019586746096292417,0.6843760529265039
174,-765.6185277202137,732430.8066802402,673935.6326319028,119518.20127803547,67744.80434096669,57003.42549852161,54905.80081770699,33465.15409973271,17845.43750932886,2432.3095539339133,3499.606260937824,2415.6952315785034,599.8065903605543,1245.1893305396554,258.3947660750368,25768.71681155425,36506.24097237432,187.34947709220654,1820.1080578693857,6819.664083815165,2395.613116103255,2.498057437501618e-06,1.623186360494826e-05,0.1078866166657451,0.008474003050802707,0.015980615600672647,0.6567999030050699
175,-736.0922345482156,757905.1845452443,702509.7976321088,116967.99816007697,65195.191813567406,54513.838843037716,51602.06332776964,17042.769228984856,17321.930740737127,2463.898694231491,3703.535619923213,2367.611012095309,495.3420992234277,972.8658322250574,120.1670784957941,28006.15807503091,24122.560421065915,211.41341425841716,1598.1545346105322,4262.296890947673,2842.0579746294784,3.487473061593192e-06,5.346186367287084e-05,0.10202540240395437,0.016202307518868735,0.01522509325176445,0.36493660392883404
176,-766.0702672330167,756224.9162091909,713899.5690999789,116817.84030393892,62869.00666755015,57749.40059261961,55787.14061994044,17204.139539203825,17016.61603019564,2433.0828782501017,3453.9547948430886,2544.5966965642056,358.5493014261723,893.9419120518954,88.5392568790071,29307.940521208802,17852.117412910236,149.8136514056961,1448.2251091617118,3480.873851537196,99999.99999966643,4.786232037143472e-06,8.883486030686295e-05,0.0787645974970976,0.010473165612257794,0.013977842233528692,0.4060718336123452
177,-750.7334610376648,742047.7141263356,673261.4146320258,116503.40413225166,57290.91588877667,51855.495965185466,51229.52004140148,12426.640003570272,17379.67781346293,2881.972452140496,3641.1333464399577,2620.805239561707,86.67785813813275,571.7360864864972,67.13053883436501,26793.05147186939,20321.030860711362,47.13966828445815,1506.0787233579965,4250.633728034541,99999.99999992612,2.4135856650118077e-06,5.623490266722899e-05,0.09146307466879386,0.015828790593563926,0.010852286402758338,0.31656820779041844
178,-845.8837809430333,767319.4015827419,718402.6253088473,117230.69941865977,64640.0094344746,54895.28978647317,52622.222862291055,31278.92769983374,17172.40620649502,2406.3785027395643,3513.634634163923,2430.760718557034,388.95044770977717,1048.5998945135968,115.81086272720582,27896.18111260387,31767.155256163453,183.7300200474838,1510.7829737988873,5730.2817349768875,7966.208073868745,3.95503525560089e-06,5.799106902626909e-05,0.08939260388823617,0.010618008322932896,0.019921429036259413,0.6208073929393454
179,-797.5263209490033,720918.7927454738,690552.5082878864,118822.12813497457,61613.30388109496,54977.337976069655,52386.6009543288,28484.902710424896,17717.694784778316,2355.1115795992305,3039.088767693757,2410.264195365006,362.23978112860146,852.2627529952554,190.17292411175382,26104.234356939596,29902.59193181475,194.4883249642984,1555.3386177098878,5850.822371491004,2030.8691686128477,6.321642802733121e-06,5.6172626814466234e-05,0.06872561352389535,0.014969423188471435,0.023431285989721606,0.6017275693581507
180,-982.0391775231512,718111.759563883,672399.7469281256,117069.77486947279,63462.75818677457,50943.938900417925,47999.99999999998,23346.485662956402,17884.267889175084,2482.8061770353897,3173.559553277791,2394.26991488054,317.35118050703244,863.5155013336079,116.77837568466595,26099.661357388508,27088.619947264448,197.55824879575948,1428.9111756612203,6920.331563275547,585.9792196455579,4.418055908997601e-06,5.6543456422143844e-05,0.0964092130466551,0.01435805509001085,0.012002679139617365,0.38340348124679063
181,-931.6176117755651,730407.0987635748,683580.0590697435,117670.12400975935,64798.739276527354,53995.575593447575,51639.74884295673,10000.000000002798,17677.264535956354,2437.8712638422817,3415.6955611729454,2327.269717980418,490.86379651312575,1170.04185157832,205.54726151328586,27665.79629032796,25370.017123142337,161.29882135609384,1461.5230758510206,4073.301818315168,6575.1659775977705,4.566804510766658e-06,6.904936054481874e-05,0.10542442424268055,0.01257559458966675,0.016520851524326884,0.3035929499197117
182,-768.9769663643702,779981.4811376071,744470.5165906964,117703.0624582358,60591.523794196066,56473.738188603624,53921.659292947,30488.023357633894,16975.75688626544,2062.5494191497264,3385.0669127208907,2398.132707513291,263.4230549029499,864.5743546803934,136.9022018995073,28127.505137291962,29947.17083931088,205.32812239059282,1678.5045743985495,13530.87313615064,99999.99999982753,5.3508728919536065e-06,4.280496804332999e-05,0.09338615851592633,0.014164614010791086,0.019774270377056126,0.6463220909669456
183,-765.0930877899659,744928.610377341,691067.0574414707,117831.38053903863,68235.96641955068,54388.748238729524,51664.30652605653,10000.38551190507,17570.971627359333,2176.6327217564085,3725.221646669031,2482.264727279769,653.8201254043801,1375.1850450737938,152.44236319806177,27418.171662679255,20996.993786777944,194.70367612826914,1683.6852992827874,3130.9130910405565,65320.51155022578,2.3983727001503346e-06,6.194659843987679e-05,0.10622313186968996,0.008728390806509995,0.017954367269070487,0.3410833709793492
184,-1016.4353505518892,754092.8662248275,708824.5642218922,117104.71499717589,65301.4936467474,56228.911063185915,54106.23892615501,29992.635200302677,17481.232947342964,2325.850024005702,3255.259160022706,2184.7325896288135,440.216315961683,1069.4430244088483,109.75797484132538,26578.796838752052,29142.51606602949,189.4248317080406,1667.0142748228704,7721.488250198904,663.603213505899,3.852337899062701e-06,4.3768417886386924e-05,0.10876083564290503,0.017914355767120176,0.02294664320990029,0.6362677044583259
185,-939.9742526273786,749403.2874878708,696660.3823761817,119522.12380415024,61474.72253683255,56331.88059059371,55464.59391852969,25933.274355941012,17544.513796277683,2360.047139483126,3448.6731283517256,2589.8750760795588,286.8444335125433,930.6532891632705,218.07905674325315,27344.763173843625,28108.533605601206,74.13565551669032,1630.1009554366087,5337.311309895595,99999.99999999949,3.124053143565658e-06,4.0664843011927256e-05,0.08312139890085125,0.013889645206033533,0.021244906296622852,0.5425644443626184
186,-705.5560468067731,737755.7271087036,676432.8175447983,121590.73232189802,64682.80691334475,57443.75323181701,56589.9101883277,27064.276170845358,17814.988249837403,2903.0673341152406,3481.7229376639666,2376.0823187243554,469.7277863153531,1055.6613921980595,359.6387838681,28219.66562373892,20021.377756650003,67.70992612028614,1531.060693433447,6863.624533307109,3175.804390289945,3.4985549565352705e-06,6.356487405589301e-05,0.09345962914460756,0.01675080453521711,0.016430510480612767,0.5530665814821103
187,-868.7741449507366,748491.541765152,704435.1273457085,118007.05479771845,66479.04966317807,56720.182944352455,54747.35267228356,32328.854879000937,17371.03998740843,2383.916736502804,3414.205943721493,2419.8359419399662,586.3869749701533,1275.8477281745847,151.0299500033716,27285.504188024883,38196.89560977282,166.05247981495904,1702.140009633,7378.709052057319,527.2637838835311,5.041718118804288e-06,4.009939120011555e-05,0.08638833537140106,0.012909499235611448,0.01840777456837323,0.652237769945749
188,-791.5587231522362,697530.358630956,649882.3468266733,117992.98723689798,60420.25180058723,57569.25162581473,55472.331588879584,30903.48009252159,18070.327721221987,2202.397441196017,3444.426770206252,2601.4394388705527,232.7617404894745,828.9586288947801,201.97934670384888,26292.308668355967,25742.728035224158,181.16557008170363,1424.3043300682289,8118.817731015348,1728.3075191088674,3.1136839340594925e-06,5.87313855631621e-05,0.08209157714952622,0.009643980757692974,0.02166930291446532,0.6540521828455189
189,-700.7675392835448,743583.1573345122,685471.0119569267,117262.83029189774,65951.70548943605,55693.25668820527,53489.36684156365,13082.474642385727,17461.827614618487,2570.1433211007798,3719.0848711552517,2749.198309149993,512.5032750304165,1488.6604981412638,95.23762139506597,28235.486648142058,18650.996420051542,167.3790439972517,1346.4353964108525,3360.4341221303494,2518.479065641654,2.9743683336030346e-06,8.9676407103658e-05,0.09273802872772967,0.0014566396173993285,0.016252013564324586,0.36870026801565725
190,-807.0377477165605,757337.1024838609,730640.5933574743,118095.14881549655,63381.827657163056,54750.47463721395,53954.35431699276,28697.78738127252,16937.57155860812,1820.6141327769597,3128.2944761562503,2474.1827036654827,491.0634656336745,1143.6194241633066,165.67454297754915,28145.203170263703,35487.40162487817,64.69638559689193,1488.7603540160483,7571.331109324057,99999.10655993222,6.364213793415892e-06,6.059901094511485e-05,0.08727452581742175,0.006924423175198215,0.021782789162526645,0.6005594620792296
191,-864.1034380629211,744829.1868868337,696559.6341685131,117777.91601862106,64049.414136053514,56356.409083905404,53899.64824840805,34140.077101899755,17531.092334703768,2442.209295872454,3281.1782020423484,2495.34877372642,489.89374388497237,1003.9140467628658,109.94189085107524,26662.66545419972,27203.280095973376,212.85235670832122,1792.4191245490622,9152.174399779431,1467.8489828135212,3.915586396551606e-06,2.515010035422915e-05,0.09779275214344824,0.00843883914758313,0.016912541275636864,0.7204999748477541
192,-938.422253313893,746776.6849592838,711760.1672503111,117932.80427897755,62158.626873208035,53971.89018113856,51887.207617898486,29828.504089320762,17780.4768331245,2117.3910787371906,3330.489804544314,2376.078339836512,389.1671990974336,1428.0851063717982,157.60759299324764,26058.398894088346,63934.099517039234,175.8950989365905,1796.3320487758494,8446.15189569751,767.6615111475351,5.6637275865050176e-06,1.4006685994451263e-05,0.08404964610407731,0.012915114726434546,0.020518830655823737,0.5741254203295081
193,-764.3014996920451,731572.4293731324,693413.6482277438,118542.99991626816,61852.49738183149,55702.88369520239,53205.03993047276,26095.435657959584,17795.656489898247,2082.7134221816223,3178.117057594461,2487.5646369060246,344.2248293911908,1023.1749059785585,200.56027427306137,27367.151772055782,31305.762090665685,205.55691290017995,1750.871591463621,6263.167641443708,51129.125279830994,5.011251944051442e-06,4.505437429887918e-05,0.08313219084494239,0.012818571391512344,0.012659235648771156,0.5469774368916193
194,-866.3535139939702,724174.9162113337,683233.5644682227,117484.57788942372,62160.56047884618,58189.14240055634,55927.00763579874,30189.15868038643,17914.605776025783,2221.409839046758,3457.149128243463,2504.118442458548,387.02957109409095,1346.7237024245762,141.56926157100148,25815.203486858925,46168.17229171092,218.45270831408834,1838.6854956280663,5864.610970223966,4721.903276458799,4.884173125987303e-06,3.7116098758046976e-05,0.09240964813630313,0.008984497551682671,0.01456916695129847,0.7027672287339078
195,-731.4146021212002,758955.1068051008,726584.2293990252,119182.35605399805,60046.756899187574,52654.51005886522,49618.562261292616,32368.514010907547,17095.743522265217,2363.162749390746,3236.4640697562245,2502.0412200875953,251.71257947347544,749.008236306233,262.59843623879743,27014.398523447875,33615.75763919991,223.7540620386894,1640.2901362441992,7816.366733278221,1841.6246342467177,6.4545661766913255e-06,3.066696064042052e-05,0.06290662652805049,0.012846232181522295,0.021109807592514143,0.6892364525547859
196,-820.7253076936228,722111.2710990447,675498.0083747498,117738.62335195176,63044.89946407786,59924.58395898127,57316.39444216002,30123.145525051226,17692.767620568222,2345.0724372788645,3324.578851149553,2319.4909326670154,351.9510731665592,996.1426261354544,126.75918351826145,27143.04013475575,22027.402199569457,224.87285791341372,1689.7089974910714,5246.850117251871,1008.6219989942741,3.863484438968311e-06,6.485693501200584e-05,0.08775722964698773,0.018021787897964513,0.01830772996366507,0.7124850140022897
197,-797.4942924064803,774284.5433765253,722490.9561975865,121572.34683329916,61322.5980156623,51166.12530266053,49903.67810012197,33175.19793029126,16869.808454987327,2121.278700772894,3807.9307067058303,2599.4366457343513,285.5504612586425,785.4360733844767,366.3577749807685,27705.038629393606,27212.67550730343,91.2068313912449,1772.7532829541947,13433.339046245692,1405.9601101924313,2.150093924389638e-06,3.2366290631775714e-05,0.09228703308007738,0.012344919959512226,0.019802026974009828,0.7110353875564296
198,-788.4204124792609,744785.2157913652,700468.2917896196,116977.68714263638,66781.21124891132,52597.554967300166,50541.09475758055,23766.48269281196,17478.64173240154,2235.963976948291,3199.857911124563,2203.734947933119,575.5868013798247,1151.2555744331987,108.55548927727781,26239.647521338953,40314.249955018735,161.2932845953038,1654.316473310257,3926.339157821462,994.5550633600052,5.368796261212884e-06,2.9697130443837793e-05,0.1100574363365841,0.013060884782560572,0.017464812641586835,0.49268086280919565
199,-738.238807507851,746161.4323622539,720687.3091700404,115994.80072968015,60328.33190285065,55721.426959017386,53733.06898413941,32982.92229694005,17573.04942572913,2242.1430439786877,2919.584496102083,2387.147600562559,212.62057666511268,747.7741962361896,47.205858467229255,27442.622170274055,44724.45911012801,158.46889277797337,1677.063070026444,10556.65531673291,2931.2103779192894,7.793461664422514e-06,4.8113208367560577e-05,0.06793904353580177,0.016465492762120545,0.023356066265827823,0.726770743401355
200,-704.7808365821593,761784.1458873042,723084.1583575815,118030.25873903908,63469.17229399339,59868.21661709398,57256.192163480235,31043.13344700999,17122.635537950373,2308.5944614872637,3149.096971639719,2417.720252741672,341.1485442712775,972.6944061358037,138.91122492230645,28647.553377780954,34686.78875994538,201.59307177465652,1434.9098762801646,7089.828382005563,99999.99998845051,5.37665562372616e-06,7.270290066440816e-05,0.07597398819299973,0.012851638282148694,0.02772612254721145,0.6482735485184986
201,-796.8299709473122,753198.9719813559,706488.8237574924,117672.88514367917,61885.67619420635,57738.87651650482,55325.212882729444,28203.060672591004,17458.924468927275,2408.6775551309615,3163.745988554226,2426.9538068935703,297.27525568850956,918.0672649503424,119.79334500860162,27942.335296567217,29359.39796715234,204.87388462323838,1410.68072494015,5526.623611852467,99999.99998881572,4.3911040722006085e-06,6.722645944025671e-05,0.09776639926586735,0.010914554525898382,0.01970229378692143,0.6029202870153778
202,-1058.598002347161,718989.4276552335,686482.1176283095,118318.4150541519,61277.23576492265,53806.78818311166,51589.234701458205,32518.882536952333,17985.17016010064,2107.186713284786,3197.3112868462154,2500.2815522971573,351.68992553021894,999.4470796991556,154.671191007202,26419.424119582876,32494.23664297243,175.52718144737585,1724.42363346152,8766.543877036305,967.8503150007157,5.475452006886781e-06,4.1538851723723486e-05,0.07548514964245623,0.012992437572544086,0.021453530912444865,0.7491408275303885
203,-871.6168296497605,745055.2322772301,702762.226057454,120363.67081383527,61945.15310645683,53022.544861178285,50604.41905150369,31049.37777142214,17613.13020928735,2115.0841780710116,3637.767642042279,2642.6372430494926,309.3820342199501,896.37279028943,325.18530457444825,27514.732004010057,51740.53521415581,177.39842654518515,1787.0054906301789,13653.211933986846,1471.6344930125415,3.4366014302323904e-06,4.9363021913150224e-05,0.0790080096113273,0.011953768742697022,0.02323607454314962,0.6694030412925767
204,-796.8522397096676,727095.8408235321,687402.2667411506,117844.91192970023,59478.17895676997,59181.822809931444,56599.41782992063,31012.98976959135,18032.466445870912,2178.392557423486,3221.6400035298784,2444.549284411582,209.50682245360417,758.309011661864,158.11848023076308,27358.07617029892,19811.398828165442,215.79324060676046,1561.2214740458705,6918.95025422604,844.1550241484787,4.467100116258426e-06,6.234989892827083e-05,0.09097290159845844,0.014648360083389786,0.018945457343216916,0.6404925807118383
205,-691.1669759059098,737489.4777060413,695047.6646521299,117553.51905711887,62665.130293369766,56203.227027696405,53622.811037481646,11300.891233158492,17721.19821862237,2264.373578432634,3212.5139269454594,2225.4384290138,348.6558305967676,1039.4734087253419,142.19855097045894,29573.052875950176,20031.99048135672,177.24659530787756,1359.7975748846095,3474.476805620143,99985.64234041769,4.726348557628026e-06,9.979567698803027e-05,0.10302042818127237,0.016337899919226885,0.011164333458109113,0.36212631856219235
206,-765.266324632762,741751.3048217064,702467.6300010678,118649.22153399867,59512.225511376484,57967.35486616236,55839.64080760826,26680.429121520272,17756.892687419997,2336.8231726893227,3115.319532645029,2427.544568073212,185.151350895762,850.8770768740429,195.1177430634319,28078.013698948125,18756.151455007213,147.85974344831362,1509.9485148224637,7034.088337491232,99999.99999999025,5.663271958034145e-06,8.187747374850599e-05,0.07780371443014335,0.014565682306398525,0.0244520561457941,0.601413033856933
207,-700.7481835155597,733510.372284278,696833.2296569255,118427.66577200289,63108.918882821934,53117.26314168679,50660.86891661937,26277.505027506475,17677.157805640396,2406.699028302176,3025.8368590298396,2479.2737688037023,441.3040187973635,1166.7122897337274,158.26718450075361,25956.873101633493,63126.89831422507,183.07020880301945,1739.7432827644193,5221.035073208903,2545.701657907932,5.60195801572947e-06,3.797987235604269e-05,0.08249696895172404,0.010293059257044898,0.023570660539139882,0.5218816669741717
208,-814.8785129787375,760264.2045043132,717473.9585956696,117655.83458634264,63075.1130736254,53322.4982856292,50877.96285232746,28708.382400350325,16855.668477227726,2341.196575375983,3183.8578489513084,2463.2198749156787,370.5430176931355,902.0797493314818,121.92609025057857,27048.36822558394,48729.79771534873,177.8395575600489,1666.2588898329807,11192.422881606299,99999.99999922694,4.656497312437953e-06,2.5852655787125093e-05,0.09127161102817735,0.01240340841944745,0.02358442473104054,0.5422406124483213
209,-641.5280124652071,815903.0323387587,767055.2786530028,117209.38362031055,64403.18742646633,55927.463501685466,53570.92211515872,31144.19370043856,16444.05015386644,2389.5077188441387,3341.1245046806657,2588.7022018338944,510.7823263265512,1001.8568357675854,117.76095945213363,29357.38326258791,35539.98645147448,189.19971737274366,1677.3660251101571,13761.23355470193,7308.387070291876,4.35665557336827e-06,4.341331695289849e-05,0.08449110947872601,0.00877773327305963,0.02120394478915029,0.7176948344719514
210,-698.2870301938956,751060.0774473444,705697.3186246165,117881.45182963397,63357.03418121204,56997.57376646474,54455.13437360461,31775.1075386036,17155.266996440878,2308.5743683407745,3337.4245612103937,2393.9484030100375,403.8323609719673,924.8999165655222,169.7667640268749,27321.228119654756,37311.6445309428,212.6691240814736,1843.4420289853358,6868.9562099300265,3777.140776759067,4.375243289940373e-06,3.9715215179118246e-05,0.09505534409479158,0.010688230495364824,0.017684537851622547,0.6532560946738165
211,-769.1519137407896,726050.8572686334,696012.1373817284,118551.24180952678,60454.88925094707,54292.24753787337,51754.12216926015,33637.20275884377,17614.021497123023,2081.704060892554,2858.1250514564467,2491.0872079505893,244.55246039664496,740.0486812788608,171.42476943577083,26570.597405811575,69902.14399432509,209.71789791752013,1894.6255312748842,8856.69557876321,1473.0030370577506,6.6606707286156355e-06,1.758578077654566e-05,0.059864757641768955,0.01574197381109286,0.021238884694074117,0.7711954948153672
212,-786.4930419345942,735632.4267683028,690531.9693849538,119096.835548104,67071.9578512033,56580.6492367712,54621.52957960067,15383.830422104713,17812.05748233672,2278.809428578529,3328.185342618926,2454.2939499002528,718.671438343881,1370.0009148752042,228.67396795374628,28499.895694905834,20584.50915770604,143.46105118775677,1518.7424152241279,3942.0434132271753,99999.99999993909,3.931501437537459e-06,7.937784203267179e-05,0.09043070955413675,0.012869757125976194,0.012562293965694214,0.4004299110927619
213,-697.0099952544109,748226.379233599,706853.0488513809,117114.71607867506,62597.863649956445,57199.58232841016,54537.35803234708,26025.865918418145,17268.757861460806,2366.668841876906,3168.074538554108,2446.922384522032,381.5379410043151,965.6501194746828,103.66879780211194,27764.13925977094,26159.903240233787,197.11914555802366,1498.6692051420544,5704.553835156438,583.8390367839553,5.03986900144128e-06,6.719808028623197e-05,0.0800631055888687,0.01399090515452384,0.023237243929363126,0.5361300999082202
214,-771.2842025735429,750915.6992178053,706521.1601404113,118627.45442806803,63685.28786037376,55669.88649037386,53371.54256366622,28614.880826264263,17532.176497552016,2306.497356124033,3375.7599905946254,2420.9201849506494,429.9815298929774,1097.5403883593995,162.617491540352,26308.106231072285,43125.75817662386,190.6091138517921,1776.9116555105202,6109.487034214044,683.2372319303523,4.654483202961603e-06,3.104939475718825e-05,0.09041934356727659,0.015216638838095554,0.019319848147651204,0.6204725247978212
215,-755.135842271721,727556.4649617245,689437.8411729024,116162.52049537297,58744.68642765159,52944.643801635844,51387.70038067435,26070.33972048314,17716.75846324253,1985.507507190348,3365.982399615214,2723.6111946968585,180.9617370744589,775.4640300678743,48.29210567118724,26991.154430043356,25206.99619152592,116.14573898424631,1605.5430891758765,6578.021839768853,2193.0300802264505,3.850748583420255e-06,4.0726516659340645e-05,0.07777634752451316,0.008280680099381463,0.020927296207614018,0.43498265310619055
216,-784.8492288823795,765571.0232722778,727952.1253064205,122874.87339650943,71841.02237723197,57365.49365778705,56821.22922568886,30810.83302807274,17233.776703442854,1802.5038655040496,3341.391645136912,2371.9444449281473,918.5745111338201,1246.2773332840463,499.64936960922483,28606.639650335015,27786.896874691618,48.82875883942237,1485.1497569342862,5907.952739448752,40391.77271448715,4.075467440526316e-06,5.042015215505369e-05,0.09096517321182704,0.011284595495325374,0.02254086101585354,0.6339818120458971
217,-649.9602640851717,712386.594199745,667663.8205787981,117039.63089399559,64971.478700486805,55724.08187459631,53021.01702077465,33583.35788614239,17788.49639319892,2378.7653168070497,3524.0885513084645,2218.551635572789,558.4625499634325,1007.9676679828897,145.98815408539673,24948.518756876707,93885.83012951317,238.0825889552952,1881.4930088200063,6685.159487356819,582.6263843729586,4.554536185981603e-06,2.0189186988904625e-05,0.10215638727113459,0.014201031916791982,0.01309251379603193,0.7266538932742582
218,-755.4916108491741,723776.5405068262,686173.2501626677,117490.67457685257,65040.126246201624,56105.43912699158,53715.04757791307,30398.623769498663,17664.82924425137,2090.7255779241204,3214.381199328935,2461.413516382377,448.52377865637885,1121.1845083268272,102.81109002194877,26758.795877376553,35453.05051404009,189.2475066102812,1607.198405796862,6528.496418832776,1549.7623126607511,4.776428393164205e-06,4.7830666559900484e-05,0.09243382487571207,0.013232758680156663,0.01915509666189595,0.6246831530632302
219,-679.9166851225248,737554.0523362375,696433.5294256532,118123.12599012512,61779.90235619403,54911.56795510478,52035.362009271324,10000.00000003907,17785.75302435096,2119.2614701108705,3397.857957279177,2382.2941693074285,309.73123715450294,1008.8404838245626,152.55923906696322,27715.470875108804,18574.710425928944,197.8760972960552,1554.7989222822143,4525.369561681578,1503.501517777167,4.4378653782258595e-06,5.902427183922892e-05,0.0946069775456021,0.014136082647269352,0.013230067454925892,0.3128036847454391
220,-923.7980476761932,748699.7440193072,709186.7394452464,117481.10411481395,62844.74713884215,53605.6462568338,50728.375711816174,26925.012585843782,17746.88843014448,2136.638496640539,3418.4860268882944,2574.634906891764,378.35963507641435,1297.9907531783024,111.4111323281563,26539.673870239807,42193.43679768891,228.64141481069603,1907.2088063188805,5768.698414051355,99999.99999840325,4.854100284506289e-06,1.9306355846984418e-05,0.082935778660165,0.012078019244769667,0.01633050186232002,0.5266337603856868
221,-833.4540708697368,749109.0069805286,706716.18821087,122638.57129807155,58677.5094391217,56853.86457423107,55676.86391406695,30025.225144311615,17638.40986712791,2144.016477673672,3401.1899458001717,2494.8886796854986,173.00607083364056,764.5745950056579,378.87180665109014,28062.42074045526,22909.093883001577,89.95033885464854,1507.2826648217851,8171.3010161548555,4605.425104427346,3.744950412773538e-06,6.395434225184257e-05,0.07559953368314676,0.018532637645277607,0.022375757191579342,0.6091584561006472
222,-737.8879259589783,749720.6777335433,713477.8890238495,118042.7892370442,61918.43181500436,54179.84147564299,51521.911696145544,28951.615099315437,17574.37124600829,2147.4592971225616,3091.891983180156,2487.8316202128044,356.74391214641355,926.9572979814586,154.3046063420664,27152.45693173077,33529.23084865743,199.6434872093269,1531.6250159315468,8090.234971707336,1360.708999539814,5.5614204325858455e-06,5.696707630555902e-05,0.06972025361210155,0.014731238011762434,0.022976248470894238,0.5590216315923701
223,-947.1387335301399,734206.2229633451,686045.9423383427,117447.7359812805,63264.40187516541,55596.59537490425,52843.82256192433,29060.191354671766,17762.645572683472,2253.9810909094303,3417.299901604126,2479.5893494492493,406.4160580825892,1087.604926063769,116.0341210154837,26977.356404326973,33773.24626989536,205.16953579162856,1672.1553546079467,7660.347326981512,99999.99999641054,4.19908964029594e-06,4.8132098949973045e-05,0.10271406481774131,0.010995325319590887,0.020121830811153506,0.547129888372472
224,-913.2944985630941,791574.7493084657,744045.1099708901,117915.87428747276,65659.2356491797,58555.36093772613,56342.80851632725,29264.594238667036,16766.557371803094,2344.868180734005,3517.7739351520804,2414.0553937827326,635.5164112357194,1002.0326836382228,132.8154265544645,28433.635997394456,61822.86637219434,180.2439869454694,1619.0546994675944,6542.251881636385,99999.99998563303,4.813025146268131e-06,5.215627560360351e-05,0.09365463405721107,0.014354252323596798,0.02741778988436723,0.6185357368366933
225,-724.0677344000721,779294.0668443197,739224.098866846,117801.5755061987,63013.180600160544,58322.79346489693,55589.31950345062,18217.04034834762,17105.018242418355,2120.672397963598,3227.4696168403384,2400.415309229782,486.1687903295939,1068.6821470752457,187.88417867927893,28966.254832238195,23319.867563747182,200.90183681348046,1569.3799572154758,4774.036160388969,99999.89481191146,5.028709593694293e-06,6.393214682451061e-05,0.08970194800361679,0.014118753696558357,0.020392450544391514,0.41716226304872256
226,-798.754889309191,732154.4230010313,677290.0870182292,117090.82680950726,65143.492321165,52899.30826313009,50940.69790916199,10000.00173407507,17637.09436815089,2550.3957845487766,3410.7906462529386,2317.652828894156,468.17808065324925,1051.3132995564604,93.00091625783723,27385.814242808094,19598.33279672553,144.97791336718515,1555.0293498494043,4012.887253446816,99999.99999999203,3.6257316300580476e-06,6.699261916691386e-05,0.10036970003943582,0.015369837966703164,0.008241068164953473,0.31037300709145893
227,-802.7015829676661,775444.6795436932,743656.741464959,118266.51406858247,60908.876751665724,56079.73184594984,53246.32769767447,29728.38240711028,17024.641368247354,2177.8376688503254,2970.8794137146483,2473.778782502525,288.03478817464804,855.4276221274935,170.34142288890803,28612.602854768462,30009.27130914342,211.0830442614709,1470.6384973985632,8787.77999649185,99973.38715764004,5.967377895029999e-06,6.422793456550117e-05,0.06988417734431557,0.012772318252348914,0.023244551528484432,0.6333034377945589
228,-788.426738696656,750404.048329808,697723.6812827453,130075.37134665991,68868.53471655851,57463.90792228326,56234.99440871642,30665.784061806255,17191.34177518636,2159.066419104859,3868.1956795299243,2713.3039630578987,808.8761550018777,1135.0053730989714,1278.4732405816756,28028.917249865128,38296.164880129894,111.36994852579275,1515.9653744662246,7869.558687210748,2476.310087615659,1.3223890884586265e-06,5.713342990259763e-05,0.07322688854758395,0.01238613224697338,0.016228476932378014,0.648693267486685
229,-897.2557900330189,737163.9056378163,696645.4626126008,117403.74450218107,61768.60031145715,58122.139044219926,55814.6811456991,32902.881015882944,17625.036515323703,2368.1936924004503,3371.0411725173326,2595.130397852266,374.1236372286751,1087.4495533324173,155.25224659656894,26759.6456915814,43883.97617440069,196.4277285299394,1603.712390304437,12591.24778312974,1347.3986845727277,4.911074599448045e-06,4.234033105479413e-05,0.07494686125844885,0.013012151509802875,0.02338505588853102,0.719256744241716
230,-889.7746691694229,715447.0649360045,668619.633667643,117398.96385910324,67990.94752429362,54439.91727678243,51944.731563978225,34505.22235324995,18006.0758394225,2364.8630734430335,3414.567221958977,2378.4304364558857,632.4797091778466,1182.9866534359346,102.00756868900537,26245.64897100382,28520.884336745265,193.48999007523543,1723.2532623695408,8396.092849210245,99999.99999924969,4.328412849276404e-06,3.853109545190268e-05,0.08719344778671115,0.012780548300812426,0.013773311315274242,0.6677583800795808
231,-948.8164957447066,755252.9308316895,715662.5242842507,117211.13047234144,61184.2072979277,52339.99183887866,49941.86256868974,34134.095906269664,17291.454479488773,2203.8743779344545,3248.5065574516375,2446.4946895846674,346.62651910298774,1005.3947050938782,119.60651727307564,26343.231813230785,62136.119176017666,183.53721627430036,1865.12547523836,6355.678900587547,553.5161235949122,4.928059894513387e-06,1.6674270713894925e-05,0.08386128969111702,0.012269954751568253,0.024885436709856504,0.6412803070318703
232,-933.4191820808353,759546.5626248091,665724.7122226123,120078.89043849269,57298.56407651644,59088.72441370105,58089.52611942719,26060.365805280242,17634.810664819066,3192.346054336718,4175.401130320628,2757.197439427967,95.67722978868073,690.0409171507122,348.4317053902431,28246.761932480837,27719.590729844946,85.99775727322368,1536.356831997484,5291.70663492723,1548.4449294733622,2.045402059288406e-07,8.860450494444697e-05,0.10191676788201619,0.009234928717860334,0.018750157864146067,0.5866109385956562
233,-876.4455755633867,726189.4788667148,680465.4631661123,118603.84257750126,66247.13547093623,50404.16929309738,47999.99993391447,18930.757433895156,17690.193381094814,2459.747777738503,3400.723846282768,2342.219113704013,579.5432238178714,988.2511386165002,211.6636611274701,26908.821796326065,28856.58146992301,156.59320868479608,1494.442671318621,5624.835373246595,1385.0020037119375,4.32322038011914e-06,5.034840542822863e-05,0.09223636002774314,0.014741485499761857,0.01672881185048756,0.3585585459348662
234,-731.5005257768807,723066.4268115894,684127.1604916208,117658.1304760801,62876.70224628218,55246.16158351392,52370.480209341826,28749.268748315662,17730.9883813498,2154.679226204767,3285.2518427673313,2423.5584739044352,359.8335606551439,966.7673079345082,153.8507179838375,26979.207743085637,40470.6233525222,207.3367368597633,1562.1406722994043,5074.819251826402,6345.699006731486,5.21238786072468e-06,5.278219379774833e-05,0.0733403672710762,0.015464819866631606,0.021212549945164486,0.5618053499095651
235,-637.064689871563,744289.7594985932,692742.2808605955,116963.98688770292,59735.68046850908,59975.33508404185,58931.36839561202,29321.304967511398,17403.00539822746,2050.255758236965,4019.8509684757532,2886.586351682868,245.87389133857167,879.4939469144973,107.66696705813479,28206.439276530553,23364.98052256343,79.65605687364464,1531.742874007695,6579.056331239103,99999.99999928148,1.8431249778158433e-06,8.091955786634489e-05,0.07739665545250253,0.009325977721490216,0.024084397570974112,0.6370629476148186
236,-977.2079704793359,718025.219842532,684069.9565469829,116500.66481748431,65298.13914153138,61101.35623603878,58468.84208646887,22086.856904831584,18081.96246634542,1943.0794574192587,3123.746701118839,2340.9417594092192,492.41874442457697,1243.3682728253536,58.108267983613025,26563.410934453274,32734.33835224103,216.06200847012596,1660.9361837834992,4138.786898726788,99600.79082096167,5.164966677305677e-06,5.926954256894007e-05,0.08690739832546802,0.015309930446060112,0.022559455061928062,0.5263766072820848
237,-830.5886559296453,774048.5683062256,728199.8613057962,117666.82428436329,63749.027545708734,56306.496604750224,53827.02545765577,31004.926054709485,17343.006961036834,2327.0301096054845,3393.993307442218,2605.4477388793857,486.705841071503,1144.1972927973914,108.08877845605123,28498.098388075272,24623.468452458677,184.80388283507244,1543.7046805586463,11008.2463467972,99999.99999843842,4.39308409311112e-06,6.12149170619953e-05,0.09184607345045644,0.008241155190490892,0.024609772041267772,0.6388199518395276
238,-679.8386674046064,772759.7213677133,716630.8850143264,121888.80339835871,63689.61715167275,55486.437086902944,53803.81186452191,18087.172438057925,16896.486643570704,2319.6834007209927,3732.060639686109,2605.0847646761526,453.86043975094594,1021.9364753705751,392.0626044565476,27602.137790263587,25793.773727182615,126.50259854732909,1494.0193420348292,4827.5634253234075,99999.99999865123,2.6839168029330936e-06,6.501575264267927e-05,0.08892451137682321,0.01026365399279689,0.023316325118063516,0.429828046409064
239,-665.2452271365299,707243.1488299913,677322.1014789615,116988.04536137111,59693.126711834884,59386.56973895494,59108.94895809839,34171.9263443368,17959.777888393262,1461.4195833131116,3383.181940216295,2644.3217049651444,208.49568203905505,715.9871492547551,99.84782253291266,25241.800657969598,66396.38915761084,31.036696547695406,1758.9875626047995,6983.830627534792,1130.9170411675343,3.5145942670363198e-06,2.0352031185907695e-05,0.08358330344443865,0.01110957827126537,0.013912728553281123,0.7505097172869535
240,-826.8733821633375,712424.5986699932,657819.1590418248,118214.33193873255,58972.93259810573,56914.69206970344,56040.48424259374,24495.93332886629,18214.72586709275,2056.6910454102117,3823.3186454718093,2673.5320074211477,182.93458073049666,752.0528952324858,178.56470121507743,26566.075012617734,23883.76089422888,69.4846307232601,1675.6709735396573,4764.210227470048,99999.96718525946,1.2618429925779164e-06,5.928290111614598e-05,0.09434416040482692,0.01294756662975537,0.019919352502662153,0.481587883012935
241,-935.4959200062362,734281.416819287,690859.6787540604,117578.22085126054,63870.19169767294,57850.13414426688,55573.91389442256,28344.732044496486,17772.5354532523,2232.671317167691,3529.9469800096526,2474.067970629317,420.2467846493929,978.4214958145087,144.76682915965986,27238.20788827114,24615.752256968433,188.62752431084,1576.8716133643018,7557.336889468777,1261.123895585031,4.22302600653515e-06,5.6540876751189435e-05,0.09322163849618531,0.010366428832176177,0.013110156442034192,0.609612764015749
242,-839.0657634442243,742280.0312576978,703701.9878304441,118698.19852719235,62317.48739545168,54093.559732874426,51436.03583547372,31405.881047261322,17641.299796377538,2149.701747567702,3180.2388317371865,2366.408102076735,390.3435371356561,815.297999357616,168.35533864073219,26987.23884994681,50854.04061954497,222.4097658339321,1727.1054983676765,9975.477200061492,99999.99999928557,4.852004600243732e-06,2.6610198386832218e-05,0.10435764253044158,0.011907107000797975,0.01953919205590448,0.6655877163030228
243,-817.7615274627678,746177.4200794605,710166.0793079571,118610.00372589973,60826.136729585065,57591.38842717734,55053.91918840325,29808.81116715216,17524.077201186527,2140.355858149901,3292.9809512805823,2541.9827126250184,319.2661396567251,1073.854156895593,161.2406607532666,26650.679903397107,111546.93584025015,212.51234955350512,1942.5112986672577,8335.523869362994,99999.99999948754,5.670050785785527e-06,1.4584960250405952e-05,0.07243467757224616,0.010575445968067497,0.020881863530326783,0.6245383203282155
244,-789.1396747152893,738624.8774408676,682855.9453974471,126182.64037329628,57743.147762437926,54245.11999512943,52709.61252785219,36328.92128430204,17888.375748354785,2208.203619483615,3809.8798750017118,2724.8043913140896,121.70538512436072,650.2297196610032,846.1321775615596,26431.730743468095,26346.55223435194,123.7063859091142,1529.9793524384154,22691.14070324441,886.0976264464119,1.675118863198371e-06,3.3519120502175e-05,0.07097638068568349,0.018807918256783598,0.020521405881925543,0.8134027065130398
245,-941.9070881012815,757125.1505392962,728351.3048414708,118017.26397627684,62167.11868575953,55845.39875672673,53449.771402126054,34401.844380056944,17199.834405931448,2056.3088378482885,3198.645086427348,2454.1389369388767,346.82427799641624,907.4787005379303,155.1676924927326,27103.29701794815,45288.86148325123,200.08807848041815,1511.248919562216,13079.89811684994,32667.621623193136,5.9306457692091264e-06,2.5296704135549706e-05,0.08727970435968498,0.00940501338783608,0.02465169246481532,0.662631197990836
246,-795.2959659444432,743753.4307344018,709769.4565501795,118259.08843274618,61226.7882303296,55188.01587199898,52542.09888599613,28194.03515146881,17305.239682868643,2226.2451576790386,3200.200238425272,2490.617807517198,378.950087573178,887.9841964221362,159.00054526743108,27491.320311097763,35701.18002481464,197.97810957065093,1673.3698244268694,7614.155662398511,913.9120511207054,5.9008698683874524e-06,4.9352534700324e-05,0.07680093516149564,0.012630647683663145,0.022151603202271403,0.6200895409084333
247,-867.9231450257541,749279.7314415958,703776.6842610539,120513.0266446161,60761.895581379664,56753.11489671084,53781.32317918299,26487.82277833486,17221.76066724438,2534.3996321805284,3154.391114743127,2603.4327817292574,283.2836546470621,900.1805062353118,311.3607186499363,26342.904379172996,89174.26291528161,232.16421241687436,1751.6745890462744,7715.491380571544,5298.966507459277,4.408113531339317e-06,3.324908187724764e-05,0.06671965490528407,0.01122358953465639,0.023263334957803857,0.5643372332951175
248,-986.7311085570132,759548.2630094087,719679.7299298489,117837.75030296267,63731.91316607068,58441.37579771554,56005.80575265322,24998.465325558594,16988.44010817732,2126.2633018864244,3096.1192576632775,2467.1386839738957,445.1026772772366,852.561956663148,157.03384406178435,27795.129892586832,34072.003891697896,203.6033556280789,1519.8854555991938,4506.508602445053,9978.618333398388,4.484576607039195e-06,5.9054900260530566e-05,0.08441979393576025,0.009181779871598858,0.021811310782743416,0.548070720054074
249,-765.8916819291303,745305.6689601494,707952.2444800371,116029.2227213899,59328.531328485136,53713.23388880369,51975.58742428692,16070.329745902472,17405.874531604746,2009.6932279430528,3491.433889018425,2633.543994641829,216.75948195068045,810.7153298833816,50.97904473977253,27428.198043696513,20961.76383470373,121.3756018471218,1445.246883461493,5155.380262580515,9830.675770737182,4.258135042924687e-06,5.6227776625643355e-05,0.07301313156647639,0.01088942340985436,0.019353813793866276,0.33000535159770794
250,-762.7650282593966,749623.4682783332,703565.1426957747,115220.25331595127,62108.97112857115,53185.6643115353,51990.97235888218,23278.033572972025,17317.404404571644,2583.923091972678,3251.0064408186026,2420.0534104656103,303.2444152818695,840.857699900219,10.000550348574194,27710.965959798377,26857.9286556332,88.86449469408754,1601.5279524348985,5383.27954728174,842.4800994736818,5.187522162275858e-06,5.385711147116512e-05,0.0826818463847317,0.012653104586812894,0.01941331590619757,0.49518408895650734
251,-806.634772537506,759521.2456670038,724815.7762651881,117155.526799025,62250.294052610145,55220.21006271864,52599.97235623264,27705.06228978504,17418.97678153802,2007.3838382040258,3465.981120821509,2447.2988742159114,370.05279632221203,914.9659305887152,119.95042242405441,27922.30967782223,21838.665537863482,202.3005852447788,1562.7713084100947,5424.1746784384995,99999.95465160314,4.685559636426116e-06,6.344497274176111e-05,0.08522335551025023,0.012829017814803086,0.01523449990339011,0.5007949854311977
252,-876.7552250981689,758375.6265350566,719893.0836618157,118486.280637614,61490.09555795109,57004.23411431312,54619.07935128983,32119.945102471658,17111.404982800374,2174.7564382037654,3196.5942242415745,2521.225944500026,312.6750288826102,990.6367421818043,150.6128710945641,27622.66817995942,32167.59201955266,204.3538188993267,1500.545724116436,7866.4740332530755,1308.39398740843,5.156519232257826e-06,4.905228798145059e-05,0.0816463030736994,0.008078210751541843,0.020507951292406425,0.6606529140882086
253,-828.7650765362262,702266.0061557138,652494.2416724282,117518.89257948939,57697.07759535216,52810.621221212685,51597.220445180224,18846.166900182197,18208.55238025356,2077.0775689254433,3749.55472257584,2635.192214087412,115.95345350819261,706.964869065019,99.06539712854287,27600.863261884522,19734.303951750262,82.93231975221035,1462.2489028348996,4348.910501147485,1154.097954043257,1.8384641539068273e-06,7.593954706946084e-05,0.08030110063422649,0.013336816395193725,0.015503205883394485,0.37398265541122344
254,-702.125691351542,760082.4460060612,710905.7448524189,117841.71927507533,64234.93274122192,52339.96846540226,49965.64420177,32570.572969492852,17239.180473684373,2250.2945834949064,3466.75917724353,2336.658648838019,524.367885962901,1217.067590353588,136.99920654141187,27037.92379810493,42219.947606584436,174.46228737780638,1619.5703165543446,8017.284159195019,99999.99999251659,4.6396830383981355e-06,4.763464265307233e-05,0.10301852541936768,0.013383575731289713,0.015045886182607854,0.6120256751609033
255,-675.4183313766443,758627.0295608804,719267.6197427673,119083.17914353489,61242.86070226459,57476.745914944564,54497.859843342165,27108.2471046561,17335.55899200133,2136.663763754125,3215.484605818419,2409.020358070206,281.2213062401284,811.6590175068577,211.4126563395331,27989.48538275534,22884.64381599395,213.06017772205888,1565.4678581701119,5913.382705090697,916.3398601118506,5.096299877317114e-06,6.433159521253274e-05,0.08117025734371563,0.017334228133530853,0.017413917812976323,0.5594990584382911
256,-806.5547653815356,776116.8422533494,732588.638827212,117294.38698107116,62133.445155312125,56257.6566128762,53583.09783505461,19954.195921812745,16812.500007749823,2468.3594913632405,3154.175553520632,2442.460947268231,334.1502969231736,898.0848228637703,123.64184657194828,27726.588969286677,32121.232050711245,203.13490916222676,1500.1300532998068,4921.252973449898,99999.9999999764,5.068716151912752e-06,4.469736934028218e-05,0.08584668776079885,0.011848090370617067,0.022394317311124602,0.4325000793442302
257,-832.3781117838035,723284.1889939012,692065.389049961,117622.147140692,64544.822440595584,59784.22678891905,57485.775079424406,26686.628156088565,18010.514576936606,1791.2031878101832,3214.5539303174046,2459.586294321975,465.451812445133,1101.849664024119,119.31310853619495,26471.558746370607,30953.403899523255,189.90585027915685,1699.1146590254468,5086.278903220894,99999.99999907703,4.741083283424234e-06,5.549125043082852e-05,0.08267785143944448,0.01092151994237879,0.022145749168285083,0.5908304159640554
258,-899.6689874626594,740646.2383633736,685011.5828755903,117514.86482415214,66461.07468736584,51793.27026009489,49253.12056703941,12616.651479069329,17911.44579946835,2518.1404252612233,3513.403242819135,2423.213130903607,542.3041712331744,1123.0480738022789,126.82745146007572,25577.94394940439,112348.1829890064,193.95404552357053,1872.2817316187786,5262.375855924756,6243.250229950109,3.572155335622008e-06,2.802573897556629e-05,0.10803878916749796,0.00706749586175165,0.01648446254166163,0.29190309702825495
259,-720.3921010322532,715342.0157622553,672118.5007626826,118379.04968289722,62185.52851465146,57767.76690470884,54963.33522778655,30059.25325664695,17924.70595465724,2155.57788058372,3433.7458028198703,2447.904478040381,381.70580100733093,863.6638423206729,142.28187476570557,26726.77143926636,24948.001210717815,196.16230015162978,1596.497611555986,8017.61441723733,2187.667983581186,4.603970110265946e-06,7.158477627788199e-05,0.07871567726992545,0.01170881757842632,0.026957116974285964,0.6375115481443484
260,-631.9120109216541,753840.8600673837,702738.5246457406,122688.15227917097,61944.84294468562,55409.52114544543,54142.69369230025,16492.57499235073,17296.546781933735,2221.304276680345,3642.2133358560714,2662.878622433529,339.1718347830167,905.4935659373248,577.6368462607634,27600.369003409684,41345.02593188701,99.68980990267637,1685.0404487321691,3972.0219396581006,4565.226056954553,2.486883564210709e-06,4.0885109815521205e-05,0.07679343573756256,0.014451506775857176,0.018005927343801777,0.444088906098836
261,-770.9062084335615,711098.1278665538,662448.3942314135,117976.58423572591,64968.07095191347,57116.58052442058,54495.4118355524,27784.573786686706,18104.3266712644,2189.2480193531633,3503.03713881135,2705.203857738599,555.157860319551,971.2828225580506,138.83420987206733,26016.845671162777,28992.06052669633,198.70428179009969,1427.7608153866768,7924.172320861907,18660.93958862986,3.640740199042113e-06,5.55553861502549e-05,0.07611638947950967,0.006803849212852489,0.025923996018796747,0.51951652902448
262,-818.7962147373592,778672.757303413,739240.7357133593,130337.92582957687,71701.5676620543,55523.61077959209,53238.55263030044,32406.9470563503,16831.724796325372,2115.624842460572,3318.0841780623705,2325.6711346542797,888.578719697219,1473.4003285720605,1079.9797204347637,28516.855993462545,23043.59651105678,182.39121577532737,1532.4589879522732,9397.470306204734,2348.477155861563,4.03448397967779e-06,5.27249774892063e-05,0.08606022624512578,0.014280543860211497,0.019415698934695955,0.7132920095423798
263,-751.3469991387108,742523.8111823505,705022.7001095794,117320.68183633906,62601.19575191861,57253.33975668868,54755.82963317812,26810.475568883274,17391.70852259425,2301.7184170860455,3309.316297867199,2399.4188544368985,426.22701860991197,960.3486499554278,150.78068792095345,27869.257545400935,23654.869794069815,197.88530240089574,1517.4661700812435,4760.14062342277,99999.99997667751,5.326297387173586e-06,5.387672793772941e-05,0.0854112017727188,0.013775009281539316,0.016986838017226565,0.5302899501522327
264,-792.9967587949249,757631.4353689363,717453.3462260776,117527.35398120857,66842.98241172786,59680.89349602615,57075.72127947622,25238.662143963687,17230.041377263802,2054.9138708041646,3232.6848819428483,2402.3886697761172,636.9258053126089,1088.9623888838523,110.08898196391888,27578.582731136736,20743.46539726608,202.83043130099477,1611.4710701457786,5287.485508365601,99995.86340149214,4.189184912378887e-06,6.577254815254158e-05,0.10551331281306511,0.009018027454714285,0.022751621432309136,0.5834334944019071
265,-835.980325334005,773868.2111566943,732456.3535158347,117366.9752001856,63352.345194424386,52804.7074394145,50451.61741817873,29864.796845113535,17191.25794725468,2521.4333733744434,3197.7483201229716,2540.945959993347,428.76882425872395,1163.5563432979225,139.5247916062446,26824.32897230165,46146.69521776475,185.18120270726516,1662.7094029348157,6144.2764235052755,985.7078707346711,5.592838060546862e-06,2.4915211691208055e-05,0.06979254613241109,0.01256356451651098,0.01500381366955114,0.49337287467402335
266,-686.6967348869222,732978.206667791,696446.4278376622,117942.26786497145,63180.118345027135,59288.192588210724,56808.94894719088,29686.65893310055,17358.319263600166,2121.5735566921066,3328.8134272494276,2553.8773200653286,413.19703026375834,1036.8492095869628,128.23535748353763,29007.02053014468,18517.48211276878,189.38015808769958,1335.768684261618,6260.80527985189,3930.530462049201,4.922864536544276e-06,8.167900759893369e-05,0.07958199543794325,0.008004819199966526,0.021664567600632456,0.5721036116066612
267,-979.2046876457304,735639.0080451862,690141.0951458224,119262.80156671417,61942.87453914681,56608.104870669296,54289.88766530917,29833.215517392226,17632.696835015242,2294.0581176265196,3501.7833044946383,2711.4091228205184,418.78687088768964,856.7953335526043,241.80518357986293,26982.045335901363,28083.90081384961,191.11726689716085,1526.0123569224027,7688.770004581678,2684.040332628242,3.5845946031861448e-06,5.667323559367974e-05,0.0764008923270845,0.011507287347498027,0.019135240695879067,0.6325923699286069
268,-885.525420668167,755567.315527517,704861.7708534843,116763.39987198163,65299.211559894386,54886.72787731286,52198.01873508239,34516.13065234713,17425.476180412592,2325.640038920617,3385.1335704535713,2410.5107804225245,524.4623415031216,1140.0263890227673,103.77706410357447,27291.831616581505,63141.58335440173,218.69137232139022,1647.0055752980252,11651.656025934888,1504.9440622034342,3.42738587547958e-06,3.641010432536315e-05,0.09405289654432733,0.013380933649053482,0.02463697758295556,0.8128727188074986
269,-801.9971551441374,732171.0135547491,688632.1824465316,116512.71320630684,63424.12715730106,50434.64796205262,47999.99712169822,20068.909943880015,17208.54049471968,2122.6007888279305,3417.16752792409,2241.892720497777,413.83875825932114,901.9125413460996,96.20039908897807,26189.54258353668,47634.33795593943,174.10608279553492,1580.2407639350054,5539.001316935582,1248.92063503057,4.3290148219251775e-06,3.477801363685271e-05,0.10385299638898081,0.014615540835432737,0.015201391937672998,0.36019679154353645
270,-1011.1579709080872,753387.71598995,705583.390673096,117147.84717342307,67738.57167317711,55814.615308546905,53146.566600918995,26889.473840037444,17674.24392867796,2084.3218009971347,3634.2437051674738,2285.625496966003,679.3092844955328,1202.5940404745393,89.93673305972524,27484.1229487672,26275.584751287468,222.04085332156862,1692.9824523247999,6063.47287441306,2387.531746181298,3.4385020642614825e-06,3.7807314202617624e-05,0.11806921563634733,0.014930327829705305,0.011847768207061514,0.5455140794713912
271,-746.3843989425338,770478.5626463416,717120.211857987,116976.0196279837,64338.612604164475,54845.48378269706,52559.5413651462,17516.188701095758,16889.49851264684,2540.3495326243183,3390.0688004009007,2345.0904687165157,462.0218440980885,986.5604848591964,118.18973893358081,27460.174616256165,24491.98947101073,177.47942985376434,1488.790194323177,4168.902423890398,99999.99999999984,3.7059120879540025e-06,5.661751429746816e-05,0.100999523933584,0.01614463078538003,0.016602283911718353,0.3836412268789331
272,-836.5201360366104,754688.384757567,718139.7658679453,118625.55828399904,60967.22058586679,53465.294102380474,50552.61661220438,25717.21224543906,17453.011561716055,2235.946671581523,3309.298411052455,2528.7628983214718,329.6429249402264,888.7972817391761,184.15015086461705,27629.077560748363,39489.376348706945,209.84567345518317,1632.6315155627046,6931.997745348691,1228.9868239398786,5.789810445160858e-06,4.200145899612014e-05,0.06823389778146073,0.013010161579763271,0.022796695571438857,0.4897451053812645
273,-806.3367047599902,770681.9040453252,732973.2927963515,118498.62857186618,62721.08130494229,59846.06027759674,57217.872869142106,27533.677033033622,16865.39361792987,2101.8557383070583,3270.736361155677,2385.953005400885,377.3337608568609,761.7544481723163,178.6189327755203,28499.95379311695,39227.412655837164,207.99032697112472,1498.8335427183554,5712.853703981616,4409.045760038978,4.770154023133747e-06,6.363266204881519e-05,0.08572007120658422,0.012832312881548588,0.01623952279910054,0.5688982157970378
274,-772.0151535382181,744539.7404717244,689966.543941999,117827.16152450057,68124.57038725397,55354.178822194066,52644.004990767775,29429.447932893796,17602.006294455718,2470.2253982925977,3499.282203587264,2321.9505216420157,548.717131708301,1237.498741753244,125.60299745979249,26098.006135972624,45639.837535849714,207.80928359632279,1926.4380720463485,6272.380724169652,2356.8276204778604,3.516801145688367e-06,2.761864887516447e-05,0.10727002030263563,0.011448435150989813,0.02692998998689849,0.5914448173998373
275,-695.887806975472,735961.5343761081,677620.8762360855,127381.16051030722,67730.71248680298,59695.24860467358,58381.62977958583,29435.16576237271,17855.619462139737,2528.0247434784933,3507.096551027965,2446.5329136590562,722.3426238477555,1687.827950916628,923.5752667117158,27459.702735910327,23694.32659428717,116.15281997809694,1523.1979299087864,5050.41440901947,1561.8269374262213,2.897001989625804e-06,5.939381004926839e-05,0.08892791319709359,0.010558816841626592,0.026333822704240315,0.6486643352685061
276,-796.0750294395191,760450.6587386092,710004.8098052193,117409.13125228319,66719.1765065324,56164.30949757135,53947.92094600203,29139.538136753003,17304.60341296115,2141.2543124520894,3720.0240790150315,2537.2281214580985,542.963870478568,1041.0469699575344,119.14151159884733,26918.27077735137,31344.530073788694,180.08591288640324,1692.4879961362205,5713.93325690601,1594.777863470423,3.205164775804489e-06,4.265589202949487e-05,0.09908668832056498,0.008833279421665527,0.021472966714875138,0.5844511918648196
277,-888.2577456165866,728205.4777419411,672055.0560060084,124392.47309670773,69363.94041069286,55000.711750071416,53722.62405805626,18497.928888138817,17781.58659192667,2210.6703600132532,3631.34945985854,2420.3227586069593,787.9700182818781,1449.3644739668357,600.5063242789932,27555.80130750331,18611.49666180184,98.76698984170655,1520.765240042835,4340.444234364163,99999.99999975719,1.8442885771658878e-06,7.526622829723148e-05,0.10327827232822064,0.010402059839263107,0.017925222988705757,0.44623579403533975
278,-786.2231042106696,730834.2814534277,682356.2877309766,117753.02956513381,65761.70027013544,56278.229335826705,54153.38644688009,33065.14494444678,17781.617000236627,2162.6831289912816,3588.612881854277,2571.457709150284,498.4570429500542,1089.150006063031,192.6060371220139,26272.613045778366,42489.23976555541,191.2002483265064,1548.7716209117016,6755.052814031002,2787.663909672652,2.9217057667146424e-06,4.273454482910775e-05,0.08882869924096477,0.011733122415641235,0.022652312350195526,0.7108241758508463
279,-825.0260447433409,720437.5684823286,678041.2124415702,118461.13071161907,57488.075972926905,59299.06657449829,57467.070188320446,30707.921084207563,18228.910808172128,1905.1815597815068,3556.9643975617455,2646.3044534145474,119.00923948574292,694.2280355994156,174.93789836388575,27892.022709567318,17726.279146524103,146.8262690864264,1447.2594730069673,7681.59668703896,1816.6497539698992,3.027149069904226e-06,6.386243240516595e-05,0.07740279699391976,0.012670352571593713,0.0245634032965168,0.5946110784133974
280,-789.8319767185656,746949.224536861,705439.781570813,117422.64797873479,62505.108581995875,54773.631972272546,52228.48272025354,36077.74004279714,17480.600906193114,2433.009299360063,3272.72313801184,2287.2849214080893,381.6031171183611,1008.0344692167446,132.8238925402741,25432.736456294235,139498.83888795457,231.47256727973132,1715.328403185497,8478.168761729019,573.987447124945,5.897024929241831e-06,1.2976274790943783e-05,0.09218996295838817,0.016976190944629425,0.020053445438907934,0.8312560127036981
281,-846.3721999675395,751947.6365550442,704695.171308309,117229.50436839463,65982.9164772772,59812.60800703463,58003.72416199266,30318.06683831057,17634.498414751237,2450.5831835154813,3439.8670264282614,2640.483830407225,479.8817250142307,1154.7392570989562,104.02968986203591,27654.423070558118,31800.878754442387,190.15763788881932,1655.7261815995234,10244.5109414835,99981.81593911612,3.865275675489263e-06,4.4108313714222675e-05,0.08677398707316487,0.01005566648282715,0.017362952553565986,0.7022297374650194
282,-672.2410031092245,759208.3373427327,710411.863191325,117740.56944768576,63634.09308948493,57099.375580599284,54875.66247095478,27288.136021988263,17162.95298395116,2474.939182496891,3306.017005160106,2365.3184489298856,359.947023983185,1094.0385445361756,109.37352442537714,27240.918239403614,29677.936451359885,176.67240303782242,1580.1704029374218,5445.000117561542,99999.99999997675,4.604935020998911e-06,5.853625988251873e-05,0.09477061611735356,0.015068493395033052,0.013235649582253135,0.5391929065303963
283,-751.3265206541093,749136.7798147453,696865.0627134874,116689.30637673837,70730.80451706865,56296.17727880587,55257.569134827565,10116.545080030452,17420.572385547828,2393.2076182472265,3474.1015105011743,2385.2107333059776,745.1423069184796,1406.6625323550581,81.96425197871004,28206.19164846125,29290.428602608976,79.71131262397391,1701.557216387032,3016.5015728937155,99999.99999950264,3.323392469148707e-06,5.658673568586085e-05,0.10294385723666868,0.00808133851673516,0.021308275413700513,0.3688566813249959
284,-658.9695417763252,737415.931939497,700903.5558839128,117425.98687430036,62684.49203379971,60397.09542063437,57823.317745741086,27159.55956525197,17438.547183022813,2034.3889514041794,3182.2551552736127,2422.8387732406186,430.10983979424094,1076.817901759988,135.73155188899034,28338.89185037895,15943.647063455546,201.8835614761899,1473.3990656867866,6872.643070486334,5277.683911723623,5.151955913085121e-06,8.74197211024927e-05,0.08586581872862624,0.010940402530461446,0.02089519552453408,0.5804757647225466
285,-870.5974821760324,786343.8573973816,724375.0691394078,115982.67162810886,67418.17393464826,55762.86675285339,55435.68181345934,26802.199883206937,16697.4875980347,2970.643386420558,3301.64096040438,2232.48707904454,613.9270681404499,1293.735950075064,41.82059070098586,28675.401608390923,27513.634189611043,29.802192726500518,1554.1235450116824,5401.0988802142565,2821.924895489486,4.928010817323937e-06,5.756237727245286e-05,0.12218925599221231,0.010285021533174215,0.012911229968806935,0.5466996146704038
286,-965.1931189505217,711725.5653979258,660789.9465757638,118683.17524430886,66489.74880782094,55630.20067739932,53344.48225112199,17012.312921985405,18342.96656032003,2482.340964111156,3471.6152153856638,2630.22482486704,555.7928511659086,1340.6160275748214,170.8071607389556,26665.515522749032,33187.7955289728,177.43210309778416,1707.3003456167708,4099.73073109308,99999.99999999984,3.950562673491105e-06,4.627810516369211e-05,0.08115635250879466,0.007516790216439682,0.013350733317210891,0.39614344397295503
287,-717.2156935049879,744095.0451091117,701649.5101523527,116978.80918362575,69147.22122216971,56405.427795545904,53717.24638125355,22127.67771680667,17549.47696226015,2225.5828266460444,3287.738021074388,2314.5877447593416,717.7220520168529,1125.9760057532103,104.2814353081215,28401.298713714834,20683.11838645789,191.7502270681575,1436.1758266916347,4722.241586827399,5336.487126584722,4.992558057655074e-06,8.404207398774739e-05,0.10144119167496028,0.013838736449732578,0.015821779471801512,0.4912521267313771
288,-792.5815837322866,759446.9738287952,713407.164716316,117312.20579627885,64618.8438631655,56646.34569701248,54051.68831217333,30361.21021730926,17364.041237957597,2372.7488089274984,3156.420836808886,2390.11367163953,503.94914292468184,1100.4384356995142,120.83896783532212,27137.67745559451,36823.99073012255,217.5158177003514,1616.2370218896342,5915.220438943355,1100.0596783485505,4.500307515327246e-06,3.9491865314482874e-05,0.08364521720462324,0.01491328294586023,0.02915823637548457,0.6505481223224948
289,-815.7030651035257,798120.309636191,754535.8708685095,118243.9720279867,61729.083404971134,56774.85110194889,54463.98098299886,31174.150744381754,16591.799118584204,2269.3875811763655,3286.226517329096,2422.538106280907,313.9555424265921,974.1018923754173,240.9133176155428,29253.373157835675,26451.569935166444,192.52523310580682,1466.0763537359096,11344.716979202736,99999.99999893864,4.749579672620847e-06,6.587605676630814e-05,0.0848719347633786,0.013730569206954275,0.024400460939955064,0.6800281819481431
290,-948.2314206979955,761504.2319783622,721162.2946969233,117521.6898155312,62610.00002430248,54019.70425730504,51722.8524712001,34493.71568411259,17206.349999047423,2118.0705758105005,3265.87401368557,2405.4875844155404,364.4882926669597,1023.6590032736187,123.92621215754733,26983.303484798107,53769.773275695894,175.39503741261626,1721.9556846189014,8798.125500803508,1400.5995442315962,4.772201131872533e-06,2.969998410450674e-05,0.09847465264087849,0.010394446494496437,0.02167363431706865,0.7321760780710586
291,-746.4755873733116,763407.1619033638,721315.8346881849,115527.85025010657,67045.9608390924,56112.660923578434,55246.78412817207,29279.80334240341,17368.777878913694,2930.1856151640245,3104.8333290491214,2051.38531085576,626.289718612471,1183.447246491265,24.229677599780825,27366.111671959592,28055.39445145845,78.16014254654988,1564.2502600075866,5779.951407023416,7431.495125888373,7.044151573848085e-06,5.3756510534288834e-05,0.10906236329938356,0.01721523838899212,0.015290338613794148,0.6029476898665138
292,-863.9884475775256,726909.0548166414,681834.8317367581,118314.18481005747,62063.54468248817,58373.721252826865,55864.74643462348,20133.913220068647,17806.18342035055,2411.8884784624247,3267.564048275608,2282.151166972287,315.55066241021,1023.5772612154084,230.51898728138917,28005.99863756388,24038.85914362826,192.38089256281302,1515.5963143443041,3833.0908519977065,99999.99999997675,4.367591839048604e-06,6.395879651895646e-05,0.09976611010723295,0.014967278820676524,0.014243455344178856,0.44819445185578083
293,-788.4319702403042,740330.5791635241,705572.7369494606,118479.98311668482,60415.609384237665,56529.09067428301,53808.918215860394,32527.043146750097,17578.534788942918,2432.000437809006,3162.746864469728,2534.3098737551627,224.185668442158,1068.0569005897858,196.86996682061724,26996.657747258996,36392.25541828781,222.13569516102018,1569.9254686613633,8360.083569518323,552.5760119414322,5.754218279151035e-06,4.465929244974761e-05,0.06648109537191028,0.014006438976131994,0.019819714645804724,0.6805470025654234
294,-832.3021658510986,723742.7912174395,665460.7794687635,118585.65689024607,61724.33886668358,56422.20093748045,54354.41878032585,23464.526517198945,17795.85832334344,2416.4320771652433,3557.185252376829,2471.8236608397324,321.7846875327934,1004.5434600819675,196.83580747475943,26735.633487643776,28799.0244742485,162.80975882089768,1603.53750974162,4658.48537704322,2191.5225012957535,2.867360215982612e-06,6.0007616384622904e-05,0.09179360112285938,0.01673918668695053,0.01984822733365338,0.5275011087841036
295,-955.2266460514965,735252.4053786945,686164.5844856742,118807.50449987577,60540.47131482587,53977.68993676264,52451.85874449731,34888.161365923705,17766.088117024115,2159.886413175622,3701.5787630468667,2692.013373359813,264.0442972071927,865.1188866485456,178.5520540951816,25386.942263052115,65036.68860573971,130.3068475474178,1862.1907303908183,9629.999549294373,2053.525008088892,2.3778564040983744e-06,6.240739350199405e-06,0.0926759498159711,0.009341454642111294,0.018690690601635213,0.7058020096742534
296,-739.5827398500501,751265.1946373779,705779.9657824967,117774.47274828289,63613.373068504996,59239.250859491214,56750.00884203181,26437.539989500754,17586.65014860264,2055.0901331791792,3487.3219267953023,2376.1393783023154,454.9327827695532,990.1101866645247,159.1101757330952,29976.962046933353,18512.04998750388,183.65605075282883,1319.9308549010248,5378.78260811609,99999.99999999789,3.4291197648236566e-06,9.46300436411605e-05,0.10359898848111113,0.013494667980930103,0.021483236200579243,0.5401659111790666
297,-880.3840639679335,735985.5819678267,698371.027444755,117004.54290399006,59999.72036670429,58894.42125674909,54763.88475892576,15280.092755900012,17497.214924837604,2433.456617656317,3212.257634329959,2683.088625735348,263.0921924773091,1022.7094004194103,96.80852456091527,27786.984017852687,22145.047818974504,285.0015115483759,1514.9977918167408,4556.741835725823,99999.99999912409,5.555491588855847e-06,7.699342760637442e-05,0.06398714193827339,0.009663923736436797,0.02488925375000182,0.3594451792686629
298,-751.423903545852,776479.3683650823,744083.3976223607,118556.48522991678,61000.28541568399,58854.39269197261,56618.1672017366,31253.67586845093,16935.144352951,2092.5400938030875,3242.602309172449,2488.8786948956217,309.02664460379424,1058.7571385300096,169.55602759258855,27282.965906645386,36573.1920717762,205.851004988818,1699.6984624552156,6212.715713903053,5005.866881602922,5.72213427589724e-06,3.790161385439872e-05,0.08520753725560574,0.013086194441327975,0.020145616828437664,0.6637467378719762
299,-735.540596268662,723983.1898959302,682124.8066252345,116543.26354334712,60273.37664773915,55749.42998953944,52551.64172874057,17270.599064300328,17711.391241880916,2314.516475587972,3094.320400948201,2409.6225648655245,217.2616829697416,681.3047648020065,58.86390461382082,27532.134007282315,27452.43591812631,230.71242778484722,1631.8608150617627,5222.603975139096,99999.99999999984,4.737483073922473e-06,4.652905450275877e-05,0.08698914243140539,0.01590915714319266,0.01259615721135059,0.3600002900190327
300,-777.1232202955891,756772.1600663869,710479.9844927645,116987.31953228312,64197.40355079046,58967.94133793482,56724.411843952745,28076.506883882725,17477.044991442923,2040.2476772402679,3599.675101481102,2536.2075969515327,506.36964985307725,868.5504348551557,102.62121059554393,27707.700092625524,29431.822629338232,188.1630074005259,1692.2679275530288,6246.420138165828,3487.6306889502707,3.256283072949951e-06,4.781713215359031e-05,0.09507981427578274,0.010453690107151907,0.021122997336294032,0.5872727686102266
301,-930.4717692946463,733344.8310588296,684705.6988432221,118018.99239647287,59908.03404761545,53449.87395222825,52312.8991222695,36644.57389455764,17479.34058702742,2216.8965590603807,3530.2920431423286,2685.827205781656,202.44607597066283,767.8824491508213,162.0182685096962,25178.932045930458,42132.34396617605,107.15224005663917,1799.9781115688495,14026.456240145426,513.9371285749376,2.7841866647000328e-06,9.584869855697946e-06,0.08133123491035477,0.012280709615924652,0.011470912420096497,0.8282589380440911
302,-794.4401344284797,754266.2257202829,715050.6521573049,118504.0848793414,60815.78107938541,52066.76846984564,49514.80176418116,32356.232275882867,17518.313606771888,2242.598842750952,3081.605720099402,2443.5778333096405,302.79868696939116,1005.84931249181,162.00164847836328,26834.929343452117,43929.17134882917,193.83165552660034,1870.0607430463795,7316.826044173134,802.3519579301703,5.216196981190324e-06,1.6223680139696398e-05,0.07634176612672813,0.01565232608090352,0.021392915435181514,0.6916306886172784
303,-800.120678590304,737434.6011486672,692488.6185805846,121285.19811724091,57850.929669040255,59010.1353115993,58041.048061451766,26558.356763319203,17472.345063642824,1756.0059388862562,3768.1464899193784,2810.961492593986,136.31741168743378,782.4771704699004,270.29189397788787,27483.992061845907,28532.84084138575,80.1067275662363,1521.7343583558704,7524.862217293836,99999.99618372924,1.8082909006365568e-06,7.415030692692033e-05,0.08097002134610488,0.008814407977425161,0.02634521869343198,0.6195237989652757
304,-792.1202171877153,765028.8556207994,729292.8782409133,117552.58071678932,63871.52855491441,56843.14122798099,54245.21307397138,32766.02546057055,17039.04016583581,2278.3528690355083,3191.6300168350544,2467.3227374240023,410.46308732230875,1050.4623143083259,133.7855039362763,27991.7147272834,21671.26738420163,189.15757941420583,1507.7037642933742,8175.878698884366,940.580332607518,5.4506096068130765e-06,5.9482325602692836e-05,0.08428893362886862,0.010654134237492478,0.02319803527445422,0.6351610754819729
305,-922.523151340867,745725.7229835517,691404.7469341268,117441.34611753524,67595.09187425584,52587.873963667975,50177.788660172504,35170.32304090143,17704.055490532668,2082.6504630637182,3947.326606525737,2368.0007354328186,732.3170437693884,1098.089082717968,119.90898758662074,25849.249036457328,26414.501755441608,191.47494450699745,1559.160981400756,13978.242441992887,1275.0403129393007,2.3114208448538404e-06,3.490739907701049e-05,0.12449600020667416,0.00915905923394399,0.019515868963013723,0.7242643400571179
306,-781.9863934115353,741130.5713199107,689780.2090742062,117680.76531047776,63670.90986445242,55616.95147326979,52625.26362703667,29878.59838403289,17514.905463238854,2365.098782789986,3519.2665812314,2556.2633583197744,452.36551185074796,1001.8966713876878,128.68735573763308,26391.442043983017,38482.94067323965,230.00813777395476,1698.2179346605194,5154.404333448349,1135.449854574448,3.739868757643085e-06,3.114460561456299e-05,0.08671962102801425,0.009258854615954056,0.02647804017338597,0.5644601058036024
307,-731.6125503900091,728402.4921392602,681472.913795999,117250.0874867209,64941.197485082936,54059.74642238224,51714.290015231476,31154.330252836324,17866.453578261724,2339.4667169585073,3384.8995584841196,2395.6006664891793,642.8519168570688,980.0406440806744,119.53616842872582,27918.75635135797,19678.688317715612,168.13189306449928,1542.7713332265644,7523.372649908544,692.9479011856184,3.931234983084431e-06,7.229869703779766e-05,0.10026876686013256,0.011165344309649907,0.015745807276116994,0.6273535802009514
308,-635.551268174406,775140.7960007327,726722.2716737092,120667.31969284265,62859.213102504094,56035.14794738389,55302.744238959865,17855.713552938312,17011.09463238313,2424.246101513868,3233.7057470520112,2463.4929058275084,474.7838432532571,1104.4543569439982,291.07251005347473,28799.452641142758,20800.309284091894,53.096598620175975,1575.4611724859626,4473.497004130141,99999.9998768683,4.007720976627304e-06,7.229573308603721e-05,0.09426950017505853,0.0108701070891119,0.020455735530710093,0.42912813178007014
309,-891.2016727276576,757014.2896038422,715589.4089466189,116884.31407881508,68700.65414753012,59204.19339820475,56900.83920109789,29378.93330887611,17239.751055156667,2098.501582521924,3265.4561330938495,2354.0148674466423,636.6593876605992,1229.8070004905358,92.24932560697695,28279.619737929203,22524.319532103727,189.5193094232597,1536.067150058887,7299.217657076913,99999.99999985915,4.385337673863505e-06,6.703058807908837e-05,0.1072978564113154,0.010143687428658777,0.02048138646864635,0.6323767717594868
310,-927.7933154458888,723343.7445798,681601.7764701276,117778.21483805867,62340.529625087795,56631.992123408425,54353.93704256825,31917.580959265153,17724.26389580289,2250.4901695119,3351.7471734209325,2416.779753559905,323.48540235750835,1019.2858637498359,135.24223052422806,26136.93984704039,26454.68849087346,180.39874086735796,1544.222740509042,6418.071512896623,2293.1057937768182,4.525780753788736e-06,4.8311809981005416e-05,0.0931536676404764,0.012029850630029692,0.023754401966398823,0.6293342199473687
311,-862.1195416381208,711727.2875741629,662874.427887137,120246.99057630291,58721.37801785653,51242.53637015318,47999.99999999998,10000.000000007167,18143.93840634989,2206.7703108811165,3644.5938001319537,2635.4674486582885,170.590410919934,713.2372965017834,286.54428535764436,25670.502081698723,61448.37286119219,229.5779054328406,1600.4518661110233,3750.949604967472,987.8238805021064,2.96924695768793e-06,3.632398123907164e-05,0.083154132562446,0.011263982733744543,0.017096891409653526,0.3168450082501107
312,-733.9871756317116,725405.5137109178,687797.6685484486,116469.48780143682,66972.88597243383,57055.03006500786,55052.79563310066,29537.528107868668,17677.85180207486,2189.7631704179385,3118.888319560929,2257.831187537964,619.4373425485198,1217.8778234200477,68.49891742397371,26915.898095129138,24462.542069914824,160.99264140376752,1549.6974391758008,7199.418405031118,1485.429329447686,5.625053744060984e-06,5.0706397625004265e-05,0.10477396374580623,0.011916665519539573,0.022801868147151867,0.6683862974133359
313,-935.2018499198413,760892.934116583,719464.7590014078,117593.0263377682,62999.54533584841,58275.6607029587,56099.93277299146,23018.813132155432,17069.78636548508,2189.5272031528584,3346.8881309977614,2457.988771876401,357.2640050894648,986.5753682084036,124.29896496460512,27157.25577894427,23131.819441941985,188.57833243700952,1714.3570911341258,5294.309660668041,10404.500440530692,4.373705890788888e-06,5.0314309142934504e-05,0.08609138824974581,0.011672140796037494,0.020944346623501055,0.5218667095359285
314,-647.9711412286234,771627.5504397675,728515.4383091631,118188.55204313829,63930.55251394193,58310.862380286766,55792.28933740841,32403.071860245964,17025.26164348499,2248.811646703964,3387.095441039899,2428.4725265993907,424.83396241274914,920.9264095547325,119.01985092754765,26695.986903213936,39901.62320568936,222.9020756521795,1761.972117040394,9065.269620988622,1441.6846613411678,4.928654251594474e-06,2.926327250662053e-05,0.09317993986052533,0.012955789784665946,0.018927092134431705,0.7125318202231588
315,-844.2773657875005,762631.0903510218,724378.412664898,117666.97627678902,63075.50099238922,53722.686275689986,51448.80424586564,35037.593530159706,17324.70965283928,2155.685659226009,3435.2412419088314,2384.3509724212354,428.9504649155127,1102.459961052962,131.12794722408353,27345.654906644137,43393.13709151885,181.55635206377076,1677.6939413098867,13411.232447215076,1334.1029982238824,5.00487030080975e-06,3.256028539932853e-05,0.09861746759851335,0.011928784459484905,0.017236662708517446,0.7067630007881184
316,-830.3642694444682,779974.6293755382,746455.3824380271,118996.66300280501,60454.219087927646,56915.36209445775,54635.48633915688,33153.70329088091,17206.372813270584,2216.485843299814,3179.4763081903284,2522.2415761250973,236.46509182794193,1049.7460542258646,168.92241941025802,28070.036257267155,53143.896116223455,179.20949275994454,1664.6611715871186,8135.406625641675,1711.6006584812592,6.030922030118619e-06,4.43580560709846e-05,0.07553599722283663,0.01113574030727783,0.024924253178698633,0.7229608745040551
317,-748.4067961399035,727738.0933525489,682981.6354924041,116792.53646875422,66754.31880866326,51534.14989268137,49561.3278548632,31598.18688458828,17559.44696280242,2262.356090758001,3246.047381151507,2332.191886018432,531.9788242784506,1228.5659813448694,95.28281670463103,25118.387781752597,112298.51137636344,169.28722627923062,1931.9175456245582,7454.717878611922,985.3263100310135,3.909179043938652e-06,1.6910621053313346e-05,0.10623320500945863,0.00995762838405634,0.015837603805024688,0.6879247558566977
318,-679.6432968851254,750747.7435999388,694239.5938741813,125212.27226947923,60502.13488753999,55946.12573135966,54634.59085280438,25172.753338758383,17443.114682081396,2242.731086611256,3846.027587141685,2826.3666841621675,257.0464155392888,826.8740734623002,562.8048026603419,27866.34814135342,24375.19576728764,101.91620871540565,1487.8690729087791,5789.758774585737,99999.99999999789,1.562293574248366e-06,6.420088742447452e-05,0.07465472411625136,0.010502488553872527,0.02125769580013125,0.5409173324001267
319,-955.1363113279236,727775.7791440471,686003.532795653,117209.62258658263,63135.006705814194,57097.955116252866,54926.21326936776,34750.651833322554,17559.961158515263,2459.8830009260155,3254.662790649475,2852.990973367329,419.3221431365012,1078.1061753821562,128.17434582558639,26814.912281277397,55179.324114428004,191.22040362891263,1444.9097562314234,9720.617059425533,99999.99999999984,4.8669041189130455e-06,3.9467063571057774e-05,0.054389216374947424,0.004263634904738902,0.02241744026659347,0.7282067570353394
320,-829.3259683633493,720457.4667367501,681932.5165563851,118704.55155555086,62307.929334021355,55955.453435569725,53739.10910205795,32630.287014532107,17853.28494867279,2426.5285840015663,3101.665201389712,2576.1327890065977,378.7328006194915,947.3544055213794,184.55056276514352,25840.31677253718,77757.89792822817,208.5731789971711,1653.766072588897,6520.931806924335,99999.99999228584,5.537032031055505e-06,3.1604234385983764e-05,0.06784284493803008,0.010712987689711283,0.016677884858488052,0.659012636272942
321,-911.7920476633135,737190.5414933073,691442.5275746821,117459.44551503184,63914.64481552418,57430.0583392365,55264.95031260241,27335.488891442903,17743.855207285502,2423.081061657065,3232.866573018859,2414.231080623369,351.90389015054836,1041.7668142507096,102.57415347789845,26657.973853693413,29210.821174975164,176.5726640084037,1711.9692940565649,5908.906698631194,1745.9278389806811,4.2307316087291805e-06,3.657387293257735e-05,0.09784395296555314,0.011029471596301112,0.021555946801654485,0.5383563999403482
322,-818.4509513900385,751762.2150374957,710419.8344278515,117155.23695256245,65306.37138525589,55585.61995697229,53333.63104819993,34941.59145783831,17387.4886219756,2288.985548166935,3333.8253416815996,2387.604346310127,495.8282886264979,1003.1428677537289,98.04305621988169,25911.290417958684,58969.22917239082,188.77039655558193,1572.0118546008134,9688.490121552051,1154.1980219764398,4.869495161143468e-06,2.8318591025196617e-05,0.08447329976987884,0.0145615880622269,0.02103899925230698,0.7395802506134532
323,-661.956299472063,748665.2575228051,697394.9881986579,118116.91247299507,64060.689095258684,58413.46230960537,56056.94923392842,34050.59917511767,17444.07357088233,2516.37897072814,3426.7518229643724,2386.6925708117788,609.5785189878002,862.6759365942808,132.6814346940062,26529.743408040886,65342.2066637169,212.35131070733038,1727.998932003917,11975.07635535402,18417.838570195134,5.086048506791079e-06,2.062985278940078e-05,0.08664412006515494,0.010471477764614037,0.02293927598399846,0.7377439484159957
324,-782.5496201638468,779816.3476129287,724147.0455267712,118252.34421168778,65472.23817061928,56018.27839912085,53948.936282073795,18331.76018136032,17002.49169886402,2517.327082169223,3499.15303418802,2471.127323066021,483.69769239874427,1249.7474694914254,224.8110682377656,29337.350943255697,16459.26047658204,151.68825879053554,1620.1769876206538,4829.286312803127,32902.18602234434,3.235064351041096e-06,5.985587543295267e-05,0.09778382072645185,0.011496758644815882,0.016902093374200785,0.42632593792008455
325,-691.1078176894106,768485.8319732391,723357.4517899894,116526.88759442362,59793.82165886597,58036.999047359466,57053.45068492108,34027.9535695142,16909.45100782915,2125.2403953017783,3419.5574763383556,2577.771921061554,261.2803675104904,712.9821513353504,77.44415785626614,26819.316374756563,244679.41380205264,103.0775031921919,1844.3439114695145,10258.940910648369,1779.4709439366918,3.589166911822455e-06,8.32126970583286e-06,0.07984720372492624,0.012649949248754677,0.01642286680309962,0.7133049671547921
326,-745.4771071296182,730872.8339677203,698546.1585535264,119260.58069179162,60002.70484503204,55138.14986599826,54165.05201235438,21399.408761457977,17817.91776288991,1573.7955001619944,3554.733903488674,2583.287058242014,234.27100216379287,841.2139062260794,247.22163010875227,27572.426264438793,20328.692442531054,73.8673287043821,1534.7616685551777,6111.748425100097,4971.2919085886515,3.9009489257813e-06,6.443039972962636e-05,0.08272888248326836,0.013791417525248104,0.017529436783276196,0.4663969464753729
327,-721.9366935414002,745895.421234123,697382.8749609055,118821.85048930111,62777.1951697742,60004.654690794116,57720.832180094,24890.52001803347,17472.396994484894,2450.1274680805946,3475.733598856233,2363.1416203580784,351.31629291527867,889.8527483905274,187.85911030435702,27982.13277443392,26071.78364883873,185.77794109444164,1591.9583505913113,4462.970752216574,99999.9999997881,4.911952359689667e-06,6.85290329641663e-05,0.09376852902642849,0.013560753263094293,0.02245824025909593,0.5490260612369099
328,-727.6356926968197,787054.814606437,745263.9940476539,118010.90044555598,63986.54631281529,54543.8567904365,51975.143375321255,23373.997936998625,16823.834981019372,2206.457171441288,3322.305431414203,2423.437861852837,508.2502627887484,1057.3345127175905,136.29895411143227,27439.23562535393,46194.13149231295,207.20993454924957,1784.1255949494794,5290.747629297501,99999.9999836737,4.82063787829419e-06,2.1806213797074687e-05,0.09287251935532055,0.011553948001056922,0.020542217490468098,0.5200829504135234
329,-696.0182325001645,792435.8572756181,750167.6238101237,119042.01838147723,58941.584596971,57477.338648509336,56916.64034770352,33373.04332940564,16819.521192234464,2087.2444943396604,3429.9275873828387,2740.839726745007,195.47325756943644,688.2652731509913,186.72139865715604,27237.259870738842,104841.01856095454,53.27607898890988,1842.5478459254905,11112.812093329685,1246.307680766802,4.063464173625641e-06,1.3000767990294073e-05,0.07114689454334713,0.010983504143473124,0.025457835470637145,0.742345726935683
330,-908.1835058472784,737266.4461941496,690493.0533078554,118133.84608745515,64716.15393329376,57092.03255839605,54483.827093255844,26525.75630963914,17341.187990439066,2403.4577279294995,3445.718630228202,2330.9289337388273,508.870210706983,1004.3894913032136,146.37417466548177,27083.243350667828,18954.807474774017,212.03412792442703,1395.7894954540375,5208.055990262945,4778.933438870212,4.8000808979693196e-06,6.65304017628403e-05,0.09923305944078528,0.011169081862029162,0.021686045524315963,0.5376142953239623
331,-731.0917115928914,742233.9573156954,695975.5464127392,117464.14353958114,64419.187981051145,57965.76100638572,55331.843740908946,23091.91644184657,17876.979541271467,2063.1919180262657,3386.3717737350207,2452.166429713898,548.8516972081599,1200.328623745177,113.72078885871485,28148.50194270343,26114.111900709133,189.5986000106,1627.1368705778707,4374.65999776677,12410.350607612721,3.4925475932511353e-06,6.414120925673169e-05,0.08870824891527435,0.013415306302939675,0.0172933005577372,0.4741017167348736
332,-819.4905631927464,769730.8654452933,717015.651017291,120620.44190329582,64932.64925721939,52933.816964809754,50813.825875517665,11322.458552744987,17209.364515295256,2289.5411720022266,3590.000081795634,2555.493941949153,503.54563143778154,1122.5060324230262,303.91927733146434,28042.73849653908,41636.84887497939,161.89817249032288,1504.5639815165694,3858.129260827781,8148.760868211991,2.6198412083721705e-06,4.449491468626047e-05,0.09131824499016539,0.00937709486712649,0.017272322996717455,0.3493224035171719
333,-558.8202995797487,776929.6112867325,748250.3192836015,116609.94747192878,60572.992277197605,58235.19413978394,57703.47304495044,27082.384947004506,16844.468415196614,1685.7127263078858,3194.830337036561,2512.7777850141483,247.9867178629561,774.4214877234673,69.03526627507541,27410.144730820455,27421.940837806855,48.92616940113552,1790.7666795425525,5260.740918851052,99997.81102389173,4.724077803631308e-06,4.252989077440007e-05,0.07877987972852513,0.015132740582715477,0.022756451341678828,0.5900362914609877
334,-896.7682215929211,774970.0987953496,748118.1336440453,118991.28995453526,59654.30955874203,56986.16419411181,54804.237161197365,32178.318742892592,17256.029403341356,2156.5915859853258,3047.814635449145,2683.5860023723035,200.18294211363272,903.2927213472581,181.5012126031816,27590.880633537712,62674.95288349589,184.20493902254037,1916.647696437472,8563.365362290804,8926.797577567935,6.301156067775941e-06,2.00647887146506e-05,0.043317102530777224,0.014700698645725355,0.023956901643453005,0.6709751284867717
335,-907.5936274742884,741333.697215676,704240.1685454423,117382.56947953744,64353.10820143355,55695.53133503769,53019.407527974494,20242.45609405013,17592.559385745735,2100.4611296759244,3343.7484865088627,2362.6436469977975,462.5864734067029,1212.4553964991878,104.66717501158197,26632.71937843122,25690.79088137379,208.81929695651425,1574.1604513099721,4960.09472027946,99999.99999886422,4.723248206237989e-06,6.0896933111272306e-05,0.10118046318576597,0.011143535343334053,0.01831773166031768,0.45387004969950023
336,-760.7575919105013,759486.6710534772,714263.3625317115,117492.87866343671,64200.63121170798,57623.680656389355,55111.0001801133,30241.008024412495,17215.976261342894,2374.4672452938585,3368.763121407928,2431.660398040842,357.61506732838757,1000.4822531488177,132.05639675981948,27765.043626504157,33002.75521643802,187.83036266304995,1598.5804475108887,7073.553714666751,99999.43080753073,4.477326408788412e-06,6.108496887819686e-05,0.09929493940164599,0.011224523203521878,0.022684007765058457,0.6259265235336527
337,-735.0286515274611,722654.1398154261,687884.8894923503,118034.41286711558,64228.998015344325,55226.978263820434,52870.23307282619,31017.34628297242,17898.014367826498,2124.78913559328,3053.1793625449022,2349.7459782929195,431.1694974202225,1069.4616259134325,118.89638923432354,25896.985050650972,34755.73871556813,176.4304856969758,1659.2393894582672,6951.658523907944,1654.2299354357933,5.731108800813413e-06,4.496710687847741e-05,0.10543939786004727,0.009045621910813503,0.021277302449563842,0.6391569557403939
338,-811.0058155032017,764010.2740222351,723501.7281561684,116959.9474919323,62841.48933960414,53746.638605638895,51443.74152328104,30468.50889183816,17218.028109006267,2162.740025819273,3454.9962921589263,2234.1816251502805,466.8669289486912,932.4005945629287,117.43871445132247,26851.47761595958,31201.865833521173,184.58515784551307,1659.8093049658626,6433.276239037608,1562.0750769384413,4.6050770846162e-06,3.203734118576171e-05,0.10303839649239592,0.017472242606334752,0.024044872026567476,0.5613869194426296
339,-778.936180926455,756065.4277880064,715750.529997659,117438.37448343601,62963.97428397485,54334.96300856422,51909.33701818589,21381.90320498368,17468.25475536428,2346.7371859436817,3068.701367442505,2250.6550358943596,402.7465700375944,1014.9664965689566,110.61272076160753,27689.472833329586,42387.70607838715,179.83893249207782,1521.0966248135978,4585.684036887324,1003.7741364120401,5.590788965682618e-06,6.652486188458863e-05,0.10141178441619132,0.012380485867112248,0.020177447413876285,0.4813456973294674
340,-722.8404919838633,740843.2948127157,697821.6641222205,117776.74343683328,62148.33932899069,57649.528207000774,54926.34269912169,27784.2349097397,17550.85957657116,2315.121855728172,3293.6384194987836,2563.7114625278014,331.63404172269014,976.4912103408857,130.276489655134,27976.273736181658,34077.24467136974,216.75509813158675,1548.9260943474094,5832.881740921337,99999.99999889157,4.355567020193085e-06,6.024713281972185e-05,0.08673265836369257,0.008298029019106366,0.022901370789652403,0.5609106230169557
341,-755.087732232553,732858.5555234611,679154.867155315,123785.38308227314,59324.181565433406,53354.17531880875,52070.096781114655,27203.993084915095,18157.686778973464,2277.6833871496747,3560.6248401011544,2552.3311355225233,184.14936717870373,813.567242195261,808.7725452773411,25872.647828425317,44260.92997289244,108.84717404529908,1851.092510434441,5313.762992250618,1884.8913063044638,2.0881734916486263e-06,1.381834304329331e-05,0.07868170525939878,0.017833687129579227,0.01610757315125263,0.48365864183062923
342,-908.2064061719026,732913.6833173834,688603.2556907722,116943.83466771641,64925.466324810106,56491.34009327789,54338.77131441855,33605.0417107294,17575.933250653045,2188.624417013063,3435.6083852015954,2427.402144908012,460.87562016171745,1118.7890245842473,105.16389241537635,26593.4448056141,43301.104336547425,180.91850111171567,1657.5259682800486,7178.036279400864,1053.2405133722327,4.661810995768266e-06,3.648358075118996e-05,0.09100316985360449,0.010725423984986566,0.018428436056319226,0.6843440601663402
343,-740.5882838318586,769175.1276945852,722253.9325118694,117710.36363497647,63559.507659479204,56273.48071935402,53744.664999959154,21421.555542012273,17089.834638657227,2371.502281318128,3406.3925781811026,2497.223208215645,443.9615523104485,1117.5353094871975,174.82844979265312,28825.280852695912,27753.156499778728,191.3663806582714,1524.0030976242074,4305.276218527066,2793.7675352534857,4.508761410454559e-06,6.08451874025058e-05,0.08204528057641364,0.012860440718033286,0.018206569244763576,0.4380957629392741
344,-875.5093034636059,736642.9664477931,657208.7948050294,152031.98436447847,91558.58305293752,56372.04849586815,55466.34446442508,29835.104648745346,17620.755998288096,3235.7793749842026,3605.8364702533195,2333.5252361843677,2046.9319783173569,2437.067519860191,2867.090490248589,28383.591706427844,27148.692295116693,73.69058534546492,1502.2596369064083,9734.745381071396,99999.99784419456,6.964535416710704e-07,5.364068325365635e-05,0.06877846292474483,0.009644482037889169,0.019521808585982663,0.6455629980376211
345,-838.5550903035091,741816.3792444468,697737.3443297335,118232.84689566362,63882.772376724984,53284.78939537994,50881.157238047614,34197.548690414944,17210.96323710796,2415.6473009391134,3149.4817998111707,2444.4979987603347,416.41304138185404,1150.5825636467675,127.34909334287093,26944.64056520682,33581.55772220517,194.06069291352927,1846.2257181598175,8246.874496338056,1062.2314132012998,4.846449232043445e-06,2.4068620382669014e-05,0.08697002491693294,0.010390943811022837,0.017681916450264054,0.6377776675410258
346,-720.8420715614895,749208.1360544723,713125.4451856957,117825.58870811749,64068.23304271257,56615.80894584537,54154.88399487508,32754.85996180917,17100.996489251775,2186.8792496266774,3501.0652450242787,2432.790974245307,444.6311803905642,957.3460337475773,138.71480184312696,26568.52009794863,37342.25436567669,209.15378399074532,1727.3236062683395,7785.24287976119,2411.9081669270768,5.25251910654053e-06,3.4847828520244104e-05,0.0794529082169561,0.010561822242769166,0.02062906269879678,0.6861351559036571
347,-940.9857634664513,723121.4490406945,672248.9828407841,117705.3104690954,63162.55699047607,54466.52432499329,51745.243521391574,32735.421986448036,17788.521751664237,2879.279924909662,3329.7567302149223,2576.080397885334,422.6140030883993,890.4797287075319,133.29806972728963,26573.2191230075,30829.889946265113,194.28546230578047,1640.6411277600266,9897.337846870796,878.4159517733533,5.20919156191771e-06,3.88528474650683e-05,0.07987509850801233,0.007558859059775778,0.021046678644053574,0.6545651857272013
348,-803.3020611061561,746384.0113785176,699803.0242284222,120433.51103580752,59678.99290774177,55661.760139795646,54473.06004511707,16844.11239429317,17597.41660958541,2103.3685714747917,3455.938997844043,2630.720814363592,230.0392154351839,816.7043048793912,264.0937627281994,27559.410644652144,22099.27226767371,89.42727170405243,1620.075248500202,7051.212135326004,99999.99837036156,2.9402211936221537e-06,6.1013868856434086e-05,0.07506854818017022,0.014212407569442071,0.019447110507165688,0.45169778483976636
349,-622.408848325281,764672.3471022776,723641.9912396949,117684.08779380511,61727.926844898706,56673.45407308805,54582.89031456626,23652.887497626325,16971.09435899666,2535.5767931739497,3426.4056726121516,2276.084108434045,291.90694384486306,918.287528318294,141.27738110309986,27992.873685526563,26333.979263370795,177.50304013192158,1484.2464455287125,4709.512426094332,99999.99999999806,6.169191479476991e-06,6.488261972272373e-05,0.09021748252121775,0.01656304181017305,0.01694873420077362,0.5284619915140467
350,-893.1844343771534,775141.6543515922,735824.5167543518,117864.34335144416,64143.03000717706,55555.46716097382,53164.47570778601,30258.167343936813,17014.054465578924,2457.7922424362337,3218.183841476366,2583.3605467433667,465.0677151911582,1215.262230633093,125.08179226292049,28549.326539622827,22017.32676219051,188.3908495728033,1456.9593372666384,8728.495149620316,7379.7193465468345,4.8675537377093825e-06,4.963667868184437e-05,0.0786348510416834,0.008799446089056397,0.022319811571988615,0.6438218283501871
351,-803.7951933764978,722138.9018642226,678774.2529593692,117824.85207183205,63132.3334125864,54012.59278146747,51612.40601740448,32554.85069677282,17968.03059388743,2091.5469869813337,3259.1028848795595,2267.8506486881784,394.5943400254675,1141.684818162772,135.93515375023725,26203.999834728507,28259.443407845178,185.848762673513,1503.951238353576,8144.203222637316,4068.552444723697,4.012883411127514e-06,4.355430415596594e-05,0.10007189499081959,0.014531792244228,0.018489175769331897,0.6741681797824137
352,-797.0255797860605,725405.3847579508,684617.2819974143,118036.5680801368,65884.00298179589,54412.23160106479,51746.08846246694,10000.000000000115,17896.1280718977,2247.4448165004674,3296.8637735428792,2396.289540296552,665.5012590668413,1386.0958720368205,163.64062976552844,26995.26437764844,73107.45227704603,193.43518395335533,1706.0895660267277,3107.598719734401,2638.4182680088484,5.180485321917622e-06,5.075496683683137e-05,0.08885049947866053,0.008704296534006912,0.01544743359134373,0.35405433508041667
353,-782.6772705870495,707112.5378070119,661833.9583315498,119932.56011572163,63334.660402203095,55160.72399299768,53676.03560105637,32886.39751138266,18036.799774527513,2143.7365706766145,3456.191623241852,2710.3873810232826,409.6498374142524,895.1865807520961,279.72932356010335,26058.1855283097,41508.21601621037,130.11973432851005,1667.2431999620633,10045.721858672265,2877.784391260234,2.9086825341969747e-06,1.4668882712127843e-05,0.07101916736178715,0.01257861516538804,0.016205135928555492,0.66096849359697
354,-755.0363071527115,728970.5283778545,686007.4475964014,117051.09604410232,63087.0415960474,53067.43627573135,50487.478849637104,31170.134212799636,17492.452107735193,2221.7141897741753,3150.5275086704305,2200.964932385353,356.97822652690553,1084.8134345037854,134.8128233194732,25572.735726954466,49451.974153531075,211.1675060673687,1762.4780613037058,7528.6394869377555,1363.9804203274725,4.8541091408241135e-06,1.656475813602474e-05,0.10691995963303441,0.017802988040006563,0.018098839885140335,0.5829362325360234
355,-832.3607523987627,768379.9193985604,735309.8681522753,119766.8233227665,59966.69440344181,56122.16316529474,53693.75095766336,30446.900445693802,17207.97978279764,2075.993856590543,3119.068723008031,2415.200223820179,194.3076633361488,775.412502888086,220.8410284017835,28677.574464207013,28338.52823914709,201.676966143893,1344.8002739180345,6690.940198332819,3894.0304351204536,5.8140510735433215e-06,5.5920265536746007e-05,0.07613247680060056,0.01710608771060445,0.020363395476865293,0.5752125395362121
356,-818.6312430888452,707195.0843526138,660415.3817380975,117530.82487340533,64086.04392804407,53704.94140387524,51089.628556978845,30141.705686723886,18093.302320172446,2418.7328937126726,3296.5046094072754,2341.7949047929405,502.1978349056894,1277.513972422926,124.94132111429805,25528.87698050749,51616.49553710709,188.81580837359715,1877.2535834238342,8297.396488349843,998.9747455719179,4.14556335410266e-06,3.571550108084823e-05,0.10044806318784767,0.012652233552183357,0.026329308336014552,0.6542340536701822
357,-757.4871691915746,736909.4546343165,695378.7582247657,117678.77515675612,65449.922040998325,57214.70012507762,54492.16118146295,17780.61711309037,17613.758462577585,2162.7890109439095,3199.1959558622425,2439.609407695947,534.0435056773377,1216.542681564303,129.1047426167304,27523.336470299237,26029.14160561269,203.05641396558408,1413.2112301067273,4311.130502375858,99999.95962928807,4.4840695551238275e-06,8.329324366282306e-05,0.09785498966776736,0.009993746652830607,0.02080109506688175,0.44969878511467665
358,-636.8281119987525,729256.2982419154,675937.0141140957,117495.39119425215,67011.68934157638,56169.72260880845,53177.08283649378,26960.39142329203,17726.09656497996,2428.7317414256777,3591.701537616927,2312.045171286896,627.145816940594,1088.3057970499149,99.02155971712025,27003.122716693655,29196.169166976586,202.61271812026456,1695.5725730455556,5876.946253635574,1543.7645003225336,3.7465163868709527e-06,4.811946550040303e-05,0.11652440364826544,0.010518227621971752,0.019938203315939675,0.4883272710157105
359,-817.2644811284338,768457.4562470776,717914.3938955831,118692.11073669384,65234.39094686049,56638.814487473246,54595.77507094518,30640.094345907957,17420.23288842415,2475.358684457519,3649.7182617289113,2688.1372013619407,641.3487212860042,1093.5727811663808,227.04085407629336,28385.06386568036,40019.72415935026,169.35869408885472,1536.6843791249646,7661.008670661612,99999.9622557429,3.7364328230969087e-06,5.430576414734776e-05,0.07913602056321638,0.008853601257056176,0.022805941423739054,0.6460906351946517
360,-876.428853991809,749425.400008122,697006.1273691833,116453.29648978115,64041.37610487202,54528.677053981155,53456.5316795042,33016.60380655929,17246.443629658363,2548.075287889726,3445.6651010360083,2415.682599998005,468.0554191636969,1034.9749020524673,85.23260872661336,28535.366720993134,31006.05892249574,80.61612331102003,1550.4128875394974,8674.833167362805,99999.99999988545,3.88099073990243e-06,6.49294632167919e-05,0.09342647881689019,0.012458443421538136,0.019396891715054224,0.6669459701273482
361,-850.7955197194796,753157.8319954809,698492.7383903927,115832.03545782338,57841.483150976936,57844.80913969745,57418.350514658734,27180.120474610474,17303.812706925502,2422.8213377140833,3534.166772250909,2425.383075813812,122.53179420152303,882.3352494276596,39.881213774635384,27256.54218553014,26845.7899247765,37.29072050601579,1688.120172616188,4839.296917403227,9239.36033652799,3.908575817836986e-06,4.824619522803848e-05,0.09318206758916889,0.01404656941265894,0.019165705691935715,0.5694466232058233
362,-819.598984889326,763497.6973073657,715794.7254155513,116804.74526902704,63202.81039551057,54739.190115917685,52447.03552032009,13118.829534331446,17307.65750306128,2461.4232313984767,3371.550890866818,2370.668678811153,400.6256774318319,888.9230811242705,92.53892634208222,27343.378834219588,48422.922306749264,177.345881004191,1673.7592823890286,4073.337279803693,99999.99682290167,3.952171423141015e-06,4.732718161886567e-05,0.10058131197342413,0.013968806251102845,0.010997123190523582,0.34556945340411294
363,-707.8443213214316,714452.0625003544,671982.8624465388,117682.99942620065,61607.78376518619,56437.08843449159,53858.89910406597,27570.214607282884,17711.108462812426,2373.1242328469216,3370.9931239894936,2488.3006182113945,325.3298915672102,931.5139273707434,138.0463393880613,26229.21668934254,26210.290036832805,196.954345824886,1610.9147431078823,6206.425895990063,803.374561987219,4.935192118727453e-06,5.511495094736489e-05,0.07376266425022796,0.012293103120299536,0.01671742855137545,0.5618769008427198
364,-955.9526974267171,753296.0518047735,708783.8943094393,117415.78143356388,63831.82045193104,51497.58530509826,49177.87874107417,28943.6127479222,17643.341097713048,2429.270121465075,3325.395720636028,2642.6234731040445,421.00374367249685,1087.0505578417688,105.65798579265208,26058.29273560019,54940.69137455204,187.61572301223342,1896.0200912507028,17844.19065052256,2069.210083909788,4.333064686448327e-06,1.2083789753011508e-05,0.08982999947087378,0.006462241692608297,0.02072289640084969,0.6300038209509977
365,-812.0134971160371,750418.0313068228,696385.9993415587,118649.91989056955,61175.3143507836,55385.27107472859,51360.57537263816,15491.868033716395,17247.15688819069,1991.8036735590929,3790.610800937421,2632.6544174220226,283.6538929558648,918.6086697300798,215.08951983920463,26741.388486085394,50836.771199470524,310.6872065557801,1607.1815288249352,4424.5629995159525,2373.747286044163,1.0288884695991073e-06,4.492471589986806e-05,0.0893142458208847,0.012839862901757393,0.017752265500492918,0.3608660649407416
366,-699.8258756858136,768944.5833448886,709864.7820257567,118640.1799427834,65289.7659536644,57827.68228288752,56075.625356257,24877.576075759298,17228.708856566933,2508.84133501904,3726.7626136007216,2410.8345143482893,552.9258723084955,1154.9163243426058,230.48654139004904,27357.597767487503,27023.113540106013,156.4786225959384,1609.4880159345378,6175.161484937244,99999.99999372469,2.849290838398521e-06,5.936379725721678e-05,0.10996031908356912,0.011364390424387718,0.018006400052047133,0.5544266681012378
367,-844.6078216639131,738755.1693164702,692781.0487910745,118351.32538185045,62441.016740217354,57257.31721221658,54957.19705816198,31244.11228121974,17342.66058357289,2479.0706206893096,3275.2854682471084,2559.5599848460256,372.5955525969302,1044.5126461824461,142.10635087913116,26866.24025355486,42209.531806468745,180.35026069904268,1750.9065214833388,10050.789578319353,1511.8331372555094,5.125151867611402e-06,4.750575622398074e-05,0.07392077154693916,0.009533699768238212,0.022020467387309818,0.7137128964559971
368,-847.5868262615793,763093.2760432089,718028.4175190082,116872.26732409233,63810.63824680206,61095.866626610856,59133.721981369854,35388.83534853115,17240.300089002874,2390.6375356308454,3293.6606588514314,2426.327249460184,453.54361693818703,996.2278754651172,91.6928864655503,26450.77609171824,85755.9820585496,202.79101748502327,1796.5671100093975,7808.590406705165,2014.7846520615087,4.441012791057179e-06,3.397818548786454e-05,0.08670131918135235,0.011943222432084006,0.02441771178013801,0.8323592449316088
369,-677.4101977274711,765909.0351114265,722681.8044436673,121044.36401475348,69305.88553217218,55577.349443706196,54862.799878694765,25661.05731832382,17402.41694374825,2104.607873516672,3562.079295444315,2287.8801942118544,853.5307746244042,1424.7291748333273,333.6813594035876,28560.634319123317,16067.893091399004,52.57881891365079,1326.9042066098057,5342.115160827549,99999.9999890145,4.555821966465743e-06,9.742189381359005e-05,0.11131088471774472,0.013081982465484893,0.02587519211030166,0.5639844540476755
370,-741.6652846281108,734427.5464740469,687163.6176254181,117489.28209386712,65413.53187231094,55048.519346092486,52868.46417589992,25163.552337197994,17618.81750783196,2400.080356947409,3535.9458103637166,2425.9854864108806,450.03584629994845,1276.7167104467271,105.81296439587595,26708.395687922253,26835.73025859349,165.69388446720856,1609.781846092333,5779.655968287638,8488.838292766217,4.427442136567371e-06,4.952581246407806e-05,0.10290518273496699,0.010971320644761959,0.015539341430890606,0.5028586032795195
371,-945.635704290929,738753.0021688802,683893.897423169,116799.20506132286,68452.0466437563,56290.273359279025,54206.42210813069,32467.21811016025,17671.75716898673,2370.211735066445,3408.73257614157,2307.7344487327796,640.9214510597393,1260.6887276259688,79.8922381363284,26753.896061811956,30903.64455234027,178.94683778182988,1830.7093854215846,7601.181090266943,4004.5811596689746,3.468511020814428e-06,3.2931577346376064e-05,0.11450150677208926,0.00914527497923793,0.010398168357100019,0.666377737008965
372,-606.6155898571598,746384.460869636,706143.1382509399,127095.58481728403,60450.6294792483,58930.467461216125,56668.24106778177,28201.21396819186,17227.04636731806,1887.470580988148,3574.1158289848427,2720.0700945096823,206.25944423596906,806.305356220136,657.5825964858643,28877.856436574682,22098.424995654073,167.49045429252817,1459.033201356132,5598.8897988250155,2390.943206227511,3.079632375879434e-06,7.916316771293829e-05,0.05972221983945932,0.013291917816764028,0.022990727559510486,0.5688322212402875
373,-863.6953514617571,782626.0251781527,724900.8126856054,116495.51235650627,59714.41322701541,53888.58412943923,51763.45334694166,34552.32985493923,16920.502684349005,2529.04001439861,3588.0256723937755,2720.647516758897,231.56705529784466,688.9814379987253,61.884889215079845,26900.142689277338,62793.19590121819,181.65547732999346,1746.2206929566605,15197.29890373142,4727.379262980545,2.859657614955726e-06,2.173550130400915e-05,0.0831927572826534,0.011178392302614897,0.02079028052435953,0.7265893913759743
374,-893.8466706540722,743320.0672898374,697973.3317508531,117691.08122918622,63209.98276449998,52988.932257715474,50733.56718311758,34416.296322773815,17841.883520813335,2432.591598806435,3223.4777607478163,2402.1597344925076,379.67153090133417,971.1526985569163,120.39598408683341,26408.95287602659,393217.4760574497,201.25114808992475,1630.7075993526864,9102.644630620956,10467.723814577457,4.921826758361054e-06,1.2817776660071633e-05,0.09342390624611281,0.010819652346744089,0.021951219703242424,0.7658794419298011
375,-703.5877571097908,757807.9740592627,712418.9447996492,117643.7709165423,62988.23032845969,58388.16641724629,56138.429330934436,31257.087836645118,17149.779252645538,2329.0620569038365,3394.4204610900165,2511.6277452088,485.0660911704854,868.847122768842,139.0705249016307,28285.005282661114,18965.889955761122,182.79674120266057,1478.8939886976013,8041.041553996655,1404.0793775066536,4.043515172694665e-06,7.338215130986012e-05,0.09189220754652451,0.015552886275530921,0.017051938154309818,0.6658512269964401
376,-890.2548653877014,748607.4633445413,695585.1398637017,117480.04935264088,65588.73254870894,55338.58127754726,53032.33297717641,34097.632337027986,17260.28762051746,2501.521738038198,3385.0449334634077,2353.7738283136487,451.18092238987447,1150.1514208985996,141.47316123931813,26799.01864769198,30690.222472718473,189.7367079514365,1571.050040416334,9515.780674526946,2573.2789200169677,3.952132257144479e-06,4.500490495748421e-05,0.0953011740021186,0.014511522250666618,0.020010405405010884,0.7322291348842962
377,-881.7215717616978,768212.1568092522,732609.9137740324,116126.10494045282,66748.37654906689,58654.11440673615,56966.70697600504,30481.612508623813,17234.611542923412,2662.0219794612153,3224.1774149427665,2426.669048177676,652.9171066211098,1191.366607732975,43.66730758345665,27484.163526621218,27894.78638561342,140.8828471714508,1607.29670720904,6597.558505791194,3142.5749060734893,6.7343175343902166e-06,5.588326955177649e-05,0.07953648524404941,0.012176563790872376,0.023009194391765273,0.6401961336956494
378,-782.8200678514837,733713.5974712882,699640.7934666359,117971.86658509118,61286.84683780622,57151.4086477174,54741.624111878926,32165.473280639744,17523.86177958643,2116.942823030482,3245.8975952061137,2510.840327340287,272.2107719581939,731.9067908849813,126.04782949926366,27047.25910633846,27511.00795485011,201.342620120458,1564.7102265094147,7501.550242734927,710.4836197353212,5.847865368749462e-06,5.842532008105022e-05,0.0919647415420807,0.006022291077999716,0.016338644792958733,0.6087559736324667
379,-939.8524237289415,759280.9472490974,701126.1055335363,117314.12881066155,63409.066557835315,56478.079860467566,53941.04139268908,32908.56698484669,17567.743763595707,2484.4096563112394,3669.2989482537682,2442.5083787259537,448.96256044184884,1220.3229843461183,138.8736247499647,27262.032969513413,47000.37309126753,202.47237264100855,1577.507326743333,12766.561802822634,6277.481819924156,3.111714719453732e-06,5.829424058284568e-05,0.10057289812257406,0.012105320534536787,0.022223853824745583,0.722852730950815
380,-883.223624033035,750952.4718300643,710219.5034774811,117172.77461150527,64987.03863870964,55575.97235635533,53115.305964719024,26434.62499981246,17343.51867832386,2359.404455651847,3263.9718855587207,2330.9171276209563,433.62220809535444,936.0300110562007,93.43680930950184,28618.160462521642,20030.803217656463,190.4781016854068,1429.2416762203682,4784.000728555624,99947.05397169468,4.47407720673164e-06,8.658132091892909e-05,0.09692562445049116,0.013630078369937938,0.011550881412826168,0.5398985193086273
381,-899.474888752645,723565.3294675824,681091.1800533318,117554.7964898883,67967.51682664947,59204.048509137836,55882.918884490515,20669.0620151301,17826.691073772563,1813.1465670953291,3613.700769335966,2389.9233836087783,715.0844746259152,1247.2941512370867,139.91763897550913,28801.807048225775,21829.69963688558,215.71928379471078,1318.5659696329842,3758.625274670524,99999.99996538184,2.778812905074877e-06,0.00011115412708269278,0.11431336418172809,0.009270724067292008,0.02235929245406467,0.45779997489808133
382,-907.8931173229978,744289.9879745154,698359.2575845585,116634.75281243394,60642.98334651318,54808.715034379966,53023.11862456209,21943.5196523592,17607.300985204627,2404.676471465811,3331.9723542561705,2305.274928653749,303.59035999196044,1091.4313260098666,81.11738296058064,27053.204364702506,25512.570494309708,139.42599739139587,1527.6614014734623,4591.519256104563,99999.99999915501,4.41055353062218e-06,7.902614365103533e-05,0.10469357074154553,0.014598004071734028,0.017791019584870872,0.48377250841688946
383,-718.4304535626115,742977.2391274883,693953.4721712723,118251.2052933531,58133.64188900841,57906.17927836727,56451.40566245416,26331.291994555813,17580.267118799566,2058.8164420024827,3900.967994843522,2670.8984229878583,154.04739165978648,628.4953290965328,143.12385486445677,27565.575591291537,23930.450420723755,109.86366838082189,1638.0822441644216,8874.989601916297,99999.99999867326,2.5532422613561044e-06,6.574590809498559e-05,0.08893424562655286,0.013559048595594592,0.02257966859831969,0.5582506777784393
384,-762.5929412245571,739458.3127400407,696341.1480984675,117742.08001342734,62634.60205184165,56963.51395491881,54091.57518488531,30361.228161091043,17662.389027199108,2177.161762917432,3213.5910031863377,2436.504275805495,329.4918400134664,937.7184887321022,137.15978674663234,27130.750923441665,40115.94627369521,214.54661853715285,1649.1766672558335,5927.48093786495,99999.99999996982,4.4815607132642325e-06,4.636429660627539e-05,0.08939691519456613,0.015317952473361618,0.02266211717707724,0.5708276147685605
385,-920.4419146190323,735997.4345969142,697737.1646657668,117588.95871134984,64076.1760440288,56497.43608818927,54558.01862121333,34408.835320550665,17577.438373250014,2052.7973451592834,3186.8390475701995,2382.352356510603,443.206294191492,994.5129775708498,159.12338764431885,26229.637741562685,34427.93545734722,206.75116366936447,1600.355372468073,10851.853448957423,2807.5676482173467,4.713201252018916e-06,2.008025307031629e-05,0.09175339608319298,0.013076046085727504,0.01962801887979639,0.7304276292030897
386,-922.4770269701402,731945.1360988871,694942.1488319926,118171.25047199978,64281.9785461227,57795.748852117744,55013.82977979964,29002.88597029828,17684.201864315004,2037.10462970705,3235.4270234110704,2362.080396951117,425.3817825918286,1040.1717645297083,173.5737970484733,27110.075136422623,29210.186115469416,210.8405471843426,1515.7236514757428,7221.804189370047,1035.0946947424725,4.974940580722424e-06,5.959947829907211e-05,0.08819347511966383,0.014229247041440914,0.01849191934851621,0.5847323861307454
387,-1042.4835438361629,739007.6492563839,691772.0028456555,117630.19347677275,67282.63794593827,56194.21100148889,54056.36309123876,31424.878474963753,17637.141384511935,2206.2180147319586,3544.028053805487,2422.6782505741166,503.10742289179126,1091.5064306142478,139.2496374752227,26556.84107916254,32595.482485680004,186.23331186427552,1523.7131331227574,6102.915881796751,99999.99999923387,3.514128479715225e-06,4.118848104328182e-05,0.09102534292116982,0.012463942740887793,0.0222159934538213,0.6209007926688006
388,-835.3731999713652,767819.2751867058,742244.5075414198,118852.03590301183,59265.5231953722,53192.57654136435,50455.535439689906,31252.822072919826,17366.843497511178,2384.627967697444,2913.793570269487,2613.2694073575485,178.16506136068094,838.0165473151247,168.47073969399528,26642.145061449624,40280.97373825272,207.55826081636857,1729.9875499442423,13469.155672632973,691.9002403390585,7.2646720038416325e-06,2.2838204592985413e-05,0.060156648593229015,0.010012872277466426,0.025770969101131545,0.6809668356778565
389,-792.8871205402824,789079.5969504165,737849.9330595769,116795.37432299617,66657.75796684556,55008.8241258389,53074.77405040487,30609.57759360446,16811.300656984473,2325.1095536691805,3401.9483915184296,2260.136580855443,548.6576473264566,1096.0013718947007,80.30078842122806,27100.539293667498,32206.36880112617,163.92856847796628,1593.2531392610952,5427.863286745973,99999.99998615847,4.108152035366498e-06,4.020174849644041e-05,0.1234684802795433,0.010404831089503817,0.018324032753550403,0.6123793257283602
390,-772.79674676111,742912.9573663033,700716.0245177133,118208.7234930931,64479.683379049035,55802.93417801957,53868.565645739625,16883.360243967963,17623.465564778395,2580.18020752891,3178.5651318622167,2204.9062869954587,497.9168276106267,1194.0006087095303,138.42673011482356,27938.94207762032,22503.800168673373,131.39316602104466,1399.7188703833626,4202.763028195369,99999.99999962325,6.309702283914252e-06,9.305634265307717e-05,0.10213557479775688,0.014000207636889927,0.022609288445254918,0.3921486055825739
391,-797.0395652902714,771503.0655211932,728081.7606693845,116831.88966343993,65449.63699985728,56631.701327307324,54146.47992590887,30640.946550642795,17112.149781011605,2139.145357227536,3352.3165604048495,2432.9510116116317,474.9505413787308,1088.5512454850889,95.93258712966085,28845.974158562247,34696.51119658249,202.83535193849377,1624.8679803534756,6713.314262935149,3998.5369609324416,3.871986209747234e-06,4.413156633524919e-05,0.0895015294885807,0.011611695578512656,0.016341766646907546,0.6243338639184975
392,-884.4114610019124,729202.0883689593,693995.3934720394,118479.03391291843,73387.33205317402,57591.47078228972,57069.999383660725,21074.64263680949,17772.164774218705,2194.716749865551,3256.0398149679363,2215.7951040387625,857.4159285910185,1513.6110333135334,159.05745163164954,28166.474896041924,17543.687861962073,38.83534239191635,1588.6921022251017,4374.083710906694,99993.37285447525,5.885357727600892e-06,7.713631995938155e-05,0.11173492183144565,0.010130524592062437,0.012322727343626499,0.5100669188445769
393,-685.6545492299033,731663.9790875434,688934.708263906,117681.55769431341,62299.06742227712,56656.30436463701,54326.00185703869,34568.29889875656,17587.16435549472,2404.210833052323,3236.1995149552745,2483.4954592835693,352.77668825622385,933.4399097294248,132.62456108805338,26965.093114525193,41253.712315188095,190.81144330896106,1761.659906743563,15152.549477181363,569.8620768901616,4.866482771276127e-06,2.6426448458783093e-05,0.07644552659992251,0.014745739701470105,0.018634810579350358,0.7824958672475704
394,-843.6818356320657,745096.547928846,704691.1123927685,118164.85592135885,61282.452492336495,55504.898733100425,53129.96827204065,25202.890759494796,17593.573122682523,2265.870431963532,3288.0859740356927,2370.7495548898573,335.97137934217767,1012.7860563793952,151.58086430064446,27068.956813092496,28462.921818824252,189.6812952686786,1686.0894283333296,7784.297296152516,1907.5243702220644,5.066041714398297e-06,5.214407555207867e-05,0.09847936821031435,0.013744344060227337,0.01585861650273645,0.5356187473372319
395,-823.7491444864704,774720.4522018109,738066.815824248,117472.31071573737,62739.358879393716,58393.24109192404,55772.496033368596,23598.3007538773,17386.94644059296,2364.491669428837,3385.78824415209,2454.1985070618375,348.6851443121894,930.8763599709577,125.44795812414502,28326.123546337105,35003.17266581815,218.39960933257743,1708.734652087746,5441.809887016924,2555.377943661257,5.355243214910853e-06,5.417412675277915e-05,0.08750333728486388,0.013678838713310805,0.022934571588702074,0.5434529793469414
396,-634.706460825441,782705.939449405,724595.6919459709,125089.75427452449,60652.48432358131,55993.18093186982,55384.86293131093,29913.633066602917,16821.322509767288,2324.6533487298534,3698.8771664997685,2629.131755946212,278.4983762171369,809.1591953873416,651.07717136341,28435.1896372825,47615.1494896038,48.69325694760282,1565.721725231545,7719.7389362766835,2908.6400467522963,2.2919257643674013e-06,5.5278933427513995e-05,0.08127902241928663,0.012828264513476366,0.021083361307069365,0.63875424640876
397,-831.8645194717221,762124.4441462677,711112.7033319958,123164.58878704427,64795.932418140255,55562.90677822309,54481.1960934112,23077.804922410018,17186.916349217823,2422.3364750742726,3726.629015820948,2487.5563518093136,461.197283958029,1277.007159413908,493.66227434853164,28990.467721683282,20220.23553072068,80.4486875790221,1488.735022229493,5354.827127233694,99999.99999902924,3.7958083215832484e-06,7.947408497028504e-05,0.09423741537566974,0.009274727274895115,0.025855783215015315,0.5204275422714983
398,-801.5025334173209,758050.5379347118,707018.2431003494,117345.38557928025,66296.21544828979,56576.383560470145,54222.00294156297,20392.886098312276,17044.642490899274,2485.3570178388663,3403.3182582496233,2316.1591820739,543.0169754139928,1094.928214949039,101.55802871718795,26307.56071657585,47823.385120079976,195.05742644506566,1782.2653712932054,3887.8399660518153,20414.130367684684,4.005622963514333e-06,4.063212255203007e-05,0.11328943433534129,0.010773863207659159,0.01714787315478509,0.4722452923122498
399,-686.6188920803486,734929.9292807583,688495.377830388,117176.21355989268,63955.93668733232,58432.25546374932,55745.898269733516,13098.692778410525,17704.864515899862,2475.48616997707,3148.845458096758,2359.8956935325464,412.06636855696,916.0082159350429,80.31355255695975,28309.097398663074,19938.124460798055,184.48555519838564,1542.0817096486383,3670.823593283545,99999.99999985116,4.84064213763237e-06,8.353967612946646e-05,0.10027534228345522,0.011182404428566113,0.013168081247960789,0.39445405086714996
400,-858.7376231134599,724288.8605617614,689493.3757445699,117628.80769499319,59950.023698662946,55591.66199363393,53688.36121102313,35251.669852023246,17798.751644198408,2298.8695923633886,3019.5668802375426,2650.1967502256466,235.88000625691322,768.9804164849041,135.0718297256452,25981.628943339958,61745.11163537136,177.89653839804922,1767.3313436419455,9150.012943677195,673.3545319013118,5.703734735697277e-06,1.847670586793573e-05,0.06630784677791333,0.011355148948644702,0.01914895089708546,0.7992724688168842
401,-906.4769315687502,774076.8931523366,735404.1490520672,117683.1402144657,62415.46172364283,56500.073721154426,53505.345144014034,27992.622649582954,17370.618369446318,2194.964881983597,3382.603974941593,2435.9073826733506,383.20435719255175,910.6332008957863,147.62690021332253,29388.210407450868,24569.630048778734,211.35872172582782,1435.1599660163715,7472.269557772468,99999.99999611531,5.184952456075159e-06,7.966114129946339e-05,0.09516895604425323,0.009877201050104374,0.022483129119474202,0.5808803622283448
402,-791.8668454376938,747175.1678081289,705935.4474382976,118012.69295251548,62008.03532021302,57431.40049591072,54932.0544753457,30436.503212928965,17682.093824731455,2410.407221209067,3157.395793725843,2474.9238374617767,355.1285223570831,1013.1862565707518,146.9232898285328,27703.788968950004,25727.74488654869,206.86211650900006,1741.3059330219698,17448.04151247965,2132.621528054251,5.113657731346068e-06,5.111786630120616e-05,0.08312027457631246,0.011398787957360221,0.022417277756674056,0.6938816998359775
403,-784.1906511694804,780731.7945247486,691567.4559061211,120775.12999718334,58819.35370411612,53557.890622783765,52646.24112416833,33465.23661498147,16861.60105361226,3832.078186294139,3732.119493907525,2826.9299865040853,181.50590861198717,770.5120273837448,356.98317320805415,28420.34259882012,35556.709044849704,70.52360565839288,1555.8076591291988,26161.07447800118,906.9731426530786,2.200242716017912e-06,5.505323954430683e-05,0.08529443298248585,0.008688596931546496,0.019634072565818155,0.728431927179631
404,-687.8907395032163,763256.3952971009,726774.3527385776,117294.41381498352,64074.28072083853,58695.710131311804,56173.11154302535,24897.914064622866,17011.653879063233,2199.139463458356,3336.951413204608,2555.148679411335,449.1101184648749,1009.6550848181905,123.07980691808531,29031.721565568852,18287.997084691393,200.40109910052863,1497.2397388048694,5990.263243648956,99999.99999955966,4.93172785015237e-06,6.480841947073613e-05,0.07447399279683405,0.010261194881773232,0.01625900145089252,0.5326035663274971
405,-786.4414093539158,745769.6506963741,703582.5199193372,117517.14621207217,62678.313216659764,54173.25105929266,51731.21664626072,29681.206609881647,17546.86122303713,2378.96819618734,3393.797755949312,2379.4695939194394,337.3663705200277,883.8440069175213,137.38793680956428,26553.260599727095,34116.234054760986,210.5023389331636,1780.4262209439494,5896.5871017414265,2236.9539546628703,5.054108728079396e-06,3.083347607349068e-05,0.0976903941376059,0.012059516827279883,0.01708577366684992,0.6285238137883056
406,-629.4003870856425,747160.2350122612,707181.344428535,116601.139741489,56697.934878737484,59352.92771062132,58468.855346044824,30366.940668162522,17377.090967563327,1750.2246366697325,3693.5724616683206,2679.104653372621,68.18003979412312,659.4228728296636,62.88126512197059,27634.807936224573,19596.12911481562,72.62317646000048,1519.6121125075138,7329.074596857571,1673.4670051211617,2.291978987599922e-06,7.576832473656572e-05,0.09211653702989568,0.01236832982332553,0.022048373387195525,0.6724894671069356
407,-937.9368641300323,766077.2442552262,720167.07745095,122849.2753315566,61405.6240777443,57430.01481267958,56018.373542849,30277.045411346462,17065.591211336894,2068.3906444067047,3327.072677700725,2646.5550963890764,279.5378821739617,877.0097455012592,379.26931651021675,28571.743767403485,24844.079207726794,118.38716102232199,1383.6233186946827,9185.629095654576,3618.76726368673,3.2994866093422893e-06,7.962038095764608e-05,0.08804781991390011,0.01088811314677795,0.019739784724147176,0.6787672612486503
408,-647.4160634138893,735264.3717103956,697249.2432265314,118025.46418780134,62288.776479288936,56607.810301318736,53682.42457838213,32443.826052568573,17676.653868396414,2060.479743514325,3298.9594156640605,2629.7216916228717,348.7089390817838,952.0710138846763,114.02374921344425,27276.40476086461,40492.43700717969,206.79477533324896,1577.784424997217,7110.900326444966,1885.7640450827992,5.076946623397748e-06,4.058781532345382e-05,0.07350729114358781,0.006965369027998621,0.022259476828479643,0.6284132690381905
409,-766.6704429366694,702987.8903409828,647371.1302442057,136842.2081491628,65993.83819807177,56863.51555356055,56163.7508017249,30572.182078147143,18137.147235035078,2016.6814356262894,3891.5814885803793,2521.5028822643226,494.80280914099177,1274.8365175084512,1399.4443086749634,25814.388277735325,56948.28322568683,57.45507709656823,1760.8972000880246,9030.61191260475,20485.55640932545,1.0000000005504983e-08,4.697270197421487e-05,0.08672623190521488,0.01609255994434191,0.023916920026904993,0.6730116092641897
410,-1011.9932691190463,712570.0156974947,675272.8584330642,117882.13956926156,63379.48416343237,53761.70893584731,50925.33649222041,31725.483253475304,18099.327305851733,2050.3496130398703,3073.0842996640154,2359.2205448048094,414.12792930357284,1029.9749957194174,152.48853871832307,26182.67958549561,40912.777109182156,221.63964960440154,1768.9252765527506,9069.735072257303,1587.5648661094738,4.982641131643716e-06,2.828408364285994e-05,0.09155445634430356,0.01201169568090052,0.015729752700707488,0.6333703841147859
411,-746.4733699333473,741090.6194674047,677607.1398611047,117840.52745798155,61066.99939078975,55257.5477414513,54844.42620901869,26725.65424088501,17508.171411628307,3019.2041480663074,3350.49412748081,2424.5482315804747,259.9402920788592,1030.1470578221956,149.81257704775157,26663.31177739458,30139.126367135865,35.20862029966503,1737.9248948672519,7470.455779453634,1680.444706810466,3.5425734015061447e-06,3.9728970702945673e-05,0.09879865548424357,0.01169791793310119,0.023546322538645446,0.562883777263594
412,-704.9721833494905,763007.17756285,721180.8890627807,120488.41812230762,61606.67923261718,55848.26876265334,54772.005898619806,27318.564831099,17331.138730376522,2510.6086413638623,3289.554122155939,2565.9840001058924,321.93254411243583,886.9936797093628,376.58157472267555,28340.653942794444,34220.94541586697,82.37426196364451,1495.9918222773647,7288.151827433558,99995.30768311785,4.752604240851192e-06,7.074506524643567e-05,0.06551722298461722,0.016477165512238958,0.0295364807256877,0.6180123079525124
413,-653.5273359074656,730216.493354507,691246.2173901192,117853.17355705182,63090.97638787546,59529.51703004687,56672.02319824117,26627.45456939638,17727.27875493203,2212.033796375383,3277.5712024523596,2474.703627774252,329.74610331480295,981.4680221378311,147.89301480544947,29414.19665071083,13715.828722289234,187.12586401754356,1422.4864126258497,6969.364115581744,99999.9999992019,4.933170089716733e-06,9.890475093094918e-05,0.08217151129334067,0.011814340633341717,0.020940811698823045,0.5390506744959275
414,-876.2118482898001,704979.0396213285,663496.2644233853,117249.70876037773,63945.14818361177,52484.91708679635,50156.08168714616,28032.499683973485,18113.188236377,2404.612606068221,3221.0988666106696,2497.795304463507,471.1315207102203,1047.2229514346895,127.41430920186059,25813.566966240953,44988.16244889436,192.81271358566835,1556.5116810012473,6274.960652594635,1980.6539106451946,4.826982509199723e-06,2.848973822039774e-05,0.0843501103429848,0.010647528577169123,0.0197052668728898,0.5425887089791844
415,-680.1981881086683,735500.6589751854,674875.8420338848,121071.99888797132,70041.60080546133,55177.41995922991,54179.161677338,30568.34078711918,17755.90279058771,2365.8861867338014,3706.6295650450074,2547.781042854719,661.3880436458721,1404.086503078269,401.77011404220417,27577.304334193173,28861.447570295306,80.17271819390872,1475.5755173288637,5388.48612946874,9210.404139631088,1.7541301945173717e-06,6.48623614102617e-05,0.1007688765330058,0.008780213580595794,0.02174506543603446,0.6217703722621192
416,-895.3490537002656,733733.6980378011,691695.0582903221,117806.72465359262,62709.196126894814,53839.80907068954,51236.80385099518,30467.458720122413,17551.041098641526,2088.2324541587664,3243.251373169031,2545.1386289538445,319.8778086762491,871.6938049942004,119.44206240402121,27091.627081043072,25745.34047263029,201.13129848809035,1427.4977170263512,8595.778743009092,2936.682189901316,3.873236404817864e-06,4.733661116910209e-05,0.08498726072729981,0.007619559770008154,0.02482986283926401,0.5321677787878188
417,-873.6028524776232,795929.5520395844,742497.2603043223,116512.58478998358,68888.42148452207,57540.206453534694,55961.930536312655,21946.09291295667,16902.22227184579,2455.3775529922527,3604.3266968644903,2172.686186445352,586.8586395866444,1328.40970298945,98.30143337460552,30110.783676828436,20962.0273814,121.61295397974794,1423.9473539053618,3762.6060371670733,99999.99993951134,4.0131696949975434e-06,8.151754112064483e-05,0.11490847550054956,0.014454112460914959,0.019235494699109193,0.4852969055794986
418,-768.8994598863086,718275.4625979968,676297.3309924852,118261.1040547775,63516.40067522028,52302.143906720186,49450.78412331254,35280.16825163903,17908.051524531296,2036.775993938902,3299.5248607233193,2513.8896115709167,396.0444913642159,1167.4467055531302,212.88784959134685,25913.312133309744,45482.648836802706,205.75122324276288,1606.47607625895,11276.043058870395,1298.1760985643116,3.476954575786054e-06,3.780105960703047e-05,0.08480218295301829,0.01095601563729825,0.019174910396684047,0.7862128751002343
419,-690.4210103213333,739624.7796013086,704700.0553622877,118464.3507028248,62073.00433468772,57440.84710284835,55285.922499191845,35573.21506730577,17508.180629830073,2222.427388227194,3031.803686261134,2561.8107178753903,389.74224359500795,917.0432331854565,179.58278695220903,27301.64386123533,36415.56376497762,204.19726909426183,1600.356291736356,14096.117553913724,1392.574535316263,5.621171271864095e-06,3.530153533445752e-05,0.0807321952155095,0.00936004513010432,0.018990319901796036,0.7840829268346939
420,-756.1570015782224,755333.6656525511,714317.7585671654,118731.7497789657,61732.27941720017,56356.03442839651,53905.74882215577,15072.598351655499,17077.973605637646,2417.120169255196,3171.5854116298074,2471.9999401493687,312.0782913888987,854.3079634287001,173.0740465173741,29102.151593858885,21088.796471352714,170.1917556405874,1515.2628836766794,3807.5060485097097,99999.99999979112,5.255085990137264e-06,5.776780777731015e-05,0.07489354025834577,0.011184367520748304,0.020717831358568424,0.364773131388103
421,-846.6764897923555,745896.9464408406,706909.6546147779,118984.81362854203,60463.138182247545,54675.27917242283,51537.61702710875,32639.041866913092,17398.771114335188,2444.83455531656,3115.749152571608,2436.8896480939084,291.31378765966844,877.4299051898241,195.86143424550775,27439.465965332587,48154.27701765334,224.9312786449765,1567.4181007719599,8503.169442950377,735.517058315679,6.470704028264982e-06,3.9678746098854494e-05,0.06628132222834776,0.015510810617647306,0.02447128242360351,0.6579920558681377
422,-904.452933801985,731179.1447298765,686607.2495742165,117291.39389859166,66469.47831964189,57269.008004017305,54978.26379568886,29657.03047451038,17893.975514166086,2163.039388032405,3367.259373216037,2471.487679200704,570.4527868697222,1194.2866962180944,119.8409786559477,26079.26684116328,39373.181818574245,190.0471257329907,1647.719181967155,7827.518604422043,1218.1279212368556,4.2959219516277415e-06,4.376663623968466e-05,0.09805704532061756,0.006782685343512473,0.027200763221741985,0.5996796210666017
423,-741.1296330598809,730796.7691809094,678525.907972653,117238.62723822054,64670.0910224612,57862.96343189796,55111.54553292439,28369.695632173676,17634.29749025465,2413.5760248068045,3649.7373683707856,2475.243231738455,552.9898703528977,1225.9437590711336,112.41634009926149,27144.18820477951,56586.70734135435,207.5789800032438,1630.115197332752,7806.308551554836,1671.7029344013285,3.7010156606464253e-06,5.561465677904812e-05,0.10099172161397012,0.009222114614280632,0.021478132102341688,0.6530643075641117
424,-882.6924083681358,730760.5461597503,672128.6822079883,116832.66163245696,56499.94442879983,59892.928500504466,59026.705413291456,30383.58892638055,17884.526142777962,2276.321617425904,3820.843131845817,2723.9462887024238,49.93075944164555,612.5392078949951,93.78541865780356,26659.96232915968,23119.625624621916,80.6815425407069,1590.5257222975747,5960.589296042735,1451.6537980853857,1.6600653192259163e-06,5.049400246267218e-05,0.08701583038084307,0.01454827753505461,0.019804468246271086,0.6731918176765891
425,-786.490213599079,717380.7185607856,641843.0320792816,123740.56928869935,58047.315484554194,59285.63485194735,59083.45069124752,29235.53418778487,17872.431164823563,2833.547682266343,3757.3714327667453,2737.025922273684,158.67430516389265,779.7123918738972,569.920806148534,28010.75934138298,20282.20608329844,17.42327904552719,1353.981373855941,6384.735442925167,99999.99999912143,1.906982272042398e-07,9.592281878018162e-05,0.08774844267846209,0.011484990308093626,0.022475798431681668,0.6681298349309194
426,-1127.9402752715805,753367.9930682601,708170.8499924475,116737.4381227541,65671.74637818578,55084.956490435885,52823.176214827414,26677.62761612913,17320.32726608641,2149.8764707545415,3620.4362122401676,2583.9012082209765,508.7735928767554,1177.1863701135537,76.27270464070443,26543.37941759997,49898.9934648745,197.91922774693077,1687.8725254267943,7835.239437555288,5930.471649860141,4.216348324921651e-06,3.087216186392592e-05,0.09370535052523478,0.007752370117990947,0.01666659561758233,0.5744669699026993
427,-676.9225058662063,714840.2522435884,649039.6805419557,119236.32392148001,58673.08721006684,57736.07585660405,56391.86061155604,35179.575578627744,18060.571048954876,2553.1819715338393,3689.32068234792,2714.6759671126306,142.56875042396487,696.3178251595231,317.1508800707284,25700.743249328774,36637.17578788912,143.39841410284015,1509.9937841882415,15467.262540788504,5126.46408781229,1.267967390856985e-06,4.149250919958814e-05,0.08860448076421353,0.011277870014780098,0.019657279531728248,0.808985434213315
428,-627.87441789178,731284.0074887612,690875.6914554294,117032.85488418004,67582.11186110419,53892.3949265248,51643.80182870423,28397.498172155916,17839.48392155062,2131.0675113249654,3449.985736288277,2395.6534169154384,646.4273801264536,1353.5674996130954,79.55373994053788,26491.594319188087,71611.66987338393,189.38049107986456,1775.8776852961753,6963.558317175902,20472.15732234937,4.398957663029008e-06,1.8171281356277234e-05,0.09673188414944962,0.009022519033377781,0.01892408363320972,0.5858931194961211
429,-803.7805341615041,722282.2171771635,674979.3022601234,116951.61905760586,62747.78669772477,54636.04893860309,51574.97848851693,21699.744139411745,17818.214602293097,2305.969380777216,3452.580749016546,2289.787295079123,368.26068994283673,962.7112807054707,93.29008526083639,27206.716151357963,20576.61259216688,220.8670949998786,1646.3727047774314,4909.989785862156,1844.4404691561303,4.1373402834077344e-06,5.5587192842350055e-05,0.1092375417108934,0.015403116103663917,0.019747875200531353,0.4186730569401846
430,-766.9762689905735,741357.3340058473,696504.7652161118,116647.60030806604,63426.97702157868,56189.94805156259,53687.345431218506,30067.56619542199,17288.24131327957,2364.1929833174054,3270.707753369649,2522.800468702687,451.4448010158231,1123.5699873342533,86.70023861433302,26828.944881284973,39121.750022990695,194.18495179528637,1627.6813008250929,5140.419720391141,8212.32955349707,4.778206653274621e-06,5.286824237838653e-05,0.08274536447930694,0.008939833542870274,0.030125645580912477,0.5957149380194395
431,-748.7781966489054,769929.0262733301,722369.9936341244,117747.01888850392,70122.70162567639,58201.961294768385,56161.31435074125,25074.242117890095,17486.409345956334,2330.797446344777,3482.0201646737046,2392.9734385118218,777.6033380940149,1533.898575991382,142.92301625549166,27874.122576569673,37058.63736557277,182.73445848028564,1639.5564087587768,6566.033144172793,99999.97456995372,3.958909155333885e-06,4.1317532589020985e-05,0.0980645308365068,0.009426367339731194,0.018543931948916778,0.555184244119226
432,-707.1433436194336,738988.3301919075,703286.8253638522,121027.31981383548,64432.769121986006,60110.86907157498,59235.629916400925,25832.59085308384,17388.27369115272,1812.7745514856292,3328.3545785949736,2671.9922796794767,488.6190188867499,966.8536060711559,347.35434125045373,28284.310915877246,18529.880458436433,69.26785967137633,1420.3087105150073,8446.19438777135,99999.99999997107,3.701074090024657e-06,8.320127939333753e-05,0.06514114342759807,0.01033602202760068,0.029393071361546102,0.566863288424271
433,-823.9512878702728,714024.8425318052,663574.4479831969,118902.77948198812,63226.58824414781,58512.86781420239,56623.040142941536,27664.38117585682,18283.865658482515,2112.6889334191656,3629.7375890049066,2467.531316551993,304.7824426688042,935.5420616479755,265.43177146937484,27046.89932504563,30163.07154696073,169.4973063295482,1607.701203525345,4642.597273021924,99999.99999999984,2.120734277138264e-06,5.6611455524981224e-05,0.1035966299799897,0.014660228086431025,0.017230406156357552,0.6075137744763769
434,-948.9905455278234,761601.7807791457,725497.3093654895,117798.01902184829,62553.49425935089,56023.109516584875,53596.30455528219,32417.85677334305,17208.53423238061,2254.1492062528737,3287.813977096113,2490.180094615295,343.82058096870014,968.3870861689685,145.77487387354924,27045.32393206934,113036.81220100311,211.54462961291722,1705.8246083098868,14122.466184361625,2143.2621304381278,5.707384211827612e-06,3.355512294643592e-05,0.0783637372644722,0.014385702412732154,0.019884628181356112,0.7658237121956516
435,-819.2145811252489,734128.0868170608,689297.3744431891,117469.12415145282,65846.90267474898,56808.269141045355,54784.092208685885,31449.704677040252,17661.363961499777,2373.6177852644023,3286.1182326677576,2524.105629928049,509.1388818471869,1085.326014100131,115.18519988801712,26325.2200307566,33570.23747737974,173.22339694317557,1776.2383106163866,6982.575859070041,880.5501631179013,4.625552547989992e-06,3.2658429164388304e-05,0.08994083806973988,0.008774839235939084,0.02005021267855895,0.6684460145702138
436,-795.2673605986167,773093.4172152526,726108.5353888585,121533.56595054433,60421.656964213566,56448.02118142328,55657.73880174522,26580.35905863778,17130.756603976337,2326.36379360033,3691.6154233615607,2560.1752638539842,275.96779319909103,933.3801281773927,364.9644594861824,29031.957535152957,25917.554657091398,68.0625274660205,1546.2506154382393,4508.0090425250755,99999.99999929339,4.07761128824641e-06,6.195522755140777e-05,0.08450921772323962,0.012292104737916375,0.014541743774267875,0.508719517978056
437,-971.4396090198245,732705.3093725474,692330.7486656158,116810.45976943594,63921.29158396418,53857.4715450192,51753.01838302301,32714.769938893267,17959.52273356696,2108.3258772486,3518.02492517235,2542.6285454551034,655.0466201327913,1047.6391590355333,98.77688402377868,26330.0526087098,51132.56294981535,169.78720791791005,1896.0718281869722,9817.261399778588,429.02927890539206,4.9139492431185004e-06,1.9013184722541654e-05,0.08256068322833483,0.012983245354102373,0.023979802547002375,0.6600744296425023
438,-919.456889974914,708004.7224202027,665979.2429354058,117201.58282058222,62501.69893441396,55443.52031144247,52802.05451731653,30381.068187660087,18268.108917093043,2430.43479249938,3186.303318576539,2527.150686169044,402.60447184464533,1089.8486476982805,155.56647504511838,26285.519288605814,28817.707079394706,214.46118870992657,1558.0343019117831,8615.462043453432,753.473326942696,4.863983556650056e-06,3.7759680063721756e-05,0.0787499652491445,0.012735455485304591,0.024080168771130016,0.6361136467745636
439,-775.2843216137229,747767.8158547364,713209.3914124036,117279.06948121694,57009.25166447771,55586.60443041815,54378.55498474613,29822.89533992338,17155.223719828795,1921.401427018827,3361.3972191134276,2724.307358124865,64.83186142702147,559.9549895539706,129.0408216091735,27926.988384510743,23404.346053807098,102.75272279988735,1525.1342429694837,7529.907020900932,1544.7636156193341,3.879425590300819e-06,5.954439393061945e-05,0.06469248979823242,0.01356624081154238,0.02413675409158995,0.6560702422315002
440,-830.8708755306366,717338.2672467262,666513.7244139087,127328.97627556072,59172.11591981859,54445.75241012575,52898.269836241445,27895.914112999762,17926.948349988033,1861.2167487681372,4158.276579292718,2705.398030471045,174.4205408824941,828.2871234970581,1094.1798441299536,26983.527345694616,27691.620288717073,120.31553567945973,1523.5707902443783,7376.812125496462,4021.01596706684,3.313196859038461e-07,7.157161893885055e-05,0.09026801255210953,0.014148065938241562,0.02098525635755463,0.6210590487506524
441,-615.6705883668218,758568.2536875582,732694.0625389563,117944.08287717198,63631.937961039745,53401.07357254813,52914.15792976994,29323.039440314304,17431.24925697457,1436.687166471686,3251.2586686438317,2411.0375439153167,502.3963726286455,1091.205295603846,168.8721257259364,27440.24135965333,27495.370175418375,36.71770802798772,1566.9160349986603,5507.4588883782835,945.0034676789222,5.073337053075226e-06,6.32620295534562e-05,0.08638944242976725,0.013056868565339988,0.023491162993943125,0.6287060104652723
442,-741.6782130380097,759673.5975116072,720057.7790438911,115797.2935283713,64010.81217984136,55683.125165750454,54863.31855372858,32294.290295954517,16883.548748248908,2293.8687915889723,3196.788531974467,2421.922325799617,407.0933046463036,1051.5280651464238,27.523968879673795,27714.569765286364,23804.485661911116,72.63014041798921,1564.0272539968014,9413.865677937629,1337.0245130991125,5.273354899557486e-06,4.410884921584674e-05,0.09534306392074682,0.00852445968332058,0.011427861313500614,0.681543953099975
443,-795.6691453589531,714263.3699657555,673200.9074427251,117172.66989069655,64947.96771466822,58157.736618427545,55720.13494978124,32647.06139369144,17626.67420043077,2118.6369597814814,3281.3434180548525,2520.7162095745894,494.53046618727996,979.220679682752,109.7216379437469,25895.353964020083,62594.14439160554,217.3179331910026,1658.7201776646916,7874.037107320189,2813.9517463813036,4.606812179953874e-06,4.1251318288693716e-05,0.08051819146756957,0.010060129968598208,0.018970428611381793,0.6824076837549574
444,-817.4205985775873,752324.1991402222,725527.282344348,118115.61174515319,66740.39784982146,57500.55648205975,57060.74260874678,29032.198600479274,17387.480916930985,1560.6776366322144,3100.6874770103964,2358.1652182331063,640.1123236474095,1111.8206512884199,156.64993901816268,27962.470542042833,32054.435101195493,39.35507816884891,1623.9053267510537,5321.4827834573525,1986.1011965861267,5.634193040720451e-06,5.236974544260356e-05,0.08456457856997332,0.011624366819474779,0.01968838050437213,0.647892551681242
445,-845.7822335695807,737525.9092567438,694233.2343862463,117669.03981503613,63919.95972117792,54712.008205465296,52398.53632057191,33644.81672603637,17734.89979493662,2290.5861444736447,3289.6497745900137,2502.427730987439,494.51433075143314,1233.6395935924181,116.26489354799155,25878.846644358473,76738.59552517105,203.68318081866556,1820.1611068705758,7973.432680809855,3287.163889959831,4.778197809982231e-06,2.538199467591582e-05,0.08521588221749248,0.008896867765797383,0.016746106723475773,0.7787967217276708
446,-928.5346165120201,760182.5497246241,707963.8360507337,117174.60065002416,65668.33462705917,56290.73187627292,53707.518147825256,28079.107363239535,17363.943361455214,2470.806821593514,3423.2353749638078,2381.1829749393323,632.0619461171112,1142.6319128988894,102.81659591733927,26616.40997658979,19915.59288482587,201.57271557986303,1490.94348770573,6394.8359170727,3026.5969017007205,3.98416498030518e-06,6.982052095324589e-05,0.10889713551166268,0.013104452627590892,0.01964716310563213,0.5918195878959241
447,-693.5769918051506,735409.1944104831,686676.0163850117,117246.23635748972,64759.27059911986,54829.26397083082,52605.953363462235,32875.67838929314,17281.104381916568,2363.9652572549307,3308.661056071542,2482.5422203212784,496.5668042536251,894.2258274494159,123.44908775692289,26118.375755909343,96383.75691744688,188.1822206569626,1779.6722984629753,6617.064841083543,1187.7694682658557,3.5996867312927543e-06,2.6589275962308315e-05,0.09998139545480154,0.010634388610349045,0.017921141051880817,0.6720962217839956
448,-709.0559145298795,752216.8627117603,704306.2535962613,117649.1575129722,62986.24023518324,57473.86800873523,54960.317385378316,26714.671485910214,17358.392853415167,2453.4854640099957,3018.1181359642674,2214.9213558358965,436.85627647076507,971.4765995654426,139.57354352229447,27890.984222898664,29207.938424538934,196.93226562371558,1534.8915485609987,5515.631608878862,2804.044410380186,4.72752491455531e-06,6.125594907438022e-05,0.09863314551080375,0.01656614187876534,0.016882268044828404,0.5620247654337492
449,-866.227204806944,772277.2392898133,712427.6306163147,122994.05576634902,71790.6352062415,56751.07415838705,55382.701812068626,27315.41457147819,17227.790021404693,2848.397978182906,3375.4323595261303,2250.823976647182,935.0221592034152,1346.6284695408813,412.74665567898023,27805.846243225584,26727.2113857568,114.50114969894507,1686.3113118078845,5670.535819601749,2656.7373653017626,4.475069311444897e-06,4.7174516322562104e-05,0.10121803163447933,0.013963792630393726,0.018408526620574905,0.5221802026016706
450,-909.8128416012173,742338.4907846705,687383.8961041033,118844.9042278155,63213.71857575804,57548.4606270853,55307.96687802635,25693.920324020826,17578.88751054699,2301.983352611353,3626.0349667818887,2596.8945056489174,407.54697295234877,970.8065518963873,190.50465739789038,27211.449868542153,24247.272716622032,172.49535244965796,1449.4826429714437,6028.800794006327,43211.7049753383,3.0165925205179115e-06,7.094271804363868e-05,0.09317633437238465,0.007387202541931642,0.023897861109778297,0.5533101189488244
451,-732.995575923318,758029.789168733,698700.1088131713,120242.51160194253,58729.6445865763,56149.68334425824,55787.58391365508,27634.430914312245,17463.897118819164,2330.3988352347656,3759.0007452790983,2725.5319337161927,150.24010580533488,860.7747876640026,319.34173832136844,27842.55342265103,49802.30158522018,32.47235961836634,1527.8809475462174,5141.5504646045565,12091.36851599197,1.6391871620021524e-06,5.0965492093484584e-05,0.07968638521821718,0.012694321655923395,0.018704797136774608,0.6211879967071261
452,-688.5286534787662,802733.272994824,772833.5585342855,123841.81908036096,59877.07023631697,59308.3833758433,58130.45193640076,25732.03003083794,16548.181437186708,1825.6789547785002,3245.8148642768697,2656.8007881494746,218.5832159143905,1288.8965553838582,434.0661628483841,30916.814938649142,36219.802483110514,87.86656230959996,1599.2185410658287,4607.66036258266,4416.996203305404,5.6964283501887875e-06,7.45697704375961e-05,0.05205607999999519,0.012308448817273042,0.02846424284705061,0.6134380388073395
453,-727.1082107507068,735639.256658017,673858.784129828,117930.92308619857,61289.342338725924,53065.603777124714,51367.94337750913,10000.000000087317,17492.58774850648,2354.418199399301,3679.720725013865,2573.800967338675,278.44717876321573,768.5028703864926,154.48233435586369,27526.921872240593,18568.88876227386,122.44058641849992,1604.9216522284357,3256.674753758459,2267.915648242091,1.1327148715964575e-06,7.221121802676121e-05,0.09753880694081488,0.01839981293708506,0.00768586804205973,0.35676723114903663
454,-827.3092876813027,713151.4541266295,672888.9633227439,116530.27941688022,66900.88336522008,53969.06524684629,51404.051991031796,34608.42301249444,17991.55151073679,2288.3487812117273,3470.452753414206,2571.0948165996797,608.294495839258,1158.013338836044,84.71405316567316,25699.302231231188,58687.154614397754,215.96644268439923,1677.0255089321192,6988.052531493184,909.6495057598378,4.609483795222352e-06,2.7008647521245474e-05,0.0875877655562811,0.005982884980111559,0.018920740488752197,0.7110388518020069
455,-792.9974829761713,748464.0660826853,708136.1811769307,117137.62228377143,64707.71300800078,58591.91643006734,55664.46598083405,28908.583072260553,17607.297115682773,2177.0470218316746,3398.493753697851,2258.169796706767,464.85050028208235,1089.1223453249113,125.36508591533666,28434.271589428317,26377.371123922414,209.99828581261767,1556.083205449765,6011.010915906455,99999.9999997682,5.053574059778432e-06,6.595920390336646e-05,0.09194429778262067,0.016891199337739107,0.02444538034744853,0.5931983963628372
456,-867.6208329773518,745661.8148371445,705116.8682231241,118443.33174118784,63114.11312565251,52626.64622196391,50539.24320159602,33581.55391919438,17456.667195218855,2306.368179728515,3219.691217657734,2437.9180171081657,396.51954338499513,1010.0940278357582,174.039431850024,26239.28346188864,88122.28727355746,171.82584913684101,1751.750053202689,9815.456209115724,966.1949874168502,5.187558941396913e-06,2.1878029670490843e-05,0.08834089045039072,0.010800444434807464,0.019804708874576273,0.7243088596543983
457,-860.1687954982065,751867.5195797769,696990.8231260917,123781.05725844853,67518.97791086706,55888.29877972222,53071.757723642615,13153.679583423967,17240.456892924256,2365.4487575077055,3871.348296129992,2676.9280912142153,702.0044496155365,1322.1873254713532,566.8441192803195,28885.637103019264,24928.444673336988,200.78613551674786,1487.004681883753,3771.439723926888,3129.7815184381143,2.7716803379035925e-06,7.831165602063021e-05,0.08446839264874632,0.007142444784045291,0.020514649355005153,0.3769430236544106
458,-832.8007150249812,755274.1906982313,705038.726039867,116794.990261332,68524.17732695962,55404.62605386423,52821.773529835904,14992.454275938695,17372.157173473763,2476.334450998537,3303.640466483296,2238.479522356673,822.9737624464979,1240.1200340495323,97.1027521881373,27012.340913931897,30051.729354355273,201.91118097002305,1794.170772414325,3923.8858362393726,23938.60551770981,4.1995098812331525e-06,5.000034019348615e-05,0.10293926878307857,0.016761880623093944,0.020173360809242268,0.3960401882421328
459,-820.6146714418057,764442.9261528222,710920.4950280065,117145.96373811706,65788.56239649592,54258.48710082419,51979.3937380208,30290.822781812414,17397.54868301746,2402.7495237167764,3476.8481909752313,2449.691679186489,620.6544968711678,1198.1007377426627,85.21736500575267,27169.51637442002,42702.853563764154,173.61641906589213,1899.5469473090373,6535.121339397924,1320.8034859070208,3.702683598822691e-06,2.9174779873260072e-05,0.10237734259708231,0.010193106553731917,0.01752020769067536,0.5909453927325965
460,-588.8387402195547,784755.1490308801,746408.8945527409,125288.23369668843,72581.28078778161,53749.51395808368,53336.785502471284,21413.69628437146,16838.023471447425,2589.281489126206,3207.910100616804,2335.553459499342,921.8389444886427,1819.7434938800095,483.0920279679052,28592.49650241043,23520.73783709195,30.615192572775495,1628.9177569799322,5087.823751495626,1734.2567923224703,5.972355445202059e-06,6.148231830082293e-05,0.07488350109719402,0.012485781157028843,0.018582902551251387,0.42402237541798615
461,-898.3120904026929,724501.9206030619,677272.8328717225,117337.64386581759,68922.75383416389,58219.318753855325,56002.119021000144,32665.2141073459,17998.836248009553,2290.3206429572483,3406.118018355026,2219.434412378375,715.517524137619,1422.7537311104788,109.99723699097957,26064.45835542694,33405.42780758681,187.41592119082054,1661.522631284434,7160.959262686433,826.8900715574231,4.5177068768496654e-06,4.019370981121524e-05,0.11809483333197185,0.012854985150192474,0.020621824816071554,0.6848855700672457
462,-619.339061016591,731106.5840611517,684467.7705087812,118109.71158017249,59695.61763825325,53869.8615528097,52073.77506480109,36052.632329063774,17612.93162967188,2503.131338602855,3146.4355991378857,2514.3732253168273,224.41410664595338,809.049096400772,138.7988835652496,26230.384331385798,52257.24643246675,159.45611561178671,1654.7563000107207,7409.917812585743,1393.779469332731,4.1417689011251335e-06,1.731025140007477e-05,0.08035381140565796,0.012794504737989796,0.017078947181354623,0.7200973657342542
463,-949.9413230358747,769861.2599260166,719433.7508088857,117113.39809730227,64245.37480333031,54630.19832521609,52320.645050825144,30139.44473812611,17261.561033091348,2326.4483818033473,3524.772478767576,2299.5248032578984,347.1551267492228,878.0385165603819,161.48200725700102,27093.599851456973,30749.750088442874,187.0654792521264,1489.4592524133561,10177.468138653676,4883.314500016653,3.6489573183763745e-06,4.584606688560717e-05,0.11270171785865578,0.014777014063747963,0.020509081521882747,0.5821892571962496
464,-917.7750550933939,775691.8814078683,735862.1028288375,117766.65358224639,62332.65900361634,53922.14669896251,51474.207412039024,29713.933812599058,17200.440198443637,2416.713253807343,2995.50176299493,2510.913978576753,340.4460853491205,947.3571384051934,117.01415573187602,27883.366728578538,54157.87456542444,188.3195016587147,1664.7180625073843,8324.92872989969,10260.736569591016,5.145740059433668e-06,3.1105574935477036e-05,0.07648208232667464,0.010911032421727612,0.02627935915977056,0.6263528000563633
465,-769.4458808156396,773570.3160304212,747190.6883299132,115603.46177841326,59196.87246615202,57823.65679567784,56421.869016350116,28592.052821349913,17023.815531568423,1990.3123497256724,3090.773981219241,2503.239592377593,191.91317578165572,955.8037611168724,24.902440525047098,28498.30125838989,20802.990572773608,103.16442630490911,1421.652988186558,6071.177841146517,1723.3530580166507,6.668506264013511e-06,7.61951361281257e-05,0.07183798878926516,0.010089563555595716,0.023811550638781744,0.5429729035240257
466,-811.741933146241,760157.2259899621,722614.5804440458,119576.49996631217,62841.30502561869,54108.99307879885,51829.246281151885,17486.28889734742,17262.766695933256,2110.608524984469,3444.618919098799,2454.3180128041504,407.19507845979786,901.4883276978469,286.3883788229133,27202.02809483246,30834.09713993516,176.98554724170324,1782.8564741024702,4271.4848283783585,99937.87182192679,4.791816897868883e-06,4.007366615551316e-05,0.09379624732988616,0.011456784507565673,0.01877504492050825,0.40090799377678066
467,-872.0018456401186,731178.608083311,685427.1976978036,118916.50964357049,63039.557661696315,55585.0518302525,53251.78877099391,27106.381601858295,17742.556896290534,2517.8067774743217,3299.0297126141627,2501.5263071183763,456.2845579738776,888.9261469628623,185.02138325275803,26615.723719757963,33810.43568177476,184.6305103432836,1546.7408960611388,7988.680783141415,99999.99999999984,4.920774566468577e-06,3.9656500396765264e-05,0.07509388641530289,0.012397436616926705,0.020938835954679547,0.4895603941403287
468,-789.7671608391454,717973.2364416941,674566.8879772201,115874.1284790519,60541.8329012332,57835.55892189029,55402.778454000974,26451.103116992574,17929.63696312622,1979.3784000182998,3636.2439181895625,2566.014506823138,243.2233334745664,893.4648340770239,50.515536035917435,26817.36496209446,31137.56707105457,193.01365499838184,1643.327895354616,6420.350369122821,99999.99999928557,3.6445501993571905e-06,5.524047952223941e-05,0.09062915139505684,0.012874225882666963,0.017955710237825426,0.5130981530317589
469,-802.2742082492073,756783.8173601814,710940.6511063282,116226.2842194072,61806.603391466044,53729.9456325227,52199.87457701317,33248.90949566742,17479.19480401783,2525.728145530163,3578.4121841099327,2395.966712560519,307.31777496707133,1166.2102594530938,62.529889955617556,27216.30266453489,51868.862109364505,133.26411803694606,1601.5821632425643,7614.720430966103,2376.3550061675915,4.940693277174821e-06,3.326731105909117e-05,0.09590325319577384,0.012045052352412955,0.01323442577779111,0.6428858142648843
470,-763.4289413383415,731105.7355572517,677688.947903502,116615.21324050402,63244.492269200906,54427.91320561565,52827.05617035726,10947.417700257647,17851.941752106202,2206.9882279191525,3625.281827021509,2550.600634818331,368.77574422338245,989.5584384079087,81.07090297348796,27499.908483594747,22019.065440333303,119.75185957670796,1445.8718402384584,3010.9234731810366,99999.9999999867,2.137961211145039e-06,7.699114475493206e-05,0.10229487574536156,0.008758689754208723,0.014108305925533119,0.33065922014835386
471,-705.0977206513212,791586.2156649242,754564.9500797202,117064.62116382105,69366.03539145383,55021.42986242442,53317.36436462535,16504.46900693139,16566.47054351003,2884.0191672450246,2959.02427811517,2180.439296652192,679.3134205439934,1214.203827035471,93.90105798077131,29168.551968439606,17246.813619618617,124.17387642674055,1535.9968742954127,3346.3440669413817,1226.7350791143342,6.668284791314278e-06,8.366781620749489e-05,0.08825599430885904,0.014991163255139134,0.012597876771933766,0.3990149648155116
472,-669.457305603785,732114.3282789267,693673.220849483,118174.73008938254,66399.96589811932,54436.784037980346,53340.21862336511,23830.86984514518,17403.943668280215,2522.1741187695,3217.032241443883,2436.9128523022105,684.2134282425492,1121.2225265302948,159.07960726476472,27430.70245489377,30966.940187460455,89.33295327602312,1665.4349265533397,4251.297147847782,99999.99999911309,6.124147319313495e-06,6.468899765593616e-05,0.0810996784149636,0.0076689672852931455,0.01575302653564043,0.5514947263067222
473,-802.2944375225472,735660.5018290408,668307.8051464709,126398.48598488604,61666.836456414865,54788.66985645494,53493.15176980474,30035.903548506518,17777.021309325275,2503.3380452672413,3795.8391497486095,2605.657637742515,296.0241898795564,1014.8857637978873,750.1886634536503,26049.66214347516,98802.67260071677,110.48357432890874,1695.35560286752,7680.769122816164,4684.484657053571,8.505297606116887e-07,2.9088118094890763e-05,0.08917679747886988,0.01467551976872969,0.021240255359846947,0.6149611999680336
474,-864.5505390667724,759083.0594838453,717000.3246612318,116964.87474918377,58040.29942340944,53886.50908882015,51628.69878938669,24322.96638269692,17273.426031532228,1996.028667394091,3344.1657528163914,2665.4415792424243,131.3515505946866,733.6532269065392,93.15829206190591,27638.864306824787,22500.793024657472,172.64991127933396,1669.0031399205648,5321.5836582597285,2471.0111056926385,3.643864719121428e-06,4.625748188818519e-05,0.07876054177596564,0.01024339479400134,0.018796683714461627,0.4716643640065492
475,-728.5437278438532,747836.1706641443,714365.134174469,119148.70355020871,60862.688333568796,57397.88231561615,55182.53603462022,32338.26363841658,17313.186054550803,2366.1677175657896,3106.505364807212,2470.1152996121355,250.47603640709144,760.9259037534043,274.5717181576201,27258.517050880535,39745.64273546227,203.78638715467417,1754.9219424390053,10201.50290363299,952.0673095701442,6.311150803248292e-06,2.7127130760346225e-05,0.07236413445916873,0.015080562727314202,0.021424455614750707,0.753794077964763
476,-793.5633063210887,744015.4660585895,702140.2355898037,117755.01563011967,64278.18663630578,56405.17425908264,53846.21234506458,32232.72410477829,17846.10408477227,2180.300835846025,3252.2987500132026,2301.633687304879,416.98712364332664,1036.633896547162,106.42455936673252,26938.88387407647,30717.65738714151,208.40553416373038,1735.681055244326,6058.649131351819,676.627980761123,4.863666343264843e-06,4.155167532133476e-05,0.10109655571702222,0.012780066315501873,0.019892788859783007,0.6171818107330267
477,-828.2820192110958,744284.6260075524,699316.4238227105,123531.328219824,62018.42270109906,51964.74407872171,49920.20519866268,29308.557339908257,17395.781813776943,2470.927746792466,3332.69366559373,2541.3090025387983,328.2953585672005,942.158084509075,634.4722114441919,26469.813074092395,36603.22651704707,154.75352883692005,1432.6117097215483,6954.305680286625,1339.4733015054653,4.325369932829119e-06,3.5069354436155304e-05,0.07576092110311194,0.012365858351213751,0.016587333325585873,0.5363043011151276
478,-706.2365994590127,730086.0689489637,691715.6174602275,117456.19658591956,64310.58264652297,56173.31016996024,53700.082888896555,31502.92771772018,17710.42861014835,2024.9885440619312,3211.9209686701497,2492.12906237126,440.0493136834721,1161.2081585965204,106.40503018294508,26691.47924620411,46639.63114508561,212.39654814382794,1645.0950619164482,7292.920280600614,2264.139196678838,4.953194309442811e-06,4.755929706790397e-05,0.09567398902946765,0.007491035033104248,0.014576674609064581,0.682606829743347
479,-975.1529503704655,733898.8498464378,682043.5624430205,116941.57643786632,64143.630958498274,56123.85396354282,53945.27227264403,29598.328121269984,17876.98031147118,2372.3526991401814,3616.956674358844,2381.9419507565285,555.7203199943726,1226.5639386457653,133.50931195306512,26354.494582684838,62302.95052965079,190.7228939561178,1689.4169443896592,7536.064212188694,99999.99999569324,3.6419269222979437e-06,2.7542775321555982e-05,0.10555602273263916,0.011948859244529897,0.021803275392799828,0.6266208758459902
480,-653.3707055176337,740958.8159380228,690130.5472513643,118840.99871786851,69937.879569031,55277.92895344273,54516.19777321627,27863.24469642046,17540.801630045742,2653.346315707229,3283.5420042497094,2255.2730676513897,921.1168910492299,1337.1003153049733,155.22565184608078,27854.632973035234,21777.953237028883,62.52010025347328,1469.0367934424016,7990.752337740025,99999.99999999984,5.132709024864542e-06,6.888138922475806e-05,0.11380878999605683,0.008228076583267872,0.019125893561946765,0.6356738278009088
481,-837.3909784144864,731228.9596930885,692005.1160389734,117475.49249627966,63309.08316888336,56634.246760418246,54071.7890568892,32698.289624523073,17709.929416390536,2157.0755791920137,3192.702251900147,2500.59228787204,461.6942614302515,914.5444993617248,101.60355406505089,26837.027184784118,24564.411109524375,203.7405880158842,1548.6865741916276,10953.442840141859,2511.8262071508534,4.1208571840033275e-06,5.290034750565237e-05,0.08111874349089748,0.011916095954166305,0.020513912378263447,0.6739247763852122
482,-758.0892853061468,740459.4653284366,679197.1019541739,118773.60194636139,61957.519212744846,56678.55118213582,55915.913769534505,24195.353656220224,17391.055911740903,2214.146166848909,3825.8495583578974,2905.4662078310025,300.88909686465684,958.9028512943152,173.1643620420066,27503.40324668599,24875.938753936764,59.10623362694363,1558.9302082147476,5525.507837104872,6737.026221892864,1.9353791912078424e-07,7.071449335358204e-05,0.08540636400803156,0.00855833847032341,0.02056584621845738,0.5282494566768736
483,-819.2785998700442,772326.0177609051,733038.5313621847,118076.62248164488,63360.991854422435,54529.98525850841,52296.23813745858,29083.41144823016,17030.954250031602,2275.5830536721955,3219.9545811899056,2400.152685101625,427.7389687686719,908.3493106830061,153.5062311973493,27784.219864257182,29400.34304145499,190.93782168124577,1660.7157089742545,9295.072104577315,99999.99996967014,4.849587296186807e-06,3.642426569681442e-05,0.08304858859264637,0.016040321559850624,0.01859303549580685,0.6379277096586259
484,-920.594742444687,762735.464185794,720948.0217860155,117549.30839570568,63459.76610924954,55028.485273057435,51961.37740774842,23794.120297936035,17214.444628481957,2505.086016780687,3274.2236633050816,2342.3447369896394,341.9006798716764,1060.7091868206758,141.39939924375835,27501.27588525923,51757.55860214286,225.2531817278618,1529.4718138820808,4799.175581878096,1584.909615384633,4.758928087804917e-06,5.4065463162196155e-05,0.0928877291545999,0.016359049222901212,0.023937126423099916,0.4443905766390036
485,-1027.2407775600373,732206.9322756092,684043.6886146648,117647.07837262796,64852.68549946593,57733.71103628651,55194.87137444214,24934.826712455397,17585.51748737422,2416.6540520470767,3395.880346936342,2396.425843477737,398.81441435761775,1056.015639799209,113.56159061212715,27976.42144814676,20726.841733389032,204.15508117607394,1654.6274367229814,4773.165095961628,779.8593169762636,4.36375169067832e-06,5.468726371979204e-05,0.0944818078158857,0.014131997335242308,0.015779531307054336,0.4813764397281424
486,-713.1803523957742,768821.7677873231,733627.6917375913,115980.46963950241,59807.531126871785,54489.99947335267,52016.33303544336,26665.671874576627,17273.128479620966,2245.2745211857364,3196.8640083212717,2152.411727160155,189.90048184708087,834.7394177318414,52.473505628844826,28088.766800726222,28616.238546262673,181.13752382890274,1660.5992802895762,5111.27520674734,1141.2964072303425,6.613434313558108e-06,4.749327455090658e-05,0.09203438883926694,0.021048384335371383,0.024959598977126213,0.47665699956867597
487,-623.5218778235007,753080.6506651455,713313.7056205206,117155.60653401208,65208.38556364051,55728.694273424924,54002.25948346312,19375.539883994792,17262.95372401482,2336.1366940716866,3251.7229899346057,2389.421293347364,549.591528504998,1260.7843485218323,103.89933348637676,28542.705254110842,26414.99637640311,134.51039506706303,1459.5021491291252,5123.578195454808,99999.99999999575,5.411879141295667e-06,6.640561989545201e-05,0.09018588798831416,0.012314537076026507,0.018348555632623248,0.4422506968673412
488,-1018.3475714477548,782398.9294893615,726579.6741817124,116525.06879015318,60429.28024408642,55377.04595205694,54797.557891160315,19836.0469421914,16870.546745568477,2472.739509414835,3429.853201944343,2420.393870939718,269.6585917885174,830.2930955153115,79.86590122949934,29169.901640361673,18924.17236536319,41.05814053588696,1430.6183626482164,3708.702678545569,99999.99998380693,3.016940058580285e-06,8.580636545474521e-05,0.09610005374896458,0.015666689486451054,0.015962327836136662,0.4112724497804855
489,-834.6626761688392,737247.7926318923,697565.8305935137,117792.03570750523,62704.89475406495,56913.83716451003,54175.828174049224,28123.993881124927,17872.292119624766,2282.2091922694203,3294.919578842544,2536.91584810778,511.18322610270855,973.3333390092788,133.34529974789316,27465.09219029191,21581.552238415952,198.6342203723263,1337.1040743037297,9344.115359985888,99999.9999966999,5.466937335894691e-06,8.958309643172336e-05,0.08305049617397654,0.010849774507727368,0.022302959864392326,0.6031900799996922
490,-779.4626303630259,775664.8956337463,729836.1341943796,118249.65474127771,61735.77731008117,57335.22713384094,54157.21255528801,28599.45040647582,16927.672854799872,2270.5104963993294,3368.9470526671903,2401.9339082865467,233.74325827585747,812.4901856875479,154.8698664636459,28016.95658773868,25951.494164322197,235.33798783963368,1574.505797912775,6573.412648070165,1893.4314836634178,4.1656257458192275e-06,5.930342352555846e-05,0.09125029796290762,0.013056247014712299,0.02143342236775316,0.5888719342241139
491,-814.4588824838918,748742.0940593921,701935.9008992376,117403.39629744316,64874.03929169147,58905.79380682626,56305.289998074244,28835.35178535248,17605.517380786896,2483.6528072126116,3235.7692042038548,2285.2848880614515,413.4774013999665,1145.3868561577974,136.38011928736896,28876.988758629566,22747.066756606408,199.9183805602803,1442.741251233307,5625.3121107350025,99999.83943201031,5.011306903939522e-06,8.261461547449834e-05,0.099722764516917,0.013150062979287173,0.014512270329949912,0.5634172262157886
492,-630.5504165944515,748826.6310845261,701641.5781302705,118057.04268207631,62710.598217343315,55381.35165301442,52509.84235197823,22756.340092648254,16969.19695068927,2492.243202812623,3355.1033268792225,2327.8600395088843,461.95363348161834,941.804293705824,180.191136103277,26635.054658061188,55082.60880314968,220.0420895847987,1735.3435297826074,4711.877265790329,6297.798414521515,5.28161130618802e-06,2.955670559281456e-05,0.08843740420102006,0.01526456468719293,0.015431944932982002,0.4466376472469335
493,-789.9303178032051,747635.6862941541,711477.996963786,118246.68922713278,63263.9187383166,60580.04185276823,58354.546207132174,30399.820740382256,17374.12688344768,2195.0022655436956,2956.1234211239675,2323.8449970662973,429.7848067664677,1156.5443356201938,123.4786172148971,28258.72430964312,27300.498117973428,190.6669734955821,1510.7106966743272,5115.093885594267,99999.99999769413,5.7354361866707924e-06,6.519321869562014e-05,0.09215012726529796,0.009923721209651234,0.020173966805643605,0.6620663847590461
494,-645.7553182047648,773710.1611057206,722840.3149521917,117288.71382933823,57461.25422890437,56074.810668405415,54602.02347872603,22900.09072108763,17145.667692664367,2170.4948325994565,3655.0642300837208,2890.114516525941,92.82911608543183,686.699154653159,89.11579274572537,28615.720025557268,16941.39557036779,105.22053719902644,1517.931641592956,5428.827607738619,1035.372592032853,2.72648557501185e-06,7.382518385319046e-05,0.07942374664281977,0.008318671160223504,0.02293556786894616,0.47872893250343995
495,-696.5257795765449,715963.7508388709,664435.2336005789,125200.89981291805,71512.50079585589,54697.35159880077,53381.832887163924,16588.211266988157,18015.77723121882,2474.7828559014542,3376.934013241118,2268.8893884756526,742.004183086656,1630.5177941022707,657.9336969185707,27229.745140945088,25158.162297482482,96.86812208427955,1396.5954060678553,4824.633812925352,24694.30575104453,3.888964841667095e-06,7.218328863452371e-05,0.10211429624277168,0.009833541387725356,0.020126491857863107,0.4062821904290315
496,-708.521145284352,710893.3903356149,667713.5107433127,119364.89788172263,59628.032276735496,54209.44112679489,51411.971391527106,32413.532433165787,17752.50033099777,2465.4420677109274,3290.424304535108,2435.140795210233,260.13907561232696,831.1119209219415,254.45116118365243,25864.165433827107,42559.01764030723,210.289160868702,1906.385295938196,7306.52821396909,1364.217035656199,5.25256778449635e-06,3.2409294814356325e-05,0.07752593496262489,0.013455944183884102,0.015273969448540573,0.6848104719070944
497,-838.72986949168,727080.6999991963,687444.3718714372,117753.66557953664,62370.77769832409,54475.46356377808,51444.35279483739,33780.82920862404,17733.062391990396,2214.6016949480754,3392.401886106991,2303.8650956198176,492.24640497661755,923.1825959348598,169.28383299660217,26908.952383163632,26804.664908239945,221.43433567733965,1457.5886417609058,9850.63687401317,702.4559394530695,5.278614956841384e-06,6.744180021283106e-05,0.09941063517606943,0.013231485655389608,0.016438938053155785,0.665218322666025
498,-675.1476947708411,761982.0403939056,718873.2466743331,117346.52741296914,64797.17019018331,53948.49501887612,51371.723062145626,27041.961734466662,17183.64620148253,2219.662166541868,3224.7126556734593,2434.7949744211246,485.52184452059544,1317.975896891471,115.04752589654692,27728.393981331672,41597.773783699224,189.57928309280464,1499.0268611708782,7105.866062684246,99999.99998275515,4.187683801929462e-06,6.844638651160549e-05,0.09747741221257286,0.010274619279042664,0.024692824663452097,0.5755608586242602
499,-874.6555533438766,731432.5817536772,695630.6970458188,119467.92099000953,63594.099109255636,58171.98920684464,56518.89562814281,28586.402632472404,17725.9875208491,2217.065213518671,3162.9118851514327,2503.511777840262,473.07136794289653,995.5462147858418,183.88342376649078,27509.35515473922,18742.72525706135,122.55694862270387,1495.7443800960452,8064.658165709834,99999.99999999967,5.231371084842697e-06,8.18983763038313e-05,0.07745952080228591,0.011219692948349482,0.014382011500373923,0.5676032599274814
500,-1114.4977643505595,719978.3854280034,650451.124827651,125608.11250930226,65624.4646944791,54914.01975798938,53705.35544417017,30827.353561979922,17861.024062522265,2879.4117873559917,3750.8373859453422,2647.5104067329075,626.584298226863,1080.9749606266316,788.2657499627709,26553.12869569384,28052.746428380422,107.10918910349902,1583.263368348493,7047.193892398512,99999.99999999984,5.832329132340475e-07,4.3862620280374584e-05,0.07841091308497453,0.0133202913696248,0.01552648744131713,0.6381623725062457
501,-987.3913285089925,769129.9359938018,717210.7285427564,117705.69149696545,60793.437751447775,56381.227359488155,54470.72155313996,26445.241951056352,17264.09185282391,2212.8084235423894,3671.688747129128,2622.415735990386,278.9205095827032,984.56929987755,134.3681375264895,27716.152520336746,36189.338481613835,152.39272637626254,1453.4552233647007,4175.021127047404,99999.99999999984,3.6803076804856748e-06,6.255849242351838e-05,0.09803213392448817,0.00639108600269685,0.021609490947900212,0.49987784680109726
502,-887.2207904218642,757824.2045131732,696885.3625330633,120633.43454806675,59384.8087967275,54152.06233496578,51853.30294978707,16380.265184898097,17406.211931655518,2317.8876910959434,3734.1249993065117,2643.034919044059,223.64670749286896,940.8083306519519,299.03656984300363,27839.617479021494,36333.10723541254,171.2613153802014,1582.7549025923786,3702.526955071825,3386.5409962820327,1.38698095908249e-06,4.2622426704578585e-05,0.09847062950029024,0.00820076594027034,0.014540063276891552,0.39236689306045014
503,-682.426745537646,738009.4079584099,699841.3798381948,117305.17165749661,63309.31473638169,59234.61336534249,56851.688716498225,28614.479384944432,17657.900150459896,2336.5434731391415,3040.5573387623485,2337.3975757615003,469.08601647975183,1010.2085644970472,112.71834717526583,26993.475031772174,23281.129451602777,195.66406638482835,1577.17022060709,6907.463184914425,2399.2299415141274,5.313840129558858e-06,5.991603042269686e-05,0.09825766591576544,0.011627501875379455,0.013766017023012398,0.6080381301336962
504,-761.4026261921481,734178.4751052947,690455.8756892984,116043.18540892759,60621.77115226501,56731.786418189025,54673.606359292666,38050.52996838576,17430.174557950522,2376.5490138816226,3168.2843637117817,2498.025746496749,288.61668592024444,807.1146994876909,41.526629642782964,26475.936914559556,82204.31335801505,185.42605146596685,1778.1066744976388,14622.368200533674,987.0003742868181,4.8354198845104695e-06,1.4955653019361668e-05,0.08954307909887041,0.011940431495552614,0.018425332188237973,0.8630153057789285
505,-775.7738844625242,739010.9843223538,700607.697130961,118100.81206052362,62041.906754663985,57834.87241329071,55088.68548141942,24109.61020954247,17602.963302727,2303.147622064289,3321.1134699290897,2431.173872620003,350.2905732750651,1066.527618151504,130.14914956392653,28032.408290755684,28485.520032049542,198.16826119945512,1289.8891680824574,5522.539767429397,1395.8806466377243,5.473587735283558e-06,8.316993015786901e-05,0.0866937786767233,0.010966342506847056,0.024056515726167658,0.5320596726904132
506,-691.8590600718555,756979.4207991762,730089.7846585609,119420.22733989666,64802.80164777894,57930.65742649177,57257.762174057374,31008.97106730357,17338.059735588064,1848.2941502504739,3229.069661614562,2341.0727866351745,447.0824571094397,981.4189184652064,230.9059052013771,28144.002334079403,25494.508941476743,60.565333881771544,1505.6638545423218,6463.65832326346,2531.3763474380257,6.142574858890241e-06,4.61020780814768e-05,0.08584783262354231,0.014151123295425025,0.023629715205175508,0.6586081976059225
507,-658.9153894100054,731830.1710066984,678850.5377914557,118149.32299295401,59993.99944074055,53136.30066305983,51686.45616076305,10000.000000033475,17879.30635342075,2437.268813851552,3380.203010724564,2403.4442511863467,279.01584652865444,1013.8276617119742,152.68758919773114,27022.93294337135,21994.159262079967,105.4066758746971,1553.3035196740623,3779.3626223074693,7042.9583548749015,3.5802714501252967e-06,4.908260765459869e-05,0.10404588111132546,0.013252770209612958,0.01702849953068953,0.32851375132637023
508,-703.6060974482932,730991.3427881793,682723.8958312143,116962.18854767345,66267.67224015885,56665.483177156544,54233.80170300604,10000.000000050724,17216.37082551777,2293.8097321168098,3440.9448957455525,2401.911620794193,552.365912768533,1052.1222866676733,92.74220535017983,27901.16054831843,21130.134839233724,171.22560698783306,1434.0914813103586,4060.0036447834123,99999.99999918681,3.977702047310103e-06,6.52173333960673e-05,0.09179331975216766,0.01313593899810092,0.007683293502832653,0.30575969163619393
509,-792.790340012738,719722.3198497418,678140.7230480098,126655.47511717546,67649.53499160311,54283.81792315406,52479.981379852914,27091.40654947709,17850.45322834175,2162.1179747080723,3329.0659081719377,2575.0766262690936,689.6276581291736,1369.637794223048,663.5534274527872,27599.772512130938,28452.5749472871,127.13303475040415,1528.6091649038938,10221.0130249757,99999.95045127367,3.94148538645788e-06,5.9151909608653336e-05,0.07378707506441061,0.009342643525642258,0.014419923516261614,0.5776192568997859
