sample,ll,T_NDH,T_ND,T_AN,T_CV,T_LY,N_A,N_ND,N_Den,N_N,N_Alt,N_Cha,N_Vin,N_MH,N_Yor,N_Los,m_AD,m_YL,p_H_N,p_H_WN,p_V_L
0,-556.1419339654175,754323.3327936836,714024.6987902522,122711.74391883837,62416.39771895867,59458.54268043946,17307.031720240833,1633.1316728803085,3563.485405929297,2527.7922833010007,415.13578727024736,327.98263562054785,895.594285615655,31443.771815758577,10387.513623303797,936.2870540064887,2.098622945333669e-06,0.0001402088289022156,0.09656143965538402,0.013320866681807365,0.029530038619375858
1,-498.3855993343347,785795.5621381828,730913.9882116852,117799.6620643317,62573.297924475555,48000.00000006742,16900.114392707186,2607.985601790248,3476.3911252991206,2555.678453470926,133.47475326305891,321.2758836927665,957.8418763318792,29810.827347511036,17742.434970657716,863.5233521157797,3.9526452800708806e-06,0.00012760153665500993,0.07814825075359653,0.010346250627671447,0.025458116363777247
2,-613.4287322840966,735934.1217919036,697321.786713094,116662.97459140925,61140.617734486965,56950.63502724994,17827.56663231543,2000.481853206491,3421.059286705074,2217.1342250846533,100.84030647635531,377.3330223988015,1143.7216929388017,29351.22581446662,12171.33953951136,1015.3139829325145,5.223020456034743e-06,0.0001239069135409248,0.0990574145606698,0.017488225179042048,0.028909842398611236
3,-520.1487158197701,714008.7566032714,676310.9682146265,117438.73018136589,62304.6362697503,49871.101141786894,18048.450860778088,1596.0755484264205,3744.334000213009,2498.114942094856,130.0477142239986,355.50721105024263,1120.779766761793,30868.07582420733,9560.915618490842,749.5395620490862,2.183127517235008e-06,0.00019669077465221143,0.09521004705159865,0.010938818928141811,0.0245978884963268
4,-465.27266318648174,784896.1543357313,742996.1207939464,117529.4811742707,61854.09841878301,68920.36058075262,16987.57596742078,2473.910658539002,3122.8990403929965,2392.5991919345483,128.31142826612566,282.4761596859984,874.757335307787,35222.5718484691,11211.910747071357,1006.3978856841233,5.6631722542906625e-06,0.0001513018559767698,0.08599335627532964,0.013533240356918627,0.03197825231387521
5,-532.606200800517,775365.2883670882,743459.0200881133,120291.60646243983,61524.361615446374,87725.09698667531,16950.063337878953,1569.6157409817047,3381.316434895657,2475.2129902299707,362.71618510521955,323.79325423273406,913.7687393884494,31899.907198446537,14705.109247228635,1461.2858696573505,4.032110089338799e-06,0.00010894816240058075,0.07734332188156334,0.018906826683573484,0.026537240740468232
6,-367.8425821688369,769283.8475330478,753139.3492408318,119465.7743659431,59479.15476530711,67588.24217385575,17330.448267155618,864.0793040894583,3189.978376821411,2769.212752853887,265.5605771763201,186.66805440120757,812.8974784670879,32217.7288277133,11969.732033059334,1057.2012555257427,4.939303887254069e-06,0.0001287818141476336,0.05310898566781239,0.012088266330315208,0.03158659150901239
7,-645.568062464178,771679.4937227071,719440.2078031227,117571.03784664892,65986.31704392661,51736.154056101244,17237.66099786459,2629.30474935045,3484.3180873349947,2444.588571638443,110.35679765816171,604.5268856775507,1186.2446912174055,34051.84395890706,7892.095179657416,726.2221555408236,4.802727682568229e-06,0.00022041243750060664,0.0863080837383691,0.008036499081560008,0.03580550654020652
8,-495.30020666221907,749037.109239694,708578.9805781473,120102.98388759657,61635.67000758379,48302.14695754048,17737.909262955432,1759.6143876550323,3544.636566065264,2537.9929662921577,297.0553932307197,345.24572497781577,1148.7378065400453,29638.976164259308,15327.227088957243,871.3653329065634,3.1624333639213084e-06,0.00013124948881838874,0.08937453269643517,0.01287332277326247,0.04176335337296303
9,-616.9863900057517,744784.7763231965,722561.075813488,118735.93056291944,64718.35323006297,75079.30859183831,17585.990952220243,1041.5922311294137,3325.0975853582663,2481.991680960398,301.834966279574,599.1003008167892,1033.2864310211573,29472.362460258508,19733.60506815257,1267.9961654595577,3.6514622607108745e-06,8.73766699868967e-05,0.078998043475504,0.017086469040142355,0.02873522097017495
10,-550.959483150508,733842.4183767018,690931.0979922052,118936.81128234781,61564.423386328235,59358.99425753387,17749.168763732323,2014.4970580151821,3417.6487319838175,2634.3388368269516,197.67085789731146,458.73857467457884,903.8278387018743,29619.813569095397,11986.95914047121,988.5599981052505,2.956088987547024e-06,0.0001334676594699826,0.08813732782671649,0.007342057775359216,0.022009637570000892
11,-486.21324479052026,764244.2506077243,696291.1683484121,118027.96931616729,61339.36869399153,53746.00899789514,17143.188537066348,3061.111036414438,3576.491856684135,2543.018484916648,142.39492942425164,300.29710777651167,988.2955634168919,32788.133177672724,9792.765492856714,732.0017067831457,3.3874924344570794e-06,0.0002234349155300838,0.09789233673068302,0.009531359815924526,0.040768692740421913
12,-580.3856088147493,750093.7802156137,708348.2795863128,120205.19286345148,60046.505075011264,48151.06913712343,17776.573442599056,1705.4965116246053,3726.6337224832832,2501.888402058644,232.36289495600965,252.50312565974048,1004.9377590654558,29062.023113457766,12004.767555030836,821.0319909619919,2.5820828158324685e-06,0.00013022503435381367,0.09852794669347263,0.009816180068794408,0.03433081787227109
13,-551.9503915116937,749269.3300812256,723355.5833594282,117742.40768044244,65308.54002280148,54014.68744964527,17185.25701463229,1593.8755294749305,3284.9445591093204,2224.0545480473193,132.49091830115916,547.368619836569,902.8430410517886,28834.42387088813,15162.173703657207,935.8625537307838,5.713398468496668e-06,0.0001406978814773813,0.09676609687280566,0.012975021093959363,0.030958004327289585
14,-416.185710984875,738525.309403781,711742.6476994914,118109.19321828036,63570.88725810439,49389.85660096818,17469.533668567798,1093.4519001501685,3646.1491812089716,2636.3358577100157,137.66001065943277,397.9673290422882,975.5200313275652,29007.580344861664,11478.813215161454,894.3180666193731,2.3292819767625847e-06,0.0001236094849779461,0.09490216582797945,0.007402898943589063,0.02847875701662093
15,-460.9671319373322,740386.6736938724,710043.4840656732,118069.42979191194,69366.06012996896,50497.2432398242,17639.036211266186,1458.7728369434997,3185.633480995996,2092.915022558854,152.82493737701876,658.0142979584671,1421.9739465230707,31159.25169568933,11716.879022136332,772.5949558207949,4.589959783015029e-06,0.00017621316478327742,0.10613717533079088,0.01600408975819021,0.03458975768932926
16,-443.4839344337855,755534.9816865242,709367.0547943942,120064.40614195271,62018.843248887606,62808.47159270742,17674.13736618793,2196.93284567827,3539.3825699299105,2581.136420935499,206.71134770129245,317.4879140707435,945.2207131053442,32093.041981107428,10303.422318308702,915.0739879143724,3.449567093522776e-06,0.00016897474553642522,0.08320582682901427,0.01033592829620765,0.039514595600294106
17,-483.18226388365696,753790.2995309584,723854.3731629751,118799.25274090323,59953.93815215298,57203.287911352425,17430.587974803435,1350.2439973694711,3436.376080303003,2712.1221161379267,171.43305681815318,233.18840654762235,681.2672557925508,29496.34605100809,10976.871483432049,1000.9426493109893,3.323987035565205e-06,0.0001258509860454182,0.07499294259100786,0.00898185423768419,0.027600833424884355
18,-672.8895614249861,728745.6491559887,641490.9381567424,117178.99081591825,63763.01626370118,48337.166196803126,17932.468846284522,4820.100980021342,3253.594691934633,2288.137975339472,134.70282366045186,475.42296078770113,1244.2217550475475,28290.18816255482,15205.252120287012,903.0773827811744,5.097041578383724e-06,0.00012818564288892786,0.08166993478127708,0.016708367181313535,0.026288796133115442
19,-610.4034905714643,742066.0565216206,675636.9774738383,117420.53898817295,67680.09563977843,52754.82135927434,17766.02488077547,2896.435014996281,3525.6947384033615,2376.0000902496786,110.73557172853002,549.4790096472692,1334.5507596964835,31554.017127789863,10147.792096634641,823.4647980424133,2.8613965617034994e-06,0.00018934179967913646,0.10296665717230313,0.012940581360629902,0.028804560480768123
20,-314.1138060035905,783091.7546365793,738281.2211959732,121117.61475729822,63442.59391589556,51039.66779929347,16822.683010973273,2148.961403147756,3500.0003366374294,2606.5356589238836,347.54881917775964,327.2724976852708,939.2165081613449,32524.798847543774,9001.161782470715,783.5808563222407,2.9968318499207325e-06,0.00018853725969042705,0.07652512555420145,0.011298908963970494,0.03282508750244297
21,-601.2424676042692,785597.5182770538,771558.4663965985,118252.68052013934,62326.85909344559,86296.26302842268,16800.062148916728,1259.041565492302,3087.880456394728,2507.78346884665,160.78212556098467,351.0077755353006,1044.4016190994992,35319.31701306782,10569.657504971407,1210.2374036305434,7.040872059585554e-06,0.00013050919967135698,0.07071928432883116,0.00847563131970788,0.031190120271810673
22,-497.33675010547915,773756.2162601425,737827.644995723,116432.61795545604,63594.816216096486,51778.92895793611,16893.442977406678,2200.20475213586,3322.3949412368697,2586.7355711981195,61.720242971570364,514.8780251592706,1030.307539524094,32084.732836469113,11022.172717054735,807.6034500265553,5.672369773769267e-06,0.00018528106598735987,0.07788666148895251,0.009272677082720112,0.028835308290454834
23,-459.3568506850234,727771.1090309162,675348.0065159402,118428.66554886689,63394.652368583316,53916.68755694663,17740.98292444529,2831.7156856485713,3389.2177018939337,2425.4096772557664,178.20994809062157,421.31975157023066,1006.0823340228584,27937.342464006437,15456.655946980442,1004.2752691157581,4.831578225811304e-06,0.00012461915362717724,0.084053933377084,0.01516176435398188,0.023534178684653857
24,-686.2209005857162,741131.9073352929,719494.8060206282,117208.88771118794,59435.0387798599,48182.884749002136,17600.716375356205,2151.791869752471,2657.0879373521752,2521.8723720935855,97.58326279573983,228.14348061948456,907.7005040211003,26803.526250457886,20641.141053569077,1003.7774031571302,7.945038181377404e-06,9.181031399833623e-05,0.05282623062162364,0.011080667353442122,0.026393932675856928
25,-498.3951513964556,791635.5379687839,753029.2824165091,117409.02949742164,62344.64422141331,48849.56841101216,17078.134540517596,1855.8454179918174,3340.9278131690453,2437.0881537060527,117.55079155549433,355.69061148788194,1147.9564238273442,33530.244649603745,8017.170422639133,715.5423190163706,4.758825376662451e-06,0.0002123096289396271,0.10123701622428953,0.009005543708435015,0.04078070241026349
26,-627.3794250988005,689371.5952558955,657258.9905479416,119307.20154126869,65356.089053285876,49388.56397349907,18054.958970689546,1388.9827705028542,3423.5066504211695,2824.6556324247244,171.16081472495873,521.0123410577048,963.9191480748241,29363.77967307134,8692.19969747498,735.0751276498528,1.6519629049636045e-06,0.0001758803109772027,0.07279166641139842,0.005703018220471069,0.030075637356597046
27,-400.1551155822634,778937.5774140456,745274.681583036,116708.10841998781,63635.002891989025,62878.06018095495,17024.08786340024,2079.2660983735086,3207.5645386622964,2414.6376196179435,91.21475437467267,483.37883932580854,1238.8300750774517,33995.36705396836,10392.009911734873,966.4308059404252,6.300041553755079e-06,0.00016888872395167916,0.07989205579015948,0.014143071725710272,0.03376463680652551
28,-383.59806425099964,790508.6891929129,755551.7151978627,119321.00551674385,59178.18305230917,54469.631627951094,17036.162348707017,1851.1927925253506,3502.945968716372,2642.5937184528716,250.30335916132336,167.19512905228083,705.8243650000562,35023.281047400546,9245.90295982805,799.3473811115224,4.447234375221823e-06,0.00016576289462029328,0.07359729532478908,0.01062752563197914,0.03133941662366569
29,-507.8117624225124,734248.1199338657,699707.9467294491,116650.13720052327,60219.57761408746,62188.16616792274,17719.98968490439,1829.3605928068969,3144.8835723455795,2431.4651687489454,68.67370872466182,259.12613511494857,778.7161260824817,34069.91335825784,9005.378206850073,831.9708963685947,4.593346836193677e-06,0.00017635105470435126,0.09302521267882428,0.011899821798019078,0.02921335594513739
30,-498.3073994690465,735997.6851427493,704786.9447981545,118827.55896544618,61102.199574422826,57775.772763009096,17883.25202481127,1596.4301027488104,3691.2676164073255,2706.24195171338,176.72392174572704,308.8892965098243,892.0487947703024,31844.839196431796,10515.586819693995,849.0122557369532,3.9627584334950356e-06,0.00018216685569727938,0.08047824886553805,0.008805089276056383,0.021642361831790174
31,-643.3101853361625,738415.123897878,691532.4711160127,118388.38414600589,62050.8916854552,59655.85347784356,17838.960227607662,2303.1003018750102,3246.5708069641196,2409.6893544096038,188.21949845623294,407.24612180728036,843.4592084047877,29551.854444106048,16169.9946163455,1040.239005430123,4.1080090225162795e-06,0.00011695489939376989,0.08660013203676163,0.014955954342216147,0.030307837573068378
32,-565.8313385667113,820600.69700865,809275.8527247977,117090.30542131588,63074.11370011532,50024.10365653368,16441.920264061282,707.4832786867947,3246.6730674003015,2408.2658271111823,105.7888172410214,378.98611020426233,945.702857562017,35758.8814357783,7954.245858098303,783.3547466368253,5.306753945007625e-06,0.00018420855778983008,0.0717910217436158,0.01573850237686597,0.02722626643214729
33,-524.4817514083895,721493.1924401225,674242.2660909898,121275.65420349389,59200.26383366673,48109.432314699494,17503.611616555325,1927.2602930143191,3565.595840863199,2777.940879941048,362.1477570829957,183.49174556936848,685.8805205887719,29706.1836409622,14789.947505644575,775.0245117987045,1.2725309495118106e-06,0.00014907874053593574,0.06407346648180101,0.012291366742700564,0.018513737977612393
34,-464.3213048335509,745052.839948932,715710.2795102375,119085.52040193563,61712.96248098743,51632.76748846976,17853.927920453523,1264.2775580081989,3811.31645937927,2600.237386608308,212.93945727542533,369.85993692521816,1169.6303768882447,30936.876935573346,11545.765679472172,882.311368115788,3.3636189816687465e-06,0.00015849440190111313,0.0944185511414401,0.008629617353225436,0.02033224532977008
35,-471.6538501420577,770475.7922043887,733793.5061762761,118538.49839120235,66343.16643186368,68001.18469687963,17166.107040623374,1750.5504484456826,3490.451126717292,2490.5690031163363,186.15797885120864,700.1541563115653,1234.2090127215786,32444.352904329837,10524.48631664598,998.5662379393275,4.104607458725135e-06,0.0001525285150761349,0.09348484211036522,0.008445052293609536,0.029133125512058263
36,-621.645644551583,808681.9594570539,751840.6898310711,117554.9714756894,64638.39924134968,94723.39975071591,16636.225500509303,3308.5200773829547,3276.43182387284,2370.6896594086006,114.54986503213419,618.0267096340586,1138.8376089283774,37757.515632234565,11831.39596005694,1231.4727994609445,5.706744313900236e-06,0.00014987541743123508,0.09641803171111374,0.007623029121214124,0.03741949267983872
37,-499.7743092454689,807767.0318468744,776219.4275202756,117508.04389525013,69923.9359617155,79836.47836939356,16601.86637776201,2369.652142404397,3129.15268058611,2115.1372644548287,129.01152434257267,660.0867658463734,1675.3014156747026,38664.37597582458,9143.479569732943,1080.6719769434571,6.842239941879199e-06,0.00017038170985144392,0.10683761744161743,0.01597176011695592,0.034819612975863334
38,-559.5320357650537,739222.061580901,702590.5066811029,118755.3085602751,66439.45912364543,54287.435283907886,18070.047526411556,1933.2844590751274,3380.0825796721574,2465.092732324456,133.1124699184125,574.7573510133448,947.0696335798297,30267.18891604187,12929.141349492373,883.4356988462309,4.329002785408064e-06,0.00015211629210994923,0.10294615048852135,0.008479501549170106,0.03445921931064269
39,-475.9023045058218,733658.1801537005,679157.9820043312,119393.31579852175,64969.53631806476,48350.31689424405,17360.45447792043,2099.747663512525,3593.868427179692,2625.503021310935,247.99801516211028,398.8989994762687,1012.1162156546768,26389.14523358862,20353.326862100275,992.2153505970145,1.7778993794032147e-06,6.511702321306925e-05,0.09126227607121788,0.010408202006418905,0.02822527340264485
40,-517.0332301836318,795408.5165143203,771017.1780647519,116847.26173370259,60582.25648275826,66677.52648794228,17155.27425023632,1584.8292894226759,3055.0582098752297,2420.498639553403,79.31857832058331,240.18969337635752,889.808932244591,32766.65173404109,12956.387842796394,1021.4357778102631,5.577220622565481e-06,0.00015406953199315228,0.07916148664198959,0.01588260591423567,0.03463413385312433
41,-472.4592368997643,768306.916389856,744066.2779016838,118006.20964738932,62281.11890496143,67691.56948041932,17005.645598719308,1596.6597725742206,3221.3588189133193,2558.043704610748,112.30479475914575,386.60355287293436,1008.041294819024,33798.18329414772,11065.836923081977,1010.4956282743461,5.782753582572004e-06,0.00017989627892827585,0.06473550240071857,0.009811673189484718,0.03172249649903508
42,-558.364558082324,760291.7660940496,738534.4630558376,118444.62790244634,63419.98016274716,75373.1394653109,17502.313246797974,1402.1120806503905,3233.895342862448,2419.6339237531806,206.24750250471538,460.35003717123004,1151.1624810342853,31984.57026689779,11438.707533600726,1173.8948683859912,5.829356571230475e-06,0.00014317205298312993,0.07890207285909161,0.014612061822003971,0.03347806257403393
43,-526.1241064037881,760390.0682763449,687937.4624377837,118084.64042732016,63483.858385956446,48000.0000078685,17359.737910454063,3128.16221416992,3426.473626299011,2598.6270641058413,145.18789279552766,379.8612568904826,885.771524063909,29220.468082841813,16151.070003168117,846.0337619505033,2.5099605116534983e-06,0.00010088583919432317,0.08643555299618379,0.013933190659206734,0.017103549860193277
44,-493.8011832716875,782884.9955704204,752723.1510272786,116621.49790976607,62463.74581097731,52670.25949361768,17268.941677382383,1932.1057037617268,3177.8872931316346,2282.8837944503666,112.36855414624496,342.95286231654626,817.4646931369412,32360.042499650048,11000.843839702562,862.6479324101977,6.228812155547957e-06,0.00015462535573147087,0.09802218597221828,0.01655851261137283,0.027900757747269498
45,-467.09066525911385,706767.5777943174,634609.7582422179,123286.30948582338,63453.600713819134,49344.227837532235,18269.080233147175,2620.220263017781,3749.9714094757023,2681.265987653546,458.35873076701995,462.02453182212537,878.224423224,28381.11368213529,12411.982830394034,825.7578391450551,1.0000000016020697e-08,0.000154666632303603,0.09035786865040543,0.011832290813825606,0.020115225869550328
46,-590.6540918774881,763706.5859345782,716091.9957738445,118077.21013049255,59492.05408877954,65784.68585451269,17479.014365597246,2296.8625488920243,3389.9246202490735,2660.889526714011,150.8302054966024,192.07948783075543,772.9621292603681,33748.067407270755,9485.094807065867,941.788630928807,3.7086719069930992e-06,0.0001707733004683211,0.07558621972918064,0.014165755304949252,0.03648527078167334
47,-575.1528709877625,782801.9728071764,736572.0309169838,119154.7270240654,66028.02726341652,51577.24183327492,17106.70132131555,2159.017788706126,3344.425392033308,2291.9679582105,224.05783511632205,587.6901408516552,1159.5477711465476,32821.776420907896,10661.757573098006,815.0755524890495,3.98125994106245e-06,0.0001576136141786211,0.10332455678351406,0.012585682988098673,0.03637496348717377
48,-477.68808124116254,773405.3783179456,716158.1540418724,118357.61915478736,63780.24758689561,60468.50316350823,16951.319142162716,2701.722344435604,3390.995261636668,2538.8961733354017,177.12092216620832,370.6883328707132,1014.730950950738,33155.901529879295,10838.059361181484,981.3799792598259,4.054634610558527e-06,0.0001451877365905871,0.08670213910927023,0.011810155549822962,0.029512575065178268
49,-531.4020789691042,756378.3150831674,708553.6240896434,120257.5740490459,63796.56619469062,58887.671017424575,17153.42305840085,2631.7005417010596,3202.618154000032,2474.9266643282617,244.12936653415156,515.7353312100781,959.7111113330283,31724.932737517855,10606.407886408106,854.9849335980537,4.888515756120312e-06,0.00016371818547590398,0.0693676834272704,0.015689796356046906,0.03553399028251775
50,-473.2187371636874,715846.868348812,688673.923235418,117350.85966820404,61260.161398928794,52181.653820792475,18086.726045117477,1257.7829846689783,3730.0988458643797,2411.1347611194333,102.54714238229442,284.58084692425797,1033.8611263450418,29762.49524288678,10011.11443066229,823.9422094073725,3.1847524955109537e-06,0.00017343759088529588,0.10836606866798745,0.009507288448706977,0.038561491609206036
51,-438.4518608439955,711796.2962399619,695664.3600388966,117848.52281985454,65423.664622614284,58803.27155454278,18131.214817173313,722.1853122412269,3630.6280190080247,2557.7838411096814,145.92949215568908,617.3858239570912,1278.2224357622654,32814.90265277381,9293.504119863926,822.7982021391584,3.066328225331171e-06,0.00018730502836968797,0.10208947494281399,0.008767019356342607,0.03621848535447994
52,-411.154088508746,736056.1531682739,706901.6799580695,118526.59499226941,60226.28456467242,48599.69568463978,17999.186900432356,1572.9668120314875,3468.6724295754116,2589.417596993834,168.82922410756728,273.6023110070551,877.9633953964145,30852.061096857036,9869.288978295037,805.1098607824359,4.518971991728565e-06,0.00017913839360058422,0.07670701557680833,0.010992165026952199,0.030674666462835933
53,-507.70568822595135,799863.7421419125,783861.5589407578,117881.82715179013,61938.14856744408,48375.533375599734,16764.258276158977,1498.7271105753991,2973.832991727375,2341.340839050373,109.07570276076004,382.1182328377259,968.1389962426113,31508.722679756305,14418.925413206282,869.0162894907496,7.46269379436448e-06,0.00013725120625509893,0.06633279407354818,0.014370942757529724,0.02010245084994997
54,-466.68980864914556,786316.8222145076,742528.9447683865,118027.24582024971,62703.52696704392,48000.0000005027,16950.204976791287,2134.7165840197613,3260.7773026047794,2346.875829708288,125.562543145037,351.8912183116105,1050.7029892279024,33142.04563224431,7859.20150652398,725.2375920270368,4.473301740489285e-06,0.0002097379549296736,0.09929740635880192,0.01365370919896771,0.03488972156041875
55,-491.0417777112912,733065.6311590244,683451.0662283236,117705.21351219453,64255.37648460933,53124.9373897381,17912.096073449695,2528.362915476183,3403.6263588536012,2268.934403982186,172.9542070787465,608.947929343115,1250.2814507713222,32254.246473289484,8956.91149392569,797.2311526525015,4.239102477237378e-06,0.00020401038060456451,0.10646800781045211,0.015291155736186697,0.03404674814663918
56,-435.4803232204023,783591.061472025,765030.5039847826,120155.52086678597,62606.347444764324,62845.43400387173,17043.572973568993,1045.1403144275291,3320.926527423777,2645.1501966469027,265.86574567424435,422.5456712529719,1047.8413506598013,36378.96218279839,8576.131177609175,808.5853177434695,4.611226596026433e-06,0.00019752372586608592,0.0769921077783968,0.008675682590024063,0.03560388088658782
57,-586.9460941930861,773696.2015139925,735651.2593829362,119420.1328516377,64637.56944506491,60000.66098174633,16933.536748724917,1808.6539672084377,3386.7994319582203,2585.9656703993,216.40922950188124,464.4416561965334,1013.6669334350246,33050.0129032561,10913.614637907684,884.9878433885171,3.972563821908134e-06,0.00016125744768450288,0.08900065980540739,0.005602482335169438,0.03501723443151107
58,-590.7518534500294,761986.7062387149,729652.6115431809,119397.96669861187,62557.43877920694,52444.2325780752,17266.827190134994,1828.5130192713095,3156.0044507318303,2585.696415929519,205.32825358385142,401.8190197851041,981.4919039626037,30579.75427144535,14386.981760974906,857.0534165630064,4.825278602959211e-06,0.00014183286664298187,0.07431647161394558,0.011362084725334447,0.030234835394148497
59,-551.9228544107773,778625.1258239308,721069.4574543033,118412.4449386032,57800.640638716424,58631.61473462667,17255.932038595423,3297.712171794337,3065.77824934204,2676.977362230684,160.6645410564275,126.63435829954184,808.1036811623718,35948.562191390345,8797.262682343886,805.2865944623285,4.950539880839978e-06,0.00020136073812928915,0.06185090584193148,0.01098672222068794,0.03905791567331309
60,-561.3204436471709,727909.2043270261,711339.8294796495,119353.64006636481,60907.083771214064,53455.235848069075,17405.006217965743,955.0168777584032,3059.610516133837,2577.3430670244197,258.2336571979657,253.12547000929436,777.4119755672632,30168.228035001102,16936.084925174302,871.7085820342056,4.950463587557811e-06,0.00012896991793372135,0.06466871268144443,0.011645960609520145,0.03378566143684582
61,-515.3120319857854,763859.6690397548,723787.1470468275,117575.47351253059,61712.603545666425,84715.45604547484,17630.37791417673,2190.7986654677416,3291.345951272552,2515.014519158394,101.61693433401803,299.19205732524347,1051.5816121750968,35778.44798402871,10190.699244513775,1215.5488599066364,5.111666849337835e-06,0.0001650531879177819,0.09174148418376513,0.009694305816317639,0.038686673281758635
62,-602.405380797923,719365.184491583,705273.5447959511,118957.11278339037,61097.49792014669,57220.31004613888,17879.786258775177,756.564577042704,3175.567501917709,2692.1712168483414,176.7792340792287,361.79101087237655,959.7924309221371,33268.50947171803,8221.549445961507,765.6262033826741,4.482654777111497e-06,0.00019633679146254906,0.07458546969109581,0.006548533292020782,0.034997105740232716
63,-636.3323469736257,725234.8941680714,701285.0618788423,118689.39873800027,62505.45070683077,63048.60457649123,17921.62871040646,1522.09904230306,3110.3487694553323,2390.541493519281,192.16000371446782,343.6860733898248,865.4871188510248,30889.383041044883,13394.133189669154,1028.963297321526,5.63467079397989e-06,0.00014206598439285348,0.08075467352888611,0.013422705661297293,0.02933997078238495
64,-557.6570734618448,755324.016652754,740758.3580701686,119533.44849301309,64734.73760418062,62219.64951890406,17476.803759846876,683.2585985307145,3470.007267176794,2417.5181725249276,224.66088286419733,590.526948783199,962.8189392562299,31847.37539647615,11790.015401853985,970.4071259886199,4.118937222699249e-06,0.00015478856137967454,0.09837111315200593,0.009965924595091843,0.030299645538792337
65,-479.9380180063532,749360.8863801644,717636.684200584,119771.51727592385,63656.23445419083,52297.927234202354,17940.57291505665,1379.3338846443567,3359.038190102155,2570.4254020381354,275.5632417029925,487.4863960141048,1070.0427697218752,29279.788267996722,12136.682035165226,907.7740758995262,3.4188360849130297e-06,0.00013777624022892425,0.08487782397530998,0.012994531449818198,0.02809529019370395
66,-543.9124951081938,711989.725380123,643115.3521577063,121453.61060554668,60220.769596572085,48000.00000002257,18096.336529855023,2860.86656913821,3613.78521705074,2515.2073280340032,454.29440280083696,233.48405131779145,960.4558695641921,30546.611237637364,8715.527137588684,732.8419346828218,2.0768983176567827e-06,0.0002150779540525022,0.08929130237714124,0.012743717930520175,0.04044101767829403
67,-643.7724973320403,712235.7075277071,663763.8258006615,118110.7477296334,62797.866037564025,55739.128663600786,18120.437283030773,2410.4255464350913,3322.547098604459,2429.488083061754,155.45972418799417,378.8680461887581,945.3600507078432,28980.48413390225,12522.509674769313,917.2687303618237,3.9037834268178235e-06,0.00013359617116325833,0.09694603616976585,0.013487735376166331,0.035089388820814214
68,-472.9494829648899,786993.1361108479,763926.3649372879,118725.68837825423,61878.24093427053,69241.60472041955,16942.89345290609,1191.958543802594,3455.6727336861677,2550.1288624624362,244.15041736257834,299.5145904970533,906.0674834436974,33938.67191823509,11067.066150898407,1093.6180997486924,3.997669505349811e-06,0.00015184852537937556,0.0876002741135798,0.01208750129086024,0.027265121860938043
69,-586.099523999386,726917.5780055461,693666.576029754,118308.1882704018,65576.76563319165,48872.987257558394,17970.16957955978,1479.5097207231086,3493.340704166656,2607.494734582418,158.51436139144747,603.0558357479905,1036.6165062381028,29877.149847462402,9981.6924481976,743.4256901973832,2.506630195143876e-06,0.00016595505888368313,0.0893661980974295,0.010211693592019818,0.029369569421565128
70,-537.4788707703552,726597.7300879603,683733.7906771143,121207.8672954881,59858.676639925725,54935.94675479792,17504.272335031143,1786.6243844764247,3658.5814191718364,2799.7446815460808,298.0624872140397,191.17045736583538,705.3056165542359,28141.851430565177,15920.094360987248,947.2301545957224,1.5807356365262032e-06,0.00012036232694604768,0.06563174491843272,0.011510429683071505,0.03715165571214812
71,-577.9749337386481,750486.3798577554,718845.8877726066,118423.10425109246,60623.851651219724,60032.98445587188,17165.928839273347,1896.9922341944903,3100.4252394486957,2506.491020298067,167.50603298564417,276.58714024442645,759.2844178679134,32416.306285523387,10471.72281170299,919.9818156695584,5.247124834422038e-06,0.00017232599925011568,0.07413972541303242,0.013835076234109345,0.02364740254332456
72,-573.2809219287177,753213.184361996,727053.6089435861,118174.00111315717,63762.23930872589,50500.775933527955,17603.748643833173,1567.0558908395656,3334.324503556376,2569.194422995401,139.3848416664941,471.9346211533397,898.0259756325542,30854.52633447369,11813.003333435116,853.864747646815,5.1079412740520005e-06,0.00013988789378196703,0.07187371980747267,0.01216883378693495,0.034702143361035796
73,-541.8340016470208,741700.1194376505,685999.003414626,121030.78375117535,62387.86612759681,48000.000003494395,17844.604207672062,2233.2657246039857,3701.6066865577827,2518.882710796045,279.7436677438794,343.3476602321198,911.9338129696148,28850.390345914857,11907.711686214461,828.8280904942294,1.8765101584372475e-06,0.00014716457568678164,0.09596704171402007,0.01395681270191304,0.02622350176089214
74,-502.41903054544974,753604.7975929691,726971.1994958592,118276.53390414087,60407.20595685849,48000.00000177622,17367.36456689373,1046.6788359240454,3773.5820339447782,2552.805835737201,158.92012591947324,235.4854337859337,831.0898979522323,32072.324828410976,10605.563642943735,774.6429479667338,2.209281955137949e-06,0.00018695458590399936,0.08532766245186922,0.01523780008416583,0.0149823998009017
75,-618.3339423044415,725478.7147924326,669793.2290411908,120612.13581987613,61309.57406671519,57977.33521370455,18092.93907883213,2072.8672899355342,3672.7871802736418,2606.6122857350897,341.6903335989895,293.5855233546521,827.3394335468769,27771.096222593926,17990.289456508388,1043.8920413842286,5.222717906753923e-07,0.00011256622798701862,0.09707599764095054,0.012316115261457403,0.023366929652380523
76,-513.8833311389566,730419.4840725427,687830.8394350886,118117.34528000417,67480.5029961769,54095.47760620172,17768.8995149325,1895.4583099265064,3292.5137853425485,2397.2373544786824,151.15157136339434,647.8177975197353,1344.0396330646608,31255.10767051799,10269.925665601188,776.0901333497612,3.657849097217929e-06,0.00019013059918416702,0.11023421515094664,0.008772947282038035,0.032424672365314385
77,-466.25760857917476,764556.0658058116,739530.3329715908,121171.88919060511,61698.465452741555,51018.92335681352,17271.849249731233,1370.606874265335,3277.604156171434,2463.5566285456503,321.0075641943073,354.2108046332242,1042.5217822450934,32099.653630008757,9985.281922433016,820.4547338613763,4.621418791620701e-06,0.0001529458862334184,0.07427673162089254,0.014232497527649645,0.034664250400962486
78,-408.3242187026202,725605.1297118533,703561.7423300107,120435.39616890086,60738.17945280065,53949.83019095675,17836.178430972795,1040.5049190041007,3654.9998817785404,2529.630847924978,312.513515824181,336.7889751364479,916.3324020453717,29407.38222091352,11147.037272696554,970.0223204058374,2.8313267278752624e-06,0.0001411678716261575,0.0786014701623521,0.01417713937329043,0.025616715495670093
79,-505.1703621279871,703677.6891535633,687739.0171150276,117554.66435404721,62912.28925831577,65758.55457018016,18238.415021992554,953.1085031793374,3516.0013047648567,2638.776628600135,134.95070911755388,410.8704256598391,1009.1789062628618,32396.857011334734,10895.933262692137,908.3492202472988,5.034546017829625e-06,0.00017117031165258308,0.06755457006769101,0.007542256688084498,0.032537043440011085
80,-479.1129963200939,761054.7419524922,709372.0327895627,118748.15692291645,61861.462833829675,48000.000000792774,17246.00957718797,2832.256668073362,3094.346597722616,2327.1650423420447,208.32802938542636,515.8155197129462,875.0060428628108,30292.973015483774,11559.667372021786,816.8204624613296,4.790932552878082e-06,0.00015826247897508369,0.08594396292296405,0.017155211335195354,0.024572490956693383
81,-553.3532300453436,771231.3056162087,733225.4868995736,117370.19911837969,63729.90607819985,56130.707799604905,17041.498606133373,2461.2736612532863,3212.5674750542184,2443.6778885938515,125.15636792718628,539.0946079649053,1241.6567700763205,35375.667346692295,8757.887126912165,789.35468613417,5.952250444786995e-06,0.0001982760572408762,0.06822464994002049,0.015424569014556347,0.02587247460737336
82,-401.15130849838204,762879.3097436987,742630.1346184543,119664.18178297047,65433.16611653471,64036.641536865136,17306.053767741494,973.4939997038866,3320.4708877663775,2630.7924777656785,227.36175350491985,494.89957272551777,1021.7500747635859,34561.43631138728,9733.081027154549,994.0062930876538,3.433415177831013e-06,0.00015979091125594138,0.07705510446709023,0.011679382854062325,0.019206070975119616
83,-385.747419807778,750452.609284225,716320.9546834623,124117.72916102357,62989.41734647637,65852.6325006982,17492.500335050434,1937.446568238524,3354.8944066736085,2523.7927946745685,445.7866856250489,379.68415620519295,1013.702118643143,34272.0573346887,9533.555008841804,928.2830456316261,4.486674487569237e-06,0.00017748013909907174,0.07306790885975342,0.01382894595124647,0.02870735284765663
84,-483.1563992726824,771566.0769083409,732721.069866208,120473.23260672795,58707.811149968984,65224.14950975403,17198.45193707835,2345.2615216887375,3129.5897780925607,2703.724526168719,295.64251888104377,170.07155551083045,753.8616890193179,34452.61152002894,8864.419878947214,910.5043803564562,4.99076996765122e-06,0.00017470508759029625,0.058792119433607376,0.011340638232981946,0.031171345639713043
85,-618.9925784937946,752577.8189698142,673183.7024952568,117529.01998235787,62384.176728986145,49588.79720073799,17418.29392515724,3610.8463831786667,3211.2025151198563,2379.0826451440994,108.05516514234516,327.77096086171554,902.5199326474417,32624.273747936943,8768.791345525695,714.1161948626154,3.4862572836212196e-06,0.00022936734137764576,0.10024247619366694,0.013161629067782574,0.03281003168005521
86,-381.8626119453572,737046.2941340233,713214.9781416232,119989.09379935345,66868.18416297651,65855.07419945941,17664.988670484927,1116.743892682288,3443.2819713941635,2489.3064791948777,281.6020248909943,654.7444765605452,1223.825270106737,33743.8865336118,9346.527703465857,887.4995354323792,3.855271041765191e-06,0.00019841162202679166,0.08594152573681228,0.009097674806771278,0.033324362161332034
87,-442.9489332955972,738051.1752241092,717164.9630640659,120311.32342555108,58899.88472666045,52604.48547553879,18150.471343798083,977.1319625343451,3345.5607550655263,2734.9403104294074,285.3195512510925,180.74232787517568,733.3866065370268,32547.220174048933,9293.691064634942,749.9528026534642,3.2717224225721307e-06,0.00021556836683010868,0.06603338726391561,0.013992636779179179,0.039883018864480306
88,-487.0728112358747,737152.9085317058,679629.2479327525,119540.840000218,60896.720464480175,55296.95938462569,17806.104827690095,2583.4337940288424,3384.4340137452928,2502.1630639806945,291.18724445438806,341.2846977863579,952.0795655892438,30582.50458578535,12893.603883913585,858.131055812166,3.2834431976671444e-06,0.00015632326538139306,0.08323567006667984,0.013659414062518745,0.032216410263559446
89,-496.7015522049317,735366.6108768346,697010.3882015626,117624.84181880993,63506.26358192218,75852.67712324044,17556.54577950999,2055.5928188920607,3049.1070513467075,2376.9266488298977,155.38332309169803,420.14137484441056,1024.2831714435977,35689.780555936464,9649.299202333426,971.8411037412562,4.749173122746507e-06,0.00017402441995440648,0.0960693055584489,0.014894094566599748,0.02849680336612923
90,-440.18593021633353,720906.8881258506,702493.7890520591,118451.29282739402,62733.04248220486,57612.74189167343,18064.27045863372,971.3712405258351,3491.05827291487,2535.657269046801,151.46711042788934,407.0974222605109,792.1196375170703,33678.79585548764,8060.787198961646,805.7282786868099,3.865660965623464e-06,0.00019172072670803293,0.084439348244029,0.013683329706655754,0.026730927727151545
91,-460.1368625171417,757691.1271021317,729271.5824577769,117591.0596080001,61360.14774913217,66774.33471832452,17543.75655966338,1308.4629355429117,3722.107613415981,2504.073139035485,129.46580141217893,290.74756487073677,835.5443715365657,31463.633883428447,9899.118623142802,1030.8187242183176,3.273067857898602e-06,0.00016647478521295624,0.0963957919110405,0.01310369788828459,0.030098877122797296
92,-447.5766971277475,776833.6514154073,725460.5428637118,117594.94605778623,61615.97357280362,62377.647587228996,17279.922246446236,3108.269808875968,3091.39566320855,2533.829107918266,122.76653402466127,316.29262933299094,873.8655348445074,34055.02555381094,9979.082296795588,889.0749900297961,5.255850299127571e-06,0.00017461709237146815,0.07818605121815829,0.009593504432707945,0.04204749585004303
93,-508.31750252086954,754842.9105421114,717982.6437646364,117329.41185212223,66731.44643851146,85226.31570506438,17683.71910268184,2143.4985168776766,3374.7879823138287,2379.23748163284,88.33617776459498,684.242600068083,1446.0558405431286,30529.947488829162,14711.017885630728,1324.6518983586284,5.117059238809699e-06,0.00011686598621165885,0.1023500320780524,0.00899015885416681,0.03206752760166771
94,-557.9066206551926,781600.8863110157,750814.9167628501,121424.54658216328,58741.28075831083,68541.91331925748,16900.987874575414,1909.114551577782,3177.0014216623035,2590.9677467515276,392.804935199993,153.04050979642332,718.4641614063103,32883.331853345626,12293.445765535578,1071.6170161114055,5.125914829601845e-06,0.00014120720302551658,0.06361469913198489,0.015137649322374085,0.03373193101722033
95,-362.9735401493355,747488.8444219771,702449.1442419373,119918.72129612652,63325.2866346277,48212.82945896887,17125.58102270122,2120.6758902028637,3528.111826207119,2504.7158035564375,251.61076506354954,398.04524011337713,925.1810332231722,32247.297161194594,13214.543523894223,753.3473493239031,3.6063167762176057e-06,0.00020023639017786144,0.08153416533290671,0.014126940537605956,0.01769074796310081
96,-639.0249805709734,778059.4790175321,738504.0852482114,122688.55026328533,64172.944063071605,73478.63569624047,17089.749782102772,1853.8539250158938,3507.782108743856,2590.37275977212,392.79196175099645,501.5809673510472,1208.3446397879154,37168.69588276272,9087.55830390689,1025.766133748737,3.837687175279602e-06,0.0001833089254272088,0.07622190561240533,0.009954218195209707,0.03591298022387885
97,-420.3109620883144,750060.1547333555,706737.9414138066,117365.85247318685,61365.0463476196,48000.00000079661,17233.972940169726,2208.5771524430343,3095.5268418819596,2476.1746757723495,76.83302768590954,285.971803315631,855.2599874064159,30399.942305890683,9584.319416432048,801.5053069802383,4.256993694491455e-06,0.00016136963268607513,0.09298699408224224,0.011712558715055844,0.03285896543560995
98,-445.5614459892432,744206.6505293101,720891.3421443173,117800.09062066737,63710.27697982501,48000.00000046399,17365.628711509697,1300.3031449093576,3280.252012216949,2530.1202170605784,106.23855049050492,454.5062196866646,1016.140659102394,27671.21467464993,17176.88389294414,938.8992833708022,5.372673521686756e-06,9.737959645396351e-05,0.08689851868561209,0.008507038292462405,0.03340143934176278
99,-572.3180646937,774596.1778504872,730191.9881288358,117110.41210315003,66738.69240106399,58328.29099012432,17500.46366389097,2473.7678232946214,3420.0717539086413,2448.4862435733908,76.27884286888434,696.5318214093804,1238.260945463875,32911.064642219484,10969.382546658653,871.5671681722049,5.353028239645512e-06,0.00019058920138703028,0.10263202171721193,0.008018868310032951,0.03194566332006882
100,-494.241569413575,777507.6354055615,757001.7745166849,119688.9178236711,58221.53695232645,61501.96500448831,17238.463878510785,1121.761606033007,3202.889339048045,2549.050330517151,257.1667121666612,127.00703972712714,742.1355365662075,32645.59013500069,10777.735639324823,1023.6427453355532,5.038558867646017e-06,0.0001445950253168762,0.07044138584735417,0.013772014177033333,0.03371147085730242
101,-526.6908654821866,767527.5275209607,721266.0581531511,119039.34677969091,64545.05799744904,61335.91110620557,17440.254210654886,2360.1268405506567,3376.907778329536,2480.4053757653464,205.4638424485618,418.8038670388969,1194.9713724355213,32300.265203592164,9886.309449995044,976.2256408425518,4.151602938114379e-06,0.0001502700240015551,0.0896341630510617,0.009703148098467231,0.02937626620225528
102,-461.404441112011,755255.4403878957,738573.0187698421,117122.33706072533,58184.25903302729,68707.53602326244,17120.180972477567,1107.9471760231481,3078.404890287004,2583.0126187803776,97.8337298705844,134.74648466852878,779.776549972433,33099.47337243232,9769.003336814456,1004.6400766171473,5.953565272128047e-06,0.00016482074934947704,0.06283020273918669,0.014101495560878342,0.029240258467652245
103,-448.7223263841805,747604.2719343089,725996.7917773541,117493.53691140773,59012.46499863887,51217.43997047243,17661.097071007334,1196.8292714755776,3368.0388673288776,2539.2523023859144,132.95133963475743,177.7595780212309,757.4017811594418,31263.86355031833,8509.381346065285,821.6673931391829,4.315474797516308e-06,0.00015919731445968797,0.08767509858675743,0.0126002831898258,0.026255029181268985
104,-354.75967117207915,732212.1454967337,721917.9483773743,121714.07132133233,63452.54198061399,54718.49925912446,17657.277284553013,534.7180363112129,3495.976715611724,2645.9170244346396,304.591339960313,504.27004106848943,1051.593704900431,31114.19036396898,9072.688504326463,782.7443990484542,3.866684300362785e-06,0.00019337349510159687,0.07222060167524334,0.008741743143954244,0.03735035987386927
105,-419.6746052320014,746947.1687337788,716690.3304698786,117516.68960395915,62275.967166020244,56926.275181991216,17280.726964156787,1755.8565838543338,3233.8918087862444,2432.8416625122154,143.18344774498095,332.1658288338634,872.9017851356247,31531.447057338177,10080.129915650974,842.2789362528001,5.381539073397765e-06,0.00018925894437866003,0.07583221465259819,0.01263345088212901,0.032122702239421826
106,-602.6976639894375,757410.0023090238,735602.7598410088,117463.88871341017,62373.59916828035,50111.2027809833,17496.763262775126,821.9114439403629,3596.697644630208,2628.365992462181,120.41645315089283,338.53389730503096,1015.812034964255,30297.857990889945,11566.958098120056,891.1527413923128,1.7136539762434071e-06,0.0001433028471977938,0.09752435781561003,0.009162475815100353,0.02588452740932447
107,-398.51927765975165,763477.4731627483,715135.587243241,117356.26115354722,62796.48971028148,55275.675196793156,17345.357276043393,2789.492757688097,3308.9199709393743,2576.4489644064574,114.8603357929305,324.1393449077981,1017.0273071935061,34428.10977626892,7673.107005429624,763.6664669598008,5.318531268909343e-06,0.00020805651110291658,0.07694772039874859,0.008871038607755524,0.04431919598400564
108,-539.137831632026,749592.2702038836,714664.3289119162,119167.58899715604,62869.90433368143,54794.63791866556,17537.475599766425,1633.384823747007,3566.7025917152087,2568.3315818876235,185.32003397581778,501.4583290240727,989.2339092489468,31021.265441405118,10800.502276075998,817.7960526801321,3.896072193994922e-06,0.00018702568523661295,0.09144187959222351,0.005781306670035979,0.0418560844903038
109,-484.8654657206573,772677.5694711511,735872.440204973,119450.70899505493,61360.41814747287,63098.701497717855,17286.232971870722,1832.4669170009508,3432.263395425864,2324.876601988167,269.9725416487646,393.4980184664752,896.761922217932,31755.737853669638,11097.725985762332,1002.1689344347172,4.232597972760338e-06,0.00014260537169770733,0.09947634881154176,0.01578930387751575,0.03001664255018411
110,-504.17807694744647,766588.0964568577,726200.1739711723,116431.84608579126,63021.667330759024,53582.552404636735,17287.21928536468,2787.4970721614977,3361.7861064199883,2450.9486135706084,70.82918750223841,419.32234090574656,1189.6071550090182,32881.20842351069,9381.939434711212,835.6335313672354,6.339326741252566e-06,0.00018453526560609633,0.08076695278124017,0.010845037268274196,0.03556568295724098
111,-494.52447631297133,766592.6511838866,720426.0988871122,117251.59235341633,66132.69664678151,57492.122132795244,17183.62371010524,2207.381612474399,3319.2105620259767,2187.244862436988,112.08197912195254,705.3130841704503,1427.900707407053,30550.289115712665,13900.180941055884,1012.0732909046666,4.303253674381332e-06,0.00014685301972351596,0.11071146942062135,0.015708220623339243,0.016663725951365015
112,-535.794563934392,750694.0969215117,732762.2242765495,117873.03564468633,65604.9325653167,54429.77419268308,17702.426652927967,1019.8194895483333,3373.5267209021354,2542.0050964355974,138.7766312269264,530.9004986270256,972.8027064924548,29743.537845145107,13051.354794573484,1009.6615988919981,4.6004925713239805e-06,0.0001357724315149503,0.08231925088239879,0.008598245077369268,0.015801699375300116
113,-594.485376015026,743957.0141985386,710745.7947411374,118471.63727776924,63384.6621207961,51442.29038321215,17441.117818691568,2371.5630120638016,2840.6683797012233,2382.064769791977,168.34719411294103,382.39035542712656,853.7875249250073,30132.057119706384,13304.656151115492,853.6641306047029,6.2623003918852684e-06,0.00014099480991979713,0.07333260955152861,0.015583026814388397,0.01904255276636784
114,-519.6720154475041,747594.65067957,726116.6703141095,117462.08445185695,65597.5950318286,56252.90253378701,17805.842730464406,1079.1739007032143,3267.3970644025885,2451.7263585840547,122.52267331840497,646.5944925863573,964.5012241644145,32874.224126998546,9135.897773462832,897.5402243674332,4.476824374046075e-06,0.0001776896972058828,0.10575802157105435,0.009264316920349052,0.021673419819615406
115,-631.6341606718948,800284.2633519322,744918.6454901653,120676.45154671413,58655.222635141734,102433.45886955556,16856.665170479475,2949.9856072056446,3244.8187577206454,2681.830542974962,280.7500084594558,155.46176480909827,691.7473887959917,43562.49758003159,9820.022314381997,1210.5875665272433,4.567387648313116e-06,0.00015484576250200094,0.06572827757056332,0.010508591893839394,0.03368524186137841
116,-468.3690202143114,751917.4822774351,715096.7606723491,115991.10171930377,63530.09983755237,58764.80601095559,17654.734615897232,2002.1626396766083,3172.89754989579,2278.455385202063,52.0580879078132,500.00036116548034,1210.5883255585356,31173.153462144517,14077.948010788361,944.9347189004797,5.535100422876158e-06,0.00015963338709880487,0.0928149601626703,0.018916837394297406,0.030720021248770792
117,-552.3850464214398,714636.5216883775,677965.6984451166,117996.24204904455,63845.58685791397,57904.4814264042,18230.759687490117,1662.6201296998597,3362.119410314278,2612.3370410789416,133.42043854345962,432.600606409504,1007.0690740120424,32666.163994356695,9804.488181699002,830.5542058516678,3.1751682173595743e-06,0.0001941913798549497,0.09687398147339359,0.00905109239775219,0.034730770644362245
118,-442.1949711305759,734538.3463653307,704298.8271955377,118751.77377546142,71428.13875393762,52672.2423949676,17867.284651209575,1336.0717949367179,3616.473626683931,2389.9143015084046,213.90789308038558,1071.383569797123,1706.0271300038921,30810.98828370158,10150.420440287273,793.1761609617018,3.202524149722275e-06,0.00019808409334918877,0.1043848607539032,0.008078097188427296,0.033502618467324864
119,-433.1431950957301,746485.8375278014,720450.8502671579,118354.00201804361,62923.62166429343,58791.96565815031,17630.961125712478,1297.3850977953205,3538.174739628274,2686.5602911961328,174.43810777906523,448.23720606293546,946.8722930009749,30882.114082149797,11725.033705673455,1042.1254512077833,3.127794688561708e-06,0.00013058923301671117,0.08076301393069145,0.009320288897147833,0.020040780513638
120,-409.86188738333055,786250.0929383786,756256.9655077932,117800.62667099891,67652.23676056052,57528.21527017885,16891.23184688219,1627.7336406379793,3338.6800322845593,2448.777420986671,117.50730543655516,716.7064236776611,1308.4313378374627,30791.921624687602,13857.469660356162,988.6473215969042,4.609154594370296e-06,0.00012424489970214154,0.08722391894788195,0.008627171788659344,0.026496505726228893
121,-660.1882290039816,724369.140902224,663902.4769981898,118268.553890087,61039.48189690241,48708.94713863352,17716.228775667878,3060.8119670376973,3311.19879043736,2594.4629771114264,174.84874455553887,262.42031986523847,767.3901886783383,29883.72764527033,12080.285596887612,750.7031957442821,3.995600793580913e-06,0.00017809041733885008,0.06810292332199926,0.012335034226387317,0.024560566317129696
122,-535.0368792667521,756569.0799265057,708890.5531656784,117685.75855468713,64236.21414195653,53124.82855528949,17640.6461002006,3137.044282021836,3173.742643312431,2459.5040376008274,111.69607144646837,492.3024641323951,1183.3532898282897,34472.740250095834,8793.866356340872,769.5706436066266,5.904583743860315e-06,0.00020512607007211508,0.08624474397259115,0.01019072176646446,0.026278366169174696
123,-555.4519000656244,832285.7742010802,805533.0050352691,120321.56614064056,62194.52224600355,56866.84286807797,16580.267488795653,2069.760266434683,3230.579662721775,2423.8569324295563,272.0167505639058,290.4287853772054,915.3291673315603,35892.652874780244,8185.371365777615,862.7303879335815,6.5378126634431865e-06,0.0002015857139984435,0.08248187180537264,0.01473705693481293,0.028598476522732858
124,-551.4552423445839,780726.0572086738,711049.7850077722,116937.02156976619,63332.66553105496,75888.11023122327,17253.54772977629,4357.226674087368,3041.092401516448,2291.9543527294527,123.75612366593475,339.9825283855872,1071.1788485054965,37644.532493133935,9342.67027334,1028.116960215393,6.066292035993965e-06,0.0001801008041509073,0.08602962774862252,0.018055112159446662,0.033996518714575596
125,-532.5414627527434,767424.4067068209,742902.272377146,119942.32147166158,61713.6017541244,48910.01849894087,17323.41909288775,1501.5276482740985,3337.8433817055534,2442.2704963471965,294.3994921593149,356.52405985334127,832.4460949025832,29799.31433430798,12818.28884374678,818.7728610259122,5.0952333414355415e-06,0.00017028610210598042,0.08137790318232155,0.012614119000498561,0.03503263684224822
126,-548.5972041563089,750845.4111413541,726777.3413605164,118807.72951210354,58967.4826715118,66000.52581475217,17469.136977420654,1268.8500803286358,3362.129211604068,2512.6316806451787,206.5014037496425,200.08565100206013,951.2655124982305,32292.50012440313,11491.43674270305,954.6961518879175,4.534938677640405e-06,0.00016770063162228083,0.0857331810156761,0.011828781187853141,0.03381863758841267
127,-552.0822657459787,755488.0373444643,714105.3520552522,117452.791873704,62708.51080744971,53089.456640375356,17443.259018549983,2232.394735251752,3239.082929886129,2284.247783707908,124.41228311011051,318.14001899217277,902.5493341559885,30143.545544133838,14084.190393737055,869.1781295787594,4.827444183825401e-06,0.00013118532752825804,0.10458423407632327,0.01315861526970831,0.024083662623712677
128,-517.0424905906598,798037.9901457793,789186.0491469073,118940.72343137917,64579.45839305026,48460.17226644893,16648.355015709087,539.3768574532066,3479.2097145752787,2343.920787185059,239.85830718677144,463.6225594916091,991.1604257324243,31950.208945355716,13787.109007450763,791.9369171056501,5.584530710208648e-06,0.00015801160214502888,0.08006920957787762,0.014201812565417252,0.018898762437658992
129,-436.86173268235933,747627.4225370043,703093.2529897916,121628.93528209,67465.0470986066,57768.00702309103,17566.302657457738,2216.8851786057553,3311.588170477059,2315.825569979476,315.34653792727215,588.1901823434803,1159.1717688517328,30017.073313565445,11732.809206044818,911.7489161574197,3.975272124393137e-06,0.00014226503316855987,0.09580398445864408,0.013227393726023823,0.023722517980959198
130,-688.5429744593021,779122.6098378743,755023.9739153953,117504.8192051755,62669.609717962514,53153.72904162711,17215.165810664796,1192.5387464071632,3643.0210513837596,2760.0420742993065,123.66992644310372,329.4778433702398,978.2125908245118,31753.84863668965,12662.710539482758,847.7749990677278,4.1508973030507496e-06,0.00015965495130323737,0.06356510988439437,0.011360459579310126,0.03852750157156706
131,-444.5468340431537,754232.5782459389,727954.2614304234,118968.00620929952,68447.34083715787,83795.16293523644,17258.91148356354,1718.82814574712,2971.8336004261737,2416.220837761918,160.44792606291657,656.7221717880012,1328.1749590884756,35967.576928612136,9332.271717116035,1073.8444184326313,5.506226557291306e-06,0.0001622560024109639,0.07660443639564089,0.010914723286871502,0.030680075963995496
132,-541.8612901288327,719054.3938475434,694420.425560848,117630.76537992687,61761.678245432624,66873.68800881265,17910.188635822935,1309.6750860494603,3393.067903904937,2692.829312147058,115.6322344820774,405.4142282596324,917.7656024037703,31781.78528983038,10145.4956227972,1004.183043296965,4.217616939293562e-06,0.0001682800434917575,0.06395720732892335,0.011958381045668442,0.03486602575361078
133,-525.0597008949824,761872.7372349219,739088.8156235731,118411.86136745002,61111.70212650793,64466.52074335951,17112.918020417572,1094.4076350597704,3636.270374715202,2835.38921179697,243.4783197931735,320.25105595435235,811.5012706100379,31470.73802465983,11293.059722289485,1045.5001815897579,2.675757285112111e-06,0.0001281123187568859,0.05881466731738543,0.01376158449317222,0.02477568748224019
134,-537.7344568988901,757675.9792535128,732237.8206218774,117441.52087502446,59897.64203328621,52784.77032516526,17324.440202377125,2267.490137697626,3030.4304621082556,2361.686196181423,124.71941062842386,245.7632236479435,898.1363967949966,31011.05800407236,11420.208178758177,846.2792996434862,7.349322290332086e-06,0.00014316134304931264,0.05916597958623526,0.017669725514767795,0.035222208400391725
135,-485.7761699986136,764804.3600581291,722743.3779867839,117237.48694538117,62726.550097051295,48000.00000002922,17457.255016884803,2057.329906533814,3385.172245132199,2434.4417624276944,110.41300425318482,392.2900854830215,852.3129861198942,32436.62807044613,9334.66058017859,710.7034628048673,3.987330406168335e-06,0.0002069544421156774,0.08800158981529968,0.014510318466292865,0.0324365736170872
136,-524.0098727382162,776240.9966132405,737279.6325471777,117933.4343068079,64454.82133804263,48000.00000053783,17071.48276194366,2285.0808266270033,3393.784993720715,2425.7858975074487,141.43657059750447,581.2132900207912,964.4076722322917,29525.22974655116,14130.9983779201,867.1367729583042,5.351238641974952e-06,0.00012305519523101964,0.08442595188839679,0.012301001131851876,0.033454695201957305
137,-449.59710109766655,809873.1788293311,784162.9043967982,116417.26241572363,63960.012166795095,68640.18406316351,16286.582910943323,1765.5269592457355,3081.423152970125,2454.519678432194,72.9214824655268,462.0851362668838,1065.5118696290876,36027.41606020209,10359.6924985064,994.2177724230179,6.112655892541349e-06,0.00015676919291984635,0.07415443661970351,0.012899571974234665,0.031043899100087757
138,-393.9471831732478,739823.4684411305,683715.5974185221,121175.40456912688,61720.32123189678,51444.56908213741,17473.270874372603,2756.6826856635184,3548.0601226922163,2487.3297042790464,385.95713940023967,420.2873869585939,766.8340593972675,31841.946711163848,9964.1395251056,747.067236422026,3.841335165897767e-06,0.00021151130382516614,0.08369603372918323,0.0110024793252221,0.029486456094681653
139,-484.8708954451074,746143.0135144539,676929.7971194215,118263.89276356605,60606.64545346682,55990.02467832056,17336.229603012318,3408.4846046264925,3289.5696252959224,2653.903045074712,151.50535415363328,266.854052614683,950.8414186640792,33834.13854923538,8283.408369783165,759.4857926893881,3.5805101379561334e-06,0.00021203178297621303,0.07556815662475205,0.00902048851554313,0.03127948641274536
140,-716.2644610417456,713439.505324025,697634.2690951668,119297.1234202221,59133.43417653728,71676.50439477072,18047.166376393492,809.7738633926588,3462.2011195525934,2661.360823195817,221.24686689876125,166.69460568660213,862.2049331207891,29323.81945251578,13828.932191339889,1096.471320248476,3.7438317089433705e-06,0.00014922968466381432,0.07388170810084602,0.011102109018730195,0.03607925547895118
141,-495.6633453994207,769627.1487661182,721268.7055835439,119873.40133343024,69780.04106715774,72690.3201491925,17242.961122988487,2845.4958258456136,3076.120440363007,2194.399744635114,255.40445258455583,666.7239029159269,1215.9467596268696,36026.151046891835,8490.99259205762,941.0406327132775,5.97087272320377e-06,0.00017505143771172693,0.10525041242362815,0.013664030953667633,0.03107096446206978
142,-475.7913314124213,754793.6722544546,696496.8862738773,116551.29881896419,68693.6016427096,50283.25570443523,17577.121400114313,3576.1413297646486,3308.319890252189,2107.798431771723,81.01286633539017,939.7329256758246,1374.9188496788445,33091.51326603071,8687.671877155532,760.9248936318239,6.505225518962457e-06,0.0002020634934458235,0.10369533419023186,0.015430630939820198,0.034158478768820576
143,-605.7104195501195,735487.7124952953,717652.7441227654,118042.48515770692,62251.100575433506,63442.43627388675,17594.351546783735,1101.4718839025925,3194.644904504772,2407.336059802551,198.20007611380174,373.27876899130604,911.0001566347294,28392.743616079173,17517.204836407534,1125.0579705747086,5.629936594271868e-06,0.00010565792602997375,0.08141261676843169,0.014085260343344187,0.01794718272266833
144,-600.0543899175244,742582.5207173352,699356.9751233011,118185.66119221652,62064.32935425768,71493.1735909649,17630.889526785453,2088.343265053731,3520.294708433882,2667.328674094457,202.2406089860769,358.0645981012578,819.8885149686133,28421.153370507996,16631.006877610766,1191.5717021363541,3.230215406808979e-06,0.00010027239089443254,0.07726711521853526,0.011001117269702617,0.024319611490540453
145,-420.85668138085293,754695.6604165983,738976.1988294831,117066.45721767451,59401.153197982145,55061.48303084199,17596.638833161207,954.9198742283966,3357.5709668934496,2481.8616418344473,91.68606561554091,186.62950198417562,744.7666830909593,31059.416250046754,12547.827126921535,978.9793854207117,5.143913020000376e-06,0.00013091102395396508,0.07601817606115596,0.014947709781540156,0.01444794033134199
146,-502.56575432444924,727961.5069241816,701830.9880399973,117873.30801503031,61845.39835974063,60456.72096451695,17706.46893016754,1347.6581138860358,3626.3725782764054,2451.9755365898905,148.23598583226627,374.02570684279675,1032.8400366543772,34079.47194189118,9678.820978680164,873.3715411903523,4.793225999859895e-06,0.00017933966624130324,0.0926978160444447,0.01111986734954042,0.027179269809387917
147,-657.7566036368927,778478.6298467546,753325.2050361533,116369.51252449858,64724.57952347084,56249.342013556816,17071.606661239817,2172.515471438682,2993.594948847575,2376.9091947748116,66.49312748043734,604.4415043525154,1050.5878849846863,32692.523021280227,9838.039278858145,937.8324818437237,6.969682356571783e-06,0.00016370760616345612,0.07151908269505851,0.013476648095958145,0.0316993349478843
148,-407.6465511672478,771963.0761375033,637293.0265463615,117263.76890547373,63951.704019473014,48000.00000038103,17007.512869401595,5227.086336727605,3373.412280509867,2394.628663031822,155.35527436433912,437.7313640647274,1037.7531841384114,28983.59089767806,14500.08905345902,873.9222665839692,2.1993361057467873e-06,0.0001377372565774946,0.10452820944901264,0.014256084807682676,0.024649994451301314
149,-637.8500833330968,741280.913937909,699796.4647033771,118378.98160710225,62741.91744681881,59753.941443125856,17395.57231598671,2323.013521511933,3351.355097688815,2609.8286004911556,194.82124751112192,331.8623984113967,989.6382102613409,30881.831417953785,15595.70517191142,896.8014057017508,4.289133389445988e-06,0.0001667876818690256,0.06686493161597563,0.010587431168428689,0.03756965406307462
150,-539.2872283499809,734056.909464728,672053.9560887655,119657.49768025885,63166.07900036794,50838.27788965043,17647.654247999246,3369.133685405709,3219.9316811501144,2689.0476223036676,241.8263247527161,427.65047107559315,947.9505000404099,29239.467523905692,12818.711884970047,898.6147490344064,4.4288463540748515e-06,0.00011821712805673725,0.06587640933553827,0.007169420089028408,0.02584042178569049
151,-592.2716111060564,736415.6093412655,666919.1881457124,117093.92153435541,61523.72871029832,66020.48501538397,17609.8437369126,3222.4411064622873,3471.352688097727,2606.8193977189644,97.81416829708866,344.6888049475243,816.3897901085074,30994.678003919642,11721.123927527304,1027.8672250775794,3.1925789663274874e-06,0.0001360857560430128,0.07790033048277935,0.014450747680619791,0.035512915282051825
152,-595.9928069003959,784535.3200271139,757923.5037221484,120128.34369045157,61515.36932682247,75793.03686728819,16898.969190096035,1507.500847361967,3127.067628277971,2558.4455405875447,221.86017636728846,374.9371961439102,819.1170190396094,35026.50903116308,9989.887015520306,1002.9098950410735,5.014696693848898e-06,0.00015500775363250647,0.08881721106670581,0.00738839979810553,0.02719845779756999
153,-535.3021992253223,754834.8751598079,730931.4022858248,117138.8031478711,62584.98131431082,75818.30659695763,17379.387276326237,1318.4478977706187,3371.111609431807,2466.543841377864,95.02585679879184,380.7593143724288,989.4777916122268,30467.76097741324,13961.306051011137,1213.0914253537842,4.756228519738597e-06,0.0001164134121772425,0.08562184163609293,0.011151023076902133,0.029830423421152604
154,-533.6649188155421,738730.8316838417,707645.3948920413,118560.3060634635,63215.42310808411,53084.02473085732,18083.309925447673,1361.4555409301568,3739.2419847718243,2432.7199548408876,177.34853628888504,416.58604133421284,1213.6288002044143,30850.341579231343,10390.74689249825,919.0437029438999,3.4149567479403313e-06,0.0001478938026556569,0.10470505534542063,0.010417367820406084,0.015832070234642726
155,-556.1759044912941,717458.0080811966,660053.7140818388,118795.27338888454,66272.89946045933,48000.00000058413,18284.98362393307,2634.029880216343,3422.3244482172267,2271.8484108829384,220.31981855643096,568.9148167936572,1179.6253806812438,28186.855322991476,13410.707018275012,871.2759005979188,3.6791227358746107e-06,0.00012051128507444594,0.10555910498557007,0.018195495522818055,0.029367425739254212
156,-458.6045653744357,726082.6670281191,705568.4331567342,121236.03991271483,61729.56880353153,62617.364010922545,18033.137298199657,1241.614916246177,3165.4493111685383,2431.8282685641075,322.8679949960652,282.1397332977124,1069.9202270593573,34076.79123346746,8405.550959781242,847.776871859326,5.367145575110817e-06,0.00020380078424505805,0.0731386974982996,0.014385250105049197,0.035465740725158304
157,-560.6825658966284,760541.1829020693,739880.981961662,117137.53748045547,63382.492623521226,58249.01731564381,17427.77924534341,1043.4374784460636,3507.9312749515534,2473.6571825093124,111.68367434416646,461.81779282846935,1061.5901736022468,32639.415213248034,11140.772594290485,902.0773126120728,4.156487820578007e-06,0.000172471661157284,0.09321505940234921,0.012125018106252565,0.02948536526072301
158,-588.2117433536207,739611.1390764519,658917.4526355821,117993.23075307885,61243.86238633057,51251.08345375677,17625.350525101974,3948.5174393374623,3362.822570509375,2380.8593614647098,137.62514025641727,344.03200499777984,838.67520507796,30677.626654281383,9549.660086598864,837.7747588395158,4.087624281653974e-06,0.00016956847030321232,0.08832910917963725,0.016372807323758235,0.028869169008321885
159,-585.0857831127375,750255.1810165653,739953.3754303263,117848.69453638917,59063.06555623752,72611.78828279364,17292.983746712845,653.4168120511633,3266.331659449413,2598.4133982838675,125.75050791432577,172.05250531435019,731.1866018489554,32692.01506867054,11514.558573538503,1137.9224128834612,5.5761661978713565e-06,0.00013723131502987965,0.06976560580680459,0.010085374315414836,0.02551246890457496
160,-598.0877738243717,715007.1145490141,688279.7761213302,117135.28701225971,61128.617618160395,58498.3700300279,18112.848698298363,1470.8774867141485,3543.9058871998313,2443.3426483820353,107.63817534960288,284.1199629040915,1154.0935973809553,34326.63479142818,8078.085924241999,847.8950882182222,5.1834669434949345e-06,0.00021855374674958992,0.07924576365850908,0.013339808618372247,0.024297912850266633
161,-585.6080155154784,778731.9065194497,726911.0547314659,117937.97824090539,63814.98185793814,48000.00000006171,16996.170613671642,2705.7376808390336,3292.561743612179,2558.0277169161327,139.99342757625257,473.4237901810818,923.5470047091561,29980.532682081197,15280.244008578135,884.3512201546093,4.123710835767782e-06,0.00011060715662054708,0.0793443983428449,0.013904627815585761,0.027554538440225467
162,-497.6713549889456,762795.5575251199,751232.1244687368,123920.50475432017,62347.96944420571,56587.52172299529,17332.293302212413,714.2950237045595,3355.8121001009376,2641.0400951293364,536.2114451197361,381.22672547494693,868.2575076574459,30922.56185950846,12834.66934122159,981.2994757932325,5.217024094539787e-06,0.00012871703863694294,0.059573941831887994,0.010434063213903225,0.02737071314140169
163,-430.1355935089365,740237.4859173169,659297.3009367273,118781.14731502773,66617.78495077441,48000.00000045913,17823.933343897665,3421.4388250809607,3694.476899284369,2477.582663278276,163.59466248643258,717.2649896586977,1225.1860491365492,28673.674719784703,11396.808195126046,852.9069676900438,2.35194295289563e-06,0.0001451001645021523,0.10725104122399068,0.012099190733840911,0.026751263512624444
164,-516.3866761173088,737244.8859590838,673035.4487779017,117101.97857069001,62033.242222848436,49560.313286010096,18064.789056383976,2611.528195621022,3706.4991802003005,2562.008812582259,79.8539463060603,312.4227481932509,1033.1682111992627,29918.900154373598,10583.686551583844,862.0375036817039,2.5633607512862683e-06,0.00015621354418061384,0.1024557988473334,0.00990907525332766,0.027292597042636223
165,-714.4231274224487,760570.7924566905,698462.4310060662,116118.77538800292,63002.783723236826,69536.07248379385,17182.399854197713,3766.449944941489,3061.461170068983,2414.0788284911814,52.144930113334944,315.08540098456194,788.9236474419158,29361.329459670513,19882.292397045734,1300.5118536543855,5.229509541112918e-06,9.939698018924148e-05,0.083853606595652,0.01373422948970573,0.02868618382881015
166,-527.4172306182288,757683.1164782195,721098.7952824703,117854.41504170466,63783.492811104436,48544.4987508501,17054.058635523365,1944.4424735282414,3164.900017798241,2650.499313596969,120.52080792246115,410.1746853534314,965.0987731237717,31389.602012414904,12753.152021280988,812.1375710903039,5.031963349344636e-06,0.00018210797077483615,0.06300706813488638,0.010168041953410348,0.034330049337294034
167,-659.2544930263784,739964.2365767205,722851.8909962244,119696.99396174077,59018.74478175331,49558.537511547736,17764.60490764763,825.3910431036422,3525.976055568914,2595.632080547137,330.69487161365146,228.69872523080133,787.6632700669885,30106.941206318792,11989.953045845708,815.6046236321256,3.657348750381698e-06,0.0001825740856733057,0.07761543921877187,0.01339359073045074,0.047617183268715065
168,-550.1516818105993,730505.903847077,678595.0163434232,116565.71599016913,61057.204510963435,49049.982201219624,18027.56219143804,2518.5794387173896,3456.8620290077624,2466.3417718583605,71.3938595027293,288.6915314627666,913.608593705194,32551.0052286171,8990.425903035197,731.5387369826104,3.7869234924739994e-06,0.00022713512663499576,0.08295031232850732,0.013196084771618193,0.04361588424395532
169,-655.0101438243389,763218.0106698761,715646.8709971404,120456.11917000309,62493.87674079724,49695.5591890357,17451.93993094559,2448.1796654787963,3374.554925988464,2514.3178034852313,348.45511757514726,369.3417046602419,858.1453425622179,32180.53202710497,11057.438390378698,795.663855873128,3.897544982998732e-06,0.00017560924540134323,0.07321385831044258,0.01446728587280241,0.03205537828210973
170,-404.44091433798275,769169.061324144,685320.6487075664,119720.29699652702,61503.08061020295,52222.562494259284,17361.616025298375,3596.2118110903975,3515.7522217506717,2705.562763730534,221.8685750235356,274.2355788226898,765.8757582649331,32376.969455461032,9506.129093789872,790.8876640238354,2.2526766508861712e-06,0.0001803126790468674,0.07823593328771532,0.012211865487304505,0.03728725629906473
171,-484.2769737471586,739170.6251016892,716634.1987572646,117528.23800326973,65283.62734935785,48000.00000126625,18110.447239319274,849.1510053290291,3831.0386979045,2309.9712898930134,104.3876548769749,553.4186462930239,1135.3378368980536,29805.47660534006,10928.366519497311,840.6686312618482,2.429315592371289e-06,0.00016274948229002173,0.13791354682411278,0.007498828350261475,0.018897294441537076
172,-427.32315943342974,779128.1160347039,739945.5608043774,119233.96696134271,67524.31729477705,55299.135842959855,17100.741583927836,2218.723104678167,3359.101125837193,2109.122407272377,243.27778982973356,876.8529414713322,1144.8281313955208,33642.02822765236,10315.92844459787,863.1319788471902,5.730407136126866e-06,0.00017114042913602713,0.11315314692750272,0.016371952787112773,0.022747103322878225
173,-461.1370984567638,722091.1021917036,715825.16655908,118200.57656421729,63872.969084336524,68313.36595318498,17647.75148908193,351.581440707074,3204.63083174907,2741.776051115602,148.12824472842317,571.170904355303,991.9486227171132,31193.49334762979,12434.655907007374,1070.6258460090376,4.327651937820861e-06,0.00012631090359972171,0.060095785305111116,0.009765012596223756,0.026465000719229102
174,-535.4402926994167,780393.8926471381,772618.0992530856,120155.02627931144,73435.23773892818,59226.74069464741,17240.30707726366,416.0063913544855,3237.8578049921075,2207.512435562084,276.98032159122437,883.5828298012865,1626.7860166401601,30800.764240136297,12815.02150197701,1041.0054989355606,5.136593901824488e-06,0.00011332461760591464,0.10943953644435302,0.0075364652050888955,0.02458253057789494
175,-557.3564279247544,735558.8901114092,676648.7483594851,117417.83337402051,64060.54941478746,49888.86139216185,17736.276602155944,2300.501869896704,3888.8935797099243,2444.7170325480097,164.98071651167706,434.16515167715414,908.3890777174826,29229.781448036887,13623.023374700493,913.2826449090747,1.9077123292219816e-06,0.00012268627876616298,0.10147382164317326,0.01690371783812769,0.020669984393295603
176,-484.30529406469174,716343.5154753363,662784.6628612101,118797.98418776953,62670.50048076978,54317.7786893661,17720.80504095453,2827.734905752004,3452.9140959678357,2691.9305563639127,176.56991999655972,358.1619242878521,854.8256603136938,30462.05914016364,10262.425853232864,836.1581427856999,3.932844003320998e-06,0.000178804108461721,0.06553921795942176,0.00896988800898296,0.030049316631306992
177,-491.4202479228551,734442.7152724431,674711.1919388204,118032.51420295867,58381.539975234984,58119.024177458814,17542.730679185974,2575.3066610278593,3596.27287282325,2620.751869060059,137.65181090337703,137.3499223194443,619.712931990284,29033.212287177175,11444.397704980905,957.4713607406545,2.6353858462390165e-06,0.00013964536543073202,0.08351289811377526,0.01585098028808214,0.01781760282054471
178,-583.5731491873937,710003.1529662377,685529.2745709581,118519.81324808381,58724.848442034694,48000.00000674897,18106.53653059569,952.4279302744744,3808.782094140236,2723.348566501803,191.67910151905602,146.2445680114904,709.9082484858037,29411.968264858868,10941.33955252754,762.7940740455495,1.2120338879179686e-06,0.00017904573299472147,0.08157104439442084,0.010540166536294313,0.030084490152166674
179,-556.9615755749757,740164.9408900872,729360.2762311607,119016.48733032124,62745.823950909275,49915.86439264869,17514.985975606254,1457.1408613016542,2863.8273016198345,2348.3586127291496,190.6505942732155,454.22676658093536,900.8270697934342,28732.986046106715,14209.75949196239,875.3362812116825,8.491808295673722e-06,0.00013812065917273697,0.055435943030309125,0.01486011685216093,0.03524382515191307
180,-721.7438688803646,698440.5827627603,649184.3602919007,116883.68418603772,58733.365226933056,51740.410918226284,18175.6022119623,2179.1903949672346,3440.933023771538,2570.631857786588,107.17049109612286,134.78274221905866,606.1691517663228,26345.867177112257,17517.58252182521,925.4561836376935,2.1256561019201668e-06,0.00010395880291228753,0.09370033498669059,0.014935848806659614,0.01435972154754261
181,-667.7320812912942,754606.9110395317,717705.6488753629,117698.17624324583,63743.01180138828,48000.00000002692,17354.06534931675,1955.254402604957,3458.6334599613633,2412.395458475816,189.56263599982097,459.0447037901447,1095.4197149219747,29244.378373572734,16510.099758345204,853.6723511363883,4.6229109400675734e-06,0.00012472035004372942,0.10042714983410109,0.011144144676765213,0.02257721783046933
182,-437.55821794070437,757264.2499654343,731181.4502774661,116588.77279928235,58934.982493128766,62175.68063655335,17486.14281883716,1431.4139541097143,3424.972833771656,2388.491444716171,83.01761029593528,181.822494701859,768.4513026733524,32726.172208572858,10470.200741235572,970.1037660991718,4.925373236302816e-06,0.00015701468269977635,0.0922240182784348,0.015611896349615148,0.02701205966147873
183,-500.0791897262011,742390.7449958286,696696.2003179122,120599.89146413998,64997.266399804845,48000.000003929425,17684.76664781623,1559.7957461549997,4105.102074862808,2719.217713319768,319.61955238773555,514.9752014424566,1159.4489574758602,30527.09293230161,9293.960954138101,819.4536775833976,2.5195349989112733e-07,0.00017980890516138562,0.09820876818553591,0.008472776874764937,0.028809598691971937
184,-610.634094421267,739258.0681322378,690772.2721993246,119194.51995759351,67158.12499573386,52782.63387461391,17887.432604939408,2649.711037129103,3156.5196629481534,2123.864664845884,221.11764723972865,534.9444870326386,1156.2411172525306,29882.47071563118,10442.531687380277,873.6353542633835,4.397999856786048e-06,0.00016307494993308866,0.10080463648767232,0.018611943888452196,0.03824086434376994
185,-651.9540510033091,784874.1332867063,752683.2065881079,117817.99052659234,62176.21419331019,51250.03234645024,17106.754688064673,1748.0679421709076,3243.5254987828057,2545.647905144144,128.35488752028246,340.9798134355233,992.5379763230882,30364.67121820922,15183.987773727242,932.4417560341957,4.926467331638671e-06,0.00011448196813051714,0.07576622061768505,0.012718329192751655,0.028175221037960555
186,-487.264327338808,741570.6784748225,722445.554784976,119876.6187466245,63642.70335947975,57824.27198430009,17828.556207619913,980.7924824505457,3449.860092811347,2390.2302715772116,247.27523038681142,416.0409998988443,990.8740610436961,29218.159071468188,15128.524623889743,1052.6110240843905,4.2634663974861595e-06,0.00010228568243520202,0.09186174939546916,0.016218169709369342,0.023126968522915674
187,-592.7326692779313,729533.384816155,667446.0274344629,120026.16064496843,62228.94895322418,56406.61961157189,17757.190405984882,2658.6639180481425,3723.412516585111,2657.301587371708,263.15477298526264,379.0027870401175,1046.3368707042405,30575.664457220137,11629.61257348551,924.723493649614,2.548797070834505e-06,0.00015286980740571727,0.07965869404437928,0.012671424470050633,0.0283068037279517
188,-513.4844809918699,741861.4743062782,719797.7356288591,118255.16181673425,60156.04567234047,66270.36015754851,17532.49382866181,1164.0733386630234,3347.4870992488086,2649.2790663393544,193.99965608669146,217.05421844416193,822.6216553538333,33644.603122933106,9412.444344047803,911.9632344936562,4.533336995636099e-06,0.0001640751271149135,0.07363653314612413,0.00817072010449007,0.03446408582646797
189,-458.63824092757756,732659.737821472,722437.8646509455,118434.00277743899,70183.91319877072,48000.000001038425,17749.68485483233,451.7628574956608,3772.789002392976,2647.3631183158172,139.87224352429476,703.9880017198443,1810.9240001980515,32317.300534138583,7642.469433146291,678.3675371778205,3.3121187414015382e-06,0.0002242444603027101,0.10198074159756969,0.0006750619198704853,0.0218860815683495
190,-542.6842056947374,780902.678974906,754067.5744556538,117529.7231112866,62569.24252797057,63653.436325574454,16665.57835921049,1740.5224799895445,3219.117395050035,2547.5948068538055,131.2608507395392,456.03354845268296,1119.3671333570583,34490.661159458665,10779.8617403071,917.7008105760456,5.945847850032389e-06,0.00017420688066875195,0.08470589092437092,0.006201410052942586,0.03434643894738481
191,-559.8582523367813,781827.9877892383,750161.7002642697,117678.27030591328,64765.78591095415,57975.63394856349,17092.304327930047,1686.7643144690664,3259.887029451204,2498.206658569727,99.70844489446746,558.3344354937805,1071.2288193838006,34265.314644859776,7889.05718877978,890.6971985971057,4.495560550982863e-06,0.00017174042589618386,0.09563652549359036,0.007028385976846315,0.031227143917313207
192,-662.1247896931094,764697.3595591593,710071.4965076838,118626.80644309975,62923.97712739363,61534.67519460421,17667.590224035106,3383.534381170085,3289.8544644141166,2373.609320666521,190.2888558195724,433.5125093558974,1552.9197774584966,33405.872543113124,9557.857250955556,925.2365634895391,5.914963324219066e-06,0.0001624801639550113,0.0792722071336935,0.012998140896607675,0.03230942718384766
193,-490.96865072152593,786681.2782278268,745112.8333051599,118635.27488094984,61674.05999748875,48000.000000438326,17128.28119822238,2655.4366349317997,3148.225395364033,2489.0839695123877,190.60678498592347,337.843774827682,1009.2559104624895,35590.140550639415,7818.808079169991,737.6766894814992,5.997758728941448e-06,0.0002147375168424611,0.0761405058650291,0.012705499122007677,0.02611124905347225
194,-548.7150970683433,771596.8321409278,744190.2296357716,118051.49062696488,61559.355159152175,48322.790034463476,17299.54417684725,1510.8941285113815,3571.9492125465545,2532.3698939652754,182.85151173625664,372.4823513544352,1340.8380886140328,33160.626591265886,9361.734557713982,776.8893997547849,5.026174171937687e-06,0.00020881864346619704,0.0892399820346764,0.009365220754978937,0.02052208086275468
195,-517.9896057999524,739961.2930763628,705692.2415188849,122679.97640856158,59566.15801194469,58246.152503406396,17465.80234053294,1903.6830264602788,3450.9445208424822,2647.004224487714,537.8239381449431,228.75083462513396,727.2084717297262,31592.89722562379,9530.498004417976,907.9260105317456,4.492421665528699e-06,0.00015769049429797545,0.05914604159239742,0.012875113705491532,0.029095330526997684
196,-560.0292941802102,724154.0592704067,708753.3797287254,118957.6104572118,61782.90797159134,53095.67232401559,17798.303988907584,715.8832166350516,3477.69966889736,2397.8630609888023,190.07870946497556,286.2899270928369,919.9288506580125,28261.87820413831,16061.860603230463,1050.8973800385736,3.191051399385113e-06,0.00011330691403005412,0.08439409831624563,0.018146722885885994,0.02094697742258608
197,-507.0626355819895,768044.3012578187,713720.7136565143,120794.5387378191,62415.38872749535,53920.83202812909,16944.284508502704,2269.715946622371,3751.6098847714566,2542.5340551490476,331.2881224535383,351.44317407974796,832.1194557134299,28564.07506903497,17176.622711525804,1113.22559315872,2.2726758886752776e-06,8.181232940150314e-05,0.09281824469215334,0.012615566202014124,0.022751032339067747
198,-492.2398413692533,737392.2446249374,704948.8976104168,118651.41438678812,70249.2250805018,58575.859029913154,17621.28512056858,1821.167546416646,3099.99222979162,2062.4617344071357,199.12882595603864,795.3453449065557,1315.7200662258813,30337.304097263157,10680.516161948335,944.7763000088473,6.28731865028826e-06,0.00014395289796709002,0.11360489431538917,0.013803985956465138,0.021013014727488854
199,-472.20743554784553,712120.0323605028,677948.9313333533,116283.10163437693,59763.88588437984,55387.66539526879,18169.85144197391,2680.2940929374863,2876.014051778903,2444.643402896583,56.800203316539125,195.3201324511346,698.4613126874182,31156.883994253993,10299.383940371768,845.3597836780631,7.485456793212903e-06,0.00018895691239017011,0.059067881404051906,0.015423606704317186,0.0410505755871835
200,-471.15431716517327,760813.9858566865,718342.3762202001,117283.61031724443,59918.22067340684,52012.35063803703,17335.78841767208,2592.482754494998,3104.7644976767347,2624.6004411001627,94.98579389299726,191.3192639084278,785.68155434972,36752.44438207648,7393.6401612651525,636.8852382582307,5.533899276009345e-06,0.00025489842049104464,0.05774809497363926,0.010976096492452032,0.0570632788278512
201,-500.4432067163501,726389.5913248846,705487.0614116173,118853.03955291015,59705.25527955101,52845.86328894705,17974.377676062068,948.7952401693163,3332.81026085915,2513.77345232499,174.66415786803887,202.92848945483627,777.6791607717369,32387.92840150036,9198.929196951794,738.2416547975564,3.2041504096035387e-06,0.0001960972465490015,0.09461673639933273,0.011620432077609844,0.029685964120517588
202,-726.0809315640292,746553.8201093425,702999.7540990575,118671.2306228049,60779.58588300913,76769.5768229856,17668.58655770108,2850.096327443723,3227.0478675618533,2505.50762930415,174.26678059034649,335.2070714978796,1001.4099566189744,35498.29746711913,9475.656547393026,1086.9901776886802,5.583700243961907e-06,0.0001751339283934453,0.07323044799089314,0.013199295766653149,0.031634501623782174
203,-550.9152125249053,759351.85888186,742549.4472062832,119125.44847966083,60557.42621088663,71323.54152330496,17512.766579546987,936.8296609546679,3495.433724050277,2687.6352153840603,228.71690204027308,247.63461156933818,821.1392730314542,37210.55698476391,9497.05088431454,975.2746679922354,4.427961273285457e-06,0.00020630518823991012,0.06876830177469026,0.010830129666517758,0.039391772845024195
204,-471.177435383944,759414.6218993742,728117.3679661913,118076.55139477557,58373.37482948633,65569.76582457172,17669.583121764867,2080.9947310657735,3079.5165648833295,2458.2084674334556,158.96327082059838,156.63829979095962,680.2418479882487,33013.3485706213,9659.482291048893,981.7882794524118,5.771453988569836e-06,0.0001571602755756143,0.07678197693335741,0.014568256031936747,0.03582952429861608
205,-517.8307304327225,745161.0159157256,705589.9870590117,118086.88267696925,60134.57927108863,53039.584396358034,17711.841953531555,2026.5881725100535,3252.342494072693,2309.474526373613,177.8912256442969,219.9686985223281,886.7444274942548,33374.094897468494,10980.320213638015,784.791325561521,4.284549596681787e-06,0.00019789027309451517,0.09431088885377995,0.01704435486394118,0.019698775975943626
206,-429.8190152849832,795030.6534332403,754509.9800723628,117612.82490140971,59709.64749101282,55453.2304910019,17038.792213718418,3617.6767614716737,2856.023054114703,2437.009396609789,120.91843520176687,203.96454400938623,852.6007998748079,31959.994995226556,10712.865816810903,886.7208190537435,7.689722440859731e-06,0.00016678712402384103,0.06280300616809943,0.012570699505723489,0.0372977993286748
207,-467.41975720250656,746618.4790794147,726970.177965388,119631.55610939913,61710.20252996039,55762.84660435039,17599.216287092266,1303.490956062056,3090.546726995283,2611.3802354004256,205.71020962327788,361.1709506014847,1069.0879300507804,31518.16959874374,10451.348521050319,850.0905356875865,5.487326518111152e-06,0.00018969928943824655,0.07027973950608878,0.009360051118208671,0.04236350833435638
208,-444.026881475455,799880.5082709604,766364.78161781,119890.41260948303,65767.45929145483,71907.62656691053,16308.25363390291,1868.151655092654,3176.217199057201,2479.844919746332,227.7621843442771,538.9519106433462,1017.3873377365607,34464.98151416148,11178.034301323483,1032.0107955048566,4.661171560938154e-06,0.00014679248178409949,0.08146213455429437,0.011858784559086047,0.03630978940594235
209,-432.63941025129253,754743.7383734756,726998.5060032647,119349.53551494498,61982.92901199985,50665.867044019615,17493.5151807374,1070.3770326677027,3663.5990543289995,2782.2195826195725,244.14123851709527,387.0067548791058,873.5640946511932,34199.731318272396,7876.074867520619,741.4852159507226,1.975649673121347e-06,0.00021010801964481445,0.08305893419185181,0.00828800511013922,0.03225201861956755
210,-448.88032897464336,753171.3806148259,699611.0135983194,118790.41510362978,64502.64002642285,51059.26140241463,17232.2771639566,2712.2039422704247,3324.4412714659175,2325.9881372266186,224.44287148216978,480.40181752099795,967.5214093871365,33837.4312528882,8246.381419991021,800.101731701384,4.446544213148948e-06,0.00020540142352984915,0.09590948317599955,0.011594687601088106,0.027282905962597567
211,-539.459075795295,740710.7666784134,726158.1406413624,118655.05065670934,59311.411787236044,65375.56679183906,17455.82083410479,1134.4851956650145,2818.2176495344584,2478.4031380347064,177.40578295598957,196.45698071940524,661.677263885826,31822.717691097503,13255.088659834424,1129.6608084447716,7.229441226054022e-06,0.00013054581787338214,0.054078271758978946,0.01693352715377697,0.02821940248780617
212,-568.1057258394278,743012.0051837874,734441.9238872336,117732.94144403457,64954.666261571605,48272.46928475369,17881.19043732804,431.21486824003296,3380.828082259196,2541.003980178285,145.982913964731,577.9652066276217,1260.2099859569144,32075.92515411989,9803.109058673259,753.7934061925451,4.034451201693197e-06,0.000199529564684257,0.08450677936641207,0.012208017070279157,0.0255913193867115
213,-466.72068001379,752983.2656309167,738871.7090166734,116910.06192038274,60154.93371183428,56032.10052739853,17293.670061012876,789.6587092811156,3205.730991955168,2549.50497437473,87.04187443183916,251.9966068637517,811.2449155343909,32162.845818948248,9649.086206997077,828.8618677289434,4.883080541504885e-06,0.00018022392643997066,0.07535991512220672,0.013449727930664158,0.03672152481224572
214,-486.8954525961055,741814.9197382581,699841.6289597483,117547.0305842414,63076.798138320475,63179.53114999358,17882.997137380222,2190.2274172107323,3311.2395305623013,2390.120226611128,106.78344796860067,392.78450609737786,1085.3928592421782,31972.63246362207,10134.310518312426,959.6253628748436,4.948453604363857e-06,0.00016716899739175077,0.09328115293257722,0.014979178767042602,0.029877407352285803
215,-442.22022583817375,761768.5876622332,740085.693854283,117794.61213244796,59758.425190358175,83266.97083511265,17288.843452337594,1206.163994007095,3345.4449334576143,2719.997579917688,119.18747249986787,244.40131415963526,844.879817636573,36505.62672613451,9648.583535794967,1137.5955250660008,4.453829326450075e-06,0.00014715908326164384,0.0705563703095349,0.008665069006615901,0.03362619056073761
216,-509.040927242876,750572.1637626155,718766.155638908,118777.10758033798,67340.54382935895,63687.819988297226,17550.248535936316,1644.5234783097542,3257.936724644678,2389.8967035485284,222.002112817164,700.4111457320339,998.1059662458052,33008.674300709645,10549.271560922036,954.415436115627,4.741516670262191e-06,0.00014745484399827645,0.08641005925987282,0.011733685519219822,0.03173521976415641
217,-369.21275545296595,756181.4395725771,733711.9581726599,117527.07355279833,65236.664558573255,48000.00000003946,17194.323532904673,1251.5092810853537,3586.2096334144953,2185.6158941951367,188.26739150050528,605.4370223235959,1043.4367102501992,30164.362207160717,13431.778660824895,853.8693600860406,4.960221159833341e-06,0.00015081286343872414,0.10179728907774832,0.014694745786586378,0.016177482462391583
218,-503.92210012720216,748857.5419509544,723240.9280020014,117153.18105682709,65663.33498269513,59032.07104664052,17396.41650396309,1749.0572470933644,3070.577290267026,2389.061212467037,84.74034154414332,493.02671599224715,1166.0615003577846,34304.68491900765,8986.341750355643,838.4327272360273,6.278215524371441e-06,0.00019059532964339418,0.08764097084588941,0.013379125148088923,0.034113440459420614
219,-398.1353188718647,743210.6373886745,693071.3373606239,118075.90986280549,63235.94324841203,57019.434927412534,17760.416806223206,2585.191697069011,3347.4112911512593,2349.376439977145,143.36724217189322,386.60423901980215,1087.913553087035,30350.926893061576,10572.830721917093,946.5152537725342,4.520107650618315e-06,0.0001362591276238419,0.09419959312521338,0.013455934251303,0.024373437914746825
220,-600.1995990062906,757579.2193186572,722729.6006495662,117159.80370627556,60351.68419948678,50389.338412416044,17834.517774072418,1701.5436946217415,3531.896017979324,2750.627280606233,92.84460639343723,254.51943786205098,1163.0027515736374,32900.48155324386,7968.0683284010665,777.5212146649388,4.069871553811186e-06,0.0002067503317776356,0.07614821088322134,0.01047801533805681,0.03845421616239004
221,-554.4631557466862,720746.8065711644,683415.1465509346,123447.31308158094,59558.68035540518,57755.01666544065,18175.70598746153,2011.9506575004964,3289.8169538313687,2432.8161174897264,415.45622627174544,229.0203816780465,803.573186284559,31699.90887678671,9128.324499796536,855.8158930368883,4.17482044665752e-06,0.00017278178087735648,0.06996749958156134,0.019525578927991602,0.03361171572711067
222,-433.8708593054899,739637.9283923449,714238.249333022,119508.65691612216,62520.19735564745,51593.47993541941,17719.10768536608,1402.4260625164552,3123.125780489554,2503.134158535906,241.44737368328,422.9928490999948,938.787017625343,29140.069186513865,14036.385111244774,897.7554364878243,5.041246148074672e-06,0.00014399225275479508,0.06773855307308455,0.01495666229165997,0.02421267331739018
223,-680.1565133364161,753853.9283194509,700028.1712212462,117442.68784374117,63406.18619445932,61631.71129748417,17615.267951930018,2505.4247988186185,3457.3017511706353,2475.4401613604823,115.64003810247432,406.5434311559858,1107.247790283768,33320.4680474328,9904.879263597582,927.9816754915182,4.235288573140318e-06,0.00017238926127032198,0.10044645547048583,0.011721047151115653,0.03448909517784071
224,-665.8142037132244,746438.8423106594,672127.0081760093,119354.34292320507,64346.3325873966,77184.78834554987,17501.99244771786,2795.4666635521817,3816.389458259655,2548.5640674059123,197.29937889566074,565.7588645086756,920.8227530906355,33223.308043662466,12743.12326988232,1092.567815066746,1.863227320612443e-06,0.00015325449901911774,0.09809466566826743,0.013935424089031865,0.03583659926982155
225,-497.00849053051024,779960.1225949188,753151.333802342,118088.25983207693,62268.038710933164,55738.3930323787,17164.367976554207,1502.8186439414053,3195.886160740626,2450.6264522142096,195.25758499772363,457.29052832226546,1012.3180856765472,31312.953791685104,12755.0529182823,942.7134865531855,5.312549021501159e-06,0.00013518350445130585,0.08152600950839359,0.0138060168269126,0.027014141918803854
226,-527.5393189484744,780147.0042815027,738073.5683378192,117010.23252207505,62277.82710458102,48000.00000122882,16930.60105807393,2023.8392714193988,3504.0791447731785,2415.1456778748443,87.18473847323807,344.5227461195387,869.6748617669199,32422.949913689736,8969.183725991137,784.3091454098155,3.856102986522157e-06,0.00018888230724671413,0.08885923695985067,0.015917020740411295,0.014236117386461874
227,-529.0052850511574,801197.2712027876,749475.8265639207,117964.45077075959,61642.35547320559,71780.04288286646,16761.355537668416,3504.3420310425736,2921.3480676468034,2453.767146560509,149.60423644037684,322.39419519118434,900.9645740980653,35661.28504189096,10662.850026503771,1003.5504896104236,5.97436581178636e-06,0.00016164660131972057,0.06966727986828987,0.012735597144255765,0.03467019371272956
228,-480.40713249344196,757632.9938734672,740739.3758581089,118314.06995563436,63223.9586452057,66383.13415569505,17280.833774699488,1017.0456044760978,3339.259706914876,2567.472033138762,201.3699674786199,449.2356067963473,852.0039052067734,36156.08345573506,9550.5980173471,882.2282913258814,5.057157399330564e-06,0.00018863038477095825,0.0689594976933144,0.011614423251774456,0.032709965096701606
229,-644.382710273871,770487.1703041936,747120.4273075092,118033.96243543329,64110.65462587479,72950.76805761478,17249.656794377603,1707.8465061000288,3233.9253241400597,2533.045294658588,178.7418945679544,513.5296038686582,1248.9855099397648,32225.321072119234,13657.559717203474,1104.7644572072636,6.333265878201225e-06,0.00013290376155112741,0.06843255792029967,0.012208335032007966,0.037536577510490256
230,-682.7431529592213,745417.3495984419,705328.6264318605,117093.62810922197,65074.253328924206,55557.31234214922,17569.99321014594,1815.1364267042525,3597.9346564503007,2486.0847793520957,91.10995454355825,503.5453436277429,1016.2776820115893,30613.29398482018,11614.380039475203,973.8744389257862,3.2791955689785796e-06,0.00013890303937975776,0.08490927041058723,0.013535307912648809,0.014364711223794664
231,-675.6869088848196,772326.1917126188,712334.9473551721,118681.88739821395,58556.065438321835,49810.94759270146,17117.975373863468,2934.44657115815,3360.846914307003,2638.2803309230044,195.18933807342285,196.67795692317776,834.7153059959066,30407.003809864364,11665.038761269821,880.1092767155855,3.8026429563406125e-06,0.00014613872816337365,0.0742887198243117,0.01124188854119699,0.040807250711148595
232,-543.0799832201299,729908.6938239473,638211.887577614,117473.45648520575,59447.25944752132,52107.76030294638,18277.527945106784,3588.1584641945715,3721.8819215310177,2596.3335479612047,137.37016679814352,195.9690520805755,795.6397671512682,30474.42223027199,11363.673685271595,811.8695560260142,2.1085407198263186e-06,0.00020690394599255776,0.10146270549417728,0.007491165512370095,0.033108478392709105
233,-586.1243325399859,723347.916118134,706720.9027399906,119801.38526940372,68071.26874667237,48000.000004824964,17811.272786202626,988.4812700934915,3329.20773858078,2292.6771960903798,269.9472490824023,704.525004096854,1055.1155021147308,28915.155668235395,13240.94369136244,805.193540484011,5.044107736304054e-06,0.00013846438975032629,0.0886827048435887,0.014382231584637863,0.021402572479244743
234,-507.5090769866238,757856.2914375839,730544.4546730771,117400.45175355324,62598.589077564175,48000.000000006796,17359.20069523181,1760.0756128765906,3195.6187840129696,2462.8965408493427,131.29772517182974,351.2433830194737,959.262703392869,32264.054280487522,11260.154600059757,739.1219800079162,6.309489762555669e-06,0.00018840230347841433,0.06263643580158292,0.014512469002840582,0.03652369293668386
235,-385.8099438239208,757987.5556783595,679987.116453497,117595.22573005776,64523.1997523966,55131.51222269312,17302.313594330888,3751.772481088994,3643.0821178578003,2687.9228633946746,137.80210848886986,541.5047664351904,1190.2531650265348,33994.72317497374,8910.351659625554,769.5578352820105,4.0107761330630535e-06,0.0002226464983397753,0.069604125722125,0.008998845494604703,0.03679639031720853
236,-441.5736729686393,734967.1237441999,696058.7722563384,116479.31150659033,60430.39313556787,48576.02871869699,17985.150498915984,2334.567890211291,3074.4423326177684,2541.332381310623,51.49160986116475,265.3648604350275,898.4957853942541,32208.292380065133,8512.555255763602,701.3464089710395,5.441555477072775e-06,0.0002217168534762003,0.06421742917565773,0.014203217303800456,0.04923790422164976
237,-515.6970423204315,774905.0978775707,736753.9223441476,117751.95554787862,63613.75962428088,48194.68255163345,17478.919660625063,2107.54275366639,3315.1596592307383,2682.4741589170817,114.13052537996502,486.57644347085994,1184.5251858093316,33013.544243626435,8897.534236537744,721.6205689872784,4.997558654601433e-06,0.0002109789840729276,0.07545261656973769,0.007423446850193598,0.04654070161683667
238,-413.13967935852787,769928.884009841,753759.5107472858,121166.65411134594,62744.888237438776,50997.92817271131,17018.848295403426,733.5933606824764,3590.206395790266,2680.4010312711707,331.1774996683415,428.82170810681293,934.9671986910284,28920.89118793335,15629.822590763228,870.8304612843918,3.5790963347973403e-06,0.00013578493441514052,0.07692257303586668,0.008971641241672875,0.03371243813084787
239,-395.9791415666979,746609.3585035066,728024.1209013318,117045.16280816533,61903.66871262018,56362.825200347695,17486.757092207223,998.307700127711,3292.623765300741,2507.2662848180753,97.28956349716967,322.7860188443656,846.640081781468,36140.060085780555,7280.57890205784,742.3243967869263,4.650197232788382e-06,0.00021902187539437406,0.0893745959925631,0.01063128915165642,0.025467894874703394
240,-544.1002922193502,785221.4496886008,763874.805773664,118300.30191492075,61681.26143232377,53771.57906095577,17253.588753628002,1048.9201138659741,3545.3048266929995,2617.3389306326403,163.36885388300198,332.29578918162014,928.8282690563469,32691.34789380924,10053.31322054367,865.0330598015126,4.454747060593973e-06,0.00018098033661094787,0.07994888622267447,0.011384555133615316,0.037086121520624585
241,-584.1495808890561,763468.9312220311,738221.497296652,119129.86530203283,63004.43555388339,49055.34020945212,17424.270007303297,1257.4845529219676,3647.2972399131395,2555.640466751813,244.45808447083925,409.616735501054,941.0910552081305,33952.27195260561,7793.36347773857,709.090800935479,3.976932806694471e-06,0.0002146278629774911,0.08556031353273878,0.010126634876820218,0.02402853185753723
242,-503.1447481285336,737990.5985597293,696098.3626898174,119945.70633363164,62707.372411989505,63555.45208665857,17859.09610462032,2071.3298039734664,3267.1968067718794,2421.2129676756686,226.9583206044368,430.20185077502344,864.4663463154271,34051.013280724896,9733.516338339134,929.2801608660892,3.924153038689054e-06,0.00017927552191326112,0.10266540874280408,0.010534318541470697,0.03280285724459869
243,-475.799263378161,765751.9594444721,726725.8227321559,119412.63899574666,60118.05202541314,49674.65193864726,17425.070217495653,2555.755072925746,3265.558342274437,2705.116375406745,179.4217110583747,298.90844440003156,1039.5671835763565,36370.212664587976,6706.581704595241,670.0106035249353,6.250137360800684e-06,0.00024405250009434525,0.053727741938564284,0.007946196202410494,0.052627489469920595
244,-451.2280141247434,742662.9422754451,714667.9938998523,121656.93112238472,59207.55509092336,52570.025638615145,17974.901061913937,1336.3792783329993,3516.0560225493023,2508.5969042123575,460.61549350944506,196.95855343466235,729.9407972012892,31248.02159453578,8761.00708711209,772.6073233487188,4.019805930854862e-06,0.00016727561829309106,0.07157149173966595,0.019225366711187082,0.03073254086653833
245,-552.8309568078907,781645.1324930358,705295.732958916,117299.0944136913,63544.86159333726,83088.6105097833,16992.81620265815,5434.361355072639,3103.055262853474,2392.7158401106717,114.67673318648495,434.05127043627965,994.6943963802207,35876.80175231669,10849.23891424333,1090.7419909376652,6.126960579532321e-06,0.00013283812107259916,0.08898990070433314,0.008483307710160023,0.03874152487365919
246,-538.0216144424086,744345.9033494277,720481.9291105017,117910.77327448943,61109.41071269676,62461.20738331281,17483.29139216055,1618.0167249247138,3201.633827670244,2514.837865036861,137.21431843969353,375.8108386981232,884.8235906908899,33627.10661311776,10240.362078684271,937.1618368929069,6.153763209578761e-06,0.00017876862331156742,0.07216902296584504,0.012134738857035745,0.035637694043992786
247,-583.3057248385064,769965.3838768398,741618.0093347041,120067.00961714095,62345.97291264531,80167.76437243294,16990.435428027693,1833.085982166513,3007.4981925738753,2502.524043037278,261.34394509236347,374.2224829387421,972.7976929053718,32376.944626958815,13184.897062446616,1217.0290700727514,5.5144515060675834e-06,0.00013224236402157444,0.06732892688755199,0.011116078169080501,0.033009435231763605
248,-637.4209324084702,715625.3359563431,701220.9817480701,121263.81791256595,62395.100641746096,78926.07402408442,17665.336831170407,602.9232073763446,3471.2167040212285,2660.465211843083,337.96194126267676,402.94312323454824,760.034379696336,32032.031167706366,10822.452244318707,1116.615352328628,1.9441223160243672e-06,0.0001445983295058444,0.08421899710882438,0.008364097109837033,0.028045908917750537
249,-465.53776076240297,788839.3249292864,776814.8726601142,117242.58406705287,61803.159188607984,54104.850182945505,16830.121720457795,818.2107384815286,3323.128631507576,2576.646311586043,116.1595078902241,368.3806460106044,959.3117294168583,30491.75178994293,13932.503737903455,919.4212870413163,5.804681450264476e-06,0.00011509860485725623,0.06259394373848827,0.010640002987079521,0.02532016919898096
250,-518.9099232343252,756957.7060072507,718669.661015299,117911.47099962876,61815.19000428887,50447.81832732932,17235.635382077024,2297.4172097418955,3241.165278188775,2445.7932496689837,135.1442190364974,306.9824300717237,802.2241360203162,31565.010616535877,9751.617260465686,817.733016552567,5.5551677058298685e-06,0.0001682176506573787,0.0703426641893982,0.013317534042316958,0.031521009012158194
251,-555.2665843876757,719255.6168547178,663351.5056238635,120831.43922570795,60225.2793461633,48000.00000038034,18103.571175570545,2465.296866859239,3712.0806663801072,2632.1486142704757,370.1595115247482,270.3488276294743,796.0062095424424,29664.34196602263,9920.557088664757,796.5190936570289,1.9357691178356398e-06,0.00017354923552615874,0.0800225015461727,0.012962478953997268,0.023471488450533658
252,-599.9032991469065,751639.5479387937,720661.8179751167,118914.29142667439,61498.87157478172,54221.30015455994,17297.96899034926,1601.6465814624366,3326.071718031285,2577.9859337300577,177.7135653859008,330.50419418789033,1053.0049900322783,31509.148878047814,10393.321199479917,849.8980766989922,4.44122763699125e-06,0.00015900094008880443,0.08103601786192637,0.0077365251194655305,0.03100215104328316
253,-574.6366621209924,696529.54016513,650519.9570387554,119347.80128324813,61436.41146223471,48000.0000021623,18374.344668092264,2108.0465599532945,3568.1149456069497,2502.659980794101,175.99803962424502,299.47223513613545,897.7574489395831,28445.982337139176,14606.328651563384,854.3199881682858,2.9558787961070282e-06,0.0001310359470962728,0.07729576651805879,0.013555877464227028,0.015608164086179285
254,-550.4257584123538,779143.6428296419,722297.2638160054,117961.49483813062,63550.02824350563,50922.74963008463,17020.028084565696,2351.7665741753212,3620.2226990679574,2406.0582517896337,144.501387469986,483.2809161959805,1213.4491829011945,30873.20983728589,13485.372040080143,860.4700963426616,3.7294419307544816e-06,0.00015932371368204776,0.10391934240633405,0.012928927903616619,0.020173922835594705
255,-439.9704107824235,765596.3418595862,730509.2131879379,118908.72602254165,63638.96942122303,49963.12594265264,17317.696556792747,2094.236905949848,3114.0733816064194,2303.453397246597,187.73610255032048,392.11617775365704,929.4503257336914,29894.611566922355,13068.319103155392,876.9255939961603,5.879121319248915e-06,0.00013065543975084197,0.08518029878145264,0.017435600879446133,0.01968697609693545
256,-546.3301944982375,780080.7298465628,759540.2159781769,117068.44970720216,60407.592055505935,54123.301880792555,16774.40768206385,1232.8748075939266,3145.8529909605245,2447.095083928443,114.8603677310753,259.20384323800744,765.8492557440679,30393.28884962163,14045.448867833238,894.9749145977913,5.300607296184867e-06,0.00011909556000856849,0.07878494554454393,0.013207147811179397,0.028519632012104952
257,-468.19695278220576,734457.5095821108,720006.0626076637,118028.3235871653,62960.53642222515,56578.32478893285,18013.510489908727,989.9462896155202,3119.463786408404,2509.604146861686,131.43474516505842,404.1630002778288,1000.7487019061425,31241.94926212142,10609.396977736225,875.2053926820615,5.888329782595985e-06,0.00018026334099133885,0.06560245751310087,0.010707522896207486,0.038301535321085704
258,-599.2340756430041,739294.0884310221,675969.1449895144,119976.00014620046,66179.31992700697,48954.50579099799,17976.758356504783,2637.5297353666942,3665.6721512437766,2460.6537838878744,244.01528873266227,551.0654315291397,1052.5146399945281,28744.76309564258,14252.671547384552,886.8885717364992,2.6013878833854283e-06,0.00014883624759793075,0.10721673825877687,0.007353484333727294,0.023155331728802124
259,-452.3974783017308,763221.2344980661,731268.3204978184,118768.1100442292,60542.535238325734,48000.00000211378,17277.666811523526,1660.742326137104,3492.9317119230222,2544.5993567825863,165.1873000510573,307.94697918118175,789.9908272618992,31385.592511595787,10520.393247145921,788.8192238003808,4.847035005563813e-06,0.00019090108906896262,0.06818889579722845,0.011603169436125214,0.035696746039965394
260,-372.8960942067219,760619.5286493121,736710.116354582,119389.68733556995,65141.454867608525,74211.53557279495,17313.681416910964,1345.069937028252,3297.447059163661,2406.731660677091,293.8846222295402,524.6710270006371,1098.6533749103066,34231.00182170932,11528.907530769558,1100.2755072969953,5.048016129690472e-06,0.0001476747725245011,0.08141366883838021,0.014290351168548656,0.026905902220299902
261,-556.135141860474,735858.4168865333,665334.3697095276,117805.17841767108,63264.437084193814,67229.25594151966,17790.084415669924,3016.9155958372144,3535.5354128961435,2796.7602313069397,124.96018687599138,462.2358717993384,869.0497407539535,30058.10405324215,12988.447177777747,1015.6054391720374,3.14824607798473e-06,0.0001283417118884833,0.07336865456494669,0.006152914938326715,0.03153399075254646
262,-585.1880588815543,779685.6074771108,745227.0779494288,121527.78229404335,66657.67887839033,70089.3664845974,16937.1514407249,2390.6024996665806,3035.303988797592,2274.4937471263893,387.320556876925,580.9452123236756,1141.9890573916139,32087.136006257853,12122.256573390729,1129.190112557186,5.845587352386226e-06,0.00012308466692271175,0.08902569105083183,0.01405977154233811,0.027726943896091698
263,-566.6955935480162,763414.1964809876,754580.9151829196,117576.77729789382,62615.51340488525,56449.5090948398,17098.34425830332,609.7450180447003,3266.4987462869053,2413.683679930738,155.80938581421907,438.0486608695649,936.1376975045465,29521.043872593134,16391.264554923895,1027.4243853336957,5.919622585424373e-06,9.781290056294302e-05,0.0806564679696885,0.013015700423838844,0.019776153998604943
264,-520.6443421656613,752484.0053812388,707518.8870332078,117949.67416166287,70281.39814335159,51213.58262406415,17444.49408363026,2482.774025371417,3140.6769761276937,2358.0255071297124,119.69956506511288,821.9382960494852,1258.587797824091,30545.997041714407,9305.338483212885,828.8707435376806,4.7986051239716715e-06,0.00016974422271217733,0.10376700382934854,0.007692165703720822,0.03731675368803536
265,-571.0539455259564,768968.93966884,723281.0065447576,117542.17723130496,62996.257336224066,50983.13410241927,17331.515494746942,2491.6051962318215,3277.798523736006,2537.8485085683783,158.84443926910544,422.7518354562431,1139.6308016560913,31899.013159511156,9216.613504278374,801.1023263119671,4.816802426168913e-06,0.00016708467762908952,0.07354385269343842,0.013626353196161357,0.01830059711738125
266,-446.6536632048542,728057.3518071743,697554.0393749647,118973.87910812713,64728.515187460674,69165.24416894835,17546.26770227908,1952.0769560085616,3239.7990287216767,2499.8320138122676,169.72401272127615,518.5924732585244,1135.7032885853573,35231.03012186412,8948.737501751313,910.724050811747,5.643693848005639e-06,0.0001707806869810837,0.07573882168215401,0.008245337740648517,0.030771627970405314
267,-665.3370981591153,741840.4076959032,673375.2795721766,118829.32690121874,63507.47651629251,54406.73390232657,17615.54506653841,3916.699430562837,3330.671297691659,2604.9763331080394,199.07665624496272,542.6219303175188,923.0536922207929,30275.52340519863,11472.617891033353,901.0148037463468,4.738138485429076e-06,0.00014686378812864135,0.07505310623940425,0.011493369830490352,0.019866717927038924
268,-529.3162784939836,725936.7862099009,644274.1072846082,118066.92785281134,65377.87800046096,53171.643944832154,18012.06575591549,3408.5148732109546,3392.029453185358,2458.5981628785858,190.3121785782878,566.8106518484999,1127.476291494704,30736.921315556596,12181.587736901865,837.2424215850292,2.2431007839756068e-06,0.00017283966057395604,0.08831472331775352,0.013013935934436014,0.04046479301847893
269,-463.60926443330806,729173.694956607,694747.2456045618,116666.64534163004,60726.491044465096,52546.81363171592,17361.23744792629,1633.4794686690286,3462.0743106343643,2345.447981103231,116.5429528864845,292.7122240169873,775.8273572093829,30330.203160471334,12419.44492382684,821.6393859299246,4.027850360697052e-06,0.00016981833446730253,0.09133279010940705,0.01450888083109687,0.026664928158521742
270,-689.1210934935358,750831.1115300894,697937.6769081771,117107.44244547463,66220.791195743,48862.84909110697,17776.312495721148,2338.801440313312,3552.9986989035824,2318.482690907037,78.06316959353869,620.0980551497175,1084.608532577253,28911.757961556377,14651.77011120671,924.8111290078566,3.6006998589688988e-06,0.00010085507530471859,0.11464710388313978,0.013781097235948286,0.019561732318825204
271,-525.7990221665113,800141.1682450916,732125.7855996124,118368.02673487208,67454.11379198277,67402.52758905877,16564.426159396146,3224.7166562058046,3365.3946293205463,2250.972787428016,205.23748939564882,631.6901839443277,1152.3191120712945,32581.573976192853,11553.648498956183,1030.478101672028,3.860100917960776e-06,0.00014346063654707694,0.10443183888634157,0.016307091170097095,0.023183928692456224
272,-642.0825914039764,759196.359656676,711445.9427756439,120881.56555598826,63591.66308944973,62633.07098992286,17487.253124807787,2515.8138608874788,3440.7734842379377,2563.219085711067,311.2503964260518,472.37893054145053,1050.9185596264385,31513.744761970545,12958.961145440599,1042.120662279378,4.68741247191256e-06,0.00013138425986295783,0.07113412950284846,0.012693990310740073,0.03133440115224044
273,-522.0621827222824,716076.7854969078,654709.7499369241,120153.37283016599,62466.444931546124,56848.23823713924,17833.267227622735,2839.730588318037,3401.5574269916465,2378.1566565931635,277.07580270142296,371.77909051216926,727.1293895019388,31920.553896868358,11074.599685935353,821.0894177492673,3.078818791019529e-06,0.00017494688751203743,0.09185298759503535,0.014205576397858605,0.018497076008539743
274,-498.1479709469173,751147.80715564,685287.951224648,119114.15192623371,63663.47449499907,48000.000000432105,17622.535585214286,2672.4018048266253,3730.734542577737,2511.223186021564,184.0570785243926,367.9538354019253,989.3871819706092,29722.911395308878,11550.79384523763,872.7796221408407,2.0969778866478964e-06,0.0001459259908666153,0.0971121971118956,0.012112709898586151,0.034630769437525466
275,-463.36182324507064,752781.2024205062,671535.3029587595,121002.66488146961,64084.00364260027,50542.90461804192,17752.295239010058,4091.3659336396104,3247.5208226199243,2454.3299184433718,377.1357395930424,500.74736206168876,1463.7026353621357,32349.625146512975,8534.40889535492,755.1331630963092,4.637482780402233e-06,0.00018860348645889652,0.08409478679186322,0.009024576543451991,0.0427802655003537
276,-478.43900381322123,735905.6886645174,699886.93435611,117941.20537012404,65990.54371634392,68362.55565272897,17754.824544810857,1435.9862242894174,3799.711481148809,2562.813149763152,146.07826411108405,547.9443741144353,984.7092517903734,32159.179615131652,9807.646654974027,1021.5039943467528,2.4805003266661375e-06,0.0001629673984516042,0.09825953763446299,0.008839057944916379,0.030120099028685583
277,-576.1673965194465,759314.3774231668,731942.381460374,118913.85079545017,64466.33763946314,49870.046553376465,17315.920434862433,1171.701705361957,3575.739472512503,2445.9523462069033,217.6407849301556,535.3954641869417,1110.2060758878802,28938.14023700961,15067.306968303388,958.2527500118089,3.055258860904068e-06,0.00011599694654805827,0.10466249081328104,0.00991111674331576,0.014617915567797502
278,-483.53548757122746,724344.6863407752,673191.3365734302,118749.28563689927,61656.944108169344,48000.00000686561,17947.71749861639,1910.993429634981,3845.990554787891,2780.242624429307,253.00822299770348,299.68911140046896,832.152181034388,29016.963776453053,13050.07135125559,789.462287535134,7.779870905774392e-07,0.00014929503709319172,0.08613364284996686,0.01145064680286416,0.030057174306180972
279,-518.2682579287525,789252.040511572,749418.2874992664,118262.22162251994,57971.939680926385,48000.00000054329,17282.277652600977,2126.7034374168743,3402.769899657654,2639.20529615764,153.24604148984486,145.78912740489469,707.8714965547689,32842.564508307245,9128.006487894365,756.4299859956745,4.655826675493473e-06,0.00015450974596768895,0.06790809038827011,0.01209310344156932,0.03440934694595859
280,-422.5397868513213,750276.2622489874,729323.7130904777,117355.9775106994,62284.43403159035,51673.941841512875,17500.136340782152,1432.6642275567485,3180.4741116971877,2207.7694689898817,129.9240721615955,409.7273266289196,954.3722279849926,30106.003230810824,11892.41338390131,835.0231798407563,6.893906882956544e-06,0.00015518633321284537,0.08648837958663938,0.018385431918688695,0.03139884368294505
281,-542.4420946509051,743644.5538275335,706502.8380258136,118836.44301538289,63533.19094379759,48081.202123249066,17874.135133482327,1576.9027024627667,3752.755273098101,2768.9637898489195,186.78777885580715,375.8140063644907,1013.8000319145041,32811.16572667493,8717.615599117378,751.1000224203545,2.0065250423893097e-06,0.00018722101410985407,0.08948328606765779,0.010709876292311639,0.021259433432037147
282,-373.7600634840805,748373.9683318515,720012.0673966695,117450.6701125737,61036.846851646675,74471.36444269659,17441.704229189123,1282.6319308841944,3400.7803824819102,2435.778518237378,96.3065764475697,249.88441365209215,933.090171659489,34652.75256570599,9594.944466093591,984.5057248968247,3.6504371853751296e-06,0.00018003870488595043,0.09285071896628859,0.01571318055225032,0.023885171034097426
283,-442.01176509152947,735792.5283134906,709864.0121533015,117318.50685399024,69272.84736262662,48000.0000000056,17715.69129683332,1203.2023607870228,3505.6960067826694,2472.5159529816165,111.28126456893511,719.9126742623858,1267.738103212248,30433.297877766756,12127.794769616987,817.6508204592299,3.327402461302676e-06,0.00017624099614615965,0.08886425555268933,0.007905754841007714,0.03894577300073556
284,-484.3804386656699,741229.1907899664,714080.0256279432,117963.82199076796,61291.94818124688,50835.71645408722,17449.02916155288,1411.2766093610855,3268.0791070990817,2524.651565696874,165.53886148074562,356.9280694878186,993.4168256443068,30057.215873316432,10369.755789421417,865.551540200561,4.52083045737e-06,0.0001572744794098365,0.08246788085533933,0.010205389572567692,0.025578487885898102
285,-547.7380292372789,744670.4877931806,704725.2695877302,117193.63107548137,62700.57604825725,50262.49719605926,17412.40381223835,1634.4700531079193,3561.978795547014,2479.5461440060826,90.14881761538206,400.75671347971206,997.3453901281814,31854.056612770786,9104.531694278081,769.3512051728554,3.1039767034119563e-06,0.00018522751810955783,0.10962218150900853,0.008929460460870828,0.026411372735790993
286,-534.0375108915248,752612.959433974,730531.2771138988,117983.37768648313,67316.39390063273,63084.628041227326,17906.220320688422,1280.6799308509185,3362.6173097903766,2552.511045212489,132.79042390257828,621.7384616977139,1396.5728954450565,35586.28422729693,8937.179703048716,914.2474907071625,5.504159343560618e-06,0.0001856248265237067,0.07747323715728582,0.00776782665218181,0.02399631388703858
287,-498.653593993369,750245.7842952403,705957.9383607848,117037.91805317435,71643.74915297538,53338.29150866596,17524.175779828725,2466.4937210650714,3203.808759580617,2175.064147566768,110.24380494167944,834.8490273409573,1224.8351323663069,32866.39182876532,9416.545808006093,798.5392538241782,5.588121859880972e-06,0.00019279637337363167,0.10840192693517252,0.015058668688947598,0.017743023869188725
288,-474.5906439440291,728154.0386123749,681451.4262685096,118633.40680163237,60861.5852348595,54325.7021371341,17948.542606002826,1952.643368499636,3379.3209459087375,2586.158331565045,206.32887850349377,314.4031723872134,885.7114158889932,31065.775624451057,9720.507516797461,830.7209098682289,2.3943220055689594e-06,0.00017358334126414568,0.07712772666087091,0.015243582443911819,0.04135257371579715
289,-552.252920912616,766989.7915373597,731740.1880804609,121840.0415543855,63559.067216758536,48000.00000053612,17150.231979611526,1748.08520099703,3340.4492285663237,2457.1794971832996,506.8051194548256,434.8633034998733,1088.3776681070722,33086.7339655227,8286.467170282578,712.4082515285353,4.2519171124151395e-06,0.00020732614935480378,0.07851104452711558,0.01350709161768043,0.03509741040889383
290,-547.8761145323364,723829.2842278542,679582.0157982202,118647.06760734193,58966.93743912512,55081.88236959756,17921.10602710294,1692.4718006447533,3630.7011989405123,2634.043539753032,174.72100134455758,190.46585396734793,805.5651081527741,32958.73744271521,8216.562395416797,770.5697519222555,1.5012732893083906e-06,0.00020639202681564352,0.1003091298975525,0.00881477053182505,0.032775019508956775
291,-537.4225303186083,748123.8502595111,683808.965116294,117722.38240074154,61828.53845079757,57327.3270550495,17677.948632288608,3337.844176050354,3386.9701824418476,2249.234895729846,131.35427625071983,342.5999520452551,881.2490798434941,30368.14062355642,11451.718002170903,935.1265703408287,4.691334985689279e-06,0.00014634783612584257,0.09770394260991254,0.018301709921132055,0.021489120342473314
292,-452.0298525825487,727862.2484982702,682275.4523708887,117657.39098203048,60413.60164378835,54883.75148559895,17943.65173221857,2627.9596377952867,3157.957076659405,2313.392578687583,157.2111033923886,249.47297038089124,920.5357476693073,31643.229139326762,10793.17579144294,825.1305553867874,5.057219741744845e-06,0.00016434684862470173,0.0928172123252393,0.013569226017138303,0.026824942618028366
293,-511.209781183478,760869.9840130323,706551.4416810438,117757.94563775009,60604.483493908185,50175.4161395215,17298.791962994117,4189.476480036673,3054.523218219518,2489.223046281594,142.18181936183925,234.76431380492588,1066.809605735291,31586.24834534051,10426.276044798988,783.5847227601544,6.390386473905317e-06,0.00016299656632297834,0.06307453340847102,0.014060253531739923,0.031172033746255014
294,-557.3682851014817,712329.7085136025,679640.4496673493,120767.25005834766,60897.49505533726,48000.00000063435,18072.00986187459,1326.572328725028,3658.5311510852457,2558.4705101853983,299.8758134500036,293.78801384739495,930.9370517063045,29792.507161510595,9991.809601227164,765.6260334123343,2.5972577486845027e-06,0.00018537287514264252,0.08505169497994707,0.016152119804625626,0.03149116190925887
295,-603.132191364168,794468.5204098219,735146.4230281673,117447.88991265709,62697.049871129915,48000.00000005318,16952.053226963442,3128.8424296566973,3467.9795850307755,2568.657501859229,109.66256800459645,393.73938349598103,999.8744829736864,30918.322291590463,12016.250651470122,832.3104627099817,4.284991487412377e-06,0.00013974767991363577,0.08882225760767726,0.008801221295616517,0.029534075098612136
296,-493.1860386624802,742013.0519398043,711510.8389846924,120368.65469486137,67811.76782496978,60709.86136904379,17821.175968227315,1418.3356336605202,3448.8610596021704,2266.471695080134,300.5071609246879,665.0185395093263,1220.2941101606343,32816.846068660234,10874.083524490788,874.880989033854,3.7955206478515044e-06,0.00016717799679121659,0.1058138422313016,0.013899772636981625,0.030224526130197136
297,-645.1093446759935,770580.8795997512,738858.7473085521,115848.86878497674,60309.418033123446,48143.039363196294,17108.95163932997,2495.3757098661235,3062.8144996894903,2664.6522242723195,37.10366307095253,270.7633552948974,1035.3608575938968,29851.67126074058,14304.989318564194,843.4484378745267,6.669139395674824e-06,0.00014470006290793715,0.05860002620974536,0.008985379920606572,0.0363875968343721
298,-464.7362575497411,789307.2372134671,763040.2408522676,118686.16130627906,61261.320552436984,70257.42361770017,16824.86076024311,1780.3855565558613,3200.9937077013938,2471.6538135487913,172.9830380667914,334.88191588509443,1082.914093451409,35869.29243831658,8682.318106816485,969.1863787176517,6.0166323250031005e-06,0.00017441032435828197,0.08061132226433626,0.013430349814239123,0.038975975861476574
299,-518.8167026522922,717555.5954026905,689783.4148955496,117164.56866975046,60977.568096643925,48000.00000043278,17855.919025665302,1356.6599092745637,3214.817725306224,2384.4035251514983,84.97932641221732,249.9901863961853,695.1842386595557,31186.79538973943,9849.824869671653,782.9088599314814,3.7325799588746475e-06,0.00015976839298082322,0.09428990724501907,0.016951707946540804,0.011971988951468478
300,-483.2813747935086,771857.0794451244,732334.2683425513,119014.88663708403,68919.3296469926,57385.56403808803,17369.00927472127,1926.8227078642008,3459.881514099699,2435.604373634156,205.56814446837748,810.5497775945116,1111.5544747944855,31150.583353813086,12388.553226364307,981.3213695852079,4.2531946515969596e-06,0.00013371976497660086,0.09288701295366539,0.009571941269034389,0.03441825767652826
301,-603.2011663437986,706647.0348253389,679012.4784151687,118837.22084934065,61881.92245637393,48000.00000000475,18056.391004296584,1158.6791425588722,3607.2713090737693,2633.7952520783383,202.2552931473331,295.5431060730276,886.7258558025703,29826.020239960762,8331.352782410464,740.2683589442264,2.110452127172607e-06,0.00018642906221991588,0.08862726824687726,0.011509079639162836,0.015843988073551248
302,-471.4035568041924,769471.1458208908,732374.0799516862,118529.18207250223,60718.26476038897,48000.00000023463,17373.961892433075,2108.2265476959446,3078.797562887716,2439.707642167161,161.76227820214112,319.98055104560063,996.4369843892009,32545.788174937323,8879.003290468274,780.6161818142956,5.308124958703085e-06,0.00018537719072286157,0.07407569205579356,0.01551329883231419,0.03211359714896598
303,-501.18321874487924,741323.1838811236,719210.3217095201,118655.32309880694,60157.35946604842,57145.6941886535,17542.173422907497,1039.9186401116558,3478.160995500576,2713.6469096408523,137.2495756565133,277.7828108711912,933.9595734783182,33297.57557101757,9255.935325356228,795.950890926649,4.0956092775140625e-06,0.00021661416465716858,0.0748461431882688,0.006363242158108222,0.044481610494972686
304,-497.3925668354735,824153.9652419568,801535.0829295184,117629.0324455671,65245.73611519483,48294.60680637156,16138.83688074767,2075.1805352097795,3025.7714082073926,2394.58363857802,134.2850516230061,522.1966125400107,1118.6023106293028,32125.309937364324,10697.254200828718,811.614224827747,6.9522621394260875e-06,0.00014468121360749366,0.0786838440050357,0.010751129397133017,0.026268705926399214
305,-549.0524734520152,752829.0365817426,683409.2550541605,117486.42892722863,68915.78734637165,48000.00000016437,17672.868168326193,2849.8381249308572,3780.098528314605,2277.973682801505,119.9321905033363,893.4565896237089,1133.2749988431653,28223.144893316614,12403.407701214199,840.6391277138365,3.1691380359095655e-06,0.00012403124187792525,0.1223297201809383,0.009235531542706432,0.02400808610484285
306,-541.2060851046285,762421.5263495191,730455.6481171852,119042.98721915297,64338.524824787746,53272.6411714278,17256.356773930656,1482.6990191061727,3544.646237129766,2599.1756078874746,194.79902515022528,521.7919695501573,1035.3101042996755,29739.632448526314,13327.936524966657,947.7607908231588,3.927457573873371e-06,0.00012134287256782776,0.08164736882759714,0.008404656909270237,0.03594334144169036
307,-494.7642724976459,748755.861193028,718666.5269232963,118995.27238352649,64427.097684723776,55727.59112300444,17637.545404156223,1435.5619807297169,3526.8848373069345,2511.347549374782,214.92104798186213,587.1110917382658,931.0675221445864,30967.490819712868,11968.36670424627,942.1350544498467,3.4052573088367334e-06,0.00015110742264574006,0.0906076026735316,0.010731119056414351,0.02296615001776358
308,-445.457389674527,757898.229615479,731690.2057524488,118418.68708768496,63549.61064543161,79896.17890121204,17331.633618036172,1797.0552803393493,2944.6946286135717,2333.4566791029483,154.3555483336756,551.2494244054122,1138.3427037352092,34362.74820267021,9880.909787488496,1132.6163913071766,6.23750125217189e-06,0.00015671070387236334,0.0910828872775111,0.010821634021272739,0.030529852491125557
309,-575.418751636192,729468.2024672135,695072.4460126585,117448.45305021873,72653.18373399028,66373.76249589633,17790.394202221283,1854.6148790626253,3117.901482081346,2274.350035815763,116.323234451283,863.7770863610299,1444.8637799758915,31661.740197944906,10685.93467707283,1001.8571452015428,4.932270263323702e-06,0.00015778304104692835,0.10659646986384572,0.00875240544956848,0.03229056794587955
310,-586.3438071787526,753346.4189857213,711509.0191670344,121073.00837700149,62468.77787976709,52502.81258667947,17309.598641166867,2276.176554748046,3420.8393304680876,2491.4347232672562,306.352051356072,351.3806811399327,996.2912868623628,29286.499724228837,13159.750618376878,892.2162884389369,4.449213831646356e-06,0.00013025539561925068,0.08023176533494424,0.012109141761459961,0.03074598949177869
311,-566.1234602218577,746615.5632201771,705514.9032948997,117013.23400796355,59291.93866420272,53912.726661519446,17825.71130165349,1631.4507833187251,3817.3947593357134,2537.6453726655914,98.09748070166236,188.35926633167267,774.9410704746624,32903.42897719657,9398.299983107387,763.2526722685151,2.4243636906643447e-06,0.0002084154403486402,0.1049876891769466,0.010062105397159994,0.03213301470106471
312,-411.010653069328,788260.449070036,760768.8048196327,115406.83689679421,66517.14521200774,69800.59419792554,16815.907713846897,2016.872186203148,2979.0639646185823,2262.334022972905,17.480533460029402,616.4244864975046,1222.331415992546,36068.768800077625,8920.011486620764,951.1968044047921,6.819980158562631e-06,0.00017185319218148557,0.09813659720351496,0.010675441004912599,0.037954872661906114
313,-608.8775278331694,727447.9678175631,692307.1168675178,117298.07482078325,59830.417054786194,48000.00000004534,17686.36396575713,1865.083640741638,3338.2721389624307,2577.1540960246616,109.0258092820924,213.08504157987815,792.9750427834088,28114.10687319508,11821.467896955417,891.6334289715179,4.144865599528134e-06,0.00013139227382578722,0.07186441221058056,0.011819280646172187,0.03330266545477933
314,-433.4138652073343,789201.9795998635,772350.0910182244,118162.78501736907,62052.58544971086,73981.03731675704,16853.103377939537,831.5723748203109,3518.6402745570654,2493.961044000229,115.73888899547084,336.2820781754313,825.7982149211517,32696.701666872395,11719.78210815932,1140.9842157123385,4.54658618498884e-06,0.00013377376727118784,0.09086940304808186,0.012835486962739475,0.02963552787206685
315,-593.938823919742,759985.8462734772,725635.6524416603,118924.54838843444,61048.16743602765,59290.30058308315,17506.1583608502,1829.7516858498163,3542.4087384362483,2506.269696593975,192.68599519836997,332.4740571880594,982.553446226013,32932.133569371785,10352.745709330202,912.2896540225888,4.443514235742956e-06,0.00016471495852300513,0.08960469218412168,0.011082181249140635,0.027526059157800722
316,-544.0998799371596,768640.4972242295,723540.6204393313,119855.54169160075,59945.08180451511,67364.57595492153,17536.33096842779,2733.9731540935063,3214.711976106275,2649.551720654922,202.89783741838147,214.08642909862638,1062.4404593212753,36451.8495091602,8974.10616376951,885.5344218795389,5.498300696844739e-06,0.00019704459980595833,0.06640539380989216,0.009485410856380565,0.04595034778004499
317,-451.72939112117695,757092.2914709863,710854.6077507407,117517.70220480737,66184.10366467843,50473.06190912889,17235.12583328725,2344.987186962476,3231.6150250919563,2391.433045947691,128.05265964550296,522.7230220958415,1189.000140651002,32441.57076733564,8852.627225041391,780.8511272805486,3.957734383389372e-06,0.0002238181300336946,0.09842513386473019,0.008837659184106587,0.030392156671007114
318,-453.7439066190889,776856.8471651099,741547.3211499038,119171.16923223778,62337.4419577925,57586.81137643469,17188.798599878228,1823.1502849569522,3483.1939823093285,2550.663895443894,197.84344310275227,345.4300186038924,921.9958357050693,33549.41121144733,9796.279549080149,856.0587985516121,4.536694839840772e-06,0.00017573212826217766,0.08088315660980865,0.010392114569147435,0.024933635527835205
319,-667.0085541249492,786324.4186359856,755777.7339387689,118654.23370993498,66743.62777026335,71317.62335189516,16793.13070259427,2053.5214463856346,3247.8774065603893,2711.334587401991,220.24174131197196,642.1824492312551,1331.6559587129582,39018.25859698164,9257.293648679499,877.6981416164791,5.768966033754084e-06,0.00017804217515682508,0.057066837907838126,0.004698434133078279,0.030357626920390915
320,-511.68045341435277,769410.1160747475,752987.460367168,121086.93514250501,63203.510806516686,76296.26117618568,17218.07008833745,1114.236785556496,3172.9283255505343,2569.4648375779793,300.13595536633113,444.725011108296,977.5496929629325,35393.28895445142,10977.88769672137,1068.2164898929932,5.821570888968255e-06,0.00015957372686476793,0.06225684588186391,0.01173998579417121,0.027423005958721294
321,-555.6765411336626,772811.8980785534,738024.0838629785,116936.95540083149,61167.194443416105,56208.772408511635,17342.884315230116,2212.479065705675,3109.862053318915,2482.947556897555,74.54222921597828,252.19682101396026,883.8682142371337,33455.47790033986,8541.7530049216,841.1943926642795,5.498111505963248e-06,0.00017469734954505138,0.08267200395220041,0.010297196650081017,0.0411358706004407
322,-519.0330041337379,759807.2332784903,736785.1596094406,116516.05446642754,63392.08846318889,48000.00000027718,17401.274598368593,1351.2849895336608,3311.384437894056,2426.066967849151,68.3133758416764,406.8270009866353,906.4784381055534,31201.334858636532,9374.924597149755,692.6413758767146,5.2710472321020305e-06,0.0001867667917808606,0.0753974880873809,0.014722212955687227,0.038184047949728545
323,-458.76733162735945,758077.0136591841,732900.2220213227,118543.45062258023,62839.814797079016,53102.36766266626,17356.28721378603,1133.773724538479,3633.729664662363,2467.763946136508,152.19732519321235,527.5338614589098,808.3138679722708,32229.867364261994,9985.7087723457,828.8254374308221,4.28542553540658e-06,0.00015543034287308777,0.08570074216870112,0.010751255816488624,0.03354947913828032
324,-534.5598556856905,767922.9229985005,740279.2646430301,117774.20416070499,62314.00389732554,67703.81588908918,17246.854320376697,1245.0742733237037,3481.395014601097,2581.8687182249605,173.82466895027045,339.50785751053996,1028.4730877328004,32382.057943588563,10158.12201397265,1099.3010204450525,3.1435911261726986e-06,0.00013364710321844432,0.08970005181288633,0.010639282583721238,0.027135151857450152
325,-402.2269680075222,741981.7673325232,728439.7061556289,117066.97792647635,63002.548532528686,48000.00000017733,17442.828704645708,734.5171703156511,3267.713575748831,2431.601670843339,99.25862226679807,472.8748430008749,866.8250142471286,33785.418233077246,8150.598430764055,685.1154708559353,4.8871553012717976e-06,0.000209391635170522,0.07824352989798325,0.012823116684128038,0.029770223848629873
326,-518.9076831361654,780063.7562116747,739504.0713704654,119002.93362072835,59058.89686609977,52686.880069712046,17183.71599766271,2246.567124920989,3471.832715482159,2632.3761243237464,213.69469414954898,194.4593959863035,770.7653281546827,33366.71733566864,8862.888673873618,810.602253415533,4.966757108928247e-06,0.0001784156752564886,0.07173187532064626,0.013098593468827722,0.03145027242226444
327,-409.11449260431016,771188.1177351973,720502.6474004416,120892.71477754012,62759.106854851765,48000.000001251414,17184.179711507222,2723.4193824762497,3439.126799847903,2427.621846492133,292.4932575625477,375.3475728513035,885.7324103097096,31545.87290375547,12101.344307133504,787.1786032431663,5.350086752492299e-06,0.00017911270541888765,0.07760767964616347,0.013168166674197911,0.03505491232940274
328,-444.55981611731096,773645.427424673,737869.3385473132,120655.97960438156,64373.325684882504,49367.22199191312,17194.00418189025,1586.860318818273,3489.484064744167,2546.9863592803317,256.69184981490406,549.1420304294446,1102.9284030021727,33576.05992253519,7542.518643441324,727.6088375026516,3.3787435435575137e-06,0.0002076386631117333,0.08823567462902406,0.010308457342249512,0.04048726932584407
329,-426.87832738457325,776218.7865639996,765413.4703931387,117078.89882559681,60630.590964796414,57327.918520016436,17234.10579664106,651.3535796740739,3154.3137879553524,2611.352800521983,85.75932396699902,276.04630381383237,780.8879298171867,31847.004261489266,11861.36643910271,885.0908341015216,5.7022468178276e-06,0.00015827599191659615,0.0693222970069872,0.009843550959048633,0.04154833582349227
330,-613.2345475145682,739299.8869011386,719570.9283122979,118144.97153956174,60877.86638762585,52446.62563114447,17489.428851106695,906.0489464130644,3617.094760288232,2533.6195993476144,136.7070246438574,287.4477619638659,807.9343546135367,29827.896231454877,9946.784196353734,816.1363105505309,3.710349818327349e-06,0.0001549753972582262,0.09196679608461598,0.009917248353437446,0.034767445292168006
331,-470.3122483636123,756371.4726641066,712599.0472145075,117923.19446629111,62337.85156312265,49805.47257230735,17776.88116549457,1851.0943151433473,3448.9711425629616,2586.3834506061476,132.66704396955927,432.9071076306573,1082.6637572191987,32362.624980356257,10055.745556665155,788.4850385459121,2.9766347573022724e-06,0.00018288882026984134,0.08069427671958249,0.012921104754515923,0.029404912031251958
332,-494.7031741168,757463.1878829221,727804.7954628277,118495.70067140482,61565.17042813337,77389.15122425531,17453.921297847664,1286.4321383265062,3587.7765183673446,2600.7918433576256,174.78148366739447,354.08431900131524,903.9158466018858,34828.737757151175,10724.27607019585,1059.9893352052782,2.6281743711760244e-06,0.0001496054282086734,0.08957808618460578,0.009119015296074581,0.027732422128451145
333,-295.3059624804387,777325.7087805883,759490.8854891954,118478.226440969,59484.93990591638,53068.166286922205,16927.0382787736,993.0945721720242,3218.2303361791423,2593.819550168594,147.39554962494208,211.33525007519447,716.7450211604998,31777.185476342092,9120.294603266395,873.4468804427479,4.365928423419606e-06,0.00017815622763184068,0.07120313688545131,0.014865224151298206,0.03422643657721945
334,-635.9560044706384,752830.4406734004,723125.7964381867,116795.39789660934,59245.78219238709,67798.25170318878,17717.433955422628,3680.032429304226,2770.527810756923,2578.7816875782446,72.56724460967376,189.31122478547576,885.163414482396,30922.24534207821,14385.123611129166,1152.1824140660315,8.425213668736046e-06,0.00012484618544921164,0.030802869083070415,0.014402665906223917,0.03687459154583055
335,-560.0822913351054,734488.0588904783,693392.6765842233,117749.1437778326,63767.47497268025,49435.51359702696,17785.46828000404,2137.087054799033,3387.8981657474214,2409.2571950335864,119.40099840485199,457.84122426534964,1105.8649534325666,28595.471596722648,12691.326186524142,855.0348425402294,3.912772645460047e-06,0.00015296651349411307,0.09649235699250551,0.011114806120955953,0.023041775259313925
336,-487.8740786125435,783127.0073667611,744869.1171166167,120549.57068274745,68247.79861380805,65290.04670892604,16891.526238876257,1868.656291287744,3444.483992584591,2366.413181427,321.07706606242107,543.0526986338801,1231.015151028221,33563.82222484852,11414.004186451673,988.4004989101727,3.977560651994993e-06,0.00016387951778890663,0.10141579621131966,0.011473078512907036,0.029645906188244343
337,-438.03504362120714,748923.6182200398,730935.7111584989,117582.05743910118,61798.27849528616,59995.58239108421,17524.155313474435,1213.7437234191636,2995.041348941107,2455.4907093477077,90.03388971899344,328.39917775613384,906.4696027945927,30454.1460225583,11700.830105770501,936.5514482577286,6.1878553301441e-06,0.00015884925293798167,0.0946027645146445,0.006965664070322905,0.0334299111098957
338,-606.2296694366107,710964.3697928124,646394.4172422227,117795.50815077477,61261.52271472886,49315.143865756,18129.76041323144,2962.670185956766,3547.5244560227666,2321.6966663116254,159.0560553700174,370.80465518904776,832.4074881959563,27307.514517624426,13000.969798492602,899.6215608858,3.0590677961030785e-06,0.00011343480526069936,0.10168758797167354,0.01725135692258094,0.03400303237115484
339,-554.9555343259201,739936.662814416,716480.6850220654,118020.12590798222,61592.484096919165,48000.00000223452,17825.24650076141,1351.0546651920386,3073.6250436593955,2316.156820192387,133.90424829746865,338.9438748346689,943.4790598524681,32554.225075960145,9133.544907575728,682.6338068607039,5.497598156701374e-06,0.000239657995012568,0.09155740383164453,0.01189724402001144,0.038752123476426314
340,-447.98175608162006,760438.882633653,716076.1653867853,118308.17640679277,60533.16973381474,55436.36643507687,17385.83129502371,2242.585800316123,3388.329386523294,2717.1348638221766,154.67261614915435,257.4024157590075,889.1766365295947,33938.28686583582,10406.129932856693,818.497885769132,3.7761343758018433e-06,0.00018912097989499368,0.07749920988823844,0.007584244458562731,0.036493803382148034
341,-550.0697075882221,747232.238670226,680739.9369008391,121179.1526102373,60023.783332390725,55381.91306833804,18034.642721323464,3216.0222154449716,3356.3576188209904,2414.06875061112,535.731855259039,220.42558312940926,847.6865189013579,30974.759028389122,10187.193366209553,930.426314755548,3.6500700799808946e-06,0.00014640408885891989,0.07771583913442418,0.01875359694974823,0.027017679096034797
342,-640.0990535507469,700194.50141579,613041.4885104494,117602.74191649936,61556.86205289204,57314.80761878547,18172.98442851501,3298.5085664374114,3723.9194242897725,2599.653771932874,150.39980541979145,305.7795778153466,926.9176429446044,30924.52741608899,10208.625899161341,872.5602015803026,1.2010590633269705e-06,0.00016856427530374763,0.09408092570829933,0.010648780790357982,0.02249059755345366
343,-502.84859645698964,755092.274021474,716907.6440411307,119759.3153263586,62150.749902568765,51221.48837950546,17404.181028377807,1836.2571370629412,3495.7854565232697,2709.5679163827676,292.88641002589134,377.98740079499964,1021.8563275011041,34028.308279436744,8031.341179130556,721.9216775624328,3.893452081794847e-06,0.00020825835239125098,0.06750597089902334,0.011217587681338558,0.03963073906495816
344,-495.8867620008605,753684.6415371684,716700.9233019133,118285.04977891238,62433.328426631306,63924.655189323676,17458.288128246146,1931.1422535523225,3260.111088509958,2642.8142465600895,183.96230465864585,412.5882192075153,835.8837815777014,37518.909843222005,8492.030152443229,846.0580969799796,3.605114516358731e-06,0.0001877931921172067,0.06524043798216385,0.008285746343069368,0.026595996741713496
345,-516.9399353392353,743363.9093918605,695369.4077224297,118853.56678508007,60939.022874641465,55758.336259205134,17300.26491227944,2317.939273390272,3285.573012966304,2566.219032267188,149.55457963046155,280.5095042151408,949.0099182033122,34347.418547999754,7800.143435768915,840.3920320797171,3.820221983680014e-06,0.00019535287844775145,0.08028591378332417,0.010465408975379377,0.034720553431113625
346,-475.4742704579669,710326.7144254909,659133.8941948464,125473.26606058088,63011.57207363816,48000.000001574655,17783.53181354376,2114.4629994008633,3964.7733248829004,2755.8301582391005,590.1568840114653,412.1236208111454,892.2304973051461,28580.740922316872,11027.472639150488,822.5511011221303,1.136645106740438e-06,0.00015225745692558771,0.0717907009058349,0.0096909059928821,0.02951065908095959
347,-725.4214655082873,735915.5051947864,690584.7366194413,118072.36428782906,62295.95137819603,73807.26484500054,17675.700361314295,2192.1239804613624,3564.0307585253518,2646.1760131158535,152.80253277031886,378.23923062131627,854.0376790609514,33667.05364884159,9745.351633593249,1073.1280667708768,3.8048534155955487e-06,0.0001478635385301,0.08661690040923714,0.007431244613624261,0.0285976239412817
348,-551.0787153388242,740516.8737596069,670199.8173654538,119183.17205217015,61057.14404337716,49336.91496859342,17836.006296886855,3705.8905804949704,3185.425822854774,2542.4864401543605,184.93471547740694,315.07010895892813,890.0482126502953,30312.79466305494,10161.482883248513,802.8845419529085,4.471918916757384e-06,0.00017041393371219075,0.0673309729334427,0.013336410960507042,0.033796184274251524
349,-419.18642815050237,731279.2761502747,666514.8306574879,119660.44565037225,61364.95148010505,58471.48081472326,17579.016749185274,3542.487571028058,3460.534009564024,2313.861963582018,242.30762038442384,283.26424414284514,901.8044453197911,32058.8663501917,9299.18317641404,849.1807285204029,5.365660346982505e-06,0.00018323841181723242,0.08708996174389311,0.016536003969266033,0.027607183360847533
350,-538.8844843122558,752025.1114570644,736578.1981013019,118831.0970226612,66968.13392725047,62103.586834415924,17488.590976877444,1007.2009288177117,3103.6740098295177,2568.982768252592,158.94623800563946,645.8127126784069,1416.1359571599214,31222.427661407204,11292.00372573641,959.1790475980356,5.196906267647852e-06,0.00013400814619794155,0.07408910206392712,0.007186764717689707,0.032825346088010424
351,-524.93032590399,726336.8527004769,671107.2555698206,117844.35863063001,60970.249937475994,54576.559719717276,18037.89239908092,2545.5276834941205,3293.527404480636,2364.8764335420424,129.59721674068962,291.2314658002682,955.2207417422098,29661.92155142031,11028.180343467826,858.9197570134911,3.4578202532259522e-06,0.00014467322213950522,0.092378955141012,0.013817776010102473,0.033003285530309956
352,-575.2303577511935,748929.8828915674,720966.0860233258,118267.60449375422,65013.89819084234,52862.647367152786,17709.082096579645,1603.2246785124955,3304.376028208696,2462.606673252426,162.26857667763016,609.2003861512858,1380.0359298566361,35486.73151233483,8536.984666687471,729.929004568727,5.514923810871864e-06,0.00023967198052231496,0.08277749720837645,0.007196884374128802,0.03695706847626007
353,-513.6422757650904,698186.0751699357,657982.5946750308,119149.38036270773,62428.73987303097,58986.46420034593,18308.401309821045,1910.8409106355919,3428.6040640825854,2699.7931994398027,208.21156293735206,377.7798990015313,831.7099136527384,31866.32127454912,9035.885022426552,862.844736298863,3.0751669559936534e-06,0.0001508460584472928,0.07271782645723353,0.011752392448225932,0.025578603429117695
354,-511.37233747028506,755581.2828154167,712460.4391746824,116754.43200237108,65711.3414123978,51387.66775222655,17201.842344087192,2443.8154315398933,3024.620116920469,2100.0987690110146,109.19077615913531,487.23341151267806,1260.2483633558486,30600.936412843006,10891.567997309721,872.2451869725506,5.770779506849156e-06,0.0001468601970247476,0.11154278973802462,0.017609766222639395,0.02694894960250695
355,-558.0443842466416,741800.7318294874,711250.2284378319,119927.24042308006,59130.05789876664,57948.525358113315,17745.389449636215,1830.107865031847,3067.279264675435,2408.4340983236007,239.18481936862668,158.74085725201394,733.722096331498,32044.934596766223,11731.558764904494,848.6848048742686,5.641222685405829e-06,0.00014946558179910064,0.07213148289062607,0.017836018147430886,0.028954890560877602
356,-547.6044734092037,777340.4498790811,716175.8514937636,117651.35011505749,62762.99095320624,65605.24397508317,17132.74910429337,3282.331978754746,3336.6510272889045,2397.435771118768,130.4541028918068,438.55854689021055,1201.6202261838657,34928.49690192946,9951.241938359139,977.8023721929759,4.545609213762457e-06,0.00018775674058772217,0.09153149740933345,0.012631381213695,0.04192577661457196
357,-464.3788557646933,740336.8746286775,709306.4514376686,119453.88858377477,63950.0773910035,62351.58046444973,17639.199021047803,1387.0159944923419,3426.703436951311,2530.1872719964263,229.52214387042423,469.3768343241324,1098.1104378938262,32364.689675595968,11092.254663404565,905.2447081992412,3.068051590050085e-06,0.00017774488867181045,0.09584808131719007,0.010769991448582854,0.024180656156506133
358,-411.2026882762776,733926.7568956631,702859.9846017068,117093.32523471136,64513.93200932246,48000.00000011389,17779.21700880724,1267.776129128825,3786.7451398167127,2420.4034763581085,81.47552923590764,492.5882071890337,975.150886306281,31320.091900083746,9666.134030542958,757.8968397192755,2.7075808703846258e-06,0.00018132917709101683,0.11516056404408455,0.009884038436196882,0.03155346419009807
359,-527.9789146475457,757479.3867650102,719903.5050360311,117676.9255219361,67981.76012316668,60468.9490894047,17786.556865022692,2404.2872804478206,3350.678463688635,2514.417108108213,154.07273557628668,822.7013393595729,1293.0861444321847,33642.159016990605,11185.861799889592,886.7398220528383,5.9469892797652195e-06,0.00017346127970487317,0.07569146371951253,0.008650691725677083,0.03334396379396887
360,-552.2553040389014,736577.6485139736,690746.6711650883,118005.73408500517,61301.47200915551,48089.83917320195,17537.86992061185,1921.5554699292757,3678.162837481071,2634.8139186260687,186.67591335223244,335.60539195108197,870.3206193162612,31682.944659328365,11212.065954976544,755.5420516356211,2.129013073135278e-06,0.00019591521620354585,0.08288433961848761,0.011815321482277976,0.031828220703669544
361,-552.854121431947,764991.057574588,723588.0889454678,119349.62100739553,59783.135472927184,49867.94714015222,17249.408966326595,1766.458550859858,3596.9012360425963,2471.8715783273815,199.81394127275672,221.02884828784627,1033.3226036868032,33456.86337825626,7503.828865521702,724.2780146862666,3.70745596177869e-06,0.00021375225304348403,0.08766646968393632,0.01228685281754946,0.03519929401474135
362,-550.5557558340104,737723.5178374059,678502.4146369679,117757.36665463512,61786.455602985465,51083.48590057285,17794.564851434163,2801.876409118308,3451.464790859646,2455.824602667914,134.30344336505223,338.2440878706358,793.6173321249943,28999.860538567733,15056.50221250511,895.3106109213609,2.9418739184139147e-06,0.0001382062660663507,0.09680001520687102,0.013382476972701821,0.02211999583619138
363,-385.3282432698263,716851.1738396762,687017.4563103933,118093.09414183555,60743.012105600515,52526.55779100252,17843.527678078237,1841.4820801812937,3322.1348149066066,2521.012259400506,153.08261733527803,284.8970112116215,873.8910964049669,29748.12674078295,10821.747108941132,846.3079682566415,5.7103134347274645e-06,0.00016408440960322416,0.0640976371002753,0.011781885557009842,0.028092501991420004
364,-572.6862205260582,760685.29658809,728664.5011158085,117891.55835522624,63171.70916739649,53453.24030429675,17625.17735574551,1699.6818223139219,3421.5190370897285,2678.6499581391454,130.24569438107014,411.3055240730763,1020.889984872539,31621.924812516314,9426.438934551581,888.1700583309246,4.029549421783986e-06,0.00016686733582488644,0.0853690319793467,0.007005304553512025,0.028602699906670827
365,-549.0930717291526,742487.8459737321,721299.3911045459,119071.70999800254,62327.21746824397,48524.315944292925,17482.47384304693,809.4996398592775,3731.3289467052946,2542.702194445204,230.19424381163446,345.2610171170355,954.8698619612148,31558.459048485227,9868.584019469583,748.6489561223412,1.711698422417513e-06,0.00019135985722649844,0.08993392962582915,0.013629144849606383,0.02460446546452483
366,-412.1474905463223,711067.9681659347,664566.7908291534,119385.8671957298,62786.17984271527,48000.000000227126,18231.785049150054,1747.5682496801737,3865.7082490753583,2585.77912117921,263.35613457207484,432.260487413482,1004.0119923801789,28278.0227720515,10822.143271751413,794.5004006649497,1.0742658292925998e-06,0.00017254172869515824,0.10534155709513313,0.009531983903195025,0.029707221300378835
367,-533.9269624800245,762038.293899379,735202.5319619792,116861.64695813121,61151.46848630754,60437.643439767286,17132.92992910322,1481.855878648485,3232.735328668532,2650.64121349135,73.04438265600534,302.97006797998495,1004.6197947148919,33008.27918505155,11088.691705199213,907.4550442240353,5.432816379586145e-06,0.00018743209869217115,0.06887216892827375,0.007368945623143975,0.03684829662830731
368,-535.8976704952435,741553.9762151769,704184.017417168,116976.21127360522,62616.39661271227,51571.06057357693,17743.515264108883,1812.7548946616257,3325.4458080962036,2531.136782901265,90.25125557312379,392.06795371897664,917.1393854267474,32065.39502959921,8812.833718838958,753.1514172555397,3.6984903894352483e-06,0.00021647268396137847,0.08023250022444745,0.010681217140291095,0.04772405616389812
369,-478.23682113685294,768849.8849689045,760482.2391463096,117115.7486760996,66259.2337781875,65860.98541044375,17427.080001224436,442.9667630125723,3516.2301029770815,2282.4763386122972,108.64298462911586,659.0325676646975,1237.0223808148974,30047.72533334455,12919.833002944799,1077.4199395742542,5.316556325282884e-06,0.0001346927008358541,0.11523657150455514,0.013307011784978827,0.02657875315712938
370,-420.52849008023134,735158.2314428862,659311.1643189016,118339.76640903746,63589.86802728844,69575.63890365655,17768.850447571796,3536.654866736874,3595.4295377059293,2509.9584737117657,145.43754440263234,379.7263387843785,1201.8834033934602,30820.49271578796,12587.525876646761,1095.9744336696106,3.588351951908692e-06,0.0001379557372194018,0.09868822286846698,0.010591104490466139,0.02309076695200616
371,-620.5363923500948,730950.5079298464,668557.7242640407,116265.69540809815,64238.695493403226,48000.00000049008,17947.626442745455,2243.642706389275,3702.8701785745557,2514.053719184282,51.381639180641734,418.2772391085833,1034.9913725931135,30152.123094019207,10045.695040043795,821.8812571625166,1.1359708405441237e-06,0.00015666774479295472,0.11387055564108206,0.007601019793833563,0.02077149588192563
372,-408.9369723639072,745959.6071584233,726835.0738293994,121502.45543238756,60047.905249697105,56593.32646737426,17306.239830479542,1144.4316311872396,3261.868324414162,2576.1448520339923,320.45813102437353,187.7488760831357,782.5236727456385,31661.258871607508,12094.441447645426,895.2560481899557,5.271760059074773e-06,0.00015695675328475207,0.05861228413667412,0.013253471472613684,0.029310637316416078
373,-578.4166135241211,756557.5103382706,704689.0393173313,118146.80623473767,61499.97036436973,78963.70411850381,17446.49758087035,2204.8425420974795,3568.413400898083,2705.692701953994,129.76143275576624,343.3189494592439,790.9343950797933,33204.55707214038,11065.245385345994,1133.226918047533,2.5853262640831422e-06,0.0001497098452858666,0.08259511673171713,0.010174984152909945,0.033150013535454555
374,-587.3713659956588,748057.8574498629,723394.3709006911,117694.5435685872,60844.6183747425,62192.87522106697,17911.265201870105,1230.032099691804,3388.0464957931135,2460.1243060939446,119.24649840657513,276.0057253260138,819.6789881689176,33061.73283665404,12169.155031478092,914.0332023257581,4.337314701987058e-06,0.0001565214617837587,0.09063549902923385,0.011140820851683423,0.032849087757851884
375,-431.6944684123752,721452.8271618466,696585.2649827081,119570.65682479697,65021.89339497395,61359.880935015855,17821.975843331013,1348.7495498264732,3358.9811438843653,2410.8700982977903,256.4773954486282,664.345086584047,951.591352796527,30178.517740341755,11023.52592499263,999.6530057624072,4.425794187175116e-06,0.00014194291506003013,0.08983030704215406,0.01715733275867655,0.0201777616036231
376,-573.9133421316269,753868.7834666845,728555.5149481045,119203.44061768542,64563.51847082095,51803.42989506099,17169.32232121555,1157.1936355862294,3505.777662958923,2369.6847522626026,259.9756403161598,432.3313924964205,1048.022932938773,29570.356999557323,13447.936259325044,899.8642025749361,3.603141445961971e-06,0.00012979598420028652,0.09079919029860199,0.01598389155961551,0.018491202314140597
377,-504.7795867860864,718935.7772073348,680962.1725800553,118706.90995820632,66879.81233672317,68887.88234991193,18047.380379334987,2523.7799113015017,3230.800815357138,2458.022842822562,148.8793573568877,733.0585273789764,1145.9714215761512,30421.820844042446,11371.566523658019,1046.1694150904955,6.142002822028896e-06,0.00014992926142656018,0.07036682581892181,0.012605070413479198,0.029953798027544
378,-499.63187798226693,735370.7643206508,697934.3673664287,117792.5547396236,58822.02396242793,48491.46260622904,17575.033381607984,1951.8647934260744,3404.3946654852366,2614.049626670588,119.90476067743158,156.94708252611665,616.9635024226708,31685.750541790843,8939.945581767826,746.431593728553,4.4422817883288345e-06,0.0001953578048676127,0.09369037407258143,0.00593758551584841,0.02024773350369859
379,-616.7260062369812,737416.6703251213,657907.5338049355,120048.48792164454,62507.39522699278,51859.750803313436,18005.02385575146,2814.1084454617458,3897.725858355471,2601.6597932424743,314.12766544662924,406.1478143303186,1155.5378849110396,30429.40515427889,12860.027439180181,797.8973468512711,5.73241264290949e-07,0.00019062298266604545,0.09842651886065186,0.010826293152375344,0.030445808855854895
380,-597.3055035628504,722539.9986441142,672490.5777063733,117058.69098615124,64823.56759283351,56058.423406103175,17812.894918146463,2542.616979633272,3369.434348466195,2357.7185069722486,89.93754937589323,407.1368121895276,910.2085239148877,29524.38763984913,12414.059595527582,962.8872767087445,3.1859626363872538e-06,0.00014522888622865536,0.10075273975188366,0.014299514401109053,0.012446402540374971
381,-617.5611329685346,749642.9939396356,719242.5194757706,117056.48228197094,67076.11655494368,48221.165898104984,17611.716709506403,1332.9260383070894,3576.1218278666934,2440.4007032259137,110.81778175880964,648.462421832528,1238.0479402023927,31878.47576326055,12568.40836637111,714.5500608864074,3.2914950075967397e-06,0.0002113580536012718,0.10879424222140224,0.008407011915458205,0.03370709905001136
382,-636.3682761777344,692923.3401384836,664578.7679732312,119456.49178324464,60843.09034528741,48000.000000068954,18436.651025330648,1263.8443850401347,3512.8019981218154,2466.2002846269133,228.33428324394114,344.08402613276036,1105.049495385056,26863.05476716776,13473.638864496133,835.988147114103,2.5574664521049287e-06,0.00016969654076532534,0.09608338467338749,0.012836102682091736,0.027968022893024663
383,-471.02137204385826,749129.1911787104,713174.1249836744,118215.35541997456,60955.676194945154,59115.951093336545,17663.059781557735,1732.8153781900953,3695.058284100085,2568.504530666253,137.8735080061253,309.7196418403888,766.3606301562015,31489.486605963873,11728.610391297105,932.9838332402195,4.0671743167067255e-06,0.00016779546350885623,0.08180447900442046,0.013432143388209304,0.03360618547906036
384,-557.4941304359861,740167.3248233304,642169.2941132898,117364.3327064977,63202.85961618389,59309.199043276865,17797.162417060194,4708.463455674325,3135.9314347813383,2412.4718254798086,117.65109152152651,348.2259058362798,992.3923310762634,33637.574786697354,9246.59210077529,847.9951215632773,4.1260533837871835e-06,0.00018936121382278625,0.0886512522662892,0.01559387186185189,0.03985625161577184
385,-533.5368312821126,762766.1469143379,735531.309825386,118137.09710820782,63266.886549519615,63527.7594573102,17320.85652035171,1410.1928029571268,3306.4485346677434,2419.6119285020654,196.97779615183293,422.4422954514549,945.068729074844,33602.00413208412,8913.411609260598,956.725338880352,4.390706687499012e-06,0.0001474609709892481,0.08935882638404133,0.01345519823126611,0.03157668278127404
386,-659.2206951575124,751247.351807816,731726.7359308855,119254.18380885228,64475.93790023042,55559.70764658575,17528.625985634993,1177.69346114275,3164.279700992636,2342.0099115310686,222.39992914476727,441.1644416613952,1049.0937282515235,32063.337437175218,10620.35670802898,829.2756332411719,5.620245315584405e-06,0.0001709015758578333,0.08292288998973045,0.014572041393100307,0.0272322929663033
387,-707.3574024333841,728938.2656416768,692016.5209581107,118823.55194916096,62244.70077828007,52301.67806750097,17848.746871004885,1460.6405422035327,3854.0405914129606,2695.0053122903337,215.96573239615387,302.24134023066034,792.7396306757321,26621.28784708509,27075.15713123393,1030.7079219552231,1.3613794082883699e-06,6.809537654591544e-05,0.08002830248555068,0.012659847370021715,0.023221109287160306
388,-544.1784003916432,785746.5014391171,776398.1029302145,118189.57098956408,57809.949509879436,75420.29286424193,17173.27035778754,1198.0075896454462,2782.3539844522816,2610.676005552834,131.4032724521029,119.01278492227244,731.8315622641143,33419.21709892579,10155.52534169295,1105.1357186861794,8.283013609369169e-06,0.0001428060868640143,0.05165852237461078,0.009773790460747913,0.04112509261551444
389,-454.98679875301383,748969.1088612364,713084.4852336787,118312.28860918598,65566.31200232549,65641.0469936325,17475.55662194209,1463.7883964847185,3527.85884620263,2367.1252670356885,146.10493131866875,532.8385557942238,1019.1833450190585,29104.907134299956,12495.104391729377,1060.3633709391318,2.7631555865680907e-06,0.0001303419482713852,0.11700499738624075,0.00933548490174146,0.029011453693170923
390,-488.4294873259178,752288.1305967786,714004.330731037,121418.89784903714,63899.50548504397,60414.58578071815,17567.053154331767,2169.7066121040243,3310.214478277956,2305.277530958249,272.40534906073555,493.45104854425165,1094.6252878542193,33728.33881364162,9463.56962477822,808.2764422065823,5.499508781575435e-06,0.00021391400531877802,0.08752615942105497,0.01428583284491617,0.03332599737384974
391,-505.77718488328827,725951.2328198041,709957.8210263835,119253.6666792508,62812.75952563461,49751.36726501589,17859.440337769425,653.9856371014907,3633.162621564135,2606.3178015331036,228.73108518861616,378.17342556040467,912.603841422876,31754.341248615216,10166.511622738004,790.6869350045381,1.8879947754257028e-06,0.00016563687001649424,0.08460734035914134,0.011562040327328837,0.02325926182344211
392,-557.417608222514,751742.0741824073,734804.1241114652,116769.08631029255,66448.18284167963,65887.00443799124,17485.11852591394,1026.731633649826,3354.423595398131,2441.3283119343746,73.94332080570848,550.8318374996971,1128.6611415457342,33778.98961614717,9349.325816016091,990.9397453267338,5.345484898107851e-06,0.00016901520462528965,0.09834619060346085,0.009279427120731196,0.01806281440356486
393,-389.9418208995614,714387.2178665424,653914.4578502672,117912.08035138885,61458.98811770118,49574.06903010782,17994.80806195175,3116.913664520788,3225.7355470722496,2549.0273422421074,143.77062114728778,328.6046482041517,893.9613689051872,32520.44059474483,8288.992347441696,744.0277251498393,4.165589983683124e-06,0.00019017684919071307,0.07068127816211064,0.01399674497940317,0.035715928439641526
394,-585.6421584792392,756059.9637169067,719249.661364512,116759.63293001837,61729.323694471736,58172.681275332594,17574.151614369413,2198.221900534686,3212.0869800199603,2344.626265834355,76.06811769462736,349.5406569726246,1078.2785040443794,31197.074078706442,10805.395907047347,962.5079688733538,5.660217782237616e-06,0.00015717062486407936,0.10198890679172026,0.012420291812283237,0.027947352959729038
395,-530.0622093371152,709098.4765787198,668316.9173278952,117965.17601571039,63454.960935443065,48000.00000087591,18485.16676764152,2464.4048722198227,3334.852956434099,2452.78036388035,145.25313852329705,398.48968300973723,943.1933971987083,27585.078147092205,19036.383559672926,925.7256595795878,5.001102396128287e-06,0.00011566099471423883,0.08484274386492811,0.013227976274175967,0.027831241071153524
396,-416.3599071911949,796402.2047155736,752369.3302203448,117920.44461149497,59557.12483573418,60563.51231380028,16727.668402041127,2524.769601451389,3219.9664063601754,2385.2267229010636,149.93377092244418,225.22814744736607,741.7191967928621,35564.38645342883,9881.10837133194,835.9314004853247,5.6484484409898626e-06,0.0001937235658593518,0.08376862608068944,0.013139657364080619,0.035692029415364104
397,-554.5271090564019,756374.2589652984,698508.2502739953,120546.45809737359,63759.0848715783,73767.66383358897,17375.62098884912,3232.242055464744,3494.1903957653208,2388.716200873804,308.1557472961142,418.4521057046935,1179.858382471465,34536.38026944765,10149.979999298046,1051.427155657012,5.30092883852872e-06,0.00016716538742030595,0.09065449268815821,0.009741580062142582,0.034926092962352925
398,-587.2089537076812,728973.7112913288,682644.4218441027,117699.37637918572,67201.16466643962,51926.8005761589,17593.684184555073,2258.7206845777037,3331.851322655689,2308.5288730865173,114.30880863208041,596.7621960744917,1150.3478688449788,28898.206698753063,12492.95236350091,884.3377441411054,4.032099372526361e-06,0.00016002751377791347,0.11211959399886111,0.01006797649293538,0.029393911280781643
399,-435.47178217816423,732970.2107538908,682704.5532827295,116570.08110992427,63045.78249966378,77984.45343660815,17838.488058075145,2827.1360074534423,3069.9390656297833,2336.8156590219437,55.02889232767218,373.2805335601869,842.1829157224906,36226.87101785825,9099.035600252018,1017.4584293918006,5.335459047215494e-06,0.00018073219622888103,0.0959175402538252,0.011413467228382252,0.026492947361064213
400,-540.5731998812788,736087.7113961072,713729.0957632723,117986.15185051788,58712.39090045045,67639.96453471134,17650.928357549365,1392.582776213467,3055.157878220404,2683.675887431357,155.82058462201098,178.69380326466612,695.533009205457,30480.70815082609,14646.503590500979,1146.637290052902,5.319702886830324e-06,0.00011993223325686352,0.06609958565148961,0.01163447544909184,0.020411223373244015
401,-610.3089867603303,702672.1070965907,678963.249978775,123229.37702813852,62161.1513371493,63114.62239935545,18606.2545112151,1000.8790866411806,3739.4157139109566,2655.1016763622592,501.185549985901,384.34296465505605,896.0901440009459,32409.462868847302,9788.97818109695,874.6988466785887,2.125204075240042e-06,0.00018893093999278456,0.08759083853515294,0.009027430971806466,0.037095191345830864
402,-485.4522779725456,769223.6523095929,731486.7369863509,117643.48073072874,61558.731318130776,59234.56739665422,17507.24439186849,2305.69464225498,3178.277007109049,2466.337073146463,126.95293903516314,345.71445199406537,987.4065798673641,33510.61878502502,9807.135113189037,968.8979371359285,5.43008873406619e-06,0.00016828425541642137,0.0809771943838481,0.011470909051618076,0.030103362011200407
403,-422.82529090818355,739298.3583971527,691858.8703571502,118387.04320127468,61654.908932619146,63102.00950788773,17703.903679603733,2370.2664790707054,3469.3033418215605,2671.970780332291,180.3581491994147,332.84000560068137,934.8385095616372,33399.649200527994,10012.470664665876,870.6922155185031,3.876005867927497e-06,0.0001889722869371083,0.08639639212702285,0.006958499188001543,0.03939267365615611
404,-387.6524216869168,770018.9109654158,760739.0599381981,117457.8416464681,62265.2965714698,49622.52073663886,17042.084539857573,598.5528460942107,3312.6457186087086,2701.212910473378,130.1897659778489,374.97275037452425,915.4142731287591,32137.680066825407,9496.03341123245,790.0446865475778,5.187550574609352e-06,0.00016080026642070853,0.0600283664061258,0.009061966767087561,0.03191145362393031
405,-460.555270141298,730588.3576579419,687190.0608339246,117700.85232877343,63601.94120488544,51001.916214774006,17823.925418092702,2201.963812367925,3416.5791935334664,2375.1718469119446,141.48947358292853,415.9747219119527,919.4094385214192,30917.203704939926,8523.563414976372,843.1467849121543,4.31022399852742e-06,0.00018345300738092514,0.10286217334036704,0.010917132962971948,0.025575010754671026
406,-314.20539960393376,790090.9833784505,780648.7188107864,116707.493361941,59662.7040341394,50166.20686576043,16900.6114022316,540.1229046873696,3344.862293499343,2612.002349012503,60.27626228820547,198.97550688496267,860.997135896313,33851.61458822371,7713.587831247549,697.8533298499442,4.789965320959956e-06,0.00023998113857950218,0.08001031923806506,0.009795385704932817,0.0444824416530444
407,-655.2056346301297,755425.3320551349,736454.5599716498,119392.29437859006,62142.16374877403,49110.83852144906,17276.9140280033,1047.6588692604157,3074.146152323381,2460.3436938362615,190.68295251665415,317.9926256968697,890.1903868236104,31641.808686290504,10446.38837248112,741.303076662831,5.179845771115551e-06,0.00018472157584138697,0.09476188210785741,0.011529122903917092,0.02247081011797602
408,-414.19984834036893,752864.4234960468,708323.9381319324,119265.18281482164,60461.73026864017,48289.609934917025,17430.683618436124,2166.8095639893204,3434.703825596515,2767.088504538707,169.5294565436397,270.0188648634686,849.0871856604948,32160.708943186633,10487.405075278268,739.8583785805965,4.087573967459061e-06,0.00016494518210090822,0.06761817852714704,0.006917251206075105,0.031238901642118424
409,-515.9671977792623,770385.5885091667,744752.5177130533,119906.11966230038,59975.91814947347,50321.29982605179,17279.796274904584,1557.2262498566029,3240.6247370709607,2402.984399681505,229.5217317302902,214.46119614190619,895.1754766027688,34517.107680239176,8748.210627156059,727.438656180333,5.757031344821301e-06,0.00023512561583926861,0.08134374686932232,0.0137908697477527,0.04170030938076696
410,-685.5664828809238,709299.0189986888,672970.2316359619,120026.83889582849,60587.04061787896,59693.3853132923,18295.452585048366,1546.8861410680217,3437.8261066760256,2535.518185880033,286.5135859357069,280.78753575561075,866.9663859528872,33478.03027599278,8375.913816341183,884.6838547158656,2.4039312123249685e-06,0.00018550606215144954,0.09065221021787352,0.012414625491945866,0.027129781401310973
411,-504.484864071308,807122.8220906622,781284.8025176837,117066.31934587883,63700.914262697326,52776.369269221395,16533.919607544507,1909.0043321057838,3007.5817852531227,2268.67730331236,99.74220491243204,379.63644293401677,1247.5641942983927,29902.300932678678,16374.460192776945,1033.2608457452245,6.561320573745286e-06,0.00010212955318366254,0.09281949477784578,0.011604804338190089,0.03162299016384685
412,-481.1189997367153,756675.6912184621,729137.3618479673,118833.94720140303,62128.446845614286,59643.167236145055,17548.380516323585,1745.970293905697,3181.771448541477,2520.2309606476433,252.27687935058313,349.3897174365989,925.7229745990754,30959.24499538575,14321.886880294236,946.4610268494198,5.259919877540236e-06,0.0001620464611301715,0.06543601886113605,0.015856148320643974,0.04155700838669615
413,-448.0344351828462,771083.9111076349,736778.8279803519,118875.28676644272,63090.63889844824,57526.791762502835,17165.326736139123,1985.7048321533155,3332.3425427375864,2533.5824944194765,195.42029035957816,324.7212088397875,973.732023640839,33302.31478517294,9504.092508946545,885.1775886090137,4.955760958817059e-06,0.00017434927953799705,0.07725638527446067,0.011388622900074755,0.023959620231027965
414,-609.3113424519713,724793.950725561,692073.4822268446,117107.33835482344,62938.70021211269,59744.725304768945,17960.471433292485,1883.299722472915,3212.163438362934,2531.0409624789136,113.97465066944044,409.8057060195961,982.0698661217456,31781.37540976347,10791.531599505652,889.2812202740121,4.923566152398285e-06,0.00016040467557403782,0.08074314356997155,0.010365551257984702,0.033048294628515835
415,-464.3787899862494,741887.9706033182,716060.8570024854,117719.41785242585,69763.27389600787,67505.6436523299,17756.25787397994,1151.5946128101184,3515.3764323625887,2401.2525012110796,156.5205790752732,646.789599282748,1381.80167924683,33423.12913165002,10324.224861010485,958.3745824116563,3.619213828406661e-06,0.0001672263086960769,0.1079972913445498,0.008889750307103048,0.03356979854886054
416,-572.4399369735534,726125.3806060179,683557.8248988417,121621.20432294537,60421.03554980906,48000.000000918626,17662.81669810545,1739.7359649345299,3567.332898020964,2762.063446377941,302.2878502573335,235.11127940164803,713.4202040344531,32376.27594917222,7320.458372947652,688.4339466904634,1.5670100581913744e-06,0.0001908556624852925,0.07801117479302645,0.008176990207528104,0.031580577166813686
417,-520.878561701888,757443.1396321098,690929.2371792896,117789.30693951111,66862.61280867949,48000.000000107415,17591.84398574049,2807.4407007676064,3652.7019673185796,2291.620205099113,191.2613472223387,513.6209946232495,1194.4202614244784,30297.861440954202,14413.89796612866,800.5694298297203,2.8875660269911076e-06,0.0001530847289821226,0.10277195257974898,0.013953470988272954,0.0275944804001973
418,-472.43812618190617,772426.5333484206,753925.7288893479,120619.81771862968,65868.92973155322,58633.44179621467,17172.77757564166,1041.450318761053,3178.266825085035,2482.368450262197,336.44522054492944,546.3343466371866,1326.6563936800455,34011.131324738075,9198.373407898529,847.1140224171153,4.79232889593077e-06,0.00018642425129140406,0.07881617048464079,0.009950800582770225,0.03147535470098339
419,-451.6452837511317,771392.8213620613,737052.9116829477,120010.28601372374,64648.97828991936,69349.77258478361,17096.660231878184,2109.3456314952446,3024.992979489512,2466.3026793364047,269.2720627644256,559.1123135045996,1060.6006964688281,36477.00896556073,9291.77271863691,977.1722806906683,5.4965374401114645e-06,0.0001648234487920474,0.08732682242645726,0.009996424701572365,0.027131779625524724
420,-509.03204542146227,746181.030448993,718254.3189845677,119657.85778168151,61314.43785417251,50471.068969408356,17248.959653879436,1726.1978634319719,3107.610533377418,2511.908609609672,195.81090455357216,291.5967685961592,793.2234967201268,29434.561246193905,15542.974921836738,887.9474706348652,5.5594268304254e-06,0.00010434674555626978,0.06741364646577304,0.010506731394357073,0.028138692352539088
421,-659.0160294307645,728986.2428954702,691047.153152807,118645.71320262359,59277.30288690114,50498.18861649031,17776.600730298243,2324.142950626975,3122.7602096824735,2507.902685358319,167.25812689206265,220.80503662785694,804.3575876778075,29598.87733805655,14357.808996486105,842.6860424150656,6.392376913064063e-06,0.00013057824582115104,0.06109482781800704,0.014747024075185421,0.0373062338461275
422,-465.49985805208064,770996.4644335265,755979.151962653,117714.81099851913,69968.09760560367,58395.184701155915,17441.23573481369,873.4729317801788,3243.8054241731875,2375.0784515931323,138.90789445068506,748.23318016176,1414.419195010033,32187.960265739548,10741.19681166004,896.8326124558795,5.774442761577449e-06,0.00016652604051600145,0.09312400432573253,0.006408388495648139,0.041062415750744534
423,-509.6576755417185,717042.2920755005,669511.7640457132,117147.75413587214,66829.26643412204,51266.31970072825,17972.694820048408,2361.105357896048,3537.336547246949,2368.442470015593,101.17478792628336,694.7550891332006,1368.7040010555404,32715.25158256601,9723.180030719499,726.7839631333186,4.565309752431213e-06,0.00022140926993802549,0.10347618342062226,0.008658274533721732,0.03378893191257087
424,-446.63139864454706,750387.9916519409,719710.1657915316,117547.0133509681,60096.96551212255,50858.984032200286,17737.706236044764,1354.505532177533,3592.2273279393053,2566.2118410486123,130.1960642469454,189.11600314388463,814.4200291451825,29651.9273386897,12435.08089108414,859.0888629649625,3.5792011910444605e-06,0.00013994407674497767,0.08303889018493434,0.014177680032876611,0.02846581028529115
425,-450.2148133776997,732248.4804762807,674006.7410007734,118956.23600469789,61395.545930681095,59491.201759274896,17821.007563043437,3009.654112511039,3144.274358520917,2443.2361814894552,204.14086502655547,357.3694013123641,994.101025488281,34202.85375510732,8604.711299323457,781.4672493757312,4.490648601390405e-06,0.00022576127129434855,0.08654449412587993,0.009950768466637037,0.03893323712224007
426,-768.8422857673054,727237.1032243066,657593.4035966796,116386.02298100948,66653.53650472676,50086.74584274088,17823.94757955255,3192.3555604641033,3542.371686660027,2511.4086248347335,58.25884808312707,590.6272026046554,1218.6273660452891,30887.421274964803,9985.29500093675,779.2793987603903,3.897730563981028e-06,0.00018402705618141788,0.09896518776580619,0.007170534888698791,0.019597146224281065
427,-412.91474795968327,729723.5095009304,692710.427706263,118032.8726634383,60067.90425511653,60022.83948555841,17958.68293174522,1477.594724808991,3608.1811386943355,2666.37606673585,204.04723182478477,200.09140948681545,784.9574419759753,30818.112586679406,10736.30817257633,892.7172179385675,2.1745497552289304e-06,0.00016021715106596626,0.09023138198425461,0.009869989982077432,0.030732176972126105
428,-404.7724843947914,744416.8072705184,731880.5388017395,117121.54367884324,65115.64677552601,48000.00000000032,17779.506839576996,658.7108602148152,3540.261182383483,2579.343462263583,81.57667802663468,556.7545174024858,1222.6013731459313,36277.1335726803,6546.278978616185,648.1083941825375,4.308501137404585e-06,0.00025484759228237104,0.08060880883852975,0.007676482612513016,0.04450113470369217
429,-548.7076637768465,721216.6630500387,683994.1202711733,117413.33746292043,61799.023160766774,48000.000000481385,17876.218584856153,1841.4152841922219,3475.5185867979135,2300.6770608315665,116.0264971138593,337.916320864294,888.9650996911656,29301.779021469345,10615.959228923142,876.5442342491158,4.1380928725768555e-06,0.0001363829470328175,0.10397870877338984,0.016490404658617147,0.027234317507647154
430,-512.1824028322926,755359.0996019843,701144.3994488945,117503.72047794788,63945.937410364815,48000.00000036798,17103.64017633744,2933.012834011334,3242.5697433099263,2569.6326027046684,132.59780456536365,514.7174805934654,1135.5450920021433,30883.842065164874,11074.78586707788,787.0503668545474,4.985246726936515e-06,0.0001821296164949994,0.07271942275623108,0.008505692332418727,0.04295952447194925
431,-474.4951270413088,752088.0293449636,731383.4805176824,118260.97265334023,64127.05219524931,52189.73894457588,17822.857044394757,798.2413639225658,3875.3508372633914,2679.2963571699684,170.29789265668649,480.12204456288737,1134.631599209918,30105.255115617496,14163.887575275177,915.11313052078,1.5204315449848856e-06,0.00012197174964674839,0.09290663518058472,0.009380557561603862,0.019174055546360574
432,-440.89287055650504,769302.6385642173,764615.7831830909,119195.4846422806,63683.00872921547,52332.45512712295,16954.41001859869,346.5202647470413,3047.717646397752,2701.5648839854994,222.76159984199677,493.3175624025785,890.6351954640876,32547.786502699102,9012.861578062193,779.2690415522605,6.0977879674342e-06,0.00019214845071947292,0.04447564288452878,0.009569529250559573,0.04191498984442302
433,-539.6925491591305,742371.2992480831,673829.386942988,119359.44689621519,60304.807345501074,52150.17965760086,17963.817806800187,2874.8482723698057,3645.7641466327213,2559.55279002821,304.8749180407636,195.570450451528,745.1102310444217,31569.14503939459,12287.21688002731,852.5873090392487,2.1296676699323025e-06,0.0001619038975001788,0.0899186406279902,0.015314096883016139,0.02681962697666954
434,-605.1051751634068,736173.6922572543,710281.1184495955,117767.1371214998,61994.675707309725,60681.1815121151,17711.25356781616,1686.1459172187647,3245.945015458375,2511.1602895507913,127.32333059389579,324.6054391476141,938.8509426581905,34034.89962428672,9046.534091168252,823.9900724464106,6.05753902999788e-06,0.0002033140689686696,0.07186745682244762,0.013492488282752865,0.036786221436718204
435,-593.8439885202955,768145.8372738336,751015.8458868522,118213.83659340432,66777.55862740296,62159.40925797821,17211.89323162855,932.4003663911329,3323.1280858142704,2535.1939290808223,149.14159570558485,577.4822934867874,1141.3624597250207,32921.4811732284,9843.115073689924,979.4829537568191,4.86450917157456e-06,0.00015847222721698622,0.08742523720601413,0.00809230605301789,0.028638088464955053
436,-405.5126619078112,776865.875163461,723251.0798745173,119372.14809554903,60403.09642738501,61326.99236927567,17266.562378453964,3402.8038840225886,3359.881331703943,2474.667203137762,211.2762089093089,291.6392571951334,908.0969438784584,35035.35175480011,9584.572780628532,875.3894883089847,6.078994595071074e-06,0.00018355761269471738,0.07459226883489871,0.011347508501737885,0.0314495037716872
437,-643.5773931262218,736867.6012798792,709684.7671415198,116656.2424812654,64308.439028176894,52466.673006519675,18079.57465030328,1530.5018913853398,3437.502838183282,2604.8923756042177,84.81962601538316,701.9426354196216,1107.2367562685838,31017.31710338488,10466.004886717734,855.0744007992603,5.673378803600728e-06,0.0001770642983026702,0.07203032512666072,0.011030969998801687,0.047688853911511876
438,-552.8225181609773,752267.6793252463,728419.4966925223,117008.68140798688,63507.908737147685,48261.534384889856,17762.760875786098,1556.3622308172362,3147.858016650762,2481.46087702742,131.86133989149795,473.2066343347859,1161.340547549361,31748.38131547289,9981.992133775742,770.722542378036,5.835406260327072e-06,0.00015629092414564283,0.07977658064711952,0.012180400042448842,0.02846520176430218
439,-455.1849011379578,791782.1332380949,759596.3901981934,117864.5274329348,60049.03916448491,63264.107616881774,16623.54506055178,2508.484555776424,3038.833936699594,2602.535608679865,159.96556248577053,172.36196582273678,730.2572668667973,36050.16421394321,8575.118705719515,896.3612498700778,6.071796055442644e-06,0.00018927970410072582,0.053445110087644555,0.013389686545347865,0.04220979353841033
440,-563.5007742043417,737213.4662956673,695909.0534580479,117847.34247175032,61423.78034828239,53756.20427418575,17829.164212001655,2188.1168087508413,3522.7014601738333,2395.995796128835,191.0908510985809,272.0978906433347,980.2423021466792,29868.128719844866,14833.396063654145,923.5305048510384,4.948208705392983e-06,0.00015561433638614912,0.09581172484639291,0.012857448095430827,0.030209675304632845
441,-417.76385238709463,760025.6650630723,726507.5999615625,119155.66894172793,63117.83998997634,56732.92483358708,17478.473471390702,1666.0466488025,3311.9303197383156,2524.794267416382,237.32568506486479,477.403506485937,1050.4352279723923,29990.749009194573,13353.94808566316,947.494844104668,4.23582560236763e-06,0.00015350803535855247,0.08006675341761584,0.011810098238462385,0.03646569726403336
442,-482.5076109753464,720055.1006819463,686422.0154331321,117267.17036078,63065.70052464417,51632.407660398436,17557.82424641079,1557.9291701126447,3420.9063648827464,2495.3540177739824,82.72099390887695,368.3194685655204,1012.351140168985,32721.781524424663,7445.132236922891,739.9323929600587,3.261464766673738e-06,0.000193459202191251,0.099903270579437,0.008595768089903347,0.01396767743652873
443,-447.4555971020101,728193.6979920387,684956.4202962819,117540.31610670523,62368.53509335207,54872.591948837005,17604.845392679115,2061.0580743868923,3369.728782804677,2671.6648185263275,132.15402122743677,368.4363332249293,864.2561254217925,33288.87194955294,9443.895593517036,777.0953149383986,3.8638943809678435e-06,0.00020660888862233305,0.07147124449081377,0.009951358136503139,0.03668786494093556
444,-574.2476268666446,755459.7446224395,708794.045175675,118643.5822337822,63174.387016316876,57299.41825903936,17342.474187760177,2127.544245434785,3363.8081096544993,2534.191207103964,185.61362203332683,459.1569785274407,889.4290977863232,31785.61733634393,11970.968672013407,941.0528945737437,3.547685924767627e-06,0.00014823933819009376,0.08178754630837848,0.011355870055079424,0.0242219999174797
445,-549.9002569644836,707323.5485170685,675611.0286911429,118250.44972480681,61734.082535038186,51111.117017271994,18365.543941379496,1420.320019251044,3454.8352414179217,2663.244167517358,141.1874396568002,363.5615106168117,1127.2121750842034,31430.83620678292,8839.509317502383,761.2615449869884,3.247194863826619e-06,0.00021552494932644697,0.08153007788855482,0.008023038080445558,0.03217610128632223
446,-711.4211615204207,745710.3317456051,704904.209159185,116852.736254936,64366.74788452427,53656.28072840003,17645.424663434955,1919.4578674817474,3424.030953479526,2422.039653291217,83.29134183190621,546.4522268226373,1039.1588756199274,26653.094523298845,15060.38878764877,1001.8899386660181,3.857663715590561e-06,0.00010809913054915053,0.10513751226440052,0.013057849924572025,0.02656426483383467
447,-467.3610734775411,738843.0781490792,696495.7403380931,120238.79283809601,64357.78182736123,54523.70386270677,17313.872314270615,1815.2570196582292,3499.1361284357326,2597.923828553507,311.04337263824533,490.2453265885824,880.8017585728603,29846.751043615204,14836.1104240333,943.9029606240656,2.306175021837663e-06,0.0001418763046756835,0.0943020332083952,0.010752597509972765,0.028161369100447305
448,-465.2932788436867,762735.4473096932,724137.0950022911,119564.74485838712,63126.17808910689,48000.0000000438,17226.71767015623,1949.4922092667339,3092.9969086919496,2244.40748375344,232.4805049575455,457.6712012821198,944.3887781541246,32324.690314286716,9290.716100686906,732.0892668350007,4.472720481579263e-06,0.00018791489399733438,0.09435110160289013,0.016751835642690588,0.027378829563153954
449,-530.8010649042506,769604.8638675023,699884.7088868167,119493.40761805698,68185.50069826476,48396.43810724916,17385.658050057045,3635.717017095356,3226.8492501118812,2260.893384237603,225.14152831091351,756.0388364735709,1156.0395810613593,29696.086858724848,14156.602900768432,896.8935381652002,5.294188920426937e-06,0.00012163665116192412,0.09507783902666378,0.014603680826774258,0.025240138461493585
450,-548.8150775863019,705458.9318088421,679522.7901047729,119453.91958518277,61921.49604178949,48000.000001501496,18269.29339204657,1085.706771164467,3677.9949272104386,2678.4506074283345,213.61180012586246,373.5200918071363,892.5278279393333,30048.588411506636,8546.497313764481,699.867362556342,2.8367247561486533e-06,0.00020401914428199984,0.08616892368577563,0.006636920959610897,0.03496859033784071
451,-402.72333142341,773958.7106865327,739705.0869854905,117666.75651731495,61004.62589804597,48000.000000268476,17379.010761337715,1855.4978975119807,3332.535260162385,2477.8901274875525,145.23121553653806,259.0142154547459,995.7476846522691,33012.94452337265,11091.773498447807,724.0379911862841,4.870514338039668e-06,0.0001898971706898815,0.07408913033540264,0.013140395159775265,0.029620743370364758
452,-434.9520082092171,790104.7194705532,785130.3745092814,121462.17249751645,60715.46239283771,98837.20076244387,16899.838923749157,365.4609120566537,3145.785470744627,2494.6434811722897,282.8618641171363,254.69233958821798,1361.4158541301103,43145.97880267908,10506.718251372997,1194.3147056927926,6.9396075983477615e-06,0.00016160681749293645,0.05771821406703532,0.012720859344340866,0.04369178650907939
453,-472.365053220719,749283.8380034541,699651.2494584718,117107.42481318426,62514.919564727556,48000.00000075432,17449.444629220045,2062.4485400819235,3483.5639229759895,2450.4421346070767,98.3360346204289,338.178358680534,816.158916751484,29363.25826319546,12327.700485554044,875.442167085,2.5774015646724055e-06,0.0001453572266184064,0.09977699387838976,0.018037794459300642,0.015077521705335582
454,-527.3935019935736,734048.2705951729,727151.4511023718,116169.30499397025,72165.39116362727,68548.67252720936,17778.640694288333,611.3071787376297,3197.0174678631915,2298.092057751573,59.08107294542379,957.0616239068847,1409.2603603245996,34795.05438475387,8762.17997003817,957.4372791864707,7.492999740241917e-06,0.00017703314275113366,0.09339051359794391,0.0054144330073538065,0.02839746758175553
455,-448.2219182834508,752278.3199303837,710404.7089330798,119353.99620649243,64944.77861640281,48000.00000000509,17707.367545851335,2022.0088307680667,3505.2031643607625,2391.023439503959,247.96177521459933,485.3376371577879,1068.5607108222916,31108.59915007416,12649.359053096478,776.5451039184105,4.052833343690846e-06,0.00016864312291009611,0.08261145763732103,0.015054354370004642,0.03674949480446934
456,-522.130066466557,744854.873333899,717677.1571071341,121275.37039451071,61568.49272035229,67122.43379000691,17602.118082358196,1399.1144576856739,3365.898670818481,2571.0950907473707,322.1050412298604,338.53910209094124,924.5454984043699,36443.7631835355,8075.891675764469,875.2695784862598,4.282410213880073e-06,0.00020195200913333407,0.07765541371376146,0.010757864872211332,0.04079701397226801
457,-548.0415402276556,739550.369508648,711416.4611227283,122405.57940931057,65284.26078458373,49629.84228071595,17489.617966196798,1208.0502308298167,3892.657214122539,2691.7044056994923,462.0208123949028,615.0570612733163,1159.4777117130884,32067.326850400637,10274.856236444955,785.0287941655217,2.8222653047490736e-06,0.00018706547360663867,0.0854316767457136,0.007203154075928795,0.02311401761509942
458,-530.6420532084347,751793.2871260277,672941.674497115,117144.71728440536,63491.572215094144,48000.00000060008,17493.173817776067,3540.354056885579,3415.60745423852,2488.1526769294574,109.23022066142453,540.2994666611345,942.0158653786913,29053.81547941823,12192.629351488711,885.1727763989883,2.9408181576084483e-06,0.00015348411784965105,0.08406604692162381,0.01598574337415498,0.03816343674995705
459,-564.3445977280107,741862.7236493194,683213.9687865949,118163.48144656395,65595.78430336158,68836.30873943334,17860.006600103454,2352.367721020255,3556.9243871814288,2531.481949729677,122.64242563533723,612.0546780599361,1191.4503669079618,30632.851484535437,12991.65738721552,1161.778691350415,2.413963785007815e-06,0.00013335473849754472,0.10025076718415413,0.009027193734877327,0.02854502710866919
460,-355.4714017898,754906.3426846773,716946.5116358354,119504.63156772089,61830.794692242656,48090.90810340073,17417.07759254707,2215.544809236048,3258.1538512262555,2592.6778106673914,205.52897731921084,339.27181019818477,1095.463530007383,31674.415405844604,8711.56319149023,751.3323878079632,5.087046244738726e-06,0.0002008338127885477,0.06503585160239786,0.012276115986855012,0.03423744030639886
461,-581.7533266151719,704485.3233947523,680671.028187782,116874.70017058839,67977.24830138397,48000.00000055343,18413.788504046228,1078.8796543086657,3511.8481727694084,2275.6212482836695,86.63435325318636,678.3973411440664,1375.7158553868048,27513.464012052675,14433.583791843823,857.1826440981355,3.786087334527042e-06,0.00012324266958011246,0.11681007107214125,0.012151893634557279,0.02847515916990122
462,-354.24092043355535,763407.0310700643,729248.4012644336,118820.65034219038,59344.62847187428,64697.49163043922,17159.6565935084,1903.8645361499232,3201.0044865976633,2480.555921690804,165.3449778764353,217.7454125011935,757.592828372876,33183.85360735937,10398.526463566155,1008.6861779475246,4.419826761577578e-06,0.00013702368010603302,0.08104651328894748,0.014049324385691286,0.02059717043073113
463,-545.4152326099562,727481.3486476357,669582.8356317817,117469.52496779666,64812.4056426589,52877.01359557002,18011.14102768464,2410.247868706892,3521.6489272418216,2388.3434090998094,174.46639483752338,376.72990975256556,898.2273535479947,27067.72327602427,16913.083578483318,918.2802525926179,2.4172915917832715e-06,0.0001123973483313979,0.11018154168954253,0.012079095349723075,0.03261950287828945
464,-634.3378934436748,783714.8375732668,773728.6862224172,117301.63286492658,60711.54626181304,53882.438335244704,17154.691816486196,732.2754760676494,2868.8835222047946,2532.5007626673596,90.01511931915734,283.65767711724,822.994156117981,31798.35933777179,13195.116882591725,892.1596659716648,6.180188960278623e-06,0.00014353816510827652,0.06548702632310383,0.010415980455327333,0.04146846434778426
465,-603.8399347159933,742711.877169781,720538.2387733227,116650.0365384635,58402.20889095038,52568.37154392225,17607.692520031873,1526.7801558400752,3142.584637691645,2600.654896164831,65.79915585183002,151.66398042423626,902.4221389519079,31055.51724870606,9073.640724205474,766.5571837519174,6.248772708927194e-06,0.00018385821832034348,0.06662793358553545,0.009065363313861914,0.03681061759082372
466,-593.3783580204995,772730.250560776,741389.7928410423,119174.97755819264,61724.75970258629,61773.70615146023,17166.424101939614,1807.348313599463,3409.9373198411213,2469.576183316023,241.3006216505686,348.7275678587288,867.940646742882,34603.28031450427,8160.80242230339,918.75071276876,5.031441327780023e-06,0.00019063654118415413,0.09325679717191615,0.011121675613769928,0.03455101496757641
467,-551.8351611948256,780648.007054887,694962.5249827456,122144.5521780469,64769.846551721064,54882.352492965816,17129.789848517194,5104.1804132046955,3235.2237598581896,2527.6069171862046,350.5866191341431,610.8418149322071,989.480342334412,33626.780044104016,9400.621666256342,801.6870393210314,5.4121496580271505e-06,0.00017349483864318675,0.05981871829427077,0.012606817297722627,0.0352229284149097
468,-464.700764807991,733860.0454257274,698223.4505738716,116536.86563403031,60005.28985935609,52852.95548728873,17798.892846788647,1677.518461915776,3685.2354200820278,2643.175709883265,84.55831510570391,217.5574319282848,840.6796644444258,30486.316301693678,11992.747154963547,864.0608786896153,3.875336371117477e-06,0.00015660208117208223,0.0797117581620138,0.012805446088945963,0.03486672493119436
469,-468.31446971110074,726929.5851879719,687580.7050399977,116518.23378182214,61735.57062271312,54476.52878681656,18068.15011820072,2068.6727223815606,3559.8456612689224,2388.694816532241,71.12583043085979,320.0327297069847,1192.9751684681748,35370.54049695034,7133.410891265074,711.2387390865978,4.710864939438255e-06,0.00022828992844142076,0.09764523502571203,0.011179773321945134,0.02274856168545025
470,-460.0891385977408,709441.5211568997,699578.1982703485,116549.5093470551,62097.56202808211,50635.28728424464,18319.944230453344,452.2629338269486,3522.102996212147,2602.4616187678957,69.27782951596282,336.88633236184666,913.7403692680656,32841.675651548845,7105.8492379418985,676.1457634815968,3.276940401890729e-06,0.00024339157638064598,0.09149176333608543,0.007054678787405937,0.032887567469432555
471,-467.04945418189516,757925.5889665785,704469.9959955246,118419.79935113405,65358.572318629616,56785.40973231974,17076.378140549292,2935.185392010525,3177.4883147050864,2374.7695809703077,163.79505485327158,488.3419659465992,972.7926372190951,30484.16566458389,10498.466095567162,955.917340239595,4.438160921271304e-06,0.00016041127982526225,0.08172797181239586,0.015421645927583976,0.018802530651060703
472,-364.6284475653567,776182.8447108504,756546.9293755839,117383.77151493191,63505.837790894526,65357.83749397531,16877.24055303745,1376.2722862651792,3239.091800981174,2622.9162070832635,109.78630776108119,520.7481852147984,966.3599173013993,37391.192648590724,8764.751571597455,897.1066885002936,6.214876434930303e-06,0.00022352285633935477,0.06761558021956433,0.00552132733383899,0.030814860391533135
473,-468.9416276103577,755662.5085427403,728435.53529298,121033.45557963362,62844.84831515214,68409.03081477137,17541.817729913724,1208.2487485294835,3468.978884598916,2444.560185349348,330.0853537161717,366.4929806055813,1062.3438406251764,31467.1076693804,13415.013504505123,1061.9083491867257,3.4186563741141605e-06,0.000142358093578027,0.09171364181587455,0.013436069211043006,0.032514665485315786
474,-516.9123800555025,799845.2819829071,784847.1619078779,116836.00398846575,58421.626459094165,50898.40383444322,16743.013714272827,874.1320132153319,3150.727347190486,2578.8418015551797,80.35658191663352,154.4147599725106,726.554481107871,30939.203265027103,12222.34145367744,939.7801937624237,5.267478738578934e-06,0.00012238668572073656,0.07377894622809954,0.01038878723287427,0.02543668999848625
475,-474.95310741544165,752733.607472737,711170.7792486761,118378.14869847972,62208.40608060954,65696.3758922828,17406.889008809194,3245.391903904516,2998.50270071658,2389.460697934724,212.52200087666645,308.8759836585994,854.1892192404562,36142.768256338844,8348.753015224733,933.1534000485245,7.109161972712993e-06,0.00017888063204780997,0.07447578300298223,0.014648441180296966,0.03408023915140782
476,-553.8918683990714,760398.4041238023,722392.0096072304,118580.72161645332,65002.3677073769,51475.81022471813,17666.807169389755,2046.5037722442273,3195.426826176729,2287.318326120394,137.55851194849333,452.1565129056346,1073.6248407673552,30042.79151843452,13104.550824549444,927.0329847545704,5.205371311743035e-06,0.00013527469877867723,0.09677830941302182,0.012514241511990326,0.029930895322410073
477,-481.54872714623514,774793.300268744,729071.5557674832,121143.53652181324,62678.729793939645,67488.6894064466,16946.5339547488,3340.7190215524915,3049.2770045572174,2439.0600810157384,438.3376612389303,386.2617094900147,966.3361418813665,32220.447971358735,11426.647130184836,978.7437272877248,6.232391901989082e-06,0.00013757870442449808,0.06865340098340036,0.01203871356187205,0.024820708525060832
478,-445.2135220200053,735458.9252682135,698051.9549095961,117307.17491683959,64389.70845214636,52365.232840533055,17755.536656539454,2048.77022137982,3201.2551100923865,2451.1599870174578,96.18310777962922,450.99442281121054,1177.831083499039,34272.38362530977,8161.721404513481,738.6994327046677,5.40232842979007e-06,0.00022642715630295915,0.0953274109247673,0.007659728932329217,0.028127741918209524
479,-693.377607273407,716537.3172673082,661235.8175762544,118055.69364858007,60974.76419848351,63096.76350397073,18243.682917436152,2097.0087748519454,3910.470016035365,2556.2863780522175,220.63192377564772,372.51897296950244,1029.06056093946,29702.29754197532,14125.316887641326,1027.1908081562372,1.3064636229696836e-06,0.00013208078419313813,0.10207637306622806,0.011639242575593733,0.030810012845739188
480,-376.08232112124847,736511.6256037216,692181.8662903807,118853.95200815376,63469.30544307124,51072.41531793035,17706.69703059416,2134.2325869175343,3463.8663069534723,2482.0315578893706,153.27283228668404,548.1112251145042,955.5531368974881,32614.433612727433,8506.28491481635,737.6906703142655,4.064309835073862e-06,0.0002085950841481431,0.09421326613876188,0.008537954161634446,0.03208125237151679
481,-563.1472758679522,748223.6916600633,727298.9600425962,117355.01824259628,60709.20238023398,54930.90550633389,17523.798737346387,1109.828228300492,3283.31578376283,2611.885787922445,95.84462083362502,322.38942659048644,768.4800697684838,30186.38113839817,11288.14502901168,918.5622552967689,3.7094693387192163e-06,0.00014114813297189105,0.07493094720243697,0.011827947279190848,0.028998807908708967
482,-470.0274609421159,745150.2824762533,701355.8618050462,119857.83479770765,64019.91853829134,59363.740789862444,17362.229733363973,1704.7748599864428,3660.738407545831,2787.9560554644527,212.3959641750356,418.9192854732992,1048.8873042498342,32451.877695864925,9836.831230763402,882.1915585847421,1.3541402470315002e-06,0.00018949346417520662,0.08337246846197384,0.008365821667950997,0.024572003677567893
483,-567.8401810922255,729579.6118856841,682780.210576747,120031.33437935004,62037.768635459484,48333.86512045807,17802.231433215587,2285.1561079284215,3338.6939672237518,2559.739770414448,239.63499578850306,364.89684547974144,836.37538698495,28339.548910975293,13702.196269530741,888.6067519439569,3.353872748470614e-06,0.0001172292449971444,0.07706729983430319,0.014492428849879918,0.028852938950563664
484,-698.4162284161076,725874.2635995041,682271.375599713,118389.57441813845,60878.139390813696,59435.62998291026,17896.715074995176,2154.294879774697,3428.587292923004,2494.720935323285,194.49079952907007,236.2495042362929,925.283115809801,30120.358123576803,13921.083142046406,935.4263426246824,3.083682457860328e-06,0.00015194971216784688,0.0889083293003886,0.01599747570087776,0.03363723896548185
485,-664.2243079427384,733356.4873446645,694235.946244466,117953.4109125013,61257.98515475368,53279.413175384216,17684.960992764896,1886.871627452501,3517.195039391692,2468.4279241316585,120.27723146766805,256.7447149998769,820.2417011923643,32919.84254224691,8213.532576924294,838.2552333395034,3.953479929986446e-06,0.00017316451279432988,0.08949330349913538,0.015161306612576532,0.024787275687974127
486,-498.9611277304234,748170.6930360302,668757.3113526615,116732.64075039476,60371.86905184046,49461.39150679858,17717.331711512816,4468.385355644426,3159.6246922430446,2184.839752424978,94.65542520833468,217.3851358558728,907.8761053648097,30933.728971032426,10479.542191989032,819.8972324529605,6.123573200859116e-06,0.00016796710836589922,0.08760039478693601,0.02011636261291097,0.039068558969589384
487,-420.40432501885937,754528.1194372561,712336.599317528,118693.14535892442,67897.72848258082,64996.3417019814,17354.61275358951,2603.025470955549,3213.3746106941962,2428.121791886663,167.61565146522966,729.4293155346713,1433.0289487316952,32874.323411675636,11545.532508528458,960.6004324321374,5.757466206941199e-06,0.00015639897465719632,0.08133740601572993,0.010216406359336268,0.03340966092696531
488,-695.5024162089319,755393.2483116527,717480.5973197517,117215.46918531238,64191.22503460695,50774.68040416016,17367.391648458262,1989.0779650914917,3156.9217484691094,2286.7557256241057,115.75462558665197,485.1867066446385,1021.2822410485494,29018.035389619556,15118.302274553254,889.9528480402395,4.437825293355136e-06,0.00013215721314411574,0.09416677267120194,0.015387205383715704,0.017803639075768568
489,-498.8480098457468,733014.3736460588,709357.9031488252,116923.93039385749,66149.37340617532,65371.01753761516,18112.49480864989,1731.1971862373985,3072.687001319469,2429.5399986940797,82.78905022849379,789.9677468536236,1228.2945474873231,32415.64801927992,9684.391930834956,869.6840018618093,7.29817848924317e-06,0.0001938871774461302,0.0829220234941571,0.008436052092698734,0.03345397781501276
490,-505.749005021131,745413.4732033418,699428.5176183452,119293.42533065539,58143.88362234227,48080.5429287035,17484.984745192272,1880.4153649895552,3539.3986643839157,2619.789145834289,212.85637220597076,102.72550310217792,624.2210164260495,28766.28500503925,13186.538916810834,840.9056478788589,2.0812885878774123e-06,0.00013839810119654832,0.08346379350080742,0.012275860637083413,0.03220188272370511
491,-545.0733370371839,698522.0907477633,668522.7766719075,119244.42505423841,61351.31264475023,51483.14659917781,18471.001188265334,1307.3048042663747,3486.638258857915,2501.2370182436066,245.16401288287776,262.568475980958,913.7595170969062,29757.791232231353,11615.949016166116,798.2780672177859,2.8002522149621453e-06,0.00017460853339568822,0.08893142117706605,0.012657138032666191,0.0264335560499748
492,-422.66418567155165,761686.9158177233,734353.618062636,119586.75064142795,65011.78941791338,48919.42497664172,16871.973291526087,1755.6013066260798,3245.2360000274234,2250.2414640431025,260.1961470921146,636.5037374182934,1061.9650913024527,31236.791835941585,11475.688508193225,798.4996667051483,6.643171319061627e-06,0.00015471157051054658,0.08162858424051957,0.015506161297267722,0.026337159417339093
493,-492.59361880721104,751823.0589759412,722429.4818474653,117564.63953771182,62377.27899996171,85644.8788390572,17452.420778818017,1661.4533382351328,3012.681104226167,2378.5395964537947,87.18942861972542,373.60253448360424,1123.2629115965783,39275.83731919678,8879.335068962151,1025.017603640502,5.283055035866683e-06,0.00017279780000194108,0.09363465033050149,0.00821175131796241,0.03739135445660466
494,-370.6739545269961,793540.1837437717,771870.573468668,117283.95084791134,60246.09698399563,65822.52909692125,16972.29525434791,1188.7749888659146,3370.089663978407,2727.707421384405,84.6286713527394,215.53928089627308,859.7126780134125,34966.206746519616,8581.696996405206,941.6621944659906,5.078906695156978e-06,0.00017512149513237174,0.07509689369601691,0.007720406362501835,0.03415745911687702
495,-461.28088778682235,713480.8848851367,665508.1961404432,118417.11261992734,64708.74375505567,49292.09853076424,18176.55598466978,2519.560754533446,3277.308371624489,2329.5513936870384,197.8220078473082,431.8443833135542,1172.365483836597,31661.01408826201,8847.644398697445,701.9014458769814,4.7611536328011625e-06,0.00020296591993830017,0.099630246710941,0.009388946219370673,0.03080517501571503
496,-387.7792436651381,745378.6608908692,690691.7043051891,118848.71549481788,60223.79835302393,48000.000000476015,17416.873945023257,3461.3416539163236,3236.0551142845725,2388.75184826446,199.15062089287622,301.66928556983737,870.7493614693778,33936.58409542406,7653.791708637087,718.7540609387718,6.206332250786636e-06,0.0002301496691854464,0.07708143131089006,0.012902939961911976,0.025955738924922096
497,-551.9050332786827,757648.0453510098,725979.6277216793,118460.01550110253,63626.92209103157,56685.763686766855,17396.667364106917,1658.7694953904092,3466.7958246834155,2223.084827489904,249.12710013047766,578.3739997966078,1019.62477361518,33155.99015839366,10495.153868480473,850.231493560287,4.974854366599026e-06,0.00018698812968471448,0.10708557274759023,0.014806402246715346,0.01738085840621723
498,-431.538751282573,775909.4725855932,723345.7213205553,116907.26348524375,64815.58129940273,56101.447892801065,17081.63830146669,2917.99270511869,3096.7142200833505,2411.0078039158852,87.21217594736288,491.48271240216883,1316.5056006994837,34813.61535117371,9215.330034319706,772.7949706647006,4.832122309705519e-06,0.00022229552255144524,0.09373050603303099,0.010184192087597964,0.038463778056097936
499,-576.7692008223719,730840.5187246415,720182.0829362221,117878.52816907303,61730.94878775878,75401.33678429271,17824.191746373832,770.7597933476432,3087.960820864504,2533.14802071656,105.26283555211837,386.67757478826826,852.1928234978797,33082.56464080557,9454.014142028853,1038.0583234754984,6.102547024177334e-06,0.0001667986771979658,0.06950756700255675,0.01053541688161511,0.02606735882548208
500,-671.7668713363369,742026.4504370675,711523.0795816788,119406.40079186496,60458.33541654358,49165.79779283978,17602.276763371778,1487.6822664281403,3468.505160080133,2729.753772517547,262.5693732753041,338.7622776059438,770.1025464701788,28325.51484951903,17681.646660603456,912.0956021064651,2.6573970741902003e-06,0.00011043461928294969,0.06539056095776259,0.011655762989864295,0.02389792309621993
501,-565.625421842376,762954.604666357,732601.7028475087,118529.00513738628,60142.84275490911,58010.450139263805,17538.127575815703,1488.7389323196246,3580.278224192858,2648.056023609396,164.93883406161459,261.4760500112868,909.6976738122411,33842.92086004526,9180.18154759448,773.1589004824742,4.820767225035204e-06,0.00020050613208384935,0.08299996933968286,0.006131042737051092,0.04037231624665189
502,-623.6928749785884,730059.4766576351,695984.2060148602,123437.24310178017,59151.80204015461,48991.7495665797,17918.591208168087,1195.5769002060654,3931.85725929634,2703.11966987059,444.3763901543439,225.65662284605665,892.1433680074787,30593.70591952824,11093.87045858247,781.328254255935,3.1678759502787334e-07,0.00015504446028981515,0.09615372549024725,0.00797736330032044,0.025325189606158816
503,-412.77768678173067,746505.0850703116,700864.4712279895,117783.6158865129,61820.25356038762,48846.79239201777,17637.88371068163,2603.4399862805935,3100.101829475024,2392.4863365798406,135.1894319137119,376.07686997207577,907.0160151667209,30225.0800236267,10704.995268515448,787.2575678930475,4.792158397966221e-06,0.00016411180238297299,0.09360298954187976,0.011363136323046537,0.022880560711220712
504,-532.1417219929186,779019.7628643106,738082.2812160364,116559.54594274344,62910.47742792659,68704.69309721935,16873.235921523697,2276.7047724651734,3188.6177317754114,2431.970674945184,64.4588868861788,399.9923182951194,971.1288440882532,34305.19556344012,12042.31501328534,1076.6297499829925,5.089788871241333e-06,0.00013186539670036188,0.0930365246696078,0.012471383555642748,0.025495916968304725
505,-503.8692327436993,751592.6521636829,712551.8647053884,115949.4811984462,63639.15063297942,51370.7694806968,17589.72196508795,3624.9267783090972,2979.0557702252568,2283.1703783134317,35.43864359594782,425.02519165719644,1158.1067249547311,33192.97950019487,9907.504060254216,670.6356127572649,8.274560523301769e-06,0.00021429444496474587,0.08103023898041913,0.010215780427397816,0.038964599999032595
506,-476.97933557922045,745956.0909263539,685728.3609814021,119747.26871767832,61283.41179230409,58894.12971871525,17579.32161592153,3430.619346605393,3309.0128037559066,2468.2156382576704,250.12969773046365,277.7943860660536,786.725917185773,31947.82666439031,10633.004718212847,895.5853384244953,4.932349145059673e-06,0.00013958416571849155,0.0795832796777475,0.014446360865847985,0.03180914063795601
507,-415.6867637858645,748483.2036005397,696117.9410514461,117919.23498560116,60465.62495781513,57321.49268750728,17760.617283977845,2590.075709713127,3276.8215239527035,2408.9804328454466,129.488285392813,310.1859823392933,1068.5513087158658,32088.81157804732,9076.922281146222,868.2745248332158,4.386709890244603e-06,0.00016149013279223936,0.09986566178163567,0.01165125855831709,0.031026466557077692
508,-397.7383134439577,762280.4500921798,713914.6954058639,117493.8434095573,65389.86844759588,62890.246153831926,16762.779539853662,2171.4076594522708,3504.497976119994,2479.902776663872,120.56081124839943,536.7239735769468,993.4342711594322,32816.136278595775,11274.374717547005,926.5325439617525,3.483048030403938e-06,0.00014623184151793097,0.08576226222876988,0.01288133795465706,0.012748843399632451
509,-503.55471520010866,718873.2556140332,711058.0570384039,119189.51737406626,62956.270465103975,77002.99466699862,17967.8545014878,486.3586580506496,3153.553894796007,2528.0136803800433,194.72896666788856,441.11175187225876,1056.270720320188,35480.439104244026,9493.481051937999,1008.181849512624,5.580270054157925e-06,0.00016776022061412672,0.07891450326905886,0.007728862029304934,0.0243427714149062
