sample,ll,T_NDH,T_ND,T_AWN,T_CV,T_OOA,T_SL,T_L_S,N_Anc,N_ND,N_Den,N_N,N_Chag,N_Vin,N_Alt,N_MH,N_Yor,N_OOA,N_Los,N_Stut,N_Ust,m_ND,m_LY,p_S_D,p_H_N,p_H_WN,p_N_OOA,p_L_S
0,-814.8566126628612,750674.9451831817,706173.3432077572,122865.89251112522,59830.92419291368,57675.821280573036,55422.863800275634,33384.7509720171,16987.6264525899,2357.6103306433643,3167.648049128964,2782.427749960348,204.22864602792072,753.6153517238828,405.119880515154,27990.87127948959,27097.41048716921,198.707347432352,1577.8321671680208,10290.907955362609,1480.1810520582007,4.671046340098034e-06,3.884597013062444e-05,0.016637673595878956,0.05774157219958147,0.012038192403564256,0.021790018574638012,0.7106968135284812
1,-687.1566128877781,760779.0266730614,721738.2035609267,118139.55891869546,61809.75208541787,58064.963380188325,55457.0090064279,22774.053179176255,17031.072087014978,2241.402162907812,3184.361900014907,2621.434258535215,285.22015346285224,914.0653396941684,153.07653726132406,29927.92037044571,19525.659266903254,192.00090480239132,1381.0935792441894,5609.766787013427,99999.99994821957,5.608939482932916e-06,9.35383170362435e-05,0.010866197360736504,0.05733165402924241,0.010441044916847332,0.018935470790819087,0.5114879614361543
2,-877.2244524625652,733136.8667478875,696673.9481641782,118381.43866147382,59309.54962765575,58218.12113724173,55589.67406702949,27008.257112113984,17497.45096975231,2217.2776521127525,3241.6870461469384,2431.210987641705,249.51365344509347,996.574885410202,220.40808224958377,28529.073543689366,20493.476643504055,201.17162586592673,1659.1902730711013,5457.554020629033,745.2695455462508,6.4881620741908215e-06,5.985592966470373e-05,0.016388531658914903,0.06320381842938905,0.017114063101343172,0.01718363028751061,0.5521216527503693
3,-811.5575663233519,724690.657310684,685967.9185393064,117662.30768076969,59567.19521717579,58377.89931804726,56096.42787064687,25783.243290783437,17353.000527612203,2182.689908098941,3271.605641065789,2758.611829859665,208.2273732704099,912.0871546901927,141.54447660075323,28521.186812483844,24634.399844614276,186.06772192041223,1507.894054382982,5985.667424049972,99999.95626052484,5.180656380021555e-06,7.43607188710029e-05,0.02084267359028875,0.04890757291819245,0.010600057823990908,0.013844385951803104,0.5386891510622083
4,-750.1593366113239,740335.9161346398,705826.6543423816,120119.82449757717,60553.852767758544,58086.60358365414,56084.09161089291,32812.39299409719,17365.20784342237,2227.8134694345063,3007.479125513367,2572.8005135974004,223.134522080285,774.1561796131664,272.2797858623903,27607.456381061882,53497.8926651821,184.82953404019094,1630.092705425732,8111.035959448251,6931.467067849282,6.233916598101287e-06,3.193577691309333e-05,0.009456620130479793,0.058675884503401284,0.013608017994697063,0.024491666065849488,0.6958800926950958
5,-809.4822070269494,752221.70620676,714742.2091316947,119130.98386137775,61394.22834470784,54978.544602818925,52507.42143551229,33145.70887822137,17102.689666625873,2165.7155070357508,3096.7925642640976,2560.029670971968,294.9155543896566,887.4235674508283,254.2783519412729,27904.86629747413,31296.631962293548,196.2854013592913,1688.7562272999573,10558.32581070381,807.5839095231668,5.5077929625434924e-06,4.3063207525061816e-05,0.01040343412130877,0.0616433699642229,0.017179677672593843,0.01985971519936125,0.746455453134036
6,-614.4322092777232,759565.2338072781,717932.595564704,120759.47092404866,59212.718062854336,56770.83577532995,54646.72280820845,35669.073405601615,17284.700564080576,2208.5244724715253,3197.5509303077015,2792.400585489271,180.43902176651736,784.5985595065606,364.16735196081265,27102.89510545653,51536.49633040611,195.2671914566884,1705.3862647183648,8673.393789526539,7574.174563663711,4.888307656373538e-06,1.9256556903617415e-05,0.0030253402125921948,0.049527628899193904,0.012557545591970132,0.01901367554592261,0.7998370504468453
7,-940.7758528819907,760803.5919368095,720110.1924945184,117698.06209247059,60675.365135307395,58194.74222626276,55566.05035469177,22703.130522410756,16952.374543964714,2319.7074647387026,3302.8468557028255,2716.4278735251883,291.8698476395026,841.1628350801138,118.97611716870254,28933.45214527468,25866.72942937757,203.45086555721082,1491.758861784964,5308.727215109072,5489.358249532638,5.870577759871937e-06,7.368246641517393e-05,0.016403926843596713,0.053330760727479595,0.008546203118651728,0.019698450429617004,0.46127657310740905
8,-725.7134458491596,766292.348314069,723965.7443546201,122647.14670575823,60147.96722924726,56814.47015994712,51360.18026382008,21830.804986610816,17130.705858882586,2050.0138559596116,3437.819100477956,2706.3008801634046,272.7890919107165,1021.9525745477216,460.58966414654225,28013.08284436943,55859.49257583936,416.11408821903467,1768.5265122383694,6085.902872119153,1396.3429420270925,4.158128730933922e-06,3.0781425806143155e-05,0.011599152923090227,0.06733238074123178,0.012823776104101708,0.023653093934281624,0.4368393753535465
9,-883.9721737615116,750978.3384329205,701329.4013813252,124585.41352448594,64434.35539527822,55944.22995998073,54719.36567924349,33294.475282356456,17261.605021353786,2171.3931854223124,3349.476202151396,2758.564495926638,555.2033962152539,1024.2508590620264,786.3847016737628,28336.019270285116,35291.867942476536,101.44135568027404,1478.091229018692,6823.0554809485275,99999.99999992186,3.080310798637162e-06,4.167509182951912e-05,0.01001516948920469,0.05942414457173656,0.01564429634543672,0.02493403868494991,0.6346010163021834
10,-833.6567507078056,737501.7881950261,703297.8279150126,118263.80736582149,60392.78767078142,58453.46063391301,56048.172983149954,29378.681265754858,17409.908168026046,2228.5451342315346,3037.7907412859727,2749.7565204634884,328.0788013493408,873.6248943098811,160.05761413992278,27944.347632406294,22921.948970534428,205.33149395235247,1538.2071449978062,9093.747517208989,99999.99999841533,5.88813636845236e-06,5.865569347883345e-05,0.014612446222877268,0.05813337931703401,0.006859727905906929,0.018818849846090342,0.6253116101244731
11,-713.64125874662,737810.2916718677,697960.7417023075,118496.858475201,58057.0592798635,53072.54698370958,50790.67656214695,17834.05773066743,17124.909097366915,2050.9050078072396,3382.5217070156505,2742.3483815416002,135.7842423794673,776.8971999771886,178.31686688870104,28627.563837565365,25424.83360680689,149.23320456763807,1334.9470749465713,5126.878779437889,47490.776828013986,4.6986839911738294e-06,9.453458544476068e-05,0.016145121515018724,0.06783191761866238,0.011073333017398844,0.019786140048973055,0.41195088838957966
12,-806.2601256067795,761265.7901000099,715638.1338580741,125987.15622225795,59765.51759182213,59084.127925936955,58180.46201424179,27331.833144471333,17077.35801838634,2313.609367022438,3370.3785532772476,2824.7857108663784,227.86891027169762,963.6397032378547,530.9306097732332,29284.126797425113,22198.03613181963,83.03811070682517,1503.1464130519653,6103.395604393823,7498.53840196836,4.8131894173628824e-06,5.7018613223288834e-05,0.02392051890182767,0.04788720781885796,0.010250688868381163,0.020133224573128116,0.5596536554029289
13,-792.5589174862624,729172.2365503182,699682.3777688754,116613.5645088667,59480.676853650606,56660.77043667899,54523.08357914845,32693.163801963372,17062.124767998328,2262.622572935685,3034.755010912908,2477.993943836443,218.52907865740866,630.2487111117804,78.69707501084284,27069.734428542448,40165.71275836448,180.12039325665907,1640.8575847205195,9388.694752015004,99999.99999927935,7.401349266492024e-06,4.816615466404668e-05,0.020181245050532384,0.05712782959931432,0.013466585611623092,0.01988878349635339,0.6988625513485188
14,-618.9545549434022,738951.1398558447,700789.878526443,118493.72060434525,62589.240134211985,57515.038514131564,54826.84804671885,31178.01242046998,17132.046585250362,2235.0601900357806,3093.090370004662,2744.253071324167,342.5165916027157,930.4942633483514,150.67535857246185,28165.52860184598,21989.346833686337,205.86965241861435,1620.7641015896684,6914.82952473991,1922.594897989478,5.828286774320916e-06,5.501281253037315e-05,0.016611803832174376,0.05703669433979203,0.006894855732107225,0.02165961970668594,0.5902962824742098
15,-713.4311665528145,755553.7630508081,714429.2315201657,118795.14009776413,61582.24968283256,58870.30658097883,56480.97515158219,24288.023317878997,16734.006040073873,2323.4756038538367,2995.421731605602,2608.613200750811,282.0037274365044,931.7871383483237,187.42378048017946,29629.742164076695,34550.7883113609,193.95395207190842,1518.4304715956969,5174.132223342913,99999.99999999984,5.918254226605175e-06,6.401445099498338e-05,0.026508425634793567,0.048477117960401134,0.014789053873782015,0.016360177380185234,0.542538311130967
16,-674.6655741126647,742771.1433851216,712303.98840136,120294.81992849776,60156.736072855965,60708.521504103825,58256.75355713213,25636.2122759871,17428.136370553824,1984.6049632260356,3145.6946895844667,2669.9185846187975,230.54675025927122,814.3760927824428,220.81815437389446,28493.392880643245,25081.958981838965,198.40493837138712,1516.9855870523816,7063.783688081637,99999.99999988207,6.170145375418241e-06,7.26771811236224e-05,0.016735260055030655,0.051751036547444756,0.011263375951635735,0.0222148319871511,0.584722524747016
17,-729.9929949772725,764167.4743663687,716328.4081757646,121422.52528694608,58370.79934417865,56920.335824730384,54989.50114557752,34398.27430992238,17078.399068008563,2233.806710209616,3312.0397408114845,2893.097087798509,143.72669790059507,614.6562939687415,313.4043863590984,28448.498926593813,18957.412401449736,149.46455755655543,1571.1835987291606,9439.426782620598,744.9248770049427,3.8070974195868096e-06,5.919284636609973e-05,0.009775090242027974,0.05534990235022935,0.00957890745380651,0.022126359146632923,0.6935881371139723
18,-854.0214400502418,729676.5320839668,701159.1939683412,117431.59032771879,60205.7508168397,58475.12164947198,55732.94241463302,20727.179768484868,17491.606015113965,2231.6752786211237,3020.980153832117,2553.0515837089483,269.5158800417998,987.198969331988,152.3525597224663,27479.66367835664,34632.323785966444,213.77116136062148,1755.0300350219256,5098.308366002824,1221.191883824506,7.394340650154224e-06,5.3606021172903784e-05,0.017741718916228496,0.0401396059794341,0.015738973415512218,0.02019557190761964,0.46024899678519704
19,-779.9972547567982,740997.563320988,703181.115766394,118341.31139999718,63172.86655985401,56084.40460976221,53438.08002428664,29008.232177488026,17306.079393357133,2302.1471187619663,3139.9482922024,2646.036503068225,344.79568613896225,1030.233431937956,154.70127542068388,28225.599409043334,36184.63221146092,213.04114772515496,1643.6157259945085,5065.967685772931,99999.99999967974,5.818719382055843e-06,5.3884427153865496e-05,0.019832734771405718,0.05439439530417319,0.01313330416136322,0.01455612945290893,0.5568603628272262
20,-616.0994584147318,767193.0627422127,713605.889815538,121541.14606257813,59340.32113783034,55796.9955387376,54084.32615019154,19026.372159176855,16775.285161424697,2428.0168524902692,3499.2752900446217,2863.970736313139,156.0254905268888,734.9619272413163,392.4624812225045,28602.651479585,22462.822129844975,137.86232630372993,1532.7099421530017,5656.493636102292,99999.99999999096,2.5718066173224716e-06,6.514847405563976e-05,0.010587545256282999,0.06276634193640344,0.01129898161097246,0.01672030627301347,0.4460459407499169
21,-958.2454240048371,726507.3834616693,698548.9389643227,121573.10156837589,61961.224808863335,58460.65770085923,56317.9837001941,34444.22484001518,17416.388882788222,2360.045588559956,2991.388334859288,2692.9099141800507,317.79408192409926,1008.9921974925245,362.2950960452359,27818.71498902576,22796.44052891945,186.5462126807914,1492.0270313114631,10320.524728739429,1390.3220216710733,7.200398463626554e-06,5.406480014662127e-05,0.010069994723330322,0.04341778401715324,0.008852913619770988,0.022376443843565203,0.7403124794195097
22,-775.7083440162113,740461.1989536213,700047.3899553457,117548.69986461247,61495.71041822519,57460.522875668576,55035.43611304352,26999.645841415855,17132.507751793113,2279.334461102583,3260.5416575700087,2831.481270683337,350.39317212027527,916.9830485700085,116.69676335201481,28158.568522642836,28933.93758890726,192.42089184699816,1515.228988813622,12326.46260746267,99999.97084494297,5.316220854056695e-06,7.263204835022841e-05,0.011447910507741786,0.05886185813565195,0.00889750193595522,0.01752699400505002,0.6002914331485957
23,-678.2567537274074,741903.342083142,707304.3757204788,118264.7381086526,62011.179278365205,57941.62013997951,55270.59735728662,25826.689849938786,17297.830459166096,2220.0091717760565,3242.982736891256,2504.759203689021,346.20048188582064,941.5808751787765,169.12813022264928,28236.432449238808,19946.62223387631,191.7817766632797,1575.1167716527777,6616.765053273336,3245.923461847086,6.223567770873336e-06,8.194229882398653e-05,0.008593851186506388,0.06778638990231363,0.014842854039203322,0.01744571826716491,0.5005765559350754
24,-921.5932369469704,741070.0654699709,713545.3949145084,117952.66255866888,59345.55242369179,58528.77481808531,56130.17305170066,10613.207735323787,17406.524189702668,2380.6482240395785,2739.9960963539984,2506.1821120623986,229.17157121387308,858.1707640489286,141.9518406301631,27904.65358695093,18129.145602168734,175.84831578483409,1640.0677569295237,3872.1186213987407,52989.855761726816,7.434781915288016e-06,7.895146012589622e-05,0.004624009070869071,0.054465854286916124,0.012906918451382362,0.014235800731367942,0.38057251778403145
25,-751.4238851232361,767397.1978528849,728910.910095682,118500.59842852618,60481.58921121419,56410.52361868774,54221.733869641415,31397.736017436804,17041.823564659928,2236.499404120525,3128.5458509395685,2563.3017451295195,265.8558999033299,982.2498643536411,181.94949181537729,27498.461860038915,45194.533834356014,190.90725062915376,1726.5755847566907,7955.624556293183,783.0594220936734,6.120087117153788e-06,3.2793464303068685e-05,0.013112416317024207,0.07487363216727388,0.010094016417449763,0.018271392584389916,0.6744521832775521
26,-880.6065330778938,721907.7711645407,694762.6810892662,117492.58618917759,62206.9348761727,59307.72642787076,58232.15925635468,27731.36534070791,17009.930131629855,2321.22604778186,2673.199998121882,3059.850630426147,327.80861276912054,814.8199908076087,95.37102082317432,28866.231282295226,22637.880483981367,86.55919631187946,1508.422316991605,6758.655995402342,4559.3299323743195,7.507237039578863e-06,6.277383458166996e-05,0.028502002155460417,0.009090006849991979,0.005613858002160644,0.016119752239182106,0.6004594144285631
27,-640.5490020865202,736748.6720929348,695281.3160395273,116626.24581596577,62632.24865287943,60109.45971204737,57936.758019949666,26892.850039842837,17551.494146937694,2393.4639423985377,3147.3582660257357,2513.1698208445096,397.1860733641578,1165.4295080038912,89.60398394720154,26854.75592948377,63476.66334340712,191.72661327566271,1841.5557180693577,4236.935241089252,898.4401234162365,5.9843515432371615e-06,3.6809183097826397e-05,0.005045596278527406,0.07273719044704484,0.013451988526028942,0.01982324329616302,0.597921128638299
28,-694.9145061420868,740802.6183238273,700372.4553799123,120715.26725778314,58342.944400232125,55090.866532889915,52883.40294853147,24824.43734668052,17514.943188904148,2350.789690881208,3262.7380949263847,2815.747614648212,121.14913537329996,678.8309887698018,329.99581377990916,28747.098832757238,28361.5285079799,168.0805618210578,1504.7676251218713,5877.9853916695865,99999.99999900775,5.384389841669509e-06,4.3576264324499426e-05,0.013210352027162526,0.05140642181202544,0.009843779629615952,0.020922813289260656,0.45037341312233903
29,-762.1939311283656,729483.1999162199,696079.457697062,118018.37359783216,60367.86405775119,56438.640943636216,53669.41009174906,30203.673005325334,17517.368457142707,2280.138525629835,2892.096367997199,2505.363891316557,262.93105920891026,771.4299363977271,128.02705347632806,27240.440540343447,40720.45775985829,214.79333211664897,1465.8336467208476,5956.83662632528,1669.0671946759712,6.472638297595681e-06,4.66600430241106e-05,0.00906707330854279,0.06717575022024806,0.011743601743638771,0.021388487742954862,0.601578003622572
30,-755.4394467046827,747412.5128425383,713275.0085615646,119351.93282839133,60829.680868335614,56427.6776129948,53736.47123967259,27133.12538642287,17534.06440862137,2322.4657315600966,3405.1147344293577,2713.894593016751,285.3741506442219,905.5445052159048,207.40397966050864,27881.95763707815,30482.480508469805,209.712857024629,1478.4875120519116,5159.076196325491,99999.99999890702,6.142147694635248e-06,6.726747135502185e-05,0.0057804362241196715,0.06157142876157838,0.009422495860536397,0.016573679004704474,0.5575821131196542
31,-910.1216410692401,731434.072303272,694443.2903859485,118764.31229759094,61213.89614473657,57093.28702129376,54860.73920954813,30463.20791584614,17496.019620126754,2268.847137087735,2977.605833272689,2565.0319784979524,348.2526576887902,790.7302300926401,205.00012958540427,27397.253901079283,43256.00020986249,188.62615348790055,1695.665518201653,8575.237236872355,3045.0095904197065,6.042392110343844e-06,3.619284169142684e-05,0.015300490093612737,0.058107489889235864,0.01425585281983294,0.018290913644295245,0.6429273723755122
32,-870.4253133494688,730828.3268529203,692228.1767101826,119133.67077162267,59627.80249887812,55031.438017073466,52835.00138843418,34782.231526386444,17422.39607581249,2385.3940230447192,3058.644919609093,2735.60163160528,205.86843291085276,741.811887316261,214.26779059966205,28286.773155302973,25849.68809760402,181.22190822752063,1646.2743630774523,8424.99795888867,1654.9043837106508,5.629485995603699e-06,4.140539772070257e-05,0.015981521569164374,0.037892484795358915,0.014494126394877106,0.01559745954109677,0.705878897944594
33,-748.6115575361853,743074.7318795285,698136.9871494694,120505.39764999166,59023.570930712245,55181.34417729692,52748.55644831812,14549.477434357177,16862.104750252485,2322.3848306082077,3134.2237183845,2779.8748084839217,164.04337256047356,670.1801532509766,295.0707003658163,29466.948013923775,25431.257218079973,163.6546216985926,1370.2443357505213,4437.475255945077,99999.9999454584,4.1908375854650796e-06,7.768070210767532e-05,0.012899852997822377,0.04299652906441638,0.01254521811231042,0.014234946514541554,0.3456221015790315
34,-791.1582057287437,758313.308116626,715941.8049325171,118693.69075098717,60541.88624139064,58333.11111878187,56179.48494719533,32758.817826946768,17354.454351163604,2293.975310091506,3393.9047896908487,2724.73174968624,274.66562748445875,1058.4373813294103,175.92122127768656,27976.851874511885,37005.54772743795,198.42448757520668,1747.5686688302146,6162.562922840714,2241.7175557792366,5.555071638649127e-06,4.2070238570064706e-05,0.011763438363149295,0.06937232172804238,0.007617609896091286,0.01430300183779552,0.7045249710985527
35,-678.3916443426112,769134.80829819,726194.1934878585,120822.9577056067,63484.252240611364,60376.292869929755,58038.544968088,25722.30504184517,16939.561145949152,1930.919555073366,3595.0813570056584,2682.352862387387,497.94651527313823,1047.481400197381,334.0576650157049,30068.382953930763,14586.229382586429,176.78775068111455,1361.489792502036,7430.992817033585,99999.99999999895,3.5710091235619517e-06,9.259918684035474e-05,0.00753248716346441,0.07895035554824369,0.0092871825934992,0.022258931711919398,0.5962288974077884
36,-1013.6857919565487,758203.6561081033,723533.5401451237,120126.01296859846,60501.17827462258,59600.62671896332,56901.55441848392,25210.20734647514,16975.270899718646,2297.015611179146,3194.863405703926,2636.676799528025,335.1830547426764,861.0516263993285,249.39732451272317,29586.662191742293,22574.71459736423,201.4079154103527,1510.063909960057,4831.623337785633,99999.85877986351,6.43620242555247e-06,7.816887156300937e-05,0.015519926927945911,0.058904246861202963,0.009185742306950687,0.02317437269017615,0.5443925357025915
37,-775.2821772618088,760891.7304633007,726549.1680440793,118738.44796812828,61112.718158845986,55847.03205317298,53075.48183804796,23975.22808504626,16913.89450557709,2323.1421654370856,3100.9503912572886,2633.6252505623806,260.4098422650935,1043.2393580745659,193.64247423002047,28439.967953242052,34578.03594869162,207.30797075159663,1678.4362398574983,5779.946095200216,8214.305801672945,6.34373990179906e-06,5.12950759797556e-05,0.016060608564717655,0.058354688693859,0.013801744209777545,0.023233011155852246,0.4918498055172312
38,-917.0010754016935,745718.8110886924,712734.2834084175,119380.22125069141,62381.57381375789,58126.10328106908,55634.04105815991,27660.289153760037,17497.759723169656,2287.7298739808125,3115.3959642612767,2755.3393156505767,347.62806369995644,774.2462991141474,163.37419116737667,28989.2708290156,30369.980221253983,204.92628213553743,1581.9706292779076,5762.514235357122,99999.99999403306,6.4258625697258605e-06,5.713210864279119e-05,0.021414815361873337,0.059401799541439634,0.009041681288148258,0.01902850305197324,0.5782318084249789
39,-611.4151802941938,758941.4163339052,719097.6722308402,118151.90462004823,62436.85579008728,56464.81989671722,53792.379601107015,30220.34671206812,16626.851985178528,2225.7198962585076,3046.261786907647,2725.7810516625364,295.5844911875156,863.6501302625323,164.63893830631918,28007.804147054434,23350.593146299456,204.06023110481402,1620.0573940117026,8667.664825944685,99999.99999064146,5.7536133288790605e-06,4.82492696472106e-05,0.01771855425093708,0.05472120437587551,0.010119253452769381,0.02298973617813202,0.5548575751114359
40,-940.3710677039138,743963.905461203,712233.7191438872,119176.64394827165,61160.613846424734,58172.00881130036,55859.264411087606,30178.959266464564,17544.35832707082,2251.8817447421184,2924.606702611606,2555.5864839149017,262.04493695623904,916.8466240399755,184.07644541856752,27820.901248812403,30690.95570495954,204.50853717068216,1499.8154072271882,8285.994564232888,6974.665536557055,6.408702411755965e-06,6.618061160744071e-05,0.013331655272946628,0.058764167571693234,0.01509669768658663,0.02269363660208582,0.6220361159844847
41,-795.3480714765258,747155.5085026551,711919.577696779,119011.27234561465,61683.69432030769,57587.30798183918,55814.45071386784,31849.908024404787,17043.196306756257,2412.9425377913744,3081.3124629999434,2730.7180045295117,319.6772532176821,967.9828411109592,155.04209909055285,27229.77371265801,67812.86439336829,171.91636978675757,1712.694827387582,7020.12398467996,2163.7547240668428,6.274743657761468e-06,4.5498830130829295e-05,0.012354540437433144,0.04630286234037537,0.009256135978995267,0.022092231801529166,0.7104058856278885
42,-803.9684494881327,747843.9787077697,708451.2836882026,117890.93543881094,60974.81541311049,55425.641556080765,52583.51793830346,22616.725816380756,17542.25958990054,2324.890593204834,3282.366180192356,2515.4376475323465,312.9916484363403,1000.2354967407987,180.65683034595827,27292.344929778574,25095.035561572975,221.7400828138092,1593.6569135695888,5572.740897214145,1036.858136949507,5.284662514109936e-06,6.213723921285251e-05,0.002167894077975404,0.07606536850593107,0.014614372450764229,0.020750551355167228,0.490201494000681
43,-835.5390679531416,748654.3207970579,708528.8662198528,118199.43172651665,62333.04428766999,54940.66595001254,52416.59088096781,31557.12601033035,17276.52108812272,2270.1016780464706,3050.9745223200953,2709.277070196611,320.4709753382138,852.0048187021811,145.3992448781667,27395.147900738,44465.95757848156,204.31316795688036,1552.6017622420322,5259.492912602322,99999.99999911344,5.198197436640387e-06,3.1798397485720515e-05,0.011831644135339185,0.05987708873955485,0.012369813111883654,0.013659777945511644,0.5671798474881066
44,-811.14756620014,745296.8301141855,714402.7261156605,118301.17044549897,61061.46611718172,56003.67752141916,53585.07778886982,33449.396431054374,17599.730501840073,2179.274505903736,3098.9963526973197,2434.2797013296113,264.791679435241,735.9728109839652,215.89960106463909,28022.80182723549,26096.336191947405,204.6806333553369,1546.4537208152537,8113.931886854064,1602.2655951334177,6.8237138917355745e-06,4.690547867132939e-05,0.009512312666099965,0.07563861848345876,0.016024483630007965,0.019821230953349638,0.6615474252685813
45,-676.0990757764389,759309.5385917831,689547.733569355,133140.57970424189,65541.75377740555,54745.50866393641,53395.199099467616,10022.15751205161,17201.83872446259,2509.1438659436776,3856.2184446444535,2955.7169188595253,578.7576767419856,1006.8817412528291,1126.0585621178438,28976.631816966004,21690.083493932438,104.92094019139654,1443.772937951013,3181.633555963872,3154.6298126427946,4.7106003813632944e-07,7.931570823062287e-05,0.011157650768474603,0.06439105194432479,0.012013641145345628,0.01189484299814241,0.387665656167729
46,-859.6611240429845,745541.1396769257,708850.2458009262,118174.5133905413,59954.40229870856,57275.37587244628,54678.30515586759,31794.568992330147,17573.976275345896,2229.838001783302,3126.322796670826,2653.376522407198,206.71604046535464,799.6426710717047,157.44004189765025,26568.095076296042,61999.40835359969,201.894039410351,1786.6374577403412,8256.407198019187,5131.565044853934,5.616455927058682e-06,2.911229501446597e-05,0.007433154587408716,0.06137077112959589,0.014214565921015141,0.022392396342666432,0.5675794382279847
47,-750.5813266439882,734668.9150693842,694505.164284723,120810.02684324498,60469.39816387537,55150.06288191528,52570.92085152096,31477.50568959141,17238.697515142027,2323.280684544392,3026.544107307248,2698.643815931243,273.4889121046243,818.8863563922582,321.6553163514662,28146.17606996945,42304.615254442586,208.0783726275769,1617.159641056396,6213.8059100351265,1894.3473914417093,5.730413977613292e-06,3.239670208993496e-05,0.02431192529219863,0.048181941068185956,0.01213900508536736,0.020771715023794168,0.6378776799489423
48,-732.3992409136803,751498.5816562762,712231.0022969904,117510.65754418571,62694.77671778658,58458.54949846014,56404.93302486438,30090.178823500522,17131.63776699814,2241.102287276138,3157.8153446831307,2559.8536988052842,316.40974468166456,946.3481408799133,128.28927923360072,27882.892949176126,34309.41742312916,188.9736221308008,1678.4048294064207,5586.973070184887,3053.90660004151,5.605721095125792e-06,3.878414174797485e-05,0.005464641529340209,0.07375952515946449,0.011584764970376103,0.023296594862233115,0.6265890195594457
49,-746.7973889349289,761945.5616559829,731633.5736305262,118330.86928038778,61589.52624299107,60593.93187558271,58325.11721975042,32326.41455947916,16870.77565848893,1929.8273823946447,3068.51116111898,2591.408174437293,353.48927768313297,845.3150581483386,145.15027689274362,28537.291666439585,25777.757000187667,199.750686331046,1363.0415493476955,7132.644065902243,6619.382456731283,6.0376448948577225e-06,7.326782220006299e-05,0.009086385968339427,0.056965899366278216,0.01440354069417751,0.025244593440093867,0.730772768490722
50,-701.7055850852549,727478.3213208895,692632.423402001,118789.38992186649,59805.632097722,56754.55178856533,54229.71108279447,22831.72149552188,17457.125168824703,2174.1195584496663,3251.8405827620027,2619.5849121172128,200.37752278548052,926.7839565857075,174.6877834159595,28132.641219849145,27242.048712736996,189.57066130533607,1553.1333235240381,5676.588745752935,9125.710770714186,5.9863367223924445e-06,6.479452826552672e-05,0.021463549930029645,0.06048999234550864,0.009840607343688804,0.02578710093087458,0.492280127377481
51,-733.5706588398866,739088.84326265,707412.6969863662,121339.66873426722,63009.39436344151,56814.1175164746,55222.127525639014,26263.837080116635,17477.275669827275,1365.776658953452,3725.091433554187,2817.909741425217,451.37064191167093,1102.6858631205127,362.1001631539051,28132.151426842458,32728.191738502323,122.31290634482285,1501.389894278842,6689.250525462629,1427.1643306759354,2.5471236997027005e-06,5.999945596027426e-05,0.006638691336743249,0.07931456689860131,0.009362237116140336,0.02855872549545097,0.5596669106894518
52,-655.9554206396801,750788.3007748747,715211.4144611899,118597.02656998707,60315.72268367474,58172.03506290195,56211.97125886831,34317.60589061227,17415.44012826038,2376.9169475354593,3225.733598069221,2658.1044977754923,265.8891771084091,855.3061525459739,174.97461931299665,27165.247287323575,46327.83105584255,195.96328457669344,1876.8659824981235,7831.17513074796,1607.6723404105014,6.116679141058809e-06,2.411613431874859e-05,0.011981802974333228,0.05726779542134129,0.011553151812745447,0.01800979422606104,0.7662662061944161
53,-802.0688618350136,736283.9317547095,702702.1625804957,119646.09409253998,60476.218738641845,58096.58441340172,55653.20632189927,26036.989323251328,17495.732582128792,2253.3218344125075,3075.2081942178315,2549.987355793573,275.90802416805843,874.672736623606,184.85089516172332,27493.122036923516,33777.67248143447,218.0994607850466,1668.0729958750853,7278.086925420845,99999.99999954119,6.23473999734572e-06,4.676657997985514e-05,0.008192770321354632,0.05630455178822998,0.013550356483940668,0.015357280627130734,0.5700723677591317
54,-688.4939175624611,751606.2715679114,711724.7571174869,120875.2843582421,60440.22018351303,57924.36391628106,55468.43982603866,22328.473106438458,17054.02205057112,2220.0213893479354,3031.5655940553747,2625.39163301347,232.97159731986565,918.8514792705847,275.66220052834433,29451.243662773057,17909.708213084996,189.66533744042238,1476.4057684928866,5782.758483483629,99998.78570132835,5.4590644337719215e-06,8.177997834482348e-05,0.01879233774140532,0.058506821683070254,0.013868440746317703,0.020794296305993075,0.4875022737631525
55,-660.3095338274221,728808.9201448056,692248.4342916565,117948.54525237957,62226.76966448358,55754.17040846604,53289.994597760124,19660.45680846112,17571.6774973185,2405.592029169656,3080.854627038716,2444.681408136658,446.8361321826944,1072.642189888062,183.68214435224553,28789.05820642391,22344.201403781404,180.46763573785225,1477.9537160859202,5594.185797327955,4243.141838927475,6.38162026679826e-06,8.147480923562038e-05,0.01758487689314867,0.06963237265568971,0.014689024008760678,0.020616557087508598,0.4533139849266072
56,-787.7587813465684,740166.3682609559,706304.148677923,119285.66063096335,60851.62378297301,54810.134395738896,52415.66983444347,30327.410065845183,17443.080784385038,2281.3834033489443,3105.771730537841,2705.082934352599,295.0609067898255,924.3512928740515,220.42293467859423,26661.299927643187,57644.23366988053,189.92455134464433,1595.4699253175306,11087.500696404664,4275.932667011833,5.864249444239911e-06,3.229008614894701e-05,0.008667629183577186,0.05995110650585233,0.009502844043478129,0.02138944178490075,0.5943139678434193
57,-793.7929957367851,783802.3476126238,746226.2219199407,119567.10487408056,59614.29296562984,56505.46868357266,55935.93642419414,29523.96804490836,16457.586380612425,2123.114079809532,3200.1283517895117,2870.975803438566,198.43952147511047,751.8482041464132,231.87322715300704,30049.22878596033,27809.699639409588,46.57153745404193,1441.3928190185115,9161.025558311278,12374.907323839281,5.385839999352728e-06,6.454984880147982e-05,0.015800032177369926,0.05490735874818563,0.006260077472253112,0.025811500050759092,0.6370882285752527
58,-851.1311912595297,740301.5310260748,705806.3107935876,120890.64151266923,60712.3770229597,57356.2482388562,55034.662626381665,22733.156163133473,17249.614291685924,2143.1017051093663,3023.2552887979978,2840.323109760593,301.0415987643951,900.3962697858261,292.8497562319635,28152.559897594332,30668.73573604693,183.1732381139812,1479.3572884958594,5114.733792993113,5351.71849509493,5.536637758441613e-06,6.069291359484193e-05,0.013269868997914505,0.04539969520075043,0.010664505720751092,0.023898162021653666,0.5025670556337449
59,-878.5107710362979,734479.7324326339,702768.2232205042,119706.90958609979,58558.80541852008,55690.99231866021,52894.58248995954,26628.807977299963,17616.559375691617,2152.0596625768967,2950.06643306333,2676.0850210468675,160.84679522126612,830.9358156920905,219.61414161022876,28046.67062460296,29681.48769870298,206.78991680454877,1505.8899928722067,6421.135785402596,99999.99999410003,6.169470725152864e-06,5.7583585174230524e-05,0.008815304814839027,0.05195173431698984,0.011533116016341001,0.023318300858212376,0.4885144319335259
60,-955.277418260019,743647.2946814853,708689.8916169406,120956.00040738669,59155.55821028086,56625.00193147968,54128.85397363537,32288.99807971114,16844.84829866362,2185.8416692073847,3036.613246458303,2706.026842273517,168.95570219866462,688.6101628795683,387.93282295513126,28782.111184320354,42045.02271271964,193.19949194600235,1540.383601390831,8984.398596868614,2033.9265590577002,5.523278823050555e-06,4.440681454447297e-05,0.009187825463165112,0.048379670444263785,0.013013188966365871,0.019627567421658148,0.6051326762942693
61,-788.2742904352906,744081.0606200098,707058.0482296858,118359.2714816711,60483.31536691065,55927.1890292907,53128.475071077984,27606.96828170025,17649.306631343617,2302.645176555253,3156.0693877712224,2586.2817316579076,245.36902017227504,931.412523544792,135.51948912051662,27193.623734830988,34539.987841819995,212.68122746907977,1903.5370507217833,6861.514942580626,1051.547149159507,5.98070069150406e-06,4.439061888281157e-05,0.007078798564987564,0.07584587805789544,0.010193909321302966,0.02192245656607248,0.5173733205149202
62,-926.654861607069,730733.7045161922,699398.6863285591,118625.61917018803,60276.2058883969,58712.71916962983,56272.76290410066,30664.089914728986,17534.413928159003,2157.96297368104,2982.5191046996083,2665.465915803212,290.8426597724095,912.4932733463254,173.83689964929292,27415.65220210751,35375.64270439694,207.11814841032245,1511.5150748182236,6440.773939625737,99999.99999992008,6.311673862155132e-06,4.975624455380479e-05,0.006611032613509108,0.058956002932314316,0.008259605849215763,0.021152020908495696,0.6426542833028921
63,-911.8099445756088,725952.9660248709,691159.6097868368,118729.48227738963,61105.54775369024,53791.65765549934,51038.330481408855,24944.917281412712,17616.58240494548,2389.8383937036992,3019.950151742167,2533.82097180647,280.06685702380395,815.9053010659258,203.73837534999825,27903.429678095687,38010.48669195149,208.02351760183117,1603.759137783625,5061.943120272775,1233.2553987183703,6.284017434028882e-06,5.384604083174453e-05,0.010077130661784412,0.06252512566638979,0.012765177993213302,0.01708824061661367,0.5420720945062318
64,-780.3343125236634,734431.2773719756,694511.9647624425,118305.441529344,61362.18111591157,56105.6165231315,53479.17998149929,28157.685261089133,17434.363963727475,2237.581964112311,3091.0380567642724,2651.8235823573777,349.73092932145784,795.267329386755,155.3537076776733,28064.152230508887,31164.4892584179,202.86237219433045,1520.1723736962315,7506.072226692461,99999.99999999984,5.896438390590642e-06,6.215662704677714e-05,0.01702269424190085,0.06510338464419975,0.008330646069258207,0.02089378076525824,0.5374217569912422
65,-748.0370495474133,759755.3298434261,714837.8060344184,119472.18003507836,61519.51100182955,57541.67208168657,55433.272736133724,22305.380403366635,17491.603005147786,2341.2869365702827,3111.450535801032,2682.066096494445,336.1881627350029,933.441123563269,259.6782126504885,28126.498719332998,22806.92602162461,170.19782058825308,1583.1408205828657,5077.287350418284,99995.27787933355,5.073022514350108e-06,5.65754610639043e-05,0.01194687503701884,0.061753078488513094,0.01374921461713043,0.02235093942681584,0.4872492483303502
66,-765.4670384508606,747724.6368389756,713101.994273,118183.50285542962,59716.70143419841,55795.710734487526,53297.12004685091,30842.965870210923,17174.30397239715,2321.0933809926046,3057.3249591931462,2451.5301008335164,202.4858304250898,899.5787597817911,199.25668821943987,27653.10899757107,42503.73415035346,203.82476667810909,1661.2125612291384,6991.99720921757,1720.9791158035866,6.749737798795129e-06,4.9755259777749964e-05,0.015982115742101257,0.06603761980918448,0.013272499500030394,0.020817290126583128,0.6092480211659717
67,-896.1080954406737,765675.0444986643,731567.2519934907,118505.21334917551,60938.25401418362,56788.33353607166,54278.47783916405,27390.220952505006,16914.263708399067,2238.4339516103923,3056.6531451356477,2634.9238165733973,263.8397508667896,849.1720937398791,181.08868611343624,28829.178806220305,33299.84723969174,208.09272735456446,1538.7929474376049,7658.786052514857,6906.285353234797,6.137362547745433e-06,4.780724401012465e-05,0.016715891082519144,0.061537542623888816,0.013196814331726023,0.02442366442374298,0.5950928520478173
68,-849.3736939976214,744946.5003114699,709504.3221974199,118676.33644008347,60292.2837851607,54282.13326728334,51963.82329740582,29982.204942870674,17311.11160740586,2288.427011762707,3148.4296290527323,2689.878953224625,210.9591331654295,827.505503141189,233.6598550408427,27610.511815921192,45160.08658356757,198.19923898706338,1721.0155827325732,7309.094700177571,1523.4930869716763,5.7579403101966136e-06,3.370670382776939e-05,0.01313075509077153,0.06012826515735431,0.011661268227708514,0.01866157490580856,0.663771434396998
69,-958.3244220621875,744559.7826657166,705552.3198680858,117799.18424934463,63435.11205997115,56457.10491404304,53805.498096613475,29787.38038221243,17324.73953353544,2379.5984039379723,3075.677812121085,2800.6718603306476,424.21045026042646,939.6179918381631,128.44968054538728,27829.552385149545,29817.43064613853,219.8935645962848,1439.517271507973,8236.986621920198,1209.5035096534416,5.4545862043168985e-06,5.2469032300932235e-05,0.01846261951595644,0.0516418378407203,0.009740952010129502,0.022430687305949614,0.5963416726044293
70,-735.6982428862239,751133.9711781838,705654.8211858391,122827.89530329501,56831.9455467253,55696.95384838783,54414.11042990926,31634.694278523955,16804.27901694404,1946.8490771021527,3561.410711760285,3060.5665328424757,65.31096029630154,548.9634199989675,390.0191549098756,28926.18848101127,20739.763022720854,93.10252555917967,1419.0793059543203,9959.398096253477,96726.36650112392,2.277426260050702e-06,7.420696448272075e-05,0.012140649103749313,0.04487153528948878,0.011639708019563514,0.026221972457416785,0.6437824384428578
71,-812.8375792073022,712932.879537085,677561.5657244434,118433.70095353943,59695.72608707171,56779.02403851784,54525.270429958684,33632.87728919299,17531.70362803371,2349.594725491719,2948.0900944829013,2607.0944559447357,216.97495945961504,710.55073466726,166.2601067253575,27155.051044987656,29048.42034881164,186.74418649275842,1544.2354362798321,17381.57255945995,2932.610633025565,6.2145118569892085e-06,5.9920247839923655e-05,0.00960567908152755,0.05611786421506027,0.013602713463704848,0.018453528268023545,0.7418036077366352
72,-823.3966530075556,729904.3405977199,698054.4307404573,117829.4315674477,61494.74507041715,57133.283699526364,54646.45156002442,35857.579542817555,17602.98422489856,2216.3301965338756,3116.3031058020133,2741.3292287225186,338.2789528415665,794.0084771420402,123.33520938505669,27475.211632606057,33558.28271336628,201.16521013064806,1669.1472142864754,10152.44906405211,2321.3459750638144,6.289062883256758e-06,3.8495279326514206e-05,0.012464967499971417,0.04820140179719387,0.011192281646500142,0.024115028502785647,0.7363979450845439
73,-733.2896313076169,729215.5971404454,693949.9864342797,119679.20427323764,60188.590112825776,54984.456385492595,52600.96428765431,35303.09301932575,17533.963187405283,2175.2120542384987,3089.4170008717074,2684.364219298801,237.2967694961811,770.2783606871741,200.5985877841252,27164.16604325726,27563.968988681125,189.3646521424358,1588.3046045073022,5841.781150945378,729.6039859569348,6.049596183855906e-06,4.765577159972197e-05,0.02126926448887736,0.05089106968589905,0.013204240914631427,0.017989960766006775,0.7312616977420845
74,-750.1536910729862,745197.587171273,702100.97147138,118183.73697451936,60344.040402956576,55369.37656600701,53150.80990703025,35330.13424679752,17201.742500646902,2341.0087986376175,3261.8953097718113,2659.192917317227,226.00284011338616,824.2358897063185,149.1796036712618,27851.521401818532,45202.85884567453,201.68762983207657,1668.031508242912,9845.36583606381,755.1770870507924,5.196234951674609e-06,4.215213788328228e-05,0.012759668046520253,0.053599078398534346,0.014134210842843196,0.01090130130035115,0.8089229165347264
75,-879.4625810625428,746440.1883497718,700002.9067632529,119720.86261489532,57866.902581274175,56529.51801523333,54126.281807361236,25259.23496693737,17316.23186850966,2271.102114963135,3241.3971921051398,2846.9726895418885,123.47704115417609,659.6244476289702,291.68321184711726,28323.831452647766,29983.165945843506,192.06783841694394,1559.9686941805985,6135.934517885133,99999.99999886245,3.895162563684709e-06,5.9633895670806175e-05,0.018915663336125123,0.056206324471444497,0.012330987221072518,0.01599605665153927,0.5624584959610525
76,-728.3773414292449,758640.2258751523,718118.4729815717,118242.17778713106,62236.56328958612,55577.30144157809,52629.35741241725,29167.167563450243,17053.370449756596,2384.5308995612386,3018.5313624811306,2649.9875233969647,349.1190147368558,1019.9756898790976,157.21814485876817,28809.72678747007,31471.302746513236,208.63892017560912,1343.3116125856131,9479.14794915894,99999.99999999913,5.954193224484439e-06,7.922519462405105e-05,0.013699600748705708,0.06811316628325018,0.00913266880253884,0.027767372224946667,0.5760131775810353
77,-683.7088018828083,742232.2085912245,709358.9017701764,120198.97614862796,59750.961863877026,58609.802739717474,56239.04816699526,30948.5608620463,17300.66819699649,2194.1588335413444,3047.509343226292,2517.585239283094,237.4015663248107,872.6464593608168,264.77632656546473,28100.492313166546,28718.460085878032,209.46991834238082,1574.7269758852776,8479.41459524849,2326.623505421923,6.1445592081079e-06,4.266130023138568e-05,0.010540759762066015,0.055078439400711644,0.014886133734070515,0.022386968456876745,0.6253230753642925
78,-644.0505531758338,738167.3825603606,707071.9211002062,120424.05752163698,59781.48604767442,55110.564176671905,52994.152248636165,31662.693539612777,17218.65233580558,2175.607567424105,3173.250119647424,2683.889259865301,255.0889531734953,838.7735762607342,296.9912072633007,27205.186199175605,37265.803037743906,183.89994469526712,1861.902772479367,7623.146165814872,1614.6694684277725,6.075385119563615e-06,2.459234225601652e-05,0.017894047163020815,0.03901182542449238,0.014007888239422821,0.017029198399266338,0.6656133716616399
79,-814.1456340665017,738332.7090167707,705235.3720209029,118257.75887029718,59783.28208010961,56413.13504333506,53851.39600416755,32350.056082561005,17293.71343776896,2350.5181080959414,3343.4674617373435,2873.1903168340177,231.89087388367167,828.0685396498848,180.73767001636858,27843.681869569198,61627.85217305445,209.02212157853367,1580.8060049032056,9609.814720480428,641.6562645198977,6.343070830515243e-06,4.1648286079879904e-05,0.014484984308960842,0.03920615018717699,0.008077291225975286,0.02015824481133475,0.7305062512877347
80,-672.3548220927865,745806.5302219104,708302.7405573452,118196.90763478784,61664.10664075708,56390.50389827308,53782.10550470576,14685.8848117926,17244.45949269652,2330.8132998872243,2935.399186744592,2402.11869365066,475.3658086792093,879.646702550285,178.82421430923742,28177.707418350765,23215.330758752127,191.12587371574497,1565.828314187866,4223.180424810376,4576.734371085051,5.905961350649148e-06,7.15995078225863e-05,0.009538563183862803,0.0722762094059791,0.016321690972502814,0.01537504628621913,0.4216063691663459
81,-833.4152838331114,749490.435529915,711975.111568181,117650.78362642167,59886.45136933475,56907.084027416306,54888.812447007935,32906.737645739086,17115.785841094574,2464.2820131407566,3133.052875169087,2706.4173507161477,264.6337589172007,969.727522038541,147.96026640450168,28580.507144893465,38182.80955372299,168.83819407076413,1568.0275265688094,8067.6173966611905,763.9943706321084,6.147493842711965e-06,4.8554717358433326e-05,0.011864968902257862,0.04367921367268307,0.015253971196296779,0.01795219093268375,0.7109830700602451
82,-610.0544783563897,756132.7833474524,717308.813712679,118566.0950125869,61932.05486807095,56105.40261527314,54101.48889784339,24105.85845563465,17179.406230820237,2201.7600814787947,3072.0043988695634,2852.8807097844597,308.2063794628776,853.5915919698831,172.30114107653904,29695.18333939637,23929.772157612173,149.05223117625548,1639.8414996136773,5077.153631646989,3589.5675854268316,4.845342869294211e-06,6.157160735503856e-05,0.011831233967970334,0.04958028464854158,0.01085498334990755,0.014064614528250434,0.47500198226105717
83,-578.9961588733128,733278.6691081962,696552.9786258359,125511.07795935609,62139.918929757485,56369.38182734895,54035.50395001865,23083.62916040128,17492.5332369623,2252.1055304115903,3203.0426343331987,2724.8287233612637,322.9569364881756,958.2329745718457,502.32122106323834,27781.065467385437,32711.061375133748,195.51471248862413,1468.9297498205005,5079.090940483535,4377.290781823864,5.16405562357041e-06,6.26746469738859e-05,0.009850881989494721,0.0507177546197428,0.012461664262911521,0.019138270244445674,0.468033882666784
84,-769.435654377075,739526.8826001047,706982.5135892316,119309.22830907126,60027.36150219468,60049.225560284794,57580.96404269588,30730.379940939718,17515.244680790212,2296.1702907396507,2996.10919051158,2667.172361015631,224.5043769549148,830.9001875594746,228.6397789672634,26696.162010321743,32802.592641051604,226.40948836555262,1625.963544466099,8781.857191271338,1801.9076228584338,6.102368188229945e-06,4.4204448968743794e-05,0.004210474113524655,0.05433667891227856,0.01082828028166336,0.019688871641878235,0.6876543024091342
85,-900.4034820639281,745034.1243980472,703543.9117188124,116273.38067486223,60094.47882006883,55556.115393352935,53820.807092124385,21521.95535841287,17155.119046804262,2560.2886463912264,2928.893421915403,2493.5592810965277,211.29567561667375,767.535866931599,52.34032142750047,28141.875125828003,34293.22405877006,141.30470605338846,1535.2788663492006,4462.9972814805915,12365.519768145497,6.195143099332471e-06,6.850045097626874e-05,0.016888920338388614,0.07065506854246932,0.013426456310873218,0.015086305820952179,0.49102903711297874
86,-797.4379617682398,750047.4213328761,706382.0176455466,118026.7885270535,64803.56481419421,58033.419457435244,56169.85656611187,30977.37035089002,17299.054645479933,2354.9532307623235,3278.9139383617303,2486.4773412975114,488.6591929416654,1076.4373992683102,161.1705003017484,25666.44489596185,369817.8969045311,195.48740599034562,1752.4937745991997,6846.446787024377,1787.4226156999196,5.098934545023012e-06,2.228633354530289e-05,0.003303636507806834,0.08155914836853491,0.009948066676694197,0.01859840760175816,0.7048728968920521
87,-737.4260224441408,773711.2492387035,741184.8292818015,117273.77893152133,60213.22147724121,59806.12858688349,57195.562242815315,25787.96039480513,17282.428246235126,1911.4709973574277,3104.766778332206,2581.4920249492575,241.66701173292464,808.6325942845004,115.57964763526654,29306.217031353623,24120.335731870106,193.9012235437271,1552.817216072875,4740.806633730337,99999.99999920101,5.275595439993422e-06,7.677617193875966e-05,0.006303621377291827,0.06893304844640058,0.01462595660908589,0.0198025867144019,0.560921651847672
88,-768.8081724538952,757071.0986090784,712047.8401569444,124419.38911604851,60437.616849629514,56932.106419592346,54864.496807916905,25464.332120267507,17059.985177328534,2467.7296336534882,3184.482939854459,2716.927017934032,306.3924691769839,897.841324959594,622.0441703016005,29095.205900396984,32145.892425512513,156.08931334791862,1502.6808551174659,7585.787431357624,99999.99986792612,5.106478901885918e-06,6.0741203872891144e-05,0.015668577575503592,0.04756938052265326,0.014103489550552663,0.017605171726998034,0.5422238131755354
89,-776.1168051375689,743676.4229538386,686895.0810747585,129133.88901139946,64023.00449009296,57741.60732262121,56480.706188885466,29804.19484970826,17140.30187814119,2402.023590621983,3434.3850008422833,2792.6008578269584,445.72419268888933,1057.4449249536265,1046.9986032336133,28213.138911937833,30130.082455288713,121.54114168467692,1432.0174253668079,10473.022007453195,6431.16374870907,2.1835210877192825e-06,6.272035338624373e-05,0.008216012767984057,0.06819727347468774,0.0146961532634553,0.017754419845523665,0.6908656814797955
90,-680.6949256012928,738628.0592928068,705790.4037161111,118580.22926582034,62421.355053168634,55616.82300217232,52959.032418056544,24582.417948142647,17476.9438314899,2229.33938705328,3159.810397053077,2681.8681002008766,363.62282437853395,792.4452722739932,158.36923167181715,27801.2520187372,32916.858353808784,200.41351510797725,1638.9703765546801,4925.352782274955,1717.9389006568983,5.836049204999182e-06,4.2732649890921694e-05,0.01271468304104495,0.055751929383706496,0.012739768293503862,0.014735229759134891,0.47212613481291765
91,-826.8862981716011,756006.3978229926,720535.5367864014,118697.73886312617,61196.75801291073,59101.11126833948,56741.345963858315,27242.4682729345,17157.01827385747,2388.689171276016,3286.65684811683,2606.976087139749,267.1916105951448,831.3411944014481,188.78371675464,28021.025106301513,21993.98719910351,204.8131055226965,1665.769071675738,4693.506324700499,99999.99999989077,6.292171825308379e-06,6.121508816472059e-05,0.018639183367545623,0.06094505641564339,0.013323389602605918,0.01886892687458354,0.6240330502502262
92,-774.8152292041426,737222.2424315425,706495.6873738947,117665.57770967136,59630.17625716308,59290.69967222283,57455.9825401065,27947.275188152118,17434.035032344094,1971.4255284684448,2958.4719033648075,2755.255798847913,205.66489749010157,774.98332717937,136.23535613030836,27507.849938492884,42797.503193293276,162.78830714514072,1658.7265025440229,6095.560102731635,1022.1866862412087,5.8045408501764436e-06,4.493243063192583e-05,0.01544247254295628,0.054019458440716275,0.009454869010057541,0.021054595458301153,0.6351439905224202
93,-902.8088423003044,753818.8201205906,718616.014882896,118904.57376424609,61114.12447637569,59862.90261360352,57232.21267336833,25373.44625839785,17234.69070409671,2288.238255176707,3225.1197128981626,2765.2814794296296,319.45835929328274,1046.1027977942938,162.79947179635033,28201.274902121793,31394.91406078829,210.8362963440653,1635.2808668305436,4700.026705704809,7497.122267581715,5.956888540154125e-06,5.525554342390514e-05,0.019615282355861238,0.056860041665187405,0.009616003038379353,0.02151506692752024,0.5623284381590582
94,-787.7182966757966,754257.2898525352,719698.0198644203,123362.2790176469,59743.7513561638,56871.64234626885,54662.39831429038,31170.312752914568,17033.326707535776,2389.967334522013,3002.1644879527134,2734.039183910645,191.81312630355984,777.3035677252425,514.4939369168892,29008.35574666224,23763.1183487412,172.92255089618865,1508.8844211618728,7944.017645425953,785.9664586936576,6.030160977696138e-06,6.617195748040537e-05,0.012315409866237814,0.04331574336729414,0.014163804140161145,0.02400534348640587,0.6664608313060926
95,-562.1393140751568,736994.053363249,697324.0741246388,119565.5122570051,60926.18428408603,59115.00570028987,56170.56008750384,29014.091960818216,16985.26780351474,2238.7351424375006,3207.190317141398,2733.215647549519,264.74782752646934,812.8144574185405,218.46995559110644,29495.09556941716,32967.05226242345,206.4416539580478,1469.7800462477355,7077.665257809181,2791.3694968274285,5.335876896029559e-06,9.235933310692633e-05,0.012880358118434443,0.05090598451802275,0.012366795855847055,0.015123135351915297,0.5935234310549261
96,-977.0840707712348,755736.6162815782,708108.3139452894,121811.78083969861,62516.02882058022,57119.504456316165,54873.134051236084,30152.46809682916,17233.970749643555,2332.3858192603393,3408.8025581532925,2694.9374284454425,366.31807665845486,1075.08607589256,344.40586256529804,27656.424902536175,41421.53866919657,181.76726333242274,1857.4947588483767,8268.292015692723,1774.4300106731646,4.1305044035876415e-06,3.537198810842713e-05,0.006380657463257658,0.06705797090226416,0.010139765940615632,0.023699603655528333,0.6656441464515832
97,-692.6838977824168,723745.6535351034,687864.6182133314,117792.40821077941,60179.08826495072,53889.50476184192,51317.1262935179,30477.946823262606,17309.28570053483,2151.2791855169717,2914.616924927835,2619.6057899320213,221.9097537227372,780.9846385940705,93.66834847848246,26200.387614106538,40580.64051333929,201.359772597813,1858.2104423890185,6785.542686057009,793.9402917006727,5.581354883214373e-06,1.993839078243865e-05,0.012858256664221995,0.06824644360364845,0.011666466851305441,0.015472153283166076,0.5941335249586879
98,-716.9861359009612,754252.2285221631,711270.1161520847,117932.33584293767,64365.74033769297,57834.25396275105,55346.457561747724,30142.422831443015,17086.95108384671,2398.6627667513167,3195.334667843824,2590.321660956619,455.4164401524852,1111.3159085466248,114.72294017389456,27083.082615282605,32417.607288707484,201.30167006747266,1688.502376929195,7783.030690260199,8558.054562543948,5.602709047373882e-06,4.532699027285196e-05,0.005690712150189864,0.08090678393406987,0.007771665920982926,0.028686197909163026,0.6548834986626115
99,-893.0002228625034,762273.3216345706,713184.5343513977,118231.6080434541,61741.84464502464,55434.84971630034,54573.01806367951,21166.280152229607,17254.83630802985,2645.679797731018,3437.5511933521093,2776.8255658063167,369.14092701351643,952.4168806581293,130.37647986518556,29039.74652512902,29909.65341518818,70.12292838365799,1534.3263349738354,4049.7480321392172,99999.64763740168,5.090946746418152e-06,7.377579821890686e-05,0.016321548512193685,0.07073262491537696,0.009389639950142881,0.015522654483919728,0.4579137791353012
100,-757.6083166362472,756944.3644474902,720288.3985670941,120615.03179074793,57809.795593857074,57246.984576248,55181.82270624677,32486.900911891975,17226.913474280693,2186.458955970405,3087.188721775164,2659.9962411623155,110.41712931601904,687.0506936487446,324.2450664812938,28424.899156332005,25350.116086871796,176.63470020245114,1769.3917862694043,8153.108976853311,1384.6141019100091,5.645792310103032e-06,3.8116947615543616e-05,0.00953531553153752,0.053245188154629204,0.014329509951366167,0.019475648355892626,0.7112762830252434
101,-797.3569495752787,737741.8858310943,693837.9802309723,118761.9808803243,61263.97659874849,56490.893751243835,54687.212702457175,17526.389677758503,17536.672026058597,2301.8489086297377,3231.2527342984527,2721.7507037332834,262.7834862869155,996.24751831037,205.2142958611054,27698.43024809596,25796.89830859313,147.65540207518015,1717.2172166054138,4131.594837179368,99999.9999998421,4.562031958252524e-06,4.48323006539567e-05,0.014237855134381278,0.06636792000576254,0.009534944849184587,0.014994042725455512,0.44742790700669954
102,-647.6706368085262,738037.9559593867,708177.5031097549,118152.02586250112,59416.395019166746,58927.47081681261,56460.21728251352,30369.59299752002,17145.42488603899,2254.9199684468517,2918.443315169023,2660.3999608792374,186.68323599533952,832.0667291704797,142.16922230816516,27089.761346292933,29714.129039792886,202.45075725877504,1599.2698870332001,8558.7886819126,3024.430087392459,6.94065330185732e-06,5.661192732375786e-05,0.008584947426071157,0.04519439160754697,0.01273858426984759,0.02163558325764444,0.6597381025472037
103,-663.3992256018304,723923.7649700417,690032.4523579418,120101.61826037761,57692.581198313295,55297.45618500417,52899.42470664528,27898.782256950824,17656.870965068756,2156.8037825860247,3117.9767414441685,2689.5426049429866,117.38356468289957,669.8226285729751,282.2436283376662,27962.47204806997,16692.166656272133,172.6342959304694,1516.1364079254295,9227.935360351998,99999.99997345166,5.54210204030682e-06,6.178502428812806e-05,0.0128296635049288,0.05752790306072333,0.012532531063647254,0.019165253390240472,0.4946480705279767
104,-683.2929112478807,740349.717071516,702185.085640525,121444.84384330771,61175.066334117306,53977.44552144601,51547.049091024375,29567.105852242854,17173.212904910837,2355.4568364867882,3246.1521318634136,2798.8078899961015,329.0224170730227,918.152308519732,309.4663765017717,26931.939233314206,39438.429043740754,190.9534246062828,1549.9139285629167,6933.007056982703,1882.0216195700114,5.3753837364834835e-06,4.3714609133042e-05,0.014400054456937572,0.047042675939596955,0.00967071889065524,0.018895969452332174,0.6185860095978537
105,-707.1077831125133,742676.2498427433,715734.1913521505,119443.12871969758,58027.388853987926,60322.78610952955,59877.49385679841,27231.371011431693,16969.17856486825,1820.1848857870345,3112.015638602545,2795.9071265274247,124.62764276127325,655.9910026807446,269.8043238352466,29639.28499640773,18727.17094667147,36.527570170980276,1386.247646311044,5264.636418286491,1751.601745995407,6.4135318881702224e-06,9.882524588176127e-05,0.016778955110877118,0.03609657853128885,0.012431014424333857,0.02237237704751666,0.6234486544643605
106,-762.205501683325,741404.0257980272,703165.7126591643,118782.27474452241,59547.960310247065,57316.306519609665,54764.85779883384,32098.469058284303,17244.571475412326,2103.3215446034797,3012.0756923875615,2840.367660849672,205.7985298456863,796.7310443691619,179.01277916401196,28166.12340001859,28039.82134943118,206.83100669155957,1774.2737598804913,12107.379087294476,13596.634125614184,5.311872536449865e-06,4.1970288475972784e-05,0.022469576069783635,0.047502586158603775,0.009528144477476899,0.015555913361748275,0.6681083699189693
107,-686.7636009226177,737655.3747617555,704012.2958366086,119894.33442448861,60027.86725957285,55018.82187304047,52562.699490182255,34736.51424960757,17177.945425924114,2306.209537991195,3129.643245017501,2803.370874108839,205.60638532468786,799.5592139914284,260.4576184951029,27716.31995736361,27706.740709720874,193.20650221284384,1616.2226013457512,9877.368094352605,857.4180726438731,6.474479505936626e-06,4.1100924490298025e-05,0.01768197028215211,0.04243384203170607,0.010522840867988527,0.02128333774474269,0.7549335942812526
108,-931.630506795404,737216.335910486,701958.9144830205,119407.0215311534,60138.468705532934,55392.16340759468,52956.992876805874,32061.02170093944,17259.818347717843,2185.2664413250145,3229.7145134464913,2728.63979174016,302.69574154669283,829.1501230016174,206.40819696158582,26246.02675698463,112035.44139360155,204.26501847012787,1791.8340897112244,12820.980461964102,99999.99999408475,6.254023336152784e-06,2.3248543735373277e-05,0.017558169076342285,0.0582129588875847,0.007059967962718567,0.02089984462274734,0.692898443489291
109,-679.0558555136199,745088.0190245565,701085.659150471,120403.46562403541,60651.585929050954,58423.4282030141,56135.33838468086,26815.012695837853,17496.298143285716,2392.580434066191,3228.508467295572,2465.953700144205,323.55435263250837,855.7324428903174,331.3889707553011,27359.574223948825,32165.754414876326,191.0382872507391,1627.280520680201,5957.342209769481,1786.333215472284,5.051717886115829e-06,4.667917443457659e-05,0.01037116726533918,0.07711414264217875,0.015044554572817361,0.021683220674686737,0.5604814348075299
110,-805.3461043162898,729236.2270205875,697378.0247331649,118684.59516097575,60356.12714973199,55540.74885678499,52897.93584201527,23149.143696934727,17413.69136263987,2238.0513490190797,3282.9137945119583,2665.9110133832633,268.6724654438819,945.2873473521789,198.69237705863313,26656.766632509847,51098.76004268724,219.31369956400852,1811.8526583935268,4921.012075133626,1929.1558674625658,6.493081568505392e-06,2.985445314076737e-05,0.013213703399134618,0.054330062756555955,0.0115230443756719,0.01778927622547859,0.44599154009836817
111,-697.6164207084698,750215.7615358764,709037.8337513534,118377.45460272896,61303.466189257284,54436.406578401766,52017.91585343025,31190.365102938664,17027.45509616254,2339.6517278758974,3102.309437822665,2574.5382236990044,359.1635704400544,1071.173949928418,168.12384404573464,28217.944149745337,32367.458266048496,187.87609375298325,1709.6992557954748,11434.546313628807,534.3002009453917,5.66574352685962e-06,5.3396492541343264e-05,0.019647724161953057,0.06074479054057596,0.014520094130040608,0.014789832179197073,0.7575124586650789
112,-794.6809489655491,754332.6131640531,714751.3812634288,118833.44428334027,60743.415339394516,56418.67331085926,53919.79716604147,18889.235597921517,17315.19532900703,2362.525407393389,3272.6301588014167,2846.3754060715037,263.52602575438397,758.140029228858,196.93913871120614,29806.480440098596,16280.615494364152,179.5512237426549,1601.6278534118833,4461.954472802985,99999.99999998919,5.0871984772784685e-06,8.335270405867507e-05,0.01418703512186567,0.05160872723573138,0.009213695490763374,0.013512282855264585,0.45129472174359814
113,-881.6954877616736,735704.5773049834,703736.0343936156,119683.68028754962,61366.21377731422,56162.75828876394,53208.23517757658,28994.58355794726,17357.77718112521,2234.209858470053,2834.787230452307,2587.775089193912,273.7497097639119,765.9378281973632,216.70295485945792,28657.72142400431,20995.251506481927,215.96295412536082,1351.1490493279186,8400.087269746253,2744.805893743297,6.258698855136427e-06,8.209256792312426e-05,0.007863618606355186,0.05697824779083568,0.013948836801599685,0.01757653657747126,0.5859265543515954
114,-744.8782643458676,753632.7884654803,716116.276600137,117779.37135613326,63917.00856249566,55064.42638380676,52766.782716200534,36344.872165893816,17493.809915799473,2249.2158990324083,3038.461403091387,2616.6707799180244,520.4878476168902,895.3474937519404,140.18075104979712,27961.84808078218,32684.566967243216,180.73975763786694,1837.2870433587575,12341.624738816912,1009.0344053927209,5.839215139672627e-06,3.450029884549119e-05,0.009927716721437444,0.07864313735361635,0.008778970305478946,0.017444421949249205,0.7870215102187893
115,-1001.9490112292644,734593.9787944235,691321.0965032555,121679.48080046038,58959.3375691412,55103.58206408359,52709.40940985045,31433.838095278756,17679.259229571508,2154.0402691235695,3276.307012609113,2800.276420810121,158.9386715708497,721.1172510948427,343.18617775740466,27820.148633358094,29470.968907693623,187.52726916912374,1474.4848604205276,7126.59729153866,99999.99993135734,3.901462029617174e-06,5.894274021451786e-05,0.004056233110212727,0.06064893494357192,0.009669502580732767,0.02577474204225818,0.6018296385784506
116,-768.3058368967328,749570.0320608432,715188.4950807798,117066.70768977766,61686.97450200772,52798.08997221525,50247.971538175254,35309.417603597925,17300.491149122146,2210.558455524792,3041.2770898566523,2488.0077446617397,375.1728692973989,1060.8903033743584,108.06973717791726,27490.626510943657,68638.16662670206,202.08729666029282,1666.3439806241142,11158.251315942505,1190.578646812383,6.562069571649063e-06,3.4864077212413116e-05,0.013932478552966475,0.062874268373779,0.018494515196905474,0.020169845495174765,0.8323507914268857
117,-787.8276151303021,729380.7743248343,692731.7148939429,118450.17512801179,61886.849704877044,56809.49859851111,54682.331440394904,29605.971679490416,17491.05756083143,2227.1779181863703,2994.305767593199,2811.150502226026,326.15644439719006,873.9339756944237,156.28757411121921,27358.76718267639,76719.2967878216,186.5749334323156,1702.289322430338,10169.747049809755,1582.7504490484323,5.8655242478832745e-06,3.6696494305934186e-05,0.01792925624507985,0.05744815608974593,0.009138180640427493,0.01931714263563019,0.6388745196486009
118,-626.3218834220759,756016.6407766531,720279.6308763656,118199.94908193557,66652.24818863292,58128.831219643354,57898.34475694745,29116.407741989027,17124.1071638355,2075.267617460214,3226.3738001035877,2658.4472029589692,694.1762231557244,1357.3946056877976,176.80473999342627,29124.034212459366,23560.074396072276,19.243213292748187,1448.8051112727924,6916.451542211344,3323.5245739996767,5.59344559386802e-06,8.533723012130382e-05,0.018848062841038408,0.06169662634097178,0.008355922340691426,0.0231643937360135,0.6249708912203329
119,-733.1176191491024,736848.9643070443,701833.7949703626,118428.98480572476,62933.32354941516,55086.75744341374,52421.10461925683,21216.386581749273,17442.305375452608,2319.361126401876,3154.0171564835646,2795.791069467958,403.4793948385533,947.6500548878738,172.80297287176765,27809.323503736094,30810.319045398577,206.41690743067093,1772.6346314977582,5508.023681145781,99999.9999999954,5.5309014175536675e-06,3.549632558953359e-05,0.014839452998321599,0.049153533824886,0.009002896099418803,0.015607170389455026,0.44129371241778054
120,-627.3656812985682,771998.8702350394,735922.8824940716,118646.09813977037,61659.27374576735,56212.29576802192,53677.59861612662,25583.817026114408,16802.223310360914,2326.287638925084,3138.339067065335,2754.150331994033,343.0143512912963,930.2315665365251,149.78646900068458,28347.76238477192,31674.376584477784,202.70810266786623,1606.3350200558805,5237.925975349784,99999.99999915092,5.82472289044253e-06,4.261257562277522e-05,0.014776275588951743,0.051235312175059174,0.008835013071507896,0.021369742567737597,0.5473191481187503
121,-922.8529420573493,735557.7373324422,697559.9641098466,118086.14836814094,61177.256809103084,56855.020726621566,54283.35456298397,25487.711147224967,17313.795716449746,2386.5843636905497,3057.5868628328603,2686.5376513580627,254.82698046032843,808.0176786270184,159.71185256459668,28250.786058550635,27962.881863671697,184.01876296278235,1386.06061547806,4842.499952366155,99999.99999454997,6.014850504286318e-06,8.143668038158167e-05,0.01179052950324366,0.04803781800456839,0.011270908017866337,0.021155662946534846,0.48302247722104213
122,-759.8939592442789,736658.9127627565,703739.7839299123,118973.20926611478,61075.956244207024,56575.53168088972,54252.25454461263,29601.87538375296,17578.744422179683,2286.1634797398615,3100.953347427632,2732.2056567141535,309.12152941391696,956.7273073872852,170.54923466553618,28067.642989798933,33482.27144696143,198.46386318390958,1555.3460372838538,7772.391199209235,3344.1731910085955,6.180806774939102e-06,5.586633503540814e-05,0.011816971935417397,0.05689598844338562,0.00971393261446475,0.01787913646682288,0.5872193668241514
123,-823.1613873562175,794929.7181621556,748826.3545184267,132251.35775171447,71385.08865459322,54724.58341076109,53757.776262934516,25912.882860060297,16952.31390567516,2394.289649067496,3535.5086152779263,2494.663197428055,688.8673967532169,1460.998101789243,1039.681120274316,29207.514765194806,21117.002737245482,75.86120619278167,1641.6643986031613,4864.2360293999745,4070.200526260263,4.133434304256168e-06,6.744516226422213e-05,0.003207969064814877,0.07904978372780246,0.014213083858135536,0.014330729130884248,0.5360901609437125
124,-868.0482545639695,751263.0066907518,707725.9425931618,116037.01091704996,58355.66598374251,57567.80967438853,56290.742336459334,31687.66829599702,17477.477248291525,2674.102315566278,3090.0593867182315,2515.171520855489,126.43102264613178,745.640362337057,67.32864327092649,28220.62751019861,31748.930128186403,106.55906817942622,1642.888935966822,7908.982761558905,1292.7027541638952,5.758259854828904e-06,5.7519909658095055e-05,0.005424249680149759,0.07001256829671092,0.017238429454193266,0.022830960640306496,0.7076720173414498
125,-806.103160654309,745875.9788003387,713626.8534166946,119460.89004570346,60685.27916171647,56472.79603686544,53822.268936682085,22013.185685399436,17265.675432897926,2322.333311181469,3070.198393251748,2519.1986132547963,290.5238047760363,805.3687406102198,278.40384875946495,27806.14751154671,28850.606203103962,200.0511140892649,1568.0935523990595,5588.242239621837,99999.99999999984,6.594042365724482e-06,7.097693518612952e-05,0.015390398073173508,0.06252937040022691,0.012968859887385283,0.01945044325150464,0.4963804116976496
126,-902.1188338314448,749704.5273441961,711946.9146631003,119957.80587422621,58441.02860426156,56738.32359983173,53964.5252304487,10000.724889057581,17117.960284157743,2375.60255836725,3157.988150559839,2610.733104774982,163.41308396795338,875.3315468077013,268.3830717843981,28525.5745208615,25870.574226444238,198.85329108365696,1474.8124946890123,4205.780609793559,99718.37592664773,5.910024986906957e-06,7.422626678639743e-05,0.012809069893990029,0.06412880550232405,0.012205401487826726,0.018374354712658057,0.3757833608306535
127,-883.9393675269148,751174.9537327554,711588.7251610152,119750.55697014465,59265.3353523979,57028.68445937707,54985.99664919142,20785.472406033692,16928.691145508987,2503.986748607577,3034.3749555472095,2670.479409099177,172.3029302498151,720.5951323074543,268.4358169820145,28942.68279429352,30455.01669190173,170.43825377762604,1502.225051764486,5301.785731149163,2309.28497654655,6.011373282832721e-06,5.701499556228026e-05,0.02207579520968941,0.05511040910371583,0.012151851790332848,0.010385767579291572,0.4721429942535341
128,-752.2710725449847,748491.6551834226,704897.3387885176,123023.90810779859,58669.66078065995,57251.77319456475,55105.85225769022,23124.016967825515,17078.62955374262,2105.497354262867,3557.263338653463,2872.4652366889063,155.74760007704526,686.4693805229426,511.0499740838442,29354.70444464728,23906.379327140676,170.01675143500307,1365.3047337458797,5300.82134209998,99999.93986851814,3.900119846789867e-06,8.28993121197427e-05,0.014310048450943087,0.04777607707638243,0.012901489465381945,0.01746574375768292,0.5211468365836369
129,-696.6735836720403,762835.1540375444,731083.4507508262,121918.76180148854,61566.79223869935,56956.18415376679,55040.04769480816,25874.652672559387,16941.309119795766,2211.955725659252,2927.68503923284,2743.4909837771206,281.95340957841836,859.0466152877137,321.7814959037771,29066.1915046941,23814.028217316172,147.01973638667207,1434.3384984845432,4534.876866488102,99999.99999964297,6.480292817461049e-06,6.945927034894568e-05,0.02186755004331342,0.04279468858033107,0.011334693827867705,0.020742447092751914,0.5410103632763265
130,-926.4542425403815,769761.4257642496,720481.7948136723,121159.67247546393,60706.629102127146,54890.733216173096,53335.994345482526,28773.38157391153,17059.92396004071,2102.546555293145,3794.3762943648408,3050.6591105184884,240.51724862722952,839.6601394776123,329.6221423950752,28971.23528652894,26693.696982874862,113.30243919388496,1445.548156301761,6362.224780338491,8567.156952743833,2.6769109776965034e-06,6.842461726976478e-05,0.0073960688938708675,0.05129311017845171,0.010997759332356739,0.027518978564519653,0.5506852775117572
131,-742.8185548840372,751415.085344194,717771.5506274366,119260.32497124918,61141.14967965137,60772.683485355825,59536.738860665435,30106.82717438568,16917.626785558663,2430.967744383996,2874.027047569615,2831.288374818779,277.6953460183502,890.0077872812756,181.78232296552417,29545.542949209463,19521.759841622737,114.46876756885563,1396.0988307109699,8224.504790599209,99999.06057334052,6.166431332194694e-06,8.446117393770746e-05,0.015612294302942956,0.036405779021042715,0.010777937427474437,0.018486981712470287,0.6785288309109103
132,-803.859111170615,735593.3768785486,695743.0462620723,117579.05117370909,60586.673418537306,55009.224862232855,52907.07054902257,30211.48045485419,17442.162637319365,2380.4433913191033,3242.906603983205,2760.3946258524934,309.8414845739403,839.2450584812188,110.6748454932266,26090.075912267148,76125.83788224698,172.231304671347,1876.6799489346154,10927.056277823478,988.2326278035958,5.225201319428863e-06,2.0239360579590346e-05,0.00663299890673212,0.05306055906757447,0.011748230347640005,0.022082885543764797,0.6029584981837007
133,-858.0536479104892,743194.2185514016,704424.7843875388,117945.09881395385,61217.406786809835,54124.29561079331,51678.83194785065,32804.03303999336,17109.640934594536,2383.9695690444287,3232.8569428679607,2861.362551400609,303.31644509089773,812.6983167701616,189.83099918050553,27276.23037068583,36878.07722461271,204.82946281186835,1634.9652480389818,10860.654999944323,99999.99999918095,4.9764556691911725e-06,2.84209622305003e-05,0.012211272156523631,0.0394343220278371,0.012911739007433823,0.014869815067104658,0.6966441488143846
134,-852.1823367544135,729840.6430566026,701453.3151037446,119570.29797440032,60065.49021582798,56095.99613463438,53699.714815579995,33908.67370314928,17342.420661425476,2224.3594550567905,3016.1129261863525,2593.624016485986,241.63397261030892,909.6728135559239,263.6964406970093,27496.268798061064,32865.65188502994,194.4386115675857,1591.8890810963733,9802.330912941807,50261.80968998389,6.948661346856874e-06,3.8399970122783365e-05,0.014721849612720932,0.03883345797708933,0.016834899788438464,0.01903921084115323,0.7084245923374608
135,-804.1263714186309,754003.0447846368,714240.0270197937,118421.51909217717,61799.82690790331,59299.47671114001,56835.15695226963,26276.921442751427,17250.595691481783,2375.635389193926,3083.7181982102393,2551.725335389176,319.1765733894162,811.3247429580376,169.75127064532938,29167.03959756026,25009.190961988228,204.21688815491385,1451.3443306163044,4911.490926386314,99999.9999995403,5.762805579318149e-06,7.812771344566624e-05,0.0152322548392422,0.0638333427755391,0.014239371118454263,0.01674995474130117,0.5450457236065284
136,-706.8261907399674,743151.2311199601,705580.5505563527,118306.91181282554,61125.95803884968,56244.11351201994,53614.11475487147,29999.424637909855,17182.87888560766,2348.076140578028,3198.2628355903844,2730.2267795562425,343.8703497194795,797.1790303972977,158.79696784782533,26880.237543259318,46350.767658619596,220.07892278911473,1680.0808910485637,6393.537409481721,1505.1175046901787,6.011162089604611e-06,3.3729751337460714e-05,0.01684055879182324,0.051756972903120466,0.01096356820993003,0.023467178647895586,0.5456503083932547
137,-772.4989442338999,729310.8766759628,690692.7267278295,117132.50717622056,63004.67757241276,58901.310566237895,56674.98795103242,29146.69761108174,17396.03786191151,2319.336628184666,3127.87840123619,2561.3979854058052,380.3857624541093,982.0275351549499,108.75440496646613,27791.979527323976,25397.503914671703,187.61800919161004,1482.0624854932817,6000.353125124637,99999.99999749838,5.44235077393834e-06,5.863677228249622e-05,0.0038633164256284573,0.06770268671654656,0.012562059379313904,0.024636373234443967,0.6519717023836283
138,-656.638396462695,743569.6913333072,704184.2400644919,120989.76396296159,59820.7926288744,57259.669882314134,54622.996987271894,23936.064722418505,17075.61675969477,2227.9820407062653,3392.5526299518747,2652.9331410452805,274.255019098299,677.3687525453663,364.12974438928245,30005.578655190533,18162.114599678604,179.39531144548164,1318.5122917504636,6997.483450774358,4421.376150131082,5.175122758175443e-06,0.00010863034742877502,0.013408477878921674,0.06118989631220626,0.011137819340212107,0.017250174257122563,0.4968766195467612
139,-713.8699479440272,744551.3884293379,710576.794300489,118390.68695639748,61593.65170193732,57225.425638483706,54915.92948739619,29674.48309588507,17010.151418226556,2204.815581202523,3033.064780962517,2678.3922328679087,307.6995812439909,1003.3420338295832,159.19130297782078,28410.92780136171,24392.819343379844,195.145879505899,1388.6249217089176,9355.99664267219,99999.99999993785,5.925391509306245e-06,7.737902634992184e-05,0.011948925582867493,0.05634597817131187,0.008770458138400581,0.01829079912516253,0.6480138544835451
140,-984.2718058427172,728758.7330632011,692268.2323450573,119281.56951241013,60040.08173189603,55357.49762689595,52983.15914362699,32097.130161403875,17501.944222747603,2351.1927669276106,3188.8946350614347,2654.201111009034,201.54156046233965,910.833446763058,222.96762008204448,26051.588603238182,59428.94898498649,195.047858391124,1639.994744165193,6601.916912486801,1708.906824696206,5.644666742001561e-06,4.5276767321042444e-05,0.009134785242584719,0.057454299349573176,0.011726207221305516,0.023573141109923923,0.6796753540386524
141,-812.056299769876,762719.3460218842,724788.9762930132,118470.44830331895,61991.81907763457,55905.87500205033,53555.93489037205,34904.80565614589,17102.550944288985,2387.7335460000236,3048.08810005179,2545.5418679702693,289.78297474238576,825.291399558926,189.03902840297937,27669.450211516745,35810.59958536717,216.09644402525737,1469.5083698405435,10735.111777685115,4687.048566221251,6.207111289236991e-06,4.663230064335859e-05,0.010212751014221753,0.0721552109999322,0.013128676037887805,0.019077774355385258,0.8061726627740133
142,-900.6073775108987,734476.7656633133,695203.5955601479,117967.88577721409,61016.70586650094,56035.358925881876,53260.33329745733,26704.80756927016,17350.936478784086,2243.4014520620885,3310.376002338676,2680.625033623455,340.4043431474221,934.0823863411782,163.34764745783497,27782.903824744375,43784.71150463339,206.06348591920917,1769.3614788234577,5490.778457007201,776.8787365676742,5.86191253983668e-06,4.170521478226295e-05,0.021672139754291567,0.0535054817795668,0.013872278268048502,0.01912677496691317,0.5130209530975398
143,-848.2227570666962,728805.5447458762,695487.0974111069,118256.75349463007,60382.29119977021,56151.15295676422,53597.85616377938,28668.27511391406,17512.936111706364,2164.569835922235,3095.585101093916,2553.9732844406467,260.50855010405786,826.4530759702644,227.92298209245698,28194.729569630774,21381.655152338426,203.14313268525387,1381.8277116766433,7544.940434570368,99999.99999996556,6.144984448491759e-06,7.80064004913069e-05,0.009657434838157829,0.06235894812141088,0.013752000237342583,0.01673040507835591,0.6119339392688846
144,-825.2321710636817,746336.7893669329,700218.303538009,118794.58449327885,59392.47524497893,56667.11892887462,54258.37465519754,22117.80626722441,17240.311305283132,2344.2480181286724,3368.5877479982855,2926.1777063478853,208.18410125412433,704.1242885967729,250.5389359799727,28290.39562523925,21136.655356542284,181.92764127245783,1361.6164761557077,5719.983496038382,3740.0525708944106,3.9722891398278745e-06,7.387691275412513e-05,0.013608859698542794,0.051996599626170446,0.01039695966344774,0.016597841484175476,0.4340217808195659
145,-645.7123123314022,753169.2533660043,721856.6503521341,118339.00810153226,59355.88536862008,55590.04757451387,53219.29934486004,32148.790901463148,17377.506596682284,2274.925887753748,3165.698352057892,2637.195129603941,179.59588157179664,740.6287245752123,150.1701131379444,28005.80625714668,40004.01970848717,208.9799177560198,1762.6120044212187,24741.798232594592,14357.691376033721,6.406631294923047e-06,2.865900024401449e-05,0.010614072655089958,0.04988087542123215,0.013980849493566561,0.013836106277725873,0.7660633269951297
146,-807.4698972887661,722067.6712160789,686581.4869896442,118695.76666487918,60758.432634498306,58546.248103881495,56113.330522780016,29684.280785907395,17479.09463675858,2194.0247328327814,3369.9388120230624,2569.106637879793,296.17033735802806,941.644929144115,190.82179517905004,27993.864715710642,31896.17745028678,204.60905310030623,1576.8440341542257,8940.396368502785,1371.5573073887845,6.156869945513938e-06,5.420792647166626e-05,0.009005098664381341,0.0678514559301035,0.011205523131139487,0.015524932307037264,0.6495832914308921
147,-891.64377593608,765151.0927648578,732433.2056838577,118085.04972860822,61216.4319637916,57763.613601904726,55208.09732463894,21059.230738489052,17044.564343706923,2415.7677488351833,3055.023609075637,2641.0702232320014,355.6001723382933,860.2582559079266,160.74953457988892,27966.607487868594,33158.46901047782,217.59162291120043,1826.1533330308152,4299.338982429313,7837.772892682437,6.194853773152817e-06,3.9582178262787684e-05,0.00812747926523876,0.055058040981352474,0.012889476457012048,0.01903275545561158,0.5037310588533751
148,-650.7326815659527,763742.0132317911,726169.8825507689,118224.99286105474,60873.033054455685,57943.90996521981,55888.063172006405,36627.24695293284,16628.761637460855,2242.301797195219,2983.1113598813236,2632.060285304054,272.36284938590734,826.7520299511644,200.83183506080294,26661.865681389056,82718.41005398934,215.19432211827947,1816.9916398719981,10505.78538091477,701.9327632968293,6.287553112953148e-06,1.9807992380545888e-05,0.022169910110985683,0.05519327937636397,0.013734058674284892,0.01589728275344255,0.8649436709529216
149,-888.600512132028,735392.6803961673,716894.3689746269,117218.28545123029,60538.53633159434,57839.03656726639,57206.857063701376,23659.572103953207,16941.089962598853,2694.8691351117054,2737.3550477651474,2778.375961479108,223.5232474974677,853.2020957085265,117.95104977593292,30661.847069924537,27132.017170592182,47.07590210841357,1321.4153586774719,5021.620510771905,99999.99999848497,9.351886965042952e-06,9.973306756308432e-05,0.027586936456797263,0.008076743068904702,0.010678565226223532,0.026221218806519966,0.5730482084879772
150,-846.3557561376822,759975.1369278698,727711.6538206167,118540.34737571009,61279.90264230264,56057.08904531826,53398.75801441512,24827.95366214125,16977.83464744904,2237.106467350535,3048.5285786872046,2783.9487500379987,297.43954004763884,848.5296802707245,175.40421619603362,27959.76433658322,31164.931128809418,215.92509014548367,1675.1760803069858,5415.120699168075,99999.99999375275,6.285703699127175e-06,3.3720737630844435e-05,0.010664035614728583,0.05035962922294143,0.007179209342713581,0.01734159792346797,0.5242607007972107
151,-868.479959254564,739031.6828686076,700407.3112026011,117803.57919640357,61914.483197540656,57761.699438440955,55161.63172295978,27449.813488812517,17156.425105817903,2248.6181190905877,3174.970718462648,2720.6466762397986,353.43063738975803,831.0777420759832,138.69006114577485,28310.94244268302,25654.910979666096,213.69353641821166,1507.5844120296624,8697.407770876302,23944.516613035903,5.431600897674706e-06,5.842049953493816e-05,0.013745079537289448,0.05126408813502045,0.014099048791827159,0.02169206492955392,0.5685466948264492
152,-874.5811958342598,766482.0350534207,723802.3727860214,119826.43125973169,61885.86113839935,54806.13774140211,52730.784598777806,28364.610551400365,17160.485434456306,2506.631274730332,3101.0427986383406,2547.1665072420947,368.32442839341905,859.0854365318112,215.9825886712943,27733.96062441801,29101.14425166135,161.65932489631354,1377.927487274477,8538.8990742972,3571.347272366651,5.3051956726230385e-06,5.747421327064237e-05,0.00016670865501696136,0.08625710208154061,0.00792597151660721,0.02291730053050822,0.5755404862783315
153,-890.0502940907811,755044.4839127465,719119.0089701352,117434.40152227739,58369.297958650604,56007.17789514087,54888.45207965852,28748.31903961162,17063.09445260881,2187.655761335246,3278.55172924875,2719.4333888605797,147.04231319568757,728.9137347855511,112.78547659643726,27871.6513411285,30331.951407891636,93.36351525624,1611.8518446806968,7002.52428074386,6960.158931993879,5.491637571713055e-06,4.171324747398904e-05,0.013100881829023928,0.05667954295878161,0.011932182152434766,0.02126841060421631,0.6024243414299433
154,-845.0881789865952,754202.2103510096,703780.2497657626,119265.44580942055,59425.044579553505,56529.95197731874,54639.217170975164,11340.244593944446,17398.17824370179,2270.039983751475,3583.27910684044,2765.796050320669,205.56305755630075,958.3622048525427,220.93682831824125,29754.956420164217,17566.032452143732,143.7504377460781,1605.6694589909023,2841.906605449822,1659.003208283238,3.7731715854320273e-06,7.356227315065993e-05,0.015229212230487437,0.07318939220349888,0.009452947678799959,0.006163741700706952,0.36270398555072103
155,-752.9899657248786,738080.8113763946,703301.2254881193,118637.74528522912,61409.76271980897,56842.45564602781,54122.88208119593,29537.100529630778,17529.454333858674,2219.930511104441,3103.369919671399,2572.0064902544823,305.5996076540192,906.8810957205324,206.91751958173614,27495.597226721406,35704.655669728505,216.03971159246248,1720.1552115819152,6409.888907367128,713.7242482799209,6.451248389588125e-06,3.677481624718404e-05,0.019504701789045602,0.05692819011600171,0.017037507222633315,0.020944604849223482,0.5431777748902245
156,-883.4805282809298,751323.8813918848,713178.6849397195,125681.14373169103,59738.88516918584,58894.73479013826,56984.420450247,28868.541533841584,17246.443883134263,2352.58467783634,3167.6944249027524,2767.874007979163,181.76918510416422,925.4892933459507,578.0625442552417,29373.88890762428,22523.13122165924,152.54402450083782,1451.0336789575256,5527.254725318283,1723.6939609652268,5.4702460984280395e-06,8.1455584931367e-05,0.014019866482445064,0.04339177394296404,0.013639306720840114,0.021921774917019517,0.6029795438102525
157,-809.8150005022081,737124.1408812479,703870.8358305572,118081.74953892356,60866.582665095164,59036.56428186083,56469.93542361596,25847.615807749815,17347.103682629844,2220.921980583672,3138.613295580236,2649.015203725951,306.30769054662943,886.8847995890069,173.95605480491233,27728.864236134406,49466.48004812094,217.53986885866536,1727.7595826611237,6301.531169054119,2992.749895583992,6.2268367287929055e-06,4.630026502043442e-05,0.016579069144010153,0.05364572416225885,0.013269176812428556,0.017531337104920705,0.549080879300521
158,-893.7050440919722,734530.2289303909,699872.6692196799,116396.71564608836,60897.338803342456,51769.150292192164,49315.81930896026,17627.160197694455,17369.995916633914,2512.753312419046,3043.6011078816614,2349.441516369214,313.33006401836786,826.6747598293091,61.86294966392316,27602.088093925813,22847.660445862315,173.07455216651462,1602.3251824011722,5083.156065266731,99999.99895888528,7.242461765284302e-06,5.275231801707126e-05,0.011544806734061658,0.07116495838642674,0.016790679469228745,0.015639538284896903,0.3478204614981401
159,-807.5336661513161,732946.4683237325,697871.0466855597,118764.09996434768,59146.48697391479,54996.159611512325,52330.76982903762,30954.919025843752,17287.34070173087,2327.1861477979323,3106.646717948151,2726.282630703871,178.1090014517883,743.2698695100927,174.22939246449408,27835.98975695417,26614.430036703685,192.97312963603193,1640.6154649392017,9403.148897776793,1261.9202381111293,6.092621127753384e-06,5.2717379304777234e-05,0.008325606007352045,0.051306563336908126,0.009305625832285584,0.017155209427018737,0.6092425996330305
160,-884.4080028974795,724343.3909380833,689192.8320927096,117508.40146833332,59634.85436905457,58422.710733749824,54900.399447275995,13043.678406518777,17615.302728009283,2227.663469074149,3342.5570277045226,2649.0411775851817,203.02102154599305,1018.0214348665345,122.24033317581815,29416.169674670276,18723.473870235204,221.82021206252065,1615.6394519539388,3798.2389783709823,4144.613044208788,6.323789411899189e-06,9.494226679378453e-05,0.011225936837527435,0.05249776183473021,0.011803471650358851,0.015297497311786947,0.39760715365842675
161,-824.1381532252975,757008.4535525399,721711.2653968988,117939.71375338214,61702.218868153665,57791.57083040538,55201.88772895413,30239.30758622803,16990.26968650692,2327.6319934108033,3043.6728745580413,2715.0785419479075,335.69792417668884,825.1810319169484,136.96040726687193,28903.2415228126,25804.856361301416,200.80242781546264,1592.185773583791,6127.7363094439725,976.1893200169308,6.017255147416686e-06,5.260042704146686e-05,0.015272673012354564,0.05194417917948398,0.013620035637454397,0.020779183814608502,0.5553551148700622
162,-763.7595928000567,739337.6164507867,706784.2506626301,124598.79001534701,61352.39215131573,58403.81865046669,56107.01714847527,28950.438500288757,17438.060965532943,2127.8663772551627,3206.841515341847,2736.302274040134,322.8363887164267,843.0606022129198,584.6478025150614,27272.1914384917,31736.291928765582,203.02142501746354,1737.7454332792875,10257.53025898539,99999.99999746871,5.7150912237656294e-06,3.5643034042725416e-05,0.007356680750301077,0.04764320689635687,0.010417163516218294,0.019606807582483017,0.6840473173571269
163,-691.4118997868567,738470.3503027109,701254.9914214492,118607.55878492532,61648.930986725805,58908.17444307327,56420.321991024975,24603.489331177836,17398.713301366657,2210.374998119907,3255.1885046109446,2828.2556651584837,357.00859405840674,957.7457650794133,154.70853004674717,27982.077383962533,22830.943885269928,218.4200093164604,1570.4327643021663,4322.90884010522,99999.99999863844,5.655039250692113e-06,6.299365364341862e-05,0.022645009218276457,0.05349307648492645,0.011333221306685671,0.021306439879048615,0.5464847944023044
164,-809.2867147426712,747839.7905715588,704763.4646320577,118727.8667819551,59452.90228615719,58114.70661267928,56534.727630625384,32973.420747610115,17449.35624812139,2197.988823184818,3340.443187064493,2800.6058229103874,185.10746955247384,842.7577037658912,158.379769087228,27536.91267639557,44756.23950393454,157.53205347513145,1945.7479398625549,10106.649228660592,6780.891283280514,5.007725003102554e-06,2.1909597855182444e-05,0.019495525571300475,0.0593442854208259,0.011407994759239799,0.013847525733453542,0.7230738203607437
165,-942.9334024584198,726083.7362050622,692180.0075714281,116731.12525460933,60499.22249672259,57626.62457086241,55017.2635581584,31006.48419814517,17331.11451236255,2163.8992131864006,2973.32938020895,2717.3038816370695,212.22679182064934,681.8867281189862,82.83710823160497,28032.645996646777,31043.401576896278,199.97274191848086,1676.9245603189,7526.775565148538,1534.5036962188767,5.774455214957845e-06,5.888828972660276e-05,0.015570203073718711,0.05273995530120854,0.012252301319724625,0.018420462613069257,0.6509508731219168
166,-704.5435544582517,770423.1238100103,732654.8520868577,118223.8200716948,63336.525060051055,55412.80736862942,52725.42355568229,29066.734973813338,16596.208613872997,2329.0968479763924,3027.710397242766,2728.7991032177374,391.2874537046355,918.7026593280547,133.70958115187634,28336.65228222402,50680.396382148036,209.01668941496865,1689.4801960395282,5681.006834109187,1856.3176935666631,6.069615628890843e-06,5.4463416594920904e-05,0.008078786261273377,0.04935821570198965,0.009816550991735853,0.0229251578725325,0.6005714554322313
167,-935.4268045864145,756702.3512291291,716764.7378875617,120331.9129567891,57873.128419005036,55547.665043720226,53444.1449453479,23495.41539502491,17039.895970195303,2270.8578582240275,3262.5260891279067,2743.6854053124193,154.8124682637009,713.8760000043271,393.5231022034411,29323.569047827394,24916.603397441308,153.88806952362336,1571.9837476076746,6751.997683653374,55682.12545245671,5.197266319341731e-06,7.284589125088838e-05,0.017525636569275888,0.052827965769765256,0.013917681633756541,0.026250074340360086,0.5458627859208505
168,-748.3799621905976,715106.1999483141,677732.8004221788,116485.65899829556,57984.04526295501,56495.06404266699,54560.780465440235,23811.387048753688,17720.12352306855,2583.3488082988715,2995.9503015276564,2630.6055473494844,138.16818603124864,711.6792660453906,70.62051332920525,27318.74143127409,60239.11061196349,152.09984706485307,1782.4640885777758,6077.048855159049,1245.9661323157932,6.744374601157302e-06,4.8942740279644246e-05,0.020436381576396864,0.04018734791484666,0.013850714770940289,0.02195607358110314,0.5185866700891033
169,-959.9328817538743,738092.0306279021,697328.383848558,120301.95996256307,60302.329563721985,53405.78551118452,50350.654360773005,24918.022092386695,17522.627583931662,2313.570188360509,3162.5262485508188,2731.4745788705204,233.8030191503481,765.8592456974677,329.59615454614374,28094.407061268616,39904.45586609571,217.20054434291507,1576.8854237893859,7918.797758701288,2167.5544580192177,4.92421312131485e-06,5.43898139645532e-05,0.013882110381312682,0.04946869991295858,0.013211113868091857,0.02280969911409164,0.4785264029823685
170,-670.2163400446165,760618.4878278803,716655.3266269832,119349.1931621277,60010.23255021746,57456.243688269264,54921.497038449765,28786.611559823352,17221.087154409262,2357.529042403676,3192.872712772764,2830.086462979989,206.5479034458734,681.3499575715507,192.67924533045456,28460.552875789097,28606.243820436972,189.3811502507926,1500.8618448506174,7379.56369054203,99999.99999877202,4.540776618116789e-06,6.40106495855122e-05,0.011030857154894403,0.05467117685683928,0.011020615163157117,0.024918899796822918,0.5867751031982497
171,-735.1357372921017,736990.5209854414,686458.7811318439,119667.38847991212,59701.35567241809,54383.89048006551,52068.5534127907,18798.257344157,17623.719450416847,2154.8494454148818,3507.2936822744578,2797.362737960729,219.21712563258956,812.3815394544039,197.70309795597257,29384.06584762837,18009.47883259455,167.0184304172032,1537.6986055833552,5566.362670912379,99999.99999999949,3.6669982888288916e-06,7.564395892866113e-05,0.024011760941657197,0.0801958211623984,0.006600359430826798,0.012161713827655293,0.39545431379728196
172,-645.2436226557872,728315.0146315495,688494.8097156651,119899.80487907953,63223.617489000375,56539.87107299931,53700.35358739713,31842.060928175666,17542.916811466388,2231.9730412541835,3256.5297687615616,2427.400530537382,524.154825830455,929.0458736164619,284.8106551116871,27075.492402991902,54975.2375764022,231.63717565199138,1750.7122832276677,9848.81428817003,832.4445816270724,5.64835562967887e-06,3.3336735459385356e-05,0.013058422273821856,0.07838688176132062,0.014888472123203498,0.012949032274247568,0.6522333772707999
173,-685.3912722557902,729156.7661508671,691923.5476276904,118181.06405918066,61858.41495491369,53735.97667501141,50865.90760310162,31357.376043201217,17378.202330943084,2377.114653083045,3065.060762936364,2802.0244934587554,417.9297032820871,880.0980069184457,151.9569566996185,27946.07098405926,33147.90591810941,215.2606175532893,1512.3201005945855,7759.758155216566,99999.99999980426,5.449242683274587e-06,4.3361298049663306e-05,0.007276223948886037,0.044536716674104096,0.01016330199433785,0.019265107834173553,0.6316774529459744
174,-725.6555232212949,750316.5773232447,710756.8009784743,120481.0610416915,61474.588355203865,57270.58149577991,55170.854075993644,33751.586415993625,17153.50405144388,2191.432175323141,3100.962743041516,2806.3450139958363,286.48602726051064,874.9001215487498,305.975987949311,27505.262692554566,39322.51920398472,191.3745343800443,1824.1571804481928,7186.859599865121,2998.429549845047,5.3261676840335645e-06,1.663771469330796e-05,0.022823420680749492,0.051285902950808676,0.008260433166835696,0.015144010878990158,0.6713299721307366
175,-732.3039161863132,748547.8931726702,701531.9268257796,117484.3561154554,64144.219369851584,53670.200155771985,51037.10448092866,17501.081781677756,17349.731821779034,2296.689949457776,3535.7501832886837,2418.270832845339,436.1640931070873,914.257564347934,154.1639878896989,28006.18235894054,25122.815816568564,191.53799987000082,1605.4429694601274,4355.98959023536,2032.0471318637237,4.4145892109046275e-06,4.991937856920326e-05,0.00642289838263611,0.0871566185436874,0.01666376334620287,0.014750268733550967,0.3607854404420611
176,-748.6392776446384,740341.7580846136,706441.6294547158,118069.60799098201,60897.852531242046,58070.59481465034,55625.358849352124,16870.589930273087,17017.75780604107,2330.6202156008635,3220.5435953108163,2765.0587780260157,260.8050103010994,778.9519569789535,149.52327197193463,29654.47856215645,18393.587817600932,186.4795026216425,1452.1723711144343,3479.3392503566615,99999.99999947741,6.1766893385378665e-06,8.785085426291939e-05,0.01416824564437654,0.04513151622590162,0.009904040748641521,0.013336597087651858,0.3994345190229999
177,-743.0292260963922,741867.9705407188,694034.2464479748,117437.81775735095,57161.547993867745,54577.01858261061,52472.87062802678,14750.772473015624,17224.13875670232,2435.2267288743456,3358.168770584116,2660.1694143959135,81.52698303848605,567.199512338925,108.70892812250804,27430.04603761584,19598.309040457414,158.24157052383865,1495.7284593913812,4311.343702283628,99999.99999936356,4.550168879501566e-06,6.323679554501105e-05,0.008662117671679622,0.07019658659494107,0.01576939192417393,0.011393187009827627,0.35010951439778015
178,-809.9759953728254,745922.4593681394,704105.7751678299,119336.22387082517,58976.28222374545,54231.88746235112,51823.265145434794,30923.32517864784,17146.49836678542,2305.3561263142687,3293.136314643148,2860.074121694613,148.74765972315714,715.1644119546447,232.45178242563793,28386.209504323782,33123.52521487148,191.37201863566145,1500.127592554179,5697.590286739308,5402.309916081033,4.958133295838227e-06,5.7268759525338884e-05,0.019511411790195676,0.04187184309801737,0.010241947217830944,0.018860453281942444,0.5987868960803261
179,-796.481778987096,725082.8446458143,698920.108994828,119443.54513016074,61125.15349982871,54086.49017618774,51193.89803616965,28755.329856791668,17560.365021313068,2294.347309425166,2957.7059394932685,2482.9458398822785,334.70025728168713,822.3152738973865,221.50373843932553,26233.23931186706,35432.58029180194,215.54872186779906,1593.9146153158117,6048.608307218033,1617.470133412819,6.961923356356038e-06,4.7858101740536414e-05,0.004751752852180261,0.055532122301322887,0.014710741333607995,0.02297823006894242,0.5926561800665207
180,-961.7013172269218,723360.8190306245,687925.652339747,117815.33022171204,60612.381193443776,54842.59847111306,52491.688137406854,35798.961065565025,17497.388602143423,2249.4545954924824,2995.944977382371,2653.0552912682288,204.0314668803603,717.8124532303382,158.18727348333022,27334.06888577747,26668.9880261254,189.14038328269078,1423.6443407735037,18278.88489414297,864.3736961602331,5.837447173448157e-06,6.11154636638487e-05,0.017337810038464567,0.05863977879942422,0.013670665020285808,0.011904373834168678,0.7862229579733401
181,-906.1780639192968,738789.6447753924,701676.047217043,118227.45795730408,60237.60407793849,56065.73355901856,53173.65777519166,22922.367401783333,17284.61807521002,2289.334025367086,3228.1266175013006,2595.5571749774135,248.66285465577172,876.5325899249194,243.25659147199386,29157.18440382414,23854.55622824065,202.08776687766365,1418.7061163478772,5328.045477729962,99999.99995257272,5.929235410289145e-06,7.667805396042734e-05,0.01486528910136841,0.06731332687309295,0.011967332107890744,0.01793120734241344,0.4439151410605723
182,-748.4998023965221,724549.6900188791,690178.2129280443,119216.41459809036,59501.63229284271,56241.53640539248,53466.19312417387,29423.874909632596,17599.67567006962,2211.732854413854,3146.461505227577,2535.5403281679437,206.50043397604597,790.0789757886988,216.12386351673737,27384.187891064597,28172.7783835182,216.85039041087796,1643.9827023761725,11685.480513809876,99999.99999865016,6.324203857464757e-06,4.627387886977466e-05,0.01315903048455586,0.06499709742160605,0.01406951148810219,0.019221656783229676,0.6101523149666829
183,-747.3524997061652,746378.91694868,697598.6448068849,118003.34367410422,63490.77005983946,54857.49711229548,52211.54804553678,16916.178574612546,17292.31632192665,2275.7325630881064,3448.7001796982945,2752.243082213986,403.06736397193106,1067.6074946240517,159.60390259133197,28235.707385127833,21885.472029085457,192.84683066853512,1692.6095207263543,3696.159820786661,99999.99998964067,3.9715781230625785e-06,6.0789293666447446e-05,0.014212931282947091,0.06934921681836816,0.008690180515191106,0.018423679703374968,0.4077871875727924
184,-967.2108535377927,720111.5874440481,685261.6195476366,120491.95151445256,60279.46611817445,56998.08759178163,54600.79644683017,29283.614835774257,17533.503763328583,2254.424473127155,2920.945568236605,2632.012404362633,214.45535832281777,780.7857988990677,292.53697035633087,27067.826761057106,29392.730606177844,215.25348957928006,1651.8313091139294,7365.407426322635,716.3256495316765,5.650157007176679e-06,4.629567961408216e-05,0.024978793735904215,0.04330685019934732,0.016855483321620967,0.02233662191820904,0.6229479051880592
185,-927.7741141657996,746266.5974601007,708146.2963981796,118814.09374779814,61564.39706613694,59566.782034664175,57181.12768691562,25810.979939394296,17407.481922029583,2338.5578981523804,3059.2411473420416,2623.624166369503,291.3906128795295,932.739939018707,173.1359145310528,27942.313373612713,27035.89316489803,208.8329922352435,1615.888466636228,5199.753858340958,99999.99999946605,5.901887333044721e-06,4.7722032356944464e-05,0.009514837763565398,0.058462569886821886,0.013121119897433644,0.021618787273259513,0.5626900472352281
186,-684.2352362972765,746525.3254786825,710988.9644644225,121071.19268022296,61795.72043751048,56153.356966101564,54088.46637970626,18794.901551897172,17306.826977029454,2494.797147807099,3056.4001205706927,2598.060979118741,316.3878963625286,876.2740508545045,313.94379304629217,29656.047189562472,21791.732686195468,151.31907012494804,1561.7847373343575,5546.87856185076,2965.1402955173835,6.764128068096214e-06,6.0311954005655024e-05,0.02078143847366907,0.047486322914447675,0.01600455291777464,0.014234309907141335,0.404390841040105
187,-841.7851376359325,743363.4012382018,706202.0193543289,118311.20925941308,61522.46193349001,59322.35963691104,57030.31159470327,30629.97696131082,17193.14895109632,2249.9946115462867,3265.310457616725,2720.189966733343,317.9510573783644,958.2443736278314,165.55726496632013,28575.959394322406,29161.513906435222,194.03625047607335,1610.667585328324,6664.4165395593245,666.8811850967302,5.9533404748993104e-06,5.828140177354786e-05,0.013960846652154166,0.050973293888551346,0.012548162999686535,0.01844870595258893,0.6341465181780201
188,-782.9926898590561,740148.0071135205,701808.3955616564,118538.27484637739,60037.0317704695,56960.9348439535,54691.6938369724,31400.054196982433,17250.926157343605,2381.9495999206206,3147.2958134610035,2666.4493598014033,213.41194515296118,804.957165551885,232.4786001761396,27868.716583669688,30313.64371707582,196.53916668249116,1466.7407149229318,8775.760613821156,1654.921618535069,5.852384694308019e-06,5.07178905402537e-05,0.008979946011340797,0.05614583273955697,0.009585932434268685,0.021030631781483365,0.6574154754572714
189,-687.3474233181021,758579.6129385264,711362.749273215,118148.35285275319,61150.95178830156,55671.65004080469,53327.69240733086,13772.220140160229,16991.097988596048,2410.342629168498,3493.7875626742675,3012.7486438411065,269.23235214670564,1115.0639416459653,136.01527321796698,29543.65326710039,19032.11843207863,178.36737167153348,1341.0626706862604,3473.8946755920574,2733.7457237203184,4.511195285452175e-06,8.999535215939581e-05,0.013524118333732633,0.05836421966738257,0.0025697219848871936,0.015697269245696827,0.3727716110975041
190,-803.523380392837,746538.490583545,711060.454626872,119817.97909053105,62948.49014290684,55953.057065472385,53852.49994685368,27653.017821894584,16989.40394828052,2252.963121720376,3126.934005857665,2561.5944506367805,457.89684016855455,1108.2833294018583,267.07753569655944,28290.051585349553,33580.815129387964,167.72367659189905,1472.5654643146643,6993.770222222449,99999.99999944722,6.096162196719813e-06,6.459031381778223e-05,0.0066979525077256,0.07663401138305954,0.007171285297713721,0.020967067559991757,0.5777010093500421
191,-843.0974159615337,749886.1775098344,711675.9248675375,118876.78654810965,60847.34653465745,56268.170036338044,53934.926051870105,33700.06264565922,17148.209194207124,2350.4580224313895,3039.4665230229175,2773.953067774034,302.06823722632737,811.4735180827765,153.53487365133955,27839.47876885301,26983.769405346757,200.8901119545508,1775.0129761842854,9002.026691619181,1750.972280449064,5.53580810378228e-06,2.8360607110795762e-05,0.01648770767144128,0.05797771933833956,0.007960549919146246,0.016272435471813007,0.7049066836787566
192,-926.4289931087393,746167.071583522,713221.4228618062,120234.4846167515,60328.16493351329,54836.016490997325,52639.57608847423,29762.467297785108,17564.728729567036,2352.833343513373,3160.197279594793,2591.8174725379185,283.7077885146832,1262.1879519581582,282.3842579247316,26666.785055857446,68436.56602400538,189.80243581434058,1806.1403001504616,8480.402757475516,841.1337061915157,6.789371960284444e-06,1.3783143027421444e-05,0.012635710478630668,0.051579282684109204,0.012228047616615861,0.020462954540592687,0.5810044983697014
193,-759.0231130115419,744964.4117876262,710014.9812843421,118917.940685459,60639.379338572966,56971.854245670846,54454.12377725202,26796.411570915898,17457.39864190538,2238.6241292514133,3037.6714467388056,2603.8234902286054,280.5045683447661,945.8830638176335,216.91602844465197,28235.007896310886,31296.940413265595,213.24832829582616,1756.091209929901,6476.488550334872,99999.99999991404,6.190147816079546e-06,4.775999878714948e-05,0.0067882689386372305,0.06370541514661546,0.012109124433457725,0.012832386876197135,0.578476917154303
194,-865.4583762609473,736922.9623201527,694286.6276746894,117903.01047593498,61171.47212561253,53915.925301096024,51844.200132539685,29585.94222533773,17639.28870147958,2301.200771611456,3468.4641354131754,2606.0776729329054,329.7854515376582,1254.8718749114807,167.61370516901093,26010.143342327756,81447.76371375733,183.78502125310746,1962.4252336717243,5768.225138259031,1784.7290769428266,4.87510159236565e-06,1.7828717939596556e-05,0.004602994828832483,0.08326223422316283,0.00874090029356549,0.013424267797062612,0.640483745127131
195,-732.1396239199414,745884.9136320464,717300.8439656697,118970.11077719938,60291.9686576541,52197.77184950456,49438.62672630384,32147.15420326196,17288.362156020634,2215.6884369658337,3170.4823342960026,2469.222909915074,264.3048155955339,761.5799009983942,248.26104832090925,26716.09504149051,32695.706081981083,201.2584068792242,1633.642219001807,7637.238232987573,1684.0036170189253,6.858097000694548e-06,3.14543486657598e-05,0.000493882584316634,0.061539875338690604,0.01309528219866346,0.02124212343434963,0.6775392782312547
196,-788.16955283007,732096.2795641848,695867.2717870708,119759.8224448325,60331.33708172086,56856.807686390086,54284.71005562147,26957.049085101127,17188.187618196516,2285.9276132228156,3060.3577096859153,2642.0366131794162,223.93887620146205,822.8767412547489,220.7869915382965,28630.16857929155,23168.08536000539,200.34400084555003,1698.9825730902014,4525.829792289808,1009.5035030216421,5.8008773767664216e-06,6.31629686237346e-05,0.019109455597571736,0.040594707884253185,0.01702928228103106,0.017033343804143206,0.6015280633268805
197,-768.8807188972507,774489.8436057898,712518.9453139752,128993.52564179646,60152.119971040076,54375.05590623639,51846.99000676636,31961.6722336696,16613.26968500925,2540.6036205911614,3722.6897198321153,2943.7183311178596,226.75401555449454,722.0360160888554,839.3393876281013,28763.08739365388,25265.993561893254,188.9677083677888,1710.1763084309596,11400.223291042006,3376.8821392276245,2.1945819022412933e-06,4.2194822423844355e-05,0.014170068813448379,0.05761412595563599,0.012188395084225175,0.01925928593642969,0.68391244072601
198,-767.7674437996318,747338.1765002944,708563.4772875675,118665.74217783591,61503.65693413299,54833.233956365424,52043.62294789007,25033.824155566697,17122.393244810562,2258.1112054516943,3039.940233513653,2531.869428091161,303.2869448897812,856.7443407584718,206.018175030656,27582.363175784576,33820.23257545242,220.03964156696742,1586.0845839055607,4117.523666841974,1448.6918366354382,6.412591598207022e-06,4.295062293919131e-05,0.01705833130207759,0.06390102438120718,0.012769491221801056,0.018075522910532486,0.5376106150359097
199,-734.2892315327542,752004.9042063841,735766.65273374,115530.45642706208,58962.957684425804,54851.523950274335,52647.72491994713,32920.94620393002,17289.5342468673,2151.613176478285,2737.0612546199795,2461.4660254027017,154.41235321560043,668.350600952235,24.46646582035633,28117.601247157378,50702.022608684514,171.7608042502819,1701.5740580147271,10973.708385500295,2371.711942629025,9.385203140605605e-06,4.528285216059842e-05,0.011384271799015444,0.045928409325258664,0.01633027251859781,0.02275083151665087,0.7226970363041572
200,-687.8630752898537,730047.9402580571,693105.4100610224,118589.34095148835,58469.917068279996,55838.54059304908,54472.66364902357,29339.702594381914,17358.429163631594,2104.6324345943417,3108.062355333531,2782.121768761202,129.99654615726288,680.4104872363897,167.44817786138816,28266.405849247636,40739.996911394795,99.02802945748155,1457.2765903628654,6512.9343372597805,10056.617515983358,5.146072285609986e-06,6.632230900211871e-05,0.014129537290750678,0.044561250282243746,0.01220960763659553,0.026175029915811304,0.5704300036709606
201,-791.2184277279218,769396.7377448935,731707.5260991567,118257.30307896872,60162.73660202992,57863.35021363837,55259.93310364191,28280.793508475468,17054.415453735517,2196.6370520598434,3042.3117099991405,2549.9638077847258,216.63233981951723,811.7805959116372,146.66558785584763,28899.30359345315,30353.465488985923,221.6610391702693,1415.3437148066268,5619.999817257399,99999.99999792826,5.354634312444995e-06,6.688634479369607e-05,0.008515599817523426,0.07752179801601458,0.010874394843671219,0.019211870597359012,0.604610793350576
202,-1050.190335356241,743025.6936351471,712960.5201380092,118943.18316215211,60282.550538921685,55312.89449984717,52795.9379719694,30926.35973331101,17528.019456559592,2185.2911376059005,3132.8442093650283,2561.099867581002,290.90480816108413,934.0469992905834,185.4034322424515,27705.623991493954,28518.828031945694,200.28748415025768,1682.6056775334887,7696.982715798201,1338.7079766373988,6.184681517412081e-06,5.2021263172526756e-05,0.004934719703271196,0.06350002236088813,0.013272985254707098,0.021595811425146702,0.7075866367717761
203,-848.9753830937473,742229.4758632894,707567.9388227406,121231.63858446342,59502.145044695935,55356.08115699148,52678.756824466676,29957.769812724448,17408.68493023521,2302.129241018019,3274.8794786125136,2839.979657129998,193.0457819445288,757.8510366907648,367.23603538168624,28450.504840124584,45625.41819476583,202.20387940701562,1758.979709881949,11981.0225814815,2679.5973201298866,5.7563606213396634e-06,5.6751947643711006e-05,0.013830724184587152,0.04205932666938419,0.01161625789341039,0.02333614944830633,0.6578004177763226
204,-790.3245613693407,767536.6824222174,737167.5359031205,118983.86584985605,59064.70545137096,59173.38106573362,56744.59563590747,30115.675204291638,17268.091259248667,2152.809261755784,3035.091448509821,2499.263041084268,187.78773270052613,734.795516110633,222.75177295076284,29301.697234893596,19230.455766754963,199.7038042596928,1547.161590480317,6767.588973638492,1002.2278966788447,6.188171989196512e-06,6.720167068310836e-05,0.007787032993606683,0.07070783327238075,0.014873102008620808,0.01864704155634261,0.621243363154077
205,-683.6248071436858,726859.5681063592,690687.9599249426,120087.23760348803,59464.87588293517,57235.60606075125,54710.33142504501,16595.04908280635,17629.114398645263,2239.5258892802885,3043.248542909714,2511.337889405295,196.34107070046676,838.0667774914549,285.7189901517083,30497.715904977184,19082.09307974573,174.48473235601935,1336.821046393817,3928.471352929968,99999.99993710953,5.7818340611920885e-06,0.0001060533488388587,0.012961399440589128,0.06221082609146337,0.015265512575452405,0.011797210259420635,0.42036967610109227
206,-760.1287071512779,744362.4534020011,705936.0244523791,122428.94907357015,59110.672469669866,57545.792746879735,55705.423104768226,29168.5050876889,17590.815763192397,2354.045849015989,3090.5099825305474,2681.0055106643877,169.74955280835636,822.7206740866922,401.5829430340247,27912.528538507362,23280.68164538103,137.18896631112264,1611.0102462753255,8383.647955719887,99999.97943570734,5.742699503236112e-06,6.47206362494138e-05,0.00750324585624997,0.05278250946320498,0.012974579971187929,0.023570994655641116,0.6565131000904315
207,-685.2309978607234,714974.2328743292,684439.9043420919,118904.59562912206,60456.45109837075,56314.47142130008,53494.24589158317,26549.986152024987,17807.78884148483,2160.188082100443,2924.8455055693175,2649.869930440937,286.8802510771227,981.9842753104124,177.78644267901052,26353.737550642356,39303.760536528935,212.5169331266608,1635.599406640722,5147.60337078415,99999.99998334188,6.172386970704963e-06,5.767437401153839e-05,0.008332997408342837,0.05991503627377641,0.009783602426157643,0.02468014332720164,0.5662464952570179
208,-801.114663873016,735347.6904737563,701618.5726983136,118948.21957328149,61332.32833233502,55788.11823075422,52952.24473793184,26919.244365021717,16992.155924507108,2192.1597848484353,2969.691995688307,2637.946023968241,283.78389720007806,810.1647611709999,181.09482168578256,27483.07375215293,35623.23665581897,207.52348655223773,1599.3132993586714,9396.660026800635,99999.99999944598,6.03556203035786e-06,4.076465218560812e-05,0.013237136465370095,0.06024503984299199,0.011908041514916376,0.023853689640206746,0.5332707819219424
209,-626.7935620343192,728682.8160777191,685273.7006125931,118157.63155188502,61894.27393647478,54749.38344682383,52205.74767759395,31673.562060662818,17559.851884751602,2268.64619321682,3116.330529548528,2802.953540086362,360.3850982490132,854.1290564602248,170.69212575578553,27401.86974314845,38916.723486958814,199.3893324317081,1691.8843726046618,13441.819144489336,2264.2717011105638,4.944498404208245e-06,3.70065554550188e-05,0.012965043925605397,0.055513457979547404,0.00853078746281101,0.020189611002022993,0.7174567521054962
210,-685.4543413034069,750857.7474154169,711430.523463425,119094.71535917664,61125.23828032379,56011.048235381735,53523.73004891135,30803.043355678095,16907.463522514514,2386.9057362197814,3117.3740151786405,2589.419375436215,285.7032452241712,797.381125019552,244.36331333395393,28119.423715772406,39617.03993637948,202.77003985217794,1845.0413955563045,6558.763064332763,3887.072814293752,5.817158838418873e-06,3.84181350460677e-05,0.013970494247750383,0.06166370990619976,0.010548678554545048,0.017000386110491525,0.6099244802612558
211,-768.1708277881148,751559.4627797907,721258.24636446,118791.04644219815,60271.9352060781,54395.3552780458,52099.0823629929,33288.088586257574,17214.956251258292,2231.5593402609265,2850.826633001462,2495.052112621406,235.15640365661218,731.6751092194153,183.9408528557628,27437.658957481097,64564.101252424836,190.26288061145976,1877.1434139757414,8753.06411749403,1753.3896922650922,6.899955372132945e-06,2.1155519897994298e-05,0.00021886942688541583,0.058300321868190355,0.01593782015345431,0.0214236073377205,0.7624650820427102
212,-763.186764287189,739436.3680981345,699915.8016372051,117737.97941589274,61827.60440620621,56092.56602195724,53435.865611635156,10000.000000000044,17479.408612497802,2444.237674685431,3063.5993318934684,2708.2232189259944,383.7925694787516,1006.1721134944322,147.74297493732473,29408.45889167902,22264.09198382311,191.55576735463336,1526.5504976907534,3606.7924421191306,99999.999999835,5.66790836112099e-06,7.628730451916407e-05,0.015194700538345643,0.054425271438311024,0.012718190078390356,0.011493488561730138,0.3462849914962559
213,-689.0111945979291,754151.8177508061,715791.192722521,117854.68774682638,59879.80164592226,56364.65707431266,53557.26455257518,23647.293509498446,17004.644812104536,2340.719564096256,3093.6911411404008,2647.5622878638055,235.69862681476687,800.3946415207042,142.55390443995967,28511.199239670234,26876.53775723148,202.29672214555038,1496.9014459953148,5334.391072416297,591.4050180027332,5.5361819032632305e-06,6.720359729359265e-05,0.009539900667507012,0.057201598403272436,0.013754938462907271,0.02241936540882302,0.4833756659061384
214,-753.3256028339445,745499.9835678652,708133.2236182374,119981.11838233337,61299.647440559835,57706.312726754106,55221.27736880273,27500.077572599854,17366.67932774372,2297.5472749573382,3164.0466459124236,2643.177072657572,303.2963266265919,942.5323736102688,221.64616212862094,27220.63367002792,35885.0047953526,208.94142315770213,1718.3057283606145,5715.063968222608,858.0811672482861,6.029940892096379e-06,4.2963545298307744e-05,0.01389812948241217,0.05655588145237648,0.014565591723460917,0.019580216347893593,0.6164702474312913
215,-746.419216078981,753301.4689137642,717999.8965123539,117686.43318165239,59798.293795586935,55120.262440327155,52445.43399319642,24942.66083454085,17193.331012916613,2262.6752618401842,3150.8316489537765,2758.532291431803,234.82705175250322,836.4131593154806,112.67579056233282,28380.09554093813,23942.742729178626,199.29186428799264,1577.1681069524495,6359.239895549285,7487.9146690551,5.5594395796591985e-06,4.883616448153538e-05,0.00713458719913536,0.059164931248708814,0.008176071582067505,0.02124056172643832,0.43630546404559767
216,-770.1920983612631,751758.7064227007,712494.9718320378,121053.29003643092,69105.80860276707,59374.84414769662,57840.11906765474,31493.51704808754,17324.40933432413,2213.1152552767894,3110.7943409880227,2461.995383661067,769.5743839082733,1110.2300056786871,362.32835781991906,28133.17175649284,33064.77667981991,147.0959729107411,1578.2956310917036,6008.20678423406,9302.563578660704,5.47385398929013e-06,4.161677074605629e-05,0.007617469714826535,0.07305512942657628,0.010983216330498827,0.022100396926805408,0.6641734090613199
217,-626.8880225824669,724001.6031399403,684537.3940671209,120428.54408242951,60439.833840037885,56057.96403006218,53900.18228131083,33947.44031075775,17291.435201327386,2333.762791484171,3400.908655586897,2586.710991765775,289.94055544835896,767.0649494783358,410.7600561072982,26144.60335766096,116245.15956308848,199.60219826278612,1897.1580598082223,6989.144883137392,624.2404901829244,5.377999587319228e-06,1.8213549540764517e-05,0.01676248056462445,0.05464543519740629,0.013693882984048153,0.012358491866911512,0.749055708964531
218,-746.9067786399331,729502.177732893,695508.1780793436,118803.80092984714,61955.819261590696,56831.123748603044,54005.93402166038,28947.075122163136,17333.120395414007,2265.8294733075772,3021.5246333335717,2694.5609834265542,301.09815420027536,934.6444298911618,158.70925764502894,27912.46490170412,33357.052807010914,220.03196039789765,1585.3841862039899,6137.583718198047,2156.5324027754496,6.153795789198646e-06,5.368297462200867e-05,0.01320437795798905,0.05674973536318531,0.013099590236813539,0.01894043439204738,0.5931533023445479
219,-660.4949300301104,753065.6036199576,716968.3265452656,118387.63485695215,59645.57664484093,55780.215681982845,53316.074958718724,10000.000000179509,17320.03305311119,2392.4216612062864,3127.766228650993,2501.3406710161667,205.0841235102942,866.2618199289524,162.49228478359663,29563.52191284275,17078.19275409195,166.7710383366497,1514.1369362319801,4421.38841893115,2837.7080107644315,6.443901827626786e-06,7.032172237395104e-05,0.013661492582390827,0.06459187026900101,0.014159756143514814,0.013493615060209687,0.3289032396456546
220,-912.3412269531863,737948.5365131529,697460.63362619,117497.37260143689,60191.19995314671,54088.91159058856,51179.9746412245,24984.679732381494,17732.829325034363,2281.8315484991354,3315.2371144662316,2741.7995040323817,240.8010246700241,1079.2979999974727,111.47683193994203,26993.986218591086,35545.31917596199,227.30969917663063,1844.4760522389477,5335.468327753119,99999.9999992225,5.3275685941174435e-06,2.93716523189336e-05,0.009957668149371783,0.06338797812724567,0.011828252714923252,0.016012013809952052,0.49611142612665043
221,-827.1359362853439,733498.524739347,700773.324767783,120630.7946485867,59689.67215179661,58665.19329550951,55850.42005948363,28349.490124361837,17739.634473253802,2156.9898306283535,3058.3873470206577,2430.667747914888,221.6802017443353,814.5509490897089,262.61401961546824,28121.46352519014,22930.779054385035,211.0772649344088,1511.7047101450091,7235.725834893841,7557.751160439966,6.045102735249041e-06,6.684503987804775e-05,0.008416138021809034,0.062176853299383716,0.01842594645175819,0.02176959128759836,0.5744985206611104
222,-735.0473853068233,746439.8036980628,711429.175455207,118064.48379662412,61010.0397533115,56168.501050409446,53367.354489228346,28618.394494746866,17579.003312427354,2182.742937293464,3042.0596870947456,2543.3143830990944,308.15339982831676,875.6188754168435,153.752266146074,27570.65213693703,28185.760928680455,212.31635653970778,1489.7012217282916,7790.647643513092,2181.6063847223236,5.921073204038744e-06,6.870276098362118e-05,0.0023677262734906187,0.06133891992256964,0.014504132669697651,0.02385322013138064,0.5774718517463275
223,-936.6374486348845,736025.7796336955,694343.791111746,118962.13650180261,60827.64721145003,55077.530923977836,52293.981697066694,28008.403287515815,17470.245544797617,2377.052543469093,3154.734842585003,2692.4295568414695,277.16393017570334,926.5165327026907,191.04487995454792,27818.87938799817,36191.56539408066,205.70486576506153,1683.628203912159,7485.324015348359,99999.99999634126,5.953368544834824e-06,4.636182396048607e-05,0.014114598852888018,0.06562661908269916,0.010883418154025874,0.01942458055132915,0.5149128396324169
224,-904.6249292890016,766412.8874440286,718795.4999018853,119339.67105594993,63042.72684405173,58099.480836073286,55994.168596489944,29155.907960869143,16992.96285136908,2365.601841590313,3444.614530063309,2610.327838267505,466.0396889958812,865.1679938688678,202.42915420711387,28167.79879397469,67520.62817843983,171.21761928704757,1630.4179225194025,6446.754740559735,99999.9999831971,4.883499059253328e-06,4.951451344024051e-05,0.00936636348425004,0.07185340429931938,0.014294287407475239,0.026823183901991458,0.608964764128967
225,-717.1108555427027,771919.6209342144,724878.7914723875,121027.03723510673,63404.29357457331,57983.727872088515,56048.588139504565,18482.55042696994,17127.398373679975,2347.083248784554,3270.4269991965657,2543.905073033757,513.7461560161642,1096.1018397281882,420.33768848656246,29156.771798788635,22811.571689388868,143.38234815711579,1560.238942576059,4752.349657514162,99972.13605791445,4.554101908749313e-06,6.540878470120622e-05,0.005494729728996188,0.0765125205494852,0.013378102507894472,0.02045270867202572,0.42473324371163573
226,-761.4401384345215,727306.0180182228,683412.225102885,118331.42415770172,60183.23009391887,55841.683541494014,53266.96016405363,15191.103507216838,17373.543747859476,2506.7441986904655,3148.1320015943593,2675.201919860248,230.10553450572422,782.3705928958269,147.2835623294906,28874.911621835043,17750.30341335791,188.84829808664176,1515.8304324471967,4250.570214581809,99999.99999999967,5.484074648406073e-06,8.221057413209881e-05,0.017481284537287055,0.05115060800671615,0.01421674919373997,0.0092976114551697,0.38018892306220153
227,-788.6233744150447,759022.2218442123,726806.3381259135,120111.81952216935,59670.97281420332,53539.991473096554,50668.739618638516,29628.30968494454,17114.28404333036,2257.759559860423,2893.61149116981,2651.7668495855783,221.5617019406749,776.685056699333,272.9554571928661,28152.518292439378,41197.58768276868,210.26994076516058,1536.927053732303,8723.65541469175,2667.800594351543,6.286831936586133e-06,4.7749160468837755e-05,0.011125536394529933,0.04871485060357042,0.012454146416244139,0.02169203967378696,0.5893602526452336
228,-770.7211826236826,740118.6800010036,704871.2446257373,117819.20286201495,61967.07149161147,59011.90676109696,56873.04331548135,30046.804617367525,17149.392023462195,2322.240785246156,3178.6587758390356,2700.2357086729207,377.9066365928149,771.1496763618904,187.04645102398024,28546.14577022443,37082.42170512519,192.52241178637485,1503.6534452514409,7447.044743900432,2884.5492754170164,5.794010031560085e-06,6.280733659968787e-05,0.011402617616688655,0.04973265659645001,0.0118022518047145,0.015987674846708304,0.641105330699853
229,-885.7429488121197,749620.1567399465,714705.9858022071,118030.62260710452,60499.53216935195,59332.67133492722,57021.20194557036,32327.40052077599,17270.90759442804,2333.920616979473,3240.4757101372425,2725.5048881739817,296.7273640983302,988.6391722156138,194.32819053273548,27967.418777543917,36945.05256059501,199.645675785146,1553.5499874150032,12013.080260035515,1871.6311414600755,5.929839909806463e-06,5.210754973090951e-05,0.008989133946000486,0.054916160038969805,0.01265073511727672,0.02326209654321941,0.7150734649686158
230,-867.4504438182377,721369.9055418037,683108.826934084,118160.6862234279,63282.06363285222,55226.69790690528,52601.76316152492,33318.70482136736,17597.83691863221,2269.218162668659,3224.188749395821,2694.75015858278,388.534762189311,925.4276783040356,135.33649890111965,27517.478550175332,27643.033590411396,203.54140145693677,1715.7489478655436,7788.199143529191,99999.99999916762,5.75997297904218e-06,4.3605393025951296e-05,0.01627218896791547,0.046373090363665034,0.01245049286706609,0.0130474140964881,0.6373458753430837
231,-940.80676013825,728734.9962495654,693277.3659479874,118074.02791734165,58828.80418863507,53004.2959617624,50313.859827382286,33804.61085950792,17480.517572179553,2238.9776956027263,3053.221985623606,2628.2160957955857,205.62944512811407,842.5639545819149,166.78526027676716,26184.341642769403,65201.67804039181,208.4511488094276,1870.4879591728882,6168.565136051255,564.5601917685731,5.98012797554173e-06,1.6099128297472204e-05,0.01194162989987413,0.055061334674751085,0.011951609279111404,0.024519963602427943,0.6335273478173267
232,-901.9470951142206,783694.600049723,727899.5004045749,120317.81227704209,58586.47745919176,60811.40761146928,58830.7331656955,23843.021297355375,16933.862242215437,2607.0443078415874,3562.634599299062,2842.4965489936317,150.48412373554598,751.1801011404967,336.7950480413003,30711.445033941025,25315.30848834151,163.50855733843855,1492.1457821368308,4779.504993285175,3254.678308752434,4.55544547009005e-06,0.00010206529401307693,0.01930436762867095,0.0647975419844404,0.008152995048751978,0.017539115994316203,0.5601259172588402
233,-880.0966888555361,750963.1556005047,716710.0714533328,119373.45746914062,61210.15274897588,55156.299372972164,52943.68381482429,36765.046733078976,16974.538023641802,2290.320869722521,3194.7153447529263,2674.4267698793524,303.8348050776589,736.8366663477871,256.8644514039556,28487.758010892638,33639.68324281634,182.9852606862559,1533.2441884628918,32244.50959783522,4064.0237945016866,6.0214540363612075e-06,4.5710955021018425e-05,0.01846797968104582,0.04776943456724825,0.014457115172726787,0.016292339366029626,0.8955555049519001
234,-725.4088979803726,750242.7734611505,711885.005611776,118201.85153284384,61724.402487974156,55581.6299310523,52609.73150819146,27883.79773567315,17187.55628175245,2381.4512600920098,3198.8117685661086,2553.913734292216,303.1365681061741,897.3751684882026,183.36244585351963,28209.21593098914,42486.28701519539,215.33396272720637,1570.0583739889312,4958.554306326527,64922.72312272635,6.076359761726056e-06,5.353848976040645e-05,0.006908874862717276,0.05546109523147526,0.014833308454387004,0.02099340023629238,0.5459522091719754
235,-635.0753968071738,760159.4840736307,708342.5284012248,118183.9835803624,58450.275518015646,58354.60069322639,57359.77159058047,28714.529677467264,16936.445916794946,2443.319065375402,3687.541268059077,3093.5623721573074,173.00056244111983,786.2959352992361,175.3616747432898,29288.404943002526,25527.585255516457,73.95866455004843,1554.0374319344196,6569.830600104906,99999.99999999984,3.846965685902881e-06,7.6396976059148e-05,0.012569178944511886,0.04638744189679081,0.008820626857397216,0.02292789590660475,0.6055988351094329
236,-957.8699159736235,739921.0818018062,705990.0412753795,115540.9948777212,58909.360142169775,57517.04021538405,55109.94070299338,14798.95036167437,17467.389955053695,2221.251056810742,2990.253827061344,2636.3123980940672,171.34106834777143,817.4171557761238,20.851038210077537,27855.462580512038,40390.06549588511,185.9660707373969,1700.6896459565824,3689.098884150701,16892.52077555343,6.14754394540907e-06,5.0346715983718835e-05,0.015149655598873955,0.05123440695776069,0.015771536862038613,0.020535024626842403,0.4033478674172201
237,-812.6635838380596,758181.6838051779,721779.7458346434,118318.06842796691,61564.16542276339,58442.45296094555,55813.48744699403,30673.381593146954,17335.84801913489,2239.8131620490026,3143.564275870764,2815.395931283101,356.19094602167957,999.0700672215476,132.23543165436038,29157.9207887141,22576.69721530242,201.57966487218422,1513.6451450153309,10344.228702343607,99999.99999677505,5.940770938590579e-06,6.970106971355347e-05,0.013733902195712942,0.06013438312974608,0.007340891704442654,0.024470458929642724,0.651366282325461
238,-674.7514583559287,765008.3289975872,718788.8620808364,121325.21219520674,63697.67560083451,56156.64954409117,53995.1876740033,19594.273616481903,16917.17587300377,2154.1691993354543,3517.240603134897,2640.0722710159716,453.478726628829,1013.3293103977462,346.44950102902874,27623.83208689033,26922.978304114284,164.24124078920173,1498.6164362440143,5019.431034812866,99999.99999983553,3.9547693032712385e-06,6.395907061137557e-05,0.006011751121913625,0.07675770536504381,0.009709511564208621,0.02341260460453837,0.4503637698753985
239,-663.085159174361,738179.6747458238,703022.12941623,117707.21391233207,60616.10286553633,58162.9098542228,56237.96871799764,31967.418744348204,17331.235384577965,2158.597841678257,3107.496755363428,2615.220995725517,248.70798054772834,756.4620149257091,136.69311080589532,26973.579672027994,52558.96861334943,179.46317099913645,1701.2239985224212,6347.221505472161,1290.5197713195762,5.646428221804166e-06,3.0351571295307436e-05,0.00889326306059753,0.06685228644239675,0.011736256613742746,0.013062258633556286,0.6589678565195056
240,-806.0219432042904,768671.4855389271,726375.8170467961,118699.44188691856,60302.28546251048,58923.073197912025,56546.07920337373,22794.017013971836,17097.50469559307,2242.312794128257,3333.7645556326756,2723.6992560271046,248.64317622099497,824.2324811070159,194.5558146021037,29165.9218266752,24712.11190415604,187.37851283774987,1686.1461434732798,4623.813398763033,99999.99999946373,5.27034041640712e-06,6.339896439964618e-05,0.013945730780733915,0.06258716252379029,0.01194607750225258,0.01942038951954953,0.4666840985927442
241,-926.2706925825955,744965.0889789591,700259.2422370936,119318.4924590452,59798.5456631111,56406.008771266854,54183.99971358192,22267.78557330389,17469.945092558406,2081.6540609126273,3671.639702553822,2735.89977239951,214.91228008988745,753.0644789505131,260.4851676687036,28299.436957937432,22693.693517335774,169.41274551326907,1553.3425975840503,5800.6858426313975,1550.2784052253137,3.304103606746756e-06,6.282343564131671e-05,0.007653143470124588,0.07510169202137748,0.010894376779275149,0.011525959030995061,0.4823051432353499
242,-824.9048768856478,727129.3593878082,693593.0941435788,120289.77001812254,60431.68451660332,55867.7733087351,53468.48543473334,31084.35723453011,17618.17803459092,2222.831140827998,2970.3032604648556,2551.8411054463713,281.53627009272145,720.6008387560155,239.46861026744352,27635.01480563153,40304.59177527808,208.38899748455532,1668.4449109414834,9429.824191990148,99999.99999871216,6.210385140188563e-06,3.8186653825845214e-05,0.013672552832800422,0.07108353835758227,0.01127909369889931,0.019461223082335825,0.676272191962978
243,-807.2596668127097,755226.9090345493,721494.1511575864,119613.59174456347,59763.12660582923,58721.75927424845,56394.56387430853,29608.95003171991,17229.648413376693,2331.799327695996,3152.3318392309648,2650.9407515550347,255.52729256785437,995.108622235888,205.62074023947335,27554.250614799927,84982.0243881338,199.58813760261572,1905.6613032502487,8223.477977703511,99999.9999999009,6.748005869190524e-06,2.1373581756811558e-05,0.008672344952727172,0.05298766451486083,0.010316569082088365,0.020779546813874457,0.6374013860324068
244,-747.9376257815654,759599.9899266863,721293.5516199305,125519.59698177651,58881.36098023792,57082.7628145176,54818.892238944856,34933.62638454419,17234.891281851316,2340.607788440375,3178.5912534423865,2816.76204503393,172.53320038148414,703.2282528053719,680.2012369130849,28510.766719147105,24218.584197711847,191.2270372525078,1471.6682285093214,16754.0096139726,1369.4103901611618,6.154649721168178e-06,4.7068989990847645e-05,0.020087387205294783,0.031672673185695124,0.01729014858238541,0.020043254421340823,0.7711165490476312
245,-936.773418561736,747484.5371210029,719407.7585604035,118686.32971190581,60673.27692979211,56171.43755630943,53621.89114580637,33885.99799416012,17188.64649826495,2243.524558991923,3073.5463776422266,2564.2421824408766,267.6481827663319,819.2379941338074,190.49393627943653,27338.662349082166,44947.76420660874,213.6013764270155,1509.6795173574778,12334.649172637139,99999.99999173517,6.669545094669045e-06,2.6409362411171786e-05,0.009087695545251706,0.06782264479988999,0.009361517528219234,0.024266752320662208,0.6477519894698968
246,-791.417793362733,736625.5326737819,704404.7473338855,118861.98449821168,60388.188177632226,58441.96932727323,55661.11562580321,27739.054898844028,17284.9713260844,2288.2178182009866,3113.170930145219,2625.2406727071825,325.70207595322887,837.3397565315265,184.98413553347552,28170.70010320523,28776.78340034979,215.2456785164473,1609.6182496462543,7159.3512879884,1433.5261752021577,6.467648250907914e-06,6.429425766004345e-05,0.00671048706833957,0.058907321290445236,0.011565311217204544,0.022803968111365445,0.6458205672239622
247,-861.1872797086731,735066.421617436,692631.6950754651,123948.20551968436,60987.817046361175,54515.20845885736,51988.85862426828,24538.09196489075,17266.61831824594,2535.9500294708296,3025.3939150831816,2778.230503234638,291.67801355288583,906.4362612583858,520.3375410122973,26321.66586329188,147769.95284787822,192.9485731163404,1780.467068334343,7158.3452877787695,2772.714116720856,5.041480619665285e-06,2.5899702130840943e-05,0.009837552622473452,0.04265823579334494,0.010955640522654669,0.02224035508026249,0.5013807423770404
248,-969.4821614534264,729032.2415246214,691182.4062024789,118963.00094113742,61346.78664226777,58970.66999848176,56618.52147483779,24337.053459523617,17219.608463230175,2315.012106684273,2890.4449250215225,2707.8081022324627,315.8522766379133,733.3765340146508,216.6226317561845,27824.52332875518,32363.95100951001,195.93024968189198,1507.8576949980306,4337.810559031753,33325.322813515035,5.616421777529135e-06,6.32478395031916e-05,0.013044760874216773,0.05064161241346861,0.008306874725702806,0.021660801358094804,0.5437615611048155
249,-762.2527773142524,730589.7693230195,695077.5438058767,117902.9895721096,61283.80444237645,56301.22196200627,53519.20890684519,25587.225667288618,17544.0436216282,2360.3194249493,3226.5896356349162,2652.260869054382,327.34301870885736,930.1835031466783,142.4370535492519,27236.25998645163,21557.264203218092,201.6464140964371,1440.4939574229297,6283.923472433542,99999.99988695729,5.8988474393360705e-06,5.661251824827449e-05,0.005111547311919198,0.054753978680499533,0.009982657211089251,0.021554100827299534,0.4615048277026121
250,-751.0553280274689,750003.2634653734,715360.3110259126,117827.68721303726,60941.4188334661,55619.45276546195,52902.19630365222,22925.26201132985,17110.42740267908,2227.9571534929973,3112.5797634825117,2621.6558248445003,248.78606208328537,779.5996818236783,133.69054298483738,28519.960399592448,26034.77005180712,202.4512097935462,1580.1064321361969,5290.1519170256715,1066.3573661877438,6.1852766675449734e-06,5.906266211744386e-05,0.011482147633573732,0.05298632347189999,0.012054903787008072,0.01949691771680851,0.5014843106962497
251,-783.4170873062217,736781.6180018921,693135.6960363096,119273.03539688916,57883.07644277691,52090.08524195094,50725.90243303332,10894.064362128236,17497.17125595106,2435.134039043729,3391.38234572544,2781.7933000248086,135.40596104561206,661.3166299681387,252.802798844057,28143.991012227296,21937.047917765423,100.60594522248518,1565.7444600077094,3956.3707844142045,13758.06287002781,4.526457225629427e-06,6.24456727053437e-05,0.015278160538007523,0.05238793925527613,0.012817748312128879,0.012199645492103055,0.2854345307870972
252,-867.2412049282406,740448.1075154429,706754.5202891413,119380.39765796291,60391.22848473581,55764.49818137942,53231.45523750673,29745.57629993051,17185.977762184782,2194.3442824811377,3011.378472384234,2659.0736516844586,255.01300386741278,912.6332870752695,189.42058564243237,27725.059256401728,33457.369655533075,203.81469661680495,1515.243114714617,6803.596694605633,1253.4699970556155,6.326753028277673e-06,4.765046927053145e-05,0.011812227362088232,0.05662867151735976,0.007833114623429189,0.019922027371203493,0.5766582036792124
253,-801.3189179454794,728085.0836005225,689004.6652701315,118688.41957285487,58800.99131138377,56585.03497078464,53749.421973890785,23602.405326530916,17557.596058515235,2352.9886382469094,3242.207002318783,2722.775945853713,166.77078600503063,763.0541343464253,138.1320601002593,29845.427228335182,18703.298332313178,194.19177174592272,1419.1787074718584,4806.605776055043,2364.14179100044,5.726114469309376e-06,8.880530000784168e-05,0.01454527329129442,0.04195427974026477,0.012213065380831487,0.017206876112233087,0.46721865809787055
254,-691.7109515317456,745773.1852396744,702171.4280259282,118789.48609114744,61362.24038158654,53701.95049070813,50824.64105673178,32453.363346432463,17263.64856519967,2139.1806784026166,3339.94053345476,2530.647151467805,352.3674223141796,1021.4854089366354,184.1313469047781,27335.589260031928,38574.88225126725,213.33721171714456,1592.3755212225456,7929.714098245237,99999.99999999932,5.26440439724426e-06,5.2847784597342415e-05,0.010241584467426706,0.07709247862948995,0.013020635055698481,0.014901006478964472,0.6200065980781019
255,-669.4619421004043,758733.1148956427,720715.031553589,124314.50750023196,64393.09279319727,56141.98215591329,54665.348708748985,26612.07757778154,17222.022432850357,2183.0582576829975,3146.5442688956305,2493.370795993952,437.2123746721918,986.6403159707485,493.02058808896487,28419.10344712532,23195.55485708567,106.54418968657801,1576.723142357901,5763.8956163944895,949.2701238284297,5.553810293215277e-06,6.359216606137195e-05,0.0071617812769186875,0.06379538881844177,0.016498486356413163,0.017202976740869864,0.5514309769578515
256,-796.3240034361278,754756.3919753673,717657.1742401564,118109.8903922577,60194.216285873554,57087.349635464845,53949.84886678225,17223.36971094183,16945.558619835883,2403.273133351797,2982.8361419292637,2578.0288148550685,235.21594098806116,788.0717939287745,169.0162820012239,28020.12678336785,28290.851833016142,231.49400913510863,1450.2277253174311,4503.118974923438,99999.9999993822,6.0878629382167e-06,5.371181086969933e-05,0.010641397717746427,0.061641109677030674,0.011806344454135809,0.02244677283377092,0.4059413890344955
257,-812.1266498000571,735436.4231066643,706954.2220903954,117773.31809760291,57741.635432313495,58705.19383458098,57098.07849562668,27228.856362683917,17507.63910049461,2051.6509225155155,2991.2356162402516,2837.209763782657,120.99637742297239,691.4423726908936,125.94685042872152,27727.45882637181,33690.74358781267,133.9479960058951,1709.4636257085613,5366.923892252795,99999.9999984601,6.314937656797655e-06,5.247224943311426e-05,0.017185862414368577,0.036845328748475056,0.010728155082874785,0.021576616970565884,0.593413651668645
258,-864.0429796607418,745146.5494451814,702105.4499682541,119203.89970079469,60232.29308417422,51790.852495924584,49070.97421999938,12786.5127894374,17465.476705134875,2309.2000948250784,3262.0633596803377,2822.241235156879,231.93805600922255,776.5945678970118,215.99540811098416,26763.89763223314,135597.64984932228,207.80206527926657,1869.9679814597737,5456.8372290166635,7092.510822846109,5.188208352614343e-06,2.781055746863724e-05,0.0204780491077927,0.05754527945447653,0.006967064568971086,0.01614209681405629,0.28976316501951516
259,-716.1795377048253,752736.2920430511,715569.3272555486,119214.39304297377,61091.784500900416,54492.422935725444,51595.37049459149,30437.46860510024,17156.708609736077,2305.7982917379677,3234.5144000188684,2568.758270356389,316.2939396478528,796.5682612707567,177.15705850201056,27893.348012301813,33748.327159049186,198.7036995425909,1685.0851231337665,8720.47047677365,1284.01869447993,6.420887956270268e-06,5.467943578356521e-05,0.010909099267356247,0.05389244774962179,0.011608274150754272,0.025224038891582458,0.6063844325803052
260,-621.3519861028456,762716.6531808511,725907.6397593659,120555.93344251817,62020.82499794599,57307.62752712561,54761.1064941798,16656.698033552806,16980.462815896037,2362.0838093382044,3151.79091528578,2651.0157592847027,341.0508883233866,902.2202350038702,373.0758262402752,28506.319965243438,41867.17143758657,200.63786278913324,1687.5225790911177,3969.1872225012225,9686.059759213951,5.902071806592387e-06,4.4249956846038325e-05,0.010543168664337813,0.05247750636864314,0.013859488557088807,0.01810744772467467,0.4545494937978616
261,-761.6978365185855,742259.9954682569,699580.4961987559,118527.58790719876,62484.217113516366,55647.86849558881,52965.73012998212,26400.110506704514,17410.187462101156,2287.6861584436533,3288.0773595236037,2891.1679435365913,403.74992476288367,837.3073461424134,165.2298115282954,27390.39940314002,34102.250130644505,200.0750942023095,1460.1610596797486,7905.345428668234,7174.894253114487,5.495065348013829e-06,4.834683895647046e-05,0.011647188709100073,0.04810970983241472,0.00689040690518143,0.024533014465306927,0.4720489683513079
262,-803.0320633380275,765575.911869836,734551.5864791136,126777.3847197933,63538.531364015646,56617.7576954937,53939.679075333166,32103.30942218588,16730.597314919283,2311.890649536472,2965.7667279120865,2643.4642778035227,425.91232124559554,988.4779532465589,771.0754865477396,29334.528159411875,22562.87349956719,215.63714068324015,1505.3729198984263,9215.380148213828,3176.5086602238607,6.260694835270795e-06,5.799856052905004e-05,0.016985982729318398,0.04496806089208219,0.013783140163165095,0.019064540870015127,0.71106164842288
263,-736.5246137075898,745775.7903646484,715701.7874390249,117973.02157894435,60436.59443042897,57599.47738864671,54969.856948735185,26700.270778475522,17130.318604359894,2264.692023327541,3125.8572568278796,2579.2511101225296,296.9085561832155,830.2125496909619,189.34712527714342,28591.223948245002,24936.962126048064,210.49706924476095,1535.9199579225428,4769.97948028329,99999.99999999967,6.67408749147663e-06,5.255545876849418e-05,0.011969339090543261,0.05619213104130305,0.013111842447832388,0.016682387699278215,0.5305889045161567
264,-783.45674053569,750166.5971028717,707435.8104612287,117060.77221774751,61639.9823884537,55457.2527792485,54515.0163658072,21416.24925455834,17062.670571243758,2308.057416688747,3124.391593307513,2775.358193382563,341.7195984062017,807.2098200736942,88.48086728624769,28059.447771022806,22631.55273297193,70.19920476917265,1646.9089923800625,4733.436046457584,8866.04915642352,4.631802688655005e-06,5.8494558706905e-05,0.014993345229513838,0.06857425261054362,0.007863072714301611,0.02125473306782241,0.4901381096722763
265,-832.9413208913206,757018.9963067074,721624.2172187293,118486.84057945485,61485.00461606055,54434.66023212046,51805.00188174878,31655.488731567963,17303.157863474273,2305.4284851270413,3100.63481525573,2717.683658423522,326.750028546807,1031.7815621340515,205.2412933475636,26960.304997255887,40181.52041183883,211.66827826356183,1614.1599452722614,6556.955549417021,1159.1150580577805,6.100075433409209e-06,3.334158613386625e-05,0.008364453575644425,0.049033823806873725,0.011993066899240484,0.015392508366706628,0.5669065314728761
266,-678.0117639027567,769623.0717523643,725428.5989247232,118163.74860542295,61359.71442189837,59865.16561567261,58914.96523801439,30758.83246257302,16731.28243838419,2673.2145036440115,3327.7607264376247,2681.317397389404,315.0447583661095,924.5280975079206,137.41196613099092,30632.96900256092,18021.433598797892,78.34222314628019,1326.8456680814886,6565.996637429556,23706.716987201497,5.181896542374542e-06,8.575835752532863e-05,0.003602120148463846,0.06770976756693646,0.007756061594787519,0.02203042050633016,0.6229151166195707
267,-964.73268594624,743891.1741629142,705926.6599276371,121315.93474468395,59910.73479287315,57294.60809056252,55135.47389946528,29973.447433782865,17306.1510843339,2274.730259877218,3290.364623599156,2939.8462692656262,287.25689175841137,746.9765753878535,359.42581718464817,27978.05812112003,27806.66118857603,182.07944138003407,1520.8034941747349,7897.259619487897,4205.229490126458,5.046633397950822e-06,5.942360646198601e-05,0.010908900224994142,0.045177516216367744,0.011129769225057427,0.018968421759401423,0.646449234191404
268,-858.4344140748134,737170.2421363501,696700.3263691633,117564.59135894403,61086.94736740458,54971.42433487591,52485.21015739279,34199.89065284825,17393.923588423535,2247.5874373560246,3088.1417682247793,2705.441177519067,295.70621592615976,877.8264785386602,150.18929129146906,27842.940050465568,60621.605041004776,202.73342724262835,1629.892540290484,11235.821758587657,1607.2353226451444,5.153795029473408e-06,3.935418573958251e-05,0.01725901251386767,0.05145431819716275,0.0129976008145106,0.024198084209021944,0.7996082661428664
269,-782.4905850515227,753132.2435552167,712711.9707736635,117255.7867640136,60004.41571605926,56942.318980093085,54733.079999914284,33965.461059567235,16645.983857352494,2305.4750675013597,3267.4755470393648,2483.2804177183243,239.42632144086824,727.7440220057716,144.01420162811849,27897.32841158151,37389.914821650804,196.4703062850361,1528.3323401678958,11443.997500720816,99999.99999919889,5.637759974222989e-06,5.028015578555675e-05,0.012909426637808571,0.068138214804594,0.013885157967484876,0.017746842962589292,0.7520170339325972
270,-966.2222709625715,735132.90690856,691842.8703591294,118477.05561463005,61918.19345437943,57676.044905107345,55340.4810900012,27170.964412843558,17501.20418832304,2421.183903048024,3224.2067422919517,2707.0987140309257,352.85322571523307,870.787175539087,143.77996322765182,28764.12223482927,24022.05490446159,201.01054868330587,1644.4119658608363,6068.90892935875,7585.050554437337,5.701313191063415e-06,4.920625971465622e-05,0.024492854898190333,0.05549161021586296,0.01378923841245936,0.01177445465878358,0.5812205060927356
271,-728.5594115030779,771093.7547091169,723328.8244091008,121548.29507514476,65265.567760220656,55259.13064594685,53217.48616347285,21087.279487517717,16703.384336485786,2245.0381734690104,3369.35793513136,2505.532020124026,507.0042523086975,1028.4298812691743,415.1827916865052,28065.48936158881,24563.818988542578,162.37146512391908,1488.5832946665446,4460.4806501420435,99999.99999981634,3.709560507427134e-06,5.753737196975279e-05,0.010652835241265816,0.07935507209726547,0.01566448589157337,0.01662762159384254,0.4335836173064192
272,-831.9427366079411,744572.0090341525,707944.0938181693,119070.57809185462,60710.9849993138,53118.09542325037,50170.41837139039,25026.839406750678,17490.449865403007,2391.2326022110287,3196.5462250470127,2595.2021506562437,311.80298975096485,864.4625551717837,206.5075831865393,27628.862219136798,42393.51156929377,212.36779377705722,1639.349086099874,6698.957733926189,1156.5733098479477,6.391985221120572e-06,3.9837957605726796e-05,0.007034169008236896,0.05528927494238007,0.012824392910933438,0.022221170569490994,0.47069826766153305
273,-790.1371702930949,721015.7348102226,680094.5402983894,122844.01134579103,61287.62792234982,60052.69167382872,57115.34974397885,24753.64608488896,17407.34798918283,2234.766720462913,3180.8058164432764,2661.0263371938295,301.6070301957577,694.6803062953283,419.91631927523713,28097.108413729,34000.18009744525,220.07875222595578,1461.9222181991377,5070.649439272483,11392.039893759664,4.637443655294616e-06,7.200132024151178e-05,0.0120272431540733,0.05400100762147459,0.012264082435090567,0.01589365330710353,0.5194910247261094
274,-733.2855183470393,733257.6169637868,693561.290808251,119707.31918988226,61364.49665069057,55451.12822349752,53103.07228243919,29035.092511839946,17357.20854463698,2249.4771896804373,3166.5519989545423,2751.956940970811,250.4656856302513,854.5724057565803,212.40176998827644,27047.905591180603,47221.74702849723,182.0359740076012,1925.2514201410102,6265.2886533586225,2901.412121579896,5.528305374820572e-06,2.8184057626888053e-05,0.022629278712144582,0.04777914700622323,0.011475969767653823,0.026467309990403077,0.5849695995163421
275,-686.6746792029627,750059.5381382265,697529.216341183,123605.52868523516,61580.06687167949,60113.406916711436,58679.75014259954,28942.532571794556,17475.289680996026,2621.695611936027,3304.7145662260577,2643.932925810868,353.9635520579341,1197.4895369725743,607.6665087933173,28441.02887598802,24270.894633935477,126.99578907803321,1543.2750315541123,4944.642194757444,1754.2506683857555,4.428605364346845e-06,5.952936186437158e-05,0.009113702942639518,0.06661242582976151,0.010059680025490026,0.02575462891917579,0.6399078503069316
276,-774.7191859148497,730791.6128798724,678859.5690924278,119684.03573489223,64075.645369505335,59703.71298575227,57317.03551322157,29455.14833187102,17550.686621552468,2304.15530762096,3559.7606158025055,2800.8320496253514,411.92015214680595,906.3574157215013,238.18516606195885,27141.40590488686,25724.339339504197,204.81776954682059,1619.2556175887719,5618.7041970065275,3188.1602820812795,3.5550034337502216e-06,5.809937705791537e-05,0.011325464338631535,0.06852392862781524,0.008470219936376127,0.021934938874975527,0.6332803484571803
277,-858.9014683215013,770501.1350781434,712020.6350011601,124802.68859479309,62404.318954530085,56328.118498021635,54636.92759967912,25665.286128920947,16916.716283339443,2398.212364009819,3557.940350868346,2770.445592310758,382.20320250522644,1007.8211686023915,626.0899747505279,29466.63387295595,19880.194428807565,138.91966615052385,1513.855868077274,5851.836438973201,99999.99999918787,2.628557666752528e-06,7.359598188298551e-05,0.012052091325844137,0.07191821631839616,0.01019133952712243,0.01861387557542468,0.5652035559800934
278,-765.634694063068,727805.2759155084,686282.3347250163,118093.37440877184,61200.23929201615,54745.50415401084,52620.36405714444,33573.90267646626,17532.279327805885,2337.3779161366147,3224.3853665427073,2809.4407882451937,271.7065344946016,829.0970579662077,215.6091275566499,26920.25210486553,51497.805793627565,185.02277673329277,1573.8212991188009,7188.293663045887,1876.6151064277283,5.199679515904691e-06,3.6020494367449136e-05,0.016027307926424712,0.04847132781428642,0.012153116768108742,0.02151163666071207,0.7106574254610075
279,-811.3794521675427,755307.4890486152,715145.1722401278,118586.33093494139,57887.78630106091,59943.26697296637,57570.04537663825,30234.32520151531,17545.985819862748,2212.2936794332923,3303.088829988663,2706.6325636757338,138.77576711283163,709.6063022299901,175.7701298061553,29598.29436834718,18024.36176850356,189.1960467631087,1442.252536054982,7674.377496329972,2502.673919271701,5.083301077311803e-06,6.64521916555449e-05,0.008161431250833875,0.05780601769047829,0.01201141588081412,0.024322904135827463,0.5879978882489313
280,-780.9717262414011,731068.9221271875,698459.4811452474,118383.22207563122,60740.43881100261,54645.04753635525,52445.26114592745,35658.640218205444,17483.46602903221,2276.737618257499,3069.285382531352,2419.9926167373687,282.52491149308025,890.3327176402588,186.75111102280718,25823.133304229515,100645.94614817767,198.06316206659866,1665.6762893087432,8210.400297137194,592.8283802092762,7.223909385891024e-06,2.0440278944200296e-05,0.013105860533010445,0.06348031525848029,0.016967097204836298,0.01992379850837487,0.8135978819860411
281,-823.1535942859354,749597.7586445761,714789.7776493925,118014.89530431686,62937.77111397124,57080.19458317556,54740.08556630547,26376.874426592836,17385.225978862745,2220.128750646724,3178.1986843051395,2890.423261680991,335.816110250485,972.5131989534965,141.73411823479984,28517.20818501229,33895.269886688584,210.45323936989004,1677.5876197635043,7859.422181812936,36342.399586425636,5.612732202619504e-06,4.1309431583725775e-05,0.016538469248183023,0.05001705185517688,0.009993671325587948,0.016485043186808646,0.5741891648526644
282,-661.5516229730031,760313.184182056,724022.4411841967,119292.63050961599,61475.531179344165,57245.54328706202,54621.01533970813,26681.16830544153,16890.879682875766,2312.730635877947,3061.034306247485,2553.230435849779,262.93340769098626,953.2092455300501,173.52435044991748,28055.897903998884,30909.70642104774,206.92486711882464,1583.9464948038146,5406.678003911488,99999.99999921469,6.3226685384527345e-06,5.8315127102736186e-05,0.014123146379999398,0.05988137707933861,0.014912639783034335,0.012693927766645704,0.5241832789640438
283,-713.8186865949768,757743.1313605047,714523.8927874687,116844.14567327026,64094.816213160644,60088.81724419901,57109.28171995758,10000.044395131414,16952.04234904827,2379.162152207714,3225.467542774564,2732.5592190056286,416.6247674780832,1022.6267190546658,90.23931979063013,30554.94906566983,22252.114632237146,216.72758493155501,1593.1028361326426,2729.9371619050025,99999.99999943176,4.950380010650667e-06,8.354159658517963e-05,0.01702925298331631,0.05848082603820649,0.008156858613686145,0.0216553792893986,0.40629062990139697
284,-658.0781442046912,751070.123091615,716220.0240692255,118013.21147832756,60920.93465419509,57654.11128184795,54993.313396415535,24200.295057578725,17061.456186166703,2153.998899887791,3077.160420099013,2565.6334388425666,321.46331088490365,952.2585228557904,170.82167921611884,28979.1027517832,17295.452371762538,198.75880362339126,1511.8015966181433,6366.946244204176,2812.6774639158875,5.952162976497516e-06,7.865568619655524e-05,0.009421312692939826,0.06509748573701256,0.0108846186712963,0.019004308457714867,0.4932143978708116
285,-848.8837079962664,736033.5298587963,687477.1080387745,116539.80820962782,62251.801780823014,56775.96895670763,54977.48466386575,26616.306880852422,17214.1756468215,2209.724829221094,3296.6647198075166,2584.668903549944,344.32510469399915,967.3602871613684,66.48451540944302,27693.074137109044,31747.142534140166,164.76086202688623,1601.0426356729095,5308.389855878965,2198.605204670634,4.343889344572037e-06,4.8462443442329085e-05,0.013940255570949906,0.08690346817356828,0.009464682023932046,0.012106431177784456,0.5334431887811711
286,-962.6290177829409,740362.9378441632,699691.2831532796,117801.64051449549,64335.49207709491,56435.10798339926,53951.83443154775,22389.496491486745,17802.738913565732,2295.2380468300153,3338.518356377718,2707.6846673812793,441.33514580836226,1192.3744497904588,126.21043114376188,27720.1122390955,36236.84294346334,200.1428561241691,1721.8318637545929,4703.54321824604,99999.99999864519,5.346590219486137e-06,4.390394210293943e-05,0.0053869079218605755,0.06702008861060686,0.00747261732188334,0.013728750288940408,0.4689220784571329
287,-710.3043067188343,748883.1880460652,711668.583970287,117383.56964843138,68167.23386326205,55358.0075569041,52815.79769105083,19237.24226594367,17315.495474091353,2252.94544906693,3123.3627765695046,2397.4290176145664,658.6719889119177,1071.4428347443404,125.86717107085938,29030.66240311939,21365.429652562492,178.4730160142323,1438.4347281130783,4378.117785924379,4171.549144286084,6.140163416439519e-06,8.238768898731223e-05,0.009052409120690608,0.08151845394496467,0.013849844368868306,0.01477419209588036,0.43955464035505337
288,-773.7339909349664,750632.8750127156,708967.6071866248,118191.15941944942,60119.739041343986,56907.52707120473,54608.6705596384,30281.11033228654,17253.37071498103,2315.1432170747685,3030.8934030460573,2691.417373245656,253.8000019758783,825.2958397807374,168.48900359876345,27695.58861766099,36491.767549731936,196.00676171778875,1604.3823551988628,5887.935448450057,1206.7968851342005,5.153891781704823e-06,4.1515591088905406e-05,0.013506258409675889,0.05051060796061165,0.014498383055835595,0.02876289819852093,0.6533888488572589
289,-803.8333752758192,755395.8698685146,707060.441997616,124448.96988147021,61619.78555327741,56920.99707932747,54798.56396611702,31021.539088830013,17072.237498565213,2356.9035411090226,3284.490286952836,2682.885020174759,307.72303733110954,968.9550261498083,755.3263574468775,28686.711835517523,25876.61024205299,178.57260710915077,1453.1308736054998,10639.561066145343,99999.99999999967,4.149457422760154e-06,6.698084640375673e-05,0.010099910874746813,0.058689094114290005,0.013136357643089888,0.02386061219313347,0.6751512063421778
290,-921.3900797316604,745045.3977858345,702335.6543101353,119407.21234224095,59548.19043195003,56127.11498528166,53759.06890177532,33437.3505185223,17195.40229933388,2279.415001588104,3178.8478314645245,2722.0619902788076,208.72347427933255,822.9257613409817,219.8573829845338,27601.345920887383,43415.202134648614,187.30225818054706,1668.5589990508588,7920.8236125864005,2449.5111369539204,4.957621614605557e-06,3.971840137479417e-05,0.01461512208908084,0.06446782907228747,0.009354873433300284,0.02155957597308854,0.710129024596387
291,-726.0336228731168,728229.0761618987,692782.7525713992,118774.06968615112,60612.762120055064,57285.59690147434,54969.161898052815,28297.58181922619,17604.55586928933,2231.2833960102303,3130.303253127874,2468.1812060595225,277.8855998715681,825.1172415222396,187.52890480251278,27291.95280010445,27928.757554953347,204.0054711624378,1553.261036756984,5590.967622907291,14479.92458245449,6.316137315143536e-06,5.501198626266904e-05,0.016093124490474744,0.062143382955064295,0.01686780615195717,0.014828646889826998,0.5769314703388242
292,-841.5372350552675,721973.4308608006,687309.9339460946,121076.67467255886,59677.05939782571,57637.71054705829,55581.565440583676,21110.148977503122,17562.38515667127,2285.903270638845,3015.948984832191,2566.274454068239,200.90943360708994,858.7121758167501,418.6087315136902,28775.4033322154,26605.5826457391,160.61750356427947,1536.6131496355893,3984.3591328698435,99999.99833470315,6.03985200619643e-06,5.884320154872348e-05,0.017781454328067988,0.05389514202194949,0.013971008144949278,0.013787339365505165,0.45571245743880684
293,-781.5665157685004,719233.7492896415,690425.3772558756,118973.20026051343,60210.85981891224,57789.44523730512,55403.36859873002,32749.19038320038,17787.84148210873,2252.429475806259,3024.6500160390065,2590.777409173149,214.62804470595253,1043.0025503235088,220.95650133198842,26880.651327489977,33289.986400557194,204.53575517165848,1546.9895911113385,8379.835470130587,577.2874120278473,6.5976144556725905e-06,4.9952941303909675e-05,0.006950583477730315,0.05172133691081844,0.013698311143354326,0.019613407913036444,0.7082678062279987
294,-818.1711037353662,754725.7037190406,706856.4702169223,118328.59690694527,60293.28304776792,56574.20034921068,54876.22555055813,22854.319933189803,17122.56178579619,2303.9692271514805,3356.626671162841,2631.173603765743,248.63605564415155,901.0026924380642,174.50439116346445,28350.82961749689,29603.206627608055,134.7648700880455,1611.7642331147592,4595.622915537476,3339.8298437606645,4.652204618983962e-06,6.191556330839019e-05,0.011095085970834525,0.06685337442806678,0.015629918544548694,0.019513062918731026,0.5230574333872096
295,-926.9852798373404,743157.0421219697,709304.7588615107,118940.47272500834,60612.52447159527,58040.34021155413,55741.62807127855,33301.094785963694,17331.237039906067,2195.494874812545,3184.5173150071264,2803.280852093569,265.220058957052,854.3263600939804,174.42246068757058,26786.396169977746,48563.26857167938,210.62134557210788,1786.3732255002808,8477.187804280979,29833.846329935895,5.963347957369103e-06,2.2088507423398522e-05,0.017420206498839894,0.053644725877167926,0.008382091339522018,0.018837965732039615,0.6910080422854621
296,-708.6505600415281,752227.5167735453,714330.9420629418,123253.08357227415,65221.59622954504,58579.434648489434,57241.26005565433,25669.00195034034,17233.018466019093,2400.9134368682776,3050.881759960043,2534.7472111461975,541.5104247007174,1080.4249517886815,477.84021524535154,31554.848586863907,18242.944901570343,99.09289840219847,1317.996487487544,5200.677730054143,99999.99999999434,6.296455409052316e-06,9.82970621073893e-05,0.019829439099800124,0.056159512233253626,0.01322933728006522,0.02070855931133025,0.5349401607842078
297,-880.4028160540311,734669.2430852252,699624.8914242494,116709.96208538687,59102.30211420246,54551.22905825275,52846.68040750691,12258.936301298287,17482.31055139306,2374.382931591231,3141.6455765300525,2648.61917599321,208.267895320751,939.789794650593,83.65266895949212,27404.907357917225,24177.015348920504,119.46961822777305,1527.892805599112,4443.6994593328,99999.99999999984,5.915098451041495e-06,6.917341156282186e-05,0.0020747002908564458,0.06169953050401042,0.010997070160835606,0.023667328273104946,0.3177949180951926
298,-750.3394776420023,752571.6671257212,722716.7073755369,119035.08252639777,61179.9077354683,54792.46348258387,52971.3916626892,31035.20500624153,17153.57607771468,2268.231982380914,3048.984664489412,2539.962441364895,317.28745463744895,1061.8644770332116,191.1522847020118,26581.814368147305,56341.723530267416,156.29480983161187,1806.0856552804541,6168.161524947809,1638.236674560363,6.8688805438435955e-06,1.774724148533039e-05,0.008727748232482152,0.0682552137173924,0.01283329701763587,0.019092587241033326,0.6050634827842887
299,-729.0278070333873,730816.7544784606,705740.8919399973,115972.49972706981,59238.696755631405,55920.082125924964,52643.20977163717,19175.631003002964,17400.058445082956,2088.028476269595,2761.383483370111,2440.008930107781,170.94304608194523,625.0673175035921,35.854179076462906,28360.93039035278,28757.034441035627,238.4566969642135,1642.9678013354483,5483.64460907119,99999.99999748541,7.481382165491656e-06,4.566974284782993e-05,0.01106104995270268,0.0597692910286884,0.016120894924155683,0.01249714546073925,0.3815640828261259
300,-751.49199773135,770516.832015994,733031.0027522637,118226.8802402176,61900.850417286136,56910.281801887795,54300.32034944319,24803.237996446303,16939.381223962624,2218.843654889658,3208.2398944528545,2757.5954889885916,365.6765943795667,754.2652578439499,168.70455344674,29003.550759266505,34600.88308957437,207.5723908240321,1734.2107290257172,5769.666500990179,2734.4944649759946,5.871034230834069e-06,4.045617709052854e-05,0.01911752834809777,0.052878036027755745,0.01039003678080818,0.019722667081179004,0.4937008193645202
301,-916.3997779852676,736828.9862014282,696584.3957855809,118613.93346999529,60322.47054809981,56466.23037277644,54509.23471938483,35317.45411891415,17218.399872279988,2199.677580470101,3253.7935208391214,2794.566865005112,220.02608811757287,779.0190741133213,188.06069844547324,26072.116955223268,36007.51794861095,195.71789030645135,1733.2375792447372,11823.898641608863,620.5485792618957,4.657319195245033e-06,2.239229951135624e-05,0.011240628770878645,0.05679055854267422,0.011339505824327927,0.011190184278802008,0.7876424210950215
302,-774.8898400690871,750417.9296817163,715948.7002983037,118943.2739654478,60124.84207291881,55091.84365911608,52525.909105727835,29737.65494838427,17378.02631132079,2344.123432176595,2898.298348384003,2577.354761468623,262.8000526588344,946.0748189938203,177.93173033949174,27718.12139777865,34057.65036422909,203.0025002028469,1784.4620007429469,6039.534681482014,1331.434632725672,6.5400615782770726e-06,3.2659145656983864e-05,0.01157878480014822,0.051914039831069486,0.014801575213720665,0.02203013808981155,0.6432050347614099
303,-797.1082220727496,757400.180076851,708825.0084864933,118471.6202978702,59402.299690468055,59169.12109736328,57508.512477539465,25485.307902067103,17101.78391704982,2263.2763974182044,3453.343858970381,2709.1400811501694,216.92480504324686,872.8073008582112,138.1273912247694,28146.087168183483,31789.61442375438,135.41481027200547,1573.7047462258402,7086.9127318920655,99999.99999974245,3.987585623308142e-06,7.007591776530089e-05,0.0041655987304971,0.07573151358507982,0.008251542258709518,0.025631962337843314,0.5948294759349441
304,-790.7612089378358,718088.5734065388,686207.5292849191,118343.59453829683,62010.50577623216,59577.341598827006,56857.192086137926,32772.11307840202,17609.984642778432,2212.9742436489814,3029.946399954234,2608.5471774774646,319.52398819046095,939.1934048560087,174.41451397502604,27474.66827544242,19261.183162003996,206.03152419539978,1458.7480066989447,7962.3871846006905,1145.0368220556543,6.135214058502364e-06,7.043045740048092e-05,0.007841254001648928,0.06089419624980507,0.0102880826450262,0.02383122759130575,0.6692880757382945
305,-882.1232387600417,756490.7742990877,711529.3545480238,118496.82324492118,61978.11883083758,56100.536860242086,53951.92106786768,34198.99890156687,17111.043349738862,2267.360600453589,3483.7306863226427,2740.6794703949,385.5512917937844,807.622513065016,171.14430138340055,27809.143880690717,23507.132117269794,189.5240447963075,1499.0962888529125,12571.275847898378,3813.3841808224533,5.130710972335468e-06,5.009685855702798e-05,0.023124168904398883,0.0648040164406433,0.00883104818134848,0.019494232840861915,0.7266830539839337
306,-764.5976371979045,746971.8110262399,706740.6793616988,118452.78071558368,61900.86384156818,53432.25337774846,50761.201693459494,29500.590162830093,17151.62913573377,2377.336116955088,3187.7926094593277,2729.211256185126,349.29735871507063,887.6325166964655,164.4368633312594,27150.830199917244,50116.497070653764,202.16918312180692,1746.4818237413756,5220.812761011393,911.8270703933781,6.053033847952305e-06,2.1355064999428167e-05,0.015544350312670156,0.05177912562268395,0.009100140342514962,0.025149088940643355,0.5249842686408525
307,-699.0674938646329,745672.9046161525,712789.3337682154,121155.7993740261,62912.72801603534,56898.889776014235,55963.248429922125,30259.155136779736,17371.853265180598,1759.5712703293864,3336.2792601992405,2725.6974065707705,506.037399248933,876.2275812525531,341.8323540101771,30388.10233562532,16039.83698158007,70.23444993027272,1437.3769835538956,7128.594048732213,1315.589685322826,4.475588750165892e-06,9.644949374096657e-05,0.01189755775174353,0.06314476894301627,0.010223946284964064,0.016293957816313116,0.6579501215788793
308,-632.908574067639,760587.613818643,723270.3356979081,118694.87469449465,63363.22938360049,58144.76432956152,55879.05881989078,20402.858146593568,17234.885148121775,2205.292208707511,3038.866742277946,2377.745985525705,506.3648482483339,1132.1916147724135,180.69627787463185,28156.74241112103,22342.744051446796,168.22603585774826,1604.9648841383234,4738.68432371094,99999.99999990125,5.326228428805504e-06,6.756471897339141e-05,0.00012631994783834948,0.09352310369336714,0.01086443532883118,0.020936280926193797,0.4632944858838594
309,-873.2450546639609,758038.7930755294,720813.2073601846,117779.27659101253,63100.75554902375,57814.44535788866,55379.27336861512,27965.069153308446,16871.971955418056,2243.67812345128,3050.3396794686482,2750.6595681924146,359.94811684758156,913.8345257991572,138.55118071386417,29505.307977259596,23411.88333057739,190.72725763486747,1532.062991105417,6985.865061602924,99999.99999974636,5.677879655232608e-06,6.613757722760074e-05,0.01899045366936422,0.05768301173604945,0.009708205342602345,0.019470811916928153,0.5814465533543903
310,-901.0621393948061,744971.6506269453,714321.8839952127,119496.93585530209,59771.91069412018,56503.718697002165,54076.978811868314,31636.377276659365,17097.411769274422,2157.02970011139,3104.66052423405,2653.5754229098593,201.44182836068453,849.7723115501138,219.7937176321484,27642.895444254595,28273.123454757268,192.38030483055047,1555.843359276577,6458.1468253788835,2742.7505226092253,6.482949259677357e-06,4.678289596223764e-05,0.01647324869958788,0.05312348773464096,0.011646386823690178,0.0228731265087312,0.6160059714870362
311,-829.7713126997653,730956.8298378043,688901.8554015573,122371.90343746582,58035.649833230666,52757.418631196386,50637.54421153444,34315.14837189821,17498.43421390636,2262.5278064136246,3335.718436442336,2821.8479739549607,133.77601913050503,669.0803008096855,396.65181283297244,27120.632009661516,89859.03920676267,175.77506772299242,1657.9751415699945,12071.910979539962,1267.0737132908334,5.322354372129621e-06,2.8243424306912573e-05,0.02242344287890854,0.04882255100166187,0.010795869461905411,0.016392559029895754,0.8067471538163256
312,-707.3593141126302,753759.1808647908,726960.8758311821,116376.62115478225,64536.74833427574,58254.04520997338,56436.010846458965,30119.399364093348,16969.721846502365,2529.754873943927,2804.6559078978544,2371.3588468935172,479.2523109396237,1066.8728014555502,62.79927730501409,28796.00302847046,24242.307970952803,152.3525719385809,1533.505180218719,7767.168571410457,1949.1955063346556,8.303113323301414e-06,5.5054962713076675e-05,0.014935993666716274,0.067380789646335,0.012164674405685508,0.022789579925105365,0.6978122896973913
313,-904.7293809717311,751130.9665143611,717215.1200457007,117575.53855279066,59553.69747414279,57781.61398600269,55363.153052882415,18609.612999219502,16881.98634434417,2283.1316129136935,3052.378085372521,2745.174710736499,194.02599745270814,768.767524106166,120.39745050532974,28002.02877018421,23567.774181511137,202.01100575211376,1716.8814896411502,4654.742040988723,51994.51654960517,6.262613302833491e-06,5.214853578672393e-05,0.019008459394783826,0.04396728349747179,0.010774540170682195,0.019772492608382496,0.45687785358690985
314,-644.5094240186884,738347.0358322292,696042.846366627,118798.73809036957,61840.143071511244,57192.574691980015,54982.259932893234,32326.86702143561,17352.126242248363,2297.579190172078,3257.8174743982836,2604.6555178072886,317.4250012642697,805.7361855899179,142.38438057593842,26184.951846469576,44622.82874964641,192.84322607235924,1795.3484997147893,8723.224768721548,1230.42249589529,5.341861424746522e-06,2.3606482863480287e-05,0.010324217442894454,0.07028186204296764,0.012538774839021914,0.01823693474711044,0.6969533255430063
315,-824.205961498308,753762.6745127521,718039.1559501735,118511.64149993674,60107.76632568836,57114.31306375457,55001.4747259899,34504.16344524558,17299.038947642857,2121.845699487466,3355.3973399979336,2592.842752864958,263.4031432689526,908.3994530370207,172.5446564147734,27938.860487362574,34532.57300254954,184.17840352589548,1612.560113693915,12631.280928605815,2746.5365579737245,5.355212141174585e-06,4.547010732861465e-05,0.008758136283881475,0.07415878171193287,0.011280156135556031,0.017766122391261827,0.7256608494322223
316,-822.7681235902769,736688.6661201237,704132.4217443367,119576.05047521881,59941.37380688633,57848.66361337848,55224.57501168192,32874.06201384729,17746.80993318878,2216.8691663827217,3062.4657987681903,2609.584597825197,212.15039691371334,1003.582311300492,192.39573385319136,27245.09420239202,50158.34789764339,208.61757332731787,1648.5497825960072,7697.0168069226065,1743.9457084304668,6.465281421696828e-06,4.6620436469558864e-05,0.007367770990675439,0.06045483270859901,0.01073504549465166,0.024744209644663586,0.7196553556604721
317,-718.3761646454589,734064.352483731,697645.9517672779,118025.98763557932,62052.90452787832,54604.17116039509,52388.261900675876,30611.172886093766,17124.067872611766,2250.9626328147237,3016.7474060857658,2683.2033119628904,306.86383738153245,941.3464696109876,161.49841914996674,26571.605133308618,66590.0426669797,200.23777829354972,1840.077248633023,7112.307039925479,1763.6316951486535,5.505298235791996e-06,3.3420193079028475e-05,0.017823207930467037,0.05764691562210628,0.009251401610488442,0.015986909188146343,0.6896818078130694
318,-670.9305893489441,752443.929275631,711190.5524823039,122134.7607846842,61148.45071081704,56325.914658257934,53747.0283463328,17778.543699930353,17224.994639936434,2208.361044518884,3343.1300500679895,2786.665467616407,285.1424203260105,854.0200256624422,357.90306186222176,28553.998434798843,25096.92197323384,190.18512301986726,1493.4010513211456,4491.942318394213,99999.99999970515,4.859632553979873e-06,6.609912918010022e-05,0.010804827342524926,0.05460072076821526,0.00991451861477766,0.020036999022557078,0.4253627431084442
319,-958.0654456100973,724714.5150245542,684987.6783501721,118443.80115995635,62830.34443429455,55645.69650147104,53481.06284198731,35561.603801806734,17548.807898913346,2249.4844803756278,3260.8921672208107,2885.4003800440405,396.50154697669166,1052.6850503760547,206.94944924896623,26591.315785420913,77254.84163005369,187.9862840511064,1496.0941855100182,10405.403472856306,5133.935643131793,4.662543536805745e-06,2.8965314203817693e-05,0.004483656904923591,0.05125196170475108,0.004919927951588476,0.020972367691186662,0.7463479261227841
320,-825.0834975855878,736984.5421302419,704067.3996112461,119164.00909493597,62112.667284407966,56295.982076294014,54094.75146378748,32771.8139424591,17577.57956923689,2230.2019763470857,3075.6126497189307,2586.2616946410576,368.49955107045804,939.2032274897227,207.84668990302592,26465.651223379635,70015.30243516274,208.96468707530633,1637.4475415284248,6699.356323685009,99999.99999982718,5.974117748033105e-06,3.5297939888241296e-05,0.0009754803517927676,0.06431345934430752,0.010834501524858207,0.016748866433413605,0.67270525362016
321,-890.3695620698588,738639.3591586543,703510.8221911921,119157.24800443515,61778.51752965054,59254.01288539487,56603.181507839756,26267.566183902418,17434.68741823204,2386.020485304199,2962.7305042468265,2634.744546484535,261.6232379986374,910.2900000586645,172.5214691708817,27883.221396146364,26652.389772627823,215.93059505811772,1672.1725008886467,5680.7583987797525,3258.7041172578556,6.138052267552024e-06,4.6186326485279676e-05,0.015764276255388274,0.05821337219542649,0.010488956076977833,0.021671363248681057,0.5371450927553848
322,-801.5374972867996,775314.0941231872,738524.6144789808,118280.41135985762,61433.712957694726,58101.71076971691,56014.366635317594,34508.41000113357,16784.933985878295,2325.7112944873825,3215.548053265928,2652.674119196661,297.54163495620605,797.2264396772309,150.26271110990146,27571.701783312772,45382.55026810216,190.61096302180826,1512.0434897515697,9575.491873284882,1908.4282881736476,5.800056679871894e-06,4.0458375940948725e-05,0.013293219626211232,0.052756021500923775,0.014212481733640958,0.020885734910540077,0.7520736793987436
323,-650.9841298102393,763265.5055639745,722817.2614552157,119036.25385807421,61042.03032886934,57910.940876981425,55595.02113878598,33531.39167761404,16976.71916370533,2282.3032100440805,3280.3254046250368,2622.6136996757814,391.195018327728,714.2242171651499,172.3830324966203,27772.873710155724,65406.26971775933,203.2890779918804,1717.7266663972878,11646.820827754404,99999.99999871358,6.269069021353772e-06,2.2985197699520198e-05,0.013513751052059382,0.055653313827666376,0.009972282257376211,0.022574219438804333,0.7161894969244271
324,-745.4316819265903,736998.5702927184,696620.7624313403,119657.31805259168,60900.80052554102,57764.57578905721,55217.926506979675,22717.044268176745,17327.679255048748,2248.0036965808777,3141.413978188585,2814.498228049909,258.56143074602784,940.9345486487059,315.8607505724291,29261.7807160715,16485.198028909075,191.8431162670621,1589.7430408778378,5389.659949311755,99999.99999649171,5.03644069873668e-06,6.324732700646131e-05,0.018430956323485778,0.05008396754409155,0.0108193641469904,0.01752450466547923,0.49713251429977834
325,-667.0984696447898,726028.1569488073,693171.2049348062,118434.9168462324,59624.748449157865,59517.91764871772,57893.49125674509,32907.862217933,17283.70461834364,1987.8259974785374,3030.768931732909,2738.9556583204258,247.60317457641864,692.805067497388,174.74537347831182,26862.108851917266,99114.09685672927,167.37853809472767,1757.1514976001547,9337.092702484875,2471.04368370462,5.780763234273146e-06,2.221444705132575e-05,0.016020192033217626,0.04226028638146181,0.012124424268536844,0.01627554879895018,0.6912317591801284
326,-741.1163978668505,738708.763334462,701490.8899683702,118854.62290310848,58813.80658945574,57953.43989165543,55330.16173301431,21785.441407335402,17603.77101752022,2074.031720246037,3372.178378759118,2651.9432253805394,176.18539077080217,770.5075032424314,216.3452421946624,28206.840415256036,20392.270189975585,200.60321032612657,1534.1032219185015,6160.076580189559,99995.85681707747,5.123826186397244e-06,6.808594116354347e-05,0.005238056535037099,0.06738847074782978,0.013345290066222442,0.018116726006793076,0.48695750856655307
327,-715.0888115596335,757191.9696401755,717656.9255752342,122071.03510678979,60305.17536729741,58245.43205565801,56241.3185566211,20280.70565145208,17018.12129601984,2284.0856722439357,3326.431335283652,2646.972593091425,231.55376760066875,758.2478028736473,356.7306747524377,29371.076246768596,26338.79173909899,154.33176854760202,1594.8295818320405,4001.8573592107323,99999.99999972379,5.990861057340733e-06,6.944891155016455e-05,0.01519390590372375,0.055674417541838404,0.013066448765562542,0.020697811310609947,0.46435646513245243
328,-706.2202880478809,758844.6031735382,714293.6136979838,122372.00983569055,63407.47684213473,54047.44565865745,51281.16729409052,17389.563401028714,16967.62134157971,2520.5254715793294,3153.7634963049245,2669.9662242013674,465.5613769387273,1015.8229913988253,351.42443706976354,27723.917029665998,42057.23832564661,215.71363707912616,1746.9467565589894,4296.322325646367,99999.99999675497,5.488023698459334e-06,2.7092021721324752e-05,0.01663640093061556,0.05734632609665823,0.011357795685129814,0.019353193785628938,0.42905510966999083
329,-650.5482924968962,832847.2332706347,803472.5916914814,119218.58053977256,60921.57829656979,64181.6910523826,63571.513783942166,31323.98918053305,16087.505624015965,1997.1205498593893,3141.9010229111486,2655.320529905317,298.54206000718966,785.2663696968676,188.5808336312149,30284.74368247921,30645.65973223656,64.6619666746979,1563.7831869506952,9603.33675666555,99999.99999953888,6.2304597793608595e-06,6.12910528559945e-05,0.0063465141522222645,0.05958756717667864,0.01103084489668828,0.027829233749516825,0.7447442086992192
330,-881.3377689163412,748941.5788780742,711793.5315931358,119910.37252250647,60474.14759387468,57341.53119691973,54808.899451766316,25597.32539608486,16867.29078802644,2244.0183000458146,3266.385378017881,2628.1585645070486,272.3015544746676,773.3040285362376,231.5227040941136,28563.29358518098,18729.45898805078,204.63656476715104,1383.0732567390928,5086.112708713922,20300.537988501583,6.088665080417896e-06,7.0667315633813e-05,0.016424136737022477,0.05781429831307904,0.010904844967356282,0.021337236574055805,0.5250946162579379
331,-712.9291500043548,749934.2533369295,696724.9866521992,117832.77287337031,59515.33998113615,56645.80074145489,54082.35756903985,14895.94453431847,17538.85974770909,2394.6905806923187,3332.5849099900943,2772.598027584807,246.12976737318263,867.8946011856667,133.32111384002806,29239.138690111922,25970.708946622628,176.54366323490314,1615.0168841637594,3743.6227053506227,99999.91513609207,3.638164108217951e-06,6.711343664018575e-05,0.011747021024116648,0.060300268315127005,0.013082712532548899,0.015897643803888122,0.3693837047378494
332,-809.4222778902384,743417.9815793306,704275.5199267725,118819.74515466699,61871.61418787177,55250.13952940454,52467.08629756671,21184.617047817534,17409.58380636118,2216.2807564405057,3190.120143749248,2714.6421182392914,339.8822171035092,931.4297769924724,190.56001642849662,28050.9132997134,39156.53728869995,218.41236439079407,1478.242197468676,4926.514705696333,99999.99996119071,4.962706521362653e-06,5.0131129825304334e-05,0.011229523541078432,0.060463382299600854,0.008309846706381874,0.018945176238377496,0.4684184038716422
333,-564.9828607428589,788267.0329689597,765082.483473216,117671.61802221586,56712.49138388372,55894.56514761331,55527.11828307442,25671.9338233815,16358.277602528562,1843.7943125865193,2927.4447011360107,2750.8008265006897,69.9868929092135,562.2420468221083,116.47928990305203,28666.76794053261,28654.629446657764,31.788278031751943,1820.682736021934,5214.66496131521,7870.035248287419,6.518574026806907e-06,4.0187554882115556e-05,0.01802894896680867,0.040922735377118574,0.015500411115016391,0.02112347453174539,0.5397086964285217
334,-896.0921032369472,742073.9352817293,715345.9051023704,117807.22560027779,57885.68752950039,56773.17854420584,54996.61374727588,32179.286710578548,17708.228358351767,2234.367690519407,2959.5905152886107,2710.3707687282003,119.73001968377125,782.5524988448857,126.03649045778218,26962.15535656802,53867.887332825136,149.10470789180687,1874.5540677203344,8445.122400541728,6396.872217924701,6.689032919790937e-06,2.4045966150156173e-05,0.002919461662826856,0.03605691193156656,0.014964737750088919,0.024026940366425224,0.6724971452049785
335,-884.7009822274301,729090.5442295368,688942.3835089991,117527.55726080411,59953.10604235582,55191.518030086736,52409.05848176279,12559.212751637384,17543.78386113359,2374.3626367063634,3221.664274297807,2617.1434974791123,231.20272963017555,908.9283927126471,110.70629520182435,27080.299645606898,25454.679030339033,211.92815935653,1561.5980598772308,4097.398808749963,99999.99999976199,5.182779305504461e-06,6.312178320437331e-05,0.013683537792173609,0.07029655174395265,0.010944774809370091,0.016856539990178176,0.36608966993536596
336,-750.4899612303902,730084.1530267934,684968.9852765293,118869.73177411573,61055.52713948014,55960.858749661165,53324.04130146446,29960.87575864332,17484.510912711037,2316.243500954047,3320.897772593393,2678.444291776085,226.77734543131143,820.9042191631311,213.03438669650893,27171.76700680803,39534.105690159886,193.63395321333118,1638.279774559826,6924.124938222026,4793.019769255902,4.259397407535137e-06,5.1439099167443815e-05,0.01013496030404466,0.0739901456730387,0.011074523883363633,0.02159882163979945,0.5916841952313399
337,-691.8388731241397,738798.8376964392,714981.255445978,116665.33937356246,59011.81446267176,57927.34529888445,56216.76977309714,29916.41746255407,17321.86334820202,2229.9910277165272,2771.5615097925715,2585.1505620340604,176.69919671185852,755.0279628059867,62.2400830806657,27978.7618967451,27186.142472351145,132.85958094639102,1581.0767166761311,6557.6150831640925,7421.310635529501,8.136825971634124e-06,6.377290124183351e-05,0.017795086045711127,0.06144788912422593,0.008521758792614555,0.021716816953269488,0.6505545642767704
338,-782.4400079417921,733459.321824192,698352.2589912368,118208.18260756541,60202.51074883447,55502.762834825604,52857.33998715406,28764.30588323949,17352.219465352387,2321.6789154698195,3144.445152116531,2465.6529328765496,298.098365839317,775.4979998497208,189.73424458267894,27284.108596706134,27648.56232321041,212.8656913143272,1609.0624184265814,5855.649040048769,2574.910951882552,6.324152968089656e-06,4.2944379027298765e-05,0.01861248308904513,0.06004581626505842,0.016687050683376805,0.024189573244336706,0.5410423751749937
339,-758.4058732865708,727988.5154902127,703504.5023246723,116668.10084234514,59386.46117957582,55506.69937687804,53217.38505388674,19707.103693166515,17567.976713846212,2098.949918444484,2727.917344723932,2431.201573358582,212.31783402097116,788.4010581272531,72.45953693544617,28376.58756133611,34158.947967199965,166.31531421688507,1470.4066640286985,4225.707732950259,1337.724215593646,8.093419009642416e-06,8.020102555316789e-05,0.01794152694331482,0.05812319396228234,0.011949863975271155,0.020506256180397767,0.4756185052448736
340,-716.9430797004221,745109.9885891672,707751.6321245212,118103.2443955704,60618.501737097635,56839.04935870695,54330.07262733662,25892.326580404755,17338.992965730147,2234.388573627847,3170.2245469836603,2691.2913488503173,255.0361314168506,878.5638304626611,145.40855799279825,28573.295628760978,35439.95865469261,195.41323251959938,1558.0028783901141,5477.621723587633,99999.99999945557,5.2291922510865505e-06,5.95582038401703e-05,0.007894652763981646,0.0676121933670607,0.008094752086198713,0.022352908258774822,0.5157993342771839
341,-742.4913616338573,737918.31589074,703692.6347781017,119646.58831809246,59509.25590109777,56734.98857883898,54160.648015538856,26744.38952135463,17905.197868025367,2221.531662605273,3008.092668930513,2450.6616965514027,190.51429697014157,812.9572617113042,364.4188616424514,26992.266115902818,33191.22999385307,217.87688237308694,1739.4522319379967,5125.019682084499,5637.238624364354,6.130559641940839e-06,3.462055808334851e-05,0.010232134298034597,0.058404410301010075,0.01769032245970918,0.016869986024327373,0.5140469117045029
342,-892.1682585253925,742188.1294000531,700815.225194087,117647.76731320529,61111.88573535596,58226.56634996646,55867.340921678115,33322.418712385814,17192.115527589827,2304.0100007003475,3277.6702350676114,2676.4026291210816,271.9696503766541,886.5097078234082,143.934361915432,27871.817271102158,37816.24967004719,205.043685767898,1611.798563817888,7168.384753262452,1350.9763462015596,5.7426575252784655e-06,4.5931370121629245e-05,0.013146060587401582,0.058453546008043894,0.01044687296156525,0.01815161292301745,0.6967442728164556
343,-730.1255080321355,750083.860936703,710191.4167164885,118133.50221411677,61741.357946486736,57804.352204971925,55161.07879254639,23754.104647066146,17249.085292469797,2312.9443001892914,3221.5454069987927,2638.3156043451677,345.26937447694854,998.1194794169623,198.2341872115924,28873.59079745436,26505.016431922348,203.61767018893667,1511.0569494060762,4509.037164493308,4412.019124725645,5.578974725206774e-06,6.564228876797505e-05,0.007269599805395765,0.05959983122614723,0.012301789080676827,0.019139713036460386,0.4893470558891015
344,-867.27421285161,740327.2150987767,698938.0303668014,119704.00070257217,58877.260574419066,56738.34111313293,54299.100045698906,28001.038828753182,17332.692340074664,2320.750350059116,3146.2199674701,2916.057450670549,182.41971344108606,670.653926117282,288.1077325833478,29245.113831520495,28907.67052912185,187.4954451761676,1521.190443396843,8647.22675203447,99999.99999937403,4.238426700790819e-06,5.423107277774785e-05,0.012179599856426974,0.039024350102748,0.008836002203746678,0.01898532406501974,0.5890484985288489
345,-831.5635153300562,743338.381014516,706049.7097865792,118500.02243456585,61508.990517280356,53988.9514994466,51671.67087856923,33066.262652198326,17012.990183150734,2305.3607430636107,3019.1220271235534,2606.8010918693444,297.1326885530622,991.491654885228,137.0024951708453,27630.881836833523,32522.52477127765,189.07970029361655,1835.0903350760814,7695.540404803022,1285.5018218707123,5.803556308579477e-06,2.7850704214812043e-05,0.009514894284071304,0.06330301371992986,0.010094554607731076,0.01753459914676331,0.609395780119219
346,-711.935249625586,747548.6325709969,711947.0697823464,118911.18848527297,61237.93036589997,56377.776389982355,54197.63877033306,32849.675503107486,16942.133494474736,2296.637253857722,3405.102029949583,2644.519055447279,295.47448802849453,801.0321753931863,193.79557432147544,27057.789124465166,38758.95480507854,186.88743456180083,1726.4637342526623,7903.291880243841,2553.72336398536,5.738341278264448e-06,3.405428183773141e-05,0.010004978785343325,0.054741886525003565,0.010240237370528782,0.020204561165354032,0.6891590160891081
347,-936.8238793181702,727530.2912687786,691518.9125104876,118456.83049554624,61145.958990814805,55467.4914050542,52611.536978706215,31770.434746178606,17550.221877064545,2273.260724593846,3233.599717265095,2756.712253491089,311.09067422980297,782.8717433888309,170.50916557504428,27463.367242859094,28375.297585681354,204.02128276557968,1608.0532577415165,9299.507985138845,1071.5445685333486,6.095965257513206e-06,4.652212008781408e-05,0.009410235083091526,0.05678926254249635,0.007093057240776761,0.02116023345264181,0.6375011736668965
348,-780.679582252935,756674.174765594,723407.9224968463,119854.59581473559,60262.762965872884,58320.78394016521,55638.79386026141,21475.395369091977,17239.533316525885,2176.8417239463233,3005.5698872637527,2615.372560896332,257.7096135391883,841.0849381404328,220.6471019311693,28503.272179325784,22940.552127044262,208.66016040704707,1608.3495096432173,8721.649706112505,99999.93162285583,6.15489140554038e-06,6.322053150566944e-05,0.011936021300658947,0.0502377368130062,0.013946332422916803,0.020120920672753936,0.5264013235914853
349,-621.5451653486758,744050.4973805493,710024.3393302986,118934.36732032103,60621.13190095241,56380.017672892216,53969.03297707098,23494.264027398756,17150.112086820303,2251.1330863601343,3314.64202742755,2371.9530817669183,238.49166893098982,846.9115681312313,211.54807543583556,27827.980025532233,26484.33739920607,201.34709418107892,1469.299896431784,4707.098212225331,95362.0686694368,6.6863552787376935e-06,6.506364000933937e-05,0.00743978437733985,0.07205142476640752,0.016662386666181375,0.01649311367687757,0.5176835251677205
350,-875.2386698891619,754246.6922014407,723487.2982045347,118557.02945500166,61912.50117848159,56100.07645211124,53439.04488259055,28239.574641616695,17098.487884843307,2258.0636214886595,3018.7582146616446,2778.7632164002584,340.3792075392494,1053.3572032861382,154.57261019698137,28849.590474878383,21534.619911847756,207.55033550909872,1454.7761294929692,7296.591199455822,99951.59716253939,6.046212656317679e-06,5.3126804596777685e-05,0.013863773873733167,0.04902933370063359,0.008577856455431231,0.021494472382101983,0.5948884803588937
351,-776.9378750304263,738599.3630176531,700397.3171824109,119301.42961410109,59706.73424769187,54139.365270496004,51590.18477728696,32154.942021999395,17388.496310953855,2259.9546250724925,3018.7398893157165,2566.8396732704728,218.01719697782102,898.4662859879642,205.8806018596927,27668.369196673102,30233.904804981696,198.20115008307857,1509.589809505784,8041.467545710051,7564.011673017557,5.777158041797361e-06,4.325305183860963e-05,0.017735970492689122,0.05548483137504264,0.013561374370103383,0.01778794785171472,0.6589445398505543
352,-781.6546233296958,729383.9777060219,690293.4662703694,119888.78906519007,65059.39735638373,55902.79682764697,52773.51981078677,10000.000000056727,17620.298314477954,2583.457586397622,3089.0339620630866,2545.992759285512,608.0907984738589,1321.6170069096438,262.68276294875164,28135.883411367202,57026.94540640776,223.8944148859714,1659.4024702695572,3028.188797392027,9188.219273408722,6.645237859834843e-06,6.107406918638041e-05,0.012312977201822046,0.05887287903812145,0.008335717279848446,0.01575069648911285,0.3675314975100228
353,-774.703204682799,718393.2235426328,681198.0499278879,118182.15911157403,62628.79430065888,58053.05172271391,55887.54233331762,32451.38872414525,17716.446480441788,2327.554274972321,3109.3062274953622,2699.456950501842,369.01138720261696,851.1695308428204,167.90231030109695,27168.691701547705,34488.300061435046,199.96439692063873,1601.7981554109626,9830.1754095149,14412.599936308126,5.59087757526646e-06,2.8038017319879216e-05,0.007902474579507287,0.05173341242151892,0.012462799566676543,0.01646122037096922,0.6802982736611255
354,-744.173618476312,735938.1024967256,698855.507798663,118978.02988247253,60585.96543765834,56795.54033978235,54108.37782058758,30417.30693054114,17106.685983117124,2354.906894656116,2943.1162321750617,2417.63820807345,239.70551119533624,917.1564037463726,261.5779301224392,27132.90918888393,34211.700833567666,230.90868231989592,1656.2892049913098,7219.820679735319,5658.775171992069,6.406710951238394e-06,3.910215295671019e-05,0.014883857083196457,0.06665035861511584,0.017156788322327234,0.019029704942348204,0.6190726175223878
355,-828.447008658433,729510.4497303683,698355.0402103618,119851.66355829423,59899.36347441275,55928.94339062008,53270.902898015695,30057.229920563146,17669.062606004452,2223.5674197952076,2921.618933937185,2442.467730541769,190.22822042054185,763.8413826925714,221.14002486216538,27878.00993661392,29077.59383586076,217.69334570884575,1347.4659206706776,6465.2722995452705,2760.072246920354,6.92268038143677e-06,5.428854161236674e-05,0.007757852271897798,0.06079126241633763,0.017040598487608374,0.019882928257662393,0.5585561275487462
356,-790.8725214538256,741252.4005838424,709196.83198386,118365.18934888188,60479.46598244515,56236.592700020854,53433.78017009709,27775.65380922027,17262.568311043455,2231.183929244841,3050.0297585686526,2599.4753314985514,290.8443870001885,1015.1123689380611,164.26167790880694,27898.457289259088,40262.22897089789,204.54438317518614,1811.1998755045204,7292.471953742362,1974.0985414530244,6.403963847605725e-06,5.1136858265477344e-05,0.016792982024724065,0.056938991881216525,0.012113082993114248,0.026749004022940736,0.6222609917775185
357,-749.8827982216274,744501.4540852692,707201.0166716377,118512.38465302747,62654.04924748897,56803.179505937165,54021.67269373666,17067.3322784784,17285.478272099044,2220.172056682514,3041.6551228757985,2645.532929217096,379.7023777123992,1029.5457821321427,170.7375276909358,28390.060499335214,27273.625357481378,207.05888820913836,1415.380686560302,4303.639669033607,99999.99999555024,5.543210475421074e-06,8.22224894337592e-05,0.011211995066246701,0.06837114793045451,0.009819108681390671,0.02013660740224731,0.4386349457055549
358,-588.735240700951,737474.0141730849,697103.0106496366,118260.56346016226,59614.33093764772,55473.002664820815,52448.89760613374,24303.236343891043,17141.34504371503,2288.1553824810576,3285.250216461615,2779.2876934722744,221.4251704716519,690.6581364246964,130.0999043847504,28759.179905768797,31106.87446245818,202.3016152904825,1696.3348237270918,5665.555654197522,1681.4413755734201,5.766422993783816e-06,4.786154072312717e-05,0.024758280071447918,0.05387963704214088,0.01011940350276818,0.018805319905053394,0.4334440955065814
359,-805.658017766907,753496.6539209645,710984.5841689503,120338.15415996691,65872.98250346958,57806.13101192342,56403.85418933153,31641.621732784068,17579.70470076659,2220.9265507794967,3538.140600658024,2731.77689034111,682.0570807481979,1130.0089555773002,332.18900806395885,28367.996754580738,35647.525958872815,123.13823511592143,1495.861063775599,8254.335746972727,99971.6836416851,4.292027258933383e-06,6.0434646090214475e-05,0.0038257406523990478,0.0685136555613507,0.008673506560459336,0.023424390107212627,0.6953684271185452
360,-854.7617691904582,733580.9063175312,683695.2837436732,119613.01517190482,59030.420092048254,55908.979074727155,54191.59677905716,32597.009984379372,17270.645296697847,2229.42581150156,3518.0220227197783,2801.153891575952,194.9285355763032,745.6080891485304,294.6815626335364,29006.268968234435,28477.15831720869,130.27171738290818,1516.6028526840812,8325.96043891308,99999.9999994568,3.004045795123439e-06,7.055389184065863e-05,0.011825242595184023,0.0634125553477493,0.012161545011546817,0.018578236370945196,0.6597204348770573
361,-840.8960839943716,752484.3478896469,707085.7323314261,119217.01834224601,58619.0173544972,58790.896730047,57010.652494469454,24964.539194899415,17146.95232212454,2107.4179391755224,3454.2194560047033,2588.100328140103,158.69725837087367,934.1387041126068,211.91109276001148,27741.383507950966,27612.608586405913,151.62588264045,1700.3850230587746,4517.0709347758875,99999.71248423129,4.420555438206389e-06,4.819475265224576e-05,0.009541425247203963,0.07129115055043844,0.012972680221409813,0.018448539464502978,0.5243580794065938
362,-788.340348579487,732936.1882614102,696943.5539566111,118100.3741387782,59882.71225673879,57411.49482095969,54792.15425729859,22619.356214271003,17407.41964375261,2322.292312861679,3069.5592462142267,2676.2660212136516,230.30778150613943,711.2596180572353,156.48248864560202,27902.94787694818,39547.90642038333,208.5126957392096,1624.6972959486413,4783.258274263806,99999.99999945343,5.719588455954349e-06,5.895227985535326e-05,0.0190078356250457,0.055087299853778166,0.0125197888639373,0.011715394957481959,0.4815173286064707
363,-701.3641118214152,739259.5776367455,705480.4914336654,118391.58029897964,60917.869468974,57692.34148193972,54883.34465903155,27866.000644297426,17222.560079521536,2215.3210242932137,3261.165646052088,2583.894885781636,289.8645794151504,888.7503047131337,172.96150185465166,27382.337875557638,26115.772545291926,219.14679731738465,1609.2538403149128,6367.278953959081,936.3223301777158,6.107742481280148e-06,5.826935775412306e-05,0.005851755583755519,0.0566715157396984,0.011812574576644374,0.016913737285298942,0.5842879293919483
364,-947.4539645056035,746109.3853945401,707662.1713443783,117970.63425719124,61074.559329628464,52810.04273534226,50364.19716450425,28466.814869537622,17583.293481595603,2280.5326981144003,3204.929384964295,2826.7226807739526,279.4676619657039,916.2077967814957,130.6715798721377,26383.22842233899,51430.28062785208,203.39049639645808,1880.0056190512692,16168.544811718308,3247.928931847072,5.023158201801334e-06,1.5636565759556046e-05,0.00942259330397118,0.06680262786074821,0.006386722826921801,0.020577367868167436,0.6281567119610617
365,-791.5276588248164,755562.8205497629,709044.739074994,122814.735934489,59630.338769249305,55299.310916596136,51608.79263700375,13905.895772756709,16898.575185444413,1969.1315565505292,3494.9213407968027,2866.4822672358096,206.71291389749243,821.8763883752795,485.4381947815909,27927.43923869931,47441.92954879159,280.6722028260658,1593.347269335662,4304.752857338576,3905.0009357753147,2.747289601679421e-06,5.039638826260579e-05,0.013736240040394716,0.05430065777479706,0.01292286384306178,0.01772237512204847,0.35429609125520334
366,-675.9937299934255,747589.4051447811,700384.685246678,119608.90357961004,62013.73407868989,58810.77987830876,56719.58256312843,25995.272286833086,17284.1638827703,2319.4647703834503,3439.442644536641,2645.533409217293,362.1338477967396,946.574699455249,291.22299211617974,27585.81155651583,27651.48216705683,191.67377781734635,1604.488993157324,6454.89972972947,99999.99719988277,4.28154041813091e-06,5.986260914457723e-05,0.015016577743051075,0.07387412625417553,0.01109012435907696,0.017712562553956607,0.5800636960265672
367,-835.1127128614887,743080.0483948425,706322.4558057168,118791.59802190462,61459.15370009054,57943.16960591236,55231.53728166768,30272.544173162147,17102.38069893624,2287.7072909767708,3123.9138243644047,2703.419985734346,317.6360161125686,969.9525234407416,159.1496371662244,27738.049044638054,38897.70284738084,209.60253453603534,1716.2710057158495,9204.735521981873,1992.9144320673397,6.296282769693803e-06,5.3433701766153626e-05,0.009606171549539166,0.051721164834174486,0.008891605580309048,0.021781516902300315,0.6870150221910752
368,-823.4526234825282,738552.3970997427,705341.9922543964,116997.78276072213,60234.529584011005,58912.37741667851,56911.21383134247,34995.68916130939,17290.67765489453,2182.321126525645,3006.4267797040966,2683.315031505132,256.09730078974076,781.0992091432533,96.81909000285786,26728.503539590492,100297.69538632024,187.02171190823697,1811.2364825343502,7419.857274256076,1780.4332615472601,6.176433970061293e-06,3.244530087247707e-05,0.018292017338716795,0.04647394827549468,0.011570894712956067,0.023701249983293485,0.7996790990837049
369,-671.351410286326,761670.8526322898,717397.2424168052,118116.6206578733,63140.00321805345,55786.91282540783,53347.550875746856,22359.81369145955,17275.42713345581,2330.268366706131,3428.8584855014515,2504.1224724489725,460.8329306866709,1033.331182233043,167.02290438996712,28696.010543045602,17822.52415988153,174.82172566355476,1365.7297598672076,4733.09333924102,11641.764442697158,5.225636343663552e-06,8.925185409848102e-05,0.010292912978671681,0.08734332882797578,0.013088224599770758,0.02430400099909114,0.4887140811804896
370,-722.1216472957717,723983.00991303,686945.6054399498,119193.16672143266,61590.28549774339,57105.742738940724,54325.12255581702,27474.26706466482,17499.835802985734,2251.2132813466214,3292.5697489121508,2704.5519325312703,274.8128673474299,1020.6228193864035,180.52084280565003,27379.347001200786,26110.651309796373,218.1985200749948,1585.6002428925406,6360.37651389732,99999.99999938469,5.914717417361862e-06,5.4374637552965043e-05,0.014863101283335086,0.06105694309696317,0.010645327470280448,0.01591322268045153,0.5666302362950146
371,-898.1252825514698,741879.5325208294,695569.4927197814,117192.19606292195,60139.22131004398,57734.576502890435,55580.97854683117,32444.161780943443,17212.420195350987,2298.437792725014,3184.9056166624114,2798.4992564162535,226.60443247969138,783.7147735159559,97.22198993367002,28325.679518727822,29685.69740543401,191.5194166371631,1795.8268394986806,7725.829355677444,15106.140269140573,4.816303781375047e-06,3.93962358665798e-05,0.02187014199792521,0.05751765049182596,0.008622896401300881,0.009537149180807074,0.6824748554403517
372,-599.2349288038349,751112.3715615455,721843.7686826613,124626.2919631705,60843.68106210305,58137.35316853208,56844.69137937669,28799.770166744256,17021.847192430996,1887.4018566306038,3180.887967272705,2675.096816069464,219.57202022439824,818.0079064659835,481.0006165908567,29498.773146196916,22692.9851576582,97.38617245607458,1459.151278700679,5725.797506832461,2181.6648663051305,5.821664819426544e-06,7.850183862410604e-05,0.007708380406088831,0.042915274505359,0.012967652467575934,0.022608356387797568,0.5836312756226003
373,-851.3760319196531,750795.7189785014,706227.4694280501,117521.05632622291,60589.60055670254,58604.55262469577,56592.091682822276,34458.107392488186,17257.822836490606,2282.212720852577,3312.11825699922,2764.2208875866863,276.48847012845937,728.5443789109424,103.41022282176367,26763.819099038752,43000.61181180507,201.13767802835784,1667.839999131657,14348.822256982943,99999.99999999984,4.321678802039894e-06,3.7179863456942025e-05,0.008306033920167597,0.06454396602667804,0.010651180265549414,0.020848625631307977,0.7714351433632813
374,-880.1758283365173,734019.1822133712,695916.5358895329,118665.23666979207,60698.68328376587,53632.05457341099,51372.40761191575,33727.73575485173,17739.92237733306,2272.9421679048783,3067.70886812111,2614.0993627742996,254.08264561324825,820.1735939245882,164.85966632015823,26876.77566305715,353745.1448479652,206.3276785643275,1627.851484261534,8302.187774351649,99999.99999445902,5.865812253433747e-06,1.46664547212552e-05,0.013320834587389968,0.06303330473334426,0.010427752269299456,0.021545623560163613,0.7412278569935078
375,-696.9677706089026,740060.6617873729,703312.204701197,118926.9112783541,63102.49822531786,56666.646539960086,54249.247366963325,31253.310181056968,17251.381961887717,2192.6219841612196,3171.751917690757,2593.9132046316267,487.3712643307808,866.7696122654141,206.98069002930566,27971.427330105147,20849.765153091295,190.46163792695603,1515.2750863455096,8048.104569184735,1065.8750614494054,5.332336546406095e-06,6.438143495877315e-05,0.009533168836151342,0.07056379167908389,0.015286528980920035,0.016081584598033164,0.6421071703419928
376,-849.6350569151701,744967.5493198595,697312.5768512443,123384.5760288014,59892.46886597244,56273.33469512661,54520.18165069433,32892.02661547952,16936.102160283484,2381.591015867846,3265.733969908702,2902.2276452530145,194.69966393970245,809.6099202902318,520.9403364320744,28376.539651349434,26367.363861508285,146.68255264350853,1499.0298441150496,8644.267211349204,17500.89478866551,4.444565453735836e-06,5.805638971625905e-05,0.020357985658038636,0.03901294222661035,0.014013042407716518,0.01961090968118892,0.7026208922958022
377,-874.7932708816627,752158.0489889575,722351.8772452581,117638.47619517987,63804.771763912766,58437.74092836028,56343.555195258436,32245.523934836627,17291.453689186324,2456.9503981945627,3116.915913056227,2641.349524909637,475.9857401273615,1018.3635388860521,105.05785424608945,27243.153888423287,32925.82262637089,180.41154103653233,1641.8447320977803,7484.061426288286,1939.809856366261,7.303502395826598e-06,4.582263893037365e-05,0.010646521572826256,0.05157382609973071,0.012277242236567188,0.022465210838005883,0.6819193741043302
378,-777.616125548247,740061.5454151268,701407.8729077864,117486.84810640127,58397.436499810756,55945.65208343919,53795.71181068725,30829.053056503075,17296.756406501638,2556.3238003471943,3173.8814028405113,2637.016336164911,139.85724229630264,591.5760450020624,104.74826732467821,27631.55460941833,28205.333732379248,174.21704452874204,1573.5634692351048,7111.7711883124275,698.0171492471643,6.319172233132337e-06,5.707035854855869e-05,0.007184193912535591,0.07556468052099165,0.006150165699825585,0.015621183762809722,0.5576629449720603
379,-903.5237625707848,747919.2590563338,684731.8657395527,125621.75310470922,59807.6785263123,56087.21730602853,54240.263014885415,31980.178004832855,17436.073564432205,2555.9112174359357,3691.557370636216,2946.0633803569267,243.9720375145006,969.5673238279953,738.1223665827877,28147.30550200265,42238.091093944015,146.6937470460991,1546.4466606295805,11469.869316538154,99999.93357680706,2.3705533113520052e-06,6.380772270659137e-05,0.016692925595116016,0.05600334346425257,0.011871932481043462,0.02129935508589731,0.6923045734092773
380,-858.9217446718594,725856.9178474438,694704.9096615674,118361.20069234225,62157.89247390758,57888.47412369026,55640.04145274376,30000.400220182746,17458.843310828608,2181.420720629502,3020.813332542191,2552.1979579641857,301.0273479192749,787.9683559627784,143.71243092214004,29011.619089535834,19159.27159763044,189.9791189038086,1400.432262695686,5596.51581066731,99999.99999878624,5.871778591269549e-06,9.265422966004859e-05,0.01435029844891652,0.059888142955206024,0.01313117623271204,0.011499073727054849,0.653551097901522
381,-867.6821345431747,736978.0511301308,680564.0616946056,119936.4381024654,63898.77193147911,56124.76849751332,54356.33384397443,10061.148842872268,17372.271163590376,2302.1920599007576,3623.794026331557,2738.275835339739,471.42383686295886,1003.1238991416108,291.10365900800406,30017.51574304407,23389.606040703442,112.75891876285695,1338.4356066863345,2990.290104139728,99997.49700125238,2.368183877449079e-06,0.0001088387165892543,0.01365072805173903,0.08131475608116634,0.00929206305253536,0.01936302853321028,0.3437755286844735
382,-903.16945609224,754712.4657432318,719213.4384564005,117218.98002383241,60683.69146312277,54943.544582876886,52633.38871868132,21402.163264110623,17256.627231498864,2303.307561340427,3107.6725530384324,2372.7255298010546,303.42557807625667,1077.2066017642983,108.90642109792539,27838.57803927683,27330.76462090429,180.13546089698184,1538.3111651857746,4556.252173673771,99999.9999999327,6.081786711030686e-06,7.758901616868325e-05,0.01060094352237445,0.08223501148552072,0.014167217517919014,0.017097771978897468,0.4725061789838632
383,-706.0520539250052,744826.1944549418,699730.6642290378,121487.55755206621,57531.13236176998,57591.004297251835,55262.36301424241,24699.976046617947,17315.917969701226,2099.0260262743636,3674.3938539129526,2892.173173311059,120.48517830568568,590.8717017755955,294.9209199380285,28274.857829114328,25680.541922076074,172.16544952409106,1646.977212742961,8325.697442241699,99999.99999918183,3.771808016243309e-06,6.307033248821708e-05,0.013133648074490663,0.05811360635328276,0.013109670036073003,0.02129015869220352,0.5135233598660379
384,-762.8545808516648,738784.3743365331,700827.4502350049,117939.85780222848,62258.908110642486,55351.34295239129,52765.22465057194,30623.69389773103,17520.460197803324,2375.6860742028953,2962.850442960789,2473.542659234372,310.1975399838974,908.3520808226168,145.3956797919229,27332.9519868414,49594.37597824127,191.8635611956702,1690.9308301622955,6096.7820665978525,6958.360923330092,6.245791593694307e-06,3.8097443305079024e-05,0.008428695906234712,0.06949210437158364,0.015442358410819416,0.021940502340375142,0.5586112991091792
385,-917.4862219563129,744825.9766003313,698375.4366080827,118659.10221371886,62676.08050226629,56486.882149776735,54582.37454925263,34455.17981417798,17391.244376973802,2324.405045140633,3268.866260221278,2505.1455412225832,370.27949347312614,917.5652738086653,231.75507479832933,26558.35270614722,36402.05815527207,205.7829927304569,1616.0322047646207,10900.487087912545,3068.2766700503726,4.091993250393796e-06,1.756492484398338e-05,0.0028831593108536017,0.08403174219892598,0.012839819267809558,0.019318314823703952,0.7325398086693593
386,-903.5524884885697,734422.9167469677,699128.3615432756,119873.98302672702,60766.155445206095,58039.811300224785,55425.98304874808,28024.53717307391,17378.02164330074,2266.1997453892263,3049.357774005098,2615.4465424805053,252.2083260823258,833.4706820374754,270.6608639068874,28399.02844818441,26654.44119127925,195.1114794122041,1471.6379920236302,6934.329501878634,1278.7101706971694,6.178539911161836e-06,6.783218657252732e-05,0.014507279246260303,0.051098243720710576,0.01413910132984151,0.018014640467958712,0.5694592866779206
387,-987.0985705375451,751547.7068972182,708700.4240084478,122483.67924281726,59555.232171707736,54743.0306147165,52536.593201461765,30344.24648970656,17009.66048091254,2214.2513834926003,3362.192706276738,3058.071366431657,170.73498469774734,688.3933196716433,424.5954743278875,28211.475065594488,37019.2215331167,185.21656996342486,1540.71754966713,6035.649216029595,99999.99999916602,4.514016081049137e-06,3.6771435669638973e-05,0.023991835789712028,0.029700852424027466,0.012303847847243444,0.02059083340402674,0.57015874718723
388,-838.8653404958652,755024.662180893,725858.197927014,119535.34441429224,59687.57767367098,55333.50809489337,52523.97680766332,30795.76281760625,17569.14963137595,2343.0674332940307,2982.248952389548,2645.1940864602952,196.79028246595328,863.9634919665124,199.6261123094819,26554.947532067774,32897.74627802674,220.5613982637345,1671.4615156889981,12193.449965095688,832.9990471257685,6.63695801204975e-06,3.325676806658251e-05,1.0000002687664785e-06,0.061508911341971576,0.009638384367921167,0.026144698936353388,0.6887103347269018
389,-744.2904653794596,746258.1213123314,704346.6005195496,118680.50935054185,61528.06106895057,56888.81924896524,54644.73898130772,30132.017481993487,17003.59157486111,2388.355657358212,3046.409074418122,2652.785242441231,292.7482399757061,816.1794540069809,166.4443497290511,27586.559119625395,28676.68728966176,194.23567392492714,1546.1398241832849,5205.214161694246,99999.99999924027,5.986920744614903e-06,4.997713842578539e-05,0.02531296634410015,0.06311212660281615,0.00961760312615843,0.01788418837800527,0.6167774518525312
390,-769.6801360399573,731142.7401195678,685262.8970862033,119686.07505020457,62226.204240870255,54933.02086679272,53532.568965676386,12600.172286976987,17645.651501277636,2655.4389692873974,3186.012563987376,2389.196352354239,371.33661537482453,1042.0179005245482,207.94679586632748,28255.927751385454,22076.60655042661,93.71848032673657,1389.2851857370501,3826.028376740173,99999.9999997126,5.936161465650119e-06,9.586601231273167e-05,0.008788856827074715,0.08134559484490414,0.01369920097727249,0.021571913483233944,0.35312107781731283
391,-773.3568801542274,739113.5077845923,701098.8047495083,117649.68992651544,62608.570627396126,55127.677534940834,52604.03718574206,27811.114454616305,17291.799479411042,2231.7021677404464,3055.0478890576396,2699.3029507505053,333.048618191203,909.5023424120402,139.1366168917186,28898.409647953576,36995.87185344641,195.96922945669425,1634.5613758545587,5837.497655759058,2947.577275744355,5.408044589034171e-06,4.1919507797541906e-05,0.01773938345945378,0.04934641135519978,0.011203836887441353,0.014822814350610329,0.5334836419005046
392,-865.1398673093732,725343.7801493214,689541.9868782983,118104.58524361321,63787.19122725486,59396.31586511941,57073.474026152064,21974.632226641323,17537.52779891931,2210.1111043018736,3255.4093516805688,2741.173833002291,393.1195006542395,980.3965641388484,143.1427181055476,28811.93488663428,19082.687285604025,175.2620064598306,1612.4610460869965,4640.42053613411,99999.99996818387,5.575912154360133e-06,7.269784216173164e-05,0.014644077738475564,0.062328854164131135,0.009468319017507682,0.012312375178863404,0.5220724424641616
393,-676.7813228741741,729664.166476777,695375.8047684561,118571.88367755263,60712.75014752345,57075.53810716575,54561.49917160473,34453.27040372008,17430.894889563686,2221.0511056403534,3078.4139998334695,2655.430929445133,270.22204650778167,836.1897209876033,175.4130624894425,27423.080216140992,44284.2238495047,208.7414941736397,1778.9318847595362,14814.883649631991,583.880628079839,5.984243201863782e-06,2.475694763375837e-05,0.010278434356602115,0.05086120169638424,0.014057057235621777,0.01815446608604119,0.7775817591889675
394,-837.0086911479252,756939.445557367,723955.5462015434,119464.23918187445,59732.43861555199,56257.58608047096,53450.1893030906,24298.926844433518,17204.397452405774,2263.5013255707554,3106.1374816063153,2524.9707627574594,247.61373412701192,907.8797255046063,212.64796281084813,28151.485118303426,28198.302699801512,223.10664296389797,1673.1530429240072,7563.344464358235,2585.1077833246636,6.4449162698960875e-06,5.5864340818352746e-05,0.011315250099586213,0.07045990037766525,0.01312381021670184,0.01578425148277655,0.5248162121662456
395,-794.6361131978842,741475.7943791881,711691.9684041978,118701.75250047166,60218.75852087085,58232.919491879635,55602.62728507777,20116.868887209384,17584.665664214703,2379.5347481735753,3113.7847544136607,2700.3834187130115,226.26154828681823,780.4016766603239,188.20186569481308,28618.50596903272,32149.699822737217,210.26250266311692,1675.6064532785845,4748.609850493271,3593.7062334607663,6.852765789562663e-06,6.1010476719292704e-05,0.017797238114345252,0.04755669027227456,0.013145833957651397,0.022306084390187043,0.4886103621547543
396,-625.3808220943135,771768.0848936522,730015.608914533,124159.69264925171,60715.91949383327,55801.22774127587,54450.53227683862,29480.394811729846,16830.537029460793,2081.3217825293623,3316.3075633720077,2601.7912455420183,274.7069078524418,801.0441756590918,565.1797318091856,28717.329987174802,47533.312156776556,104.6076837470222,1545.0808208065896,7489.310668199666,2480.9058025313966,4.582505661293468e-06,5.74048006698292e-05,0.009782456518338334,0.06452594409651857,0.013271060277415724,0.020281718864037516,0.617602096051949
397,-820.0194395348569,723418.5129425761,690145.9514103166,119879.33457563058,60437.86159468087,57020.3937814559,54217.399514385295,21194.08016609051,17553.682313278063,2173.3928508927766,3262.838994358424,2557.0501228238336,241.356041905376,966.6545162372207,278.9884112728632,28659.556848516535,20129.557662349383,202.1953059235213,1474.3839703379783,4938.417411159525,99999.85423709518,6.564707557963632e-06,8.269621596238541e-05,0.012661849797373899,0.06492034677624631,0.00991708063505164,0.02536956496909117,0.48983739764512596
398,-781.1351019627662,736183.9588395316,694209.6091757297,118045.18743126039,63890.67484088449,56366.31328054416,54076.906577403395,19671.713885483365,17081.426067500932,2435.609827813205,3129.7738856835863,2530.0213161737342,416.52050375308795,948.3084689957561,131.35526708198734,26586.694670350782,48789.3023498081,188.0776885538832,1763.198115159946,3808.93687425149,32093.589633849664,5.522879717153044e-06,4.2469461813352394e-05,0.015948335061644496,0.07517638208495735,0.01026052348112093,0.016733612849615172,0.46089340557744124
399,-677.2806960065803,732198.5826252314,696695.019654022,116583.9203674335,60265.44210679515,58190.45729848011,55750.588269334345,14755.014429689814,17542.568267130784,2225.4559888262684,2973.787450408082,2542.1512734898297,232.16005877055355,719.4738889443906,57.140919699041596,28866.834491888352,20335.99413382146,168.68509538262998,1535.1270725368495,3856.1798163786275,99999.99996354296,6.082849898639164e-06,8.373119911049554e-05,0.01057534733391801,0.0714598740245918,0.011022171616889422,0.0131722658052757,0.40857138231103357
400,-855.7670552775432,744043.9061446006,715720.2038970061,117802.68518468208,59440.631731191825,56097.936426684864,54070.27699024557,35240.06285687779,17429.41996160872,2157.1558757361217,2938.7404019109763,2685.818763012689,210.12316912111814,739.6947555051989,142.66194487843694,26791.277830148494,60127.47596212769,192.3312906612333,1750.6960399127172,9539.576840671816,706.3367158835193,6.540627713207031e-06,2.1102503126909586e-05,0.003739333467221249,0.057455950014161254,0.011282753147956143,0.01916243221177428,0.806673360935893
401,-888.1629138180906,715162.9646230767,673761.6334217343,118981.62977377097,61109.88796779879,54832.612435288014,52823.87450373091,27682.667447290278,18183.602119381678,1980.846852826946,3467.573392132879,2602.692606130146,310.35208170221273,829.2508500553827,224.4223627922171,27727.61738972121,25496.566988632323,142.01680013951963,1454.479960029065,7055.722410219612,7355.026101949455,3.7673534171252635e-06,7.469167103581165e-05,0.006026882022365319,0.08657500497362987,0.009186152194750706,0.02152637806235642,0.5634894675293803
402,-795.7101125559395,742066.0894100338,706930.7128760575,118419.82162962681,60665.56145348422,55403.835680262855,52869.46394441245,30807.02243390808,17611.841328631326,2346.637362906331,3004.344478297425,2567.161718427018,279.6397700433241,917.5849262902265,167.37435293336696,27806.813156459888,28493.649177970037,202.15291042663543,1775.9135560139318,18893.040865701692,1485.08251084677,6.107877213630082e-06,4.346772363269383e-05,0.008023773978897718,0.06454422469711543,0.011515461413068211,0.021614081406116346,0.6828835400634081
403,-767.0043800674943,740183.3566679561,700685.7356024944,119316.10238116804,60004.00809750235,57076.12559195399,54801.17251174989,32901.65017533653,17306.916090693834,2252.6913679886493,3305.8680776241326,2787.572761338329,239.63095302036498,826.5616426988224,246.1484733817409,28062.804342353924,31396.04865792873,184.13322870384803,1516.7241237712697,21319.8365376674,1111.4425531132024,5.017963363152058e-06,6.4342561039103e-05,0.010078448841196463,0.06619954625020054,0.008153434730434533,0.019296551343189472,0.7357385277145527
404,-685.1725282204495,745176.0718574816,709752.8285119564,118036.06768304223,62395.87651790102,57224.60178464448,54684.54316808207,23487.13397904795,17117.499254774088,2366.08176981726,3177.7378751849174,2729.1860797017416,358.47835720191586,904.0570803810508,163.36482502179655,28839.082807251354,19689.991950557513,197.59991297722212,1524.9818787121865,5806.214338360375,99999.99997860078,5.7351079143039265e-06,5.8083236493052354e-05,0.010215665945262804,0.0503424135597372,0.009908457403683221,0.015222065389479518,0.4908685991445002
405,-770.3356780176082,730590.0852788466,695638.2358083742,118950.56122490123,60739.22214017204,54392.91387192543,51770.8366192533,26244.435413534666,17507.41472202345,2339.7994503716977,3172.23378762298,2585.7345230268343,246.65848741507983,777.1546097245347,214.95029253190629,27125.667776254468,31789.658801250775,219.74040871424353,1751.6414933688582,5015.231060109496,3129.3430018576814,6.437550090762964e-06,3.769814121811635e-05,0.015409186476771627,0.06309764343390409,0.011334069097883547,0.01691247450530627,0.5465743530481673
406,-580.6679311907442,792160.6502293933,773563.27170912,116122.34152867037,57346.831928600295,63347.1408487598,61095.96802158108,28305.414881645785,16333.864877483684,1389.0961116295248,3110.110761024031,2736.903248101584,93.68257465915894,681.0392743922863,41.25844867780799,31236.698027732506,16939.229358550325,182.30218666871954,1425.5519052521745,6346.728736085934,99999.99999825706,6.4262321395741505e-06,9.872517946215449e-05,0.020199916004837563,0.05289836833125664,0.011740300643106879,0.021327045070048383,0.6542744189819456
407,-937.7942227861171,745585.7990508225,710458.4658048934,119841.66070017878,60836.66337110444,55507.85195606465,52921.70670349267,28054.003986466923,17184.67991563134,2296.0273047356604,2856.5571990834715,2605.4894540718715,249.74104426530914,830.4333200578251,219.9149611187162,28194.82510326925,29688.5706973931,198.31529860609643,1432.0703315726084,7710.934012137908,1785.9217486080054,6.459074735838142e-06,6.928936458839202e-05,0.011187451572703238,0.06661040327816356,0.011030576017485416,0.018314672517996785,0.5852357134621294
408,-646.9619584243123,723617.2130581563,683612.0998893522,118508.8344503209,61173.07074593489,55109.63380396322,52387.58415342291,33096.57866307003,17743.52406069028,2317.6842581130836,3184.558273726772,2746.973377987736,291.0742916823654,880.9974063524488,132.4050767482761,27057.784337668523,48413.45300764251,189.67990543450105,1609.6469930919864,7430.820426064889,1379.0956680777895,5.646731524841612e-06,3.334626223120587e-05,0.0057919211245367605,0.05726812510487235,0.006610404717917447,0.0217177852810795,0.6263900097793025
409,-752.5992473392054,748076.9728441412,700274.3871530716,129619.76794618837,59030.92143409174,57725.818759516835,55875.75512921274,32053.138111071923,17209.453064666777,2250.589101694346,3413.06119377855,2790.776890854648,165.66921810736378,818.7692660848048,798.5140596462646,27671.790144733004,87414.80965271796,156.12946215140613,1790.8355148363273,10604.292085427289,23979.52609739797,3.6796537551355e-06,4.10325129817586e-05,0.01354188826603475,0.05440146796533916,0.014162775317217918,0.023057843383144608,0.7079339959070942
410,-1002.5217649700332,731890.1210531902,693282.1786349326,119480.10069093903,61240.89698714404,53523.39160335964,50881.5489473366,31259.983967469263,17625.17642488722,2284.489323999119,3005.6350658964802,2574.8414390593725,301.43560075264975,898.8341042942044,238.9280168998931,27229.982056872424,45772.20102536931,208.11598916337422,1793.5001996332942,8971.62167124563,1822.0342245568104,5.544623252804107e-06,2.5372202646792366e-05,0.009712029115681992,0.06539899023326587,0.011311487464411225,0.015425583973493709,0.6175331872402126
411,-719.015865257149,760136.5766822083,727537.1628805043,119570.52335801133,60265.533164766144,59144.10164527224,56569.835965765764,25330.18784878192,16952.609421843637,2260.5825823722826,2992.702160421094,2523.2121691190014,220.3733194175863,972.4661154917694,241.00374671476894,28394.94970685341,26883.28761050045,218.5997645816621,1675.4040677477374,6992.261699419238,5242.26740365152,6.474436491142773e-06,5.3369879034969526e-05,0.014570396292969577,0.06175673490493266,0.012032452128340957,0.02396492171034748,0.5596055816552757
412,-701.5566894908177,753415.3220646644,720070.1731252836,121026.24976242083,63963.21014302161,56582.30639397419,55283.45570510986,28562.44202131988,17377.18733898224,2516.553083450844,3043.847953905581,2494.6686035378584,442.59867838337846,1009.5012862199804,393.96587234979046,28277.187139346617,36258.81526790829,102.91113134209394,1518.5138677849493,7893.149280036915,99999.99846925685,6.4138323192749515e-06,6.857472173855673e-05,0.0067363668094626745,0.0550738199110953,0.016398790425139576,0.028961151442148596,0.6562639706133907
413,-649.0794734602594,736125.5520495157,695121.0268345993,120098.8285756664,59677.65185557757,56835.22094254359,54749.66455629962,23040.220665191853,17374.602066333937,2468.4151114397287,3188.2775856123267,2856.508814722271,182.36987993861302,777.1352976916476,269.6333872221312,30360.430632191248,14346.479953608883,133.4404505220675,1439.8559342381975,6342.104978180617,99999.99999999932,5.395699556475386e-06,9.460102329561294e-05,0.014236807737332694,0.0444463585860801,0.010597926500426567,0.01875659099946099,0.45474235967645654
414,-864.9466931569382,723443.3428124973,690862.7560431865,117983.1738845231,61264.937808830226,54036.66514027973,51524.052180929895,26083.60998929595,17630.369169338137,2313.1130802725083,3051.9002234604286,2655.180992147882,318.1991954165994,888.379531889865,169.33372077019928,27397.831714715667,34613.77645333901,207.98362655170752,1493.0310163535003,5736.06811141998,6316.538295115242,6.323045251813298e-06,4.438893090002716e-05,0.010749060599350019,0.05632856814411589,0.010842602421908312,0.019861563593344372,0.5246072204503986
415,-646.9142427848907,742403.0755043596,699612.6533333011,117617.0572605015,63370.08484413589,56110.35836757499,53610.67129091033,28952.149657260834,17274.661194313776,2409.5873076356847,3132.1542309753104,2772.9093365528515,345.8197897756897,995.1035306764628,157.88647199807914,29180.510987822003,29247.518543918068,193.54094851095,1452.1667203472516,5096.71430453267,34629.09305807176,5.671481159398664e-06,6.961149433837669e-05,0.02098226051863437,0.05394281179591024,0.009012169630420133,0.020945357174082635,0.5753247244130492
416,-880.8796606134088,731795.7053107366,690299.3929428677,118601.23762694652,58564.40272106705,53387.134024404644,51088.68447890691,28555.37678476607,17355.77105157842,2189.464462191678,3136.970034110354,2854.243639983942,139.11966438752012,649.4812771101914,154.7985994090612,27783.294871247752,26012.789412366634,176.03686569585886,1427.231029643885,7905.475525467999,3710.7151077635153,4.42643407887698e-06,4.827218575232356e-05,0.011846054031784011,0.05354550361538238,0.007148389779978251,0.02428668032101417,0.48553823802004
417,-816.5312507493434,738697.7667783368,698561.2245237248,117619.17349548382,62124.51551689971,59960.56138663802,57780.04568804976,26211.775210330605,17393.981637208457,2193.8551830087777,3272.369789418004,2587.421063168226,286.6993350143769,916.9772059633656,170.180723629724,29754.777900315872,21475.47002495251,180.43244855728008,1420.6774558448599,4254.130847217381,99999.99990435013,5.3984820905814535e-06,8.175769489227433e-05,0.02176021156531114,0.057935053390296434,0.013885422536034276,0.02009344750440555,0.5758484354088865
418,-749.1690243861469,737611.8871823285,699013.5276720277,120849.87469139026,61606.55752073508,52818.02882640373,49968.02956479678,35387.363745378716,17329.724834449462,2408.4661309993253,2998.8599763231314,2747.192940974818,298.6795882510153,1028.7034635721286,378.9302252753269,27425.69972977624,44470.710038173085,208.25054047397796,1583.1608768340614,12457.487490046651,1588.6282477718476,5.640877503039888e-06,4.231119638225547e-05,0.014774649713243118,0.044940203917441114,0.01060968181498065,0.018667025262362875,0.8024154570105925
419,-689.5903751890883,734849.4107394567,702502.6403761028,118806.16191214099,60779.63083988882,56872.11227279353,54477.91449981392,35266.49230872946,17468.08117106733,2270.7208547577593,2925.5155603056946,2636.7896915262127,311.2491445043212,840.3561551748836,198.00730005656058,27585.74172734199,35788.087669818124,217.1852354292667,1589.1511828269138,13604.666191864468,1376.332880083507,6.339891013886219e-06,3.660616758934999e-05,0.00654197726378952,0.06639212940282052,0.009479255959729491,0.01881457128779967,0.7629328665136516
420,-745.8576659066192,740257.1411424365,709089.3041244851,119971.73088295864,60313.40521864094,56960.414146305,53968.26566598145,16446.968791708874,17123.636671862296,2284.057466439798,2943.4542432495778,2584.8257899118275,239.30597475887544,772.5363790272826,229.95073508338626,29365.826997801356,21024.094794396475,207.40651084974073,1499.0353140534987,3905.875210756592,99999.9999979112,6.792100684630412e-06,5.9690922636477567e-05,0.010879751952862358,0.04833886956584752,0.011313418297717008,0.020713863353555607,0.3779574780044086
421,-846.1621665136216,742493.9769084766,708296.552680283,119074.9826966055,59694.28117122217,55630.728870638275,52764.36104990094,32437.855226579904,17408.828764127033,2176.6645526131215,3103.2195195149634,2492.288379795677,247.62655894053717,829.6758104807866,198.9785535787045,27628.125441800756,42714.066871558614,210.39802450698613,1545.8366120487465,8273.310153204226,820.0644538101595,6.5716791453193595e-06,4.460719647691489e-05,0.002395236865251314,0.06040012927602735,0.015231325574009838,0.024615400219398814,0.6661172000349523
422,-874.079826358245,744528.0984526939,719694.6843905915,117547.4074392548,60330.98420091902,60706.241259722905,59553.783784496016,29395.06834116675,17436.98150589652,1294.910572325929,3303.313778501909,2841.1637973735105,250.13540069899815,831.6767429973928,131.74360444896104,27895.27408126823,28753.180206768797,103.96587349666265,1566.626364417845,7535.032922227953,3093.2147591574953,4.927944933140727e-06,6.441594616145101e-05,0.013558342720430543,0.06213949856256256,0.006150254518708224,0.027951838273004386,0.6462620185745803
423,-712.0432042177151,728300.1255626095,687680.8057180368,117473.81086812315,62784.06772021194,58339.76502344103,57560.35135279264,27445.070423021374,17331.07882962447,2739.3230516794983,3176.9227749747315,2648.4137094747125,437.3626647124671,1086.489380809047,119.03815594280589,28896.50389600513,39918.263256658,59.828528932478214,1555.5825455446488,7331.9920901935875,3435.1906783181967,7.037005929533336e-06,7.192938577893748e-05,0.018755456638186195,0.0555620081443965,0.008247135593889546,0.021667309407708,0.6589328785636639
424,-864.9846142821867,754139.2982567499,709225.0591025423,118038.6001085982,56355.638198495566,58925.57658546857,58320.40705180482,26302.97839843472,17283.59948361918,2084.649614837203,3500.4534904377647,2838.086191484688,44.2709613070935,595.8301306130228,155.78808313697925,28768.781774763735,19858.381453812115,50.27610885153073,1545.852866364629,4936.525949579379,2744.5138558264593,4.052181025851096e-06,6.510432986098791e-05,0.013582159055684445,0.059140529394860204,0.014323770115659894,0.018448864834161978,0.580854378387414
425,-773.3521261393646,749835.6812781807,709407.1671188152,120359.37851818692,59149.96003625322,57750.88330245479,55654.17318175589,25212.666862621143,17107.906870404255,2518.4536731044636,3048.6885979789413,2672.669172923906,216.2217494287959,837.5459200665707,300.3986052704583,29337.76766738245,25129.616645419956,162.84446229333744,1440.435944712249,5296.142642426833,8742.30486620939,5.855856848890153e-06,8.389715282050907e-05,0.01591361068425409,0.05526408399614943,0.01104712484720119,0.020156613074976487,0.5501782554736051
426,-1118.3898479890058,735480.7892599937,690510.6101505135,116051.2660775492,62871.730887477956,54417.816242128916,52260.73197874241,26566.286875364924,17437.476123511016,2308.548864198984,3446.4246018413837,2698.6053497942044,362.99463217916514,998.6519076711147,45.520810312310765,26478.63364196946,52178.11244933749,186.6991237898413,1686.2830263043866,7781.757352011942,3572.0794100323687,5.000256038208135e-06,2.9680779130958895e-05,0.008965917872673068,0.07551253581792793,0.0079901991590254,0.016018897254446326,0.5643122309661714
427,-657.4948815046648,743310.67659163,689200.0303396307,121017.35109054008,57541.19111619017,58222.13874753326,56496.90307345919,34640.8727652599,17383.00664857907,2400.121799175866,3447.2282951342,2919.436335899085,95.24583076997747,625.1067841899021,448.96071332497405,27372.977922790436,36358.00878719528,182.52595052525163,1500.4077321717077,14649.042245460698,22087.13075540525,3.295406891977261e-06,4.56130808901869e-05,0.01305389202658115,0.05867532338418289,0.010643686492089131,0.018907498115247688,0.7913780905788936
428,-593.9515104521298,735295.7320091134,707068.9232074564,115982.34050198998,62454.26397655318,53332.71501872128,51509.84154144305,26254.077611858724,17376.335980429125,2290.9531293311466,3030.2067828427566,2658.8938867253964,364.4530518661537,1008.1754644988221,37.08954555577093,28024.957343724323,66289.31814851955,150.17931279698243,1751.7103685464938,6417.033376119296,99999.99999865354,7.4437232054465555e-06,2.4407898212363274e-05,0.021723264273096805,0.0446642420217876,0.009051510161379315,0.018405864135265165,0.5394911547855261
429,-771.8636713918568,744964.2764470056,710769.8785695335,117443.24209864963,58230.00734342745,54094.66033254494,51137.92516407281,17536.82327032334,17098.09142886463,2445.471827680055,3081.7954954316524,2540.395314490766,143.4300424681654,695.4689203751733,115.8768883297851,29211.271724102204,21132.096834031607,210.66483557322175,1645.5276908510286,4634.004822487022,2041.4328921693461,7.054985878086371e-06,5.7515587545779133e-05,0.020520591173106124,0.0578422974008265,0.015342979343616234,0.019008332957026145,0.3674888826808508
430,-757.8116605337436,751167.7806369205,725883.2339120324,115573.22806537281,63011.05390966801,55799.741249501196,54289.57094377203,29598.97516292843,16971.8618283666,2006.9432181756956,2931.253364579563,2500.85727336105,425.1514842332263,1085.544254162334,28.788102188847088,27842.11422011208,35992.511314705414,116.89680079450939,1594.9263908630587,5090.491061772832,38164.059775461,7.554102343818921e-06,5.969615924740322e-05,0.008814925539346147,0.06154698534068742,0.00916483666625488,0.030510160517646257,0.5952747091707767
431,-703.7025951652502,765709.4976088274,721192.1114151323,120008.5050351659,60779.649924754915,58659.37759435006,56424.16518908218,24207.976829956428,17164.612559966252,2279.811846532314,3375.1532984667883,3005.5028679267393,275.38107220713357,929.6308416974156,271.9198436028947,29165.96408157105,35190.575658273374,198.079490742661,1618.2014863558186,6440.6158152101325,99999.99999776571,4.3262965433429664e-06,4.6296241517490576e-05,0.021201206366384995,0.043695627950479696,0.009248837913792992,0.017914366235608065,0.5437522281404898
432,-723.0477934668788,749701.9391454941,716844.385877912,120925.33987102329,63902.90823611825,56609.77737397345,55997.90707287425,26678.16977362542,17136.58972081417,1900.571779311681,3160.0851102353245,2723.0297656934476,453.2270601127867,920.5320739138081,339.082284549919,28278.707814077505,22471.881094798333,47.74667091137733,1474.7891588541574,9663.937385870155,99999.99999790872,4.79986876837957e-06,6.690455484782605e-05,0.005330544326700858,0.05188224165860242,0.010594169459240979,0.027796709354096377,0.5479596580087784
433,-810.6898765579377,736765.8584637181,698007.0976707801,118679.85334248481,61325.162154724174,58091.373122978795,55855.20756588361,28719.884803793524,17673.77147098879,2269.717904869372,3171.5618534837067,2583.6800588660753,227.4834488312848,823.4205982300783,237.5356045178223,28438.777566071098,34854.568736554924,201.38764967286465,1626.5740523865181,5019.890304797663,99999.99999946392,5.488686236220261e-06,5.1424669256441445e-05,0.014470220092843317,0.06650822179330707,0.014499312858783734,0.01662205135596393,0.6210820863257657
434,-934.8022585610238,725692.0297097581,689367.2847219985,118227.22240492256,61322.90321689942,56780.09695601247,54510.67790868134,31332.564445321153,17616.00618045732,2354.4572558082023,3165.55112839979,2621.086573663216,282.82548125810115,890.8253455808281,167.18772811231892,26686.424394969035,80080.42452601079,199.21241160584444,1662.4658547775002,11238.818299695466,2824.726965763353,6.155962482042578e-06,4.033946267528542e-05,0.008542017732884741,0.05938323399835288,0.013858784920489546,0.01964594699502098,0.730061564809085
435,-808.1946961482718,725136.299270345,687139.6755190142,117954.14966186539,62597.82804315713,57948.049834144935,55779.46726739754,31882.11825154522,17608.720253207277,2206.219173412481,3153.459582226456,2743.2887972504204,346.7504641755616,901.2284620392205,137.66741035339672,26641.831078791463,33609.71667515414,192.47374776316224,1765.3351872367307,7215.322009851124,935.1128853510824,5.399334044130381e-06,3.41180658013675e-05,0.010191950679642972,0.06262486155436754,0.008457820839425147,0.019813835968335854,0.6918088669365412
436,-782.5201255394609,737841.7713467794,698392.1044110502,123525.45696930216,61664.012040868096,57318.37875229924,55747.2070237333,30458.28232121716,17488.48692044268,2452.88481045173,3317.488327310422,2611.9872535915965,338.8293469558477,1000.1181206625199,464.0705087695879,28267.71769602689,30399.604139922147,143.30762243030384,1554.009634496326,5102.5727069234235,99999.99999992257,6.043652555456751e-06,5.3917236949504e-05,0.011351061023711875,0.05824145361344644,0.012005674340594654,0.015053714869619378,0.5872411472003178
437,-947.2144224376159,742246.9704920264,703231.8740925182,116666.73079734897,62768.599750780595,57118.50193372616,54808.10964738,30673.570365527085,17711.151782666155,2194.606340699427,3432.161411695084,2615.68691917254,560.9546356053945,974.2574921537537,89.48556970826048,27698.265423927212,30953.752291226003,187.90129860187884,1732.1854438653402,8550.419781517061,545.1986180682708,5.621280727536175e-06,4.656727543726991e-05,0.005848086691633212,0.07043821919145288,0.012771669562736444,0.024916013486805742,0.6396369731929357
438,-911.4124948675499,757599.7536137674,724302.118909216,117530.89808671334,60639.83259987812,56468.49302746621,53840.610224123055,28230.249650537313,17381.67990944023,2318.8422311092163,3103.942764995192,2648.628836596111,298.0681896013314,968.4848553753387,176.6999203514179,28493.252382798284,26410.55279950576,211.83563598681042,1536.917774668787,7684.787894275148,1012.6186751874978,6.116816906768458e-06,4.757899697527758e-05,0.006942873906968786,0.06052436761099389,0.01253264121044599,0.024599389993959327,0.5976671679687909
439,-760.6379373618408,754112.9495725508,727328.1352135572,119216.3354145417,60224.15773365297,57314.53443460317,55131.93481189016,29442.53466237498,16813.56800155458,2412.4896579504352,2919.8491646709376,2731.267774121908,177.64231256359466,714.0989259567284,230.48722994565995,29043.481267981133,23865.370365891344,188.91250187857779,1523.8052788925304,7277.0347171658905,2016.8649049011428,7.052678259012804e-06,6.284285109146677e-05,0.014376198603143453,0.03326540533299752,0.012843410809406902,0.023485729662005544,0.6583954933410018
440,-825.505054472472,758243.7688652305,713547.5352708321,121222.2924665318,59255.28800981697,54703.196492504816,52329.57007095603,28713.088717158324,17190.12735586095,2184.840452306391,3624.6489364044646,2602.355900070476,175.8928443418009,819.6782733908453,453.6621158413544,28229.61389086311,34734.013848797185,188.21555518708897,1584.6724461947713,8007.41102659908,3198.6622205565277,4.174392901287835e-06,6.190030246568965e-05,0.007118697725589766,0.07958603503943196,0.013221076847652403,0.020029355957489486,0.637442400779135
441,-611.8145226975321,749516.3778055551,713809.2075673564,117899.3525807024,60737.84103631977,54525.497885954814,51640.017369965746,28476.075904165344,17353.264398645904,2310.41078988177,3042.7467198748923,2595.7019672580846,323.68021502461363,904.2887396819808,163.48357279030574,27533.608814170104,32505.41990392395,213.40180930541288,1609.037235704395,5331.534072741532,880.9011585586743,6.256442407497374e-06,5.616424144425049e-05,0.011988247467655585,0.05858416357076068,0.012577529518896938,0.022656486861145644,0.591514484924335
442,-713.4853201888102,719890.7666597529,687030.6198635484,116980.23104504238,58626.98776029828,55962.97141329898,54784.33513218834,33393.851820542746,17149.197875577567,2189.8767648378516,2964.447653182096,2776.953669236353,151.1185120337929,725.4415214202454,69.71750643410401,27579.927928935922,24499.659366461172,106.5810297515764,1538.362065723987,10611.072660097134,1189.3490178483632,6.387811278773584e-06,4.325448250717258e-05,0.018414251140334636,0.04773223423954546,0.008278798516345028,0.010681849047793334,0.7154200132115981
443,-778.2530490164104,745255.7990901327,708066.3202236653,117610.41777241234,61566.96080639802,57167.54394571457,54630.01168622741,30943.959170913655,16893.568944544255,2257.329173739626,3121.8980689488126,2787.94295927011,313.81060001236824,794.3373683129873,131.4298828291311,27750.4779721391,63084.39896070154,213.5909764326557,1647.4569596768895,7381.456383357408,4676.995895091377,6.002982420347981e-06,4.524008880622977e-05,0.01414917259651844,0.047247865949076207,0.009570789069874162,0.018437107678640964,0.6241370400539283
444,-816.9451405645257,739077.8410159963,699066.7283744746,117787.74919235155,62316.434398453544,56838.61422468302,54718.96821363342,29456.9101336826,17372.11982712629,2381.062165397886,3007.4208881155832,2635.7354355919792,382.8573005661112,862.2042403396174,139.3256950954356,27761.224232764125,43340.20379690751,184.06945851280284,1692.269324435171,5526.777960860941,1329.343382981743,5.89839163441057e-06,3.8295060873240807e-05,0.01199819946393062,0.056351162099427414,0.01083066033423146,0.01832559861629609,0.63101472743537
445,-832.3475574976919,717561.2475662776,680131.6221356866,118464.46271742442,61469.74704163734,53812.69362621984,51429.69258813452,33423.58214624062,17794.58401962878,2275.2009222071197,3073.0259923320973,2703.7882928176896,345.4335364574925,1048.7239628132245,151.66708832090566,26029.072114097922,79352.81651134306,201.99328328103812,1805.7467411812952,7794.742137945609,2757.290877197826,6.0137074632003286e-06,2.6222605264836183e-05,0.013061057399376687,0.05362443867184732,0.008670746225637491,0.016296418225088625,0.7583822228475761
446,-903.9377652988924,753275.2462422566,714382.9217781568,117949.7117481787,61623.064272549535,54701.77857129603,52020.83049769799,26270.57154514969,17107.972578944464,2293.854999452979,3126.6512654268995,2683.2946903381435,373.7259500428634,894.584556233816,140.48509953052917,27241.02343396086,22594.875259257777,204.3717154737093,1528.8008382139599,5983.157515820551,2199.5624991737304,5.861329128028253e-06,6.134216460823085e-05,0.0201383874165695,0.06246993763575493,0.012746895087115639,0.018365813389895215,0.5268648827996538
447,-675.2850325825683,730376.4858338233,689736.2115117181,118043.04441512888,61497.42453228736,55575.07920480984,53288.807903369474,32750.62998852963,17083.733065913668,2374.198938428151,3052.858219404522,2727.5429809628226,318.8546163157175,730.1926056718306,166.92279441234308,26874.184245164222,89675.41255021055,196.39010670971916,1759.3039366420994,6664.607037410566,1368.9435288826983,5.2329891186072805e-06,3.0496784046455534e-05,0.014548608125115589,0.06192901279852348,0.010344986489045178,0.017578394948789877,0.6783036338033043
448,-680.1836738881634,751819.251334221,692608.7949401404,131148.25428098178,62427.818162474185,57120.8390523789,55405.567374961276,26444.19541681207,17085.108080845665,2607.0957306182504,3178.879633656413,2682.739668382858,402.1068867430492,948.2384752194116,994.7172976935353,29132.72541006243,27221.6334052936,134.8076185828301,1494.9638893164035,5490.293585258167,6456.8592541698845,3.1488846112760737e-06,6.752876910871314e-05,0.014970534369540194,0.05355425673677705,0.016044416518386596,0.016241831030595705,0.5638563569479308
449,-851.3020731539974,772105.3910643574,730795.907912204,119086.81718085459,62855.19293425222,57567.05174691966,56885.42747867654,27358.256480052783,16986.114324989445,2397.970001278005,3157.113892949319,2519.358536324295,411.19760879155865,870.3480060717665,203.1058147353054,28989.784700132743,23654.938444080206,57.4786285491658,1620.3875344432706,5671.198206877788,5983.711844164628,6.010226073168846e-06,5.880322638718392e-05,0.012996880604867533,0.06765145843141027,0.014328140176100122,0.018816321981589158,0.5448146516784499
450,-897.9208778888649,729114.1647547584,688956.9069196972,118469.8439535313,61360.00097658732,61240.40871473924,58543.356768788486,26662.82871011448,17554.509697619684,2101.3227534955295,3301.174490629494,2737.1446100757726,310.52694309195596,865.0833439505616,164.5433335653706,28044.744917448465,21348.452095437548,217.1365210683276,1412.0574839936448,6080.55804608947,99999.9999986944,5.3450970417620404e-06,8.474860647382172e-05,0.012194024217997179,0.06287277792904492,0.006541798843074611,0.024554750643256688,0.6107782588374779
451,-720.2681043679797,762569.7602287643,716686.9967314085,121089.35641812855,58206.47491631959,55795.11454922596,53882.6951400375,25002.443667184227,17122.323536235315,2428.4908471028075,3263.812210085494,2855.7203009524933,125.92165750528088,815.032121913432,358.65507410837654,28681.558069456747,64391.60165342834,161.4009044257117,1553.6161390599323,4671.060785457901,7555.098477623958,4.776170312900866e-06,4.575500859382276e-05,0.015172764378824697,0.043955754314390395,0.012388502132921845,0.017471191257458128,0.5455559057540023
452,-694.3526157959443,766734.5272056871,718321.7490518444,128276.9201698634,59745.58507759421,57175.8031780305,55521.96797573027,25681.781227375475,17018.5184372736,2535.7904175523304,3306.4834968273553,2811.291593505619,211.00953420244625,1271.2562681715692,676.9864658410335,29490.602205593,50140.009040895755,122.18981612331882,1664.2756503031544,4611.985041976896,1757.3729406310254,4.692760262395003e-06,5.968315087848693e-05,0.0055592475016440395,0.04280480529956094,0.012269454702464044,0.026967210836497238,0.5827768488297576
453,-706.7584257310017,755136.938639486,699848.7047870234,118355.96609134678,60360.4743946703,55240.86367024983,52338.18416550016,10000.08237176704,16963.943714505356,2439.800305765901,3391.5744984667904,2736.6969371933455,233.19133248725979,713.5005656428028,171.3802841473294,29032.705792542474,18768.914247971483,208.1301624816262,1600.2145592922477,3185.93969228021,8304.65234397843,3.1066355140084342e-06,7.7566123732723e-05,0.012620824686117025,0.06946479009664909,0.01736508792491799,0.007704498898451557,0.3704963886694604
454,-825.3162174242112,733654.7104185998,699691.0479828683,116802.14738387932,65644.9642842913,53556.582825304075,51289.88211095885,34415.19681192507,17543.571149339456,2264.369695094205,3336.6207100013994,2675.2599145292243,539.012201378381,1084.4194634149628,99.14482250385102,26794.41448624888,57399.270854086666,189.40087274100216,1665.1674693225468,7103.050780224384,956.5394442338654,5.819698109397617e-06,2.979055744658151e-05,0.007195967474562591,0.0688621263258054,0.005789661630593401,0.01874991161043167,0.7068604967484731
455,-758.342643412385,753588.3318552664,718477.003355504,118348.16752913037,61155.74139294752,58846.53969261699,55932.5334432417,26809.242258834976,17191.437953390465,2172.3375675010325,3231.1567421519376,2595.474625236103,283.93144397101975,867.6394680388136,193.87220346630843,29986.561886164636,25587.9996540579,205.50899018538706,1546.419699426648,5474.2251667159035,99999.99999838407,6.1792035407566645e-06,7.142585290954224e-05,0.018935581242087874,0.05017195448095246,0.015470708023841893,0.023433143163017603,0.5534466657529411
456,-855.7972106545799,724468.5543279011,689962.3153478223,119525.04278528885,60234.20540978663,54218.83101989503,51811.71953513811,33627.25331750056,17552.454399101178,2242.603370821656,3036.315435699476,2652.8074379837267,246.7463615261567,833.6932897980183,228.39853941163503,26366.3167954814,75903.81235021826,205.33852897256085,1725.9588231679272,9887.582365301545,1093.714354778028,6.233660878235696e-06,2.6467537927398808e-05,0.01232474562738159,0.056566364756611566,0.010406671077652125,0.019512908973397452,0.7400800240389223
457,-852.8041663314859,754209.6704127332,699676.5643062595,123559.24663963172,63623.08638912495,56466.00939388088,53620.891660539884,15810.063771855333,17068.77378652555,2433.9290605862298,3788.701560225678,2893.294827926478,468.9580432620858,1076.9862871210114,545.579276291371,29453.29550512401,24729.399864628824,204.00559837108503,1475.7488104916995,3994.1444428222185,4355.3662074121285,3.1917280815814665e-06,8.140463103069846e-05,0.007526804173537146,0.06573879983855836,0.006793976702273066,0.021032257439936843,0.40955209859583047
458,-808.7690700342206,738344.6132837603,694855.605529663,116726.47178409084,61152.14335843611,55739.905290134346,53309.45595596898,16590.019813794086,17317.899323164318,2429.127196090435,3111.255160791715,2607.890099618689,351.1739550352314,828.0568085235519,93.51246956083783,27569.33163718883,29829.567344573985,190.59859832958685,1785.48756253126,4104.020067409682,99999.99989131239,5.203482333954338e-06,5.219104468768175e-05,0.016798972412287283,0.057351362769065724,0.01675798378833664,0.020202904039977057,0.41601008223636227
459,-795.0836633392522,748408.0702394161,703741.0978368183,118174.26522988477,61421.26938322011,56041.76419639575,53541.263840467844,30570.79643299241,17329.68653959581,2330.7595224852066,3222.104416797547,2776.70325964173,351.5297104316498,921.1951648446511,126.20707628057158,27835.472105890865,38711.20244941775,195.4014902244334,1850.6381238869642,6596.889578167225,1772.139759283739,5.074823384576609e-06,3.641665853439805e-05,0.016923721430134386,0.05989388982519351,0.009626092800602374,0.017268378950065954,0.6202245834740268
460,-577.4486124968835,757253.2849104651,723194.1482162287,120700.3113412215,60940.0537121408,55124.64078742757,52387.60648862202,20367.26373686084,17022.21155390316,2377.668408421445,3113.789706608545,2709.635818733258,284.63378430108935,999.9909328743912,267.7870901469328,28273.263012635573,25868.754195954887,201.7354536908845,1649.1021333629726,5078.79363500328,1419.965647371482,6.285498885879584e-06,5.606767780702793e-05,0.012773830609088797,0.04417797607346356,0.01299363534447764,0.017576219333535887,0.39657233014516874
461,-835.0169708970075,738774.726294472,698131.6347431219,118499.8421177697,61118.43093038935,58913.06429580365,56589.320548193304,30905.90672480887,17274.178340130526,2415.275636202821,3153.3557187902966,2747.3238059552405,292.51393509706315,923.9189723055057,166.60949903886183,28535.50645137534,29540.93446413452,191.46591361061064,1595.320950175522,6618.714219788101,1155.8483500764355,6.237254320127002e-06,5.259121844347202e-05,0.027475715235960714,0.049651721770205805,0.012058022463864929,0.020000315420850786,0.64395597205254
462,-605.9374762885033,753691.8402264974,718902.3392511683,119195.29673086545,59419.38094872624,55148.00584121002,53062.57698456338,34861.944846214,17056.710112700956,2404.3794290119476,2921.399880606003,2648.366154265982,209.17134012365693,785.2805242638518,183.52037603072364,27682.79980003946,47690.79759585559,188.06267816017,1626.218588581682,6919.106355213745,2199.035612473798,6.037530604822694e-06,2.507293541326593e-05,0.01158147660873794,0.053005847900727814,0.011981548270683581,0.01706135097005581,0.6851306603305889
463,-890.1255699351439,736380.8495784529,689183.815718766,123339.73642679969,58911.05859221555,54372.5130738472,52214.50593498931,28852.33569515076,17340.7910431065,2202.7280173380886,3400.673902616528,2878.594627269912,137.05434790007,615.3505133508534,702.4625995794627,27531.009056200364,31210.204188620453,173.5342051310769,1477.822493637975,9244.376563203248,7227.732033340917,3.678298449724775e-06,4.7149822448327885e-05,0.023377432777736108,0.0527524238507148,0.013709171011361971,0.019370275217959212,0.5459183509833789
464,-898.6888969438106,764331.0837803029,732194.543540143,118388.62665428751,60156.52263467252,55004.75100399869,52241.58010580763,29435.834468691126,17134.746082257378,2332.6708700267536,2808.979155374412,2724.6226949136494,231.77196508356135,809.2163638147797,141.0165216616094,28444.059075713973,49621.70189176769,214.2497766816914,1645.5960404051932,8096.1866053983495,99999.99999999664,6.392143578553595e-06,3.645154444577234e-05,0.013998025716580988,0.04649868195133113,0.01011613149961014,0.026083053269798026,0.6279176146948131
465,-750.8934417309729,747789.9441923477,723036.8167622607,117417.56321781383,57460.16898810004,57908.332880468035,55509.424120014395,28134.826600231456,17144.12627943935,2314.7447927083485,2877.865359158607,2720.1153520473363,107.78495370981294,816.6973103654635,101.82932941229807,28435.065601078895,22346.196352828327,174.67988440818073,1438.4638306931272,6027.427565795838,1494.0822490395963,8.00381148671966e-06,7.13146172489295e-05,0.016203500433696845,0.03619282482948719,0.00960286163984016,0.02281746942614194,0.5201951244436585
466,-807.9718334225333,746798.0717988617,714484.1630788711,122231.07490657334,63780.62196085295,58078.739168699736,54026.51657563214,23599.98651307562,17415.738958124162,1844.3203712924765,3407.1938590675613,2473.3829653317316,458.87117775042907,960.110343571126,459.18434376745734,27249.143543008267,26356.383167877746,319.72084886777515,1710.6946093987958,4865.297079695509,99999.99999767797,4.924239940460375e-06,5.243684494659316e-05,0.002812793999702971,0.0865859142216913,0.011545916158270966,0.019825266233630696,0.5115180546690391
467,-861.7437365323426,748802.485303244,712853.7375635447,122013.14288186986,61054.12208230144,57625.08058740886,55059.92885459088,29534.019659456517,17294.054081890383,2235.0356656405875,3209.2455494695673,2712.567861620057,336.84905128765075,794.1377986571509,337.5461614711353,27768.722129653204,32521.27509771521,213.67898878710926,1534.3602271030102,8852.53826919871,99999.99999894806,5.793955993344793e-06,4.438701612973842e-05,0.009067798573181043,0.048845139596073804,0.012057948040510375,0.021311893208065116,0.5675989256839676
468,-776.0884737730028,748310.0088908516,705396.3046713012,116945.91211298206,59151.303221011425,58125.90696370533,55648.66904499154,23701.33247294723,17239.258442383994,2288.308433184766,3434.7162313667363,2734.000794243858,177.60775526274747,801.8723359968615,114.47353384120404,28688.641180955066,29528.776145595475,191.9657569884701,1632.5382928990493,5935.512424361288,99999.99999910971,5.271228701680762e-06,6.184667032520671e-05,0.012013342331831796,0.06226754815394641,0.012537952678513814,0.01725608715058994,0.47511827383764754
469,-782.5745721989654,729355.495068614,695461.144724233,118247.48466748236,60928.5433186197,55667.86404147726,53433.07952663739,34185.12268564242,17672.779826849903,2222.2755036932817,3331.5901067762184,2572.8599430928593,264.3235793320107,1091.2928627157507,169.02306793325772,27073.239206581293,53426.083314811425,204.72994306103328,1591.3181492539384,8085.255040330928,3172.9826382446035,6.289593741470851e-06,3.466703970223383e-05,0.012275292527292637,0.061953024148883484,0.011517132790103425,0.013432513314005162,0.6944593084552629
470,-725.5695995552283,763533.8128693221,717291.958544007,116737.48712386913,60327.63366593752,58269.33981373191,56433.91145675119,26122.384661197182,17148.29272050913,2396.5914068682778,3323.1005150822966,2753.3367488482663,232.544122684189,822.2920655427039,83.2335789558311,29243.84648515182,22428.124506078864,153.3216257679758,1451.8863454582881,4207.768840138688,99999.99999999984,4.517018210075024e-06,7.952579686932761e-05,0.011555489857525924,0.0689235922248743,0.007713276240033457,0.01756284835754535,0.5436741449504587
471,-691.6764319019569,763117.6117622841,735018.4308119355,117584.07752298687,63543.06953129714,57256.69098952745,54911.88489518441,23873.558281846577,16778.386626151387,2283.1219121034283,2892.605607063362,2492.676199333132,389.16155593168065,905.3594713440904,118.80490317841448,29259.72748116979,16998.099936242532,176.89769176395106,1505.403785691575,4001.272279862591,1390.0834565852367,6.9238778972112836e-06,8.731906537504574e-05,0.012746758480687109,0.052855008370465674,0.014826721476754082,0.013981493247319508,0.5118421621507634
472,-659.8810949402146,740663.508972543,710189.495863747,118086.67391129343,61424.90484735252,55637.45936142971,55019.05566324301,27301.047448216847,17135.489187458603,2190.645040317218,3165.795094291468,2659.771405254543,370.1808921872266,845.8911081892663,154.5461027486194,28310.003405406642,29273.7137412524,52.88089614908664,1631.5154778802375,5131.775835177587,99999.99999927917,6.5703609087656575e-06,6.957409424735217e-05,0.006858301629285338,0.05764258327934597,0.007645699845633253,0.016859733630964022,0.6429017578011839
473,-788.342720187839,751572.323608145,705540.6471954614,124467.39095359386,59728.520898575174,55643.63679366039,53433.13615769109,29724.91609426124,17285.895524026142,2284.092077720326,3300.1078914629707,2740.521865170443,203.00926795413756,877.5367553269118,561.0161792878208,27047.385280520128,182325.88562004615,192.04191384479532,1744.1498816606174,7714.1926203660205,6220.969032410079,4.3470790275079755e-06,2.3944411307767664e-05,0.013877040111579326,0.05667705138754754,0.013685564780564917,0.020525453797144766,0.6144252851893177
474,-855.3447729742517,766119.4673260775,725759.3841077017,118313.4105326081,58581.15248439704,55289.462698744646,52605.60383007907,22606.169851402676,16973.75588213307,2345.229683775999,3078.211317406587,2768.4867399176997,154.91725965435367,760.7087529781583,156.7153558084722,28696.679108097524,21583.627854569462,204.32660054292813,1640.6981299904558,4980.6124820247405,6510.737941816077,5.420193353539996e-06,5.381177921154481e-05,0.01090152812734301,0.05385965949634932,0.00955683128769033,0.018791389236434763,0.4592393301301368
475,-725.3764388824611,719050.9564465366,686421.4430439838,118821.61434672655,61189.36829552676,59739.716818979265,57698.23619150539,32203.47587552508,17737.741885878222,2368.573264405948,3031.4082495576213,2447.4947578296787,265.23452319143354,776.2448335684751,248.95455282195866,26628.159247519514,34404.73182489792,203.42114156135278,1710.1098614251257,9720.876566153642,1071.129001917317,6.624286563831017e-06,3.494440776170432e-05,0.0008337485085557481,0.07000724691491031,0.015017022077843903,0.021822587112153364,0.7694524336202234
476,-760.7445706416224,747601.9410373912,713541.3192375537,119682.21153085069,60169.602886814595,57389.27587889485,54864.01048268446,31628.490268373553,17430.654120319607,2231.768833911936,2997.1512749441135,2622.178726536968,221.0810849150942,794.4134153779854,181.72059827077192,28359.400099238712,29431.93352622021,208.38987043677471,1701.5373544175088,5962.585354141732,787.9582537957799,6.603441909554148e-06,4.788978077998406e-05,0.02011926553820772,0.052529838812826475,0.012256747679554293,0.01959242416707507,0.6149182174389974
477,-820.8890671700943,734692.5563071365,705969.8244326367,119475.92250712501,59641.85182617905,54360.8464349911,51541.70949125086,29487.59731000378,17426.427152965607,2295.0743523395217,2987.696683438111,2518.783905821983,210.1809493859636,798.7678822445864,300.04423360067096,26792.737944488355,31264.166081198768,216.73863010843846,1394.3682418594287,6950.231888668813,1941.3851548887753,6.956879337269141e-06,4.5755213451517886e-05,0.006235859579727149,0.05960580556844249,0.01225072876602358,0.01735673739555431,0.5656844332451358
478,-694.6246526073305,747335.7085288004,711599.2590326376,117681.38093241406,62312.09614640523,55779.95083538294,53578.852225344985,30747.46965126357,17225.472275616605,2308.139208447043,3012.63060695065,2649.1785507480577,336.76108089698727,1023.7710674418624,114.93012858510913,27970.073352354342,47588.10145848711,187.38168010274464,1644.720274698497,7025.695625845676,2774.2642807669968,6.5366459632151855e-06,4.916132367640363e-05,0.012395586982678133,0.06731124896388213,0.007216551938253893,0.013972048009472287,0.6597945422353918
479,-941.7154296155575,739746.384759426,696450.5317485492,120228.78322784632,59335.221967530255,56013.93812478094,53769.532778446555,28991.40809099352,17437.63061762547,2240.1167297246307,3422.537286436898,2773.0744600072926,245.66064196037587,897.336617155401,383.55809678862454,27563.462770337588,70182.66018432354,196.6039901632122,1702.4913253618388,7359.431105862924,99999.99999987958,4.814869805151165e-06,2.6035993553977857e-05,0.018918462322356094,0.0563970597044287,0.01189369728119974,0.020896448281423226,0.6077373028030741
480,-625.1189143177344,751564.3703530768,707677.3629350099,118370.12172029511,60166.45075958022,55704.87433219461,55125.81672857038,28170.435803122768,17049.502133760758,2575.410189931453,3167.925711598216,2694.83773372164,294.68970125232227,789.2645923500971,136.65477169648122,29264.557328041017,22490.890540316264,48.82449628871611,1483.18947982449,8543.926553768395,99999.99999972415,5.929814738837624e-06,6.885506780124181e-05,0.017715143938610574,0.06404698976390237,0.008447921420899862,0.01866875274699885,0.6514337874404014
481,-819.2662253559637,756082.6471733951,725244.127833863,117600.70811649672,59413.28350989988,57106.21851601824,54697.63803538902,32198.094062666245,17095.917551727387,2114.076827620694,2991.3125818724593,2717.6035256970927,231.4989303198165,703.5904316389006,105.54152566369262,28467.9969983178,24071.170483779144,193.26795467082235,1542.7503327103623,10767.341375482758,4133.60207907863,5.735385169136198e-06,5.684341739759262e-05,0.01304852631778634,0.049707046161370616,0.011857956179303639,0.020030951434227624,0.6663957380481408
482,-735.1454856802418,772058.4614479404,727104.6833499265,118758.8947606974,61446.119697016555,58234.5839463026,56188.58470358844,22875.19813894979,16647.102277031263,2367.4849130673388,3178.5588735176157,2881.8052982236554,271.5864684016311,919.5167907070158,166.17479602494686,29654.768044394492,23708.775885426727,154.69668065464975,1539.2157928106747,5342.5505119633735,99999.99999172486,4.597803554076901e-06,7.870541833816131e-05,0.015167247197357401,0.0522111859743095,0.009538897253330946,0.019693890298477183,0.5136110464926879
483,-796.5131984619632,764902.4068616189,733081.3174374062,119290.95158698958,61045.32682577593,57038.803599153434,54793.817719503524,28867.033248112162,16927.028567300855,2197.507781918989,3043.376000044615,2596.2523365984366,302.83209635198193,788.362266719878,210.6020701394473,28454.87874815721,27030.89790041876,203.59697773424287,1638.912643403147,8862.198815984195,99999.99999930813,6.0610429544599065e-06,4.4777607185888376e-05,0.01240991607492482,0.05399909682871237,0.015331182199396495,0.01866230816718702,0.6590061033783884
484,-901.339397432079,743444.9096251669,711260.7265692817,118892.68487196586,61135.96279700801,54724.774656893045,51956.81074366007,21147.4300486167,17251.61018063735,2320.3325938000708,3056.7058288759267,2551.548975512151,241.63708832447716,912.4217475547256,215.65831718273483,27834.978900862952,52099.166139955116,201.53077372115231,1531.2444092083774,4480.869222863434,1687.6786726773237,6.078749197785066e-06,5.571273421901853e-05,0.014901828221827845,0.05816404647071041,0.015886356249665324,0.023387359882878263,0.4082801889983964
485,-1009.0202131298122,751166.1641294638,705186.904222927,118122.55577036922,59657.085810385564,57169.293227109316,54973.08490252292,21580.205124587355,17114.311301463524,2347.5646925618735,3382.6526567184605,2651.841217082055,177.300832629791,762.0436956482538,137.54114208263059,29429.420601828675,19723.776671648844,171.26433943753716,1630.9999622687928,4475.924709493491,882.5302020559151,4.552406117749732e-06,6.0470413648202214e-05,0.009944695544627697,0.06906952535426329,0.014529741766721624,0.015100966838226757,0.43341933808177835
486,-691.1348495858954,744519.4028899325,711198.918167924,120562.09918009062,59920.809081061365,57682.66728522508,54784.88816260566,25775.413747312654,17413.130848690947,2195.627483585797,3104.859947531419,2363.236257580161,195.2873732369576,836.2763700977682,303.8779797808571,28744.133586686323,23473.997384632272,211.47810747802683,1581.1673667627467,4773.097021766004,2610.987623753664,6.96569255969573e-06,6.593455500420309e-05,0.013765751471966133,0.058899762407535375,0.019654704793626236,0.026234934021192508,0.5023411019083122
487,-602.3231382132368,733298.9636926749,696117.7259565921,118693.87713846934,62117.64865554506,56935.55465050134,54452.17987214894,20773.1152094902,17297.289477915572,2433.3146696837066,3086.706517192538,2689.668017804055,371.23976150527403,1045.3109685894342,178.41498741423555,28860.918699363796,27013.839810495527,195.06739772507026,1452.9903037331428,5326.631687821541,99999.99999882674,6.276370096896354e-06,6.772079807159657e-05,0.01501166791540677,0.05207889311611522,0.01129881628096774,0.01838344051889089,0.4639890807677352
488,-989.2554190868993,770549.8280926378,733898.8205189084,118298.4934901497,60923.72204059277,60406.43475371142,58031.77497186399,29768.74681803083,16825.303689999604,2281.8054908654262,3001.729875509854,2511.4496865756387,294.8535688158114,846.5322652577116,167.0246463803459,29408.601736916607,20526.641715722522,193.441654231771,1429.7720946749391,4804.9496485609,99999.9999992822,5.721991282421113e-06,8.300336164280571e-05,0.013183892830211276,0.0627260330516766,0.014731963442067692,0.01796545726217344,0.6127528119239276
489,-837.4563227917558,760061.9766257007,724597.0765539919,117442.38003297997,63931.68849027056,56678.71225598463,54308.932189336796,28707.354803797618,17494.47407177226,2306.56494420838,3210.1560108471185,2513.81007629496,598.5384144431467,1039.7505697767886,113.60697229998028,27946.2418470647,24208.859504318476,178.0963623368021,1380.388921749543,9753.151114095139,99999.9999928516,6.355926434857985e-06,8.096903534837775e-05,0.0020993088143378886,0.0796785031320637,0.010391090257320365,0.022028352857253134,0.6159842768949896
490,-753.8371871304045,747347.6523828648,705849.9734354593,122592.6616118755,59045.87019989585,56090.46668968409,53318.803838335145,28030.535270079,17058.66084629491,2313.7376011991564,3147.7070999130938,2754.2255375794102,134.46825072351885,669.0365966431285,374.52060947359416,28009.19537250885,28817.944013790067,205.13711307287772,1600.7400400073936,6419.766970525112,1603.2878236637537,5.164839154374572e-06,5.330274814802238e-05,0.01757082674377754,0.04635473357400031,0.012403503260838417,0.02043086670172874,0.5611888668253581
491,-778.2554751600876,731687.6579536947,691918.7886766985,119828.0819059138,59064.785444655725,56022.27622495313,53762.99651641744,21570.022984974345,17425.644353326446,2556.1727673076493,2971.735346131146,2737.933524605522,157.79357735047813,779.5746984458234,281.5722322811887,29872.347323515016,23891.126984835482,160.7747957122227,1448.940960662622,4736.05651227055,99999.9999725276,6.538951266793684e-06,8.090075463166266e-05,0.024128707398899593,0.03935483292070708,0.012559650778759817,0.011509079591151416,0.4098662669500534
492,-627.449484974318,748958.4910765323,710732.3016717876,118870.82279771149,63317.336389176875,55815.25131196487,52923.00565865955,20108.210808027776,16879.920521639102,2315.1159176188025,3217.29946229657,2342.9027072891563,499.89597331692664,976.0007386357922,227.32479156498846,27098.236268592464,48384.52720613795,218.42492442250557,1706.2406233328347,4393.325737942547,78705.72574902007,6.344510901789055e-06,3.568969355021376e-05,0.004791423461866046,0.07631176381708153,0.015155438893530212,0.015526525576974775,0.41939246581460693
493,-791.6613153039193,716343.5332089368,683437.5657479878,116927.31341256166,62664.51896215713,57645.54493240954,56284.15531280875,28854.94233249386,17725.787361931343,2108.1699321352794,2837.010946947867,2381.936662557953,396.71682376435245,1094.134826140702,70.57099562232969,27489.479677221618,30391.247225935684,109.75284183128143,1551.1091162953685,4717.335393448419,99999.99999998564,6.374843467242735e-06,5.772766153496867e-05,0.0075202225185440905,0.08049315368058121,0.008902982520247592,0.019158746516822978,0.5978117936904699
494,-636.3388630927957,791102.5191436203,766411.7832474307,117595.01283447443,58833.18581850725,55479.30794620203,55100.054974587736,22972.784772997613,16716.448121606023,1455.2951853947852,3256.091859804856,2871.727538908629,148.49795382781474,760.0752902148299,98.69475117013435,29916.448183090906,16380.293714775737,27.05553334001178,1507.4207264839197,5446.147488940423,1143.8316958542011,5.550701681466803e-06,7.988104046022735e-05,0.009428705155903985,0.05839592867257763,0.008131701020427425,0.023032775317812202,0.4923045339263244
495,-687.8369082201075,743879.5243452812,706570.3109936105,119119.73821036366,61371.45676975344,55542.99735538592,52992.03437588239,14636.544958206141,17360.436894526774,2330.250698896523,3125.9580753997707,2500.876477910169,265.97179281498444,966.8539912019291,250.64962794088535,28771.823271277295,26663.362520005576,186.02838739642434,1406.812344670161,4726.214703413113,99999.99992029542,6.089283334881387e-06,7.20551635522962e-05,0.011677036262966789,0.07109400551447712,0.01027540040640184,0.019478132359469408,0.38705146464432794
496,-700.3686168458418,728677.0115407893,694160.763997966,120087.78628221205,59683.879720959834,55231.260981044485,52459.0261376896,30363.828403095657,17371.53828844387,2329.774381168436,3162.9467512210895,2469.625996266241,263.06740667775017,834.2219304906015,293.64853671028374,27060.570694151418,35314.967707239644,206.74545452288834,1845.163648612593,6528.19681445723,2142.0372548830346,6.525394316124081e-06,4.430086911828288e-05,0.005913383473903769,0.06348020899219704,0.013410354767873476,0.015286393920983337,0.6371090047417705
497,-826.5536251167186,722196.4314217861,685104.931215562,119058.19499400024,59680.29112478576,51840.91079872441,48920.84361072925,32032.027878699126,17593.258657365666,2348.4853988489313,3219.115035040261,2485.1814710703457,297.94755339991104,766.674219345669,255.15202853812508,27117.979072333987,32497.56713634761,205.47971870239357,1505.3457127968272,8750.160264047678,574.9329660279142,6.317547289882221e-06,5.5946604465942926e-05,0.012422826917717284,0.06861398071942326,0.013313173406108818,0.015274412554603033,0.558353645157434
498,-658.8523221937576,730277.0538729449,694345.6356002634,118365.8355714245,61757.93472726571,54144.97519037029,51248.32834853288,26131.236920480067,17366.663818176035,2273.6186750371526,2934.9294160239842,2691.0389672906126,324.22973621674817,1088.661505999157,164.87349229026694,27780.368459686582,42811.64453267987,211.48362544345227,1492.2252332364483,6698.157196764747,99968.80981406441,5.856289063214721e-06,6.919126640637871e-05,0.016688729772980995,0.056106566393517666,0.009733023939200731,0.024138318981015938,0.55279965421744
499,-870.6846337577215,728389.7811291041,694694.22281028,119411.80514682012,62838.04449553922,57911.76364755265,56769.00597821579,27467.705733073744,17699.717448286745,2129.4592240418247,3131.6724153116606,2579.8894613409398,429.9140276041748,950.3301138988774,179.56612252574973,27600.19730874947,19145.85231970306,84.84016619464427,1526.5141903652075,7536.13730994175,99999.99999865389,5.460033815934922e-06,7.966543314152077e-05,0.0042306010859324075,0.06887792414200357,0.010722013379243719,0.014146487392360838,0.5461567313451816
500,-1113.7794325366497,726688.6663090482,689817.3917164297,118671.39237770905,60938.75155884783,56260.11709419696,54115.23308761083,32302.381889963934,17575.970421681955,2260.125167279766,3206.056867305937,2690.7543041521812,332.7859183923097,810.2025257718411,226.74627621853236,27191.788061011564,30946.426627822868,195.99529459789562,1596.086790311945,8113.518474897001,99999.99999992808,4.6874834178265685e-06,4.180695863833082e-05,0.00937945713506864,0.052045423105411485,0.012805220398069455,0.015605357934280075,0.6893499016060798
501,-982.1800027959616,773359.0454597846,723123.5484905114,118873.25259199757,58927.74480590207,56189.973208670235,54457.78019659633,28793.392538464934,17108.565868589,2109.082959855492,3688.8131728823278,2796.9240935664243,184.3511222386411,855.7606144190277,195.8549208204464,27932.884253547752,41192.89427115951,142.31920227528207,1470.1844190407417,4540.407999679415,99999.99999961295,3.533874067516801e-06,5.6967391193681424e-05,0.005585334368387132,0.08424479585984407,0.005871963730022941,0.021715492797377927,0.5422561539559866
502,-868.0863134939792,748121.8261348464,694280.2644597256,120317.44975847323,58645.822033294586,55198.369243248475,52412.214637279976,14702.032325007796,17360.10077961312,2294.7676713949536,3455.565375653172,2758.829640598897,183.06700979338436,868.6785837990104,271.62654347069895,28351.070283943278,34305.95979001019,206.13202596928662,1563.4449724606457,3474.3617313179748,6815.42877916894,2.850011543059734e-06,4.851738063790302e-05,0.011308219642443015,0.07728133616066886,0.0074277737328685015,0.014199772378752763,0.3860298426547672
503,-674.3849621570439,742560.1988127024,711239.2179928204,118543.91083964544,60156.62533906155,56685.71944082054,54041.49251853344,27314.75854692057,17312.061691658113,2299.622736832738,2872.0900932205764,2572.2060432865474,277.9627992776169,816.9692388644954,176.4755259061112,27564.127537090008,27813.69506552273,207.54294784738184,1638.8647446190485,6759.2806475262405,1530.5861447455773,6.5020330470596894e-06,4.7767860292745054e-05,0.015090129877468479,0.06237934261649083,0.011460192282823392,0.012183521153241542,0.5437586740156518
504,-759.5751430238429,740233.2300056478,707109.4994222599,117434.88024708877,61250.550542406534,57328.32464561891,54964.13725116726,37610.654069175995,17269.877251015023,2164.021555308819,3004.328514880878,2472.4858402487102,322.4551928338835,847.849106688775,99.23376776931771,26987.43259320822,70364.56435440849,211.57213699946976,1755.0554765806282,14047.277596082104,1077.375743766675,6.207975410565657e-06,1.924636544124435e-05,0.003917855439647254,0.07800763040589109,0.012585351747318757,0.018757588039347524,0.8421714983599469
505,-753.2848966842724,719882.9593227514,690382.3282626774,118894.4566850249,60117.61547472239,58299.92437191937,55698.65445344052,22609.026446119256,17629.682743168596,2203.8150266878497,3066.422802891702,2627.818544453358,247.51843100265165,925.7896942455515,160.91293077484073,28573.293886652915,27316.2160504202,185.86928876619965,1288.7061003292097,5089.767511306294,1768.710975198532,7.148302389861614e-06,8.770682167734784e-05,0.015110615744976671,0.050041624499326094,0.010381627846702391,0.02360929565140501,0.5152296927898611
506,-692.6731962489864,751308.4296848754,720179.8676571712,119228.13506489091,60598.72370749934,58319.063027384334,55962.18556687691,31664.2011162321,17273.520560666908,2293.34443379111,3140.035324035078,2525.786569716175,242.65600821630892,756.9274120876886,223.4893604541401,28150.857806932647,28954.174954670147,207.2952329389124,1525.1112240185967,6905.749839499213,1917.7313420832086,6.551393080877114e-06,3.958345151653549e-05,0.007705894939308622,0.0636546445470378,0.014329345735433903,0.023194461696362627,0.6616008863745678
507,-641.9146647427576,769530.2910329858,735885.420023009,119271.0748159823,59538.67532720595,55910.54324203068,53285.600706880636,23832.581240797976,17079.37065095445,2337.307703467184,3010.909946555227,2531.679009408909,253.36993974856978,974.8725542194625,197.71351312863652,28576.675909611786,25630.722218945975,203.64191681073916,1593.7136065159482,5429.612545050382,99999.99998240663,6.689752290217398e-06,4.354706971204977e-05,0.012546863931304957,0.06772198368210439,0.0120145547082998,0.018809217457046903,0.4884967945210117
508,-698.1300676362291,735830.3776123507,681766.0774999276,116856.04507086502,62593.022656808724,56805.23708934826,54477.0989461131,10473.997302518997,17037.821701231456,2489.9119012660776,3473.716334776262,2600.5295187608267,361.48092255572766,858.7997788516693,88.26308277463201,28490.73672155202,20862.475520670814,163.8349662744541,1427.665914921213,4076.7892419159866,99999.9999997364,3.643451402823444e-06,6.731604436264509e-05,0.005441071630505406,0.07649711494650031,0.01290922386364456,0.007612869007584711,0.3118006810828354
509,-792.3065186443719,746234.0330147384,711909.5587335564,119640.14597552238,61627.93418628223,55616.71253655417,52872.919079227206,26172.811478349948,17340.605124989655,2423.6416849814736,3049.934129433583,2585.517717611644,341.2536430304518,979.0162018964296,243.28526522071405,28875.049291258674,27724.519074926608,191.6901548836437,1524.3699769113298,9799.401835951361,99999.9999999906,6.376671038706269e-06,6.352576766900067e-05,0.005596511886447507,0.06253993132531399,0.009663326660847285,0.01432458396243534,0.5645973711842031
