sample,ll,T_NDH,T_ND,T_AN,T_CV,T_LY,T_H_N,N_A,N_ND,N_Den,N_N,N_Alt,N_Cha,N_Vin,N_MH,N_Yor,N_Los,m_AD,m_YL,p_H_N,p_H_WN,p_V_L
0,-546.5030096263114,761825.5976812576,713578.9648811136,124487.83385297975,60201.32127354456,61885.88457691738,355468.7439488954,17239.0810052612,2127.711585797445,3264.2273837316334,2738.503422243364,511.8712047508871,222.98280354922636,773.3137511970106,33766.766442879554,8605.976719504431,890.4553344886345,3.969686201932659e-06,0.0001658026185578532,0.14786777709571725,0.013088886111999128,0.030288167244454243
1,-494.2201909700607,800828.8952352656,760270.5470442824,117460.19650536703,61428.74842197927,48000.000000960834,316574.364372743,16693.911858273572,2356.1593780390685,3217.852595158561,2624.8233293889375,115.03977408236302,268.8836999903546,889.2468789251753,31139.55057594343,14159.890957524174,815.812084707846,5.924637926936613e-06,0.0001523030282872934,0.09966317872085143,0.010214358221677976,0.026784639435249405
2,-601.176393796736,766219.9474600482,721174.2233992738,117063.35373137238,58947.52857469875,66380.14955024881,364646.33578643267,17413.742974932575,3089.663491686051,3048.5375316245763,2370.3961191364815,125.43707421587264,232.14863869943292,970.2886494424282,31844.49900913749,10861.313394516532,1088.2315930740851,8.270883137572326e-06,0.0001377963571704271,0.1608316965151671,0.017330934077960727,0.028636762316395833
3,-491.42130355152835,725463.8351571064,675160.4626953827,117812.34422683246,59821.90400750798,59040.86281045252,592094.5013240991,17984.60191541217,1482.8483780591068,3008.2522644134856,2756.7065762466627,144.8914770772523,224.98252802273078,926.2881073744189,32542.733061086838,9155.620809803733,839.5861675565068,8.00426499460881e-06,0.00019456398003052578,0.5925755435191887,0.010548723114054711,0.019867882248647023
4,-462.0608306338535,768501.4731816018,742353.1290053894,119259.84656130994,60221.05839744648,72361.0061476561,300954.4777568957,17254.146055708406,1510.104661338392,3095.3439605144654,2545.864178765232,223.8978711690676,210.48240737704177,784.0800234431631,35338.449771275744,10834.12585132228,1027.7728636279496,5.842549805949108e-06,0.00015251785797639882,0.10588266645875798,0.013401846515280768,0.031555302387620256
5,-525.9868205154319,761328.817162839,735303.5756174366,124391.77020208405,62014.99637979863,92533.66099053163,311143.55952448223,17185.05143816255,1224.0068460589343,3360.15061324281,2616.214271953419,673.4531410791045,347.43102009414963,938.4282750244633,31457.484932594725,14925.341048978185,1525.928552412595,4.055603719082401e-06,0.00010628178500211684,0.10152961721406485,0.01857647704821386,0.02546672037140743
6,-367.9398746820265,769299.2615619571,741704.3756613475,119808.80935418735,59348.02960345554,53004.23100149098,249094.01244067852,17340.268875292975,1440.1149579999371,3205.8405022678403,2798.869006525502,286.19665531926483,181.21171939547858,805.372565506603,31598.34860664472,11007.254371622394,852.7161285708601,4.743069685175086e-06,0.00014438271883884595,0.05153608859198661,0.011866587216113927,0.03346131586196048
7,-624.8229568686975,812337.2670824546,755422.7094039097,116754.9421040975,59925.906510694505,59607.79700829905,436579.35292148206,16657.747804488612,3429.8624972554194,3136.0634143256157,2733.5042141676813,74.81147393353838,250.68134978253158,819.8500694280365,37910.824011701116,7393.292225298645,777.2922707308154,7.553635816895787e-06,0.00022433428472506449,0.18660647795639237,0.008434460487051024,0.03291667410275983
8,-484.8100165201679,803129.838026266,769084.0145912718,121966.58779415867,60952.51793265427,58894.6463601849,341407.42756865226,16946.216552420206,1762.486492808526,3270.2102784657227,2681.6667023517057,406.7471461571359,305.74623745557795,1101.8448782135126,33902.00628607227,11272.186228100281,930.8218709014001,5.467959151286632e-06,0.0001620597602100683,0.1255059295498515,0.012659724939193347,0.04384237295937886
9,-611.6300031876872,761938.2405270026,729391.0133314275,117361.74335481878,64048.81885701586,106698.01743019136,335633.28687634866,17351.565894420164,2034.5094970694688,2917.0449924464347,2490.6585726471835,181.6831408116447,547.5732246873736,990.106759848521,30903.34437371714,19603.373665614887,1646.6024636214834,6.553738173388333e-06,8.28501783399539e-05,0.11541794182205484,0.017172163485293587,0.0274170848580215
10,-544.8252807755916,734227.6312153644,720051.3633547608,119935.90952111043,62413.67619632842,61570.82989916715,333893.3301089009,17778.54798402941,818.6972271987294,3096.141890097751,2673.0340434087257,245.38743328813558,516.509381349527,948.943705955579,31046.024355211124,10098.581428381149,952.9719961655209,5.491865949621656e-06,0.0001543713397902881,0.127731437093343,0.007263273405404155,0.022200214552148066
11,-475.26311857679843,778299.517987524,760192.0839265188,118167.29097189617,59279.22181792959,51138.58573657679,346222.9624012006,16955.383664307697,1048.919889897531,3239.199292745341,2678.5562733463785,147.4377324626431,194.8023448024011,845.9734584609982,32653.471310011464,10162.99946313834,713.3255472997633,6.27604964879252e-06,0.00022337129524167154,0.1431201260251124,0.009564228019605886,0.03853538783729214
12,-563.9345682081505,767738.8655012441,713451.1887817789,122731.70753691254,60018.76685831969,57052.62091249513,414249.5170052606,17582.716493874894,2761.6142569122635,3159.0389673782497,2684.370922303468,341.11965580189536,247.85554796303347,996.8698078518971,31746.312580002763,9531.727973496709,865.1967513140602,6.4149369535110555e-06,0.00015880657957973403,0.19299099306915818,0.009370318889869887,0.0347444670997231
13,-531.5453156596709,768773.4671272375,702614.479822343,117007.0690548183,59663.85942788194,54975.29940811825,621795.8741384803,17030.712586846712,4444.793369214406,2670.2641716989033,2575.338440847318,92.59515099128559,232.55718715625747,628.3394467331946,29125.36567224559,15332.03728505148,949.2254286644023,1.0716704026965227e-05,0.00014109819130386244,0.5765829203567263,0.012246731628324445,0.02871511416288741
14,-404.8645302718847,803294.6508704971,764278.9183771152,118254.75906567519,61183.52894767825,61214.37784273924,415978.67596368794,16529.951546781547,2223.243634765744,3055.820754669911,2802.5855680613176,142.30742924760983,276.76627124871874,842.148082519942,33080.56427909562,9945.591638275482,997.9391923504209,6.624771698156143e-06,0.0001451457240756076,0.1784892349393693,0.007632080141860625,0.028052119528441458
15,-408.70636519824825,802855.5332084098,734061.2918528244,119900.34367346704,60929.2625592872,54679.34044858414,602768.5429146868,16812.443116183986,2612.6305582838095,2734.7201519177293,2664.8264978376455,247.56022692958294,253.86912188943396,903.2967391110288,35762.6908305366,8987.259700986508,748.5411265749552,8.248650953146071e-06,0.0002100082020756452,0.49038696154677053,0.015407427023766681,0.03373847575616287
16,-430.3616054206517,793139.0628708308,739496.9571693171,119173.88646469785,59321.896429974826,78008.55055969521,426197.4799521903,17147.141834853886,3537.92449492526,3026.786659640841,2719.465263634606,165.93176628233746,186.59218207272738,779.7064030384555,36123.57072379597,9694.313972147249,1029.0976635320928,7.291347824324021e-06,0.0001681607224905252,0.17577164486732152,0.010607041812279061,0.03725209268667752
17,-482.72411303196964,754872.3323500176,718907.9535165109,120902.75501087682,61802.75264104051,61761.7365157311,298145.67231547396,17419.835145550216,1758.8699682309025,3257.5345771521565,2728.4611448830565,271.7348925870854,325.27389410845296,766.8949036291409,28151.565770548477,14842.500769820459,1178.5878661447202,4.387918032227836e-06,9.231702561967103e-05,0.09138204712068912,0.00892457932297027,0.024367702044490704
18,-653.2844133539134,790256.9078600893,766874.1540677273,116542.64489792689,61092.00433987691,51178.48090050984,449335.1594731067,17052.583143056854,3215.5364739817314,2788.761251321028,2412.476402377004,91.2618227931721,319.10032333256936,1057.397698634234,32404.278740552043,10340.360727290814,839.3648122383271,1.0188190124808019e-05,0.00017891627213570565,0.1771447977269643,0.016845944909194964,0.028873028562448423
19,-590.9080641259084,757821.5979219868,708567.6809162799,117800.88721080434,62828.46108871946,51782.98841877788,477079.2380907729,17601.11222633289,2702.885335098875,2950.8053616219395,2678.7745881425913,126.95222465635743,325.8416821422956,1022.8105173466555,32880.751235373136,8968.01266977681,774.3040075228337,7.406494855833547e-06,0.00021018652871410384,0.262953372356004,0.013157267616330256,0.027126900311836507
20,-306.2955350712602,772103.8603358397,761887.0945515392,121766.83261581199,61028.173457647004,59804.16672650727,350553.27863771125,17020.78388643701,522.7663310680447,3329.828882971264,2787.575595810876,385.51229870976886,225.92600886173418,802.1849502287689,32304.012209363405,9911.09350075387,917.0727006553526,4.230951552515053e-06,0.000167463907041262,0.11846947706782787,0.011241344197144074,0.028980612773522266
21,-601.8661983861327,780551.2180905809,770629.7914020321,117504.40492962,61685.22541472694,84570.70080040021,251968.5062403256,16870.491906490566,1007.8895443304414,3015.4208697492786,2495.921367725267,122.22219481794379,317.6858052185486,999.3702511745673,33424.0088307606,11932.340078152356,1260.7439692644696,7.557130706808619e-06,0.00011832294771637426,0.06894031552162092,0.008660389887524008,0.030189189296768924
22,-495.99938724859413,767875.2039870654,727060.1799141035,116682.04687945702,62849.89288154009,51008.38310245747,282903.55895336805,17004.356584961708,2601.9767347902252,3236.6574257039524,2644.1357480038428,72.75480451811792,466.78386977224204,987.0869850654173,33343.26166467614,8983.336636302161,741.9745110513993,6.202681601533832e-06,0.00021572200920144893,0.08846376330466747,0.009195395025638051,0.03110763592500522
23,-458.8110714803147,745150.9069614349,714537.5891044579,118310.01246498786,62900.322382317296,56380.34434278428,258377.43387710024,17468.512145381883,1810.7666909989678,3359.956796399549,2443.964112601337,171.36445128021865,395.3608186436276,980.0552277602108,29108.81788237064,13933.308180495593,1010.0710662348205,5.5490484194853195e-06,0.00013568986130558323,0.08473640289554518,0.01518584426067029,0.024398478151969886
24,-686.1664466517766,736192.4455466997,734969.7698017401,117120.406826656,60237.218769501545,62680.66341649629,251025.84633448313,17682.69256910042,134.22796025649427,2634.7893729991383,2488.5886984228464,93.09564400722583,272.6380364494649,963.8004902253239,27831.200478344897,15717.672465429645,1180.8395438530622,8.266856662622304e-06,0.00011366297889312926,0.054210699294424874,0.011015683433664906,0.02751452971083931
25,-497.78543778328617,795883.3297943712,772712.1872941727,118896.08002618926,61221.85606100616,48125.40784408628,272060.45998083125,17016.135101305998,1065.4314853866047,3396.27354064153,2559.934192554478,196.26413683617812,297.5745246807466,1067.286871888763,33729.89115874936,7846.042166928362,702.4156481601098,4.548589570561116e-06,0.00021623028526335765,0.10922230073272586,0.008831581361736889,0.04066751338429346
26,-588.9153833496005,784543.5892017708,694595.8231453713,118027.58478975816,63778.00938548255,66549.91745906521,694527.7196720089,16696.466013148638,100.0000000005406,2752.9057906922367,2947.6540766300404,112.19887873088773,429.074670486363,875.9449580233096,37158.365185451,7519.665323484783,850.1864713575534,8.47410757342277e-06,0.00019124365597537134,0.8896595250244109,0.005915811384779135,0.026660138654366585
27,-399.54515357705037,767675.5227274157,747784.9225746195,117030.74743117914,63950.03189604036,76051.3458694902,274905.411212868,17201.25766010747,1355.761289608853,3104.358878173504,2404.386992737854,109.48197424716207,500.31457463986914,1259.3410805550827,35075.92584744774,10473.21564285143,1104.258359279871,7.109425736381323e-06,0.00015916676477059058,0.09154501375687842,0.014457263587451098,0.03257898340056446
28,-378.9488390265969,786333.9458525635,744878.8927983629,120961.61546338923,59122.493435910554,62794.38301831738,354868.18253764446,17130.119916139312,2424.5012908754993,3268.0663714140987,2757.742353755339,347.88535575531455,163.59351938780873,700.5046914205759,35942.13063764789,9331.331042870983,889.8186143801157,5.88693311287234e-06,0.0001600720013667436,0.11689573547310338,0.010335578166444674,0.02926649437119738
29,-498.2546974275876,765576.3065155705,745463.373977987,116409.31615201548,60255.07678620518,69751.8821700295,378235.0569818776,17286.343286805506,1769.367728992493,2665.2610435701044,2472.3209059237442,57.320424870732744,257.52794046618266,773.75350134629,37300.20708028352,8569.058087335476,877.9979110721323,8.710870621286293e-06,0.00017973697233224844,0.17034209246589405,0.011862136360482308,0.02752297547831625
30,-498.2405682461581,726022.8085388811,700895.7808759814,119755.48375062725,61214.692193975534,51525.02429083294,235621.5741274135,18034.849190570196,1248.1264869211725,3749.2420002674453,2720.8876145749564,223.04436762225387,316.834639766732,902.9869204396277,31381.363401562972,9758.56260892851,754.6679157204953,3.5382185171576858e-06,0.0001987157386428205,0.07237820323478374,0.008848682348848176,0.02340953076923475
31,-636.757191352128,743646.7704612368,724598.1920887064,118802.80516319758,61364.56162478316,61752.38237138763,321240.98384789814,17795.199791186158,1063.8806797963393,3058.280289780129,2503.6505706732346,209.91118510721935,361.60487048081865,805.8496784892313,31571.981309002767,12037.03514415833,973.9860441096532,5.812978818667473e-06,0.00014720159920024104,0.12049058466130488,0.014633808362004546,0.03196605365477477
32,-543.1875893023705,808482.3242467585,741609.0802519268,118398.68512775852,59347.57737526663,58014.49523342063,573824.0006892089,16722.4357351013,4216.770541103708,2821.99737349197,2715.261668329644,175.12012304428862,192.80700568507717,730.237077972382,37008.33982312281,7611.371425962838,855.2806709138464,7.987396380782533e-06,0.00018707151907313557,0.30730254421771047,0.015628527525155537,0.023671477378204284
33,-517.8799717387503,742496.6910126165,686248.4214770779,122581.23023683406,59560.013972187895,50537.72298626586,380009.4069683736,17211.70847848001,2480.800452934093,3295.7446595407623,2885.0180065843847,432.0868641506605,198.20470934527333,698.9480374126972,30907.8608556348,13777.749664947982,794.8861159449741,3.1959647765945495e-06,0.00015613521974912586,0.11234777617081292,0.01187397545486584,0.01711467247836916
34,-458.5266480533859,752912.0415801762,685897.4914272124,120901.7947079322,60468.677469370545,48000.00000004841,320842.93376504915,17772.851212179583,2877.8084423369223,3653.0142677246963,2775.3113642270005,315.3942974687301,295.47205196618205,1077.3672435100498,32870.14198124589,8647.922103369576,748.0094217017322,3.9605536611898685e-06,0.00020604098065520068,0.1257810969185079,0.008247569929852802,0.022277537781353534
35,-471.4119433911005,768966.160424396,739029.1085978886,118097.27332498056,66203.13295572533,61055.438554811764,257776.10278290405,17198.308730436725,1509.1353634617708,3412.4938631488267,2480.1122172247465,160.88628745441963,688.3724330749471,1222.517818033312,32017.658481614653,10131.821370222917,910.9007444325754,4.6602059947432445e-06,0.00016141442875008136,0.09676288395788858,0.00849814932600096,0.029655574581052897
36,-610.3983367311272,760031.7178719894,701014.9822543969,118873.70327236522,60700.23920440528,81983.98872345091,391855.80854629236,17449.502357670503,3428.448315122086,3031.4632204168433,2669.0882482109414,176.3500317232947,347.1741657937105,890.7425251354239,37468.61585592357,9446.224542671724,1018.9094498823404,7.112368639329427e-06,0.00018212436397344682,0.17454878071800073,0.007198912733388648,0.03929402261814026
37,-480.25120577166217,819505.8507086233,784707.2449936534,117903.96331707884,58769.872873222674,88315.29999142786,541972.1882592259,16515.8998429425,2586.451374455914,2819.7531292502126,2664.805717573107,156.9758495861414,150.37184568673223,886.2887026617254,43060.39840591714,8213.950622390965,1084.1392790059695,9.191632434866194e-06,0.00018001253990790661,0.36081666280145286,0.016988668565764586,0.0329774917662358
38,-549.63693893614,755695.3775073618,726026.5755934198,119063.53710334076,63061.32892295862,60468.72361402484,360932.3063427616,17860.41440667043,1862.4270005840508,3089.2042727230532,2682.0339813760793,144.2105076966269,392.01436234131774,787.3380642895714,32329.372541635847,11107.555261058387,913.5258792307382,6.601153616229971e-06,0.00016627677310418178,0.16176724866500605,0.008501653234163816,0.0340557804139241
39,-456.1165204809813,778387.148326624,732685.4165364299,116998.48898643757,60441.36022919795,58110.47953392916,512911.68566222995,16769.399260268558,2598.4161934844146,2813.593891045142,2821.0778322270853,102.88082117494392,206.02880315998402,767.3101623268782,28305.442227016098,16969.853665362396,1115.299599496511,7.906246558219007e-06,8.682633204479168e-05,0.258793534742884,0.010328253338072354,0.028325077885797745
40,-507.6727785515521,819118.3903633902,801288.9862333552,117568.42841296279,59270.76847181085,66860.97663069933,372413.3252241268,16827.99156052704,1836.7945274873587,2714.6680349921908,2539.7282192078846,110.78249417952023,178.9311874979533,807.0160979607059,34694.69004609227,11403.833981563412,975.7113955179334,8.190043265539625e-06,0.0001696451984250171,0.12704569883125516,0.01589194755597745,0.034913387966079706
41,-465.2709611762305,790568.4046336467,770911.2533578122,118418.11866019017,61575.59443917207,65411.934787237,390141.538448869,16701.305063142456,1772.0331136288387,2940.9211956953973,2655.694893411473,127.08291534253853,342.6253229480136,955.1473488950847,34820.06687297758,10537.571802548322,967.398044453667,8.02272112971121e-06,0.00018964582866684858,0.1180023119179447,0.009738341907310741,0.03064190905218167
42,-557.3511846646368,767481.1834924386,734426.2922861002,117402.11652849334,61432.603212638816,68999.95437932886,238890.73688712434,17393.69782061465,2032.8375200312446,3287.491524515121,2456.806311867865,142.93188803490077,346.1055243322447,1025.759793003043,33288.72015217506,9721.750409728853,1031.5394429416103,5.4289121537527855e-06,0.0001667287644799126,0.07248970012353974,0.014796495841643359,0.03632158678909926
43,-520.4700963007207,775695.7010239111,732415.6563150819,119214.78563189959,64733.79082294985,48573.62113673348,310834.65580334736,17146.463296298814,2340.6900462652306,3112.8391744186874,2605.779493113167,197.93548295229687,438.7881333683534,948.3861877426891,30224.61667356006,14284.667788697521,827.717878132204,5.088153017192446e-06,0.00011474568354399159,0.10859077537991599,0.013874023178097765,0.017256598396059034
44,-492.10942142815287,776081.6857290391,761690.865955808,117318.83131633287,62364.28407548502,61115.499696094346,283373.69667511864,17382.194003144625,1082.4569812993059,3026.3211523127425,2319.6641594943817,162.12393078638334,336.8660544637942,810.0219934257751,32180.25084298989,12074.809990669726,1001.5373708519812,7.378644260941183e-06,0.00013880373419709993,0.1132535788563306,0.016573728487314466,0.026133038680720554
45,-452.6252449311538,758794.5167514121,750805.5125954928,123167.3239361418,60581.718787152095,59452.70652652959,381075.3727711565,17506.773092331903,325.43000916372426,3456.727594781726,2908.105222625551,435.65184964648176,290.93602080698355,731.5616429878556,31806.23513005911,10875.450889171434,919.6978978392232,3.56991994311636e-06,0.000166477567937088,0.15417280955012613,0.011435006716089798,0.018559075295305493
46,-590.1219589987077,735574.0943140087,684538.4458147998,118625.74414016417,59575.21234672742,78204.6386988322,298297.8107185007,17922.520289956283,2442.181165341582,3291.111162682862,2700.9141631570856,179.75659816899528,194.18482519330973,770.835923309492,33127.0922551145,10333.112312811274,1097.0229401548156,3.9986603819630296e-06,0.00015212560792517615,0.09942355217963811,0.014163740671434872,0.03354411894155913
47,-538.6008057515064,767257.6986936205,677701.4171419542,121202.80976609906,60102.142932329676,50366.04096383121,609227.1574763816,17485.299007999223,2669.419303927242,2781.494395897859,2819.9524108571895,326.92388405443626,254.20088533658264,803.0871468465192,33073.51452614913,9022.47045158104,753.0378033341818,7.913342716127164e-06,0.00018157449093991984,0.5678874334087807,0.0112876028872428,0.035200547059262
48,-476.3980323455884,765023.3905735143,724805.3498965251,117620.28314296779,61853.70747853384,54369.913440271615,275545.4428338615,17096.027366046175,1987.4645598370582,3315.507641184021,2604.2277412970298,136.19746204045111,283.4364588154003,902.3806222935266,33114.1243222921,9696.716155372009,868.7530821162777,4.6621278936539375e-06,0.0001627007949276366,0.09575348970267093,0.011883823860781137,0.030764595197575514
49,-526.2332821111863,758762.2622939699,739198.0094785672,118840.00626036832,62170.378485981535,57921.925363794435,334442.7245049707,17134.947508775746,1399.1763528459978,2940.243447333506,2532.0054784435615,172.1906823662446,409.5552265950091,862.9733201230313,31207.951769351846,11351.249288373347,864.0876774599391,7.105691923599083e-06,0.00015694249023312268,0.0999979782095706,0.015616149856689578,0.033835938374915
50,-462.45526056578535,812674.3382052588,803211.2071924544,117332.02358276608,59705.57467373685,63163.63613189886,412666.48299267405,16645.954960592735,935.2292329701473,3040.988266481416,2534.4662443957286,99.24814429493766,207.51928932354258,920.2574695276822,34701.11121457125,9690.637043067274,930.9784011360607,8.88912713522235e-06,0.00017516741559731096,0.20593139480400263,0.009572272397216485,0.0361514851925751
51,-438.11457172033204,718343.7874828227,672602.3552048978,117956.7157610806,64222.698673779785,63756.783833285706,310295.068508763,18056.891203613297,2193.169699491672,3379.460640020652,2635.1149507402247,151.86764098559453,535.7334252033738,1193.7214519570805,34544.54924386155,8735.702933582537,847.9780027050109,4.414540800367568e-06,0.0001923824288605704,0.13590972698426948,0.008924929183602782,0.035403129198563345
52,-410.7028004326788,747870.3114146092,720101.9946926854,118377.7911657306,60075.00834114584,55109.22700588175,266981.37632866576,17817.801353726063,1587.0693000499869,3404.907508604515,2599.3016781454166,161.13498230246202,264.56928581013506,868.042605974094,31791.136857593185,10104.017911803241,894.9294404358932,5.096116267869852e-06,0.00017190505176203,0.08303309229826819,0.010988509891713141,0.02965175807919254
53,-502.2856400794525,773439.3116551768,743755.5341408752,118412.69196152689,60249.53115320612,50439.399021222525,338793.21365035017,17207.442914348554,2708.7790121193666,2863.663729001411,2485.5839313500246,129.70878121218405,281.99009695288527,861.0951725240665,31989.863232697582,11365.813282099436,839.7511361681594,8.118066444485941e-06,0.0001641974595703479,0.09881972361371469,0.013919989268056343,0.020766834864803373
54,-457.9377346573541,772011.4823146266,743712.0055499118,120684.46675485779,60373.3734561579,53112.605455162535,357309.2494621207,17207.510851555475,1423.5568166774417,3079.1595591781406,2590.7042178952693,245.86177360787667,237.50902444377235,897.4731391311443,34214.78011504079,7279.480885639799,755.6174505359261,5.709687948697801e-06,0.0002175205028984161,0.15743003976321765,0.01352825313338393,0.03310288433305468
55,-481.66976351830095,753229.4245809716,673733.6982216404,119299.58085879387,60874.57671562548,61384.064887495384,456853.26234607253,17686.37001448179,4867.293965074136,2886.471675982539,2552.2003512072706,273.74817231327444,368.70999594824656,1007.7188199315613,35002.07342436652,8275.128864708442,852.3933318497056,8.116269953752152e-06,0.00020934535457683577,0.2634134246984128,0.015011177469957932,0.03151343330572502
56,-436.0927535809869,753774.8206470452,726461.876565358,120919.04901397355,61182.76243129105,84940.43048840304,247316.56340009952,17477.202766377133,1263.7130021633097,3535.91135189398,2718.5542025082145,319.01284177816194,336.8922518242938,955.767943088472,36054.04564482397,10248.67432483059,1067.8558543474103,2.9152698856959106e-06,0.00015649117705298632,0.08084537087774073,0.009044861852517391,0.031352522458000465
57,-578.8688609267538,797725.1459680939,755604.9484941874,120210.4394559433,61880.4211188975,76698.4099268044,418785.204080661,16609.706984113393,2344.960766766827,3016.173343971114,2826.7089350803185,254.0428410424028,318.62344000698505,856.8683686379268,36121.88089036671,10609.353388110545,1040.9356503368842,6.6374120386171245e-06,0.0001547674388385223,0.18271029375712972,0.005439706565543081,0.031937965894321955
58,-589.2475638647273,756195.187254815,725625.1269130252,119991.1686215054,61373.152116014906,54507.561190558714,291803.53182549105,17374.81733082474,1664.48630226944,3149.6361556472816,2692.745803972339,235.99429625792612,332.56548411408664,907.8036299480476,31271.899304963437,12423.231314934426,849.4956308702165,4.834092789741191e-06,0.00015582749036615294,0.0910417115382051,0.011209443764856986,0.030502227022952366
59,-551.6060280699044,780688.0385010467,735350.4554562632,119087.24394755461,57309.04856374988,62018.602164753254,316622.0689110959,17234.06881497047,2878.3445707755764,2937.3329469231157,2731.021827582388,194.34749283480178,102.56734206423432,771.2704172240126,36346.82398633498,8980.27825296366,845.2977332151164,5.987087323311497e-06,0.00019488055235516094,0.08306825567200557,0.011180286024365252,0.03726328793238997
60,-563.261900829541,740237.5881623948,694995.004565798,120133.15775303879,59862.806518994075,49155.600763726725,250260.41743492382,17222.39276640492,2445.304872103505,3109.638773662295,2644.4228028623183,311.1512137004791,206.1169049651294,727.7183235305139,31134.133442756076,14302.243949135634,776.4971610435515,4.409967506335912e-06,0.00014938212122182914,0.06202887547814483,0.011631904353304273,0.03603066737524648
61,-512.7204061283961,758454.6010033878,717600.332939979,117718.94323869362,60745.61210911409,78505.36259731182,281957.0073730525,17743.34721744758,2332.371884758699,3194.0299113466735,2579.183863309758,106.78840701836401,252.5918022434526,986.0823896412209,36777.05895803068,8867.933250909962,1086.0222591124354,5.741066467662541e-06,0.0001870662295173701,0.10489605372442722,0.00961968962027436,0.04072276696308023
62,-601.4110204534812,753766.6909932109,723957.744770491,119145.48206183857,62674.36925698936,69454.60296255407,237395.4869801909,17341.008035917774,1546.7639755493906,3249.860479855238,2637.4308507784267,185.9580212349798,464.07994302585143,1064.100203327796,36325.33586444256,8544.365669264886,886.5039172024261,4.172288194752716e-06,0.00018186236611664557,0.07478500789723941,0.0064252135823238184,0.03346367362514286
63,-633.1519499303228,755661.1567167256,724072.9025666777,120822.26630994589,62919.68459181249,86630.58520383648,304308.32749603246,17463.080906983145,2207.4414730816184,3017.828359352138,2466.1979066437184,311.88748736669817,363.1967284704559,893.3552128226169,35332.940037210734,11893.370680147313,1230.4838929165926,6.537612009029232e-06,0.00014324464345804225,0.10359274994696964,0.01345250333071193,0.028853156808901385
64,-543.2870245882555,754327.3281680887,718131.5777658005,120716.9285700513,61449.70978619073,61032.26792607859,374136.46665114665,17544.309641021366,1849.6704759187705,3153.874993641305,2671.327864482584,285.580304218688,374.8468577247738,786.9037077979165,31925.290535923516,11367.664399798778,943.6796110770819,6.014134139917904e-06,0.00016051432246552615,0.16328778517127393,0.009715409480290827,0.028932129725489496
65,-478.8239830191855,768369.7854144531,735439.0236039516,120261.17625295173,63024.908709263706,69716.82080417477,272320.19283112016,17647.489432495764,1425.1268059226684,3354.3723402495793,2634.8761530550737,308.86671043811754,448.12652643467277,1031.6313106773855,30946.509490845165,12375.005561321108,1140.7329345707399,3.61007667197899e-06,0.0001301534380089154,0.09451560311435092,0.012966933733282013,0.02675917833945148
66,-527.4359152119868,777014.9619232463,735573.7554451281,117236.4468164792,58445.57583225109,56588.05034271637,447462.0093884172,17157.740942616605,3335.452025044517,2829.904693639097,2535.2526422264073,137.0599165706983,146.79763983574045,822.1286748223032,32444.32897095691,10489.485811977063,885.0018718019729,9.120286785200867e-06,0.00018335712580377466,0.21629729391968153,0.01261447920365125,0.033469237512552534
67,-642.6218041491659,775531.5296746554,741029.8695471223,116872.81368780285,61501.20429380283,57370.38524632527,348933.8501970324,17171.45324268345,3139.341798126606,2825.1425289126278,2464.1958349405045,89.86187118035099,309.7641169753924,868.9487886274522,31859.350875751617,11566.729442701244,909.6891011897528,8.483464453622526e-06,0.00014625187996774455,0.14073243247889503,0.01365043157523323,0.035307979701690584
68,-461.88724398218096,810497.9685569041,769140.710349875,118396.83473791872,60153.32387709566,69152.0110455144,407607.1447678872,16652.066389804804,3138.906955695439,2938.449224342901,2683.574942170727,213.87996179111448,217.7054448603266,804.2670603726087,37607.2343972896,8783.361648096254,984.0563416127408,7.52416290360848e-06,0.00018464204544797335,0.16966552424291645,0.011803687911423581,0.028197190067082625
69,-557.6696083437035,728109.4283747645,668403.7821357865,117712.86376376596,61332.460925565,48177.96022381389,615439.1010766746,18077.076334710757,1610.8726087526284,2796.843611569232,2891.1429481184628,124.59038528307998,342.24596739325625,796.5724189175886,30213.889579073693,9071.614973967806,710.2432015745986,7.828368192958346e-06,0.0001809567573735148,0.6323236864201823,0.010217117789309359,0.026875155882123847
70,-531.5401229213154,728571.5494531523,702186.4060693643,121002.00155156,58780.629977063065,58600.444691889075,343057.97733517276,17497.086994270834,1192.828711643451,3447.6130537423687,2896.8467678036172,282.4717081328403,144.81114633206272,646.9032659482617,28501.41053777286,15277.133177566468,988.6905369596234,3.183444701299382e-06,0.00012281847267417675,0.09738463287214702,0.011266317062829897,0.03633802586959307
71,-577.4453841746517,751309.875469119,714808.2771476371,117897.87242055187,60433.03225563783,60297.26179282241,274103.0512172732,17164.082666997878,2315.276312599526,3012.173454689988,2508.3255316794202,140.16535838465325,265.03922359643786,746.2991302511908,32584.231155427788,10333.72982815223,918.4509208948266,5.859033513422329e-06,0.0001742985299508075,0.08495337715149022,0.013849010418741479,0.023130233789710148
72,-570.2380901199164,804500.7791279308,769460.5372020532,117156.01259156292,61510.60550785267,55991.80730951384,376888.56418625085,16836.418643020388,3318.05273986642,2964.242892628957,2658.993865032667,92.22588100079957,339.64194107631414,781.9137225128743,33356.72077039714,11318.15263899542,910.8767730407936,8.069146120637056e-06,0.0001463440891783994,0.1151748718606029,0.012397581183074267,0.034079576419670736
73,-509.7194730056958,791710.7196400202,737992.2837167155,120618.64420417891,59486.3033558805,54844.130106491,510344.88586981414,17180.802161962576,3008.7335230809686,2940.15953595919,2753.209962383925,246.69960574491165,199.01408529440357,746.6330593329908,32286.95810448039,9644.230430207745,855.0773024158873,7.664513626913345e-06,0.00017581703276492393,0.2810577812040644,0.013524108249730304,0.025310989828735215
74,-487.0134694125966,755863.7749260451,723233.1361139799,118773.57154055001,58866.861893912224,49421.58528895265,395212.2646327325,17383.86304026252,1506.8594466539942,3299.273200351472,2695.5264176468463,182.75443614442065,163.1794196903722,738.1174035682648,33944.6473007549,8652.636208007743,735.3194630504656,5.182822375658882e-06,0.00021871490725890167,0.1603643225527685,0.01520347753206027,0.013919983575228079
75,-606.7052504911857,757791.997229239,700252.6678589599,118899.08742799729,58644.835142131626,58811.84786573881,358294.1060385446,17655.426334157142,2588.90385665431,3188.4379349269884,2728.882921043645,224.57317111058046,161.5689249499491,684.2909981052838,31538.686605500683,11062.1350133711,907.0459050619696,4.042808596193246e-06,0.00016624388721024313,0.15212733963200772,0.012153848039321487,0.02581868883230021
76,-506.96260263014636,735018.6103815943,645887.1065447724,119521.96925754297,63917.27624146523,55913.62937267737,307330.0070132354,17721.795008620258,3603.3270262500264,3284.806809713996,2654.592368113815,229.4174876938374,450.6679160653892,1120.006829082542,32974.45580521012,8816.669293973402,751.5068843355679,3.066789721699324e-06,0.00020985955566306185,0.13826096247195566,0.008587675634646907,0.032980465663904876
77,-459.7926583783551,778855.6800926265,748905.841939402,121885.5399234242,59339.10819368545,59213.06254165226,352510.67738962016,17076.920373511504,1824.8638257700597,3083.831452539706,2635.8130621495034,358.4985423924442,220.09911870145294,880.8360648507767,33324.06717169288,10161.37935544337,923.5363606551842,5.992201460461474e-06,0.0001483995901620327,0.11377620461741147,0.014041042723011703,0.032767087755750636
78,-397.89285931116876,726945.4571883603,681579.2373095611,120992.64040887798,59138.088856129994,56902.23975812828,401423.6430269516,17871.737359461484,2429.4354470568574,3257.111141016915,2692.6813483421124,336.7180475197779,233.87667219445305,811.9382553696316,31029.283887841593,9204.139752287034,936.4525565570866,5.231945836699567e-06,0.0001686304316661566,0.15175588544348312,0.013771016042029063,0.025993968108758595
79,-495.35415195341733,771628.9666015243,731317.9822719796,117742.91464366425,60731.49631109862,71075.03219701815,476705.4774217615,17249.802039135317,3363.1407172959935,3133.6218396424724,2787.733015933553,143.59360094849762,287.54125398466726,878.941496461647,38454.59983819835,9024.306227662853,885.2177770925435,8.351402757452267e-06,0.00019313604000424365,0.18000637116401988,0.007721119144450754,0.032430711393328905
80,-472.97542848101637,807202.8687220371,790921.9752441942,119046.27170914326,60675.32855860323,50872.1715942877,342556.15638040105,16553.886003635835,1409.3022792785719,2769.2757284091995,2424.763627887918,221.5620369349386,416.07910306426544,806.7553919432247,32043.32170753234,11581.041784429162,855.5144869728423,7.700278118502169e-06,0.0001595178854586795,0.12151670340181087,0.01705301521072212,0.02353055590060478
81,-550.1890030130178,812822.5591138162,792029.8735755439,117070.91909082931,62175.09234787306,65203.71435657496,390656.26924445736,16417.664844933894,2257.773056723519,2886.237517848838,2527.2428526842386,108.35855436571565,432.0042464534052,1123.6425726933837,38415.50602257225,8888.240691388939,882.0984972634838,8.779310301646906e-06,0.0001899129627181374,0.12446997041450289,0.015763692586371236,0.023545883227663055
82,-395.27576310201334,818946.2138653151,800237.5941823445,118754.04031097409,63537.13938159162,65623.98686228247,373089.97126062313,16469.11696923221,1294.7655141619275,2899.741263221917,2711.4172501524,178.37576005530224,395.0052512517377,921.6556405808758,38833.307810624974,8516.496452040587,948.6464226931076,6.554717860136309e-06,0.00018114726939087077,0.12643927351927817,0.01202390565110561,0.01904160723038269
83,-381.75634328552053,767932.7768372447,721675.6814670997,125977.68004222953,61384.37701718905,61169.88069064345,352365.9825998897,17254.197543466715,2864.974999829675,3181.591084862782,2710.676788997632,534.2713834926886,296.99906510589256,916.7413607369108,35199.88064582687,8826.978004135924,851.692909924787,5.715782567520094e-06,0.00019356127891478138,0.10777178385736533,0.013383336077230553,0.028852666553446135
84,-483.34917673160373,755706.8701362442,726261.840750102,120648.4363800968,59414.00015863244,90216.34773437808,265815.0322978297,17431.620397288883,1771.778353602202,3108.465223971183,2675.666717609436,307.06884428498665,203.52963141566028,790.0322405191561,33711.82447682738,11352.031706221389,1256.0885259574238,5.0750825740942794e-06,0.00013245684064367187,0.06775893834622643,0.011538638835443515,0.027218034684659515
85,-607.4021901311038,763080.6526683915,708775.7778261658,116929.63840673215,61204.70348314307,54017.295998915884,337920.9742878478,17285.382028296175,3214.832311654974,2835.5089513049766,2449.4517373766485,80.50004502697026,269.3088523578552,826.2349830888371,33396.28492775006,9016.362473309679,769.3140394071378,6.6673227110317565e-06,0.0002199512327649515,0.15060668895208598,0.013226759082247975,0.02957098690857582
86,-382.671062528895,767064.6421088441,719738.0358338655,118315.63578680874,64881.3983002978,62676.36178017432,278545.31633222196,17217.966560492892,2535.525801555724,3246.491315236552,2529.561618424356,181.10057361149694,537.8862838034354,1108.7648059835021,35981.41061881493,8335.33278467706,813.4547922978682,5.248465854929705e-06,0.00022110180733305395,0.09366828134663531,0.009033362627584238,0.0354650006279661
87,-442.42539351872426,761841.4371609478,750011.9781106653,118007.10029842728,59192.37302668619,68350.0579312716,299973.266767119,17783.043594735907,690.6116141272545,3058.5701567699584,2637.7737385779315,154.5743521997595,193.10643003231274,744.9025361175502,34278.95292802634,10626.405019811984,953.2390434470582,5.4671117897335034e-06,0.000181241379849944,0.08823713375728628,0.014521906985459387,0.03503892361435956
88,-481.60638187136647,761917.0245170449,718258.2759445437,121085.93552588456,60142.17476200397,61478.92463019135,348142.9462407215,17455.88678263493,2242.8712404227044,3147.428646468399,2641.903366656644,390.2517761801231,291.96779863641507,903.7194864587406,33112.01820526613,11074.197308547644,885.079875880611,5.378744739322848e-06,0.00017001234770597213,0.12498897569722713,0.013320586350931212,0.03216685945228457
89,-494.1038943350205,759010.5275553281,718908.3567163063,117818.84402046418,62015.34674758056,79624.78418205831,342371.60397164203,17226.03530070833,2795.8883024716215,2732.781148877197,2476.9306120683427,166.19026304724864,338.465789004377,932.9134414346881,37667.363311320565,9466.215197845437,992.3426835408104,7.370937339428112e-06,0.00017514154327415445,0.1446586720337259,0.015004378069930362,0.027242539347320977
90,-438.6030677890774,748524.1519835403,714736.5399253009,117952.02340879824,62458.90684997589,57441.45416767364,305569.61901766993,17664.35696468949,2099.112527744697,3248.4583809028263,2551.9358836114775,127.61796888767894,388.20708125106586,774.9942130822583,35145.703276964094,7826.608469227047,792.6424253135001,5.640439026920063e-06,0.0001986261064139508,0.11032549236893868,0.01377125523774881,0.02585955816330209
91,-445.5920717235097,745710.9983889911,717107.161474255,119319.81937426169,59618.42061912184,69871.84315303732,431765.854624749,17801.74418235575,1547.2334341071148,3215.2056326799443,2718.25720648662,217.79116389454234,203.7866446067729,736.2436639101356,33361.10222668279,8258.074428565113,977.0636637539988,6.540592773960408e-06,0.00019038504055858668,0.215137248272627,0.012992139372549913,0.029686658744846987
92,-441.7391316247991,798010.3808570438,764090.4265178437,117158.65061013703,61020.62690614275,78194.74643780354,314417.08113712224,16965.787774960183,2598.8539170203667,2888.5315184397236,2554.4923892986626,101.42616109102038,282.6952098779185,835.7334986305333,36676.947848394906,10268.205281725173,1046.76298357909,6.993539376644147e-06,0.00016096488975441773,0.10907461017663209,0.009942942539072267,0.039085826877702595
93,-490.66231248409855,799422.9865633841,774145.9639359927,117635.17350618333,63304.434728866545,70554.97006716678,414338.56196711824,17070.191280309617,2464.0189389423836,2921.3803899114505,2622.4731626677576,99.01097214732047,467.4825143935838,1198.5393233005984,33171.569127936455,11461.6872228873,1051.6836860234625,8.832834691444964e-06,0.0001508629707844335,0.1899238530154284,0.008801825495964491,0.03407060499283746
94,-557.9412214828604,770384.8837824314,717466.902718348,120913.21621193257,58877.124165439294,63845.35672488038,294868.37966448814,17090.75880756577,3694.557895436132,2983.270119142655,2594.3371390700736,351.66748769227985,158.4982328966995,723.1757260136728,31991.70809962034,12476.8914325466,1021.1249944472877,6.2387825753200475e-06,0.00014243509202383582,0.07658794352705127,0.014877700426913306,0.03355150898406534
95,-353.13371987501074,772859.0713691042,745334.6107429685,119949.73635759896,60646.5760894648,50298.906868137536,424874.04993330134,16784.310726670978,1643.1881750447915,3122.2265685695215,2694.202927133007,247.93694432843768,259.3065474917666,777.6876476697691,34796.531563546916,10755.235686525348,732.284367195681,6.8635465313511535e-06,0.00022586997065988064,0.17176971222652895,0.014028379814076758,0.01627065483151925
96,-640.0397678782501,753077.1158246935,703743.0438154641,123522.21256800152,62491.925671547615,63974.675310329956,268453.15762274514,17486.695681890393,2113.6557720903143,3577.6590660766733,2705.9741571462446,444.0566938948252,402.1998779826965,1089.7831463942346,35133.202019832104,8658.225484708866,920.687985001991,2.984702250482187e-06,0.00019627917195074482,0.08297869562923918,0.009821329845674123,0.03648412747457571
97,-411.54364351351103,779949.062613076,749491.4870775274,117674.13733492042,59063.580929756085,52518.3964950242,391102.9747688204,16817.270778987964,2251.3530009457227,2676.306305656171,2632.5796081843096,86.5774945421728,175.39947562651187,720.6007223332201,32183.56855704012,9121.77244027207,842.4665573100893,7.702905632179073e-06,0.0001689455332486203,0.1631416453430235,0.01190059976530273,0.031518376422685186
98,-443.8846030567572,789814.4926765157,767657.0175298357,119660.76455522624,66373.92118951358,48086.74539094112,255754.8778177174,16676.052173289198,1348.0424729777815,3249.4829103495513,2498.734088715905,180.2814157526352,604.6682926764147,1177.4823436946847,29928.63471407439,13425.869586087765,883.2308462157348,5.961172866039352e-06,0.00012527332884887995,0.08824681460225409,0.008295724013207093,0.035744523668916235
99,-563.6072008351084,782360.3726284417,751419.3145082706,118214.51994646357,62393.10545476468,68713.6771583296,353582.28451085486,17415.69719654331,1707.9427967961155,3325.287293033544,2726.319262260656,120.28132630068255,419.94399261699596,976.2306773568822,36961.16830011978,8881.427754748347,900.764318191701,6.209951825379431e-06,0.00020762903989043663,0.16172118120223608,0.00840711642863886,0.031272479662531626
100,-495.19738912653844,774190.2671307164,736610.9292846669,118680.0251142136,58380.53251926713,53345.26216863493,262851.78960835194,17307.23693188523,2320.6005226494804,3041.539832703391,2517.35659368738,195.70627872889148,133.70754424675556,752.6027083258879,32821.94585452526,9353.053183667738,871.620758712832,6.0306199200600315e-06,0.00016823452505686126,0.07241255520662841,0.01362469905719847,0.03639911538466586
101,-518.3933089167476,791494.0235905106,770275.5799628083,120021.81702354983,61456.28623845618,63121.73044484708,350679.4375126497,17103.354216728596,1226.0140485823445,3194.2013628196614,2705.0044447993646,258.6336194308204,273.8806464553682,992.8089746696793,34876.82049220798,8546.6585783647,934.7280003192751,5.7598569029169626e-06,0.00017110533048942934,0.1326590345968247,0.009592424288939664,0.029763134854665717
102,-461.79794372790315,756301.9967235597,723261.6197706346,117429.19133501191,58816.104848974464,68272.96351961695,281050.1230109758,17124.46943132508,2112.4121120748187,3055.48515305505,2595.192242524198,112.75952698950368,162.46937446029096,816.1208487545426,34506.06860279906,8670.79147136571,949.2286537975565,6.01088699150471e-06,0.00018172846361440504,0.07793922719185264,0.013958415185718097,0.029663611175333948
103,-438.95733013553365,777368.6347230092,753813.5552360658,118306.99028957111,57786.6335769575,53984.704233226694,411855.75883953145,17263.58502741127,1887.4334271634723,2920.4105341213212,2688.5033469416126,175.6422798289236,119.41109585778003,682.0811472512912,33774.46958569419,7536.858408983836,809.0343321344722,7.689291511739788e-06,0.00018074216926834499,0.17166045638133046,0.012443416874435688,0.025672685563488326
104,-350.88545765911425,757281.9342609108,727025.3343712059,122048.84274305032,62942.407933791954,56744.882477408035,330892.7203936875,17302.4029081392,1732.4192016919317,3298.637621762407,2730.4183809602,317.2950260812115,466.0532114592095,1017.5198789546873,33181.846816584024,8282.4873927001,773.9253614733399,5.214696774392362e-06,0.0002067062829709873,0.10418883431573019,0.008564102369838856,0.03698289537035281
105,-415.4097116467067,754848.178424001,725994.8916609504,118002.15915097191,60841.05575143316,57367.83732990956,333601.25692527066,17181.770745442893,2014.4806591326255,3012.611126214865,2538.947255087092,170.3289598646074,261.4330094514529,794.4658194643247,32121.683172191406,9772.45184131563,836.1921695303184,7.108279431729443e-06,0.00019394586264560474,0.10492210734399549,0.012530285884881958,0.03170040945478315
106,-550.5783906192744,804976.3106168612,677319.696967177,119271.27431020502,58170.26897873673,59062.37027500056,677319.6969651845,16910.779949199277,907.3024509008668,2877.3112738573063,3077.108519028713,207.53218384482017,134.7384857402802,747.0587287201437,35747.39027075104,7996.6101441981955,873.7440394520283,7.253087093599342e-06,0.00019501247922651716,0.8001341720659725,0.00876163998742881,0.024622380252706987
107,-390.16804605724496,784172.3688577177,761515.6593518062,117129.77211978762,60574.60949454178,56668.339946409964,346034.8304037742,17041.859594442067,1750.5756396225236,3053.348684130664,2685.7856552474864,102.96402090107992,224.51117853965346,877.7695239501008,34757.076558288754,8165.761801043999,796.546230674229,7.534001919954087e-06,0.00019810051870778253,0.11183927676721434,0.009055491126870553,0.04188466768584746
108,-528.7170080735698,786494.2089574802,763377.9730509097,121463.66602655766,62702.362900955195,67630.30059205787,367552.76063155854,17005.347106923182,1316.4478814137137,3250.9623865873095,2717.8278899145657,290.6842163602415,484.13679674402795,980.7838059165568,34808.21564432668,9740.306626970676,914.21975754768,6.452498532299496e-06,0.0001889117785860669,0.1498238380488679,0.005707860063497481,0.03992465214414876
109,-482.47443098681697,755244.5934287481,732681.4215569481,120780.8681604042,60643.627244691146,65834.15849223272,282910.366648029,17564.723612392612,1138.3196376557519,3367.353896371257,2424.4589731949445,355.7532401974345,343.9956799569689,850.0393781909305,30601.275684553562,12223.655571714144,1072.6380842015212,4.601236318971389e-06,0.0001297937949591495,0.11419702429919168,0.015484128476379392,0.028332670411414317
110,-493.782204058485,768840.0806219112,719988.9683025117,117391.95382755598,60782.24852152128,52965.59651238368,378244.1468404801,17297.100529577867,3921.6897197310213,3119.489491193757,2635.4884054779814,120.00938597548621,292.33045904198855,1025.6408194475234,33458.542738613694,8701.229597469319,804.7055114440375,8.104772064110398e-06,0.0001966663975176723,0.13701709780515783,0.010679260275147491,0.03497305677888138
111,-477.30356318390636,833515.1531062002,813597.6379356441,117223.40869126888,61817.25710920604,60466.911211338265,411490.5819370456,16208.80464428729,1595.740315452133,2805.225902981209,2442.0909785161934,110.10885563696081,412.2329879937093,1111.1170795325042,34870.754947731104,10768.385559900526,958.0160743478112,8.509983058074674e-06,0.00018038181706304861,0.20710241272016205,0.015731249534000645,0.016312980156698874
112,-534.9441457023358,740799.8596569404,693417.1006730859,119173.56161015618,61782.56093563629,50498.44396828668,271014.49016972334,17860.05372508992,2210.730551788258,3566.581632628011,2775.680578472901,212.98420355167121,329.24170842110794,786.1206054121279,30116.430586604183,10910.502006411949,893.9110908685113,2.876724232615475e-06,0.00015979700067319982,0.08736838954758681,0.00867282011068758,0.016705091848658826
113,-589.3494088880343,755422.3254307779,740329.5219267486,119365.38726010885,62211.15116290099,60367.67384373413,365670.7636038624,17295.344384863638,1479.592319463884,2611.8676995709725,2505.436648309179,211.1550533292107,322.7611886221344,793.9483744644667,31452.54470729188,12533.208932658,957.2833401583651,8.321708834747912e-06,0.00014323397896891157,0.11900795351684529,0.015466928971283038,0.018001900914797808
114,-520.7250501030983,762448.397271164,718726.0022301861,116893.59374523608,65981.86693387224,70203.0053581528,253001.8246851897,17575.20403271456,2342.0478525149933,3167.6504263310007,2397.0831788068826,93.32665389566223,670.4580122056307,984.5933359065496,34731.41823282085,9619.555546641837,1071.2626926749174,5.0813226708290015e-06,0.0001634343304741444,0.109504586443803,0.009568826877283831,0.02079761147531385
115,-627.1977687309438,781866.5415673993,748863.6924665045,123049.11824303157,59270.06918133735,103883.86410614318,317390.4572136848,17156.28860271059,1678.6375569544116,3238.4685804920496,2779.4751899119424,407.1961977622572,182.15008922210194,721.9732515034638,44199.768816449185,9412.276735549722,1195.129331187441,4.660825727449135e-06,0.00015868621074421513,0.09551569689677605,0.010210580776780083,0.0327982886893016
116,-463.4387545650102,748021.5453522054,711727.0225627756,116447.90677691072,61404.87415306154,51811.89532600089,319812.9626423148,17747.766093166483,2203.0999012646175,2979.0000922558283,2419.916389647115,76.52931293014882,365.85301498300583,1056.6954792555407,31177.56408893595,12535.638464505802,821.4676245407414,6.956206812327589e-06,0.00018102354446345803,0.12212403175936945,0.018672766118921956,0.03200255686283903
117,-533.9371485275196,717469.9983260504,692992.1502468422,117585.3030087116,62173.633270177954,70213.03767565363,452808.24713811063,18251.269752003118,1461.0476268036623,2752.88929391852,2741.1466394663025,111.58972184559434,340.31756741556717,897.9839690709028,33896.04815401852,10142.149654819312,965.0581439354241,8.026813494198095e-06,0.00017893637448197287,0.2550535603503739,0.00912543290124941,0.030508463321940578
118,-426.6683297671357,770149.6145828258,729124.6740692817,118370.82926908374,65550.20366900176,76072.25836693721,472594.17599788506,17388.60497159767,2131.7356950889284,3060.259129045768,2711.3756896506393,190.82257015471185,654.9780348321816,1298.0193232836177,35373.26170466884,9739.74730784463,1013.0622889037834,7.297798441099595e-06,0.00018243595324139069,0.2779292119864772,0.008663447235806723,0.028561543461445585
119,-429.5255900882878,753343.2535992416,732437.3265662821,120766.0260238477,64305.27117105082,60957.56562460431,297056.2857205829,17540.100488581837,1096.884974484729,3428.0347825807153,2739.080652295133,309.8044552489319,528.0878064717032,1021.6092376778182,30857.68772022439,12422.445215551079,1095.5533469773377,3.915618378420663e-06,0.00012347713297174162,0.09871924248509191,0.009278598167811881,0.018800465406947613
120,-395.7993396666294,783309.4180324466,759494.5381251465,118062.084984347,61119.69228117075,51891.996262996865,407347.6399820532,16982.973634341048,1354.9751552682412,3137.0398662133025,2830.775941925702,130.1415864870963,325.78604296630425,906.6812301961879,31234.82837579445,11622.919561687793,859.2628259337729,5.948370693981913e-06,0.00014691788512751205,0.15497214709741874,0.008551291364855735,0.02685849449677822
121,-654.5138642972512,717538.4326781791,687658.41399871,119644.9602480716,60725.898581437854,51600.098111197636,320646.1583016502,17837.85315212889,1509.8852773334106,3288.4339315505276,2711.19241157146,253.42101941942812,245.99333439633745,747.0492878911821,30402.56917196242,10982.598031247002,766.8786789779086,4.527232954526788e-06,0.00018607698148936247,0.09778401998814185,0.012034211816631833,0.023447548064272235
122,-529.6040932431706,747171.1336305537,719931.7771743868,118010.55618767634,61987.705106372916,56105.080971101954,351318.01890053303,17817.67280825373,2110.564421618615,2965.0943531986854,2604.974897694267,125.54713095759396,361.63574834036734,1030.7004087704177,35924.50560203084,7826.4423744830465,763.037010567448,7.624349202038219e-06,0.00022035552465564829,0.13601761789155134,0.010271642638494068,0.025653324794543013
123,-550.8642468084181,777460.7673060251,734001.6307710479,120082.48296488334,62245.788403323124,58606.60699837925,211917.90259979456,17406.257224058678,2438.0132653702763,3457.367244916205,2398.7542583545714,261.3633720262547,293.88786716279145,915.836902738594,32885.856010971336,9230.879861410129,931.7964026657057,4.528940640932617e-06,0.0001781267348096149,0.07132944988644804,0.014701687062269058,0.027440475630326883
124,-550.8565670369221,798534.2771702948,761943.2703531987,116893.85130121872,63223.38202470211,61553.44111714327,252618.93122324022,16985.445876548685,2603.499438534465,3015.494422338989,2314.7668232568594,118.43765174267885,335.8780915003392,1064.6443788591487,37099.058833074494,8563.427422985249,861.8859694494603,6.644199705002009e-06,0.00020534542192433277,0.08292269869609854,0.017551369182034798,0.03641771399068233
125,-527.4631313100888,764042.4256758913,742080.3964334931,120152.77248630964,61989.69897030819,56576.51585037712,327520.15193055174,17397.907113662608,1800.3502259804602,3019.0262633206144,2480.199596815574,298.77617921463843,369.1338119797337,839.6126175113212,29580.488244889006,14404.059376262021,954.9838890716455,7.343613603792788e-06,0.00015055576016540713,0.1140814423291961,0.012385724763830604,0.03204658904766643
126,-541.9638093698579,732055.2632064198,709936.3349021488,119980.40269041693,58888.76171467108,60741.494031669,322285.1289468849,17792.993252184348,1251.1207401546035,3168.62873120048,2615.1738000015553,269.2119457492393,194.60239456653787,936.3405086800906,32046.45651320666,10211.85322983921,859.6757516755409,5.7280135486986815e-06,0.00018705257282197236,0.11899368277375755,0.011243452086399784,0.03451242401354325
127,-534.4896967250916,800140.8081387426,778103.5834703096,118281.30400402613,59474.240547902125,60985.1798627214,512789.18157954444,16863.673796494033,2561.570648077178,2594.8007239124718,2541.8381905440665,162.803591629221,176.73538010263562,725.7374224633091,33731.25568767028,10967.090306682645,894.188647366253,1.0316646917264084e-05,0.00015725857883413328,0.30783446346397125,0.0128324336198316,0.023774877201037797
128,-501.43450329579457,761797.3563244368,728973.8109672506,120875.98570609656,59983.07660227721,48604.436014271305,386692.4777750409,17247.931856576415,1818.9028704780235,3346.8493423131895,2675.4128621203017,368.6070758589834,228.3231112739198,741.7455758759222,31249.51700373136,12360.151932941528,770.485983711388,5.961616018174792e-06,0.00016917783380157142,0.139704785414888,0.013818862223627389,0.017758643636181633
129,-413.01544588303994,783621.1783698295,760377.3607822959,125233.51853827228,65420.20372174374,68229.62052327761,532762.8309990694,17112.2775188337,1458.6279163136942,2803.931773289295,2682.843004707853,471.40175739127517,482.5367618521796,1045.4933017025437,32834.10636678393,10634.573960695314,992.8231629825016,8.131064038535316e-06,0.00015078808865608405,0.3123580330972359,0.012298137736403326,0.021925097334382877
130,-683.7849960015997,780484.3481221291,742646.1146501849,118047.02877557758,63732.07611864296,70726.09542525379,322446.0518909723,17215.803292655666,1989.019561798457,3465.9426815086113,2767.6160826753858,151.90146581957347,375.4860390829355,1034.7807106716527,34273.1394267452,11311.96942633337,1012.8470400735887,5.16381990004585e-06,0.0001591941465290425,0.09379187049235786,0.011421262597683828,0.03680638593598047
131,-440.46674412131597,763659.2491896776,724999.2163292895,117780.79110729294,63209.150969689654,73825.88174639078,395206.6408510157,17152.751609040177,3151.755712594531,2697.5192055732396,2631.8280451865276,110.72659596258401,384.87287125435023,1010.002764848788,36841.620315705426,8183.648786524782,932.4814314182436,7.586980722059774e-06,0.00018654275946675358,0.1345116830119385,0.011286482466505373,0.03136165171647788
132,-539.2190509283146,725981.0345650094,701692.7523360929,117490.38421116747,61797.29811985306,66010.53779034769,295847.4421381473,17810.17058781527,1471.2344674653586,3215.70342958555,2695.0984017953456,108.33832596736974,404.6673199116406,915.6101598493805,31133.772092399227,11126.03521163749,1031.7326926326143,5.548838530913366e-06,0.0001579470450731033,0.07675561293752108,0.01197577443091292,0.033489952501877585
133,-514.8530471461097,778200.7085155833,741477.9181473796,118951.04255710993,63223.5338447426,60730.521657403784,434086.978262204,16904.822761470627,2500.0968542091387,3096.306697122523,2815.5721753424878,266.2357938652965,436.18171628816305,916.8478076704441,31152.273526633042,12230.836534023734,1027.1715271832577,6.155995608441338e-06,0.0001215304639036273,0.12318032566303527,0.013394388122811218,0.02303470788526362
134,-531.0856506596069,762492.3595741021,745599.9689258559,117674.17398845282,60097.70700778671,51343.81039141107,358919.5807377102,17280.8371254036,2168.0527172743314,2812.1734666993975,2412.41106362568,134.02088597517036,253.7090742597847,900.0539268024138,30648.956850324794,12183.971481771923,844.0714732081318,9.229776674242809e-06,0.00013677050146178126,0.09901461723768704,0.017252806444240255,0.033337110565062035
135,-474.5617827701917,773614.4553975993,740379.4990367226,118572.91142141525,61186.22231016941,54354.82507306798,374902.9881973449,17360.39964596933,1913.672695129646,3069.451658336521,2601.1453665356803,179.78083531056572,305.4374356152265,767.64183179822,33810.71144968068,9065.523643011122,774.3510615282102,6.286204745494874e-06,0.00020407433670659205,0.15165181823001092,0.01450625293398502,0.02952579867085824
136,-511.1292383510323,795784.6060317165,772009.2535236984,118663.0584024386,61521.35491329783,48043.40524697915,410590.777656497,16817.06109085734,1857.1403465717196,3065.9515091842372,2666.223320761458,176.11458698919236,385.80235148686796,805.1168616757557,30122.530454743785,13946.174418778844,863.3259910066266,7.923059614071165e-06,0.00012600964334620571,0.15702127250047604,0.011901710889632197,0.03220864551935607
137,-449.34319508388586,787098.1210854652,765303.7430911356,116765.18229065949,62433.80526674474,65818.4183312122,257232.63153995477,16636.949158603875,1423.9669553503024,3098.841817166053,2536.3859435953086,91.86394344943014,379.32252953602097,976.0976485417052,34908.23250391212,10273.827227418054,962.0922193728397,5.876671263954756e-06,0.00015855261006444924,0.07260859590586703,0.012836811936928809,0.031587791868867884
138,-387.5532007262613,776058.3752148815,744502.3758071024,122231.49252862117,61209.083564766755,63159.954985870405,356879.4186239146,16944.429157529234,1912.909852024279,3283.1918814987107,2598.8163323405925,444.9989617720066,380.3452736761458,740.3447878741999,35407.452900390475,9371.04211053351,850.4523828932058,6.368751306662001e-06,0.0002067066200716071,0.1361638946847327,0.01087610641420575,0.027073037898337843
139,-476.97793513799263,772893.0131459819,731406.7410616665,118135.13340278639,61269.84417345686,56319.89176115026,329832.088117779,16953.201187037143,2532.788363409703,3037.6846076435704,2663.2451803476315,142.613746336374,297.54304616377937,984.238131019849,36270.87170297019,7449.019564783184,727.9787160097846,5.975225126119379e-06,0.00023082842869670672,0.11208036956072363,0.008920686634768284,0.030686319705336456
140,-716.5995336063304,774813.3066265881,755698.8890196877,119321.4221743168,58897.245973802324,67304.60476357793,278188.3500671641,17106.52730267984,1155.3123683834694,3329.73821017926,2677.5322284126573,221.01406161173128,155.92731698084918,849.9448087320654,31786.26949543363,12938.852443707055,1020.6135502194866,5.19978590369943e-06,0.00016234803483351372,0.07967897143390357,0.011175866045328447,0.03702072921752046
141,-493.38032415098877,756090.7623639363,723208.9173147687,120474.3425217495,67814.12705445912,71188.19749294712,268879.9587728372,17453.777727366632,1783.5247733517035,3141.819578948302,2315.4080825923143,291.8628138174071,571.8665707133974,1111.734333542601,34894.76629371688,8655.684045475806,938.7829051506687,5.4905206054013686e-06,0.00017268274277282853,0.11369008927322881,0.01355449598725832,0.03028890921275992
142,-448.31589512453587,769145.549203619,740911.3049436806,117248.41819900926,61318.691582307336,56701.8797902535,525016.6018772728,17440.07986212015,2070.491849697244,2925.7387524241108,2525.6855492287564,119.64755418678929,404.94510003666073,915.2366245003528,34449.73985323503,8591.42487105907,827.4922247896681,9.968599193968008e-06,0.00019786240240489831,0.3428370855613674,0.015540706786376847,0.03044075214702106
143,-600.9795511937791,745658.7454414581,720187.0473905593,119473.55929850978,60723.978037214125,70925.60543105015,310224.4774962331,17454.34557384982,1603.7233771590263,3123.955337819253,2559.1123836574307,299.4505715556341,288.2964107440222,824.9220702948115,29291.54799720949,16389.640521805562,1208.871091346126,6.13238879723251e-06,0.00010953146822383281,0.10339396556232336,0.013818633342101436,0.01752460907625094
144,-595.6529153949845,792675.8397481764,766551.3228066487,117815.68852471154,60091.099826713464,86748.73955962119,405913.8052526714,16893.681718121195,1726.4770116920222,3117.233123529691,2805.7246784241042,173.6094353954476,248.18248367638384,717.6654649988845,31927.988465440187,14144.741233552133,1298.9279958779164,6.5560369689278135e-06,0.000112116923956017,0.1441505718252761,0.010927453506181935,0.023735209865347533
145,-413.8182859959096,793363.850109874,761701.154517096,116533.35069080778,58520.297271435404,77850.87552975342,366772.2441900062,17034.934972193005,2969.7477701427383,2967.7203008065535,2520.729570748801,67.25300043204172,146.11843634747666,695.4551677862644,35679.5210865852,10977.019147408708,1204.0130038119603,8.122417471722864e-06,0.000141237506487222,0.12713336765660768,0.015335318691905879,0.013805090119954323
146,-502.9114135920684,778140.1222512578,762080.4730627962,117816.34022786359,61571.90582176456,64314.457798233496,299495.5804334594,16942.27542837138,1129.1867927735439,3361.2377936604425,2467.5500432011986,143.91577254716316,357.4172884972237,1015.1682223556948,37730.17139710945,9001.57221346318,882.5942031995551,7.235615781083443e-06,0.00018877510327573553,0.11232437015030113,0.011304005003674523,0.02748001485966245
147,-659.4122889653092,799274.4101194274,776114.546602036,116492.20053676439,62030.26015723111,60024.22350963235,355072.4112017178,16770.579310947596,3223.525709358909,2757.5196050582995,2503.614551602739,72.76167692772873,424.6516493695475,900.3218907498417,34865.00980441483,8886.147252257808,939.6538025075964,8.945900616349064e-06,0.00017800457524731362,0.10243529579297896,0.013848319840121958,0.03237601257870854
148,-382.45114491962073,783453.8057089704,694867.480216759,118993.20378511655,60571.875069978145,48000.000000021806,529732.5379724184,16938.08726791218,4308.524833536106,2724.93285787341,2720.532190132265,268.4391380711893,259.9878035676722,836.0911748629039,29380.14489788891,13691.878858153603,857.4489650061232,8.036685606916213e-06,0.00014567344047472554,0.32303812568565654,0.013744686389058448,0.022859239174389766
149,-622.5239982272581,757066.6516800538,718090.4884659383,118140.27070855776,60324.34603120731,62485.6924735308,471155.7026625531,17204.70034651454,2707.68201631801,2985.2223834986653,2795.8382906731763,175.31327922417708,219.73319237910752,835.2894051489478,31520.24868956892,15585.34783833463,930.2832648730749,7.160526036000335e-06,0.0001645510111647548,0.1733691185907679,0.01021042118670214,0.035173190651782246
150,-535.937620374021,759719.3655333751,737836.5442384434,118247.0754577814,61087.8463220456,61112.241204804974,330716.65041782905,17266.450634671415,1500.1010157999847,3036.9613247011794,2764.5601441189465,162.7131814214399,309.19944138774235,830.1480930250328,31529.444011753207,11391.70547657412,1000.8294624676505,6.483029449912805e-06,0.00013180635920519078,0.09278192062964251,0.00706422342800597,0.025836479433276816
151,-587.2826446807596,785794.5691093496,769258.1601292498,116543.956803754,60282.683731532146,73136.34522654627,342309.9918004825,16864.37835332116,1065.2647479610112,3162.893119804228,2651.5288052503465,71.09015268208472,271.94682418801744,750.1267461232427,34551.00709158479,10555.797046566811,1057.1311959641903,6.409063357063671e-06,0.00014711933064719493,0.11275506840647304,0.01488606247259362,0.03553220030115748
152,-594.9535861041197,774530.6621606151,738794.4824628971,121402.2528849963,64064.56532800223,68102.05713965902,226912.46333011636,17046.549719446954,1945.3050063743406,3170.891789538557,2485.6864094016514,279.3340565465863,536.8942081381738,954.227688446058,32705.35368345631,10959.621539061134,968.9639743292647,4.559629378936799e-06,0.00014785578856324092,0.07881267544686076,0.007331929443935457,0.0269855218234931
153,-529.1628062350833,775365.412566678,738441.1891059895,117775.37168038785,60841.47348930317,71395.94192606781,324936.80498737015,17098.088442579057,2356.2375096465917,3158.223103993503,2592.2575725620964,124.63732653644045,286.78396270573813,887.3486822990695,33021.81223508665,10877.724068114088,1054.0740608988212,6.291014254545357e-06,0.00014550942609044013,0.11383807960348609,0.01113943407462979,0.03196351552842385
154,-513.6747905674999,745314.9678693431,704946.4759055744,119207.38351224952,59080.00115933131,61946.12671868622,531620.0153180346,18097.112444539544,1892.8759676275126,3039.3722246953416,2741.796035600245,205.11257351524307,195.0108885698331,911.8323559498451,34005.178174632136,8278.364627270452,935.9868360635516,8.509203077077945e-06,0.00017945885189964595,0.39157356189401693,0.010230086068514265,0.014427536549196051
155,-541.8557657147396,746108.2961037674,716557.3177726171,119443.90051019224,64606.088549073,48672.59216016086,365589.27036509104,17892.687470217432,1959.3502799919952,2969.50811318487,2416.864915396106,251.83458891355355,476.6464939592179,1076.377080299653,29499.973018668516,12398.401029252225,858.7242790519596,7.733532879344409e-06,0.0001324905010653533,0.16516485085989044,0.01795070533436518,0.0292112735628879
156,-452.09993923635636,751999.2985687398,720879.6520719981,124330.7401427225,61627.79997960194,72602.53294298508,373803.96578678745,17664.879102068557,2096.0778813931656,2978.937091282009,2585.2466357970516,488.7055155078204,275.40774830268936,1059.6194774148269,36440.452637003815,8699.533860298348,946.8825274925651,6.873790535425423e-06,0.00019131037352890655,0.12794912938285916,0.014250228857885407,0.032476152169153005
157,-551.5859429408782,758218.5326929989,716775.0375969483,116762.76210651144,61108.70981623672,67269.34097176153,375884.98430111597,17511.662779022474,2599.498141602355,3072.72733240035,2601.7018911753407,90.79798064461464,325.12139437201046,914.0224115861475,34972.33104016698,9694.721083652763,947.3803680223698,6.968257308206409e-06,0.0001837078516729801,0.16428967163853145,0.012265187031279176,0.028580065499569172
158,-580.7176325216964,758826.1165822645,706312.66347937,118542.59865759694,59569.366677081045,50618.37975006772,345285.5211239372,17359.651148207264,3290.197411670814,3079.06460681852,2506.4477640700084,161.74092952200243,244.35715465342858,743.7976643354544,31625.30585510803,9097.470609262167,812.888673753144,6.824352435342279e-06,0.0001789335089987343,0.1269643114890763,0.016240908137124054,0.028617966509435613
159,-583.4153888709559,757997.0107974288,738068.2986760848,118234.26221253401,59207.18652807306,73594.02789294871,304672.59783929976,17192.14152199634,1381.3753661258538,3134.4692483824983,2643.016850316811,142.7919456285135,177.4621616684119,735.4827155283389,33203.546254662964,11355.147586721101,1141.7708470806465,6.4967806787666705e-06,0.00013918214448512903,0.09048649228162314,0.0098516109450613,0.024882977711899228
160,-593.9652770307767,752839.163023924,720155.2232131892,117294.6204098574,60065.84821509515,61776.30462893092,358883.6630114475,17555.21779048656,2471.2491757646258,3199.6521799312086,2513.5972954669724,114.8971983077169,229.5347239080911,1063.3646779735586,35724.339904317494,8563.283564328076,902.4703128192631,8.084650480044954e-06,0.00020815251231598203,0.1249233737642977,0.013554066315836643,0.02202870041428478
161,-574.2428349095031,742745.8975267832,705153.8865206398,117509.8819146131,59428.0024086082,48000.00000006947,409227.15434589784,17595.719898550447,2142.2761209651985,3005.163212898436,2808.703171095159,118.17857832477566,222.4404324921459,689.1528329171074,28953.40903235854,14440.3342160878,871.9304678017274,5.952180746660246e-06,0.00011518058996161207,0.15230335414245907,0.013792336116011963,0.02668027212853582
162,-495.7121956844163,792380.9122427776,786614.130408658,123596.10279920534,61499.90048718338,55804.14418137912,312706.95331596606,16891.459285843648,451.5367070960761,3168.07005954387,2693.74385169799,504.8738746540305,332.13214163876876,823.4137127290265,31993.71540392833,12634.572058547505,962.6987681938502,6.726535045816801e-06,0.00013284712072256398,0.07415447589438727,0.01031184176908158,0.027354921046848207
163,-410.6708539644901,826444.6896850265,820590.6340911327,118611.30699629126,62186.200765506444,59294.17253400288,510309.51811163797,16583.908115689872,487.93026560025095,2952.6867946367634,2739.184526632186,151.57393902623625,422.39654529356557,958.3682219712629,34201.05227479125,8948.34319802184,913.2267311348218,8.994005928517115e-06,0.00017886836927895366,0.2914707662019793,0.012578405274249204,0.02659006757649366
164,-498.4759849974374,792683.3424400338,699999.7131181519,118055.93859185869,59419.54090847501,64525.140520121226,410994.18320439325,17271.842758588868,4521.103000851246,3210.0798420355145,2783.9411936568167,117.85608634840656,188.0880058146154,862.9951490680158,34765.66675282368,9030.605721471567,983.6183443574697,6.348282561833708e-06,0.00017412412443001455,0.19601901062995317,0.009924434017824184,0.026244799046100754
165,-711.194026868746,723943.9687341115,690847.833366546,117628.33572592438,61739.82230776696,54629.12634478034,276556.0031602648,17747.748585852813,1761.4853252780704,3173.8100626031337,2567.31295118533,127.56600132040535,261.2831232508494,724.893851660528,26901.458578521946,28526.96775087944,1138.1872481858168,4.330225450283698e-06,7.643541349687069e-05,0.09465352554647984,0.013355337427976791,0.02681201116743629
166,-526.572940103793,752283.5644818475,709730.4729407104,117387.28277720125,61891.07796385154,59922.20959770895,344628.7437134277,17152.742513208377,2542.3210569140774,2957.0740920781964,2727.7109610789425,100.15198239983265,313.8845197680391,859.3094947977407,32639.29436732345,11835.10657966922,939.9369607796435,6.497021772962106e-06,0.00017859378768123098,0.09403655469721767,0.010494658926306065,0.03289148434671908
167,-655.9920625682845,792885.7104635539,785256.9268701238,118486.42662438373,58965.305173592846,90191.4930616987,366299.4410380201,16958.46087305401,548.2341660700813,3069.57950627807,2588.1996396197874,236.63982886496282,220.70797668553723,773.7139713331208,33335.95172508425,14946.830400042929,1365.061139057174,7.18044414947159e-06,0.00013154785713161293,0.13726912398821434,0.013817529163791926,0.038862150604144774
168,-532.92658073399,756785.0179909072,731409.999151987,117199.85865852157,57921.675717718936,49587.72767435017,461686.54035174556,17676.657827713847,1604.1941173614323,3022.7075616840634,2687.2276146860654,100.18296308416507,131.14539227671548,716.4176878950789,33805.397624653844,8710.695089007775,728.7213700268569,7.5138847124335316e-06,0.00023242052039688355,0.20153317613377206,0.01316048553861411,0.04106221156530581
169,-648.570718996912,807098.2071075916,789263.9983162675,119202.11398359589,59849.852798284206,63612.59363429892,368682.46473858046,16797.33998944408,1252.8389843107516,3055.540983795088,2621.2664081545827,261.24696198856077,228.62515339970744,714.7476189836478,35082.667952854215,11221.209875875891,968.520137353396,6.589454567485894e-06,0.00016432747697487903,0.12222559520399141,0.014726601397842773,0.029052213924395946
170,-391.9976141491632,796879.332219963,767150.5668587676,120375.93550250163,60147.543685685734,60376.911866942704,394455.95442533935,16971.040692699233,1591.4862661067034,3157.623059308731,2845.7819190041328,249.75553380199668,210.71951484732162,695.5909578560818,34935.306366734454,9004.047779541967,860.1563948812948,5.404313434512839e-06,0.0001829149739747642,0.14189605182952852,0.012291977877452103,0.03526529435096925
171,-443.2784596066699,764802.0295806353,722011.3490345944,120450.84006285144,60332.1239831773,50937.18055774349,512980.4709835033,17850.531675606693,1500.3823320061329,3096.9212805399206,2823.6155364963824,227.4040157145444,271.60396128508876,838.711618410088,34111.17511828558,7259.826126948358,747.3864060380681,7.467241232271157e-06,0.00023062951465806664,0.43176791856234414,0.0063747773762767804,0.01883723078433279
172,-419.2327915200785,743120.9231687507,703699.0598224715,119499.20555045048,63434.37349473588,50877.209998913764,311337.5059708742,17698.844100752573,2136.6546502046635,3254.192151330793,2326.849926967411,260.5152546876973,570.2794019248125,921.8374022664789,33184.030816248494,8679.4130397218,757.3108750799921,6.141301471533937e-06,0.00019966988431234942,0.14791021184741826,0.016105084200412453,0.023781185812399644
173,-460.0078267756103,750928.9888719135,710704.3598705943,118534.6144333397,63131.52450263926,69780.53190441773,311081.3365566714,17222.419240778676,2367.7584280143537,3094.4452380539033,2812.8403650868395,164.83930673979037,516.5740439486095,950.7231739214092,32844.10497410872,11824.941880605764,1066.2708196379313,5.015212310242366e-06,0.0001325919827674751,0.07742951576894284,0.009778036790494762,0.026270141705908287
174,-500.56494596657274,793307.8000501011,753336.1612023098,119786.19610661812,61872.20616837528,67697.57995410354,636730.3390561645,17187.713716231247,1104.1136107938846,2760.3230516780995,2864.7268089204517,253.25901210041204,307.1602933570014,937.1842657666181,34880.3819934158,8883.745067632704,991.5035894187178,8.723553346165048e-06,0.00015744629785228515,0.6584531944419599,0.007232127614202234,0.02474515496699014
175,-547.7527101752132,778923.430291859,732321.607848703,119144.11976314658,63766.99349880142,53206.224274756576,350329.1197628565,17114.965373338167,2320.412699742826,3438.7860463065067,2539.405775712654,287.9850850112182,416.6835136456645,895.9102558301705,32823.61953018935,9972.820316688529,866.581083444316,5.528829235668541e-06,0.00016470510028284156,0.14953365231697013,0.017133395978627338,0.02177587135861931
176,-478.3736255493418,791929.7730367742,763633.1674315955,116762.27544993196,59947.66017183968,65479.82356743677,533733.8649084198,16612.347766276387,2827.05656087443,2919.558493422744,2774.7843024350045,76.98298415539932,221.54309619253536,710.4713672828105,35910.90631078154,9022.537946900471,906.6959391508763,9.03840245845088e-06,0.00019113746068934827,0.2216476084963292,0.009355892555068714,0.028847347636107402
177,-482.68022964407237,744171.2353548513,718377.9053468365,119379.88294565366,57477.2468711788,54219.459323937204,352550.54735569836,17426.27415179605,1309.9898385704728,3313.268802037422,2742.5707384270536,201.0635532212553,98.23648929497386,573.8535169564203,30107.885378937954,9758.205589606736,853.9363121047903,5.132008365305671e-06,0.00016339685693954288,0.12438309342035601,0.01582081936771102,0.01794456808129688
178,-558.2676591759003,755001.7388921346,728379.4445218247,118706.00420313318,57934.04493452668,57551.71779516892,543918.7796551329,17503.342150592165,1193.0018778471335,3080.6063094325623,2874.4577939845335,193.75849687309002,111.8450430163072,653.3778228514695,31802.395439589414,10843.008347413637,879.5917132829356,6.580232453495086e-06,0.00017413818920053215,0.3171900070768169,0.010377238979086621,0.025624747150072992
179,-556.6766827970396,765339.5561642454,757599.2886561428,118196.81387266997,62501.468200764786,48006.90019224163,275627.0140543875,17128.291471159453,1856.3193334073992,2747.463542882041,2326.8790362799896,149.48162023549716,437.36961949639266,884.7232989484464,29110.283404522335,15675.284446001495,865.7503828510546,9.656804370781688e-06,0.00013086035481692747,0.06105020961120092,0.015048849714218876,0.03444919734033505
180,-707.2180223887952,730480.6851265414,684242.2818964634,117504.85107371636,58939.867372276836,51621.23903313383,401807.6172515532,17752.436704757023,2772.962916569607,2904.537338214511,2650.913261444412,139.4272221423627,141.70554510930864,612.2716553706513,29218.871855061327,11385.779205234374,815.0991353513149,6.595620599413543e-06,0.00015385653284724786,0.18130150509503887,0.014654911895760136,0.014862844092717275
181,-660.8865948527725,763375.6420845967,727651.8130286915,116601.46252721101,61324.86685593549,48881.23696023053,320564.4943757805,17260.10139780715,2338.7975876424675,3160.360165773757,2505.8502544582,109.1372137906219,321.56815831145656,942.8961034298393,31192.610612949924,11527.046715377413,785.547607976467,6.822726264408937e-06,0.0001663664041432075,0.1367158162308016,0.011174343947458202,0.02416889266504408
182,-424.79997664299754,757669.4272564617,722581.4716114104,119135.88221959466,57951.71525539319,65867.84343871527,374858.26429115876,17536.775875387324,2147.97591591481,3140.2255692492163,2564.4579428435286,224.74460820657106,133.02056442269767,708.6651928845511,35955.60466327487,8221.602540262515,909.5557967869646,6.872822787704739e-06,0.0001887632153610288,0.16170294599974322,0.015490786303173512,0.02789625326777305
183,-496.6529810131203,786538.6814501445,775270.5922422569,120065.36043862361,62918.74756437431,57480.03816232287,366216.22872427845,17033.005088501268,469.1645130816393,3587.1975629093263,2859.4318695002744,278.99739880102726,395.69438549004326,1025.2850660545137,32795.10395384787,9693.930219188329,952.808570438751,4.100850697722421e-06,0.00017119597856107062,0.15417972197854557,0.008435747628968256,0.026044226481688547
184,-573.070302741265,774324.552031186,735979.0212898921,120641.2431323179,60061.82692815794,66952.53310291797,548595.969792271,17454.580004898027,2388.2273909641276,2706.0433035146843,2559.256165315621,299.1380667647882,208.25684486874692,766.3055262796096,34031.26339940447,8819.174538702955,963.5919813091027,8.228792871714748e-06,0.00017971926381776142,0.3689159537756786,0.018610230905975196,0.03685661970598012
185,-648.5738666260191,766627.5943822466,735782.8230037314,118398.41738766011,60136.737546940414,55091.040381712184,319684.7566913795,17412.118814504676,1711.1478281591174,3134.97329938197,2702.0251569219295,156.38485956815924,237.3925861192055,865.6220471881287,30785.101395705933,12753.725734442805,942.2419824758119,5.539044011484692e-06,0.00013168113827166742,0.09989765308801678,0.01242899916125273,0.028922395295196787
186,-473.0562050674242,777199.6946635367,755567.0629519515,119381.88643231062,60414.87755106645,57355.81725666608,501757.5436416227,17370.25003151131,1948.4708665481307,2794.489216661786,2606.1383183998655,211.856804363401,249.61173984405247,806.6062598486534,31443.472465891966,12284.498975596165,973.4976613887108,9.378196617225014e-06,0.00012814236552725832,0.256669990003626,0.015837994648670535,0.023423908846146684
187,-589.5577905171975,750861.5537444851,739151.260707696,119457.03519087745,64949.85102210109,57499.87572793062,307220.9147371323,17447.513067492164,723.347144198626,3299.5207184714773,2543.206338240251,220.7698765873392,529.7550126237826,1213.607729392145,30981.60782919244,12507.730600385861,959.7951717653975,6.361727882370528e-06,0.00014551871666920897,0.1019547919880812,0.01249949253658016,0.027049433633281432
188,-513.1370111603608,772363.7651277588,753075.3588966068,117469.35412097961,58881.74592352142,56899.443469685146,344839.7336693602,17087.556779503062,1394.2870168692646,3014.9351631865225,2709.484657401244,141.80402265720653,159.16813727780965,744.7091236681146,34238.5647652289,8808.991903759408,795.9317466733237,7.167327521388895e-06,0.00018185734756920774,0.10476553550824347,0.008059951246732922,0.03532251114267688
189,-452.270853816025,734247.654325823,731018.2640726499,116599.60809199935,64971.55208592684,49171.57170230563,313611.98955746903,17739.92154522061,156.0707062027692,3559.3778364899813,2807.283269733278,63.54911548193885,444.95691618001206,1409.567326305157,32601.86661652826,7648.71775789586,690.4055859774072,4.737967722294435e-06,0.00022368675023465078,0.13138897395568594,0.0012967156170525334,0.02026608750973898
190,-542.0494216142824,789028.6044947999,771597.8609923373,117880.05835614749,62213.40172646493,59288.84394826369,273680.55420457944,16552.783868406907,1209.070044686863,3163.4081746953284,2587.982470779029,150.20663215648818,430.7830214921951,1093.3581372714975,34904.84464050049,10061.319747669819,849.2222392382581,6.452926436950722e-06,0.00018747879083399143,0.09373209012866016,0.006192196053619394,0.03501825523504508
191,-539.775019773537,830292.2105092638,802245.819735444,116621.0490325429,60643.740653738154,82158.02556872457,460950.2871301522,16405.361451860303,2544.502989880436,2692.2989634527,2697.1616855061825,58.65875701658271,303.88049420789696,825.137928232453,39956.84414126284,8110.665372225918,1118.8304020281512,8.84900901453113e-06,0.00016107543605722722,0.24265795497502932,0.007470674631696327,0.027159903922418377
192,-649.4786886846659,792396.6160342428,745268.174246955,120587.24052893961,61141.894071346556,60898.75205027417,431617.0728669818,17304.582839891435,3923.449223405252,2970.959633369687,2588.686371547754,293.6618874213008,326.6644693657626,1376.3570657442015,36139.02102765775,8112.068051267234,854.9815419773332,8.639298853415354e-06,0.0001880862083052789,0.16613913079755863,0.01272055652973607,0.03262968637597253
193,-488.7073784836817,756586.1844384299,728288.7309407102,118610.42252073366,61318.792501732634,48000.00000299986,291208.1477256738,17599.727933917286,2041.8751515316826,2986.7272542204137,2515.6948172568864,187.33531966550672,317.26461576704537,979.3192163795346,33828.19281227163,8352.322946893031,757.7400135073767,7.0838457844319325e-06,0.00020191292703569588,0.09094473266643455,0.012668995139421511,0.024569427509300204
194,-548.745309549297,756091.6458005329,709539.2429644704,118934.3427641431,61803.74266793964,50172.05220020141,251323.9374053017,17535.7487863071,2359.328965781525,3616.3829056203963,2565.3228660636487,240.4409078677183,387.85928465439764,1358.9186330766468,32349.820127429724,9941.152015165148,819.6081327160716,4.341799647598195e-06,0.00019614989311275536,0.09030199232342985,0.009202997637993409,0.019680471854458464
195,-516.5521077497808,786719.4790448559,753463.3547336963,120168.30177527184,60065.97234485258,61680.76117498631,261953.14970577846,16744.799949226275,2577.6739394785045,3208.70480313799,2542.375771741431,341.7120674091385,255.1433397653266,754.2955794711869,33462.84689992039,9848.36572987444,954.8208932892986,6.657508910725893e-06,0.00015470359900786361,0.05953505753539782,0.012984399901284917,0.029061074885481167
196,-534.1088892236822,773620.9061625643,683404.6417194227,118779.36743170909,59219.13785073914,62909.18719453214,567378.876380399,17158.107282447538,5158.733350516946,2762.311346618907,2611.4302028418188,174.4552640682041,170.42774927958973,766.3299933856038,31549.44086285248,12525.53656950983,1111.8016392792797,8.315492288910343e-06,0.00014162725471259606,0.3499956495651117,0.017808899687127105,0.020192025085973897
197,-490.7573108360704,776766.5641436442,726306.0579823122,126367.9956805414,60545.44872745269,54440.70085207211,382935.5605008304,16851.208994220146,2074.6204974697384,3610.5967121078843,2891.189514669034,685.0916387842697,255.623123490759,737.161427706274,29686.14625453718,13824.719328743651,1054.1482256591084,3.2679640368212767e-06,0.00010499406447035111,0.15047165151745925,0.012142928935552627,0.0229015758913392
198,-469.86768187656173,813457.053557114,797280.7362523607,120208.39072277873,64135.2561461899,60773.47880427593,442194.4639587784,16526.867416664452,1266.4120090139884,2771.679049333155,2460.619424726966,289.60798804960325,457.3488709008559,988.4921031617201,36373.42894686938,7854.570014567976,848.7522778990292,9.39672383771474e-06,0.00019066614685079707,0.2406874731423492,0.013648514983547567,0.021714003776233205
199,-471.23590272469283,742087.7177057986,693287.703254213,116311.95822092518,59822.66585658529,61534.6565034459,238649.8973787349,17699.339091354468,3911.946413514673,2897.2826325725982,2429.9173178773212,58.45232540873979,198.01736145955343,702.8862167553023,32524.45759549708,10903.646724968437,931.7931113224638,7.424174954480465e-06,0.00017682681851906927,0.05587622621882949,0.015656400117407213,0.0396741436805133
200,-466.9611060869005,778326.5600244876,741451.1194071904,117642.49633886432,59417.61516742839,65823.4312401512,482634.4988030341,17077.75286131968,2982.736666612174,2747.7710869118896,2689.9219458967887,110.59042063772526,167.830661170732,744.9557711191925,36676.16195357397,9681.284301234275,837.3134432427349,8.479391833554667e-06,0.00019539885195988253,0.18415880042476573,0.011660003437302021,0.04455714266375144
201,-495.96226162091534,741222.1393627145,728276.5265621353,119749.26902902126,59003.077966370874,60413.18608520587,312877.8314212603,17765.454638196676,647.7527140644825,3138.2381743492524,2600.5927509049643,217.98113237927427,169.45922760221572,735.4852232598342,34226.79911135058,9039.118365332437,809.6698482258356,4.717891407644023e-06,0.00019157362696678234,0.12647121592031618,0.011702967117607372,0.027884131711676034
202,-724.4678602796323,724633.7459434828,702939.0146629561,118923.30339270455,60710.405410535706,80523.48608918734,263745.57332544494,18008.008665871093,1479.1499189348224,3179.7098668996714,2518.75924677454,185.47337994002504,330.4376260968227,992.4066664277705,33888.97168291505,10268.25382717606,1163.5056960153631,5.931578095905146e-06,0.00016188566999509146,0.0774006452622864,0.01319218098948206,0.03045859110463189
203,-542.3507461570532,789211.0779007266,721549.531487941,121669.04771506399,60677.352930007524,84350.78690017597,459052.71576002473,17102.684319548403,4449.2027194057855,3091.800082524135,2820.4954705421883,374.1044307531431,250.66943431892824,826.49858932242,40987.41474947283,9533.519819547511,1082.7992005299957,7.014176434357708e-06,0.00019538331401400098,0.17246499467383802,0.011023455576444779,0.03589507681336578
204,-471.3822049571214,758835.9060169159,717350.3779378219,118245.22956909804,58375.75732340138,62556.95540006753,259568.1743536609,17682.44128499469,2750.539135606875,3052.1525078133177,2475.3265586988923,167.60205974525698,156.46411876109156,678.5143142416181,32346.153450904887,9962.331999364635,962.7661093124057,5.860087856556095e-06,0.00015461115484304713,0.08025381443437843,0.01441154708339401,0.035360337560302955
205,-512.8325773453608,782159.5444843972,715283.8989197636,118993.20799781184,59473.18563406858,61207.47886242302,329407.7252914582,17169.276557530415,4271.4381068855255,2934.237203251746,2387.9949217294015,231.67809450544405,188.56738116848516,841.9812133654324,36150.532491814716,10614.862653091106,867.3503865719396,6.647208575633487e-06,0.00019408063653731888,0.13320549978846385,0.017165611559314828,0.017995756667472853
206,-429.0753419078757,771020.6217771698,721986.6415318424,117924.9876543241,60454.595648665025,53138.39607282702,250104.68284147984,17403.88431911047,4089.584187386411,2839.6879533402007,2419.856563629325,135.56709435920305,238.25085088711091,894.8173692662551,30077.05614064862,12454.023296234196,901.9579701484553,7.600505937570744e-06,0.00014838022251488058,0.06358174892786277,0.012504688746939049,0.03545210603120645
207,-469.9896642840538,806927.5509047075,785279.9783112308,119668.7380445381,62139.0882019706,92413.1166767508,317272.6487918389,16655.731108486627,2013.5438452046303,2883.5556696055246,2588.2301979008726,208.30683656845036,381.394270373583,1098.49812903652,37381.183652942746,11297.540313256452,1231.0369534191823,7.359824758406111e-06,0.00015510388788207127,0.10142458510193544,0.010055437526567762,0.03731682694499912
208,-435.43518220103056,800133.8159020167,771261.1484280513,120658.1450949318,63688.75355730168,101429.53443888848,350880.301305913,16323.44829972843,1889.9613408433866,2937.0550830156253,2616.625274171091,267.4818166218749,423.3922481677945,906.9427628649876,36466.35622710842,12255.006930338803,1339.5633088221275,6.310253692813034e-06,0.000125259366731908,0.12704187355589336,0.01230802948044448,0.032925940606701475
209,-425.6715755083451,783241.4782259328,749174.2909222461,120277.76704142439,61372.32329015862,58281.25492413637,381571.4585552418,17090.485880849235,1527.9139572557913,3249.75939850085,2894.288696087625,296.147826039851,345.33525904722114,837.5297094968807,37574.22764215134,7418.815828277079,795.5951003305132,4.719852957836785e-06,0.00021484333579572894,0.14620373623288593,0.008392480899616988,0.03011839125348823
210,-441.818574000245,818611.4215846895,804212.8071244601,119029.63879452612,61427.6341810363,62806.40822472394,450430.00931992155,16278.269092313834,1296.2146873759737,2806.6668032641032,2522.939648566435,234.8980122015563,312.7945883016286,801.3773313032113,40300.23861640819,7331.775479553071,872.0831760018478,9.03646512790155e-06,0.0002186910266882834,0.2276711347109624,0.011941750325044376,0.025152885243957708
211,-540.3715922593753,766659.1660042976,732541.7484864523,118316.82802224682,59742.816346777494,69416.55296176119,249647.91615110432,17053.54565308795,3078.42309291253,2743.0422061826885,2441.3538102228067,160.39798053310471,218.02216132723663,686.7100146949496,34282.57055380034,11695.986259452693,1123.2275938605128,7.912040866099694e-06,0.0001443780432207748,0.05140518121052685,0.01708908410066426,0.02963276242415568
212,-553.7432480572122,782580.479264545,777052.6932601753,117120.75992233366,63625.037104960466,60684.22708544761,560076.52939133,17361.576850649286,538.77043742324,2623.3122587146136,2652.084241679646,107.32543864388636,486.90499676658436,1155.149479846598,34501.943417097704,10189.550980853235,912.4129129522082,9.949175439506297e-06,0.00018388781365734927,0.34647729858867155,0.012327792864861605,0.021113333302580996
213,-466.43590283112314,749369.9409083716,727263.8384004189,116678.88494321702,60221.39241357753,55912.666238443984,290712.53994054487,17357.579109603823,1359.4132260214626,3050.4507290108345,2568.286512919768,75.47476946914635,254.04787369721967,808.2236999807134,31166.925998139905,10781.378076986892,861.36978484997,5.872355808000011e-06,0.00016589464005857112,0.09183223218402936,0.013240044006931337,0.03447851569583997
214,-477.7807137933805,795356.3897142143,760210.9213695695,118326.62129422154,62135.38355019962,58822.83272098938,339464.875621953,17101.176588613667,2544.3080573574985,3002.924818645268,2497.1249337498216,139.64453206551147,341.99132445121745,1024.8379379832606,35484.16265001046,8302.958058075741,836.8598630960271,7.70513065801525e-06,0.00020232428007658625,0.1321129491412248,0.01488708158781893,0.03165939352504751
215,-437.5321451925763,773107.9636478913,748171.8588277841,118715.78509696038,59025.66589120696,68669.19789364976,355683.47103125945,17156.576892894824,1569.9857003698498,3137.883841431496,2858.095436206436,158.29245588184276,203.41060018485533,796.89296797913,38090.310800838524,7709.394520383106,907.2142044895568,5.932309941627595e-06,0.00018534893567673404,0.10741125385302266,0.008100169258242263,0.036508631549437905
216,-508.1228712782885,735154.6440666754,714331.776978374,119460.58255315392,68274.22811928466,61626.41465296682,265963.4584298539,17791.51751675927,1131.5312495072935,3172.6144240422846,2388.3282594368734,261.38832696932974,753.8367338073582,1037.3208683954722,31313.104531259254,11765.946685383155,970.5052030995596,5.291722292818931e-06,0.00013493219654946894,0.09346148710544377,0.011549747568922948,0.030401035545645636
217,-350.6524665486413,770912.8652251797,735759.1712971961,118722.00402333809,61032.98676904645,52222.477340898746,482081.97714735416,17067.809683385913,2564.3101593545584,3058.301031186492,2488.790165221343,277.9289000992002,340.8291986800519,813.3737007547712,33724.54531977724,8861.922435033792,792.5324965130143,8.839958136769531e-06,0.0002076435671921293,0.27869983299225426,0.01450103534271308,0.016331509690663597
218,-498.0421824258989,749065.8331373358,724774.4295742281,117529.4596136643,62787.013635966185,71651.23492378829,331833.952802934,17418.27493732131,1718.2317401954497,2960.62866920774,2543.1565101848964,101.64301750615358,349.6259224900463,991.6641217846761,37274.442488999826,8467.661323795706,929.9038724122842,7.135153198802508e-06,0.00018863864786132473,0.13061158687233204,0.013854053906373892,0.0325863803523131
219,-390.60799524044546,761199.4799397857,733556.1838730285,119422.16806041982,60759.70060469517,52327.396663974345,315191.8095912648,17509.022386888526,1560.8577967664155,3242.2225592675786,2531.688016454323,210.52892611946405,262.9831323980094,931.1702748327828,31953.863864517924,8729.012933830365,822.2243105436366,5.679495020254144e-06,0.00016581690377708778,0.11844156577429264,0.013333814677323851,0.025964796327858874
220,-598.8600052871589,765695.6258263277,732962.8238949849,116933.8659066734,60214.44574851988,61862.44899534016,290465.7839238577,17696.81518840189,1883.7833275568396,3301.9830514714386,2721.316561570572,82.97216718773433,245.70481490996238,1145.3518916019043,32567.429202352192,10127.275026603436,992.5297465206365,5.667711437062082e-06,0.00016268020488018943,0.09054196182976958,0.011105500617747375,0.0329703186374724
221,-545.331660684633,764419.4073714571,704125.9766735916,124504.6831531521,59508.38345603708,77952.88370494811,359562.7863467436,17535.16802309055,3892.812305867853,3022.357983230404,2503.448920391406,463.37689660071425,223.00131358993121,800.049509365298,35537.81225720085,9625.653369603862,1068.4129114053721,6.347505021345993e-06,0.00015687884034898302,0.11752249757731266,0.019665154654312695,0.030637978109500395
222,-434.1537928112748,748262.6877796579,714780.6714260695,118083.00557499072,61912.26738306369,54407.39719170925,263959.34325158887,17591.135251578886,2067.704997917731,2997.216722723684,2476.495333473896,161.02814100414807,385.87441788182775,904.0813068482147,30265.666914196398,12383.95122479751,902.8472746472221,5.987445293885047e-06,0.0001575550972116833,0.07151725553427675,0.015144176152344525,0.025058335047401507
223,-673.4790898770432,793709.1973214977,779074.8039235082,118497.9904871395,59896.28958760647,69904.69004474021,358476.00979537744,17029.98454017395,824.989302960878,3206.7515416840224,2674.4990162649583,171.47868826961184,225.65627545666428,885.4190757095004,39170.689567027875,8002.87771192191,916.9845697041783,6.6578695475048215e-06,0.00019786127186216838,0.15618191097077094,0.012544507410397945,0.03531784865004163
224,-663.3720607646625,745217.7800654223,687646.6185330293,119108.8103860428,62751.24356152595,76675.23101338111,282417.65883575886,17530.192496175972,2272.0486174283556,3699.4502070960275,2622.2865838788475,185.3598855246037,460.28964810865665,837.5645017567198,33303.593371601644,12529.6516920633,1080.6739105845963,2.8648889834367605e-06,0.00015546624801348832,0.11170458126113243,0.014033416537939259,0.035549279371283216
225,-496.4157629575484,783443.0897194534,761183.9022208767,118016.14738398258,62493.76560947421,57306.5347369512,266272.45814499457,17120.189208557294,1287.231391655749,3150.904140595841,2453.616763335408,190.13571528287983,469.3884662027116,1022.0081461518402,31694.103643158756,12403.175006083664,955.9976964747508,5.6771488930316964e-06,0.00013796348789383485,0.09047391262665912,0.013756096763604177,0.02662609746043726
226,-510.3394795086589,772320.240507171,754934.9122231848,119422.47425654216,59839.64095693198,48000.00000331031,425065.5021411134,17105.783115471284,947.404178011146,3161.9490200628475,2682.844186614555,198.61873639076327,220.41432159390402,731.3301635480212,33429.051379031014,7656.656244498391,735.6806584109979,6.2776258216599354e-06,0.00021682146676668597,0.1850465505363443,0.015762155952087666,0.01226595899789157
227,-520.46043976307,813037.7464766036,794375.061600742,119962.88058690395,60876.07611312984,80102.00518854162,374277.37674004585,16608.561331538374,1589.322990752962,2738.171965836968,2610.7969248324453,255.06190893169736,280.4782565234653,853.8558485313158,37705.98213347928,10297.618751748289,1063.009888061181,7.550920781238272e-06,0.000160936875062754,0.1187390901618189,0.012544361365685833,0.0331919618930197
228,-476.5302095534647,799229.2378344861,750819.9843453371,118012.41532929888,62245.436647461596,69977.25639059255,362003.29427628353,16675.510036674805,3884.0376621781074,3023.4308627420455,2618.9256246866876,181.06178309635763,388.26552004084874,804.8489576135422,41451.179831855894,8110.224797394437,846.7856348536362,7.387819303934713e-06,0.00021035314680440027,0.11286763136930893,0.011894709166075303,0.03332566520832989
229,-644.2341448524927,780929.5160731578,751962.9063122747,118531.75351822255,62864.3077794803,72504.37531345878,300172.0679406653,17097.903759586898,2447.045705376601,3105.8052816968975,2612.481613241784,209.4618902136439,437.26274765645354,1162.766776463327,32532.99375036952,13737.440452162215,1100.9087597096557,7.279638216166895e-06,0.00013310937033101934,0.08014968338049942,0.012306783575804862,0.037313648485427266
230,-657.3390787638106,762766.8901641339,697984.8625887643,118421.30809044921,61715.587867904906,59714.06106724236,513682.80014828744,17396.59501119989,3087.0348054505644,3104.77888948237,2778.888134840094,151.05411193700436,321.13266590165045,832.1300636473696,33085.24852109052,9449.502035650825,951.0752169414947,6.709642598859942e-06,0.0001666788529046178,0.2725782915458857,0.013609815875509414,0.012349229573898921
231,-670.7232771698054,811718.656892564,794314.4851336763,117216.62010247304,58729.47799681591,57991.0335602746,321042.25375204463,16529.412383325798,1236.1796338745908,3024.6553271509592,2612.526506157412,111.74615725641077,204.76473986864477,839.1677959426568,32897.27683580892,10778.72089801641,960.4536832441232,6.712338766200194e-06,0.0001555612768403955,0.10171696831287197,0.011206627287311576,0.04050385311545951
232,-528.3021071895361,730326.5391843795,697097.6583041527,121833.23649933827,58776.37699970262,54579.515570955,389434.5661388698,18316.129626352496,1356.009795474808,3517.0103815637076,2862.7633460837533,400.7579460928329,163.20304902170895,755.0795927566422,32747.361893099434,8769.651144511961,767.4593961463153,4.595401156826006e-06,0.00024002363097311088,0.1823271850621107,0.007147096310771965,0.03312573334883279
233,-574.1010236248981,771947.1563494232,757833.7589030528,118663.11867745269,62234.07542043301,62577.066905418156,454764.93299336446,17113.772271805476,1261.4357774357543,2916.597940452521,2579.763629103045,200.54159922423037,369.03551016268324,771.3583338922145,31441.37830346956,13129.04273558374,1002.9211412220633,8.486621265916868e-06,0.00013457531669295667,0.20225298923672236,0.01436041530553857,0.01909973276102273
234,-507.40666281685037,767342.7392048535,730319.989691329,117065.90986564552,62657.77960609482,53155.65611721791,268957.99672537344,17216.546768920485,2528.661213825783,3126.743006329859,2458.7236129223747,112.32016721272872,353.47072678656025,961.0715927355419,33236.59201493992,11113.618794860553,799.1021953816798,6.813635103776542e-06,0.0001847233761828007,0.06961932496278934,0.01450753503558677,0.03569390712345099
235,-383.16833372194185,795298.8500125681,743893.1325108664,117505.63108133178,62555.83629093983,74700.46825525336,500459.9564569924,16761.803800717575,3473.4524588442155,3160.4127293503934,2805.701850895833,131.81289041763745,415.933317600833,1052.525837372301,37589.84230204244,9635.64908354528,980.2337339960875,8.266298955383617e-06,0.0001910868808038162,0.20780731719948625,0.009651257898151829,0.031060559058318053
236,-435.5592665289871,750731.9990975149,737590.6211069372,116069.61136963333,60189.50891669306,51271.67251365264,332087.34742053505,17755.903861647068,1054.5796957125744,2840.6359771291627,2547.1555928819407,36.69799503472442,250.2314457859882,876.5328084225058,33121.92185204381,8601.88313084054,732.025340391841,7.599394350542819e-06,0.0002176871578802104,0.09426061782497795,0.014502917382585917,0.04707374641896319
237,-515.6451274598311,761427.0729283177,677569.7538464466,118020.84556204842,63234.40734772354,59456.35465894795,302842.35721695825,17688.72511557468,4550.9684738776,3170.356344967342,2716.210417215304,127.14971610076762,458.42286745285605,1148.7165074394582,32744.46457988227,10300.444835537575,890.8418270708398,5.367997278653194e-06,0.00017768090607758627,0.09988416420673812,0.007753193908612238,0.04082572694599036
238,-415.2088392492996,795751.4957079433,764552.689441449,120285.6035450622,63344.49632867779,55878.834885491626,259096.5790323162,16618.923162313447,1586.3965090579052,3433.5941076417025,2623.405830807761,277.79026523759916,463.3262948257597,968.9548077396719,29911.697735666345,15833.199564097558,943.8299849242943,4.6293930328362996e-06,0.00013285214732569806,0.0798360118952567,0.00900436667593483,0.03316723406580045
239,-395.36547844676903,722019.2055593327,683874.8561076276,117170.51532068278,62091.86733728153,59121.07052776227,290008.49045463593,17891.60931904954,2109.360491499228,3127.1572173855725,2522.6195515351665,102.71386329824415,330.435111593412,852.9322435972396,36146.82719416046,7053.379276631667,755.667779741264,5.363186083603478e-06,0.00022103932052061658,0.11201142996176168,0.010543247949647528,0.024602212171080075
240,-540.6407255613791,811841.2612487898,779433.935992887,118184.8417761266,59911.2948660146,62837.204481492205,369626.84282307694,16871.675642629696,1909.2194930979203,3226.7077954031024,2740.96864842861,157.21882956294903,235.65020249526643,820.7079838976977,37003.93048878981,8284.674947745694,890.4749060200744,6.65786042635849e-06,0.0002037900821119463,0.1360266353235029,0.01148104572020165,0.037080654846438715
241,-582.517736342326,773580.7554224073,751894.6186381016,118545.43527769385,61898.606470805236,58201.25484020282,307271.8362087694,17273.023384122236,1285.741709797959,3390.958499994472,2595.828453494368,206.39444557215646,346.03442062354804,875.6594220996578,35148.79309055654,8352.961684332278,827.7462030135356,5.7366923637121624e-06,0.0001953281286579949,0.11077206839549884,0.010310867075726317,0.021633911701061718
242,-494.94960738330394,794919.607277809,773113.5670829153,120674.32343226278,60403.84383575426,58804.44034871253,364894.2516933171,17034.35838966657,1439.3592181709953,2932.4201636367866,2623.0043162032657,255.96932224176126,292.92190814471047,747.4608478834366,40150.27756641551,7007.313597324987,758.6807258628517,6.906361343036948e-06,0.00023860030156814743,0.1634274168081983,0.0098960829697176,0.03691353969336166
243,-474.6457024736812,802970.3883052537,785928.4350216512,118716.67849831843,60186.276585453474,56022.15764610513,288344.2219039096,16841.8676757675,1606.1478352523186,3089.223240285279,2656.398699457294,149.06824825869768,301.99313064134554,1047.0986432926838,39198.95682680874,6885.204865998864,731.4382637946821,7.997125886907186e-06,0.00023416186424559155,0.06196770559569119,0.0083989257897452,0.05112718500759981
244,-431.7942323758023,773928.0239000736,716488.0356930473,124619.4552471726,58955.58276257499,53083.74555752842,543086.9221259821,17591.606444426045,3175.9567367444724,3004.1419022397804,2728.146218773877,627.5534314257071,182.47440402612344,717.8544149122878,33417.091856774736,7802.646900551318,739.3970513944431,7.760951769972883e-06,0.0001877555698980104,0.2570715947040249,0.018305605853567115,0.030009810778131963
245,-552.4359230376485,810890.3017734276,789007.6846592021,117389.17550843167,61129.92010281065,65179.53553728107,306517.78898635245,16569.316157585105,2302.370210044006,2963.77391118792,2533.196853561195,117.86486589708541,304.51629052609275,860.877742186855,38653.11079488188,8019.178794103287,815.3944932090865,7.781820378715175e-06,0.00018039796479984253,0.10388069000652854,0.008131156005870128,0.04431638851022648
246,-538.468726305888,752612.7480031006,720641.1463666183,118284.24351137475,60972.6991998598,61651.86468813803,250361.26258146344,17361.0664747088,2214.2634280447737,3185.442213024502,2525.5041382344048,155.977924760659,367.8458666540609,881.581188478378,34921.23995546275,9268.391589698293,891.0433541926873,6.271590249744522e-06,0.00019356857317400097,0.06966376711194236,0.012220909132555227,0.037397152757878825
247,-578.1337651219578,745622.0791641445,684896.1837469527,122344.43465643661,61072.227847654794,70498.84601543397,327938.11731192237,17398.524909280797,3517.2355207776527,2965.828141973139,2684.7974765313697,389.30849942601765,303.4629623696998,896.0249997762462,32361.54861769893,10950.039224861264,1035.988223657007,5.2901091270063605e-06,0.0001566203100228148,0.09252358083968967,0.010713037736917718,0.034541902844043855
248,-631.0322850666121,773305.4412108423,737259.3130420543,118285.67358859775,61245.017077574754,78245.61322794472,362687.9290806862,16815.04860955715,2360.1881233369872,2847.56847564068,2649.4985550136107,162.11775924454665,333.0408175673051,704.8357312108161,35679.91957621026,9822.309880670415,1056.90888380502,6.530908135411475e-06,0.00015994109372239696,0.13180102964262821,0.008217354882496943,0.02846023723850223
249,-465.944666828614,776836.1979424105,751594.8320523639,118357.37754360764,61989.442148085895,56453.24636159491,264791.88970192627,17015.85912025731,1642.9528601739494,3314.6586564383774,2623.422554916893,177.71086386991698,379.1978023506291,970.5794223711913,29926.630387201265,14798.258626801087,970.062717898404,5.653536372982466e-06,0.00010788754739819061,0.06567446540871734,0.010483825988648223,0.024692907547958713
250,-516.7028590286944,789735.4419575756,778463.8753054137,118228.43370257478,60278.563032672515,52656.767602568674,338654.23366791505,16747.260299006895,838.3652610016103,3081.4406588553466,2567.971490650016,149.91845291982924,231.6864399042141,720.4856054945093,33089.92227419991,9560.303153430874,838.2668563328104,7.142569917895164e-06,0.00017177085028607437,0.10169052388246225,0.013168885314850706,0.030493740455279462
251,-545.7000907024191,769277.8582173781,735094.7133926225,118029.62650411204,58729.7295723449,52267.607577235685,448160.01088626677,17402.743444299907,2463.642186142518,3037.959457068751,2675.4077322920375,173.52520184653653,185.00035454464563,706.738619710397,33191.450586957886,8393.581163390489,795.6916762370269,7.5277219556447344e-06,0.00020135294952174304,0.18818551135657463,0.012840443431400745,0.02272345893957601
252,-591.9179283884039,802544.9039862949,775445.9082543997,118795.24038191522,59010.72044288381,53394.925379793356,414050.11234140093,16571.667906875424,2016.682806620257,2917.314623925569,2746.8634472413355,168.48089381434414,194.7631089182402,884.4068114826181,35824.51572909588,7790.795553726982,749.0933971656817,7.760505359293272e-06,0.00020553257331522434,0.154949791551577,0.007587546104910014,0.03293769066891252
253,-558.8244204224738,754212.6225696498,723870.5290483077,117226.11540612132,58650.03985889485,50486.73296899531,560774.7318944016,17582.698262576396,2069.816729777364,2904.4647777859363,2627.042760089834,83.92482674464117,162.4109364720418,731.7046628975769,33229.9259544289,9377.643520657457,771.4120292565856,9.016871056529718e-06,0.0001924667759353424,0.32571502183387774,0.013546647769191561,0.016621634545588695
254,-544.1139347423384,787689.5980488358,760270.5904997459,118724.58083369247,61843.20254230864,48332.174346236985,300625.9159774492,16902.934716566167,1231.9891706853566,3473.185900368489,2536.5377496566284,183.68074944807066,378.8704060575808,1090.3817891029846,31782.37389204698,11607.264177682955,785.1125222587932,5.0382059077048126e-06,0.00018159988444671637,0.12611419974204985,0.012818667854240158,0.020711374771715623
255,-438.190165618856,762912.3124152034,734212.4467172106,121386.60237532559,63139.18953497341,52716.53232325437,290668.71834509465,17372.493268744543,1731.6037389094834,3073.263326874707,2418.8148392766225,316.47594856182513,367.47877079324815,905.6813468230496,30429.09536551921,11978.582288468036,893.23207944388,6.18656287983802e-06,0.00013998752661223006,0.09819249860141559,0.017353836313085562,0.01985461434717892
256,-539.9603091740148,766877.2848297141,735252.9281417239,119208.41334952365,59764.98732183393,50723.29526656102,336316.5229097018,17013.5987457641,1929.491152882002,3015.26585656,2621.8761028818135,238.8647392693459,224.81086250999348,727.3788762431508,29939.397828737117,13412.513741044953,835.4794146142979,6.015892667867104e-06,0.00012491742033024446,0.1122227796877068,0.012503030709121942,0.02814908502309435
257,-463.333255632642,813400.2234620735,805038.9090047819,118166.39285719219,61111.17360250612,73462.28127135894,438127.6609717961,16820.09401805473,1245.94326562111,2746.7148895872015,2617.4431903783025,136.89994738350612,301.5374252902634,890.007571969694,35974.73614908293,10753.289026544546,1055.7477796562437,9.209595737408587e-06,0.0001683822828952204,0.13749499433453286,0.0112356750937141,0.03534438072550189
258,-578.9438305959275,769666.978284282,743025.4569330884,119746.50749163727,61076.76439744682,62271.83332237511,465221.71371434495,17599.956317840988,1431.1096931642055,3076.4038988537955,2772.6745844624684,224.62589550786785,284.0329983090168,783.0464444580348,32457.484215147815,10539.400450311447,974.0468729579285,7.4418044085624565e-06,0.0001776732300263164,0.2621221242714493,0.0071966267466490545,0.022303724994204556
259,-444.87630807123634,759261.7811110099,742417.0191942389,119301.65933081241,60738.430823850074,48000.000006997434,357473.9309779723,17361.612582087662,1079.1397211489245,3193.4244805312533,2605.44013420708,186.3517334737332,315.37237955430874,792.0921690789351,30261.898079789167,12621.454984823331,833.6395760749703,7.0442280071886096e-06,0.00016685926852565372,0.10937460613267627,0.011406326745899736,0.03200949137133253
260,-369.0702913459007,779336.4968959133,736220.0675509764,119752.11752872368,63721.615646409875,67979.80927961327,305547.94992345397,17049.316838055067,2731.5571267270616,3122.2827752659987,2500.1585112302323,318.2019152552774,444.51095107417285,1018.2773827714441,35712.424718094095,10148.130065999603,980.4547357971311,6.249736397968375e-06,0.00016793186830777487,0.10059880208658145,0.014281126598728166,0.027929387892593166
261,-551.803927849248,725460.7259127584,709632.9885360652,118828.36533342932,63442.70308544825,77880.12287286241,301574.8717342064,17952.63923621733,725.6877566027005,3450.3945936677474,2854.240257959228,172.71525256485714,469.5950437935469,872.7493896439406,29456.427077763397,14501.1379372168,1179.3466696778935,4.383260170677491e-06,0.00011305750230336843,0.09230546310902912,0.006140657627592162,0.02944686302002131
262,-575.1940511551577,795534.5881532765,741906.4056300827,122164.7410755257,62355.57533317505,75380.81149854584,388789.43092589034,16746.56917246084,4457.735165118587,2780.6559781851724,2535.7305700399424,425.441695864298,351.85491170367453,903.0774596164442,34965.998483976415,10131.572342861271,1099.9369683415493,7.730625203288624e-06,0.00014307186324390828,0.15615225456117907,0.013953963057248275,0.02799935519949387
263,-561.1766444130911,794310.9997101232,758038.7064097996,117470.8098643506,61436.85076045714,51657.87765067152,336914.8470311,16655.60932648456,3721.1500156265224,2946.503409623482,2489.2319511615938,146.66446971177285,364.0662617678133,867.9574982783163,30964.751568036638,14151.040340102365,908.9966787727834,8.297437450247406e-06,0.0001159756578125529,0.11109504786025372,0.012927114613081618,0.020406959244173316
264,-514.6729698401066,797465.3059449958,757273.8254488258,118145.42628036714,65289.57705716873,77301.15358929959,391806.23632944823,16788.24021443591,3096.25254998705,2777.813383357255,2591.7008618372492,129.7235053458192,533.321911990364,1001.9688228409892,36610.12013813052,8538.72415592153,1049.8715867327135,7.838955259976313e-06,0.00017030706266118822,0.18515615420419418,0.008817375464752295,0.0353653957944525
265,-564.6093554033419,802652.7657230118,770687.0688721313,118302.21627903827,64922.87886975358,62656.04661191762,394385.3476555469,16850.788042202817,3508.2634034326184,2751.587100107879,2503.991430433729,200.6977497201519,528.0034723949565,1263.0604860291699,34448.15291808011,9271.771948853893,935.7436064652508,9.153637183433155e-06,0.00016281503103783262,0.13327418347069797,0.013811819136873061,0.016736649296055225
266,-445.3876749095935,751849.2020189743,723319.3825079037,118232.9426547848,65116.48297256239,79078.4898617567,239601.0705798779,17166.01920387438,1996.3925109555246,3213.0352057157224,2442.7289354447857,136.45895889713978,540.4432876177613,1157.996124162627,35466.55312920108,10506.142989542093,1066.8353921695998,6.090719847986664e-06,0.00014640049886442737,0.07250590989291562,0.008418843124564994,0.028712086073488123
267,-658.5457580980851,785496.7721764855,775487.4893028882,119975.95345719389,62322.51216866457,72530.29446734353,352728.6428780563,16954.648559361103,781.1491996290762,3149.4491920154533,2728.154041432314,261.4358518285431,456.7786022800992,861.1714783498721,33608.98099554697,11193.03559705945,1109.7338279403612,7.024553943867011e-06,0.00014306747876479376,0.11381949021200212,0.011730388571006079,0.01837631090572759
268,-505.4726540221026,759677.1725397105,711734.4862959177,118948.98516671563,61559.94733397124,64719.46483488109,483785.93814167427,17554.51534817868,2436.8388190273317,2909.339921246416,2725.888654459146,242.7191794585588,342.45381793910025,897.894160411288,33823.58729190689,10958.3327667671,937.0835768657416,6.652925103950245e-06,0.000175669151891468,0.2354561581212366,0.013153025606475017,0.03810906796351737
269,-455.6625897321053,717205.7405133956,706649.552179431,117147.74733369611,59337.349173160066,61324.48366876431,335853.0226437455,17584.389598651647,538.028606895693,3261.9850585548675,2474.8463339162713,149.87157757329916,215.47204188584524,696.9676247906093,31461.425123429053,10938.598478405287,891.3761062530267,5.60855558080711e-06,0.00017617988377493973,0.14032837889515842,0.014159952061025327,0.025549002734074122
270,-668.9912407592128,729032.978987892,698315.6587940665,116172.90229849626,62800.41609307218,48442.63401351182,430942.47434291936,18202.29002939384,2061.743184233786,2824.4347521012396,2484.6130545786714,41.879377556104025,415.58287884028954,889.731101174835,29204.755363678698,11239.399917794002,845.74046837566,9.155233588241633e-06,0.00013360599763597683,0.25258344492066453,0.01406782781698726,0.01980765466210449
271,-515.9262257638927,835582.7901882721,828909.4652672366,119897.6194783033,65637.3218499323,93513.65104639248,340145.80853185174,16039.252652131778,407.4248184927372,3089.067303624945,2421.04458154969,304.85881711412645,528.5045851958824,1048.9576451285968,35236.974039817025,12561.431971053029,1335.2406588383774,6.222506666526033e-06,0.00012538515973760354,0.1507049493079277,0.01644126118067279,0.020670707852316353
272,-639.9562356482363,753946.8190130137,725948.4446329498,119538.866824353,62947.70023267244,54493.926027795154,280413.0512694353,17570.326035073515,1792.3705224870537,3228.9457104485346,2545.811087641267,232.43961945404163,432.04665524760634,1004.1274990267978,29668.507393789037,16497.361688890844,997.850119261239,6.325895429675575e-06,0.00011027182794223039,0.07904111245658407,0.012777656513463324,0.029620018334281586
273,-513.2016328898219,749370.0592369407,720921.3199183712,121971.34558525655,61487.55057236919,69120.85072894253,370617.0244722337,17352.340651273294,1578.5098834501869,3127.1175815188244,2542.1817310918573,374.606661116418,316.27934217539786,682.5438334182717,35537.79231987858,10248.020430259485,923.5293362899132,5.894410745339952e-06,0.0001750189878890898,0.1575906650582827,0.013980233992012377,0.01676950944398388
274,-475.0824648627084,790976.5016175648,748705.3200321045,119905.74558419052,63041.56782468919,49969.29015054877,425246.2059727986,17074.81285795771,2553.949516605724,3069.5304741119676,2650.7377092084234,214.04638544063135,334.4753765380947,945.5434413162076,30736.915881529105,12436.922097994651,919.9897806550024,7.185804689398615e-06,0.00013897065362983627,0.19346516695171181,0.011939579481925415,0.03163981373154572
275,-460.19073732613464,777092.2406285016,758122.136014534,122098.94370727349,64422.51305863682,56101.791982336326,302119.2519110064,17386.01519209401,1197.982610487665,3100.110637512237,2504.892125996185,440.97230693210844,517.4671384694832,1489.773324354986,33907.54339493518,8669.577898644211,817.9883659173597,6.580043778045035e-06,0.00018340208383003836,0.10484698358401705,0.008961200198960474,0.041254200298483035
276,-463.46090937047893,751281.8199894973,712909.8603109402,121882.86378709527,66628.7084472822,79577.91765085544,412356.3825943074,17576.59319945523,1769.861601729524,3313.7696895183753,2739.309553709616,355.5164476868819,576.6631867133315,1015.5224316779826,35095.46147215947,9138.164192337343,1089.7993348918815,5.868601645797798e-06,0.00016696040602877258,0.19699713774318262,0.00907789615843016,0.02821918332561923
277,-572.4901949981991,782829.922930513,728261.5854270672,119918.68153584066,61691.094625283,59395.68961456173,317448.04547866166,16965.331587931534,2500.8301507727283,3369.4755860775963,2639.871438854012,280.5699886700407,366.5336440168448,943.3903436174229,30627.66802880865,13726.367527634718,1081.896139993174,4.274574741156442e-06,0.00012567515788290275,0.13342930468184072,0.009855096410511823,0.013999826118939499
278,-474.1092651864185,767052.1289635617,734156.1518888372,117666.88474085508,60131.57483159762,50418.64742597932,412314.1431529201,17348.86900539405,1733.1951506792866,3174.1593983567427,2844.021766014548,168.50409250249078,224.78105199971287,749.0286207581426,32019.06764643141,10258.526518891482,761.3593421520686,5.875759954348707e-06,0.000181218072563356,0.15965320176662476,0.011604801224206908,0.031184968355831826
279,-518.239374204054,748361.53199308,712942.4160074985,118084.49865603459,58525.039507757756,48000.000000899694,274154.72512529447,17931.31411412798,1889.3936281816975,3322.84710999151,2642.6396616725633,142.73299034903593,174.39793899126605,736.7188082499814,32195.237768165967,8186.113938995079,726.7665381817372,4.868611989455286e-06,0.00016995640406238915,0.07850545801886048,0.01168378539649144,0.035666462828220453
280,-420.4750736748042,748383.872020044,705549.7761124005,117866.28133901501,61044.585218062624,58046.61369257338,308548.7194540862,17547.78904664556,3150.711360530563,3017.924199929072,2305.4898192203063,158.9674726652381,333.16232903433786,876.6218395341696,30169.540534833068,12519.30687344968,932.1665412729192,7.945293691243497e-06,0.00014522147665780872,0.11246341460879215,0.01818775384324061,0.0295285868853494
281,-516.4098503003186,794198.1479447996,733819.471955927,116758.733664868,61607.90769256101,63960.874282902616,527100.249956233,17197.281941744284,3848.890195355758,2875.3560561662607,2840.812165446278,79.95316297869385,280.6309077588735,892.401452312935,38540.070946245134,7874.501886165042,883.2976016101095,8.309789676254347e-06,0.00019554115738881672,0.3202453592225259,0.011231979169641986,0.017771013803714163
282,-358.163289426716,776309.5660258228,743243.069371689,119648.36518942403,59070.84106550119,101235.19858639207,455037.0399190251,17075.462537509462,1825.0852673924703,2899.189333997727,2628.1071746172797,190.275150508317,161.7278743181254,805.2163782872344,39687.59254152212,9862.227736282102,1201.9908834069913,7.400580408089828e-06,0.00016159457445015784,0.23734214435584275,0.016581562929254383,0.020195425150375847
283,-432.46103649858867,743522.9242000193,702332.003713419,117264.33366823303,63080.5248830368,49771.84515448807,549790.5591291719,17672.9357675597,2027.445610925902,2963.3866370876567,2836.7769918466734,107.68127103587967,389.54343830468764,922.0799409625581,30986.63328334434,11527.239751186422,827.9246197327902,7.1602006418761605e-06,0.00018162469272557907,0.3249586776951318,0.008114783898784377,0.03712760172034085
284,-482.7774281789244,761277.7348583394,729244.5230554893,117860.9662681033,61450.716686942804,53242.468871995094,283166.5103065078,17160.382829863087,1838.7842878983984,3134.9834466591165,2536.4723245013315,158.24838866294704,364.5914666201384,1001.3089873792783,31882.540607239,9139.069446765076,854.8978330306821,5.594660240933392e-06,0.0001762603961257008,0.0971149923965463,0.010094429606401082,0.026233596569943635
285,-541.4896355790213,812265.071316938,782682.6680881884,116434.9246209123,60802.17114335297,61035.52581651525,350375.84146552254,16389.191598603273,1690.2996791379423,3076.553299219061,2577.9433207300535,57.70017419478701,291.5838782819644,876.9068560520337,35883.64530095844,9047.25597860727,884.5800987958522,6.989532677944357e-06,0.00018176944885262583,0.16941384255234873,0.009087162936683824,0.02366776596534018
286,-534.8321689213957,748296.1265311695,720358.2410294123,118539.68746457539,67494.61838000065,52410.802990254284,263180.86785200285,17981.482691977417,1648.1045535971093,3313.2085937908755,2587.5669893141667,157.97698453918395,631.1829441228034,1404.1079424952477,33590.06712363176,9137.615583183537,805.1565036461078,5.732575234923841e-06,0.0001914750458898413,0.07984370175565765,0.00751782265155489,0.024221505092314705
287,-489.2513175238656,767905.53483817,721860.7208551323,117308.76841193286,65891.03683602753,59831.10974124626,383279.76108309854,17292.83362166171,3001.4741960591364,2925.368179043953,2480.335784211014,127.8246587578363,527.3752420988578,944.018131847661,34326.51641382995,9411.882554358344,870.9877496292123,7.806248644690145e-06,0.00018777028879428848,0.183286031325103,0.015526878904020344,0.01549463051964862
288,-466.89970057509385,769709.1827667685,747224.2065299964,118357.3723727767,59041.50280566791,60417.27245320865,366677.85299402406,17339.08044378758,1208.7898540682343,2995.7811311055707,2674.1892225220527,187.32396847004463,208.56474135639436,776.3368982619708,33899.843483447155,9157.13230848811,873.9064626013221,5.627715952685351e-06,0.00017979508920285274,0.12215509523207246,0.015593063126254227,0.04054712407288572
289,-552.1867133163548,775011.7920147815,732752.4618113452,120885.65784095832,62101.65164363716,48073.11725886596,279229.10023758427,17014.54166896115,2266.4974105682845,3214.1014913677714,2507.4970212034114,429.0783835436421,353.5071337104899,989.0390737834763,31463.83049108634,10920.198392363865,784.7374913631487,5.070287509703474e-06,0.00016675447077819187,0.08887634720966425,0.013429209126618573,0.030828786225337263
290,-538.7643152883406,764648.4334721294,752508.3957517842,118745.84161478661,58713.7392421356,53885.006464006845,331337.94665898976,17327.089695526498,571.686090003802,3246.5248814948395,2710.480512597202,175.23125457006645,176.20329480739036,785.0972804498964,35308.60080842143,7572.58958267487,730.3788745371057,4.7556229154027015e-06,0.00022418272360878096,0.1399784113359834,0.00842081498891612,0.03281247103132612
291,-525.5581338781745,771298.071318802,746948.7699228162,119379.22684849564,60499.611670956256,54439.18781709782,347700.2005422714,17354.966634127493,1600.4362797318995,3144.605857532647,2426.3640427383953,212.4520209849028,270.09670731843966,800.1298499451059,30962.534830102046,11361.874006375787,893.3157169040945,7.072214912134352e-06,0.0001505807854402203,0.14409033398978552,0.017659621506332115,0.02039295521917261
292,-449.88027931623066,717992.2239599797,701845.3720583515,120075.96724502639,60217.22940922182,53084.34932532678,280723.2792537584,18103.288398569406,905.8152005267823,3194.248589288307,2429.4564276254237,311.3268267117822,239.52993083161252,906.9055583075326,31265.409566917042,10508.33371049591,796.3712681599651,5.021999377765005e-06,0.00016858357920055528,0.10480539061671638,0.013167770989452257,0.026812412290853616
293,-509.9643872385403,755678.8226684534,733416.0238934091,118015.406468151,59869.75879181266,60802.84511207026,349276.3792113207,17393.85972260035,2554.4796574417737,2821.929121928635,2535.110448721079,154.64078560908112,201.09170633114297,1009.2615087134152,32382.187931849912,10524.789175574888,912.0094481932497,8.508274064208353e-06,0.00015515638860757555,0.0943032564451201,0.014351511836274363,0.029631377680540135
294,-555.620379822971,734768.1826202212,696692.0955435409,118140.29308342555,60495.769608494884,49941.272588547516,287300.66682406387,17740.443012833486,1853.7871220691957,3338.6110401637156,2509.010566869358,153.9685370882415,270.0304352371117,898.5393082487594,30393.86165652429,10695.851961528824,807.338250364289,4.995691537523222e-06,0.0001764935258466445,0.10236511761500997,0.016208527461790936,0.029717308133421806
295,-584.1547381929938,822599.0307752239,808627.5345748585,118401.22893506558,60830.15721065951,48238.547854049706,397648.1927671219,16571.994104530357,1081.72594564991,3079.4258920028433,2764.294951079715,151.74192892787286,289.92366182445517,880.9293746442363,33046.15371650503,9661.61278130721,777.6499232026441,7.371862550241449e-06,0.00017113367756490632,0.15523384576272012,0.008503183124866967,0.03021573160082985
296,-475.1517765476603,743299.1274406435,724147.6949474311,121751.9928528785,62790.44458383812,74908.30698170452,422488.59032453457,17866.514628782657,966.4316474064069,3072.3613037584228,2580.3779457348983,385.6534808370248,384.871539030486,935.1369719895699,36438.87840813059,9399.688414751558,954.9614243945531,6.560855144128926e-06,0.00017483477561914323,0.23127764358568675,0.014370337277028869,0.028374638756752894
297,-644.5993144353037,767888.9865662317,747586.3145564646,116052.83764788895,60794.04794470624,50664.77631009113,245405.99199979389,17163.22370526134,1589.5329321213005,3084.717643071233,2654.228194844763,46.07783207545242,297.8907798650423,1075.0599919828253,31110.51379691959,11175.854109590831,820.7282534570467,6.606614164714315e-06,0.00017168477900681632,0.05802100508201988,0.008864954789851803,0.038940486342946036
298,-464.2289143065367,820586.0995589508,806473.85834069,118402.52844101953,61605.326009369084,78711.74119619296,318185.03593285824,16346.98014756172,1840.4780647656655,2850.8432943474495,2452.7767385127254,156.52542270532427,351.09840812506076,1098.541284134728,35854.704041325786,10405.007224202254,1128.5736833406615,8.81633266992933e-06,0.00014857776298865966,0.10651606893748143,0.013730655220723725,0.0352778804005865
299,-508.66363386881244,786090.2419758777,767595.3223341637,116479.68764107251,60406.8986097536,51042.10187605901,462397.2017984263,16872.34059501756,2577.8485400828777,2466.8052839085394,2425.7543383718807,55.71354651122526,222.7735472336864,664.5310074112707,34664.53069100903,9057.774141671152,793.447682638545,1.0273961436849948e-05,0.00017673621531125722,0.22798191469611276,0.017317004293220334,0.010567376357112659
300,-464.07619584415227,795653.1076987464,782110.2002607246,117696.40011322907,60690.53338953224,64067.304654676685,418971.6905272352,17053.809795619647,766.3322129786574,3161.6172003421475,2809.090757463513,136.9749726466911,306.0665762056143,708.5890597031113,33505.64861902747,10756.486631071504,1012.1936787946493,6.582314517241501e-06,0.00014896196673546688,0.17598918525425222,0.009951094554129885,0.033969447691267175
301,-591.4951323345164,751835.0845335159,736077.4806810302,117538.99113230871,59722.769936049546,57584.80205941418,403687.2147609106,17405.51418250588,920.5701521646852,3051.8997028189324,2738.1022263070945,127.42287560653507,195.09364412535805,759.9753924653551,31935.737374404634,9010.703076021286,877.8773621211056,6.515166282740008e-06,0.0001717307455909019,0.16824181800619029,0.011565405323373329,0.012958922020928906
302,-468.8568509356929,779101.9260491093,741674.2452463125,118494.33102252896,60451.56443638649,49000.260371361546,317737.85361619305,17239.54064132714,2872.7425675821764,2790.660550494163,2463.391535665792,157.69028205858953,302.3116752559337,974.0348926453788,32422.659549019747,9640.779442387386,815.7172640708995,7.547521874159008e-06,0.00017332138379525433,0.09534789684906944,0.015568517018234003,0.0304317322574564
303,-500.5149840639381,755438.2555541875,734934.7378667673,118763.70663731583,60198.94510634769,99142.59092978487,302265.3752000105,17304.878090030583,1015.2866075437147,3362.4094026618363,2698.943241972092,143.4133197269159,276.86725374832616,931.0052277326702,36416.35604114471,11801.897548548972,1266.8838511220604,5.043028751938783e-06,0.00015194260693487637,0.1052562204549905,0.007058440966875673,0.03580444984681132
304,-494.9608490635001,777340.948653279,757906.6341252618,118369.34395534243,64705.09327731293,48000.000000129156,269138.93679024506,16865.170077002334,1610.6992127378649,3008.650493883978,2460.2382887967888,173.7982890995231,492.34889686359946,1083.530771114424,30256.446787078054,11412.201558720544,825.2523479521348,6.845021821454765e-06,0.00013375303412029106,0.0846211232273093,0.010567196949415762,0.025463230202969075
305,-530.2412638704286,813877.6232510869,796711.6777003319,118756.75835617266,64586.72233815473,66698.75161401184,394712.58431751194,16790.2838838344,922.5385024408895,3346.644186020032,2569.2300589414585,185.82246010291723,593.423956961204,922.2135218052499,34107.78149435512,8993.66016757958,960.9948225349768,7.122614719811914e-06,0.00016202228846185965,0.215537019383086,0.00962038934966333,0.024296236257561984
306,-535.3914115674497,752629.4805173926,712435.8194785373,118439.20995333679,63114.52919420109,54617.07593460438,321981.35447600094,17445.471000764344,2053.080278896637,3292.82682069498,2674.826532516751,162.51478981887905,443.061234067069,956.7941693665456,29431.448621071184,13343.829357026629,967.6948799089491,5.415573116561383e-06,0.00012106726922366167,0.1132303896233232,0.008285861797334664,0.03477380147830816
307,-489.9901727133024,765983.5613037668,723616.5057796664,119326.69286425113,63269.44986717243,65167.41160659118,324113.61110309203,17400.72736737662,2417.423307227426,3216.2502613240395,2588.1149329347786,232.89038613549022,505.9898741042328,873.1454320101518,33613.37733452474,10400.336316297387,1005.3737392556195,5.494507721776663e-06,0.00016448075380199088,0.1226851938551519,0.01102198977320136,0.02291122540986451
308,-445.05000814206926,809345.2002444266,795154.3805857416,119052.19114771452,62925.27091362458,73628.35989143974,245991.13198846026,16537.279495004408,944.4090363650802,3059.8149178772114,2385.1273708512294,185.86971566985062,511.88445297576527,1109.164958924728,38610.57008785304,8099.995319309094,976.9523341385215,5.798874084374554e-06,0.0001883778563754117,0.0875143346641866,0.010750065019230677,0.033653161152622846
309,-563.2389573765865,773924.486931768,738233.4956077661,116972.75047378366,65971.21169975834,85434.44010232779,496066.71204760426,17180.490546748468,2850.487518011983,2596.3688337188155,2608.9154808575854,93.19898566693388,518.1258120469108,1074.7803392928708,36067.2052273331,10195.840122956044,1156.9646075486423,9.422976962050574e-06,0.00015494128650081902,0.30133308008639326,0.00946234851385205,0.029862766210878664
310,-579.6600057792526,773363.5244133669,740688.7040968798,119644.61116009972,59523.39490600335,49232.37956379396,334092.48820700607,17032.401071708267,2259.0999737748793,3150.4734911391392,2614.6808931945134,226.56886717703637,203.82066731084578,813.3621995448078,30237.98840220948,11855.32664667618,817.3512829877003,6.613681738141843e-06,0.0001460379110494418,0.11013247272525399,0.011865210890514056,0.03146334004613522
311,-520.425527958767,761364.7680816458,700347.0405063645,121017.77273044529,58664.99568384329,67879.1229844609,590498.8999186248,17737.04193294383,1648.5047802665488,3051.4959800882643,2850.8401969952306,299.843740973267,156.42765542357137,731.617514157592,36468.35534260198,8565.207512715466,866.5251974899162,8.1114005933416e-06,0.0002062342774541409,0.5833159814559138,0.0097765116329469,0.026405174180197125
312,-405.664001173473,800608.5771388613,776938.8963383747,115877.94268509572,63687.5885378585,71117.83364296764,345591.8309308974,16665.09076469022,2204.9945377986955,2767.070267068299,2442.587269989118,38.30488662655229,452.5701276189385,1050.4388126739766,39290.25881849415,7650.525153994787,893.5903470717257,8.544376909337669e-06,0.00019348556781815257,0.14792039865158443,0.01070319036002782,0.039040840324925566
313,-597.2697448774084,764140.4597063218,725254.3643429654,117738.90840440383,58308.30014157861,48000.00000113494,509079.6697123755,17181.94768608657,2869.164008574272,2859.549749393085,2754.589824427912,127.11883600500141,140.98996077538604,694.5834781100332,28476.155120347885,14091.970588591,936.0958240996595,8.033132526314518e-06,0.00011264402830344321,0.2111864102074806,0.011420903268496823,0.02984521166758576
314,-432.22573693484054,781731.0307613775,730420.6486967261,119143.14686136995,62097.455025139556,64899.838106166324,283205.98475174315,16993.499867535327,2604.156323849891,3381.1765729743993,2555.101547264819,153.3326323856699,338.1803897375803,827.1510419104721,32683.11405517015,10393.836938935681,991.205004749439,5.0563158877115965e-06,0.00015200892292368138,0.10388944310079504,0.012574051686518055,0.030891364918359036
315,-592.095870694244,789244.7902758538,757608.7038660957,118055.96542987876,60369.263846140006,57679.43893427723,295634.4722403843,17074.12030300922,2163.121105696326,3283.526983443523,2529.9471106558435,145.78981157008755,291.8065720346383,936.5680906194192,35107.375228397876,9090.65473291596,846.3567480589817,6.4722971384062915e-06,0.00018636487130248636,0.10746413521591966,0.01092187232180708,0.02889753008719251
316,-543.0218206360198,778968.6411560435,731742.3094942832,118121.90795496298,59537.37871472774,64573.07239858476,270345.1607009583,17378.76234129045,3541.8550709368437,3023.6528689339293,2600.4256364418097,126.22953117139592,194.7377979885527,1025.884460755931,36081.78662292059,9226.099008181422,869.9352859930677,6.972647568185121e-06,0.00019714742390802934,0.0710163654843324,0.009627857492152336,0.045816089950096305
317,-438.90083984876514,786355.917025371,748064.5309655872,117782.00840256082,60951.77860450174,62418.968332515564,419371.6218891137,16826.80502426696,2311.0906757092753,2885.728875011203,2688.43943597508,143.6132809682237,263.1735530370723,873.9771477977218,37033.28674061722,7767.409253228331,857.1332662588836,6.684679584170403e-06,0.00023193091090588665,0.20232561210998956,0.009181894458756895,0.027745529446528593
318,-450.34134469931786,785521.3469487947,766077.6811086092,120106.53898819111,61233.12082917471,54739.34642299724,305334.45892979234,17073.065402478333,1071.8989024466093,3381.9996367313092,2669.0058000089293,244.76449257903587,288.41815588693254,857.0618002907192,33634.13264384888,9647.149942057093,818.5398816992802,5.3902225598960455e-06,0.00018085675275744263,0.10103739671329938,0.010209882400561199,0.024356024473170826
319,-664.9999360170491,722699.9212336759,700067.5536846075,119676.02424229233,64139.203328799245,84248.80904741185,258248.1030593423,17786.957961419484,1084.681573842031,3550.5802189239143,2886.305876683526,296.90624730216496,488.1419626395629,1158.8255688371344,37615.472828974154,9627.165297024236,999.186892732936,3.1962272311561787e-06,0.00016148273720521927,0.06606474131420174,0.00473748571357875,0.028413041560337752
320,-512.5734819172889,780842.9379421654,742642.9222058308,119765.71083008414,64209.72516565164,68557.73659396048,234280.17791349435,17044.384375468606,2992.453518843919,3052.59651463756,2466.3719265829764,228.64845099980477,504.46499319080164,1036.2579829931258,35679.425626524266,10303.144457394394,965.1471193158585,6.621640714406015e-06,0.00017352707689215346,0.056257162074769836,0.011820907964748351,0.028827585603339034
321,-551.2124158490346,742632.6257246415,716735.8509448371,117924.1700044282,59944.018339142705,66440.18823800494,320161.5734405465,17814.284353964715,1649.6650131816266,2999.5973494148448,2605.015089104481,115.0553941713815,197.10190623107914,802.4639147001685,31398.35431279605,10699.027338809747,1038.8664530768945,6.085017988035989e-06,0.00013827057205977524,0.1162788343533423,0.010344618464363546,0.03553460625778217
322,-509.8991739056055,767559.4469440538,731942.5612745928,117503.88363746007,60079.205916078885,59222.462876475256,432738.92483741493,17320.539214345594,2398.754854586309,3011.5637989464108,2657.5133906088363,115.5816835957709,234.70705339842976,728.1577020163113,32334.18109324426,9790.782722475651,826.4237568730092,7.380921440185322e-06,0.00017099243095071862,0.1632672486010431,0.014899702167863413,0.034142925958526665
323,-454.9190860099808,770035.8676135552,652554.7471456657,119496.7922616915,61404.58725967385,66500.38962215949,358194.86517737905,17217.26033358334,5345.664546604647,3302.244740989791,2613.347598702468,197.07734121484734,416.9279194412107,737.7140706007659,34950.433893414986,9322.859082166668,947.9799578990492,5.557469219486596e-06,0.00015937062820832893,0.14042924058145823,0.010806810729478936,0.031988301256565675
324,-519.7707335311006,768449.372242407,706586.6291172227,120696.33367339747,60819.65824833956,86084.72586125082,627835.6311887613,17359.65700426177,1858.3820708130709,2819.815966482674,2914.057128693085,354.0418542190565,262.9924307062336,926.423690027068,35518.26395264759,9241.298645928038,1221.0263709224407,7.813485233216713e-06,0.00014198457909445967,0.5923597662917494,0.0100493925214959,0.025138237873570377
325,-386.1688981455011,804846.194911646,787139.1023825324,117771.05413526767,60293.80702328906,49226.094250209775,566513.7587147801,16555.242650047247,1509.9876263371941,2726.022544212837,2654.336265306959,131.30933759437136,300.13966999661756,724.0661207492789,37200.23301110452,7447.452464916662,671.4153555810927,9.349561800519793e-06,0.00022722025805437763,0.3084037745441558,0.012771873030513808,0.027618723947793366
326,-518.4585716631176,781881.585815775,742865.5823361195,119939.66289976914,58718.92437867198,63398.73202667219,266164.7856251267,17146.592714383067,2034.6042610321097,3534.049877931077,2684.255289621045,270.9034271789942,176.41727163574924,749.0006083967493,33909.5378463935,9718.468957839319,963.3595986654578,4.591224927722997e-06,0.0001589054326330555,0.0797448674919719,0.013212827496873513,0.02917438645784736
327,-402.2303942732783,805945.3729080209,728650.4581568866,120636.75940848928,60460.43893999308,54040.98787994251,375373.75817205774,16685.881253906347,5273.036466681151,3101.2309991565426,2571.073277401115,274.267131280026,255.05798815239373,760.5026183894975,33536.34300138031,11556.330214325522,853.2223172023513,7.888721786900644e-06,0.0001807908075179128,0.1286750076953182,0.0130070230431717,0.033435418969116976
328,-435.58075223977096,780664.8375392875,735490.2748442121,120248.46716545592,62077.10468164044,50435.46017965884,346220.9512234365,17111.154173139646,2384.019344645402,3138.5964424741696,2679.681874159053,234.82571405547557,400.36834926105416,954.8462139152172,33070.13255694985,8365.544708158837,769.1706464150777,5.628298342400781e-06,0.00019068197966508736,0.1306670795594718,0.010298789630237202,0.036882829943694975
329,-426.29763808178006,801677.0316282923,768232.1703686762,117932.31944031783,61494.75109616386,89552.69456471498,291975.90564266394,16843.308593690075,2100.9426165339705,3078.2311037125514,2619.952134730266,123.72434983757573,320.00362253004175,827.6297582909078,35698.35417417797,12066.922015780674,1217.6726032583565,6.246516440013503e-06,0.00013797853021684675,0.08931642542456894,0.009994473439878804,0.038171405663238685
330,-607.9878937165264,756477.751221547,739665.4866016931,119017.06626840653,60619.83993578754,55117.553444684585,313227.5555720852,17254.873813415947,865.4528267212293,3404.670191932152,2621.7386084140603,175.35456274867911,272.26055806071,792.2045457921768,31538.21843240095,8872.579080981157,810.5996831971747,5.303390651588806e-06,0.00017101601889246205,0.12052243000726859,0.009637187961376569,0.035168626023472156
331,-459.50258638560695,802313.6226284693,772797.3226591253,118037.1827787707,60245.74171879405,64443.798939103224,418324.0215151154,17103.46695325396,1595.8779528858327,2999.3881385098102,2742.7802046997663,137.18399355099697,295.752831912357,933.6785718403472,35315.42582724519,10516.237816163564,975.9203841573351,6.415363800956425e-06,0.00016715489505841376,0.16391280584708406,0.013146427878224919,0.025294265762856392
332,-486.675479336021,798954.559203725,758176.5762545371,120038.02528679447,61940.19571945288,84209.13702364269,347976.8685764425,16851.814014561605,2082.2101049054495,3252.0024994293517,2687.5731911585167,255.05241111108492,372.4178506500265,924.191235564078,39622.24809284073,9473.001523503892,1055.7206457691045,4.987556390024118e-06,0.00016219946520037694,0.13909058665027477,0.009094520462215315,0.02724321619608653
333,-289.3829287355563,793713.4156000515,768942.5307942353,120495.63283243016,59325.90663349314,66386.71208260536,375214.804453836,16704.33448661181,1664.4968277317685,2946.427064931156,2710.432250743476,238.0152431466308,201.55317310101933,705.8799660868606,33689.159402422694,9359.471055114122,1031.9225953543344,6.243041434298181e-06,0.000168029758969728,0.12016164991043828,0.014953697113979843,0.03157547666494154
334,-633.8840134066741,799117.6199272035,798202.9374373141,116123.22604189599,59220.87239605011,67754.6698872387,278514.71376518166,17011.607983644848,255.26873726228212,2683.7894452200217,2543.0120328885682,44.77975486133878,187.7846853939622,886.2425353134195,33792.9174321287,12258.010542761871,1086.632749168823,9.556389542252416e-06,0.0001437798010540822,0.033350653638448836,0.014752205845441155,0.03869593546972397
335,-548.0719025764247,784062.8108407846,744124.2870095519,117500.222930714,60660.79110742669,60420.398374446835,394776.0716501358,17066.027193192986,3052.793375512868,2949.872805860685,2602.764508974926,106.73363147792881,284.1682589025897,905.0186199100258,31572.660761048537,11484.289004222399,971.367516766493,7.503153004943827e-06,0.00016100794388793275,0.16990406699935248,0.01096956755044601,0.021690759730664894
336,-473.62783660320883,755034.2024135552,720487.2448554493,120339.13733376063,61566.671630156416,87352.14140531886,360700.4637316709,17362.319858613606,1610.4292630606333,3304.1585734225464,2669.721709604878,319.8788872016712,253.6422929576766,857.1935310911164,36599.90459236723,10157.87826268437,1144.5332593378762,4.683020833396506e-06,0.00016255665146066084,0.17012196973844623,0.012196447909778219,0.027878381419373544
337,-438.2455836021606,738432.0592938068,715545.9019605082,117915.46035568319,61392.44482812356,56886.03436669445,269879.0632582075,17695.114078876195,1521.8427494655093,2959.7813419831705,2506.8309278116158,102.14954597034756,306.31088259582936,879.3937632370413,29602.478376153802,12151.933106889866,910.80711403897,6.325186348349578e-06,0.0001563144131594692,0.10370821330670535,0.006800419646416915,0.03278800710492025
338,-593.9623079008776,732719.3885975077,716009.0007380756,117608.96519555591,60128.58940260512,49327.627826673,354076.2745762938,17840.903746145214,1156.4944108727618,3088.435681003537,2405.7419975972484,142.6827993885039,297.40811118770114,765.3158293653969,28382.95432316261,11867.902038542032,872.6884540649734,7.3886077919291145e-06,0.00012673922946682427,0.15342408383796816,0.01701015785240375,0.03449123378631463
339,-549.460375714403,772249.6376611835,748290.717001967,116380.94014416776,59678.143823353435,48028.56044587424,286910.09089017054,17342.980230841225,1779.9730780065518,2864.914634717887,2350.6152064118655,59.2418582802875,234.29173266717208,824.806715383368,34350.242992635176,8573.047289974802,665.3913355613805,7.290447856599484e-06,0.0002530904660070893,0.1061493287983693,0.011988447505249545,0.039402763861897006
340,-446.86770727079386,781416.0534724216,746365.5550796895,117851.38111860037,60798.19186475185,63630.232670219426,264967.43730895227,17063.288953875628,1840.548309135004,3358.014736078133,2698.754982013275,132.14527127361407,269.4669161199549,902.8394836606275,35855.276991757506,10375.55989660649,905.5573352004819,4.281514674087919e-06,0.00018203532380181329,0.08696295724832884,0.007609571347808512,0.0350155302929022
341,-542.4546842366094,756820.8052893344,712501.9985988722,122305.27365514709,59421.331273256415,53041.80063995409,347350.91960968997,17919.303891355474,2591.2799607714906,3084.0967420940215,2529.495121192886,607.5228489907252,191.14812115905352,806.1660346702104,31217.741153058898,10007.293455747147,892.4081188748039,5.94056421997148e-06,0.0001508195919241054,0.1149772442172721,0.018220339923945787,0.026324755049637882
342,-617.4308391798234,756297.8737582111,704909.6141259335,117213.83432641473,61295.912453318975,78779.0921581899,461912.1403140809,17383.910375126477,2597.0645554586285,3066.443151899554,2673.337320082231,122.00324037173779,288.8280382084252,905.3686481416263,38498.63661602156,8631.858384358826,1006.8270330745519,7.73007904796855e-06,0.00017946588687959146,0.26280222316374624,0.01059055581615037,0.020510342704080864
343,-502.9275725883521,775128.3599179122,740705.7159132034,117891.88868042205,63437.23570604555,59917.238970306666,280405.7100191964,17095.2552595947,2097.7261813815207,3216.421649652311,2575.174912942789,169.41791586233492,447.3363532501401,1095.6547628310861,35084.0703829776,8967.847666356625,843.049999662313,6.0353520454654025e-06,0.00018525058881913045,0.08143116956658895,0.011545729000702755,0.03649120177685391
344,-485.2877537818572,752170.1604507848,742087.5511166942,119655.32403637566,61780.28975100029,61570.073715974446,424749.48960639595,17523.33796666918,617.9991366298987,2963.070032794867,2787.2255540801443,258.8824034297552,369.5402656270096,797.5646340084909,38665.06592558877,7597.081914981359,784.5827031334521,5.8668797313908455e-06,0.00020698882979955211,0.14234949324568183,0.008052014461970434,0.02586786165126395
345,-513.7802930260415,793497.9389746517,757292.5956901883,119236.54229821435,61205.97022446575,61205.17536992635,328125.4070015719,16546.12409230286,2424.251850193214,2957.8285193087945,2585.451349226428,162.98582029235544,292.5889997243596,969.0350264583152,38698.38471847546,7183.603474892853,856.1814686371575,6.711861753405456e-06,0.00020842752904087476,0.10898465790324793,0.010635177427385617,0.03513229211849924
346,-473.5722906266207,754929.5156449918,709506.8833885133,119722.84862569284,61657.46416292155,56855.37574708526,350411.00971701974,17131.664483995366,2816.6558279442233,3361.9664842655798,2694.2887746933375,232.8560947986827,334.0994990544092,817.1575508445756,30980.842285469327,10867.050204456315,931.0591023217823,5.946677266021387e-06,0.00015478970903574533,0.10722446800414835,0.009136172513505781,0.028966974494087177
347,-719.1334097192554,788578.881897888,767716.4928958144,117120.21574604757,62238.047057825715,93341.87698073171,351674.52817584114,16887.877580785047,1603.437533419948,3107.8928844294887,2618.9601942119775,101.7352439251238,371.12486473915027,850.4514557295562,40360.393031597145,9082.530410367737,1190.040555940035,7.793936889508909e-06,0.0001513652186996203,0.14032250620467837,0.007787247084448985,0.02781667154818397
348,-544.6519674342351,787927.9094916277,761665.1735602354,119647.93032515659,59904.612064171895,59458.5357637929,341508.02813046623,17119.766291109776,1914.435937317971,2962.644896421536,2622.997464006764,204.35147165434915,249.9552445873601,825.2863289505985,33852.751547744454,9293.19549614439,890.7714332245574,6.975245970636232e-06,0.00017870736593435344,0.09378893206062416,0.01355355804567528,0.03368245144285598
349,-416.9313864174166,729419.3236657699,700098.2073942239,117584.24289144018,60356.40864653055,56191.84374078947,259463.96552153828,17607.34032991635,1897.5364076716537,3345.39854597687,2290.7807171507757,128.85040109408084,234.98185403419834,837.7716902249025,31178.86635925451,9917.624917027313,845.0267390804979,6.708715418824877e-06,0.0001764228722235645,0.09069202304355854,0.016632338114567446,0.026894036661787166
350,-529.6127660494699,788549.7134063351,769503.5435317283,118569.76820318302,63501.69455548541,82017.11331298009,377360.2638539162,16953.67005051139,1513.1581725388412,2892.443892642309,2761.2524105459966,147.68243198093745,443.1073197608793,1175.6705188498206,34869.631535729175,10850.55237794976,1144.1701321568028,6.879801295534392e-06,0.0001327194001393992,0.12624201867792578,0.007299333517789856,0.031082199203120525
351,-509.03185881905046,772872.4524207069,741141.8666350624,118443.41908213792,59254.63334801029,56142.50642281265,411208.45038116234,17378.1692495641,2238.3998381755287,2791.951466346881,2519.2039545544053,154.18381194343172,200.77334952432778,842.1813485950347,32287.3683691059,9755.335972449597,837.3969654796222,7.871089049981674e-06,0.0001626960979867377,0.17369510816887918,0.01360751037677112,0.033022613426462934
352,-570.7356810009209,764431.1947700891,720845.3666334092,118095.78747546751,63250.4766302343,59363.72746842892,330483.14293467265,17493.30433758941,2737.7471090040376,3116.2369646188304,2559.473317715514,153.83495570639516,488.32120024409477,1239.9844164559038,37972.01884987337,8188.708695303574,779.1422424287115,6.8828923162208065e-06,0.00023733875730916758,0.1243486140765574,0.00737912490828511,0.03444431968474363
353,-513.8363910169389,715499.1589091377,669038.7937811716,117799.24244628732,62656.24491537674,63126.93608303484,242054.51331315047,18039.4667653566,2441.18693110004,3311.6093699084727,2625.7380185168668,135.95981384870657,391.06132554718135,845.6313324981451,33396.36341260849,8860.484648053796,895.5605408261298,4.078778608363372e-06,0.0001532911845927347,0.06824618462123683,0.011874974242453437,0.026209288491456977
354,-502.8083830423268,818375.7373157685,794463.8456281837,117091.82206882058,63068.208615940646,58368.22885888349,341219.08842052787,16270.846001345031,2333.6433267628913,2681.8956775406764,2246.2459072855568,131.5563202545377,358.8649042371701,1087.9842624359705,34681.60773551332,9331.221756924191,904.0733237342374,8.914672473009647e-06,0.0001688307213280914,0.15894951043848518,0.017839784145167504,0.02736070028596444
355,-554.7976049018499,765624.4809396269,737379.9260360189,120123.56383285826,58930.56140779757,60988.08352630552,302707.37575190834,17398.961666553034,1936.015508036599,2936.4798236925035,2457.6063861081548,246.88917717937838,149.81814488097345,719.7478668862606,33570.38458146201,11237.515698945384,869.3977665347925,6.827494274260297e-06,0.00015374623690034717,0.09316829288480943,0.017601297615206134,0.0284097162356873
356,-531.5387302662431,786000.4317116091,778941.6569795236,117847.26100821857,60736.34921563231,70439.24278830909,398760.64099906984,17044.695670614037,590.6341629797811,2902.1702319014557,2544.221086984385,138.05494512866733,311.75479336740705,1036.431275807855,35179.670093665765,10524.976842389702,1051.0211971511762,8.127349750253565e-06,0.00017694330574250726,0.17395255714942467,0.012691165096154176,0.03819927861706632
357,-460.334070777734,719701.7376541254,703917.1692209298,120536.16020419152,63818.99049902929,66993.53853829662,303360.7879340152,17976.91619076784,730.9252221432735,3286.516823788813,2608.6763318944027,288.1944336120206,459.2481746666575,1084.8313635251363,33132.027417281286,9974.326235624594,915.6731186076223,3.956447448244393e-06,0.00018625818165291422,0.125556534459991,0.01062255666130804,0.023712772756384243
358,-373.5211354083701,776837.8891703815,712680.2605068212,118111.94957624968,60743.30928631756,61371.23196350953,610557.3115141165,17273.937571990125,1966.286027699846,2896.118671066786,2782.007403132814,119.8142987180666,282.9902371241675,762.6683175699494,33505.00452700407,10229.02731452359,933.790643344483,9.50085345620879e-06,0.00016571331778212804,0.650374688013318,0.009530726274794107,0.025630902354079655
359,-526.6057903218821,782541.8816652808,771552.0368862085,118521.40616333185,65633.23551643312,76528.97566184377,299580.8230352449,17398.43395255258,695.5163689060231,3410.961234732606,2672.6758991498655,210.25627292278747,662.1810275655711,1156.3658087249785,37382.227650441055,10529.980973246125,1024.1756882838906,5.996357463036844e-06,0.0001678505961933375,0.09525794880854237,0.00886620215317528,0.032039006255785395
360,-542.7531140178402,772918.1070800609,742640.3573770748,119214.24559298283,60985.155866803245,54432.669192772264,373926.27908323763,17009.212158180242,1568.005811397649,3288.1183158832355,2735.9712265590892,261.7442799286886,313.8492740191625,847.98143771328,34162.15161065248,10541.435004761088,817.1951418260454,5.22534092159596e-06,0.00019821180158551864,0.1380419220474076,0.011832666251074342,0.029818349336563712
361,-550.3835300667929,806539.6367431507,766927.7650533571,119774.89323391605,59318.965002668774,55544.891174155346,305959.95107988646,16618.117404804692,2032.0934393209188,3336.7050920794222,2522.0254677375638,219.2478723199478,197.26620573112743,996.1132556774338,35408.01713353729,7937.434654713883,798.7718860531395,5.7762864228496225e-06,0.0002016604399642689,0.10909325482737231,0.012401274802334626,0.03294678885321912
362,-530.7052989241424,750740.6021703029,733883.2852522929,117038.03239103504,60256.38790507185,48981.39481386577,422564.88889783865,17660.959721442883,1340.681938061771,2827.3133067020017,2574.0508719385975,94.06418402658149,254.10949526603457,708.0609603088708,29194.406190137626,15308.134767560216,862.5164427525739,8.045413091429146e-06,0.00014051337503950131,0.1974552925020678,0.013079290721412186,0.02055067546849768
363,-384.85031593412066,750520.7392691242,708037.2868736403,117559.89546079021,59874.5242355039,50115.95961061168,281564.6752171588,17336.76156515631,2938.242010004695,3231.09744402467,2556.67675175001,125.34241323507065,238.70346442963404,822.3684773277388,31614.548134525314,9505.808608160292,777.2841434155923,6.633052664726735e-06,0.00018678097938390186,0.07179049566694477,0.011675816555896739,0.029701287686619202
364,-569.0108670094717,795762.2577985671,768805.672694052,117977.55173893366,60610.78384506733,66122.1560895599,359560.68306669913,17108.267825151503,1810.4918924345925,3124.3428548782113,2827.1716751382305,134.0348679385353,271.87395873973736,868.3320584398114,35257.177252486355,8744.714806848024,997.4486934420335,6.304852348702392e-06,0.0001735368126634966,0.13161704848615494,0.007245771276431107,0.02767470273690023
365,-537.8989959987541,782472.3155051431,770377.0002188162,120470.57406580467,59664.67584196536,53019.29575034092,397777.97399223177,16903.501173845965,520.9930134990253,3347.0059282685356,2777.996434716925,314.45780740264524,210.70179094317317,793.8472029657357,34866.91081869094,8538.487362105912,759.1253268666044,4.454506624274521e-06,0.00021117608651432284,0.16413551186760733,0.01357610645299594,0.023040627661304082
366,-400.32620553211416,758519.5204937017,753271.330981115,118566.62386513318,62882.792417600336,49142.23533853218,338509.87422507757,17553.544548620626,278.9725925235284,3301.432440371458,2604.086358764995,201.923369265998,433.73946797707896,1006.7772192431048,31308.070152505417,8827.676081990428,750.2375342085816,5.80310647578024e-06,0.00020642106816532346,0.15051636632675888,0.009276176232699327,0.03119664062748499
367,-534.8536457167104,777983.2749541725,753097.1577834607,116841.72100142406,60975.13881935807,58659.43442740061,287030.6819602555,16893.14954887898,1528.405669677506,3119.704411950008,2673.838838947492,72.04514052641052,292.18807881011395,988.595694702392,33486.6354435447,10988.278015232863,884.0830354263592,6.377656078237346e-06,0.0001916225207503678,0.08078881080024321,0.00737119707583826,0.03660596366794142
368,-528.3061303164736,773151.9389443685,741104.4381321801,116857.17728499661,60438.11906588512,54222.76413388377,352883.1544876315,17277.132970335493,2008.69018699725,2993.736752861072,2639.0689040055154,84.29636172860857,271.1292530956808,792.3282523608386,33448.49068573536,8985.950777432681,784.9444579380074,6.312980909124533e-06,0.00021229199007081866,0.11846218892800515,0.010957855380765116,0.04579077786945143
369,-478.0372121283084,801565.3118921795,771083.9328378692,116886.93430881202,65287.49077554336,89329.68183803368,283194.663816249,16921.424059006793,1971.1357685903747,3281.8712948866005,2328.11013423285,96.88317351016596,595.974751919548,1174.5290373963314,31608.82738198377,14593.201435290715,1401.6081566657203,6.918244821267175e-06,0.00011551632422401394,0.13181609685113466,0.013439866259120966,0.02458813781893238
370,-414.10939260861056,784776.583454513,753601.6921982858,118243.41751637583,60439.045832567004,99164.46468072948,471492.48496360227,17076.867758600587,2240.762112527639,3027.0689369312117,2698.1396693356473,139.02183909119393,230.1383108850164,981.8770940490701,38274.935350497144,10455.973083986779,1272.3197390740768,8.910664892969205e-06,0.0001469514802108442,0.26527707220690594,0.011159165938773597,0.02189458902887146
371,-586.3580478880077,803806.8663441155,778936.3382590633,116272.92674594138,61370.578051808,52469.44364236761,456882.3048286126,16908.315763370865,1383.1487589171795,2876.398272233874,2710.1414712122514,50.48283595808859,278.82652422214,865.9114880789427,34515.27080847379,8382.70455454197,819.6118553272119,7.764525428765815e-06,0.000187613378698333,0.259638172554714,0.007772598495106217,0.019596389036799822
372,-406.1651117080111,756803.9035784669,730378.6173872232,121325.9300531435,59596.51745771734,68683.89411888969,333784.6431545274,17161.577000429923,1731.5582458002157,3108.483444348468,2627.2180376785886,309.41253801464103,168.39785865279597,752.0105756389257,33104.465968641,12055.272944953436,1038.0975834411083,6.404328238906156e-06,0.00014969633753482328,0.09051430110000565,0.013224393369630754,0.02726180649158369
373,-573.5141058678429,774498.4580295457,766661.795821129,117351.87889263128,59811.03983400749,87423.79121064633,330723.6180998134,17189.797491285488,382.2053041410295,3338.234373333747,2802.1680722995484,94.70370731645224,246.18421859721653,699.93161057523,35081.435598904776,10876.824758082685,1198.9025953088312,4.66952587744842e-06,0.00014852788672245956,0.1180903541830197,0.010048178078965974,0.03199023978604106
374,-583.8758254664251,774641.3913343679,743534.5191366815,118375.81510121308,59900.17733982463,74441.58382067393,328960.4594669944,17516.567423439592,1912.0852576357584,3093.0804090006827,2554.6191728348945,150.1289109992714,226.90656637187237,763.3118130989718,34305.43382990715,13433.036486416726,1081.846845312625,6.498771019598578e-06,0.0001389802911048966,0.1251304923273389,0.011160600658567972,0.030066251395214367
375,-427.53408335583464,784580.4891382643,748047.378495479,119435.00353760841,61856.70733332257,66379.51398098018,357574.70537469344,16878.105349779813,2588.038976626595,3069.0300910081714,2575.6241773766,248.67981210493807,437.83830821514346,793.6213238099838,34641.85737925017,9352.53857753637,985.2993898491145,6.945647242639713e-06,0.00016456758285855795,0.13782842839575207,0.017463585140596875,0.02028697151378445
376,-550.5642530743665,741559.4070535857,704042.4612168687,123001.4624638062,61435.22188223547,48298.15002272567,624075.6747758024,17476.955632801728,919.4989797979763,2988.9677229548706,2788.3050980894313,488.103407563549,280.9398865422525,863.7823296907748,30127.163755397287,10357.119820978938,777.4174327727587,7.567594585984779e-06,0.0001653873375407512,0.615306903411681,0.015120578891679406,0.01750146387649655
377,-501.65405407526185,723649.7906019953,677684.5423209567,117845.30333097391,65302.8335884423,69017.90563777965,353660.34446473775,18004.80618804565,3951.757283639183,2944.8743403071485,2515.6707767755556,111.97025536255084,622.9311689162316,1052.0920610711144,30882.10514185293,10997.559462196432,1032.6191140902845,8.484523271423711e-06,0.0001547288662983385,0.1094547723120435,0.012805426692532467,0.029470174624382527
378,-498.1478677354419,722759.9696196435,692009.8443868265,117909.08980059526,58934.20568281103,55666.278307764194,299308.3517805555,17789.267203034142,1721.3598436414766,3237.596688232755,2652.6263725386357,124.00733360574058,160.77204673323828,617.6079816248674,31607.145337923015,9413.038147536743,849.3321488708383,5.577987484816399e-06,0.00018100546011326143,0.12116330174068586,0.005730989697635499,0.01818071553466999
379,-602.8862301133006,753920.1805872292,695091.7948173356,120513.36845597185,60280.12018924435,49146.33797339855,365560.3141631504,17797.289035851165,2386.6814647342458,3485.586469584267,2792.91590982077,335.127905934296,275.86024149133516,995.0573460683663,31860.555911970634,10760.823816362272,720.4087570642539,3.8035288812580407e-06,0.00021979503338525155,0.15342575925226962,0.010394859936894027,0.031002520146095853
380,-581.707872248541,780063.1532357075,747163.801215418,116926.70085625729,60256.01937152252,72104.71424091357,499681.5099299916,17006.645377045268,2939.858874129874,2735.236611193394,2591.049264934467,82.9773274176308,206.1371590140116,687.7807779658976,34280.56070733247,10504.69886859925,1091.4270737644476,8.592310561036746e-06,0.0001600003036518282,0.2861298543527582,0.015063554235081078,0.010802115404551251
381,-599.9496443692489,756511.2591873078,699258.452346252,117040.8226471434,62076.89852651723,53706.77712757155,448945.7284814978,17580.682279666835,3004.154049353614,2978.4259605130806,2731.3591593556152,109.22116242870167,359.4659401005152,928.5039576782708,32421.253355403507,12701.012500330371,785.3129849395451,7.239672388326293e-06,0.0002008117937930261,0.2521373928464629,0.00875415126080757,0.028939293080157368
382,-632.2171265811687,732489.7975728785,728060.799707164,117231.62876283817,60328.27403964866,48002.89170682896,307129.8274720326,17857.40251224823,294.4638376155248,3058.8384010290465,2427.756248171982,106.92075075087963,309.1283819242904,1060.652179228077,28463.364045596234,12709.333835492054,818.4129291839588,6.499498818687081e-06,0.0001813343147483104,0.1204609469947594,0.0129578295664271,0.028146962091367363
383,-456.50362329411723,796708.9182845836,757071.7972866192,119404.12244126546,59350.46282891949,83558.93784076515,482727.54826551303,16997.093437381656,2606.8976693778236,3161.5221437705177,2726.8859180579116,190.73219900568816,218.59073033753907,682.4339083645232,37636.43128009017,10216.847776125225,1119.0128489530011,8.231661817494807e-06,0.0001687143236657663,0.22683977753927756,0.013978228135505517,0.03132980598413223
384,-554.8935671500883,794334.6866887102,738518.277806883,117540.53849286716,60682.91417473222,60966.26705324438,301504.4708705598,16973.099420723946,3487.96072309789,2975.2256044236674,2515.959765512052,127.72128450823169,235.82739726148088,853.4766022297742,38947.659190916034,7504.868938764603,786.2883293235608,6.44430639136761e-06,0.0002222206001457189,0.1007144827196309,0.016060077737624568,0.04380310021576389
385,-533.5305456970661,762744.1988066908,732348.2659025405,118510.17607643783,62780.733987108186,65485.31408996464,263975.20704580605,17320.14424888808,1624.9854452921634,3248.0995930206213,2457.6419618960776,221.74962347511791,395.4095475167053,917.254793426226,33060.81654854425,9607.028036327556,1008.3862583027349,4.724376371752284e-06,0.00013711878355642388,0.09323333537868184,0.013443067112670735,0.030519930204726813
386,-654.5235288435424,749794.9259453497,703541.4355051211,119328.44547851024,60779.07534166317,57123.817431434465,354958.11041231424,17586.04376896332,2906.9937814691207,2974.5176553182723,2555.123420396039,227.11186000317815,257.87075554828397,834.2420515244969,32728.88911138426,9894.556832318573,824.9461675491945,6.765775408012745e-06,0.00017954212864745365,0.12897451555696965,0.014343145225809557,0.02637830869905361
387,-679.8525701917209,753690.4003042245,732533.2352769814,123583.03259027853,60599.836901829796,48301.35504388251,494601.54323152313,17529.641946032225,821.8404796027671,3547.9999907254974,3085.0030519513384,501.6982546372237,226.35797798496836,708.2530235425149,27559.571704706923,23772.89192612374,931.3443767693683,3.798731713083535e-06,7.839967448274585e-05,0.21076443971067352,0.011947465194494734,0.02216569340101974
388,-542.7778388205443,782249.6551630083,752903.6461063669,117928.88927388152,59482.060915005204,77939.05643021305,195897.10359253985,17211.877279769196,2732.4351664505716,2920.808009270536,2528.910043787229,119.8941039312243,196.2643151038102,835.0497291886608,32761.297027722845,10914.072622551188,1165.089480782025,7.06242266380287e-06,0.0001333239470363683,0.043403078368975036,0.00961390805763612,0.04022041801059014
389,-428.51757142125103,794788.6570398712,723889.0964030371,119086.93105407945,61093.89039677997,76018.31746462904,552636.0925618024,16912.0668177396,3407.4109565181534,2710.6758694557852,2743.5312239107975,175.7819817608559,293.3489306837143,780.1255253562846,34054.543391391875,9383.243857075966,1038.8938540487811,8.798859214645192e-06,0.00016213017030463513,0.43159987312769305,0.008774226563049443,0.028895935820568618
390,-487.6752073310072,765086.7624066991,740894.6624973039,119433.95043678007,64053.15751444708,63455.537386174554,270133.70452006324,17367.66209822653,1936.5852166186805,3039.5784793199587,2238.554908973446,181.19426552811476,499.76976131242037,1094.3060409426992,32758.737113992145,11484.513622023911,900.2864080375747,7.753188503984874e-06,0.00018633372481895714,0.09549519174150915,0.01440997159192612,0.030623760277829506
391,-491.78572227170264,770130.7953917469,740119.0073823865,117238.48821214291,59876.53348227071,57337.059390165436,436456.6270590895,17240.15482822646,1656.8114701093957,3003.4007599342076,2730.8411374108114,112.86555137855173,223.93473341300123,748.0835863832934,35476.47959667221,8991.561898665332,840.2485726308199,6.2783109988163026e-06,0.00018168478177098995,0.1902560258719621,0.011602039262164706,0.02165360479574689
392,-550.9177553921403,754524.0574178634,733063.1255008896,117331.36097543025,64900.98487247667,60794.981244946335,327230.5349254658,17475.57009515768,1576.2594412504193,3092.5374252184483,2555.7268830968537,98.22410714096947,469.14926921264447,1038.9993040831644,34671.228021067196,8217.541738258593,883.6427720552119,7.1941248762626746e-06,0.00019213394643089273,0.1357203736364207,0.009416362953735914,0.018023080561524
393,-381.952158299408,757128.0899767814,728543.0055014226,118390.87829284373,60448.07240701892,56365.59031302455,366692.2186614918,17351.249275285925,1968.729869199017,2964.6498632014604,2642.676658560133,166.57951081263275,270.74014617217557,831.6857202267377,34060.75453277945,9312.63391131649,855.0421373570493,6.970803985741125e-06,0.00017019282298085862,0.11433457544348387,0.014073966151312439,0.03235152328640093
394,-583.1368782248167,785939.2055849448,756927.5630697741,117234.1008581222,61137.33763030605,53601.94502953087,283681.92419934215,17129.385464561507,2003.5073071550228,3103.0246278537893,2419.9457471723417,96.76796556270278,316.2109363253334,1039.099910241752,33426.53830591642,8818.98367835976,834.7295591388879,6.7463131018458286e-06,0.00019153280464438442,0.11580554553415108,0.012033451203118693,0.03046612780579075
395,-510.2814829335187,791679.4421009617,775015.9515980602,117921.85109259226,59191.281832110355,48929.69697728658,640602.4161990538,17344.25597470501,2234.0704510595583,2753.2608786846677,2720.5248532439246,138.05831266314084,187.3317894109877,714.3034820487569,32056.044496795028,11842.920594707874,828.349720966126,1.058183148670914e-05,0.00017222026331274254,0.4933118793418398,0.013076573314811256,0.030655213965712413
396,-414.7715135200377,786430.1273009158,758025.5819513182,118328.56348405858,59343.487062263666,64814.99034969659,300572.1068225713,16895.335623666135,1850.2532022889304,3056.8431026325384,2434.301165429403,170.64723137776485,212.00601023573785,724.8083459694627,35064.6335466808,10540.029710666962,900.6551823512593,6.851300270178171e-06,0.00018083047063488774,0.10733862109464358,0.013050895063465693,0.0333191466033413
397,-549.8746611382129,771567.7283687752,729491.0706356432,120843.70097149078,62105.35724736676,74280.32365984433,347970.59776417,17184.18496176175,3008.66040705489,3209.6122887418483,2513.113155122492,318.4236959541955,332.42647476734174,1067.026438841146,37917.494330224945,8493.560176923493,971.0203832113965,7.747877201784788e-06,0.0001917261274543927,0.13916920418180012,0.00956204426804434,0.036215712871057855
398,-580.7558095020302,724350.8643565451,677043.148508041,117699.78296652765,62676.16546155186,51800.78527366607,328785.9784666533,17697.732565685215,2318.6907989826686,3199.2573772902424,2564.8137113913444,115.14583899233935,361.6655007909728,899.2565946337082,30148.398276168748,9782.287479998075,812.5153146562947,4.920747224080844e-06,0.00019331575206571824,0.1547859821542014,0.00980560767784161,0.03072204214726178
399,-431.0975232420425,770190.8948991183,725635.3584448831,116316.48655021006,59620.64250320488,75165.32807283995,394395.1677701397,17308.04268331412,3994.969150556181,2654.5337202044475,2500.244865134948,45.606681019763876,204.87135205270013,668.3982245946727,38096.65144391437,8689.029852998121,970.7326043067899,9.081724176109536e-06,0.0001909945370160902,0.1704949462500455,0.011772220667598806,0.025718900646558285
400,-538.3340635943258,746855.7162595233,732064.1797608425,116927.52133713632,58883.93255880001,69510.7423111497,260729.07484792842,17495.219215162164,1066.9066277313673,2947.6064303502967,2627.5899276797245,98.05165018429922,187.620089393611,706.764884100344,32973.23655600349,11498.73652044684,1069.9573134130083,6.316259216522474e-06,0.0001457172944794153,0.06999069577483753,0.01183965156843732,0.022058619920372176
401,-609.63454815491,710645.7770637338,698643.667718307,119751.8189693864,61937.62688715684,60351.5752109238,253886.5138993856,18505.00375403131,589.4675088219432,3503.486655046485,2555.779951961662,268.6332746296599,370.0612218640907,881.7851344050757,33155.6424931328,9097.851260022568,821.4266090326878,3.942861248183379e-06,0.000203279482592014,0.0900567694633003,0.008857038672718793,0.038733580648349135
402,-483.42326244551384,799708.4736566165,782086.6204047414,117149.56184936613,61121.71863301894,63349.81548998468,274790.3452955241,17045.545726294287,1389.4459421767235,3027.543127184606,2463.778994551179,101.86924021899681,321.3582040999801,962.8297466984658,36421.70558474657,8824.871773371762,967.5278270296592,6.867406531892763e-06,0.00018302031868725537,0.0880482733227902,0.011644493700024886,0.03143761301792874
403,-422.99183416494475,734001.2399476806,687649.8700688699,118343.32453962555,61808.86667753458,63357.96882403898,245787.35077699146,17784.093189195006,2293.8056545005593,3480.90191284792,2659.853451297201,177.84525212227402,341.261982767264,944.1096855960917,33110.50220880116,10118.96327358148,877.0703706792174,3.7469466084806134e-06,0.00018706856514136928,0.0852481819109222,0.0069745855787719645,0.03923931275333701
404,-386.475530091603,777644.180454937,748167.2606399141,118160.37425381326,62962.003087222096,51414.25466872509,377685.10042147094,16947.02836560157,2519.939185234064,2989.7985065240055,2733.3538331816135,166.22643458877027,409.69186122198454,946.4198193581412,31378.25373596216,11360.59441358434,863.2696176390288,7.3609050331733445e-06,0.0001369319005050217,0.10131914154897108,0.009027957775953454,0.02867404246591482
405,-454.65079434362605,801885.7542164631,789630.2870214107,118014.7133159202,58874.48598460346,73827.85117024745,538973.0032448564,16809.484005191465,1110.878437256781,2786.524811384943,2663.481268841985,155.99570434107423,175.30116134658556,671.977435953611,37492.607309351486,8116.2751112966835,1053.3537710148528,9.88815195467775e-06,0.00018235023513948906,0.3578601180088099,0.01122562333161451,0.022823319806551255
406,-299.325087195336,805793.4144777458,783571.6235753114,117385.7663587559,57922.372471983035,68332.63568066782,511094.6125866622,16718.141155471516,1875.9765857605655,2799.197671700577,2779.87426134901,84.84844353230481,118.83793161696521,739.8130329877351,35578.892778107256,8971.329348784895,920.7746437438342,8.655780750285886e-06,0.0001955404656860075,0.25723807582554564,0.010258869082062687,0.03536796775594214
407,-656.2157752613437,745345.3528006419,703949.5931647634,121761.67628618143,61219.82288164389,49515.24020015619,244615.16624829688,17419.256198497722,1854.7170393939055,3312.7056976394388,2581.531337125779,308.86248470901916,274.991384723011,841.0436336883268,30987.682727713345,10953.816650957691,759.5548955113624,3.205248922304354e-06,0.00017627445906354437,0.09088615981413732,0.011454749186823583,0.021998119638615775
408,-414.52815454962354,743003.4495226317,699729.0092722352,121146.60469841985,60731.25065297247,50960.306610027415,264264.824402329,17589.512703915247,1969.9801326037107,3509.560775990472,2845.0152208410827,251.56872841901068,284.8524743211886,866.122018398739,32658.441330176967,9648.735176914959,752.0266510730934,3.4866475091489927e-06,0.0001734152648807326,0.07186927670778832,0.006733647897165609,0.03173339880665389
409,-513.0634212420628,731168.0228181346,707880.6111993736,122698.37270327531,59390.14716044967,48389.111065381985,301698.20782826515,17892.834020978426,1231.970985387067,3267.734827678509,2544.001686211797,373.48704376439855,185.8734399536044,845.5380368052887,31265.084587921137,10614.07541083362,758.0805831642182,5.187238149101578e-06,0.00020539083671086572,0.1069864254515857,0.013659986715386043,0.03642777309191109
410,-681.4486553625248,758812.0353503934,707497.6490908741,119083.43721234918,61383.55444179506,66597.45505511411,334347.2548019517,17564.637266725967,2988.589782425355,2953.3039106359333,2506.5325673218367,221.5414512135636,320.49957789540724,908.8447767269228,37118.890364602135,8201.328268091602,939.1518956577381,6.227652065729847e-06,0.0001875892790625434,0.13455936441578809,0.01240311311764779,0.02582574223280088
411,-493.7031975897203,818805.882183995,762875.8120341353,118345.16395687629,60129.608047187525,70030.93261785439,393170.0933815044,16410.393020554104,5157.415630188665,2729.2823987997913,2532.0243974771174,164.37461583919264,214.45008021003764,993.5798756594795,32932.500474070664,11931.905425491224,1163.3427568864943,8.576137727679204e-06,0.00013243091438293198,0.16062854712155233,0.01130312812421366,0.03284423593628992
412,-481.53194842586265,757742.592219809,727496.3319499067,117730.4123282827,62033.486488766575,57026.79662721495,259882.01585801126,17536.54926330848,2285.2492627421743,3023.192988721359,2473.9531135059947,174.13292344495633,344.60512951211865,919.8395143871556,30992.30382177667,13969.207976641374,904.8754128793519,6.406352419277953e-06,0.00016817990984118418,0.06552654412989602,0.01601970821587298,0.042580439533916006
413,-445.72073136452667,806785.100469472,784792.439717721,118829.49782492664,61426.87922978042,57221.324579443186,323416.1348872889,16623.60992989437,1705.064587137004,3090.329280581073,2622.593886129439,191.56689334024588,252.1717145061128,877.9328995155576,34449.97806264694,9642.836652041613,884.596388842214,6.936065133209547e-06,0.0001747413312688209,0.10005511918322156,0.011497053925816089,0.023181039514686672
414,-605.9848889570895,717629.9438920979,707493.5831035549,117267.97054411058,61961.21687358416,66240.26536558673,309311.1204084057,18084.790234951095,667.1429878981803,3046.518633920016,2587.005439995364,122.79680966187611,353.3275557089566,921.3949807742613,32377.694941277292,10526.727810328328,950.4520500564502,6.332274411355196e-06,0.00015888511686665732,0.105807560599729,0.010580533201177989,0.032072883760508354
415,-430.0226388913028,764747.047781002,715392.9745951964,117991.67037567474,61815.66076292385,77630.79594525423,610827.0216971113,17532.146972259736,1144.549534102501,2927.5627059360813,2902.1337655995558,172.93146382737945,280.09748700599704,911.6640999343613,38241.16043080393,8606.604825808694,968.0646475060961,8.284703593779751e-06,0.00018454891726190023,0.6527345678326798,0.009135995887450343,0.031185691038424834
416,-566.9262496810227,757222.2001170267,726757.0219270515,123591.57096722891,60492.13970018016,56618.836960928784,329697.8202280938,17194.275535800378,1309.4664769555336,3419.582569866782,2858.681385632499,399.365977837934,235.57339659570206,713.3328274560581,34245.98727218741,7872.550027319306,800.0940446014043,3.0139509090098823e-06,0.00017572608495643513,0.1121006605801404,0.008347729030677336,0.02820578715517847
417,-498.7180510519025,762720.288998337,685930.0829214816,118933.0704093311,60840.59964526771,48000.00000000518,493076.7231297327,17596.2138686977,3416.0275504470937,3151.6544120043313,2723.320200021597,270.57561780954916,239.87101956893054,841.2748313860092,31569.642888024213,11341.982847595747,746.1543634620414,6.3677027557244215e-06,0.00018305556463505012,0.27285142446617583,0.013365800690941206,0.02739915232930367
418,-466.9368747611072,768461.4563670342,748696.074556944,120061.74655009806,61790.99172385121,61961.8127516526,374051.8014743624,17272.6234251798,1269.118045520696,2926.2673725440513,2686.1086120471173,299.8701178704527,326.0996163727418,1043.635755197066,34671.402372215634,8887.751303429019,868.46463407698,6.491928935724602e-06,0.00018873981194506698,0.13298714948608423,0.009995261901238586,0.029813475987560206
419,-450.96667994238254,771503.1178026339,734773.2666249555,120165.74092960423,63509.02626683616,82448.41376242123,258297.89376875438,17088.365355363076,2075.2357513842426,3095.2714992482165,2522.3099352573954,282.4483333933007,487.2690922434287,993.8054272144799,37183.12133444123,10120.182000052824,1137.4380354735883,4.970182508857636e-06,0.00014760415952037533,0.09288065130612258,0.0101220788936512,0.025533781790946185
420,-508.7442506873208,756177.0048734505,735353.5760265776,118931.62080437597,62157.00006198089,51927.663440169956,237252.29607424483,17090.44778498602,1372.466138942942,3083.5574864911255,2445.437361600471,162.75402045628152,333.5675539030196,836.965501102833,29923.388518067113,15233.382526562307,905.5274804682743,5.895156878221198e-06,0.0001066935615426174,0.06433597814583379,0.010540992698321825,0.028359684374150453
421,-659.7022679065308,739389.6592356209,661405.6581968403,119511.5478445943,60985.27184978669,63248.20396940072,249614.31849316967,17620.98120420771,4823.722367775108,3050.958415415592,2461.993602801469,208.99893928843517,317.31895074358926,914.0743485461938,31540.351336335443,12600.618238241457,970.250511721522,6.6036079737496265e-06,0.00013815946572730408,0.05966463599346566,0.014759259322625767,0.037935168620782264
422,-455.2316447072508,816248.7797161717,805184.0724718352,117546.06757388439,64308.96142634237,63276.11288857478,373360.03232156596,16773.17364061102,793.895108121581,3013.7026231293903,2666.2633256709364,131.66642938296064,446.9480174523118,1076.5545145234146,34564.9768139212,10402.230618768674,938.0813762535512,7.596527534310709e-06,0.00016885172198812125,0.14638898348637008,0.006676645216590396,0.03954375962144437
423,-492.69667595079375,769027.2996311923,743096.0953704232,117906.00732904987,62383.24451884147,61641.448375542066,405308.4892486317,17212.237060008414,1624.5870227701046,3214.9930616395104,2633.312707380711,140.21562434408528,416.1473823739521,1070.92610718402,38256.49258111756,8419.064695589765,785.6477585527514,7.756174983287935e-06,0.00022963263715774707,0.19962938812659323,0.009099500108159063,0.0318257152436624
424,-444.15794336862314,762908.6134833241,750077.0032770269,117468.55251503883,59420.37201582565,58009.17707958333,309980.99383133795,17561.171859953556,657.1049121149631,3356.5633193352105,2621.1188257409017,125.0772824472967,161.49489773675265,772.0585199298313,30426.22742515587,12660.196323042624,961.5642392802108,5.396065205037904e-06,0.00013563925725294316,0.10684876876154768,0.014142332200317667,0.027118486704854373
425,-443.8094842289448,777649.2528715128,743046.4891893704,120511.47210261841,59188.81659445133,75714.08650624215,390347.0637253334,17123.297950226628,2181.0365538089627,2900.0180589474926,2643.7755074079123,290.91888320319083,224.5430136657365,852.3612240969455,40398.62155115364,8271.679200114524,894.0404442446845,6.994797965534235e-06,0.00021477281631908713,0.16234349664410383,0.010012855208756449,0.03581371878606596
426,-760.3644662782181,787368.204559325,762840.9008126773,116182.83142356765,62486.01110687767,52274.22634629685,365159.1936954402,16923.929655867167,1532.3281001539663,3241.449991448886,2717.395341373674,49.4223086566864,366.13117810926065,972.5729715565781,34869.725456246284,8393.13784521587,751.6031434888764,7.226948808925561e-06,0.00021210762093052245,0.1499377887794766,0.007482839172790965,0.019949633459034975
427,-400.3440339120774,767094.6697914543,727907.9119302757,120228.48416859459,58916.119271783005,64706.90936960145,458499.4944782603,17455.79993638101,1807.9128999133045,3102.9384649208196,2903.1331386585084,354.21484598459665,150.89758271141542,719.1839857914395,34862.88089449814,8688.47504168621,863.0524270705205,5.9494448837896e-06,0.00018706277705949058,0.21590817183503438,0.009395268828750395,0.030718052420385354
428,-376.6276883802579,794394.2202677104,736974.8368704441,116829.81018299713,61242.837449027356,54090.92784586677,687305.8431369275,17117.14208345874,676.4025121206994,2944.9709022078764,2850.891887473393,69.28058910694908,323.1885248850571,949.3318442203938,38312.40009359081,7121.535226906381,730.3619237434157,9.451664160541347e-06,0.00023305114834354512,0.867668989206041,0.008157630125980697,0.035303411693061205
429,-525.2839700021725,771602.7450015496,735716.1783054222,117877.701064102,58582.105872569526,49205.44895363208,484038.1363656632,17204.817338591598,3085.640837157394,2823.8291150362797,2523.365897075651,135.4977271709702,169.59114432704075,703.6346376369672,32856.39885837544,8115.306137674628,804.2767338273788,9.658609503365382e-06,0.0001826652662568716,0.27162133374257597,0.016341640684025303,0.02875333816557198
430,-507.04356313309916,796538.3336548422,770388.9666554319,116761.12545805938,62606.278662976656,50491.75248145474,296037.83165820467,16467.69176228964,1838.0590958708342,3064.81013686577,2592.226729509982,91.89721272979591,429.62188862629534,1046.203836978252,31794.896952628053,12598.135442217692,850.8606721871898,6.824276532748732e-06,0.0001659753615955922,0.08646611374014884,0.008919837377152066,0.040339471842470866
431,-433.7979252267521,809160.9927392813,731414.8785704325,121842.38007402346,61548.25452072007,81955.36299934798,675973.4285181431,17073.09789863584,906.2479822085287,3163.0243702532166,3063.2505691393117,366.772514197353,329.9939343526444,970.5546794307072,38699.76192677175,9548.369985592357,1105.1545864421591,6.935645342643e-06,0.0001567670814665905,0.7529807172221095,0.009937493699272886,0.01718340250092949
432,-444.13610033204975,732551.7773108177,699860.1080761243,118893.44975949434,62886.81932028359,53474.01591964232,261365.56169341714,17518.038824728075,2024.5297844569236,3095.513945480279,2728.505211464286,208.49523980278641,442.2748236651582,844.7354793117731,30527.441501803532,10029.205522641703,825.8476264029746,5.2144555572475185e-06,0.00017375537829488884,0.05115857150089562,0.009627448093662078,0.039291288461109665
433,-529.4899664254259,752843.094670714,714097.9504312577,121150.21117842918,60732.10408600312,53031.93884082234,349232.44730550726,17846.924696048638,1859.222475028768,3354.796972246517,2671.3885137439383,424.9548595101662,210.91975158350598,766.0292479497656,33764.82035114886,9704.046226676459,796.148483743846,4.607292489737519e-06,0.00019398913518586976,0.13939112312852533,0.014751780486830233,0.027590638600616394
434,-602.7703022617395,775359.1401552842,752649.0600670711,117501.80940672805,62052.09212709522,68391.09710617867,306779.7563655385,17109.15458216632,1911.7548988835024,3071.382945779719,2520.8362296986284,114.0955744831347,324.97891159336336,937.3295568621693,36130.87727780564,9605.939315958049,916.1527414263106,7.71505436828472e-06,0.00018932038541775133,0.09578303816281347,0.013559759710433746,0.0341375149839682
435,-591.3699559701109,788325.953821729,767882.7928036656,117853.86041356974,63451.22330832609,71329.94259883637,345896.50261381787,16922.451853177285,1368.4948273957534,3052.409047593277,2687.2489857776004,132.0830729614475,401.57511802221285,955.7335796384725,35538.58815279136,9266.556064220096,1045.7565958314412,6.823519926038225e-06,0.00016341330974351984,0.12803678944477304,0.008503972123153408,0.02790612231002316
436,-403.70916005214997,804424.2161718184,776906.0136708091,119343.67448109727,60474.80588920687,69960.08906787678,314413.71662967093,16856.72068423273,2469.4397547944736,3142.212206714025,2488.1601593749624,207.50674352927393,293.280054487428,911.3186825715275,38136.50931236009,9159.641323031323,938.2090656359102,8.112807710190308e-06,0.00018404520724530558,0.10082657258488387,0.011482685187705063,0.03059769372902838
437,-642.9643359762282,718369.2110961053,686311.9092298263,116432.45812976526,64155.8361250968,49346.257365881465,214806.35415172085,18340.580190237615,1642.9127933685736,3549.7341162529087,2590.1888743077025,73.06218273020009,695.5314843323656,1099.4487097866113,29291.234488515223,12154.064471170428,854.9039362369263,4.577092775316886e-06,0.00015889505126149818,0.06054850587691666,0.01103342561061784,0.04644990741343023
438,-553.2719708300892,765605.0822614034,726913.3547650934,116122.7264145611,62146.90365026229,50483.00860860895,272156.00884822494,17552.78543127876,2887.722432345845,3013.0917118745156,2499.011729531721,72.59201168544337,391.0853291848657,1067.9381089862434,31421.24991166392,11788.178455000332,843.3714696442578,6.7838457932605666e-06,0.00013469703211428693,0.08548296067011897,0.0124797980575688,0.026445681159954475
439,-454.1238984191297,775215.9753755977,710005.7958723304,118210.4953948945,58871.600455080814,59373.526960306226,346209.6133434802,16894.929989057826,5304.561372003921,2874.6548611730195,2692.021799310932,179.03274540947726,129.35265250245885,665.2306409440976,34069.3443312427,9129.331666857392,882.5312994107404,6.91421515282147e-06,0.00018268279827806928,0.07818481793923672,0.013237875809344187,0.04063381775903007
440,-562.4465302661945,727610.7152499082,674454.4234128479,118658.5637524188,59980.48543947851,57152.879126219785,280098.578758289,17986.21710210168,2713.40882075261,3489.094794966989,2504.1217179021387,250.64175773765402,207.04152954467858,887.5149631223071,29798.296539630934,14514.804873551855,966.9346463722578,4.876232928193672e-06,0.000154244514978458,0.10865722589829643,0.012708877152689847,0.02959649652647805
441,-417.66050181763933,735615.0287300259,697359.9139832668,118806.9595922761,61714.77513135846,55112.23778641282,263522.7381021829,17855.301392615213,1956.1013026193682,3225.4585002045133,2568.312703117998,216.25807563538234,389.23752464100977,964.5866905195396,29116.45157586297,13266.381829184867,922.9304536808755,4.509629739991827e-06,0.00015475172713383734,0.081677795647502,0.011881154287427672,0.036949978260372184
442,-465.5606228236268,773558.9098706616,754566.7790296503,117054.82374313571,60937.11096105862,66709.48693166305,604181.0036983697,16863.827024320635,1137.3643587934291,2589.514425305889,2671.921636795001,72.11868365945583,262.10197938053506,871.536358194992,37840.07168022602,7233.645409691315,870.1855191812165,1.038864913284428e-05,0.0001916223978748967,0.5920396444006464,0.008894550279879855,0.009922902512184698
443,-439.0457151324158,754139.9698178214,730926.4213493273,117219.43560988286,60444.5340545055,71678.64106589973,437745.3085264967,17239.40571203914,1312.7738436514312,3026.395750133282,2809.301497760059,114.00440368720511,262.3381305499026,754.0816691198975,36641.42016625384,9626.096493807978,945.5547990729813,6.868347286012445e-06,0.00018754814158900555,0.17493599451015573,0.010067052810948489,0.03208143247054205
444,-565.9260401332583,778675.6466952245,753423.1835781654,118729.18527761796,62002.17016697936,67731.96913635083,339222.67150011996,17012.494963092653,1374.503718306732,3099.2033264664096,2627.9540497401576,188.80009352889414,384.3466677261385,828.3247019396775,35029.97693005832,10319.235845185272,1007.0671179601823,5.7521632387870795e-06,0.00016183722552612912,0.12105640587376,0.011371770060407639,0.0238874727120066
445,-543.261543259461,776056.3703101513,745473.4525260808,117277.97147316723,61566.51225850712,69673.24347043235,368136.78965224547,17328.700263013718,1953.2385491645757,3000.8541838818855,2663.6048724209068,96.12916055924765,348.2052653427077,1103.5704979826694,36390.99438332229,9302.572231015141,965.5337192306858,7.191801586041655e-06,0.00019260568680873086,0.14173378966025998,0.008385668641224395,0.02796839955155959
446,-702.602235254234,786058.0780158774,751677.65142208,117147.60668203485,62650.55187685772,56582.60486815288,345504.746668397,17077.296194755843,2172.847374205558,3037.695331882879,2552.2709296107,96.64666477930734,436.9093267750248,940.0696355403769,29646.99303641689,10673.178430026579,933.5710337656328,6.9529739392540605e-06,0.00015036359426114969,0.15248098548144234,0.013066434490708843,0.028606602273321107
447,-458.4126591800824,757249.5965518915,726367.9579242244,119350.94560748024,61199.876966658565,68781.24995048942,351227.33651646395,17067.51508212719,1517.3182249627564,3195.051889350937,2764.8558708756077,251.12317231673146,312.8893822562362,727.5969970266342,33295.04476035853,11498.301571472382,1038.8784682183864,4.641392184758888e-06,0.0001613122971407886,0.14615541213419034,0.010537625061153237,0.028367622027947088
448,-455.3123618152119,795713.2421225877,779491.7116344721,122117.00880747328,60531.82672565835,49782.986851741276,386607.2326674592,16754.50276578316,980.5085024460062,2825.0206913136,2515.515400169198,366.9747529931197,300.62236086487167,797.5706677887848,34587.95290431106,8406.060061078764,723.6992598936225,6.684970751235941e-06,0.00020442999814125973,0.1625626612105069,0.016148617030572864,0.026371926534321567
449,-524.6324432709644,784506.829134689,744423.1262224064,118992.28883811092,63291.812673293185,51915.55216674376,337435.2142831242,17190.320089187528,2432.7850766986917,3052.7048107354294,2486.5921752996637,199.86250868332357,457.50239181844586,900.0262492535844,31782.675544133035,10805.791535726179,874.5450170164008,6.965101099501479e-06,0.00015505494064941574,0.1316802033112182,0.014759020890510694,0.02660183437366836
450,-548.801174865614,721959.9304075994,670617.8384743538,117852.56238881416,61943.972516835594,50947.29707753646,266064.5030641522,18029.536836053587,2247.9482124487427,3540.110815048929,2631.226083331138,132.3176651356299,371.7338011607129,889.3606022221795,31184.042542390558,8413.486255841024,727.426845897934,3.613520994160815e-06,0.0002051900021545913,0.09735844701691404,0.006614201758538456,0.03399833616870182
451,-392.7157609325309,774936.7294306896,704392.9539028171,118997.27113142367,59194.34184454879,49061.59642489319,383921.4531755128,17407.479586755566,4124.646484942198,3063.838687612131,2663.5064768090842,220.61562437348633,175.3370080708752,870.8444628708731,33846.915532412844,10011.772043246045,712.8053280124524,6.433622587951409e-06,0.00020306915729930946,0.12808440335202306,0.012814341074453436,0.028865019269727947
452,-434.5213481213685,804575.7592296617,751584.8950940667,121521.17140898,59920.04369579574,89098.75138833688,243442.16688895118,16685.12507859985,3483.1689968300693,3182.0458515115765,2542.9739472338065,286.60111187465304,217.4532034674183,1291.6285750317438,43702.42126176978,9674.432543158684,1080.7852676499715,6.4215483005309e-06,0.00017752398290874294,0.05403240293615176,0.012449666226916511,0.045766783403658105
453,-461.5043420300205,780175.887422904,728908.8303902769,117368.26596651555,60215.0891418769,48141.156123098146,376710.03224053315,17018.656463083727,2835.916888040321,2977.3997846362477,2600.5569843301337,110.52326726921687,226.9210931895363,700.4084977571866,31230.955232291763,10530.396253677587,830.4408215544812,6.299309581050006e-06,0.00017048657612269604,0.1620852064502642,0.018196931644948438,0.014623757153288595
454,-527.6991959287335,746499.0399634236,728933.2683808601,117626.53408765382,68341.59837388908,80819.73784722395,295324.58440186165,17583.356501040464,1170.8523660394878,3386.9427136737204,2566.591003970856,141.22328858272547,733.4490891423608,1211.8094487196993,38802.3973917598,8196.467329779653,1026.1811211723468,6.1186617786233345e-06,0.00017855294675903286,0.11348145146725025,0.005432848379660607,0.028027687333432673
455,-433.2525880478069,789872.6743633403,775931.6686483782,117578.21814084833,60233.86339165875,60517.95563230725,467894.87627056905,17190.932261047237,1027.1327733118037,2977.2280162802504,2595.5645678435862,140.63753908470466,241.36079568748588,795.8722188028983,34528.273074394325,10975.574129442111,890.9767215787655,8.351510785902893e-06,0.0001759708590796661,0.2050230587115722,0.015237987048782455,0.03496857273582789
456,-518.821403089765,778681.0183838236,733920.4415586251,123007.27447988457,60100.28404629886,76614.02672437688,446605.8341466748,17132.384430835184,2698.061225340144,3005.6359976136573,2780.84987670815,406.90429783306,255.74807812371273,834.9154174114508,41763.73601433965,7499.98186867047,910.3693078480502,7.01043047074357e-06,0.00020698748289861354,0.18590209161220286,0.010445023290866098,0.039129641204173435
457,-547.0773234931182,722679.564268859,686477.0544095755,123134.32207941083,62834.17786320518,52995.598887567496,293890.8050830161,17752.24687713788,1488.5404372409077,3872.4772835181757,2840.3559585674425,521.8503635766584,454.1753681144426,1003.2716164117548,30413.034264403705,12578.037429160133,888.1191201436577,2.5544146054645662e-06,0.0001562867269731851,0.10366735663953326,0.007385278075508125,0.02012510661198074
458,-519.5326618158194,788918.4036609164,764820.0349856864,116618.25509276919,60261.58082134016,50354.87796583774,464605.65111494914,16967.32222671338,1719.1511762205596,2862.867531388974,2668.3651901643134,79.4508976380668,317.8746429539924,759.0496515550517,29883.824601727407,13421.852059112893,945.0340023734814,7.746123927751994e-06,0.00014294352144688651,0.191364658455519,0.01613513543092902,0.035148000176751876
459,-549.6269223390015,793650.9164554345,777308.9797163109,117798.33851591252,61557.39629364822,71138.94169317694,403183.75291762163,17116.471760046643,859.1182648873796,3084.9522758325743,2756.370236434239,106.72274171501064,361.953046735775,942.9065547447158,35701.9458056003,9607.061687726002,1048.4092730150776,6.439949779825153e-06,0.00017098014798459424,0.18361063288934865,0.00923839049225181,0.02995921684164179
460,-349.4969775871604,771575.3219206642,736525.9297908215,120813.57916278159,61084.78019410521,59520.683736510895,406160.2851829944,17191.454073632045,2560.4465898496974,2971.805056105367,2710.2230273441337,266.35905766862544,295.88347041508837,1037.8263256735283,33431.20491799454,9025.139476350298,891.1371950395734,7.3562254951564985e-06,0.00018648443534725794,0.12648593571567796,0.012459640814946665,0.030962192216143773
461,-531.0470077170204,777226.7776452709,704419.0911629607,117238.8767548526,61746.63315293855,48000.00000017912,613544.7390772427,17475.902431613777,2932.4997679415874,2757.059983937398,2706.0181829751014,102.17073622171115,333.58298365471006,978.6881953191579,30666.942898114743,11296.984363195194,794.4280826401823,1.0063203319603961e-05,0.00015776072649297727,0.6161498704593343,0.011803779783879512,0.028142673409654016
462,-349.2090004524589,796541.376709176,772067.406222839,118761.24151964432,58539.07673316094,65990.91458456514,328841.80558456795,16673.92168569025,1812.7546037229783,2928.8296023823286,2545.0148219782673,160.86119552191767,173.6921419245666,710.8559344416731,36134.93475456964,9075.734785451554,962.7445812265113,6.617901421112218e-06,0.00015627534824749545,0.11331116060309446,0.014034205560245865,0.02103627431238485
463,-510.73192902547663,800764.4815958224,753023.4107849243,117766.17152370967,59208.11384332015,67948.05147813678,576200.7667537819,17024.85621512866,2742.357928310955,2725.640492751776,2731.370371132513,189.42553932734432,150.95164996518946,632.559835831402,32188.77167201171,11374.928220137925,990.4895224699304,9.061543953353777e-06,0.00014828046847557226,0.4303900704040198,0.012197398563264064,0.03313162442641727
464,-628.3980985177674,809720.4643118783,788435.1613304423,116774.4482425182,59355.79499120007,68845.56348422886,372482.6602506082,16774.997203593608,2613.865361961709,2556.160867393857,2596.8040817852266,68.2097164501063,210.74698361389548,744.4924403108168,34105.22174139471,12721.940500651528,1061.3904137907773,8.677825050457536e-06,0.00014024576358490277,0.1063097323249543,0.010531275726488284,0.039836638091259445
465,-597.0338969305396,761150.8131236426,738691.4390224506,117344.61955955118,57750.70592204015,58027.745728772745,404380.4685090426,17355.056875677616,2121.0276516197646,2852.5429944877756,2705.2153404847854,93.53791174594093,119.80440909419384,844.5041231904775,31603.77007395318,9854.534340270844,850.9953741716245,8.64749811212954e-06,0.00016901907757352347,0.12930730173579133,0.00895464936879273,0.033484846713482536
466,-593.020022844296,760920.0935269049,741610.88554673,120414.99311584383,64516.25647284249,76344.53805763675,238558.32406583385,17332.480254706992,1047.2291340520987,3490.7645623355165,2389.7726409340544,318.74691449528655,505.30434104504843,1019.8847085305104,34072.769807976074,9675.959113656265,1140.4688767768107,4.51641702620495e-06,0.00015758854210364258,0.09333998414562963,0.011197875216167916,0.03140253852575081
467,-547.2890434690393,794735.9556065989,760749.5331969603,124130.0563356137,64312.95395189646,100733.99323119795,415505.5657529393,16928.331309042962,2485.4474371685574,3047.460711437094,2664.6051094277677,449.1972269750783,570.4172172373245,960.0756105639716,37051.96115958213,11716.583952711771,1321.1451575955589,7.391864336654078e-06,0.00012629449106336604,0.1319599672299447,0.012826443873805464,0.02906398610942699
468,-461.880244648132,748238.1520260612,720084.812331638,117174.66088305082,58655.43937599936,59632.14668811805,333007.2328166256,17599.2819985338,1484.148275552364,3478.058712306616,2756.599587711783,121.23487624887495,154.65663355840942,758.0685690282229,32127.661922538784,11040.454343966176,922.4391138233926,5.536958821121221e-06,0.00016270452341560015,0.11146544824179852,0.012786911783913028,0.03443894150413107
469,-463.03364515304725,767622.2423209032,721370.2100280285,116689.01860247798,60398.48992812329,60845.64003527911,336230.1095610408,17466.507565993346,3170.8755428070385,3236.074145002743,2472.8496889341445,79.40612475232243,250.3716438411547,1086.19267222671,38548.30756960346,7166.433176191734,767.4986311794362,7.423655458447482e-06,0.00022242516932834697,0.14352296077022128,0.011408016332429868,0.020571978091106564
470,-456.3808831612053,764054.8150424701,712988.454872983,116744.98690086571,59554.27737981494,56303.7214685234,345229.12549712724,17498.580333656904,2755.1495381403583,3201.290968141408,2735.927182919648,79.01813883689378,207.39941635478704,767.7203985763944,35345.14241653445,7607.506554552312,749.4040774374397,5.5296312919379065e-06,0.00022675416921911487,0.13326635683513977,0.007474780810682352,0.029331869210079773
471,-461.700140916803,780995.2082716678,713202.8564781451,119083.89079936837,64188.18742672277,55354.094249003436,348851.6198209763,16752.622243963964,5037.434436946812,2833.678854412285,2468.2890355680515,194.84534022610245,427.92168618349064,913.0958109104906,31861.172207197927,9552.989748383723,900.5200996990282,7.0862087564453284e-06,0.00017683657441049225,0.11612696994359115,0.015577935850408516,0.018879474982320642
472,-365.09198366754526,780300.0182816765,746405.2521762553,118029.44085040371,63339.4054681722,65139.29950707152,227638.49285005472,16804.286712452,2098.08618711128,3357.7964817146553,2665.9560365932944,141.53778608808727,514.104029698413,962.163135752751,38004.54041914035,8489.396262104929,881.6313284158579,5.3073657505730905e-06,0.00022858571138746145,0.05915799547044392,0.005260622101180788,0.0320211181920032
473,-458.53344267160594,795983.9296868471,767475.8143680274,122856.31234921352,60867.04579063707,68720.33455971135,378035.80066315463,16967.795024615578,1553.4153036475661,3104.3629134951284,2657.658833222475,427.04479520917255,266.2133379198174,938.0978743295309,34527.951985797554,11230.338650207197,995.1699729885518,6.10043550370178e-06,0.00016390570653811528,0.14933530462076233,0.013107621392963774,0.03305772100732417
474,-516.9461084847455,782532.2188247947,743011.469018561,117613.04474271818,58042.93985048279,51330.24988993256,283176.7018269966,17026.174567319496,2257.1855807817037,3090.3442184640116,2646.409457986773,116.22427992596899,136.00354624671988,703.7407451238371,30828.49173971667,11262.282993433952,922.0197086243844,5.399841695623129e-06,0.00013207354518906167,0.08490915408809828,0.01020310506241658,0.025743257889884977
475,-473.9504217500827,753962.4278385568,725954.4965578464,117161.50868622739,61994.20602685204,60168.298732735326,257218.79804673427,17391.027525743903,2801.771334639497,2870.358661880922,2346.966694489356,132.01282534907284,298.7233420292795,840.5235106706449,35578.32859435711,8139.5962675058945,869.7380604712574,8.296998779478739e-06,0.00018674416226294253,0.07479061843714757,0.014853901045009086,0.03494421655055594
476,-528.4247663275785,805891.6622928908,704711.0059520307,119895.62046961267,57942.21222138314,65115.41617402051,606257.3094103449,17096.73483253406,5567.592366388709,2659.3094216475497,2726.7239317011094,188.8959007939318,121.72439642906718,674.5949746827856,34402.86617285367,9990.934667179135,1006.3392381303934,9.36224349970312e-06,0.00016425096351687678,0.44377933380642737,0.012592420843707078,0.029785482224130744
477,-481.3229688841966,776459.8222216112,736156.9498963817,121809.40550147077,62381.59045182668,62407.54386031716,342156.1165464323,16950.475106207417,3783.3971639142114,2833.638240397353,2527.44689161422,470.6650038730226,367.28434394646126,944.2279140064136,31818.692981177835,11427.083289993898,921.9621240546509,7.96185784500457e-06,0.00014084227372909914,0.10011894165783304,0.011594832820816185,0.024237004847198942
478,-442.74875175950893,764716.6802764812,740188.8103528044,117192.34228663858,61324.79309543437,55896.63484985108,331568.90832648677,17320.45280814445,1689.4921317047122,2968.7840220108596,2593.0252596897103,91.68648519046711,292.92042382313474,977.3806575877137,35852.29246803024,8328.571438721983,780.3237916077758,7.490628691787688e-06,0.00022016571764950688,0.13163316264003136,0.008050917807399041,0.026149465902599887
479,-667.6765592208485,757157.7414561949,731218.7099200621,119619.87179971885,59377.56039028782,68035.22623633008,514766.6796831325,17731.45876303247,1206.3845774924057,3147.623001709029,2773.1552066644117,324.4581779642545,263.2499532090937,915.0525984387401,34707.15582653899,9757.584735704932,945.5904469636073,7.487345523795388e-06,0.00017363025194016378,0.3315012026606884,0.011550930523496646,0.03172593237899395
480,-364.56507878221026,798020.4413951341,758805.2618372658,119659.06387858448,61985.16915569869,79463.49829612188,479982.90820080024,16819.872343728595,2926.198387262829,2866.093151394845,2649.893407829607,183.14628226849922,435.46696163516594,867.7456940747758,38652.5013424307,9157.766662305625,1029.913267367528,9.115572854848293e-06,0.000175988990876367,0.26658443344073474,0.008852816195163407,0.025990749717063024
481,-554.8544632308167,762729.9745579623,745667.7299892476,116806.72421741197,60428.51712665143,61555.191958042014,384603.5409429518,17340.137122993907,1304.39233142423,2840.9167865215254,2653.05748805359,71.29809796005513,300.46924678456134,746.4925179299155,31186.929886764316,11264.941707068809,1000.1383715133974,6.9286470705713744e-06,0.00014069841997501212,0.1335977799835776,0.011819672200975968,0.027315698383133923
482,-455.96729412516254,784792.633191288,758736.8219315753,118833.76883505662,61767.54768430689,67732.63865643977,416334.7036815237,16789.201496942344,1281.9153292897502,3133.2240953966075,2918.350220223442,161.85150307130715,303.11263562598765,907.4226824461139,35317.36123405985,9610.70065120092,959.121350059886,5.231605589235883e-06,0.0001875551848553147,0.16730248923092703,0.008524279600744854,0.021751671393592038
483,-560.9233018288116,776536.6493135853,724437.0907610292,119400.85308431287,61257.447202808136,52578.0192612313,332212.6357915568,17110.304029530304,3426.3358097630758,2993.477677793787,2601.13086169135,203.49086271420103,320.1577946873727,795.28144685276,30927.222255216897,11664.719774764904,904.98985449656,6.232609399807239e-06,0.00013929097044132108,0.10350792173665045,0.014486303007168622,0.029865209214579184
484,-693.4888958245965,763567.2655542806,740146.4857227659,118817.93708281984,60380.26590563321,94992.68358559882,356569.50046781736,17345.433511442992,1476.2745422044882,3097.1000096706252,2559.3827876541563,220.37693093365522,212.17880520127682,888.4992438498449,34752.81823535115,13203.886189788858,1288.6186429510944,5.966741851215598e-06,0.00013634382205235864,0.14994829950753577,0.016463143353628074,0.030248682380671344
485,-658.1473264082217,796968.7048702765,768415.1333949438,117914.29488391777,60207.88400618739,58911.42997657712,354065.0914836828,16722.60455136318,1968.3167209217847,3142.2458491226193,2544.674908252884,118.04676883283778,209.5980214125128,762.0783148498307,37945.82487445426,7319.5040477381135,849.7202859268563,7.285584385372472e-06,0.0001936990605130878,0.13905140705522567,0.015382142501911018,0.024526949793576197
486,-487.9007276490383,721041.747452587,682526.5724058488,119302.91702020005,58384.13828827728,48087.14037379546,410246.0827375851,18183.70697008762,2506.9329927975873,2894.913024612865,2419.4071217649257,236.5961843323653,132.39816038364364,774.2664336840487,29699.353578014874,10584.284434688416,804.390600085741,8.54316428939636e-06,0.00016584684716455285,0.1747115020728971,0.019258079390329003,0.03743259094510036
487,-409.84766087136643,772835.4966629457,721770.9573922593,119314.73691972336,64915.882761904184,78101.81290157611,412598.0473750169,17119.562747372453,3883.7105561718117,2911.4921508532548,2632.1133502256853,196.53311716405358,543.8815185509866,1231.2281484261855,35654.594405604454,10839.534559561911,1065.0398262705198,8.173782861857695e-06,0.00015591077367369164,0.16318338856762077,0.010437369969127218,0.03155742462368434
488,-684.9547544664504,752933.3129591016,723450.002456511,117339.62281191298,60439.223673104265,48066.95447816745,331082.60588294663,17430.524095885554,1663.518875100252,2992.5258029316615,2510.2084499016987,122.16440060091671,274.2153549006626,801.2083603173419,28137.12444546058,18313.93602859724,885.1033765117102,5.592170458193719e-06,0.00011541301423835452,0.12818560107816135,0.015016848814283588,0.015930154206825725
489,-499.68588418277614,741107.0687294401,713610.845217339,117003.00189022509,66110.93031552434,72800.46247113576,268990.56686864607,17983.050380566197,2116.7120492006015,3023.5526829825862,2436.048612176038,86.84076604011841,782.2044866777242,1223.041120997865,33198.5311348423,10121.058745650593,953.9903753955441,7.72859556674261e-06,0.00018144558250511,0.09298985071839296,0.008606120658460866,0.03173800146802034
490,-491.4040372024368,784207.8590646888,751550.4946918316,121024.40062174336,58992.01952083904,55234.146672101204,396493.13336995133,16942.326332467892,1731.4359539869301,3059.1416701909066,2729.903620618482,294.3232350959975,131.05777836316634,665.7061265058637,31521.54392541054,10944.819928329442,886.2134475794902,5.718176954765051e-06,0.00016023666649763097,0.1500021377071398,0.01178635797626135,0.03201325229858328
491,-521.9868786819587,774772.0613611342,751107.9620410716,118293.89630905073,59548.657417617746,58860.348565358865,619345.0279914651,17435.533918658864,1346.7827689111746,2646.4810221930425,2639.1454503994137,175.38456542500438,181.6028144499023,801.5843518118907,35331.1322439659,9055.82687707828,806.2213866527666,1.0143491628199276e-05,0.00020522514056994928,0.5521495096047626,0.012546057137089218,0.02527943915766275
492,-420.5397329570668,777821.7131865097,721407.0855218929,119206.08113457031,63264.15923952438,50231.168123215495,295942.5469616056,16645.878660576127,3916.301957864886,3108.342388403555,2332.2862828290918,237.96166553916126,514.9486571451887,963.0742812285104,32683.094338553445,10173.183022530988,783.369796894183,7.563474097947107e-06,0.00017147819510170741,0.09959802068727591,0.015467138505368348,0.02684773353937476
493,-487.5627900851789,764371.6659085524,753919.3021272571,117578.21511824474,61140.203081367436,78669.05059798119,311252.79920489877,17291.940864205026,686.2566458163667,2844.387390385936,2471.850817906029,87.04262982713578,304.79898321357274,1032.224541520137,41911.44874857437,7581.877523051353,900.1265987988942,6.759825962854437e-06,0.00019993154111307693,0.12565466341957987,0.007949912838216463,0.0393003190624621
494,-370.19700656579687,777446.5413758382,744308.1598798672,117916.60741898922,60210.896991749236,63097.18529053308,259464.91269710698,17229.93726934472,1749.5876078350936,3367.038897291006,2762.635268496383,109.31643333366567,213.89843915820012,856.2070329838286,33815.98544040627,8661.917674139217,920.4248638259122,4.863091344636048e-06,0.00017466608253253365,0.07785151529708396,0.007632033514149666,0.033981779825397476
495,-455.38775525487847,766181.2136094404,734466.0763525845,118417.8630229115,62763.862095921264,55123.61940364456,359486.57677024143,17398.445026147998,2526.0854849379966,2906.1614348567373,2456.5363215947273,193.90117840771939,337.1962844106086,1045.5445760546997,34969.78661241435,8490.012766876098,749.5935078823323,8.327947121887022e-06,0.00020600142592306698,0.15733240859986747,0.009346007563632606,0.029215425687900663
496,-386.1307328766564,765649.4993895971,726383.5959487193,118716.62830548894,59802.30666728111,52076.33520181115,301120.2311609074,17115.694799717305,3107.3758384782964,3077.6239378032647,2417.9310164260646,190.5959222714613,273.5260971437614,841.1702934967922,34973.18649968761,8002.899300009755,777.7882884966673,7.803081584453479e-06,0.00021883881262626365,0.09826442777908692,0.012974129037345298,0.024012185701219872
497,-541.5933830707365,752014.7773696639,707728.3490081991,118922.43176639655,60981.70668123314,64623.23255092271,339173.20070362475,17522.887676596925,2662.7552538721857,3154.7346515432114,2390.2908142387005,281.25389735090863,385.1874788704821,858.9261753345072,33488.74342435368,10817.887047567363,951.1140198475338,7.002707294456249e-06,0.0001757811271849316,0.15941558327223512,0.014649525226634695,0.015169672593849885
498,-424.2297150710333,825149.3696605201,762331.4502022507,117669.81990972017,63448.88714314789,55080.34153615436,351103.77068975294,16359.40915253073,4841.076181945133,2770.810058152967,2544.62459636581,122.88419791838524,415.80350810375813,1214.1785349912093,38098.223857093595,8028.421881636931,719.7850043981472,7.450246175366474e-06,0.00024824041803470017,0.13913764852638932,0.010168805121283748,0.03898087184829723
499,-576.9128707455736,737003.748608778,718651.9396635613,118819.260467873,63760.64079779877,83493.1987780024,266841.61979028094,17729.63837769254,1570.0281318230593,2947.220655136119,2469.583656438813,140.43182909254912,511.2014894804018,961.4303088768281,32900.75150434159,10530.465638053485,1164.0414214842397,7.157268842532144e-06,0.00014973286945412463,0.07427997373690305,0.010731497843544883,0.02465276089216441
500,-671.3353560081441,692915.2323443099,684555.0439890556,120905.55304614105,61417.611747640796,51232.31203285171,235822.1443041345,18350.696949925634,377.51042518312164,3574.2168223620897,2721.7618362530316,362.5398364267811,404.7715336916799,821.3732505236816,27084.149911340955,15853.780704944364,925.3035151214743,1.6673061474640892e-06,0.0001165775171539559,0.06287857948090249,0.011740927546393736,0.02439736724759331
501,-565.5272558568643,754282.7091391241,720349.7031148395,119320.85008513396,60383.75188614922,51321.25173991062,227640.45851079462,17673.02371354834,1450.9341340367232,3796.151178989889,2683.785378076338,205.10220151862745,275.8136693169234,926.4771437983753,32943.37692175557,8735.400909420052,694.9334979071426,3.3243160564633354e-06,0.0002149893454898925,0.07563319923297492,0.005767689810548564,0.04223676629824743
502,-616.2797604093884,790981.9363910063,760661.7836163669,121452.68889818662,58863.05912573711,62403.460953140544,342270.85226877336,17017.977070251836,1337.108250258711,3390.5255601135977,2742.2442663473958,316.68605516944154,205.26636771086976,865.5853348564347,34424.053230288286,10713.43181153313,932.5546234159382,4.202377697274916e-06,0.00015527467837189558,0.14494863747328035,0.007384156735711208,0.023266320988968015
503,-405.52603300623224,791462.3179392844,765936.5243162551,117349.34119809956,60749.541843317194,53940.371679149655,347372.9454445344,16975.236944863147,2674.159651530062,2679.9288711844274,2451.1806039505063,111.28780794074662,310.04937752594213,839.0935302664326,31792.670851548817,11376.367626788779,869.5140721330233,8.453665719858849e-06,0.00015594474694445907,0.13695446954663468,0.011513237836739838,0.02099854552392406
504,-529.118267674346,802146.4640267066,766407.2151549569,116801.43707508197,60915.69843001206,68365.30646088925,311272.36104703473,16536.73797191831,2302.977194484793,3022.8231465371696,2555.8189342549326,75.07385069565873,291.83504942140485,854.0532648255859,36313.4172920472,10754.056671199585,1025.032768226421,6.445268961456144e-06,0.0001461128154310353,0.11879309328984089,0.012472499698329366,0.02584857485215848
505,-493.5959700329093,789733.4342826991,781818.5909989536,116413.41830838441,60537.121799731576,59193.1057312714,475415.9318772468,17049.60309762992,2829.598975345401,2625.1913045041388,2481.6417819047083,52.78665852445354,261.49338591358986,940.1175141155795,33873.39581457475,11880.222715738992,796.2595303525902,1.1788141225702238e-05,0.00018172830738652298,0.20989598924183162,0.01039723929167972,0.032969531072537
506,-475.5580225815505,760893.4627101846,734982.1692856785,120273.20350146804,61504.76563634153,58704.86677012072,240670.60383783394,17339.958858913953,1538.079004312853,3370.533054544432,2469.1026769552814,279.3227732935449,289.0497448682015,800.8545160597125,32732.0735138739,10334.802649482914,883.5381305173246,5.073331624165398e-06,0.00014350405009912553,0.07407017277043267,0.014477781266403953,0.032503983086365776
507,-411.74212288949946,757457.7863684308,716988.8114356437,118995.01654421465,59632.428577954015,59855.7586981291,303947.78738728253,17645.449002486537,2234.5140628088297,3110.3417609333915,2507.760404587657,179.40693282040263,258.4306163052891,1003.9593148688228,33561.177645620744,8363.948000845445,864.1165156541763,5.790346805797821e-06,0.00017283904918271,0.12499817380960153,0.011554095111888296,0.031254016329860045
508,-390.0819348989203,786517.1770998234,769398.2937855193,117263.02724999348,60562.67435265075,72995.73006210531,358208.0705181776,16405.07027091452,855.4889152648615,3316.0609663799264,2720.6655640037766,110.54116445026526,272.4285849671592,743.7698948523225,35258.65419996551,10783.38749361127,1016.8700249769016,5.218758876504361e-06,0.00014692361349041014,0.13007738473125982,0.013178521039953893,0.011691481222399382
509,-505.1156464632529,726790.1006578575,702218.6599849273,119497.58539942754,63497.35020398122,66789.09393976732,281402.77245121653,17866.220304449027,1758.5374092676782,2988.157986370608,2538.539631353786,206.5293279898744,473.5994155980651,1092.554439474096,36094.37642246117,8359.099848769054,864.3884969112338,6.76801337385302e-06,0.00019345594134782633,0.0875818990600801,0.007441279873599053,0.026119964360419447
