sample,ll,T_NDH,T_ND,T_AN,T_CV,T_LY,N_A,N_ND,N_Den,N_N,N_Alt,N_Cha,N_Vin,N_MH,N_Yor,N_Los,m_AD,m_YL,p_V_L
0,-695.1069988861809,754990.157421326,661144.5329368149,124036.52765234455,62046.27289871999,48000.00000042997,17452.070035264936,7770.197723160343,2757.9237969028227,3274.439325823223,359.6707589953293,363.2356818057606,955.7639513343507,56445.682823665746,2950.167775419804,413.25915323544376,7.449179927005934e-06,0.0004375030683534995,0.0981090832061082
1,-603.3363357355903,805452.2659714428,689990.9138696578,118172.62780057342,63962.39965977578,48000.00000008234,16721.42940081799,13156.3178146496,2752.4810907433443,3010.2362315653704,119.2330380085554,441.66039990753745,1125.9372729566835,49151.97896734476,3853.022043883286,462.2980417277405,9.362158901251897e-06,0.00041083055686751786,0.08348755472840402
2,-789.981654330059,783433.6836970409,691567.0547047086,121260.46065599183,64462.93651255588,48000.00000015729,17294.649147869248,11710.485563214395,2833.1731235118104,2965.96068341051,267.2727631016879,777.8297910767033,1618.6271721718583,55996.90825397236,2964.3029182540513,432.903229003433,1.0256333549172845e-05,0.000454279059853136,0.1090666588127842
3,-630.1103423014597,790770.2564616068,733139.3756551492,118015.16968493028,63212.773144428305,48000.0000000421,17017.499653330677,8956.441523877233,2843.635137116569,3027.481051573563,121.63846313021365,472.69743595834774,1295.2513400996493,61459.8019237677,3115.862469143219,401.05693225734905,9.532510060062015e-06,0.0004849105786549602,0.09184821996458402
4,-580.6739968257332,784948.5214790846,665962.9832435267,120552.04740270172,63030.790437298776,48000.00000044506,17109.914817369838,13617.202802674308,2608.9245856960843,3047.9818788349207,220.16420098808976,383.05241052908644,1025.8787523285162,53080.49722926485,3635.385109640858,447.5794099518362,9.558461403484875e-06,0.00040489076019195516,0.08976348744336557
5,-739.1979954746384,799260.391911837,676691.1570028232,122522.29679431026,68862.68434136044,48000.00000001805,16741.910562995796,12821.715591782076,2711.866618406985,3088.2297477186644,322.07938862068795,893.5375562611594,1506.351072208737,51448.599335138315,3456.9308563017066,468.6375105307594,8.981586052125747e-06,0.00041959860990800087,0.0925022281966204
6,-475.154682111601,770028.4723305262,677214.0719391265,120620.13103115275,63776.129607743474,48000.00000039049,17393.628229615122,7471.350217514092,2765.2086697218538,3240.813109843969,252.2245064654923,442.399825949215,1135.0920854060244,41614.57012747212,4514.479522585969,527.7196116480343,7.845309281977975e-06,0.0003206975202309639,0.07066017865661894
7,-729.5758076295834,828501.6833216109,794821.6371079971,117922.90269018851,59952.19102200157,48000.00000053919,16454.794435676304,5438.32116790868,2928.9187916233036,3150.7600197016072,107.54829998512537,290.74379730332026,927.66926147458,53188.49803274752,3509.572661899845,444.2022684357597,9.538465908306436e-06,0.0004287613466968046,0.08809445470064943
8,-618.9793563234307,822560.166413222,678740.4686324821,123038.91021576461,67209.49456621439,48000.00000018901,16777.77931652259,15990.5760458773,2700.476756152292,3037.8674861280197,342.4820567962006,789.7278210705306,1746.0917906479121,50300.8861172966,3785.9186349959864,479.40806451540794,9.523635923621416e-06,0.00040288522156296574,0.1102076567492571
9,-822.6490324806302,785382.7832464938,714552.696158756,120878.9360030099,76009.70822315483,48000.00000006069,17105.363858554538,15917.687645503482,2481.658836854703,2841.6164986277536,277.8265376434686,1702.3300101816965,1845.2460955758302,50422.50711397893,3763.341122060199,447.3085045563558,1.0987978702938547e-05,0.0003785137561753641,0.09203770831207225
10,-669.8929175248659,776782.3998399697,689682.7063769901,121068.98541566661,64730.97120950187,48000.00000003707,17154.23243993695,14769.1877658493,2565.4258109851153,2971.0019535297774,252.4829030037056,821.2620954555546,1193.4670416940744,47669.55386657006,3674.135326042288,472.25967077320865,9.821544392536202e-06,0.00038922694420938164,0.0711018216236584
11,-579.0385241726398,789714.8740011307,781634.1523243277,118904.98888606182,60708.35973250553,48000.00000025143,16904.95669129378,2724.911728924517,2716.900888348588,3066.502766737927,147.45267126285896,302.4713425382252,1034.401726806991,52580.215217295445,3555.306551397737,408.96180235708175,1.0780664778590557e-05,0.00047134380849869366,0.1085139545807378
12,-711.2557120086394,833073.848560261,745997.152095655,123849.07902609307,62438.1365716922,48000.00000000424,16653.47399562428,12616.166161142875,2804.50959704886,3058.453427660525,321.9211271301495,445.84385796381275,1348.4914137040264,54379.46835703897,3194.7177607994145,431.8594221225763,9.62736375634744e-06,0.00041977469328052016,0.10426405863164243
13,-667.5114160522639,774421.9958440645,663132.8453739001,118384.89876467371,61130.26981867887,48000.000000000065,16957.17964020189,13308.85430559894,2781.2189210322636,2989.9651600621205,127.31429902783323,374.8212476650965,785.3687583899352,49457.905085830935,3477.6721981204,441.14037960410093,9.447497278198875e-06,0.0004482599653128411,0.10348313673230664
14,-543.4322256474068,775520.7666953021,668026.5189669773,119366.7179059205,62248.36051968898,48000.000000170425,16993.502929149152,10216.40104348138,2761.6080323514043,3155.270876930609,165.06916779552006,373.1967657885132,988.8018249069318,48714.80037587718,3389.301302890854,478.6965367428462,8.355210043715296e-06,0.00039305453668504167,0.0851868082369529
15,-571.3395297450714,819438.5251507713,725719.4279624706,122435.97277965044,69258.98081694923,48000.00000003536,16653.35799916211,9671.39240990326,2692.725552457281,3055.69249815141,275.5995805850091,793.9330507535791,1630.6136210705058,66586.53814625258,3030.9244358968112,381.83307819754856,8.82210448085644e-06,0.0004931076335417609,0.1197295651906427
16,-532.0424820405548,799016.5598899188,724123.4756542194,122287.17558608775,63173.360363388274,48000.00000002829,17135.233078256068,9161.435372468355,2840.949439743338,3163.5721826282397,245.95302629477226,425.70570059936546,1102.0140397581938,48162.83558143707,3684.8380265488113,456.898796922171,8.830524892870857e-06,0.0004081222605900741,0.09757782159679197
17,-606.3575945035027,757434.010094919,735281.1650844736,121585.3976434042,62430.332663882175,48000.000000480024,17427.42246422125,2516.6485023802534,2747.248751743179,3190.559934721805,249.82587844639582,415.6935840893282,869.65618801592,41405.136772606755,3879.6811895325536,526.222290424343,8.64204750277407e-06,0.0003454370137370469,0.07136172190887982
18,-806.9693894509436,761593.1297904596,695627.2680030662,119988.92774410955,70584.96705118883,48000.00000053135,17615.20489458115,12757.812355044067,2710.924986107095,2815.758629064773,207.72019097937792,1085.3120672380355,1974.0697906245464,51938.263969193664,3290.6994049961577,445.4175285356431,1.1009936999569557e-05,0.0004552844492661431,0.09768552075548735
19,-760.8497849186406,771561.6654868165,603547.4716152983,119588.17900283149,67659.98059993755,48000.000000037835,17468.04322302933,12749.230463196169,2807.5463718217216,3098.551173747349,166.87670818726718,648.5916638513041,1510.5525874049422,55364.910105695446,3258.9488178996694,425.43443526852235,7.432304676063382e-06,0.0004733847894153887,0.09923241308432154
20,-417.96400644775815,773031.7359424883,657168.9836887702,120695.74614195898,62986.72837034778,48000.000000000146,17096.566582533862,9899.620120694202,2830.2627070406156,3208.6488715938567,241.92674134007356,349.49106984594204,984.5636949155988,47477.924438430215,3582.114109766337,464.10785978413867,7.0285850068076594e-06,0.0004100883348055912,0.08590148136142987
21,-677.7741916368494,791062.6130902409,760809.6984538198,120437.83335307888,64167.908199059966,48000.00000031563,16755.202309913635,56598.38959507394,2598.379273244376,2919.8971845082096,226.4160096600161,497.5869619256496,1246.3187184356295,42330.75726014057,4426.168979967316,533.2901834982863,1.132902461356661e-05,0.00031447407373141,0.06862415833404117
22,-575.1943186390397,781511.3869379517,715089.0233707876,117185.2214404225,63562.67543027272,48000.000000000065,16871.940546688304,12493.822905733274,2735.368971094156,3058.41973263729,79.1467174094963,590.7493911747035,1097.032692301723,49370.04913319545,3784.85997407006,457.12322978662877,1.0469651634900295e-05,0.00042420861219812095,0.08058729995519069
23,-631.5176849293321,739183.3562942866,656830.8610746766,120153.7076969459,67408.2417553151,48000.00000030889,17687.955605526768,10704.465590476255,2772.6980594060433,2971.406581294889,197.87911641158058,767.5574877894331,1363.1991740455153,45349.941025804765,3645.2138920642496,475.25498119429847,1.0155663114583651e-05,0.00042302832432511786,0.08634841769591321
24,-772.149290890472,755049.8670960872,738669.3949204016,117908.7189291256,60169.64024750382,48316.35138784741,17457.88007564441,5789.0981353660445,2402.103331687944,2980.2661499614333,106.5131077520305,310.95804889400404,1042.4557715338156,37677.08214345398,4768.064187780376,582.2191780821335,1.0882930206911513e-05,0.0003328525178912633,0.0666031862878532
25,-608.7907544153081,827937.5641283463,667522.3357076979,119101.7483957173,62054.80155001747,48000.00000003323,16661.859442821908,23129.107146634135,2514.026502881766,2918.974642502917,164.10543576124732,385.39991863622623,1234.489544709659,55317.514178991056,3207.8359998789942,429.23414277385695,1.1055325645711394e-05,0.00044818926283190044,0.10681587854492247
26,-681.3528653860506,757020.9050930026,756447.7723012264,118940.06475791261,67164.82011820454,48000.0000000814,17073.880093279917,100.38584807218004,2587.572918968687,3075.5981111004803,132.8871877208695,682.671318510516,1135.7687476368899,45468.996023187756,3808.802296216139,471.4599050991307,9.071646080347716e-06,0.00036553327531274,0.06932407521588335
27,-529.9332105102947,772593.2259774186,601207.7919885356,118865.58392822587,69410.56395911594,48000.00000000552,17243.44097962469,18045.702266912383,2588.5223943362903,2838.2361166335586,156.1476904333072,995.75024904795,1783.5896115509781,48005.014659615714,3786.411172951028,481.46014640318566,1.0615037793172806e-05,0.00040685078486844774,0.08988284890527203
28,-468.60743805913455,805939.4948429057,805390.60572364,121631.55866252379,60712.71552619982,48000.00000009607,16903.638629343626,100.5407377793472,2892.5468253713634,3223.5669262123097,297.1251379052249,262.6983936568994,846.5934131002209,55832.74255465525,3460.452298821049,440.4133723083738,9.263510966199359e-06,0.0003912772979120984,0.08081124655827489
29,-613.0044203162258,784254.1578462131,667662.0286147099,118114.01238749371,60725.83189657402,48000.00000000876,17071.531853031258,16830.797767507836,2489.9284501601737,2982.26607675355,106.24586625127924,329.8596418346975,881.7759374977687,59116.52994549249,3221.1465757723086,400.3451463528864,1.0109829953529778e-05,0.00043383472105607305,0.08844098096382588
30,-607.3035094051952,741789.3597924548,677639.8134506206,121593.68947326258,65479.856772174804,48000.00000010775,17848.616162006347,8935.17392366791,2908.3379876665495,3070.0198047732424,256.5691812325842,627.7771657231855,1246.7608832797264,43986.3369315654,4296.057408502244,477.6307595495481,9.759548098285695e-06,0.0003849209384682164,0.06413472880506986
31,-804.7679723244269,760670.7671544169,691169.2017201444,119923.10126794175,64002.20538635794,48000.00000000083,17643.096611779234,8502.919401541376,2627.2649610875833,3049.721244763103,197.58598014544305,647.0678987492206,1070.3105746067515,50071.810986100936,3607.5708196336786,453.5447278159356,9.48030276382853e-06,0.000411599659057643,0.09582835133852483
32,-709.174386310099,826574.326407833,719119.8224577603,121996.28988299162,72145.31183983365,48000.00000013828,16478.70140302722,15300.592551860762,2699.614445025268,2973.4205061475022,265.624403885788,1028.005745889188,1624.9566694850853,58796.40256739875,3149.2928599654356,450.3194729973478,9.304869449472158e-06,0.0004246590972288508,0.08183458560805033
33,-641.1236493297504,764906.3422742864,649801.0092454246,119651.99096515261,61816.51626095012,48000.000000127875,16925.27197098125,8000.510213107268,2884.4381684133186,3258.671949779864,189.2977263707521,360.9645658031396,882.1118318032202,50643.322092587834,3989.233462032633,442.1261748354711,6.032984552079576e-06,0.00040153712615623703,0.06490274839209932
34,-574.1923107911753,764842.1678993899,670420.7887966789,120687.15299516566,61431.76671727925,48000.00000007825,17697.99897535083,9412.50264949223,2943.931096064716,3133.8227764688613,241.71834272241927,400.79079925906484,1284.5014750548082,56312.491214009824,3246.616470763658,436.82231671974324,9.295355690345724e-06,0.00045932067592497234,0.083216104800931
35,-599.1686257340218,780403.5256267575,688521.2493794133,119080.91535484036,65344.89567438466,48000.00000033285,17097.11777322055,13175.312821381352,2681.142044638067,2985.046479939778,173.51994202227468,735.4854973499578,1273.375688094126,47268.75153546171,3643.6942050830057,456.6401049783957,1.0135240823074734e-05,0.00039710673202061664,0.08362881585443911
36,-710.2152664910587,785176.7049374015,721138.3599955898,122033.86380712256,62873.180674106916,48000.00000072422,17115.452829050842,9838.671465165939,2723.2509984162984,3033.8885284921544,280.95833426404005,568.2770782075817,1139.2745942248816,45688.56981345462,4216.305618414921,481.5667169165995,9.959844695574636e-06,0.00039273748538988686,0.09209514288268045
37,-647.3802397742585,805756.340419481,705823.8799178929,125354.56589698544,81382.92770574069,48000.00000010016,16793.003640296054,99999.9999974538,2474.3799559271024,2670.124584522647,392.0497544354972,1417.9079345983118,2727.4448234795327,53882.1323637984,3358.132430332691,450.7078266206739,1.2551591387181775e-05,0.0004382275207519627,0.10344464455319502
38,-693.2541864756181,773365.3524765079,773189.4939294393,119821.85458401607,63563.8220975483,48000.000000101616,17635.34007467607,107.7540873858708,2629.938522126264,3075.0101327240786,147.92857659880443,479.12348437526975,887.0254895599912,48679.18934836471,3805.4133846559744,461.7786499069023,1.0873101265420786e-05,0.0004061590390590989,0.09481049676874885
39,-597.7142506877283,767774.6225569154,643114.6665534807,118870.4613350916,66530.06447794488,48000.00000020555,17000.823629180864,11154.009876598651,2668.8957514488266,3059.993768195792,162.09736610269644,532.9417124499898,1218.6353307045063,47087.35571420682,3320.860831123939,465.43287164641345,8.76086330234581e-06,0.00039900633872798,0.09797599381365017
40,-662.638633807806,815707.1309613213,720801.6247854942,118990.50413103962,62485.013891141534,48000.00000004099,16989.675701552074,15390.458889581672,2558.070476427796,3101.8757037482646,133.90242996791065,387.86447120217787,1113.0409751943205,48950.59584470913,3853.522393059024,457.3547305076045,9.639882225703323e-06,0.00042034599891570073,0.09850076617575015
41,-547.3611755935971,794408.1566499348,730682.5172016894,119757.2825316764,65794.30711815115,48000.00000038768,16690.490710236027,12839.393194547425,2698.7216776872724,2953.8228572154953,152.15127097579955,671.09499624298,1323.9837055363557,44871.61783828458,4462.830883762053,513.6343300809763,1.0133084367156452e-05,0.0003945408419658162,0.07449933570400834
42,-695.5657770696955,786534.7216039674,702174.5641833361,121125.17803432189,68695.0998332243,48000.000001090266,17224.297954372792,16429.011112762564,2658.4684318273858,2954.30040099772,265.57055305303044,932.5676227922236,1660.535060573016,45480.65541368634,3764.324673399111,494.31133991855563,1.0619415178153988e-05,0.00039975977867042373,0.09161337514513458
43,-719.9727891096215,784819.540656174,683753.6228609922,121342.28573864634,72292.00955609823,48000.00000010801,17077.000790993916,13175.2829648367,2585.3670486497776,3025.4485258128507,228.8116986701547,972.7755273547915,1477.2788118474373,54040.15831506842,3387.3220395505696,423.67368360352486,9.435143469664716e-06,0.0004033306159659293,0.07572376699203068
44,-683.5084822975176,781915.8055233752,671698.0789643798,122676.08534692126,73022.13788225205,48000.00000027172,17424.291865941457,36814.3878453162,2455.7361429239613,2740.6266374153156,356.96980606758194,1055.802658127776,1465.4089713778576,55420.512464346364,3247.3291405339546,434.15990703937933,1.2519177670961607e-05,0.0004377622736003059,0.09588527195954853
45,-611.8274390012346,764714.1370982135,665759.9919294878,121370.17732126008,61489.8679249274,48000.00000027751,17530.461059821144,7265.151532110902,2901.208675835983,3371.3143253500293,254.12311768188644,408.02334058773215,867.1011308863317,56010.44179645397,3172.8913385805245,412.22960445220974,6.762913207986049e-06,0.0004698728680045528,0.08582009914104825
46,-725.9674701335734,786992.0186239159,665078.4857761211,119325.57644924778,63897.73139491639,48000.0000000016,17237.56988893058,12347.206985621484,2699.818639648761,3159.041451835698,160.24260053406792,465.9412562984207,1120.6137652877392,47494.00222726926,3718.9741218910444,469.83066075373534,8.791416151418856e-06,0.00039758952752129683,0.09089407188002556
47,-694.0239153144686,779902.5193389886,674098.10965218,121859.54431134445,63620.77237237919,48000.000000000065,17326.710001168005,9716.457411832296,2715.011565254172,3131.371665367859,283.3075129181527,536.5793469890766,1140.118723955907,59148.54301516062,3081.98091736427,413.8220682499908,8.31029206225777e-06,0.00044326863678276164,0.11060537193563422
48,-608.5549032267973,792834.5746856725,633648.8294085297,118465.04546495958,63402.25653002461,48000.00000026737,16763.39225767497,14503.968339576899,2691.9392828233954,3092.4605619324693,139.63923734503499,405.9133705407491,1084.0477310147405,52676.60747253271,3498.332655067571,469.25993775562534,8.91571416849559e-06,0.00040223268305017874,0.08648988355950062
49,-673.1139879634859,773500.7883397148,682145.5251030796,122403.57024588287,70968.38558132989,48000.000000345986,17009.65052071004,11283.466582542309,2653.0479878424053,2978.8770318462607,256.6056442926849,1182.8043724760696,1480.2190822513815,46601.447942053965,3794.089530677346,448.8960076490633,9.588421330414516e-06,0.0003903749852858181,0.08977694137525352
50,-564.9087118579718,781938.9969808862,758810.1668597035,118833.54140648109,59512.10951142045,48000.000000022235,17232.359974233837,7475.666892012661,2828.5555756176673,2991.4707950999355,137.46602671041646,226.18368789882183,1004.7505588028193,53767.120920477464,3178.3003553719873,430.25162254366813,1.0627964180925293e-05,0.0004533773745405548,0.11219983114047409
51,-549.2153139321451,780152.2207564453,779741.2604504576,118320.82393047216,64421.986332819455,48000.00000024972,17198.435016938594,169.95051206792547,2702.165831319257,3082.1074888769704,136.5307905720715,631.0628421422397,1311.2278553282267,55654.70349312201,3452.5328868284664,427.25224420371813,1.0793223556422057e-05,0.00043299891924466615,0.09716789813077212
52,-503.7204790491875,790056.4692633455,668511.7950688999,119369.3811104627,61779.072919939616,48000.00000038265,17289.938953343535,14033.209716932817,2827.6722007936933,3076.1797919716414,166.94952549188037,415.6925134835574,1056.7150646253992,50926.45009793566,3540.7765648762665,472.5091906520557,9.284964829004933e-06,0.0004246367476405369,0.08529075016246834
53,-622.4303383651239,785724.2359747349,783075.7260294125,119951.46498451765,62123.13474627377,48000.00000006989,17103.115398159618,622.5173208792966,2718.107120575824,3076.1350472417944,153.82875988908603,469.10130150745584,1068.5393148200628,53861.081545628695,3479.6000607119663,450.5702291778843,9.935066153333332e-06,0.0004326236475654878,0.07455848753481371
54,-598.130064368033,802483.7058063665,705821.7629292593,122793.13209450174,65281.105464700755,48000.000000012,16868.80266536101,12133.399562722643,2603.658908862093,3059.9101235794747,262.84093797094135,562.8409987380014,1343.5708356746463,58959.85003958013,2922.3904413424048,412.74871385105064,9.60483684811776e-06,0.0004765759207514983,0.10694041128727245
55,-631.1036131626655,752630.7463274328,636752.0970589792,122025.73443638015,68609.43956289135,48000.00000004338,17807.514439196657,13703.357903909147,2690.3908542263353,2926.7430207341326,314.1133555974452,1137.694864310564,1741.978384971863,59139.49938310128,2998.5835604604836,407.2091045741014,9.739022216193116e-06,0.0004966656413354704,0.11101008033357612
56,-520.4055972953228,752034.884071813,725318.8577534521,120145.5127524158,62035.58462415106,48000.000000022315,17596.942338018034,4640.130509683742,2645.084070219667,3116.462527149111,213.6573541450725,437.8662394144579,1059.5020162044543,45611.22438200784,4027.021353174561,457.4291525538138,9.635854577534066e-06,0.00038256689439225273,0.07970329117689606
57,-678.3437522082322,809571.4825694576,803977.4500787029,119677.69073854186,60682.47045899974,48000.0000000502,16459.36742393999,1611.8401286402507,2634.399989701042,3102.8075620985887,195.53956223339472,289.4286341116609,870.3823781793337,49197.53248480341,3961.502948365294,465.4408714248556,1.012731070027388e-05,0.0003802810841174045,0.08453510785553683
58,-717.4273228238922,778087.2995594442,691508.0997719326,118986.67338421014,62767.08688635963,48000.000000023254,17093.56840333866,11723.429715566568,2586.154652629842,3100.4512276265245,147.69164860874832,482.6924897329166,1074.6172321318718,46176.27117106546,4197.415180993359,474.3428670668546,9.423547480301406e-06,0.00037430880562555645,0.0791942874029334
59,-619.1819558786308,774623.8881631644,738182.9140338813,120634.93532718734,59744.94061779267,48000.00000000202,17420.280535056907,4279.489212043266,2652.205551125511,3232.313656709049,216.61181117642985,253.51888393863598,1007.8148243659812,47969.84600110338,3989.121728317643,471.5892513228479,8.564786832999337e-06,0.0003915159006296555,0.08348190587067916
60,-651.0693990644202,745438.9469640283,699607.9152693318,120442.59674654581,64999.636527564486,48000.00000050424,17212.67815214522,6763.766518499154,2529.8170425463923,2981.7814435295872,240.43734609500916,510.5549745772716,1057.999103973365,43595.690412440286,4834.993445507368,497.34479637238155,9.662200797481707e-06,0.00033716347154653166,0.07707997133603575
61,-619.0696363087973,746221.1124646211,543584.9435658103,119109.52693276462,60160.19141210272,48000.00000053621,18026.244214978615,13822.62830508942,2696.9965606286996,3083.27189682339,141.27621665308124,251.162137918208,1026.6486034249074,42291.627596070306,4137.075375338251,533.533484619845,7.139976845568379e-06,0.0003932265744107977,0.09316697507420899
62,-668.6486806813673,761241.8869135027,663788.2033529874,118687.58222635339,61987.438134935146,48000.0000001121,17301.887401522315,14064.866994274373,2485.1152973593585,2973.15791798706,139.94591076068477,463.0232217371533,1077.9606720710124,46957.16870408215,3924.7638099704327,462.30439813932503,1.007403261918012e-05,0.00037582487406902037,0.07499623885093118
63,-762.904083068624,727196.2863331918,703668.1733344967,123116.27032809556,67132.5521554321,48000.00000000578,17967.019053876447,4382.757580967052,2618.4676264629925,2970.053102394982,328.0741804139635,672.9932896288042,1231.4511611602898,43489.05703574976,4364.568010504427,506.0756759159505,1.0121999079527906e-05,0.00036880690819810624,0.07784223768511134
64,-691.2223637378993,775213.9157180284,723756.3233500861,120218.60767619092,62841.01066932213,48000.000000432956,17278.86407879222,8750.662159428222,2665.352851078712,3014.1605486751373,205.21943810400694,556.8972820828038,940.2870673206343,49500.30264168235,3696.897783384663,458.0061828820032,1.032555273310399e-05,0.0004151498588111952,0.09064817971225053
65,-643.4299805415492,780391.2719119156,660692.1805198676,122265.32241894699,69854.5105089624,48000.00000013282,17609.24623209114,11759.670288694708,2579.776686059955,3053.6292566522043,308.243312130361,1044.8661417030046,1608.0274540699827,48960.06874671668,3387.6644358205995,455.7628107743306,9.299907580648044e-06,0.0004215936075994947,0.09147678980711979
66,-620.815163802287,769300.8212351891,697939.7462470899,119877.92418681104,59619.67879523978,48000.000000290136,17410.941611273734,8118.16153927356,2808.104260669879,3089.742299360382,226.1120114830569,233.50535394171771,1003.8353026770254,55101.429807773064,3142.6070296545854,424.1153339226444,9.270929915147353e-06,0.0004821289744397256,0.1117597578433847
67,-766.6668241860707,729187.1488707856,658637.3524721353,118749.82613089032,62334.810212043645,48000.00000003707,18026.849834716242,8943.158345271897,2648.6740983278523,3052.626430574682,141.73224830911084,416.119798573621,1019.158913357142,51121.72012723206,3210.92149546725,427.29492676905863,9.777888463604728e-06,0.0004288458775949313,0.107061191212313
68,-575.6921869778055,783287.484104451,749955.7189750089,119033.00106814608,61473.865524184956,48000.00000020146,17150.957386781356,6492.09229841968,2700.3800786491647,3152.250710234569,188.21640258064997,319.6683401132766,961.5924847653408,53696.729060451486,3340.6649072855907,453.10389659326927,9.664330345169818e-06,0.0004421952456288923,0.0903252320020677
69,-696.3126096971031,738826.2547837556,738027.8985349585,119542.46609329064,65480.9735606203,48000.000000060856,17916.26666324573,100.7705406189468,2745.7757800533086,3234.039748215149,174.58015345329747,700.9350253594831,1127.8550202137312,51340.85310596691,3227.711463262992,413.48433606270214,8.519838984937533e-06,0.00042562184854355605,0.09026647197051088
70,-634.6815323406493,763499.0252780737,651574.0306814488,118455.24200617822,60974.28890784591,48000.00000067758,17060.368612890383,8344.023932158141,2917.241260779878,3239.147785368061,122.76154894460801,270.9274659911846,828.2923208540853,41777.31405715915,4327.464326495984,502.1179743404805,6.642339331782149e-06,0.0003555919555856387,0.08925117906030332
71,-701.2266920643247,764523.7953111881,764021.2678504261,119857.9577951192,62268.04169211126,48000.00000000151,17045.42724541659,109.27738265455594,2610.0737475573032,3118.5120571677985,183.2178544356426,429.18554822688833,928.9431721674042,49798.21892346777,3668.1610528490573,457.3791976431768,9.875886071281624e-06,0.00042260370718973854,0.0750684522865562
72,-691.5808732190316,780740.2423930446,717226.8899574033,118202.09823546853,65194.293076842136,48000.000000000065,17275.754489702016,10967.91433107152,2755.5356704606947,3072.3060774770793,111.7646877700335,650.6008062999265,1071.4493890654785,47468.89696714368,3864.7688802481553,490.3723872478609,9.873010025815646e-06,0.00036919729988576654,0.08447397164816811
73,-688.1698531556971,791212.1315629217,718256.440818059,120443.22384997303,60671.50603401331,48000.00000012191,17264.57085614958,7712.338365151017,2852.0182892503512,3254.1098268020523,188.03587316830286,308.34417828317453,917.2188535840002,57234.46822425966,2966.2686721855666,410.8552150304406,8.500379378265465e-06,0.00047641080449634067,0.10214935506254844
74,-658.7954205427313,777188.5898974858,709484.4210583349,119737.84002311333,61429.723294618525,48000.00000009428,17158.68612550777,5425.616403934632,3003.1300606377886,3307.924768151603,170.18072936702345,340.1429156519361,1000.4302656112504,64873.50505584094,3067.511070246233,401.97144763392583,7.479384333607056e-06,0.0004978262696671865,0.0802336679876931
75,-783.9485706942544,731883.2901911273,612339.7309509864,119827.629153406,58553.618191208436,48000.000000028886,18158.934424878607,7984.147251178121,2807.1624655978353,3319.6736836412247,211.03817187453885,186.6564528385918,775.9407465989342,49332.14644817748,3397.320065719654,431.0282825487102,5.9033901610160795e-06,0.00044344558287794566,0.0950507348771157
76,-628.500765788518,763555.7024886953,549998.5556453565,119823.27559597834,64227.033112452395,48000.00000038043,17403.054527959364,14361.64688108191,2589.3309099989087,3043.231739454488,198.6881097937837,530.4705532612894,1259.6752080843196,53437.773033081576,3396.9481926118947,408.4342604035314,7.1971549276398055e-06,0.0004534098003799716,0.09985949932047258
77,-589.3319945644065,819358.9601403688,754387.6782319193,123426.4770458362,65941.3544632699,48000.00000006682,16553.03066002686,10977.11401133595,2693.7568718453763,3056.4039102350507,323.6539478298032,723.072385394434,1462.3413369487696,54374.94572512835,3384.598877376453,453.8455157710132,9.495719982905651e-06,0.00039967803191929516,0.09152265569857981
78,-521.8634252836601,762951.9828846859,757553.6442171604,121960.06649331574,64103.556887516126,48000.00000006333,17430.73327502431,703.4008865045615,2963.1905709609623,3165.65252371499,281.5545611860762,679.7006586971572,1256.143794761499,54410.19590172491,3043.065150398375,449.5169207791782,8.419828495972013e-06,0.00045754366910933676,0.0906019631486025
79,-559.3505763235761,736801.0797441975,679546.3593173006,119261.87245525516,63402.47127833986,48000.00000048062,17802.0677724167,6737.708339988795,3019.565046366312,3089.139710468336,192.0976703277105,490.35371671917267,1115.5369058781228,43128.2617539384,4667.407662685175,490.71772917832214,8.88725381757896e-06,0.00035783272349664555,0.0710264371852598
80,-669.4466287010432,780754.7853031977,614273.4865561053,121592.43635961626,68106.08251842187,48000.000000112275,17066.018143913545,17893.171662521436,2482.8343405655983,2875.1905681664366,257.92667321741396,1361.164213555519,1366.6681874358542,50945.563077605555,3435.333189150272,448.78579622633526,9.508307586747736e-06,0.0004342061057520327,0.08806968707032399
81,-686.5067851290419,775459.1927007029,624121.5061808194,119507.2987753299,71178.62293910552,48000.000000000065,17078.178951108683,16259.455403551816,2687.7944513081065,2895.5372553565717,176.1630351246653,1277.5190969663822,1936.9312694932482,52450.729315409284,3653.067876889719,444.24905999816605,9.63498684639222e-06,0.0004156636711218711,0.07442628486857206
82,-523.5142369295913,776472.1210120684,718015.5484746582,122472.87127651661,75347.27097641953,48000.00000019225,17186.096760472334,12090.918807061402,2473.501923311535,2917.9622140528522,278.79179390424105,1156.4783662539967,1689.4684717361629,53577.76894860852,3522.749421493671,468.25502801138333,1.0196176667990159e-05,0.00040818933486904313,0.0657764572614377
83,-498.0011054532917,774860.7450306942,690985.0209374493,125975.21452172125,67681.84671820479,48000.000000333705,17218.012517429477,10798.989149761715,2773.0090321609723,3085.543323980845,404.7830534772764,723.1236307294579,1400.6774172341609,49131.022397219625,3786.2507660959395,461.89357646045454,8.993618710915595e-06,0.0004058904042218823,0.07825314397123012
84,-580.7771171043029,755766.2669775819,633365.3559270828,122193.21765298012,63721.60701340661,48000.000000082,17498.220227890808,11405.03477029854,2648.951745606116,3091.67175651024,304.90061388125054,487.3929476849191,1118.7560605146953,41991.707244118974,4230.037505812931,505.8354166964818,8.091240668093269e-06,0.00034874820509341574,0.06722178692393728
85,-751.5795960044319,760534.5524298573,656780.1239016866,118551.93618480195,62030.71372031271,48000.000000000065,17441.08162531986,12116.074645620887,2494.503008500425,2995.8943898726775,118.99947036840071,363.4079552845135,983.5598039307441,55506.676577305145,3236.255057726718,408.9666955555412,9.628265176788532e-06,0.00048824511101284117,0.10122440250416234
86,-470.8063593308814,762703.0008379443,651016.2581449597,120205.08701024216,66328.89083927311,48000.00000014927,17378.23181416895,11035.559901963463,2707.164524759278,2997.2079083201465,230.00108366347314,704.7395280006017,1288.2753046179491,46523.98800498332,3946.282776667065,458.9760093717263,9.056278302916087e-06,0.0004207428082100579,0.08521685643048937
87,-555.1512742971145,777155.1189442602,678786.5058985099,118563.45275614553,62386.58405619896,48000.00000019336,17674.6300486143,10046.75461239282,2627.106973702206,3156.8141949054198,134.41236918422527,418.91356943738907,992.671375958569,47255.56049671926,4001.724085751253,462.853426138825,8.69224950063952e-06,0.00041864413035689577,0.09213463580087819
88,-607.8189192788506,755968.3850949716,676024.1810027977,121427.80919040856,62451.96936158177,48000.0000001069,17667.778158047782,7212.6784254387585,2764.5095137685553,3157.8532816373768,291.06727757792777,529.1117056625926,1172.9780542695912,49846.53963049153,3669.7986309631488,433.35123569602337,8.31833570930232e-06,0.0004213369296801289,0.09578540077339896
89,-635.0370345365448,761627.0622585732,608003.1148070964,120774.50541167869,68961.55874632746,48000.00000018458,17268.615369841053,18015.091904383422,2382.5917734629784,2889.3680524137353,249.23299033511992,837.9408524710822,1492.328384936126,51316.87567239366,3670.377623783437,429.83513104911674,1.0098410081105194e-05,0.00042346724804800056,0.08717679373917374
90,-577.5720325752992,752010.7378751552,743999.6719364814,121838.0619124874,71289.07108148138,48000.00000003877,17684.718290297154,2883.1470611139443,2698.42079535565,2962.1237975474396,233.573843972708,1065.8116468921826,1293.8427852125167,54862.95943382942,3274.5647383464834,428.85573316136345,1.0635614731416979e-05,0.00042804877748227045,0.07941399140020769
91,-600.209550159761,772885.0360201059,658088.2224275874,120401.19567261865,67320.63033531682,48000.000000000575,17479.442515505598,14877.136808644795,2764.9348660326627,2962.189790824969,206.51663880828087,691.1449214082711,1289.2653047723213,50013.963242549915,3162.0667995948197,441.96107815279277,9.898199215129387e-06,0.0004637908118933084,0.10040445979528345
92,-533.1676282710465,820690.5221334597,729027.009691075,118705.98285674848,62932.83461763647,48000.00000006555,16697.2711363766,25206.638116023965,2480.7798450990203,2969.1783132055075,143.97549566376446,431.63146454697187,1030.8936925743985,47024.726757078824,4149.382735484368,485.2769441429917,1.060527638146343e-05,0.00037453608598615794,0.09202351460298211
93,-613.7727889271603,799778.1665399427,718358.8767742509,119296.35153344656,65359.13469815456,48000.00000025705,17138.152624638737,22451.213555388083,2682.8942338463717,2969.3920879523175,141.24348468908568,683.1950590838106,1500.345279589075,49173.35417605788,3558.00147585745,452.1069556013482,1.0846141096115724e-05,0.0004178207067307705,0.10119160670326371
94,-684.3632078975288,791443.6154456082,718784.5724332674,121730.4166125474,61105.98898819491,48000.00000011287,16869.343310438202,9460.577055920188,2708.322814304701,3187.910566601569,288.8353835891837,301.1216630666226,929.8582283542192,46726.88860435936,3984.587930067994,488.3657174842201,8.87382313252634e-06,0.0003818298965690139,0.08569540390532
95,-497.18978439430407,762294.9970196798,673925.1807316218,121137.2116080499,65766.59067274898,48000.00000023352,17013.927984265363,8475.674591051637,2880.4833093422926,3134.999326179986,233.99251684443982,617.5558917354463,1161.145979150527,55366.82462030261,3876.787856591427,429.56356934642446,8.45202949070546e-06,0.00046380300578305344,0.07496677100298932
96,-729.4494062636429,786177.0553869468,686914.6047254768,123379.35808050807,64391.57939235335,48000.00000000475,17074.250474158376,9177.259808432716,2835.8355366467017,3150.2478402432694,338.5035634453388,584.6279037212212,1342.1779540709501,47457.48519265379,3952.051842905934,501.31973405593004,8.379587357260657e-06,0.00039892919592811934,0.08374266965871296
97,-547.3253590001674,761023.3998062093,652982.9655377073,118826.53427129574,61699.1826027775,48000.000000168206,17178.400182666228,13200.645305129143,2444.14537497725,3032.2099475981854,106.14007125716526,349.5719796605555,951.1142666524818,49452.566475169384,3273.793494963237,458.85197541390176,9.56263741392294e-06,0.0004171094248675273,0.09529787815708332
98,-543.6010742393069,795540.1883500133,578848.9227579281,120627.50113891576,67014.27464894271,48000.00000005037,16676.31203531538,19930.931989735825,2598.3388263328634,2890.633625802516,189.91490363544386,720.5476308949137,1327.821665980726,43192.002944643515,4097.238376917609,523.5409756846063,9.584845012299059e-06,0.000355574711608172,0.08785351502104082
99,-698.3470722948689,780288.7138241678,629294.8823255775,119647.86948634747,65976.5223673497,48000.00000008064,17521.478888593712,18337.96586998376,2699.6809361055048,2984.832689901113,151.08238712117466,743.2164970684323,1322.1724078185143,48629.638059636934,3862.380348438816,456.1573843401854,1.0279217160664816e-05,0.00043438683477454396,0.09116330483435865
100,-605.8851042006263,832144.1069713789,807617.5509498965,120042.76962525469,58786.38911244166,48000.000000000146,16532.881094527067,5436.083998537335,2638.846646971616,3150.138377951236,201.53155810041565,173.53266215145263,852.8834867513115,52808.939105416226,3439.13159420522,480.3465184541418,9.95496716604227e-06,0.0004091056121371224,0.09162841402116327
101,-641.1977794744372,804806.89420498,667771.2200560347,121060.88724682921,64611.30704962684,48000.00000019813,16970.65279875987,15478.457377136785,2701.2215117636792,3055.9791459572953,250.96175685062022,480.53106624995854,1321.426802780635,50826.04179492489,3412.0771391593325,468.9544287903036,9.000248965821798e-06,0.00040243778902516997,0.08546449053143641
102,-577.3280819159334,757332.1782973293,756058.3283531618,119755.834696253,64869.87283970794,48000.00000011517,17172.808520463564,319.0466184598539,2602.20324544342,3033.319495030553,172.8024294979594,531.3771181767345,1308.4743001263757,43726.89044749671,3960.151895920738,493.93775338967794,1.041512339175507e-05,0.0003808581541847551,0.07454424060415081
103,-589.9002407533771,754432.493422443,648589.0172378235,120018.44692092338,59638.560561991224,48000.00000000151,17653.315672392375,10965.440223628228,2767.256855913423,3188.6264137055364,211.4902256422229,241.5490988815178,859.4953849567661,52750.168817960235,3029.173763272557,440.95416047353046,8.266743913184222e-06,0.00041938424259652004,0.08320614020639394
104,-432.5058658982875,789960.8528357358,752197.3186356901,121830.99774230499,64670.799069774934,48000.000000000146,16856.94002960159,6682.076271920537,2804.0939566494735,3080.571452836094,252.9516969944364,659.6439426950058,1218.5853109822879,45352.529558379196,3948.5776809855124,469.55749386382837,9.361268445637724e-06,0.0003900505554068886,0.08358567187286757
105,-513.5400775367251,772562.1841437438,710931.691659895,118972.3267704277,63255.52535507201,48000.00000013205,17007.685275159587,8881.611602489498,2717.030188151022,3008.688435469088,169.1068482103262,441.9181638611836,1005.5957296469281,47737.616269604514,3692.042853669183,450.6572385942625,9.818772691223349e-06,0.0004296475300987639,0.08727502112782175
106,-718.6305292715914,781323.5834514854,710308.0014833979,118653.41149886505,57426.81745888758,48000.000000005944,17297.254760845088,5726.307168908348,2764.2489261446854,3397.9181361106016,145.93949175590137,117.37073280205269,802.2152035417292,57450.12356216695,3009.362439749546,433.04652939649407,7.1708824229624185e-06,0.00046265075677839483,0.0960972001174506
107,-464.8535387262847,778296.1464730203,711531.9047002203,118408.6744328758,62140.59308812036,48000.00000003894,17215.29669810344,10192.491587208313,2746.7564472982967,3081.910129189694,138.10232141879317,325.2162644290852,1047.206414149268,47709.606377273165,3645.5400166235495,467.37597906073586,9.961095544938328e-06,0.00039533485244108653,0.09275833337274582
108,-620.6515044505015,789144.9606931191,643806.305857594,120600.93641029178,62437.10762224228,48000.00000030412,17038.016109846714,16378.262771116224,2717.2688338471407,2942.572784521716,216.58199591743065,529.1177249797638,1062.5018051348663,44962.348920738936,4125.081162765458,475.13558001736817,9.861250945261627e-06,0.0003980248821866395,0.09508611068380453
109,-662.2565705613968,796262.5969495339,638528.3780143175,125307.71335942377,67551.27188944792,48000.00000001814,17083.70976738708,16120.947756084493,2701.209067958059,2982.712714304032,443.02487501341784,1025.662601132962,1414.1889517327675,53777.809537505316,3181.9436658043314,431.84521020851133,9.12234093134922e-06,0.0004359225078632133,0.10190166665510364
110,-587.0776716396639,771588.4542427759,627976.096639673,118823.19040277904,63396.14777477196,48000.00000015303,17334.00048250194,14913.526473831278,2888.6404806080805,3035.1953172437557,158.21214454875616,505.005695023906,1339.5219444146253,49217.7496600865,3582.8141409970176,471.299105550813,9.216707920278815e-06,0.00041495388296190717,0.09037986577050514
111,-661.0320207407409,828612.9056228766,828295.3838760258,118642.88772015773,63802.70042433691,48000.00000014663,16440.188368607854,125.34947769534132,2641.360612804774,3054.7953792322805,132.7603972173222,689.1119259572873,1430.2904802017454,70395.45377525738,2832.568803998367,387.5399888608467,1.041930036286177e-05,0.000541926905462885,0.10679040496200602
112,-660.6806472750175,774452.5768667039,735029.0544207365,119136.12411585992,63622.18670302904,48000.00000000134,17400.88307884683,6575.463296938655,2781.0446336530085,3133.331708185941,167.31817511309868,486.695872405338,964.9422485577123,47908.67916731647,3726.9170504165263,496.75860498178366,9.245767240183031e-06,0.000410564405354882,0.06371130179502482
113,-749.1376488492226,755819.0084337037,755556.1341572461,121909.79035977308,68774.00549541251,48000.00000012643,17347.3589017514,100.08378292753214,2434.00467094636,2978.203216519388,254.19559028643636,769.1674735581058,1241.7437293162782,50319.469763927365,3657.096010094366,443.7854042664983,1.061770087397937e-05,0.00040811927838366944,0.07058163213059299
114,-671.9166114934686,772940.4174911664,702347.1881844758,119357.43404656065,65252.08149400256,48000.00000004994,17491.3107454783,17326.99798244976,2459.3439876322154,2985.27024189069,179.02341528088385,723.6904578995589,1036.8333179009746,54839.3433371681,3293.225594064772,455.8528899483451,1.1145088299511624e-05,0.0004395157563504317,0.07808584315361808
115,-699.907459661217,771451.5918910725,710072.294060172,121725.46184255002,59021.27557575067,51653.89880501508,17393.779269974064,6104.844319911234,2746.3520463357468,3245.34693967311,266.40920617721446,191.83638803637223,760.4589355387,48575.646835275205,4250.951373629875,513.0673167678339,8.242306585637325e-06,0.00035996566916230777,0.07465706501875924
116,-633.1537984707738,768819.0052370965,738416.2898739575,118118.11875714437,66099.01829753419,48000.000000019165,17634.87813438921,5627.05480490654,2611.898390311786,3030.42350257735,114.19543315801367,829.6776724816597,1530.2828036725773,58218.254127364824,3216.6249437176793,403.46042407260256,1.0892628912811359e-05,0.0004975793060470032,0.11666929178175733
117,-653.1132974411628,786972.2854255904,778610.9776115943,118576.3977100212,64232.25729643901,48000.000000343935,17238.120794141945,5693.055466324104,2476.326824574294,3059.140099486347,129.8989095528103,509.39584131230004,1118.6528662630417,54477.65157771286,3628.3909093966563,438.8916752336058,1.1232007053736955e-05,0.0004393193653170542,0.09453139683124617
118,-561.5684334271697,785477.7512460441,723564.0619091436,119490.82691612138,69715.13148046666,48000.0000000045,17230.112390881797,10705.62458723947,2730.27809949627,2955.8926667080905,201.9802182991861,1107.9300814022413,1785.382757752615,52287.830783749836,3441.3356881978416,428.53419320100596,1.0140574917011722e-05,0.0004627695324498789,0.10074325430451299
119,-566.0928846141869,773798.8963457218,722731.4920898388,120485.94233069391,66325.41112783292,48000.000000354936,17261.594881195117,8382.648893138567,2753.9211245704732,3121.408659844811,230.56770323306404,755.1116898076878,1241.058093112488,47357.328303716364,3832.3788206165646,512.305821445519,8.992340975327988e-06,0.000374317176985337,0.06507785810885404
120,-514.0840297989189,803207.6318777747,698084.8808895961,118493.97773936029,64617.661434112124,48000.00000022542,16737.608812790022,12638.705767017263,2737.5248257690773,3084.04197644323,124.17214377576629,617.1408606035344,1227.353377930685,50544.865120816554,3554.40079314321,458.47293563691784,8.865242691754889e-06,0.00040341124991142977,0.08462621930310373
121,-776.5116512707018,730045.1568687158,668118.9972041746,119167.47235604569,63352.7262345776,48000.000000000065,17710.274968484722,5970.213255266659,2812.8215550073205,3118.337870427473,170.10007820336614,433.87141502131215,972.5495561665788,45303.90269320244,4063.7983800628253,453.634679726942,8.390574050918179e-06,0.0004021751795468274,0.07066644063411033
122,-635.2493568490797,784083.879596012,769831.2926826536,119441.33780930284,64057.204521630694,48000.00000000049,17293.896878013533,12032.187333958958,2621.4435491935983,3024.6779377807893,155.7938695713755,550.892368163968,1281.9803621909064,54589.8545938772,3590.6124921406295,445.7338262819582,1.1133920995214822e-05,0.0004280985651943374,0.0762153469642621
123,-717.1303161897276,795469.7981229182,598423.8802901686,127611.97769588574,77349.71191988775,48000.000000000065,17244.483725066355,29773.589858316453,2505.8347406749685,2713.426076138675,483.43589010440303,1121.3111238816805,1955.980684762631,46369.51941417413,3804.337083318658,501.700552974274,1.1401436363100064e-05,0.0004014621194473425,0.07856689925621566
124,-731.0702499251096,794596.9042468198,591765.0308575229,123675.11490529959,79784.91884047014,48000.00000006725,17171.87846724438,32099.440297078534,2330.505712677238,2579.910173269972,367.11973717093895,1273.6521952506787,2297.6913230462583,49444.29560371076,3843.814394240456,475.7599909813659,1.2177872638770999e-05,0.0004154907178228023,0.09156543196041834
125,-641.2856255665158,772315.9322387042,743800.3797394924,120582.20521954897,63928.02447970047,48000.00000011926,17380.395238159992,10717.91230730091,2654.3761670610747,2935.2919803736686,239.82956857549576,566.4439407091565,1022.2354921056159,46156.89698070561,3753.129721237067,461.893913418939,1.0802186845188545e-05,0.00043007302798549137,0.09631533387859804
126,-652.9256929429946,781539.5843649425,680954.454163732,120572.01379382893,60379.86342874857,48000.00000004875,17126.268853318303,13065.813256452677,2685.808724700911,3054.2526015548297,233.86583335804656,323.67873750214744,1158.4591896220325,48234.25394610648,3856.7591072200094,450.26994552566447,9.67997844150374e-06,0.0004201677344851027,0.09343672331559448
127,-705.0951891264401,779245.1222041659,686225.8469137809,120498.12777154354,59542.82124506786,48000.00000001899,17215.309532141688,11219.3512004403,2695.483814517337,3115.819942804643,221.59257317322925,210.3069838806988,832.4232002586477,57944.91811798891,3190.1398705188744,400.61727044332713,9.127620092789863e-06,0.0004431081977744361,0.09530361095165299
128,-652.1566572230956,737425.0635695341,712066.1728742331,123168.80518302818,66626.8482533705,48000.000000422726,17709.917283418534,2645.878040277259,3030.0928088060436,3133.8153142631904,364.1414240327122,691.0740257902719,1217.0653600155201,53950.07370041928,3418.9835907673655,414.00282644094966,8.509358020864273e-06,0.00044928195823953264,0.07852382934410068
129,-587.6831509526942,768044.7746578032,728702.9489504013,126650.44734235691,73103.04227344821,48000.000000000146,17378.794570881055,6757.904043910621,2637.9856126929476,2968.835063278602,421.84097733623423,1032.692145862359,1606.9400579773705,52807.12996450792,3216.1735771392355,414.168492798719,9.728941152085828e-06,0.00043556077335224453,0.089036897755895
130,-812.1436868862462,788710.6421213591,649071.6452345883,120947.42131907972,73035.52064151506,48144.27523170878,17152.40510681966,12884.489250906669,2896.403600149908,3025.9244354537827,236.90444145978387,940.4747439055709,1734.0184054216545,42262.4902180066,4839.804275442399,522.4988385422947,8.754447871477428e-06,0.00034344440375804424,0.08136289634229274
131,-535.5931501593843,769595.323198493,758873.5715093861,120572.1299283195,72897.08137870669,48000.00000046698,17104.072793303705,9278.196836873874,2385.5242305748284,2841.214893679584,183.56692340390637,1019.0641382004467,1684.0507519834034,46560.29218486004,3762.232769977143,464.11891155248685,1.1011479972195337e-05,0.0003922308529875452,0.07728876101113988
132,-655.58144216399,740172.7615221736,643017.5383149496,118328.13890803247,66553.62486201609,48000.00000000433,17640.43329307132,9792.633088568171,2785.8753222670166,3060.102560959081,117.61825659901487,846.9517603869785,1304.7900933333178,38941.11111898915,4830.283914756722,556.1380682355109,8.69047021358982e-06,0.0003388389488535881,0.07351803975563946
133,-653.3546936271225,794370.6694823495,753011.9041020472,121405.4971271164,76367.47928196535,48000.00000034888,16711.25387198568,8056.924234950552,2773.1389490794604,2992.020520034975,299.60400664692287,1461.0363459545572,1779.0655109208446,47934.729992531065,3695.9856459043067,482.62285107146096,9.20372391848314e-06,0.000369695445549672,0.07006211534418832
134,-680.8140839539625,768496.9666476365,692101.7368983547,121324.87623973755,68448.92454612578,48000.00000023667,17298.08237005868,13327.172545309577,2704.527177164668,2903.142718274656,236.59760279978013,883.1011228204644,1606.9364181016717,47940.22975010084,3642.0382770503447,459.9296723651404,1.0331599549000686e-05,0.0003839162441107191,0.08967445623711001
135,-629.915176319307,787832.8475114604,627248.0292913757,119944.57908738585,68497.49175849141,48000.000000209984,17255.502658209214,16147.583588297013,2630.2140458211725,2938.923538113195,183.99186622185732,846.5653496757009,1261.8336702144345,55827.80657685496,3297.480366355744,413.94642208271864,9.232772488391636e-06,0.0004611902974104056,0.0972315364652821
136,-641.9477393459754,774908.2257973108,606450.1935491542,121540.33889489707,70081.55891761121,48000.000000029395,17245.24316609229,16471.02694532981,2755.2573629567282,2903.7272626281633,253.4746285098074,1153.2429405089545,1410.2921637978259,46925.8968731899,3582.9836642318896,470.89288535210443,9.305912417568606e-06,0.0003976046330736215,0.09637591134524376
137,-566.6922781404605,809222.6694060744,717131.0930252154,117640.52947008083,64720.241503935504,48000.00000003843,16380.447998214235,15042.621449943743,2608.940471952874,3052.6844585520466,105.36903902201533,590.7146318001942,1202.9511864466278,50219.20968715738,3837.3157951762714,471.1586061687015,9.878429521704383e-06,0.00038282523622209987,0.07986418179306536
138,-497.6197751610441,790244.2311423174,706693.38391705,123976.84588008978,67526.95895137056,48000.000000205124,16806.70020705045,15165.626671579437,2777.1634516296494,2893.7535176576416,408.32874044549425,969.6499686119636,1154.3422117959112,51125.24215181944,3797.694262703883,439.0434440221068,1.0392967184993402e-05,0.000440678504659023,0.08278554811468392
139,-558.2591777539795,806601.9323823202,772082.8235987517,119212.8348459889,63166.92708462735,48000.000000000065,16481.53546380624,9085.70693777493,2597.5576259985683,3046.055242211033,159.58656476887577,450.78876269193444,1204.6366851569728,50716.60764534246,3762.0281716881595,448.7919690228366,1.0019544580366941e-05,0.00041399335726963893,0.07755512515142028
140,-817.5827329754873,760996.5024794627,709707.4267409743,118970.5079983736,60073.59303817022,48000.0000000172,17424.346650392214,7584.333593909438,2764.625267333859,3103.370727662615,157.1050656418781,235.00940075811175,1018.2601295248269,40704.177067662094,4607.29907985526,505.84326567670973,9.446328072296378e-06,0.0003813623075153038,0.08785464762428948
141,-654.6100811847484,755962.1992660526,570064.128972671,125117.17012050659,79275.16739893811,48000.000000000065,17563.070776375356,23185.387265061985,2345.3653466635574,2606.019966479872,396.9921179646629,1313.2920021988723,1865.1953294685761,49042.837682734855,3426.687766175982,435.70996769366826,1.1574223490738878e-05,0.0004119470147032063,0.09003603440115276
142,-595.9046688438872,732270.378904234,703256.9878930871,120015.58055718247,67795.01508727792,48000.000000241875,18115.210832364075,4068.9515393318247,2889.206374855693,2977.7581344280943,197.250021822084,1097.1853553306125,1464.5742518337638,60998.166747681804,2873.422391865261,399.6382995565296,1.0303850464848608e-05,0.0004933361979457002,0.11143950651426562
143,-755.2011431147653,738058.2828832469,721271.9811900787,121475.26121420477,64476.38855378125,48000.00000029184,17672.6011981075,2650.866519684231,2738.0031855708758,3082.9763104562408,306.04589462242683,599.6065046653923,1158.9937585881285,49819.958157267414,3447.557218439842,434.1559608952491,9.74239776928089e-06,0.00042484162318132704,0.07726903864940543
144,-738.7984234938576,782968.2979854409,739347.1534629766,118957.71571905847,62571.54587068298,48000.00000017409,17108.55665232001,5674.793489549888,2867.439279945924,3235.653565019301,186.41995283370267,451.9056393108708,942.4291721453759,46510.61565705239,3741.2232767713185,453.7439363493347,8.602759729347832e-06,0.0003808454351854021,0.07895913407888296
145,-567.8975017400178,786664.5712451615,752824.2606434987,118228.58774654205,60407.83913884948,48000.0000002122,17216.52853282965,6457.053955822644,2823.755143308898,3136.752180029421,110.78743864026363,274.9330857270847,880.499564181378,57367.78144960153,3265.4912241413253,445.0056258830969,9.639909529613818e-06,0.0004384803409838552,0.07116724657100414
146,-606.0237106205816,752579.6786605886,667641.5337000359,120089.22325553659,63504.647438294,48000.00000041087,17431.10958529737,11505.232483547981,2888.280882038299,2974.452200246278,208.41938037075883,553.4293536051316,1219.7133615245025,53881.15612250539,3602.6424115871614,444.35095937962336,1.0447997809980127e-05,0.00042065407464372053,0.08214661887472749
147,-773.2288740541703,779759.150927872,766687.9804387989,118494.00084784572,66843.17800964894,48000.000000480104,17132.884240460997,6638.366857551294,2604.252057732448,2976.100635492069,134.03492985325545,900.2235214252539,1294.567051207121,45928.37995986262,3828.3788391486964,516.8988955157592,1.0681176286154351e-05,0.000382111965267446,0.07982461983818301
148,-574.0294669778344,795716.6046767186,621807.2571295865,121469.80089829252,69215.53441858994,48000.000000038264,16840.84111870023,14225.819203498213,2611.737920922053,3005.363084201428,309.8917937529658,868.9029137863836,1526.336738421335,54748.140904490174,3098.5763529742617,420.006203411578,8.669510424256067e-06,0.0004822390989678534,0.10814033462076802
149,-706.5616877215185,795739.63495752,786836.734147147,118315.13651645159,63202.493643726615,48000.000000036474,16663.037956145752,1949.3725279561304,2801.3967711519317,3108.092576834028,143.49006248009292,399.11256961518035,1099.3625063068694,45498.48243360482,4780.665096891347,474.2141852211794,9.343194214325378e-06,0.00039186607349598837,0.08750927113274029
150,-605.6790481872799,764329.6769593799,697042.035056439,118528.85896876332,61903.24105797908,48000.00000032953,17236.27165734757,9351.249559964104,2671.517175034597,3064.553179100589,149.42876750614897,397.54153136398486,941.5684038092975,43855.6313222581,4115.689862504992,516.0443352858697,9.426540998733595e-06,0.0003390794807679258,0.06499044138910814
151,-740.9569313274536,768869.423377953,628075.1096159752,117908.41461061459,63903.585505925665,48000.00000006631,17227.42778695294,11449.68075291091,2852.766107171074,3182.7686977583085,104.3682787727296,578.4272531201067,1054.4458543464368,46978.42563467319,3723.0630426955363,471.6492375936698,7.766400705579916e-06,0.0003815029757689771,0.09173932614635129
152,-708.8851241273916,779331.7646490039,619649.9598956433,121669.95520694487,61011.26238788982,48000.00000037967,17023.015275612437,18038.046039361518,2457.34193719064,2990.653805164054,250.11215083368688,386.26192307515043,861.7554350721183,44076.67284843451,4191.428330973002,473.413774952012,9.53382822148951e-06,0.00035369286859650436,0.06949902113226296
153,-642.6989851033575,790071.2537980168,683782.8123499147,118729.88554063556,62495.07893683914,48000.00000045956,16963.305911604108,13586.994293142223,2748.962255123964,3046.851728988994,136.07917551514058,438.54461241413,1090.7672932833234,47576.61804884515,3678.742714933924,466.03269377949357,9.42696842754883e-06,0.0003910539303363756,0.08979766535107647
154,-689.8070702471687,751558.1844576928,697742.192157381,120511.06889513385,58749.82282100427,48000.000000000065,18022.166054681722,5301.722739495928,3005.5306320332948,3242.119506514499,223.0835153076722,209.8345994130031,1000.6257493294187,61107.25151442672,2870.908704552143,419.82864528453814,8.637707771820954e-06,0.00047497513526592285,0.08406194335318101
155,-752.3883168865727,759098.058446484,657083.81700879,122975.13216371197,75988.31177995977,48000.00000000041,17861.066380204527,16820.58727835517,2578.8369661047163,2802.4204858702724,308.45667349128047,1356.0749442191263,1959.0843608498008,56786.45631323587,2946.049939667802,416.7862856226231,1.1368690674965833e-05,0.00046228182282361874,0.11465661608536684
156,-574.2046600192291,732199.6666841729,694302.008970726,129819.41847992456,79829.59871077938,48000.00000007885,18058.811003160605,10338.568071544734,2504.3787104008725,2706.107908095322,550.5052847524612,1303.0074975074917,2520.8072167455016,45119.29921392529,3907.4483239291562,471.59987542788156,1.1395744960182526e-05,0.00040372108932127667,0.08353154973012629
157,-688.6518022592443,778125.3652924179,683567.85309631,118903.28347642024,65419.66104960019,48000.000000050284,17294.646872974652,13673.981795399437,2716.5447957498113,3014.389627161005,158.16522795824196,689.2589026309928,1318.1288080379204,52807.72611770045,3554.2693928620565,443.2598284992435,9.955241998517568e-06,0.0004412797692221166,0.0929097471565946
158,-751.3123671401488,772107.4480511358,655570.5123571686,120770.44725320752,65734.27578150968,48000.00000005634,17265.95928464847,13267.355776485847,2733.465597727197,2979.9760562450106,199.4025228245878,762.985431562298,1232.640735718487,51960.95535783125,3225.237406010329,446.99906027949515,9.689151632375613e-06,0.0004386244176770227,0.09414190125535504
159,-673.9892525983844,756945.681783098,659059.586380056,119075.97844708896,59957.895172093704,48000.000000000065,17252.86015704898,11369.518200031906,2750.409797465214,3063.393085357219,151.00921938691303,239.62216396483896,843.1584519113012,44365.893444674795,4162.375125257841,516.2917255846409,9.185511198295555e-06,0.00035639122579382847,0.0661917281174644
160,-712.0145415836593,747580.9992200575,747111.8296434603,119347.6421370367,65254.07375703871,48000.000000019245,17703.474211782403,120.04154783588008,2910.6087069146874,2939.185353495521,168.56442736411822,580.4587685754018,1618.347702643709,51228.14671933743,3606.7778117885714,470.19641148772627,1.1024707110492013e-05,0.0004441001033696842,0.07373531856367138
161,-734.0308643567398,781858.708442939,623200.7173088152,119248.95692674462,67307.4161597258,48000.000000029395,17082.60826565181,13841.2573242797,2694.699993035654,3120.844186740291,156.81622688478063,812.7942930904635,1232.9866651372838,50357.048794044,3509.724894083893,461.69111962516615,7.982514116255794e-06,0.00040049778107421126,0.08874615178499201
162,-594.3774630858444,787628.8868571871,785502.366003382,125815.02159419737,67739.73229270606,48000.00000015525,17005.02790463617,531.9833963578836,2807.9461465587447,3045.3945622109404,493.0196323094603,792.6889543031984,1258.8927766451588,42892.76401009275,4594.0000785572265,546.2687913775331,9.809218912230325e-06,0.0003267668370792491,0.06364335673741141
163,-579.5469457960401,792662.6784482274,655212.0159973898,119779.88699018108,65360.940760432415,48000.00000003221,17188.206306991637,13785.182142180296,2863.519683723132,3169.8284242350915,164.9190807905683,762.1263585173978,1291.8068976875143,56265.014630062185,2927.8492855555696,421.694203144997,8.776804662042598e-06,0.0004747035384286328,0.10565736719880393
164,-644.664543339691,796719.7514656784,614034.7737665017,118055.686252136,59872.237382120635,48000.00000038836,17307.730083902297,14025.139379901295,2865.352856437363,3179.6980403422567,99.0000911906216,238.34678648587342,998.8967684442891,56924.25903283034,3052.8440004629965,437.5451272277272,8.10695138612175e-06,0.00046317069341321855,0.0978632137586174
165,-855.6748103320037,742682.5767710014,740888.7231889749,117077.56485566271,63100.062081059674,48000.00000012924,17585.568624501902,463.5978124376246,2545.76662605754,3034.5940640180365,74.35779459325306,369.171932627621,878.7016992139636,45236.44987456184,3891.748254078578,492.07056847055975,1.0334231530290658e-05,0.0003984139851586453,0.0922715256437718
166,-615.9595706050143,783109.020860982,711727.7849725399,118688.75738620332,67564.27844018766,48000.000000517284,16728.783804258215,9513.360283691123,2606.142668321832,3012.3152152321654,128.57331817899262,686.2006677486667,1262.3955153705215,43532.761123018034,4856.028930218459,534.7314095022119,9.88035011147734e-06,0.00037069846425350877,0.07464832764812177
167,-771.3709323320538,811426.4833165109,811147.5696132961,119813.81989562059,61857.46578727904,48000.000000411295,16819.517969013054,101.55922223247025,2733.3117187892235,3076.5704738746454,227.59033772609328,491.24838194484363,1079.8146311416401,46546.595796177724,4090.7391305628903,491.02581385103997,1.0352966832227908e-05,0.00041150948714204925,0.1088996654623782
168,-641.136259539675,773220.1405072005,623294.6597561531,117927.22305523347,64905.44486674396,48000.00000043816,17532.559074809076,14582.068764772359,2729.8635843896786,2924.7060906486245,103.00611246856536,571.2806336628669,1259.3214568305075,52443.08896010397,3574.880014537867,449.8442936135061,9.187304717489843e-06,0.0004574215945704811,0.10576906021374273
169,-783.8735131526362,809432.7105054181,800430.5187637246,121913.00737184442,69289.20160384238,48000.000000000065,16866.67237009486,3277.2279475456385,2669.636473474179,2986.980000999005,296.85040890429394,886.1600900497931,1331.897493976562,53789.819302513424,3650.8594023045102,454.0164665790629,1.012777747834076e-05,0.00042369442051602756,0.08772770855082852
170,-523.0082732992279,832513.2827405266,619053.240504977,120294.25033154782,66267.16752806249,48000.00000020078,16504.19322721072,17265.169816423084,2710.5318224779253,3118.1827962657267,191.66293902410732,568.7263392871806,1097.0848401482474,51299.6088120629,3630.5368227918043,457.8687428214557,7.679235412417533e-06,0.0004060099412102555,0.09266802314243171
171,-644.1645915983491,773757.857467446,773241.3631907431,120799.88357219896,59954.671214784576,48000.00000039586,17811.77330506962,100.50816308229936,2768.4684906613047,3116.0765131426774,206.69573876235856,287.51091910202825,934.4920467153587,74161.27160423678,2556.283929604623,376.3303326845063,1.0304914469796784e-05,0.0005524341662844387,0.11365738689832719
172,-587.4394039282815,794516.6473440852,620324.6378646068,123856.25856839851,71650.74470182299,48000.00000047703,17076.278968615305,20245.795974281093,2669.083346651538,2817.321472278829,358.73016482211966,1488.1661021364373,1536.0728519782238,70905.66431123794,2825.817103439235,384.3715989383466,1.054241725471716e-05,0.0005053509134348735,0.10497516104664766
173,-546.0001622307175,752226.1747056718,728931.806932571,120336.16182545407,69701.82794023138,48000.000000544394,17237.32486290089,3401.072354191104,2662.8892511661866,3102.2126497737186,204.5997643414196,1141.2938380492167,1423.9705305137702,43185.78319937893,4499.984147792023,518.1712246033503,8.91232997992013e-06,0.0003251320265893514,0.06204404107724922
174,-665.6404313733312,787023.6490150407,741356.1777933235,120832.99754631793,62631.866480817494,48000.00000000032,17271.10916326119,5558.230715955857,2730.07089777966,3171.4727125845266,262.03030171241767,394.1156725826891,1108.4582346266805,57625.65664062736,2978.117093294244,426.0441490163609,8.81020618760759e-06,0.00043578322174396816,0.09446332625929894
175,-792.1583581291599,775100.111500933,630478.3066462011,123945.89976472556,78527.21879946416,48000.00000017153,17284.542792281016,16061.355686405148,2782.8702665003443,2831.366217449061,397.8975756291172,1476.5877770512718,1886.0365113285725,56640.71781338183,3164.5135731157807,433.6063814780607,1.0099759238573757e-05,0.00044818824690493457,0.09201582827922565
176,-548.9009588225495,769992.1968745372,667887.2303671872,118593.8327521875,64112.469281074045,48000.00000005813,16972.70975024403,11441.562614496266,2876.615409439003,3068.8475709463646,136.16034477756136,484.248032613549,996.6756117213507,44761.21798320914,4152.084560350419,493.09959652049173,8.805819847962495e-06,0.00038262325280455427,0.07210734311516924
177,-689.7476618119897,785334.4408434569,630281.2889744822,126022.3641846832,75989.85123212585,48000.00000000927,16877.775235978985,16225.061936199305,2707.9988894004123,2908.9969032298322,384.25737254779494,1175.76722445303,1684.7030411742858,51278.90101468569,3259.8330650444227,432.14503578857824,9.524392531924344e-06,0.00043438722673512075,0.07727676994549396
178,-695.8534265889584,773634.8358237055,674447.6707616118,120043.78289459845,63455.13985220926,48000.000000120795,17263.76242723337,8641.444125817408,2876.6648659310354,3137.4490465277067,209.8371522603787,406.8297012211819,1067.8798607378822,51186.31147614073,3553.8231371512334,441.8877304679945,7.774015534917945e-06,0.00043626502366604105,0.08764223462294891
179,-678.7438530748293,769126.53274295,638349.7228903191,121783.96628999259,69297.15990651435,48000.00000007629,17154.74546292286,25921.47843276939,2572.3019854756526,2783.6369374181018,251.98060978844833,1034.5729667023945,1360.6629216324397,39729.86912127017,4753.076987493108,540.7353192331934,1.0833188628527406e-05,0.00033938935182077683,0.07849792171939615
180,-912.9727653625896,706699.1755987788,644960.2795417906,119117.09209801878,63954.42107389616,48000.00000009053,18183.99743465393,7111.0841492630825,2629.406210615607,3067.296869296789,168.9161312384364,404.1074718156896,952.2973271855583,51234.9813725892,3148.305233389524,401.01894727367403,9.048563432028405e-06,0.00045069926136001966,0.08314322480457584
181,-815.4587981502602,749549.082653568,685577.4986868514,119158.31824337882,61187.518089962476,48000.00000000518,17560.158941990547,8947.463901657551,2789.528472607361,3089.669863327604,217.50001675220477,371.37313370650065,1066.0086111183857,53006.467291952074,3369.2917832911626,425.62547839927515,9.763643080027205e-06,0.00043976409790897274,0.09006421441796071
182,-584.0557346343436,798417.3991597517,798185.5060686087,122525.04364337916,67704.34956271532,48000.00000036406,17000.696862526172,405.99091882592626,2692.9910417521096,2930.165662853122,293.47046203709016,780.6664014545269,1426.8730517941822,56790.69953344719,3230.275628641593,435.07379672491004,1.1384036803456924e-05,0.0004457165665413731,0.09355546439726577
183,-646.7313219031566,786804.9203039642,646441.7330386585,119410.2904245274,65950.74010158768,48000.00000034726,17134.738057657058,12368.492126262538,2825.4590373724136,3092.222265167831,188.80705369798136,648.8218749073341,1349.2529993031199,51730.55203981675,3299.612693147055,467.9315012299404,8.470529956895859e-06,0.0004443202881805911,0.09144022227017523
184,-789.488545634036,807897.273458888,785003.0122497408,127053.6045984032,78280.62145878006,48000.00000000552,17024.81640497495,16235.423183042329,2520.655194646801,2817.6457620431593,432.113923982715,1310.380881419879,2057.2298310526394,53777.26292719713,3146.380258668639,438.1824569987609,1.06009506773467e-05,0.0004562358480315576,0.11658193327703795
185,-774.8880323194779,785533.1472084763,710061.7329896535,118611.66282019996,61043.852287917005,48000.000000386055,17222.179164750687,7981.994245680398,2746.244703716437,3228.954758628423,130.8447589674564,331.383037516466,1030.6423474629994,49297.029151720904,3615.8066548073925,469.78524277393643,8.722322675366199e-06,0.0003945513452747267,0.08599247149503259
186,-670.2505239653433,750973.1381822455,703482.3573981068,121504.19312056246,64760.89914236702,48000.00000001055,17842.26273429166,6043.302284561633,2810.1159810913086,3146.769857423918,241.69794934625494,573.7793901220882,1191.8100981846983,54822.95142993033,3116.573815715482,428.77121855579327,9.293360269824994e-06,0.0004324248112460008,0.09415935153546752
187,-728.6431241993281,764553.4048922452,705587.981289972,122442.27300464665,72861.81571590168,48000.00000000032,17328.202620844608,10069.667024617464,2786.715666160498,2917.511978887434,288.0139424929217,1181.16880971104,1929.9329488027686,48241.919776591014,3779.0218744446743,474.92235119877876,1.0596096365585049e-05,0.0004019865333791143,0.08200274151325687
188,-589.0738252684566,717529.9129902276,692953.0848174846,118682.8789283078,59814.02928411352,48000.00000001447,17987.198066729543,2975.3837942399114,2734.615069725337,3093.009901136238,175.05632838959653,222.70978987918892,855.1728921766606,44047.26972969602,3878.224253054149,468.89700565783465,9.290587212272232e-06,0.0003661089897884888,0.07821279277292936
189,-570.0986412281682,764077.7896929429,591133.227330336,117717.38992610027,60169.46731615734,48000.000000158914,17352.11897613194,12797.35190523054,2924.4216411391217,3182.5279959553873,104.8854657739486,233.17367299909185,1145.0459848655935,53838.9717013898,3307.983081078039,424.1310334366377,7.38623806556025e-06,0.0004439252984258409,0.07166400352659844
190,-618.8326431942905,792873.8449429434,740326.0279943516,119088.09917814478,61721.22842431853,48000.000000521715,16551.4150638981,24383.769803236453,2580.998769435634,2957.6004670463885,183.04978386091676,444.61029970497225,1150.0877505990654,47081.40985510779,4276.188854088403,484.60927083490384,1.1323803629437298e-05,0.00038039679809087845,0.07988248082598066
191,-653.1503139115125,799496.5210561997,735871.162069332,118734.21745602178,60789.092141584006,48000.00000027189,16935.0131749908,11609.578743963897,2582.7321228913816,3112.2903471974605,122.1444996461955,356.8008966651984,918.0262785922025,57522.73737909985,2930.2915274542383,443.1512213156566,9.713160018518967e-06,0.000433187011255457,0.08974652448593634
192,-775.9147349755411,793630.2213590457,778661.8527291649,123650.33638106853,69650.97112957659,48000.000000023,17349.96862805098,6079.28155454588,2760.015673382223,2911.5796482544247,349.94588669115313,999.2018483456593,2451.130964355877,52469.615538358004,3394.8335622713917,452.1363422897878,1.0990524711355899e-05,0.0004111439411278722,0.08836606573154
193,-605.3606043967901,775178.7748696813,617433.2372982532,120432.21928429483,64573.665120487,48000.00000000509,17395.807699003224,15862.94774022787,2624.9065635590614,2996.183789809871,222.4807970197256,577.7547746287199,1299.5697550989612,53922.33033348778,3476.541234072385,470.12313070067114,9.394671638590865e-06,0.00042357983288848533,0.07405997889848076
194,-675.5175825236836,780967.6498903015,713050.8301605347,119627.08650170363,61536.142949769346,48000.0000000056,17236.13196109117,12494.796250432273,2845.6641796685544,3052.8490368691564,220.58844428350878,429.4229262835761,1469.8128546931382,52415.07764000199,3620.967256810638,468.1823195107351,1.0466986832597652e-05,0.0004458438405419121,0.0731495073945874
195,-622.4865314362069,774250.793330589,727408.33411012,122234.78846765126,63270.65560619915,48000.000000372755,17001.358918813065,6737.823029130104,2890.8817424738354,3089.0541564644727,348.66134967717346,508.36676387945886,995.1517411183995,43925.33591401515,4060.936169187153,512.9123911016975,9.252417449441062e-06,0.00035060251177172194,0.06864440181233783
196,-741.4723519820476,782808.0223843777,767269.1046318738,120857.03547011915,63954.7699559912,48000.00000019455,17088.698830011308,1875.814570487686,2868.809301491457,3221.8675372197504,200.98686246164073,473.03152255053305,1214.1401995794101,57988.750027808106,3077.618421914154,439.9012805732125,8.409892028204136e-06,0.0004812941736954437,0.0964772841445753
197,-646.5797990349324,816120.0232989867,694728.5329539713,121915.31346829669,61142.72011011507,48000.00000007697,16360.38791445525,10796.58476082392,2973.2302981351795,3287.6515687026867,291.37238339527886,339.2132974310837,859.9104982191812,54945.54003799455,3115.1688228571898,458.9462298022621,7.60600565817077e-06,0.0004328023140074262,0.0944245503920399
198,-657.5907950123992,770250.2491091052,607850.6475894547,126583.55911023614,77299.29822398844,48000.000000128726,17265.022180408807,17402.392874190715,2534.639930525309,2715.001321672761,482.09647034346847,1424.4642122476332,1954.0948669659701,57168.39436795825,2984.8072808557113,411.0116335537382,1.0636754724425274e-05,0.0004547368908110992,0.09269322661754056
199,-570.0076226477929,743809.6520299605,742464.2554102726,117558.39935932629,61755.428829713055,48000.000000521206,17817.459948710348,313.22818279743905,2611.2459075059032,3048.143944524792,87.5378031330941,326.3887355945862,844.0581489179593,46330.9912023957,3869.9028251995364,477.06324103237796,1.0767908062677503e-05,0.00041527572097621774,0.09376409072703151
200,-527.8189583154982,741411.1250882176,738700.2722393691,119120.85673018867,63283.34625359339,48000.0000002186,17751.10240197246,365.29305064250985,2690.764818098852,3095.5552169748767,141.0340236446298,370.63265810065224,1022.7867362689786,48077.99786249124,3903.6743768265255,437.07778612567756,9.276304653876115e-06,0.00041143926872940916,0.10164183499846986
201,-625.9032342964176,800630.8121771807,615813.31107167,119118.80154450267,58659.70029861009,48000.00000034556,16941.688445487474,16562.512418363018,2557.0411509416977,3077.655829154779,148.77238287219222,176.91126978980697,794.1004276499949,56073.71749517623,3477.9190548639212,415.3970231349745,8.427331202296565e-06,0.00043349132534809047,0.08845177446241545
202,-852.9877626296311,712427.1805579554,694343.8203549798,119987.53259271345,62438.28496048298,48000.113691234976,18259.19365065006,2899.8938200549937,2743.9793801855653,3075.6526359524,185.41630209158978,523.6267443538514,1196.6870661500113,41328.251144671274,4227.851710087935,525.5898987917445,9.713518738948684e-06,0.0003790095615965938,0.07559499635393284
203,-629.4339521746763,813675.962104362,720283.0449443248,121565.84349859961,64859.641562410085,48672.16794621892,16773.640937299566,12868.226357162139,2856.3700608647837,3138.746580926969,285.1742749297795,519.1709172431476,1157.1259189784726,46854.49917489564,4656.410762724237,528.5302736149973,9.051801843948317e-06,0.0003979920379102494,0.08304478239773766
204,-600.1553471679001,772703.7055314049,633267.5988858521,120180.15032157853,59232.299335280215,48000.00000001618,17572.61806378702,14198.416118972144,2640.927416155334,3102.4081428442023,204.90196730613192,233.47441537750439,779.0767308272146,46573.70338679578,3643.7123621720434,480.3809732443726,8.689635665692519e-06,0.0003859893235173913,0.0904066969483218
205,-683.5004451195288,755923.7882678487,637934.9593701045,122305.64883300019,64352.350081070035,48000.000000075524,17698.023586867017,11805.087313722966,2635.0743202466156,3005.4729066634177,295.8506427999876,503.68628341453683,1273.976565743757,60669.81742041807,3391.3542343247027,401.97758369310503,8.866368052807898e-06,0.00048413311377577416,0.08723145318819547
206,-520.0214347233242,773699.7103585383,660078.6899150942,119221.28929030137,60962.045837871345,48000.000000127446,17486.970952664662,14186.152115921524,2555.6342778992876,2983.859272355213,157.8728226351417,296.8024508174796,988.4897201409577,43374.65912037352,3928.29261312168,495.21619225003974,1.0007727084741362e-05,0.00038621482809308457,0.08786382550693328
207,-551.2781484766963,778262.6720118085,700697.4339599636,120044.87239300147,63819.9951548526,48000.00000026208,17188.797828519524,18634.794847810736,2501.9193871611083,2968.586650091503,184.96398626692576,543.1087424907709,1320.5805943231298,42041.51813100153,4564.012563490206,519.6539940231103,1.0491164148405404e-05,0.00037251349331112436,0.08666372735181085
208,-560.4647642737337,837913.1412814836,764925.6454755886,121630.01170857453,67758.30198407559,48000.00000028391,15806.131898524416,17867.99432780324,2542.6528431947504,3049.3689619184734,245.11334505336262,752.6397225992655,1230.8479452513807,47898.18572758326,4087.054371004328,479.95854894200386,9.856631715772217e-06,0.00036615699368846286,0.08829887990643245
209,-531.5266610232034,779666.7165468383,653891.2354256227,120469.15519395724,64569.03370966682,48000.00000000041,17213.5053304686,10398.41026516206,2721.807125112703,3165.0023967759107,244.11195339230858,616.2537852002894,1108.871850131455,52708.97100969693,3508.5633480357365,458.33713860692797,8.025049207488258e-06,0.0004168167053803224,0.081124115238144
210,-567.5868986138506,789242.788667093,648243.8502875014,122613.4531544912,70832.65319734943,48000.00000045427,16788.850661594308,21814.032873922963,2542.7109133085046,2746.5990297224844,335.5512123999041,973.905240310945,1437.139481866476,56418.05917458763,3319.8930532623062,459.8717524863946,1.0819175038550007e-05,0.0004486336299823581,0.08469675247326953
211,-679.0037991341576,756472.8496678986,666717.2915080432,120331.68082106503,62561.1141200141,48000.000000119864,17318.604687284922,9309.867135959756,2597.7651789991955,3111.1389237411954,194.27967278748645,428.9029006132573,889.053907688196,46169.67512530502,4139.308161713576,524.1944642866084,9.157339521268834e-06,0.0003704054689181863,0.074343706887905
212,-685.9610639027236,757372.5012940426,663634.8367896028,118094.11328249688,67438.48832200414,48000.00000017733,17809.36482939712,11356.257072777938,2627.057428014822,3025.47853317007,123.8842738109914,861.7988393444688,1566.800293691976,55805.06193713925,3329.72871441147,428.43389577622474,9.549216083251186e-06,0.000466773270065261,0.08747760289860854
213,-572.883547488183,791344.1562271707,663555.0318053465,118245.145387559,64528.78131259421,48000.00000003715,16836.63674057052,15780.030505006463,2578.248013222316,3003.5751855996014,115.41288284240535,573.9788508015976,1141.9559701582511,49695.26197721432,3588.2314799029455,450.1997302832868,9.699969155519807e-06,0.00041607498705488374,0.09449593733895201
214,-634.3300903234369,777912.8053951378,631332.1828525909,121554.18649290719,69390.4837806027,48000.00000004602,17477.82552531528,16643.504404422987,2629.3389429363187,2931.7449827476294,219.18123120244726,864.7813103210099,1650.0739658511,51582.70058340047,3362.1531054691377,443.04888759067654,1.024915194852737e-05,0.0004413631993269198,0.0958934886420916
215,-507.21781294363393,793179.7140354357,702750.5644135524,118648.09569624868,60273.0205742879,48000.00000047806,16898.305225699856,11187.24629556057,2744.8580645119337,3175.1746116448603,131.4369800230329,306.24544012687454,929.7162534665383,47851.86032956885,3850.1578710974754,495.9382021746922,8.816199422079422e-06,0.0003634833900782046,0.0780042307763341
216,-656.9067360312083,762216.6382697822,721547.6783972398,122069.7079547525,74171.19806723224,48000.00000008592,17437.43671562976,10987.323758728824,2518.649249890602,2804.719146992932,308.6347640750342,1321.2938150728546,1435.5058852522354,47043.011923944774,3936.0672292261174,480.2135559419577,1.1227749394894891e-05,0.00036156326528812515,0.0798828737220865
217,-527.4601528003884,781565.2299315643,745869.7053985334,122867.20480909626,70703.25687041026,48000.00000003281,16967.061938862644,9989.768650255468,2885.289078782758,2841.0823982999154,391.0687314760314,1188.2723967265013,1511.5640559431909,62173.44316137402,3058.9283237435166,409.98949929831355,1.065412760023504e-05,0.0004966518584361091,0.09051976851747458
218,-625.1648316813452,754928.9617777353,655429.9095710415,119485.48580695511,69948.69205851821,48000.00000000092,17414.006781583248,19882.113724236915,2489.471370580204,2874.847450964581,144.68145132025143,812.9399201749221,1549.4800047912483,50941.50901812209,3579.150333512058,448.9169995511915,1.1302797250216844e-05,0.00041890869075289115,0.08972103447690766
219,-556.116835298254,765606.006159356,708456.54495678,121755.1077571305,64898.87670545007,48000.00000001797,17527.061236259786,8124.420003164013,2749.589758674915,3042.209684240956,248.83503463584535,560.5651730794887,1307.4225903974589,52483.26371106819,3132.2853294228007,439.73404315184354,9.684277453070763e-06,0.00042121350124950667,0.08749926208961012
220,-688.1961252417877,770186.9054535493,707746.9116525471,117994.77764415146,61776.73989206729,48000.00000022201,17778.5527766877,7433.481790209689,2825.9763394080214,3221.671677023859,105.62239614755164,372.7708778221991,1395.2473529041426,49735.7101700432,3374.5567429596954,469.91303013834334,9.44087396349053e-06,0.00042975980167886255,0.09451886119969963
221,-748.742952685097,789038.3065118585,693720.1237346254,128715.16189491225,76030.40021668168,48000.00000000134,17276.676712209057,18327.814585267955,2597.446782111327,2821.5908533836573,452.21014830860304,1454.3559989615346,2031.7812355459955,51923.10106956492,3423.5365397883743,446.3737763938922,1.0487447597187434e-05,0.000415347235700899,0.09093671158182935
222,-593.2197193832061,740844.6725878367,704910.8161465463,121012.91584122372,68533.52726522881,48000.000000201544,17801.81179773475,5068.014659039869,2581.1962010200004,2991.221404091697,233.4786540208844,966.2617563315052,1393.9939421333454,44711.241505845835,3903.6584339685555,477.0661538124759,9.930548490129552e-06,0.0004046521986258712,0.0760727346168116
223,-840.6014213644586,791511.8515417663,654317.1768409353,124305.31434096461,76396.97391591127,48000.00000037208,17145.32506959628,29009.849467298478,2501.167290903725,2736.487465156572,353.97819153708963,1285.737918972639,2175.3152231203944,49897.96258697771,3740.5373332342924,473.4424060022397,1.230011944467463e-05,0.00040602682203114826,0.09261096253673619
224,-845.9491329327648,717815.02037349,564907.470403631,120062.69312097966,67754.96082263844,48000.000000083965,18056.25511434883,10393.73254018611,2832.0030049770753,3061.3315640034634,175.72939353886957,959.8076897761439,1199.1635389187986,42541.06136567956,4373.39545180095,477.1826186324647,7.598625183865229e-06,0.000390146098001199,0.09697723194740861
225,-654.07720147285,786027.4310127994,621137.2559223042,120526.23199920468,66819.35757166575,48000.00000000433,17189.23472175279,16205.784850829348,2583.105185701376,2958.9308141951738,253.72674657708382,932.8435902011147,1428.4225916313862,50514.52036361726,3550.1494824344295,457.6329023807591,9.457472467011142e-06,0.000406416510802342,0.08503955826757931
226,-712.6926667653786,756385.2371853658,676426.2842040329,122571.52114710792,69956.5220642857,48000.00000027172,17435.213331600033,8451.339522469874,2805.6885453324517,3046.9952109305345,257.8194378617196,916.0442685055602,1441.8818542134638,58864.21198786608,2944.3771828291838,416.93347290694464,8.811559312826144e-06,0.000485334910635309,0.07834523668368588
227,-632.373306774318,826653.9399475169,774937.5927880072,123381.84506068265,68131.87010126706,48000.00000007936,16474.86046263594,12841.968489805371,2497.791605696457,3009.6741015485563,335.52552704065914,787.6013191760253,1413.3665413313315,48749.38009098803,4057.185066807926,474.4291552332509,9.92041743550785e-06,0.00038342331702598807,0.0832190856295408
228,-567.0745960839818,777648.3862087658,712727.330852186,121481.01702076959,70650.48142431049,48000.000000012595,17067.317778449884,12045.498972673273,2713.3406551812036,2943.5714259065176,296.5070367153064,1033.9604390895288,1334.139001822104,48678.51265877074,4170.308808196413,466.19432879247654,1.003318367794578e-05,0.0003904010485672088,0.07569616042141758
229,-758.2261815167456,776457.7730709667,659465.5966930654,120342.463402023,69332.54505430488,48000.00000056878,17252.144187810598,16949.762051562542,2717.7257957134375,2960.537350918795,241.5691601018737,976.1815740328096,1754.9624721388407,41724.039240213206,4730.457916220471,515.8315912280136,1.0127934755645788e-05,0.0003395701929859437,0.08504709441313212
230,-862.8997627421556,767425.1394288823,755557.8544067184,120294.86831766405,69758.04610017082,48000.000000275046,17323.9983662303,1616.838785157702,2899.481809603111,3110.640508109285,183.29322398601627,916.9396212957155,1443.929573636669,54282.06563035813,3275.5512970096875,450.3305455967327,9.070810404976298e-06,0.00043560590682407697,0.0697801269098749
231,-773.0454623736173,781180.3433446377,765011.2211234845,118745.03270924401,60027.107411124365,48000.000000036474,17109.075223703905,3053.291443126383,2666.6132139748715,3096.7290234700804,150.14754313860786,336.9070669038176,1030.86111527397,45091.967021174205,3773.9529083456364,505.55801060104125,9.798192139683941e-06,0.0003849384409587078,0.09748378284575399
232,-654.5871137018788,771433.4676439788,624934.2759510431,119291.92764630339,58166.14327019068,48000.00000001686,17781.260271916875,12451.971283224073,2837.7651470332817,3085.6272863581225,197.74959119561632,151.57952731505296,800.7705473678384,49554.824412140624,3735.96386377305,447.96569396002104,8.940144622428717e-06,0.0004686423878915881,0.09696799721646494
233,-743.8413062690457,740522.417906008,740130.4712428135,120688.62357437212,69730.83165093664,48000.000000019245,17660.54741020043,116.5648092770136,2725.198135612589,2927.0444456488253,229.87579266374965,963.475349628024,1275.0904069854303,52362.55281424905,3359.1542279709256,422.5156801663328,1.0527311198266793e-05,0.00042964585986940515,0.08248500858056743
234,-618.857647454512,779390.075222061,619388.6833117361,118300.03487892056,69354.06929319318,48000.000000085325,17152.978762187206,17012.395035284317,2652.742421399157,2828.602870974261,130.91500939900337,800.8620332057116,1451.1779958848763,48927.596308340246,4054.6618477333977,464.5903945145026,1.0224843843985338e-05,0.00040309865856479163,0.08722610015540909
235,-460.2754865461689,767929.0182696752,666519.9554097507,118987.61600144708,67275.89829869762,48000.00000033157,17239.016620066363,9529.982854163267,3018.1466101313927,3097.866808981877,172.13013399177382,810.0577536265525,1461.5643584174395,45034.09567289311,4249.825269326561,482.3806142644615,8.80891466150526e-06,0.00040332643061889614,0.081404574856052
236,-546.1092112010572,744567.284064771,743961.793677345,116945.31200636998,63567.14896234491,48000.00000019592,17967.184371491923,116.23186370729321,2595.530075462134,3043.3088796217166,54.40753873944551,506.3804686441132,1171.7998844841293,46682.13214864137,3721.4275629935278,458.99798080323256,1.0204455776767843e-05,0.0004184534291512266,0.10308868257447278
237,-581.2049227474442,794877.5375052212,668544.1099850334,118332.09002387073,64016.06868488257,48000.00000008311,17284.36708060458,15152.086918848872,2665.3328513497036,3068.4628345650176,118.91247188739744,564.110068965527,1305.1383952703864,47638.45897902424,3875.5293563314067,476.96009882432884,9.727427911440453e-06,0.00040202334687382767,0.09657774921527365
238,-531.8671698657303,789158.6256413969,755182.3135342106,120670.60852865409,61743.670169469835,48000.0000000213,16800.261283646396,4519.499985644498,2828.3634749802677,3183.5278645191456,240.3096087817567,424.75685132475115,949.3666879667888,41775.17749431081,4429.9396141834295,497.66717122693683,9.179713476781053e-06,0.00036308535609434864,0.08375963299858705
239,-480.7521567497505,761219.4008268018,728179.3565438502,117951.6853396803,61689.70897317675,48000.0000001329,17391.55927666325,7026.7604236567795,2591.71912428089,3046.272741584467,111.44783742709664,351.79956812556645,886.955272200573,61841.90502896553,3028.9248982965455,398.8409610747748,1.0439157022979288e-05,0.0004671466927639403,0.08266177872047743
240,-664.3003468122032,815666.0544289143,692155.1411120179,118502.19160129088,62292.43682223795,48000.000000056934,16919.62647767395,13520.734439957627,2819.1425378696217,3147.53729879186,135.84589350181432,420.40833947647053,1059.9490477211082,50353.00275282114,3607.0753433206646,475.25222903633255,9.428991752018628e-06,0.0004254250684609423,0.09576844591991472
241,-697.1707478606497,779515.0931547302,779235.3062563286,119760.75340650535,64668.38919138321,48000.00000003997,17279.890987116738,100.0000000006462,2805.6487700299826,3010.6483256585148,211.63810133269735,578.253281050483,1131.8619987664983,58044.85507504737,3177.124347890886,420.29616251122656,1.06183446512905e-05,0.00045203556222481547,0.07699728197666164
242,-603.7531915529776,792347.0940979796,749346.5446905727,121320.05976723312,61980.43698597954,48000.00000067127,17161.26154256954,15671.882251461431,2484.7616566391143,3008.7139071166107,231.25357773493332,446.4481940684675,906.536285017287,58898.4614493512,3303.8047148552478,432.33683976196295,1.0847770049762318e-05,0.00045515467067484426,0.09696428001483874
243,-518.5511710935488,793012.294266481,733684.4985781583,119487.21011662408,61434.20505769395,48000.000000000146,17066.93504083334,10396.357429690761,2793.9632713333253,3030.3532869697633,156.07949228225272,424.35334685346777,1194.4413028458935,46508.996422932854,4137.8582638776015,506.08387764221754,1.0309230111377602e-05,0.0003648389864037779,0.08521821241082442
244,-628.7144906029737,793280.1700046385,653232.6450217121,134675.8214125897,89654.28392735774,48000.00000000032,17392.81980404095,19350.16240418324,2636.2704186061023,2660.895762839415,789.324823375058,2275.7535975240603,2770.6184891653575,53552.17597986654,3183.654751851355,417.3201707252913,1.1060978226154884e-05,0.000417617275504771,0.09157242839636556
245,-632.4502060269497,787645.170808365,652377.3316912038,119346.07664314419,62799.35119001548,48000.00000048548,16982.513012385207,25950.939809244268,2560.979413150748,2882.3072309843506,183.45282156640857,440.4884838080202,1032.8516561314964,47095.18902376693,3975.6393031834923,466.6407970119064,1.0569920262404126e-05,0.00034445192309702326,0.08788419108944812
246,-634.8173192004133,759268.5701523549,758963.7356982549,119392.67833695274,63062.617625808,48000.00000048147,17330.517113783386,109.28720715181171,2699.9099880955787,3028.713498859518,165.5567155009033,596.0629433567251,1080.522382461296,45123.39300521595,4289.052866708672,509.7052389779593,1.084550726567721e-05,0.00038006672248959027,0.08128193524522062
247,-677.7572396488506,776755.0816861753,597393.2902104842,122492.14642019417,65467.77347560677,48000.000000452055,16955.646251124996,15206.741879271778,2570.449549055189,2974.4768583835457,312.93515002794175,629.9441065388728,1270.7086858264302,40204.02950190193,4908.770324243992,543.2726218986537,7.821972494928613e-06,0.0003321027509266751,0.07469234762920396
248,-725.0047916614684,765446.5169528489,710148.7840478944,119011.05851417554,61878.70063724024,48000.0000000045,16987.7391780896,8588.664997252823,2515.098484688301,3008.9725813430573,163.45754872559218,424.8482915453735,800.496665266116,46479.666426776945,3861.3118024967384,471.8371808926468,9.450416617769063e-06,0.00038364797054904194,0.07603377598460043
249,-565.894488719418,786674.4481346296,683444.3258647426,118629.89351964329,62939.64445359233,48000.00000030327,16926.767883186956,11111.657731557732,2893.5986495240586,3111.2889801432398,152.54968320159253,507.81798759264257,1101.441211770601,43930.986748776704,4159.809195887355,494.4359544960961,8.505033537951617e-06,0.00033882862444769283,0.0673710826455971
250,-636.6650490656862,803092.0387517178,802614.1188594252,120309.52892830531,63802.47451164299,48000.00000000049,16625.570215637712,106.31513408702851,2804.7159079027165,3082.8881535056403,194.43144471579353,473.6554048076355,989.7963225981163,50911.681622957534,3536.084181993851,470.43622452881135,9.77861550753364e-06,0.00040406090797448296,0.08249005025726776
251,-672.2622614853975,743522.8537857214,682324.9620484153,120413.76513864615,60167.99152219421,48000.000000000065,17875.87727325976,5503.22498226861,3018.825131318701,3276.226606749996,239.57002513317815,315.48453890949986,881.3147458923662,54607.21668597149,3078.521862890104,427.7732133987634,7.368464852858253e-06,0.0004660675050807762,0.0843160411262822
252,-686.9218409746802,782356.0510396308,662981.8953447413,120880.86044080241,60011.329650160835,48000.000000000065,16907.7987612098,11551.313543003685,2747.982449056543,3121.6444607981834,231.0187336810929,282.2067411688647,1059.323289963223,48302.97853986552,3753.472823732407,472.16700972795815,8.481748304743674e-06,0.00038306064911589077,0.07861890907181497
253,-690.8792901635322,744929.1043653825,731739.2414227499,119781.54527377608,62487.31203050179,48000.00000021152,17756.63884538356,1497.2702906625552,2982.5590694096645,3139.9265137803336,150.47224022703708,424.6739200481068,1062.361039737845,56379.824493706124,3320.9931946191873,428.89137714167794,8.655048813152685e-06,0.0004482835575612371,0.07407032223810296
254,-721.8746552305171,758532.9742611645,673702.791128881,119928.77872040034,61764.723534543016,48000.000000000065,17501.163498555044,7424.825585359783,2873.2292273081457,3181.5361684689487,188.0567370498194,457.5564662706285,1200.251754388677,55950.37982708598,3205.8411085716684,410.0541844842815,9.036818814038489e-06,0.00048483232184343497,0.09640539647650224
255,-656.3783459575594,776031.0306139085,672126.4019190549,125733.0198332981,75188.21558126881,48000.000000096414,17274.506532302054,16919.42309595888,2534.3908574945076,2834.1814907344,381.7682845617656,1174.2370623827803,1725.6730970173717,51480.51024710535,3386.3617475640626,442.9753489083216,1.0960837087137394e-05,0.00042273383384245456,0.08087410642952537
256,-664.3016527878817,787704.2662981667,667335.7851885051,120227.08339968242,62802.208977171584,48000.00000007493,16796.43610329025,12952.15530613566,2647.161730744372,3059.3538185022376,222.54118014458297,452.1021918513101,990.7107217411593,51291.801562909226,3435.445887462996,430.5456203654832,8.850567515775454e-06,0.0003974614931131277,0.08847398969601766
257,-548.0174813893084,785981.4379688551,777841.5513575407,119313.94081885729,63859.19960605944,48000.00000043935,17307.960725567442,2263.8859976593117,2687.4635599708868,3044.903677198254,154.8339323546625,523.496311742815,1139.1308331085665,43799.52739938957,4365.939563979709,512.0087025717509,9.947167539321288e-06,0.0003775551065854011,0.08352181705751652
258,-732.2689812185049,759634.177466501,706046.7758646023,119780.70916844702,60417.55989894696,48000.000000041844,17808.69718209379,6791.293162273058,2807.463045191584,3110.8121859555067,191.2781671242376,287.459934375924,840.1556201447944,52005.34501438269,3329.264710386379,441.15598306860824,9.456746738281614e-06,0.0004691618200267631,0.09205276198852695
259,-538.283426685074,784984.0304176677,758215.5298951356,120037.90514456913,62636.8204222037,48000.0000000664,17064.621562460597,3650.9574020643577,2921.689413785762,3067.950393891021,176.54152625658188,506.3656085831186,980.4333628428298,47407.53483198713,3856.43857511311,486.0406113273203,9.559730127414517e-06,0.00041687777836938665,0.0874853239256567
260,-504.0599024312425,798718.25342628,758927.1000379851,122985.47445044314,71991.94747154419,48000.00000025816,16839.354572959972,11749.381079393845,2648.1554058085653,2938.7767731210556,368.6010867660322,1083.617025969104,1643.492590564436,52357.72504110945,3747.268506824928,461.4983175478373,1.067303639495542e-05,0.0004080469525264535,0.08139559330836287
261,-645.1189967983909,734745.3783555019,621654.170238285,118905.09614966364,64051.932371984774,48000.000000264896,17857.89557105308,8495.63223049578,2853.5446159402586,3146.7281252331345,153.07658888949828,570.717839508564,968.9586972065308,39290.936467857915,4642.919353468542,505.02632642218833,8.004379877653051e-06,0.00032154365368156854,0.07096336897141879
262,-730.7072821182268,803915.1259047703,744207.7200032384,125148.14991848945,69270.41695375304,48000.000000000065,16667.55850248203,18908.163600294454,2539.607770174701,2971.51243638672,440.84328860085856,856.0444129482921,1446.3543808960683,51287.22631103089,3453.9921638206642,460.0692876001315,1.0276661201218797e-05,0.0003948579356624086,0.08628185096171385
263,-703.7139230592843,772221.9309531098,645106.5884096912,119478.13771898499,63257.66695006734,48000.00000000825,17062.817629593552,14736.310509412951,2774.036862590282,3030.843945665688,204.37561580358053,576.2078983952196,1079.9789656082123,50374.37220923466,3534.647111564822,454.7373565129196,9.143868098458483e-06,0.00039153701796441773,0.07527785080297299
264,-641.2176730731735,780163.8986972589,715095.093533998,120780.45749051994,70214.53775529673,48000.00000000518,17109.812261523603,20653.940599169448,2443.28215746983,2893.624118095953,204.1751320252802,933.4936095073257,1392.2798792968567,48125.52695586624,3393.2826381471023,468.52885389506577,1.0919871174995034e-05,0.00040928225856775343,0.09605221279613967
265,-725.7616016129464,775628.3862035713,734018.7951455526,121665.01627402699,72468.53732577356,48000.0000000629,17299.11087647539,9176.983839754677,2629.5998058648797,2942.784617761367,303.17072085702046,1175.952870048332,1970.3918610542378,48946.802561289485,3537.5346083698496,459.89100110268123,1.053358323455852e-05,0.0003944940499052818,0.06516692012789964
266,-522.4941456185388,760917.1423414152,683650.8442653178,120037.37913248425,64851.947122542784,48000.00000029874,17080.11835820024,13355.27711449205,2706.8446820400054,2949.207040887649,184.79757777645338,590.1142875920092,1222.269140366585,45373.8029416304,4285.793351825025,488.2562159617274,1.0134475601859573e-05,0.00034524483292132027,0.06779443946574644
267,-800.1287292518298,760799.8752941546,713275.5601247363,121609.25273104329,69545.84035533604,48000.00000029789,17368.36728351107,11412.909956683563,2720.3786514578373,3006.4545902403243,272.588260973974,1153.479008428068,1379.5045688755038,45039.41869621322,4012.354488480467,491.9085862293215,1.051752184856287e-05,0.00037089215196591164,0.062189765685849184
268,-640.7787649799475,792575.9680509401,742470.1363796283,120670.06208235111,73281.27657738568,48000.000000076805,17146.478082910053,11210.683859974826,2529.0561331614635,2848.606878461412,243.23594522088726,1248.2956467233173,1763.5530374423631,51239.55864891668,3782.1463071234257,452.98155084359695,1.0573945541343243e-05,0.0004264237094525496,0.10556010948458078
269,-564.0773466405108,752242.7509179597,735390.3526511318,118118.9798128833,59427.28220524687,48000.000000007225,17204.067885395136,2041.5851327211044,2863.7442818124223,3097.5057707511405,145.6703147986561,268.43632708323224,774.8126397897039,59477.188044250404,3130.866853541016,391.67425727258524,9.251602676571665e-06,0.0004887989140304067,0.10108162349488178
270,-891.4048091706366,778282.8584456714,723621.0571944006,118415.06859541887,63953.7235780697,48000.000000088396,17528.306363618805,9344.484902264592,2734.317415597722,3075.90572415947,102.21373458696594,594.308098237865,1105.36944150134,64923.48308425042,2736.652799236803,397.9708170165658,1.0420213548528058e-05,0.000478117530316542,0.10321402330399176
271,-734.651247629598,815760.9164044617,614163.1388362661,124382.45620964882,77731.15062496613,48000.000000000065,16476.41478992517,22535.55036116421,2525.722491111673,2783.742964598985,393.21929240595415,1456.3784466518443,1927.460602678451,57269.795129902785,3108.7411994510594,405.79846362106304,9.807085369537804e-06,0.0004567728897627033,0.0964597191443597
272,-772.0264717223577,791783.5629968302,745023.5574621344,122418.26067891995,71711.62657598444,48000.00000013555,17064.635119491035,15300.595659083328,2697.6606360743285,2878.20514481778,290.92281006975577,1149.9657794592706,1677.4083462006824,44507.40880890483,4410.5630403486275,524.4634413409141,1.1293942535105907e-05,0.0003470007701003204,0.07806002279458264
273,-666.6102860318176,740624.0903036443,601978.3406546499,125152.7141237562,73389.86074170118,48000.00000019907,17575.50862723246,14860.0144883225,2588.829517688747,2761.082211140637,393.6692148580556,1155.9536696079376,1343.2238998671905,56207.080770165754,3502.9793053544486,405.6506385484186,9.570961840209577e-06,0.00044386448034353516,0.0757422882953108
274,-650.5069743434456,806669.2530453571,628939.8186365586,122106.78920415309,70465.92398637466,48000.00000029124,16916.89283266186,17243.28640059941,2735.7115941182246,2938.491325655474,249.9984030903819,790.6771932703726,1538.8636612971943,50963.74378813561,3388.5068177592334,476.5405593082016,9.065166909272694e-06,0.00042750553376857964,0.10314131382812972
275,-558.7683805135762,773317.4899401161,636251.8315452231,125039.43854820839,72823.58797685162,48000.000000030675,17529.536022747583,20955.763327520275,2482.42821349716,2697.277421088338,476.09397340512123,1167.168751810509,2402.466006929962,45516.873725537094,3887.2337746532503,487.36815409401095,1.1381964416389242e-05,0.00037105037872691945,0.0912221048558384
276,-606.9120309537444,749945.8566502171,590985.5267080066,126257.81824464074,77679.50126062578,48000.000000000146,17655.30841928979,12909.646285991455,2777.1401385430604,2876.8832188059655,470.73325900379723,1352.333168365834,1726.661089868513,46261.355945770345,3627.3579866869227,475.05344683306777,8.700306026386344e-06,0.00040576656374401756,0.08479566756710942
277,-760.1551568174277,778732.1473887776,652534.8792276533,121114.56337418238,62089.78180663092,48000.00000039237,17139.69115124233,11497.115378033273,2763.4632871815666,3137.0297826056767,271.7700328331831,465.18075493520905,1112.2112758204337,54357.423190210226,3205.856178291778,442.1000619144899,8.293601524298536e-06,0.0004540125523073126,0.08218596613890011
278,-608.7155695454413,762701.5146003789,643442.155315602,119370.27700279572,67438.78621214838,48000.00000028058,17502.450188204137,10494.240397181748,2788.479622820634,3118.0789605868163,205.8521309134813,682.5843200405029,1247.4127417830393,49877.522857753254,3576.313097002351,438.2301747564377,8.28895614181076e-06,0.00041900758930619314,0.09188335561178504
279,-609.4000092234896,808146.4558163547,751430.4679272524,119314.27760537555,60976.93967501996,48000.00000032262,17131.49371637463,8269.479743183203,2794.080774506595,3131.2845339497235,157.76394704192754,359.3662864315377,950.2927505998653,55732.333916394375,3173.6297798712485,436.4780773422777,9.494945972795364e-06,0.00040018805056466216,0.08930672312062049
280,-594.402603960011,777142.8272624325,685735.9713511696,121249.42113026051,66895.31508501922,48000.00000001089,17263.47637005884,15121.87219598741,2703.7128505935693,2886.2921934377023,242.6539393540535,861.5082428021889,1357.3484549555708,53089.63927498311,3250.563197578658,419.554672710916,1.1086903324467672e-05,0.00044788365845532585,0.10420828058506272
281,-674.2107595459606,780833.5977686158,641045.6057716076,118694.49798697024,67439.26179436673,48000.00000005634,17416.089059243095,15153.9191765255,2729.821493158071,3121.018564730776,140.02205475709533,639.0809543322047,1373.8546539297524,59565.37423521907,3198.013989585325,431.765165204156,8.93118636912016e-06,0.00044388306060533066,0.07717096651751457
282,-537.4901557019998,796778.6284764769,713782.9304640928,126762.3073262786,76262.1652392687,48000.000000033404,16849.74961384124,13962.597048918473,2569.771890605842,2891.445305605946,366.2812665213655,1134.8399290585157,2069.8911302057472,54764.21625155397,3371.662038562545,413.5865636689642,1.0468483834244793e-05,0.0004651174353806394,0.08849765294849367
283,-524.7786281042062,811971.5189866151,684762.9406882374,118267.11145471786,70735.00596524379,48000.000000281354,16668.224350843397,17607.591667545617,2663.2006136672876,2875.607893961336,128.48103103156313,911.1053668604249,1476.7875142332364,49567.21911527525,3974.410353205028,492.3629089464909,9.7085787606596e-06,0.0004159404020480086,0.09633955117925255
284,-590.1632044116188,777359.3570831928,701977.1478165142,118799.975264612,63489.831283719155,48000.000000000065,16994.391475590503,13633.679976853424,2558.358384500385,2938.428715573784,163.82024532689172,574.688325406396,1232.3835999280957,49170.25978129936,3461.5908996938915,472.0300669445884,1.0525302928801941e-05,0.00041596503477392584,0.08041549269291139
285,-666.9527436076503,800862.956561158,786255.4426982091,118372.69786435472,60602.11802844532,48000.000000005435,16705.74031195146,4319.062885362423,2631.5610266421077,3066.6671903173683,116.1457289829715,324.4108735735176,978.0641756971463,63719.30737053816,2936.667246944156,399.4039769979389,1.0926930130237547e-05,0.0004791446074230185,0.09999911990067722
286,-623.3131086041562,784842.2132283776,688631.8799078226,119065.37840409123,70165.99771673299,48000.0000001636,17468.521626456655,18805.06351844463,2659.441889703695,2874.5911949784095,153.49820336882243,868.3274784555106,1704.6803235980874,49428.33806792887,4011.5605952346664,494.40156834833317,1.1123056290793307e-05,0.00038684450868666534,0.06403749862774084
287,-699.237321132743,786432.0509110076,646946.6489073655,120106.886146681,76864.41082895474,48000.00000029176,17075.772228896312,27415.673048350327,2487.181752391485,2738.7601198538314,202.80345632086792,1327.6211716486132,1642.9478691886072,60658.22485885554,3174.5863196063083,407.4896916071492,1.1810006038617754e-05,0.0004742915659376058,0.08369088376905154
288,-616.3359761653326,777096.4308976481,684712.4252999874,120426.06883559958,67468.43936217137,48000.000000425454,17355.88065576074,8771.92285733409,2632.808646386935,3096.6729452631994,214.84764849232997,869.0987255816865,1447.6723136288474,49689.85457904552,3487.4764426470574,453.29547362235513,8.50955637966887e-06,0.0004151166556258186,0.10317466143123506
289,-678.3510270593363,788342.4030068461,677684.641493304,122665.07818011398,66821.97226316023,48000.000000000065,16920.637958952888,12580.923725055784,2662.371553698982,2994.5857082214943,378.91429223790385,726.6332863798202,1416.2507124058316,49599.890174110355,3646.57896367615,461.0277051058406,9.35975204923427e-06,0.00040787739249076814,0.08759711853852167
290,-646.8212686635154,787673.6899396554,705112.2421338505,120469.94205831565,59813.434502137425,48000.00000003442,17094.320052688945,9530.011199504715,2651.8144406396277,3145.3857629766794,213.6189507194478,265.92085790127993,948.6662035047174,60582.84402247341,3077.281996651199,404.91013232713505,9.117901876053821e-06,0.0004717049782719669,0.0976432426259117
291,-732.4428639819489,781263.4244097145,645680.6135717572,122300.02643061374,66043.88862391829,48000.000000048065,17343.12133379641,13757.393345858974,2814.0968283111774,3013.765574870419,259.69995926731855,720.3617782580754,1226.7560190729191,60553.80836378119,2888.5180091532206,396.784330988599,9.191389628656081e-06,0.00048432465456630974,0.09921292256342133
292,-568.7193025741224,772207.5106000692,758442.6288015549,120440.25855890784,61089.990935133195,48000.00000006069,17393.09808667406,4623.864918166281,2601.497949363658,2978.8497574500407,236.87378488508298,329.9053315110857,1065.8867339983153,58317.279903083756,3277.1171566640214,409.3813397736801,1.056089677607711e-05,0.00044218718314267786,0.09138689458406868
293,-620.8644679043123,754281.8412973973,739495.6296324102,120321.03011352192,64511.39999031143,48000.00000001993,17486.985231308423,3473.613621486693,2706.4920608993157,3054.771769921378,211.4538049305878,481.13287743631645,1457.4456409325592,46526.84011071187,3800.022643556219,467.1653740733473,9.936976973381175e-06,0.0003792510905806854,0.07806854593954339
294,-704.1857522870865,736147.4196670331,624769.3586021137,118905.70688594539,62644.672012607596,48000.00000031955,17892.533464112912,8942.29273666524,2811.2091191291315,3112.3315473757048,140.02197864916553,467.214356248203,1155.030376820619,53621.01536048037,3151.388235435303,419.8678546094256,8.707596338275948e-06,0.0004700583544723361,0.10167728031979124
295,-709.0911163147339,790341.840001402,752319.1980240085,119061.47528109253,61389.26774823409,48000.00000005233,17124.18948704314,7670.33104593461,2777.5194871348353,3140.5377046103204,153.2843562497783,369.31527698355154,1010.835405957935,50445.502590911354,3422.6355100548767,457.56197005849106,9.748859418048864e-06,0.00040831453250207554,0.08837001121431927
296,-659.254113203387,757205.1579007857,668182.0311251373,127328.04382279143,81039.29537389567,48000.00000017332,17744.482469455994,19283.295003183222,2497.594026104287,2665.674173693869,484.68000336589455,1666.1161469741246,2196.6431202915696,56230.26905491464,3369.5317497638443,409.1631693947379,1.1595900453824482e-05,0.00044283618794658413,0.09723103164745914
297,-713.7276884444179,795730.7150070406,722888.6928200054,117018.66497447193,62054.62101461626,48000.00000006597,16784.317030242833,16142.657062737098,2650.1421261783653,3045.9110866122896,76.13865073288981,415.7045143235694,1246.5689694650234,40629.18624013288,4940.52852825589,550.9051639970077,1.030221902271552e-05,0.00033424466388126803,0.07594554817428692
298,-583.2180594214019,804011.3148055255,755816.3212052969,122807.4570800935,68029.89061338302,48000.000000005435,16706.849270073966,32935.94631277562,2579.051612808496,2944.171238497382,287.4893413581709,860.4290248919098,1699.0312802079125,47320.9621857754,3700.9397712097502,480.8733395309844,1.1405869133017226e-05,0.0003891452709975829,0.09294830394736653
299,-697.6078182572121,744334.2621778351,643747.1546001422,119000.40875524061,61460.805821668524,48000.00000016658,17575.633216310678,9542.88809740121,2627.4929071649976,3148.834818193097,122.5155209746835,325.46518171693504,800.3419005364476,68719.23894011542,2834.9569145582864,393.63942177745076,8.306810265877939e-06,0.00047766407160484547,0.0772428785368607
300,-601.3866496286596,796889.1909007652,641421.1958665354,119825.50907839576,65119.12166302028,48000.000000000065,17118.816044974366,12904.958031130349,2837.3262003918217,3147.8383206816125,202.03860535955843,675.0716264919415,1037.8237666967173,50104.32429691091,3537.1833437410646,472.8293722693783,8.04368835021439e-06,0.00040087205383255184,0.09605510658469357
301,-739.4700937745304,756321.0592281201,613798.59786627,118663.47471334369,59512.89907648691,48000.000000355445,17415.325636844074,9814.450768092174,2902.1683833816596,3314.1311447736725,149.52847394547925,216.21969093873017,845.520593441045,56552.84153702285,2979.1965754750213,410.48585911873096,6.377786762937035e-06,0.00046167311211717477,0.07464928670753242
302,-612.0087412180391,787756.5701767262,686968.4091783222,120427.99442591022,64027.22180712644,48000.000000000146,17222.893251704016,11774.270856803312,2578.704586795158,3051.454036180519,189.55031741789838,634.4909998506764,1348.2992730936926,52173.01639428198,3363.998821316057,464.6280202497947,9.463705364252446e-06,0.0004259044452549655,0.08975391578611112
303,-562.0565749887643,784106.2418812726,624901.4928757681,118973.46339249895,61012.250331241834,48000.00000001319,16982.160494152322,14115.362597587738,2714.524401770338,3001.656662135178,130.83538822493577,360.02802496930565,1059.419099949359,44524.87139299963,4433.237442967312,493.9905756349458,9.125009187750341e-06,0.00039443860651500076,0.0891543669688971
304,-613.7138146935094,800720.1859367845,701339.5929113306,119698.84235729073,66754.22001442927,48000.00000000049,16561.181730085187,29600.879675571025,2540.087523705249,2902.469881324202,195.36555310518375,694.2509876830298,1329.7872491617172,46900.70523742989,3740.8701932608624,484.1395835606508,1.0850455018200377e-05,0.0003688140091534362,0.07384831908071174
305,-753.9354600109964,792107.4095149676,675543.1569538172,122810.14586075631,72243.75609470626,48000.00000008584,17213.47476441767,17572.243279953313,2794.2045275516293,2825.5108424293844,312.954702373852,1363.4416924201296,1497.9304411786943,56577.69900351768,2879.7264166380514,402.84779523514845,1.0869894519870928e-05,0.0004576169245427635,0.10114848328332808
306,-640.8762150782725,755247.5730118776,660145.9515171589,120342.23757958875,64180.985659083446,48000.00000024733,17499.80635721675,8317.176101508467,2856.014701316955,3119.593486216443,213.94902130279922,584.6170094826375,1122.514931813628,44638.25398051219,3731.1649472594863,493.27554404908017,8.471753224132992e-06,0.0003738839047740943,0.0916275035331174
307,-641.4288029709749,813550.9740019953,813339.4849849006,122479.16129246869,69772.25467072583,48000.000000000146,16715.5166166422,207.43925886647378,2668.6696163382912,2975.930457079471,311.6689909383237,1140.598068514763,1327.6965531493524,51474.08655184323,3758.857660753846,476.9571361269198,1.0568634633829756e-05,0.0004096684841687366,0.07571547249522344
308,-558.789813756895,783605.5473491976,621816.0137795041,121009.70733835794,65910.3861096551,48000.00000007475,17021.24926882844,25239.86575054499,2362.0236944787725,2792.718508715374,223.25321284133807,836.2045448397125,1415.7929060069437,46007.98921203451,3814.5837267900374,491.17516631743905,1.0888762807334257e-05,0.00039106095394803644,0.08218159560656331
309,-689.4349186113337,753086.0685934895,689968.8738244611,118016.52488717859,69199.59015699253,48000.0000001723,17537.49314963759,12341.291174359292,2470.3607061867433,2901.297553183807,118.08356456122847,785.0743816552382,1377.4158155501157,49794.03190741875,3472.0492314343433,450.71670766966616,1.0666321177775642e-05,0.00042452535073087433,0.0946837234075403
310,-693.9486297664339,787094.110221124,724131.7759081667,119803.45080437067,59296.3986494142,48000.00000016727,16912.832881094233,9041.864344354755,2837.728452603106,3146.477623747959,184.60769672975576,222.5617315759272,882.79698750157,48892.258285665404,3503.371458126524,451.436219272634,9.245495060373254e-06,0.00040446153736274605,0.09114567735891968
311,-684.2327328027952,796281.7279678762,788530.5537733553,120828.26335712774,57635.6076239194,48000.00000000092,17214.520025952414,1075.21221433641,2944.108632367788,3273.8600281923914,236.8994230685511,128.12054927697108,771.6490596031267,59133.77114247836,3250.485575891273,402.77897651138807,9.187731550773513e-06,0.0004794075658778409,0.10176995160154703
312,-507.6447615090414,793786.9188145833,728771.9417967232,117153.70196556218,65327.19234445458,48000.000000000065,16850.254920815016,37366.03578268016,2428.49176634857,2857.10601956704,77.74879874366111,625.5327406255781,1251.303195195617,52247.21416613969,3366.6383513681344,442.006497049257,1.180749096169322e-05,0.0004162435666134881,0.09895913790955013
313,-701.9668048250305,746872.1923903497,725096.6474754021,119188.39931223007,60723.894913989985,48000.00000015942,17520.494147634738,2471.7354481641228,2855.1996038654406,3194.9950997944934,159.21135057246153,296.6256285985747,921.334748197006,44751.89930380536,3465.993139883648,494.0975218649262,8.382081870526758e-06,0.0004005547935869401,0.09029863716684747
314,-582.9284594897679,812617.2586592734,596652.0340770979,119473.67989004866,63770.2519063502,48000.000000367814,16619.576419862246,17365.556799515438,2757.2067911986587,3051.7112963609216,136.25086846994685,496.02661600130307,986.1832244226547,50517.483430695254,3452.8269191810978,454.6614139695261,8.58753797420751e-06,0.0004117537329861312,0.09299146037490051
315,-700.8526472298059,778110.8762431908,699993.8248613037,119560.47033861838,61191.38949466708,48000.000000000065,17353.088150834814,13224.659295337313,2790.1684302001204,3038.58187504704,175.61685354632107,397.15170273383995,1077.685953337369,54263.36126429436,3380.451825928007,439.60377510862395,1.0192372883307539e-05,0.00043326908001858585,0.08765550449772638
316,-607.8559364761197,771070.2295793007,678133.8627043157,119600.18903881924,59739.42606655937,48000.000000194894,17592.31672712512,11027.828453174274,2701.3358108077823,3107.921001477361,160.1339093494261,226.0387101741679,1107.314589522371,43233.41495721668,4504.326844465181,504.43686681297095,9.405609287387564e-06,0.0003691534455618437,0.08964293845282363
317,-554.6457270536594,778674.4151753649,674328.6870271257,119795.18531982259,66923.49241241536,48000.00000013521,17024.871931133555,16457.376913339936,2486.2823416109977,2893.396469829131,199.582262069212,634.2539263929822,1370.0263442363978,51443.88203568714,3480.658628303525,455.9802456383993,9.921094178827948e-06,0.00046825172003060836,0.09107648530103654
318,-580.636784943883,791152.3423703124,726377.6124749782,122814.19882036402,66410.5286451739,48000.00000030983,17037.667987868845,9761.060803606364,2801.5478533394144,3053.8979764557203,303.8776309762998,639.1223850335646,1261.2135234206755,48001.813155387514,3949.910764913245,472.71585253823145,9.75203046098296e-06,0.00038670059273732945,0.07153168794010936
319,-718.4607446969086,756799.3123912769,708227.8061369626,119726.42735883564,65702.45605528621,50872.10558325,17267.51972411953,5949.178619888828,2827.1627928178464,3101.368055561213,250.06006219368953,634.1803349579736,1317.30222232014,41397.75545721258,5683.19678479052,549.420073715841,8.698296395586707e-06,0.00028726971842945914,0.05244645431878398
320,-613.3193041956706,782579.9295945617,676559.0426911748,122870.04332011084,68469.80611309464,48000.00000001933,17049.905865952824,14969.223730328953,2658.6960161791458,2976.335629944363,307.2076342775444,878.4107728281949,1367.58650574336,41667.198111694386,5199.725007713186,540.4833557075023,9.645647949850241e-06,0.00032945625590161196,0.06107033657796289
321,-643.3447245740688,780809.8822800494,771075.921950201,118769.59873774531,62760.8852125193,48000.000000000065,17335.465651073457,6845.601699834154,2496.540842644477,2967.74291385074,122.46463253893438,360.5394094915902,1053.944409520816,49766.3254197926,3390.0682391423084,463.39041959998303,1.0986003719197669e-05,0.0003984595305066233,0.09693190364128974
322,-653.7150853180043,780967.4424762927,681885.5824170836,120174.32052234345,69924.66509686114,48000.00000009846,17211.588323360425,12308.6454634188,2754.84074074271,2972.62784083172,183.5788393772467,898.0947008242306,1378.8421676464936,49967.09084428024,3440.7187829323475,419.70587743648287,9.533318225010865e-06,0.0004144583775144361,0.09650738220804309
323,-583.4602186704305,797586.593528621,626754.647010322,122357.30552828338,65282.31416939898,48000.000000000065,16861.2380433944,12584.614369547693,2943.855543874964,3050.684366615857,266.3245514417105,844.0334800052261,1024.971980144921,52958.88164908816,3458.3810141641775,451.0133920487039,8.238988228963982e-06,0.00039428324082818063,0.08822739554146919
324,-668.1394072204367,766718.498495972,704835.918976166,121003.98933241432,64510.088487502326,48000.000000400294,17370.496089051914,6926.506718572509,2716.9746843385005,3172.3075458295816,289.9036562509981,520.7160140168096,1296.246808483377,49955.620759078054,3253.592504653969,470.61094302228855,8.558275215110245e-06,0.0003993308113651975,0.08389457855855122
325,-500.34614064402285,772340.874517933,772013.6147389478,120631.51486366695,69771.95545122569,48000.00000017119,17095.8576731426,100.00000012932824,2621.028242440284,2894.307267795739,209.841014560624,1103.5072208184015,1323.0453800028993,58351.82424494511,3294.358594116259,420.0303423496023,1.0672497123217017e-05,0.0004360257086170244,0.08313430500391514
326,-654.9346908760335,762900.2574937438,644479.3027655337,120287.60252413181,60463.90682392866,48000.00000018415,17523.554789650436,10340.598367508035,2929.1957578963666,3221.661937252761,217.79204453281213,313.5844094325416,916.0784232224171,46647.37897661787,3720.1429196565905,483.0973261461076,8.21021281531086e-06,0.0003822564644546367,0.0783674712646616
327,-522.8832805085491,811138.2398443428,659315.829398986,123673.60993806008,66907.36258618529,48000.0000000415,16694.96852135034,15651.05127269276,2844.7666343741234,2970.1738284166886,331.23627593373544,695.05800957543,1215.357043365035,49295.14633184591,3989.8894666711926,475.2984860908172,9.691757842605332e-06,0.00041293652886014045,0.09140694071858628
328,-557.5307559605817,829134.8317732436,702695.6243953629,121408.79420086605,65628.41126024448,48000.00000020615,16439.715587370207,16397.561815686433,2646.0209530080715,3048.0468354108084,232.94723659937338,728.9703361074703,1301.6196589301373,52320.09825846353,3419.4659365163384,460.409867729233,9.591699446694577e-06,0.0004118649994802617,0.09549949411290216
329,-507.5535029343989,809541.5129419472,643579.0982821473,119395.85431757521,64006.356215597145,48000.000000460925,16813.880071220523,16754.28332808084,2612.9393207541975,3019.171449828285,156.06089264748906,518.284778230031,1020.3705080884239,43690.517644160645,4487.52438640722,506.3959072761117,9.318228407183185e-06,0.00035326321591359016,0.0876056466279026
330,-725.3555728624808,802803.0278593388,705390.0200574127,119468.38612982497,60253.57100025856,48000.000000065374,16626.53123366809,12739.449550185716,2820.4893568958955,3080.270241817433,160.54155278830356,292.72585962046173,857.4757952276486,50946.74207233516,3302.1542404413035,436.60204066618627,9.701690908281905e-06,0.00040867858526388347,0.09474767800210165
331,-600.6259967956681,779448.4521401414,662960.2529011731,119241.82565241802,65861.51816238704,48000.00000004559,17578.30281759496,9778.503543535055,2709.811602331679,3129.531978921177,149.25160590695197,792.9695659358081,1454.2687563431941,54905.430831843194,3375.3051755929155,438.74791504487047,8.276367854973413e-06,0.0004446031215383662,0.09152572893851846
332,-594.0545066702996,781106.2113472795,715721.6129214495,122093.96670238266,65765.08943721226,48000.000000000146,17207.827517207334,8639.232650859118,2701.307153236689,3060.811646379572,288.93077750091925,695.3689875967686,1253.6612050966442,52807.06325753983,3569.4156259747497,435.15843873624283,9.037163496813146e-06,0.00040904321973708247,0.0821786065462374
333,-429.4238223521088,829087.8704060693,789834.7802629708,122380.05336006574,68754.66156436803,48000.00000016036,16246.48630876939,12561.80803927827,2561.073634706593,3055.4715351247532,243.82997063130622,845.593932157108,1305.7509179863453,48708.026358066316,3533.986020263966,491.2829809500342,9.902004256190231e-06,0.0004147661396685153,0.0900708150102767
334,-741.6624944200514,803537.7208013824,780864.2353982197,117890.3226279084,63888.9347074787,56170.396133660295,17023.123974254795,7201.632558508747,2670.237465011426,3065.143711903458,94.59789598155702,486.57657208317073,1287.4110197812086,44429.51768193166,5167.177912276334,636.6787064325274,1.0039015466124727e-05,0.0003005362452164887,0.07046117929141987
335,-679.6916886378633,782600.3014012019,781390.5512973429,119093.92553148215,61558.36146201562,48000.000000000065,17176.243423256812,331.55873185432426,2735.953510410957,3106.7931837742076,144.3717305956714,395.45783217024893,1062.2190584149455,52593.94086513264,3266.521333533627,431.5184170371293,9.76230743061027e-06,0.0004633369280721611,0.09144811993547923
336,-632.361349595526,794829.0209767564,631445.4107530114,123469.44398409504,70116.77257725834,48000.00000037864,16833.604580515024,16795.598383195906,2665.3111603267203,2984.3749181027833,375.0189335570801,719.2359015041776,1482.2256684863466,51368.116106595095,3681.8703627396326,452.4892900017437,8.96242166142833e-06,0.0004286679397939054,0.09117978190547497
337,-526.6733906176482,769242.7762439181,757419.7548646936,119507.01096504065,60342.52586416575,48000.000000000065,17310.077400251415,99999.99999978703,2390.337486177657,2944.0838110551604,140.4617255889677,278.5914622707751,883.2935947351501,45965.50339233724,3766.550354165251,464.3852362412973,1.185496893497942e-05,0.0004088313346177311,0.09102494278620374
338,-754.3562850821445,761824.7002771813,760898.843813213,119474.6207399569,62965.88961966414,48000.00000033916,17560.48181233624,230.23655907460906,2807.2284638582664,3023.947566475947,172.84206754348745,610.6686882369625,1039.5192576146833,53480.026216939215,2915.0226125731574,423.8240594436139,1.0442490827255836e-05,0.00044879218196129867,0.11983945344725652
339,-641.2377744754422,803008.3082857655,802934.8938953414,118442.19106131181,59616.67974675209,48000.00000000654,16991.64599382115,158.37675570499167,2459.972912766982,2927.09433167302,120.56477419482279,269.98739156284955,896.1101361999245,56276.554676078595,3508.52824904665,419.2385344678822,1.1381310945688353e-05,0.00047784794333274286,0.10217257678273566
340,-525.4367058148987,796945.6255281692,670832.3466469626,118209.83892976375,59850.29306233197,48000.00000024324,16901.18395532265,14797.726367190666,2672.7394911311376,3117.325019375825,124.82145669305123,248.16241100287488,903.355695573861,48273.677189765214,4332.710802703019,488.752769950852,8.968567070779029e-06,0.00038323756894357474,0.08173101292884521
341,-741.6705939844617,769451.0558358858,690545.596611627,123902.95877168389,66796.17962177418,48000.00000042835,17866.483943032523,8511.75101183558,2756.300989038086,3077.0580271500608,432.0421633295197,682.7130069952796,1386.3305301185821,55044.42930106825,3022.177158122395,437.4879187426399,8.870476205011033e-06,0.00044569294069448295,0.0945572089689991
342,-756.7289248100692,766497.6787760785,760558.7692021914,118042.45970354063,62340.5827720657,48000.00000036849,17272.516196580586,939.9695593394335,2853.108716279383,3100.782944538883,131.47117499512098,398.7355263893436,1091.7057004742996,57808.003915990455,3254.5348657675013,419.533218339708,1.0035358957916633e-05,0.0004502152391516193,0.08284808237540814
343,-603.0786580705865,761392.1174276453,724431.573268741,120608.3624574458,68182.71970289269,48000.000000000065,17377.953784733993,5494.970632049744,2752.6658019174006,3036.6009389016544,252.18865943100548,838.6729776789807,1498.9925558940492,45608.66217805141,4048.344684160762,484.3021164208584,9.917871389002518e-06,0.00037082326027746895,0.08147419143285627
344,-551.0567395242801,795053.3274793407,757599.4737773763,118886.55313646495,63554.29561764239,48000.00000001644,16899.298895949567,5556.191889680662,2660.2324460744862,3071.508742529546,170.94734742977184,543.9622150206839,950.5619225683173,54542.00424954226,3777.514759493302,452.61519034642583,8.487028258687078e-06,0.0003913286208571438,0.06570781154444211
345,-605.4996547031308,785757.3407974562,648821.9408676539,120084.15052609998,62569.514092670666,48000.00000055915,16739.377438140556,13866.540600097916,2615.490514854373,3027.860394463209,165.12284794705064,413.349279836173,1164.210438775669,51082.14241799099,3542.4257227440057,489.45417897708825,8.945090843277018e-06,0.00040090409349716606,0.08283005412354584
346,-549.915188195202,761344.6936655974,624217.9335609685,120667.37244538842,62702.12357551435,48000.00000007314,17109.999279519925,10872.678090722367,3065.2640770286107,3121.15116096127,231.81783237241666,445.5674280446539,946.2766706557865,45534.17766356113,3770.1059148182126,489.56223795946255,7.164043800975554e-06,0.0003890253768563432,0.07836299864011603
347,-822.1610556891221,761693.980538566,620192.472043675,119145.01013682214,65066.73346308306,48000.00000024204,17342.62249230055,16929.825753245914,2696.242304232664,2914.920395643272,172.59210833416637,597.946284578276,1094.4432451137477,45710.754134336894,3936.062709831142,501.0797215819235,1.0153966657690651e-05,0.0003572205185106634,0.0717492341753678
348,-665.748002360401,788253.219280709,724228.5924388061,122250.49799069029,69147.33857282481,48000.00000000356,17217.18069325754,11352.421286240231,2606.5113079794073,2939.2215780456604,249.0768491402609,931.6456427639783,1524.929769366888,47555.54262390153,3696.2693654990712,477.4092452313575,1.0200060010089141e-05,0.00039970343872238774,0.08440855211040178
349,-549.4489095856891,745975.1930686785,637000.6240036063,120468.74343211904,64494.453108290516,48000.000000065374,17508.451469401465,13558.160887710364,2831.182941693398,2876.751096988779,202.3673806188081,515.44040446945,1166.8694743539056,53913.59672214434,3177.602619308357,413.75225165372075,1.0750266504285107e-05,0.0004607236583128397,0.09437669213005688
350,-604.421032317567,797155.09511374,794682.8342652192,119241.55374176905,65843.71000407496,48000.0000001422,16875.016480220933,1438.6002375731355,2547.0977660943095,3039.9242058686077,150.94003025978253,648.557019581031,1446.7286890445723,46907.4461483077,3859.287158589455,477.7115957680951,1.009466677170171e-05,0.0003563308359511195,0.07938761911645772
351,-651.0244199664064,800272.817624358,761232.2732805117,119452.93292288973,60519.33710880143,48000.00000000509,17059.843898182753,6512.928480842259,2642.896480676001,3062.0615378980083,155.79278646786892,319.0357167414881,1044.656833458376,56297.80641239607,3094.5639874831563,411.92485065512756,9.618887168912639e-06,0.00043671326255491426,0.10344614384360752
352,-648.4866245482839,772343.6927019443,719951.6425513384,119180.41197484276,63709.70389323752,48000.0000003997,17439.85019396663,10349.879121770276,2683.018364769962,2927.8138454027326,174.89486957311863,590.388299941091,1404.3409969596057,51052.77088343238,4009.765019272176,463.53424733026145,1.0713018802043173e-05,0.0004295533121261916,0.08354847786020533
353,-617.5825120122854,712701.9317097252,668985.086167761,118870.3232883897,66082.86911337571,48000.00000007339,18157.534811031255,5159.914518730776,2724.6670676583126,3087.3310220864614,147.28618102016563,669.5987150912508,1099.1546440876434,48838.6272796479,3509.647166212908,452.88592828729776,9.188776630583634e-06,0.0003677742969190382,0.06934089522191605
354,-690.2573193856635,799828.5821057664,601878.2006655078,122969.24961083043,74637.61106510389,48000.00000028101,16714.900036796287,26567.684048148963,2354.1984470162556,2656.8524521068675,338.6830740070394,1128.3315527902917,2058.6659953623353,61371.38558885108,2882.518532364179,410.7251103320465,1.1439619888815507e-05,0.00047427128414496305,0.11020062672915551
355,-706.9719323369795,757550.1945740597,641641.2962798293,122039.3011896755,60838.77080787147,48000.00000002513,17656.659745804234,9777.03199033185,2716.96355063329,3167.3800140392946,251.86582664380873,271.5033218183088,909.572918294879,56021.22422154133,3351.5854490594643,403.11711148671804,8.17808761513841e-06,0.00042227335318396745,0.08969279710703777
356,-644.3242890662677,807710.6235892139,661521.6022587331,119479.86495266057,65537.68867282652,48000.000000005435,16824.808682646242,20830.26868758898,2615.3447728642086,2913.660534395438,170.4092493446709,715.6366097475448,1545.2773452975096,51251.32606990006,3658.603301599293,474.84970247912935,1.012791033109456e-05,0.0004427082881754362,0.10740396464376409
357,-579.5237710741578,765014.4222765341,609243.4017605463,119556.45591794397,65149.109273377224,48000.00000008908,17388.214758681297,14978.262945309541,2556.916970166842,2995.26815011382,181.09006539203216,616.532729391403,1262.9696444185192,52730.95026389978,3577.6530206004454,423.61941173923924,8.964283983870707e-06,0.0004529079999405444,0.08605682027365345
358,-517.7832490215592,783519.0935111861,700705.3948853918,118652.73234558164,62023.15772654652,48000.00000013129,17210.07002906983,10314.624821696923,2839.889451834738,3102.1247676557136,119.0244110584216,409.89964672480187,914.471769114642,66964.32083060997,2839.163765480994,393.2319832724947,9.674287298046467e-06,0.0004942609309602679,0.11202062220848694
359,-620.058530998331,777549.9039437152,649388.7981118951,118764.09750424838,70455.10781065768,48000.000000004664,17540.542995773983,19133.152598224184,2724.876863512917,2877.4651359013833,174.60854024822808,1137.2476866678273,1526.5557574086702,45314.86481625716,4597.428949090671,498.4943991806123,1.063323943264781e-05,0.0003644149046888095,0.07580368552741293
360,-665.3793137232669,763387.820069911,601659.39424052,119169.12322443929,62017.830244790945,48000.00000030932,17251.238935659323,10567.024603710117,2950.5669954963896,3239.6290944946545,192.02292103970944,441.2068242039723,1006.5422099763023,52027.78758448901,3766.3866414863915,449.9625536946969,5.987691742649483e-06,0.0004380500588992247,0.08835750368341792
361,-661.4211347428949,818059.7266003601,646110.3216888736,121053.02487739951,60351.17140756609,48000.000000278196,16583.58368215594,13382.431584464224,2855.9325456729257,3088.9942109068256,220.1177541694679,289.90966711061367,1171.6783002431632,57744.31701305923,3070.2319640595542,423.31380632591123,8.521146761485414e-06,0.0004568758618312005,0.09848013956498552
362,-681.735476779283,760688.0565218851,673083.0569890864,118123.37818488493,59800.738428703015,48000.00000006145,17603.393058510086,9645.760202079928,2755.8165845284802,3170.3243647717263,114.66845607691573,276.5315207256835,759.9518292357874,56978.37973287128,3147.8460719706422,410.3769089713157,8.431845794330053e-06,0.0004798722427330049,0.09634028576537552
363,-470.63215792633315,740970.6356145234,631718.4774865932,118166.00420413219,62053.75094329299,48000.00000013794,17564.83830459894,10778.561537735504,2867.763095154341,2995.162111909506,122.67265150399258,411.86188802870623,1003.9054835869815,44430.08354041517,3908.1108604596807,484.35335573250273,9.024935028615278e-06,0.0003892598866128472,0.07421301635657603
364,-671.7070448516317,790177.9040732238,759726.9809668777,118372.88775873871,62536.76199816383,48000.00000010707,17250.529635354345,11572.72511726155,2628.4899133642434,3083.838022726828,128.59053245472865,419.43624215020367,1077.1917037954297,48859.847618465945,3534.6728344627236,489.9825671040238,1.04369023169471e-05,0.00040293629648108464,0.07825929717721773
365,-689.3563996869306,784887.0403237673,743997.2363213444,121506.88425688696,66103.40126510855,48000.00000000859,16984.85168111503,4242.4912658069625,2827.8411249058054,3181.6916127835593,265.0035182296297,651.5305097750817,1314.4614780798186,59550.64879563169,3174.5063710487225,408.9956253805113,8.28335376919882e-06,0.00047329924659195903,0.09117247736636597
366,-532.0862249613764,793359.4621460654,654093.1306614116,119550.50515072283,64978.34700174273,48000.00000039458,17145.675748295056,16617.399312067548,2699.16045424612,2967.272136514249,202.33520384233503,650.0827811390051,1264.8928851999092,53936.76087480392,3160.17382488095,423.1408825412451,9.91194723046376e-06,0.0004729672897877126,0.10379083063281098
367,-603.7096604044921,750587.7738655423,660831.6472174069,118198.6513835733,61146.01463460727,48000.0000001387,17384.20531872987,8745.556648650125,2708.4671347035924,3066.8624616471147,111.69032571183389,335.0673499209575,1076.8224959880413,41087.14848856105,4828.357525665897,526.4518170044696,9.18751574808909e-06,0.0003694141876746783,0.0778248286197037
368,-623.009985105811,778568.6991607862,765223.6379848855,117773.18274778525,64894.015886344925,48000.000000267624,17293.519475294062,3381.1300140701674,2572.2043005344644,2959.5895703142173,99.72870416929995,603.2453734521004,1118.0331269843205,46992.509461890935,3791.39888122876,468.72685436950434,1.0273926440209734e-05,0.0004207338287308257,0.10326832443633667
369,-687.7827682703662,800657.5473321135,687126.012490329,120736.16953067832,69931.2587847746,48000.00000041181,17081.317877837864,34365.104052597686,2624.920749902013,2836.207519624199,228.82808012671137,1079.308606856722,1623.8568306439906,51109.83419702954,3273.089074030391,430.91400526087676,1.2322555545204725e-05,0.0004490966033732607,0.10479255934211476
370,-554.9304402562477,767375.9243570146,623242.0799957138,119958.66167133585,63984.13164557158,48000.00000031699,17399.07545407613,14264.501488400167,2845.994977015891,3065.0954932038253,178.404117370677,454.12046276224896,1346.9913452506764,52619.413844156625,3381.254980584203,433.82877265033625,9.271386522946765e-06,0.00043936810311798413,0.08737786992221878
371,-743.8837085403493,796754.5884258759,698853.6069249659,116505.45881348297,59096.742604611005,48000.000000000065,17116.676717112972,10641.715409387174,2675.4697465714075,3128.8071049096534,51.13708542311942,199.0338001477609,838.0644556842656,69317.56787765404,2695.890766927549,397.21663044748374,9.156206780042596e-06,0.0005006968374978666,0.09809533693245519
372,-516.8386991164074,766486.1514766439,680095.8808646258,121572.54077811253,62499.39035030145,48000.00000037694,17077.462743899752,8706.862984211906,2828.4884600210603,3107.9566566395265,248.3294626443577,328.553463442963,981.0063102667056,45756.74705820097,4261.575744167503,491.72268011847626,8.513629661942364e-06,0.0003734699561425126,0.07297316754978367
373,-682.9328703951119,766436.8308597046,651330.6704984591,117586.00616059292,58916.75158678085,48000.000000587366,17410.47434105195,8701.432525072687,2862.8859232478353,3328.587317708363,86.92441733461447,228.68999745642,714.0106858747348,45489.6044576357,3829.035873201395,477.0157122215552,7.133958728279313e-06,0.0003978783707410111,0.08822429116411697
374,-687.4918505100933,797044.767794198,717454.7757646175,119521.27096460498,60564.260906114025,48000.00000047823,17291.42034225384,11877.971988042627,2684.7727002883503,3055.1362240833555,162.31041871690533,301.9538900290492,877.4095636691961,55381.016431330834,3671.385052799363,430.56008270182167,9.92583294618687e-06,0.0004184737700599415,0.09359151107218837
375,-621.8147820783256,740827.4814404135,642691.8195595215,123338.55642086144,75966.27314343405,48000.000000000065,17651.462402457113,16868.116956562713,2582.3831871390607,2840.298301188538,323.9299761260128,1838.427948016969,1654.1467701588438,52801.20550854108,3176.499320879729,432.6445771599678,1.089637189816031e-05,0.0004399042628497888,0.08309278439607276
376,-762.0474834585268,781095.9231867936,677539.8771562664,123407.87838154899,71325.96602375714,48000.000000000065,16903.678515537977,11083.01799967858,2761.8150062077093,2996.113695344023,358.2548766953195,929.9321299175482,1630.301672734946,57158.61604240386,3114.589803588021,413.03806909115616,9.083705990857198e-06,0.0004558454908567744,0.08757516340994079
377,-619.9366273785408,742869.8841606561,645146.2205636972,120787.55479368941,74871.11590749782,48000.000000286636,17768.33314000191,18421.19259443303,2646.554622149753,2766.0238535513076,188.5971838350738,1488.2937211061283,1719.2404700108646,41589.96536907518,4206.741098466472,500.4497724490331,1.1401259359351256e-05,0.00037040770650115495,0.07682777482992013
378,-613.5678637838575,741712.0531255786,574165.9328212107,118639.07854170674,57639.52992830736,48000.000000012085,17517.485140064833,16168.20545569446,2629.0475965924525,2964.0291382044334,138.5042541545193,115.53806639647424,599.5654733605454,46489.11520184387,3871.941469322967,479.20108243776394,9.257730109173336e-06,0.0003929457842176713,0.06312926063724747
379,-731.9232741718142,769575.1484518333,602955.4207731173,120007.14418419414,62106.20270401583,48000.00000010357,17711.9431881804,10961.67382207151,2905.493702017666,3177.076407640387,227.59251407457415,445.5735435177393,1282.8398475797146,54024.49834981723,3500.4192687168666,409.07575414355614,6.878773678975459e-06,0.00048568033661238667,0.10438649885686839
380,-788.464366128437,733893.3527670328,720503.1132031899,118787.2194339708,64071.372164707456,48000.00000000245,17732.638668332722,2371.3376705446763,2710.6332538279785,3106.0366671081442,128.93102369653514,442.6364761227903,990.5244875251965,54758.05125041379,3199.595183640352,425.03737376589487,9.058873955716566e-06,0.00046520328886734066,0.07639025225314244
381,-742.8457689311272,782208.0848994323,731319.6227860147,118957.84927050043,64668.94809669575,48000.00000000041,17264.984187417744,8381.862893888443,2706.6306216471494,3073.6815915695543,175.3125223662324,588.4343229937853,1241.0068571713994,55578.67821418888,3734.866632106657,411.9430825073332,9.967869839693215e-06,0.00047189489877773994,0.102793543017159
382,-760.514553963701,759184.2099078373,705880.832236099,118969.64121382486,60606.08132440524,48000.000000000146,17595.736121864276,8702.343943553398,2663.6347842803116,3018.121270410251,149.67100731228592,397.18052495751874,1252.8917345371701,49152.97718511223,3402.5195165706273,436.37336050509975,9.935470592400262e-06,0.0004837952392562666,0.10207192992099648
383,-601.9095623497086,785367.9197614857,681031.2338654518,121689.92019258197,67479.5266547456,48000.00000013035,17237.37907751079,12158.607218837718,2933.282408132748,3051.1450375195113,229.0615986882282,822.3545739917535,1200.0710170874904,48090.59057290654,3865.233859049758,472.0903588530475,9.697462075088564e-06,0.0004186387880352703,0.09243417233125936
384,-695.1356363535444,768089.6019328481,610759.6572569354,121567.29906324878,71059.19689316374,48000.00000039868,17503.338515722007,15380.870283193395,2516.4668761868743,2922.734700982421,245.72757469842637,840.5121167385317,1555.1852615347655,51976.296461719605,3495.7940248642553,444.2429254224247,9.616197016885908e-06,0.00043010307444682564,0.10165346295685307
385,-682.5239472917376,767220.5050724468,696326.4041268416,121044.27219308208,65961.289935083,48000.00000012003,17359.85302622811,9630.891035645025,2640.4512235056136,3042.524948428862,275.0105812111997,679.6174306380394,1193.9413983162876,52619.9769254077,3158.849692429108,448.4689880172304,9.512470511203214e-06,0.0003960981575953668,0.0888916155660472
386,-802.5439365704555,770096.8210528892,769705.6577799005,120748.70130824918,65460.330170819434,48000.00000001413,17350.756447747848,106.64136910264283,2637.5324213841836,3017.959637004189,223.1672685423119,579.8354863599451,1231.3653031251845,52772.16208319445,3487.702322923733,426.7482417655724,1.046079551813718e-05,0.00042749717053055305,0.08458412472241487
387,-857.7035474146995,735083.236350976,658084.3353132016,121687.5075462354,65357.90935073279,48000.00000000117,17899.146543364554,5134.975201723825,3137.447316891544,3373.765694197814,284.35469350830635,523.8329197783352,1069.5704734776457,45777.39463132358,3654.9936202387025,455.0000538179685,5.845866603414814e-06,0.0003896282081622547,0.08560479758418467
388,-612.573376151936,779950.047046675,696771.0888586218,119682.25263674471,59049.4409607138,48000.00000246704,17324.448581122342,17029.604757627243,2525.174229057811,3042.4115649307323,167.4552932995971,193.73716954181103,851.6873188197756,38173.022432980746,4746.799774470851,570.8307791185327,1.0388115316005654e-05,0.0003017713632282654,0.0760160984747466
389,-594.5559529251041,809886.33013746,737169.2078033759,119158.91691065172,60818.791263573934,48000.00000000083,16713.74000908523,11835.870913699046,2609.408821769824,3079.3509529447256,149.7524970908761,325.2201475119176,856.0137163652558,56052.904093562356,2932.8073749018154,403.93608645346717,9.898940497182587e-06,0.0004688130856259038,0.11129127185136446
390,-631.009118112089,777601.6283488821,638667.9018749138,124230.40843843124,71437.30706525344,48000.00000000177,17283.06152982582,23168.602942641064,2564.0117671581083,2710.4541272230276,301.55043772025897,1129.8730127756958,1715.1956411117349,46595.59402727925,4102.70436052577,450.30750217157623,1.1587875857612707e-05,0.00042672612128299346,0.08855118167849305
391,-616.5550815174361,781652.7184374662,750982.4678721192,118259.99377819711,63484.68010470992,48000.000000420165,17138.359953217383,4046.8012742477276,2735.421295497606,3138.9421727700255,127.27068298795767,479.9794885625163,1049.659521971277,62515.46953438646,3158.651945197892,417.8670529741049,8.740965172111571e-06,0.0004477663956060842,0.08289607590112259
392,-689.4565395037068,746332.7657024782,704265.9419580111,118119.22914976077,64935.51079836487,48000.00000023079,17634.651051534016,10807.044792623781,2670.1650675059745,3009.219939545772,111.50932236217186,539.935368477755,1140.8725453007437,51088.63074783639,3411.883088528712,455.9727970371553,1.0817626613108806e-05,0.0004260785001311657,0.07028282667517291
393,-501.20569500470066,777651.6956202069,739789.9567448952,119321.12838626969,64953.464212724364,48000.00000001268,17114.757063022582,5989.862734132418,2702.6626397643063,3099.374515248542,161.2096288926146,613.2134706979898,1192.8660836400468,52362.04740549292,3572.9531378024853,465.48799283889616,9.60148517757211e-06,0.00039508592912233554,0.08507527310395964
394,-706.6811022469044,776404.5328146744,663336.8219822834,118942.00234060541,60753.389083968104,48000.00000002155,17418.630992768885,17646.245545318383,2596.5945651269208,2989.6636355612013,139.6754059357756,343.16618793559786,1130.2803669867599,55179.996055771946,3088.5678242685376,433.91522580016897,1.0629035972180151e-05,0.0004656024146771486,0.09982359829195678
395,-642.5234055071891,759600.4014384632,745280.3193570655,120118.07360898345,67772.46765887679,48000.000000464584,17853.57258738938,9034.149449433226,2713.1341942157433,2948.343238819098,193.5777934921331,725.2382687946322,1309.99801315395,48720.882877475255,3727.003814396693,475.1908149467278,1.1227940987033777e-05,0.000423302058016732,0.09139327495432083
396,-522.5891655931271,824881.8901452116,716333.8628041357,119034.01223262801,59506.868459766236,48000.00000002837,16418.471095607107,17597.74053825805,2630.748023646279,2988.87653445738,157.12662414044829,258.1668426861321,802.8255208507173,54746.64158698302,3642.0384952985055,429.5433952565551,1.0448298735459988e-05,0.00043713898414681623,0.0956373373466219
397,-634.385932044516,792173.4086569928,782599.9169732634,123528.50603920704,64659.58073832266,48000.00012914374,16946.910598854938,4494.450816143505,2858.3437166628205,2952.1281248492933,373.4710764566042,527.0765191674864,1356.7160724800904,50073.23430140215,3698.575900095404,469.67433208695644,1.1123605661691378e-05,0.0004172887214913865,0.09141870034910612
398,-708.074477135515,787441.7385240826,773069.0587359809,118382.05602841737,63762.282972507615,48000.00000006069,16835.839525928026,10992.784440751842,2555.3536837447314,2946.2167941836924,116.69435652170074,481.8167187589217,1074.4247049451499,53552.29184289461,3264.3983076065206,432.3347694935528,1.1228417687677648e-05,0.0004703110278884723,0.1039942425931972
399,-534.9458314140957,769612.132228046,696677.321847073,118303.9825559639,61659.29830608874,48000.000000389045,17383.286206113553,13407.330423558646,2504.561861281423,2966.0683457161717,98.27547211923456,348.20796707485283,830.5981442703356,54723.214494131666,3375.951347255955,429.951858932798,1.0594016055977252e-05,0.00045299711979525234,0.08342246102248473
400,-645.6465241688715,772621.5075737394,768836.3370685711,117998.67659132533,61218.042522734795,48000.00000000569,17148.48871177124,1870.4979585577482,2494.2951741796273,3077.2115605005088,120.20858969672709,362.7126879874746,892.2046797301762,47044.35086212977,4119.535427894577,495.9789880351151,1.0775893644503677e-05,0.0003726208653492872,0.06376508930279215
401,-695.0614427258232,736264.0994883091,735960.6282059152,118550.1638101075,61639.52105061938,48000.00000000066,18219.461724435016,100.58556824316852,2640.4740106622207,2932.504953693902,152.3759207687085,401.02467259123495,922.3034687272634,47468.11756243594,3872.5360721992565,455.15480756635867,1.1263890060422008e-05,0.00041762375461138135,0.09188281623488324
402,-575.6378366066613,800656.258891703,703061.4517873947,118948.94325580898,62021.03270538505,48000.000000747415,17138.630090061597,16942.283140212272,2604.152466188528,3012.90193381331,150.80117426419858,431.68499920479087,1095.9760167864576,52315.56716674555,3498.936527081714,485.529479224469,1.015202621021266e-05,0.00042162350218379535,0.08506258366734584
403,-504.19098751584954,776414.7195023431,687516.8663592167,119352.89126033669,61659.65857826072,48000.00000058507,17220.40901675685,13945.229556502429,2698.0353291870288,3065.5722224017404,193.26227593247953,369.26166064325736,993.6593787297271,45996.65552197923,4235.409757206011,475.5137849453598,1.0074842988804479e-05,0.0003920425567620756,0.08849238944254104
404,-464.62353278025955,774098.8332239524,754421.157817714,118815.80086092089,66180.47639457758,48000.00000030344,17031.666451996924,4117.96792047926,2764.7105223384706,3058.559904517316,163.7346494684869,679.4833757364457,1199.1194800253077,44209.55370692641,4112.356205738144,513.1406783598413,9.521174634483727e-06,0.0003400663027281669,0.06882969751752505
405,-585.1821178305227,750112.9797581037,668575.2673879908,120333.47937541384,62889.768571761604,48000.0000002128,17656.911274111433,10827.215606877267,2730.6334606651967,3014.790967303077,223.2937734421578,439.85495021410935,983.9665456461986,55999.376918135466,2921.7313617643526,437.6930706181794,9.821074928735396e-06,0.00047393594287894634,0.09082613413247895
406,-392.9987985182899,824024.778219753,821751.678033513,118630.65839304263,59137.81371718375,48000.00000006069,16499.57785814163,689.3678559160635,2720.437998375606,3207.4573231518643,111.63367752438384,195.51210719329958,889.1204914158726,50725.18757863837,3499.6594364135303,442.9120992463365,9.680684650278225e-06,0.00044579846535783914,0.10094907272829672
407,-796.3330020066137,776336.497221209,643076.0514205664,120065.31007490848,60299.04040604455,48000.00000018142,17043.496748989615,16336.409080628688,2451.802001944509,3054.6353947666807,179.83056150842094,264.4984280219395,873.7889766068333,53245.684356063575,3522.7776587494855,423.5169676235785,9.994328154277934e-06,0.0004334986180382086,0.0794552855112054
408,-485.71053035090495,776215.4531488359,650680.8316752845,119635.11940389499,60908.435683896874,48000.000000275126,17136.041409703983,10852.20267402861,2814.7325727073703,3138.885202812797,160.14119703983178,324.3395121699112,924.0974528803888,47599.52007323475,4126.724278128541,478.7514030350056,8.33678178003225e-06,0.00035518061858552273,0.07007317136631608
409,-620.0702548867971,768988.9466807514,694183.7628003007,123296.76882276885,63448.497407163246,48000.000000414875,17461.399417065808,10572.612733261936,2686.3573558898106,2995.591069110884,301.2205764559775,434.4599514665835,1233.0844157959295,52693.74930975183,3578.072208469084,442.66854262798404,1.0132029412801083e-05,0.0004598375402618575,0.10183675510091406
410,-808.7855194763252,748386.0302213618,669145.4954191057,120874.40095477611,65964.98479599625,48000.0000000039,17816.98769676421,11493.031413244567,2502.608946901985,2905.287845491091,239.55884448415537,680.3016841688726,1315.1708838045424,56158.894066429835,3221.956902311855,444.83178448643235,1.0246749473133557e-05,0.0004412195606390244,0.08311510225060881
411,-613.3981685485401,816920.9886989905,680125.6371378375,120766.3137892092,62865.24987782483,48000.00000010758,16527.65990718319,19478.84994945646,2566.860077022736,2971.290581875017,230.7345520911867,391.6181294710758,1341.0783621164837,49142.83701331754,3483.3656235541757,483.469652811619,9.857162680210015e-06,0.00040613854934775517,0.09983783432350393
412,-620.0152230768151,776799.406282427,609916.1387145178,120992.37561932366,70166.21518534144,48000.00000062796,17373.561472994574,16315.246494201674,2639.9448992058187,2955.365327663971,268.42495174548316,925.780351639649,1506.2756937633437,42317.719528889036,4708.255091190819,505.63662926453685,8.74145764055917e-06,0.0003821365684065985,0.09611335425008319
413,-569.4881054308817,771671.3772015843,714088.1381861335,120189.03214589378,64309.62255429798,48000.00000002905,17225.42670209602,9033.818357444006,2741.6121009152916,3080.194910240633,207.1532381140497,428.9471384015986,1138.0877152625606,48064.57204791809,3747.514693149735,478.07326970913095,9.598649429463272e-06,0.00039654623628255587,0.07070174281581613
414,-703.7613395741109,761397.8314308148,731613.8931024873,118721.41203271948,64347.94914745585,48000.000000253385,17487.712261183042,7638.367512862912,2609.47335516577,3011.7755605786515,159.81922280006097,563.3371268792417,1169.1437796285861,47718.286707920124,3931.636429039863,467.47307030949406,1.0509965455049042e-05,0.00038203193386217933,0.08311808005546881
415,-580.5233264888361,781302.2965166314,773052.9866358355,119159.63497071389,64838.010130316994,48000.000000232496,17286.354635617667,1319.6144840373815,2773.824959285526,3195.7154876861446,193.20279426966874,474.7765863051671,1206.3660689582284,56102.84876563724,3317.9021063815017,421.1601811111372,9.547406942992553e-06,0.00044733048649237814,0.10141515201219749
416,-656.6025395692027,781133.3391661539,778759.0682215546,120117.65168595318,59734.38440541363,48000.00000029482,16897.794204874055,348.01330470208603,2703.291755365183,3199.909051494766,184.64875483915202,227.4077689854983,731.1043644161575,54227.49533317407,3251.7601989728873,436.94714289386076,8.689286098582975e-06,0.0003959460354909003,0.07744905223624168
417,-662.6286105493309,815757.9685814595,808282.9632609476,119909.91872921068,67633.0075222048,48000.00000008013,16884.651265864133,1588.752915671418,2854.439444077355,3029.2796595684445,225.5678106685241,659.9726224332727,1375.5970326995841,62936.259676688765,3143.134109074506,396.6370491694983,9.825481779976113e-06,0.0004829201700896424,0.10767177545465155
418,-557.527127076457,793559.4326873134,784719.0363478923,121459.92338881946,66276.75674649648,48000.00000009999,16961.429793254054,2438.0099107643623,2558.3693471213464,3027.119643769258,294.0415530033544,648.3071894060164,1477.439230385102,51366.63554642109,3579.089062263705,449.8928954939849,9.994560242342435e-06,0.0004183017345320469,0.08385143427480216
419,-561.7860575076916,797774.8701718278,649839.6443591878,121912.26820784803,67373.56799739925,48000.00000071083,16756.376758766863,25030.422908481083,2385.2972571688365,2895.4342283481255,295.81073447348024,838.0486519698541,1318.1116665690276,52583.299975955575,3709.469809125547,467.4924478417309,1.0682754065387833e-05,0.0003878423548281108,0.07319231336092388
420,-600.6617375412388,771613.8206349316,684451.9101624748,119885.70720284541,62311.308342066055,48000.000000000065,16928.632919700387,11924.267366103879,2619.965191862437,2971.607554538128,168.50432767826106,388.8578310626761,908.0764277242123,45631.2869803251,4118.261152384793,492.460737822023,9.66036365376241e-06,0.0003407871736095552,0.0724387224166871
421,-786.580910526939,768186.5808242419,600144.690831072,119981.89597757341,63709.272508671835,48000.00000004244,17285.12205554191,13994.043855973516,2712.2777519472047,2973.063288769974,178.7388897220588,564.2175511046942,1178.2198495995744,44547.95154461994,4307.379179235678,493.1274777721076,9.202466636892891e-06,0.00035006488045032113,0.08560663862934656
422,-557.2386374516477,789989.4358335903,676658.2744672899,118223.01279960011,65485.415221490184,48000.00000009385,17253.84725529398,15402.835751516552,2629.157906743993,2943.3591738305613,141.2528141132524,567.8010326407921,1252.578362455826,46040.64797903094,3936.699125197691,483.40188261072046,1.0264829369793353e-05,0.0003875450058537633,0.09631406952155015
423,-603.9391766613201,740814.6398622039,629981.5078267741,119277.286128562,67109.83023343232,48000.00000020837,17714.737896551855,13965.660395394385,2771.5893966582726,2859.2015362811385,170.7584821552873,822.2744265974786,1508.9812108275698,52266.38632613815,3766.019105045619,433.3104075555345,1.0610428891391406e-05,0.00044733571786713237,0.09159453079570355
424,-609.0525539127522,794205.2902859835,680353.8387455991,118357.58302611245,59584.856832812904,48000.000000231215,17213.786933224794,9510.264909240455,2926.598174735837,3266.143131458278,129.0543314646402,196.49992850828679,879.3141640913116,51332.4832830757,3392.1223146063476,441.3023731524812,8.25454133533129e-06,0.0004234657955055866,0.0939793131040113
425,-531.3247820724496,753169.4427854272,651836.0320766496,122748.27033704054,62130.236913195266,48000.000000286556,17609.750504237403,10046.756376209696,2621.2186607329636,3044.9987288299094,329.671078514363,461.53169605062254,1155.1811364250143,47710.064494656355,3887.9298482904433,448.1567672033335,8.749599728817223e-06,0.00043301690610900574,0.09098329134023667
426,-877.9019494783211,792435.4040694054,692833.7342251526,116620.22975080184,63569.414222899184,48000.00000049042,16903.97803724014,16722.25104689724,2759.143485544931,2989.8862434682924,58.26828258982152,482.8922308699557,1143.73443811294,54903.18374268603,3440.839880087199,434.492552893147,1.0920477101464857e-05,0.00044128081753757524,0.07550292336650413
427,-515.8987152664636,759640.8033906103,644098.2139221246,119786.81435820852,58127.7274748846,48000.00000035238,17647.67576903577,7991.178796283991,2882.29875777953,3349.5827375924473,248.0844169202186,133.93168130506234,728.795426826394,51529.83612204207,3336.249695860557,422.28980612995093,6.801954150543634e-06,0.00043381250038766744,0.09413734683381625
428,-463.30711812066136,791295.7932861543,785060.8817828886,117666.13701241466,64094.30620086996,48000.00000007467,17170.844544461444,1486.8795171262204,2838.931405072831,3073.094635987152,88.2895148158723,553.3273152991699,1247.6674161700714,58719.847533789034,3299.829366416224,437.471423240522,9.892789694507577e-06,0.0004429012156779806,0.09440062834042792
429,-707.9278559818626,769525.5501395452,718159.7926175118,120556.96444161031,62115.40384902672,48000.00000044438,17312.121582356198,7770.579086634904,2826.7813202362395,3096.537588524254,200.96351304281774,436.96480768392854,1016.7969219844372,63022.78590692055,2725.451261654646,420.4456047443264,9.822677144823286e-06,0.0004798550212843613,0.10590537487155148
430,-574.822582947556,833006.5050344194,741066.3878536709,117628.88808938321,64761.9925009979,48000.00000000739,16005.246887627241,21455.565107485687,2614.150214530979,2938.6447756553566,111.28300727779614,642.7606969749381,1279.2650059544321,46526.583955775925,4249.629564723803,509.3190830158748,1.0729209657837354e-05,0.0003850884238134681,0.09274786644226853
431,-616.1498068889647,821216.2402565416,797448.3806744204,122207.16861783831,68455.72865987364,48000.000000227126,16862.015019183942,3510.0807801962333,2867.27803596154,3222.8753505609375,303.85909410414314,856.9156339398666,1567.188245527555,60539.429125559975,3240.8807215711095,423.65300727430895,8.679842568935144e-06,0.0004374072357379232,0.08146484839876184
432,-505.0596045785786,762968.0556695729,737640.4811992456,119471.3777312236,66173.33748175725,48000.000000000065,17109.747832801262,3375.152690640061,2725.141536028063,3108.7751986904427,190.68818038597456,732.280479848804,1073.8745895358736,39556.01916461784,4739.617795775465,540.4947591693165,8.71399111879979e-06,0.00032994383634894515,0.07335277937563736
433,-684.1396107519877,765440.6693789792,656404.8751899558,120087.7098800019,61887.54652264457,48000.00000029201,17784.558418599278,9382.252017760118,2867.0598380074443,3233.093234161832,232.98162813948088,298.98987427222704,927.2490463624945,59215.744746372504,3270.233476591326,419.24938278054066,7.880360711973363e-06,0.00046510112989268856,0.09606891228210797
434,-699.3488288036287,754838.4742350326,591937.303622559,118449.76862281468,62427.16424250249,48000.0000003268,17553.989809279512,13233.876990294351,2817.13564494725,3101.772895500637,125.82820812416537,396.87500244637624,1042.6606914529086,49096.69261991645,3735.054362963856,445.7775253886845,8.170335524671223e-06,0.00042606825102068464,0.08927873370510453
435,-710.8249233493472,766563.2755856598,680230.1524104661,120083.1166155875,66577.42867830249,48000.000000415814,17296.798634365703,11525.36298387676,2656.112819230071,3047.5752122250688,201.74036688737976,643.3049942791964,1227.501423182196,45767.33130887308,3823.310126500463,501.9573397539561,9.704663147112746e-06,0.0003770437420749018,0.07545832641425866
436,-489.0085915807035,801428.0585052688,690726.9455765153,121403.04606009444,62403.135131084826,48000.00000002956,16994.9956717722,16659.88821920776,2825.60772798557,2982.446908264273,248.01645045634666,472.0656545753431,1123.9282874993953,51375.386218922424,3773.8166715994676,458.45549961641973,1.0345719582928152e-05,0.00040852799957413153,0.08122005795119705
437,-747.9329805614716,754283.4707901175,640388.5142828791,117641.4124659475,70795.27061519152,48000.000000563836,17917.220837203644,16498.45854148478,2696.022459564947,2835.2380577824156,106.34087368682435,1476.5872520065993,1622.596691542276,41508.39716622767,4397.579272182924,536.5337784564022,1.1588526478771732e-05,0.0003636505123957033,0.0966060097767559
438,-672.8599300657877,777937.5609358667,632298.3567365377,118096.09964550259,66967.8239912926,48000.00000001055,17467.606381883434,20759.39569382947,2542.28007969015,2901.2384798259905,148.52639775410714,805.1799533535831,1495.3499966150027,52270.47581693753,3474.042572289653,452.2431689010139,1.0511409812586757e-05,0.0003948701575863192,0.08177989582489517
439,-550.0624808391733,774262.4939575896,744953.1210598913,121232.87344357609,70418.73034116649,48000.000000264045,16976.549287389073,9779.654214894335,2561.584020446668,2914.450821704702,259.93421809322604,643.4330919133821,1361.0249599755298,42627.21188678038,4370.864449082198,529.8776017848825,1.0322626254147397e-05,0.00035233005408121236,0.08106945022946863
440,-696.6527569184467,775167.2250798997,678933.6152977463,119938.63939562408,60829.18076987481,48000.00000008814,17388.783790455458,13043.111819431191,2866.4801891269194,3041.9311890513986,241.3645438754962,284.13266896429843,1061.813406498091,49624.76701586328,3812.2999331921455,462.6965137354075,1.0216630751066198e-05,0.0004403560188695225,0.09741429685539897
441,-529.4252902794009,754757.5652430907,750977.1647691913,120055.27417160284,63031.489832832754,48000.000000001084,17691.241263470303,533.6306062372469,2693.5007211795446,3145.7327192797193,215.83092164044928,560.6041915466657,1138.153683427912,43244.30265585838,3972.5503519905365,485.5544431389726,9.399628621235248e-06,0.0004045883937627549,0.09663258283131122
442,-598.5693501704372,722883.4003813058,706250.0541978988,119401.96659675617,60922.81031817651,48000.00000012063,17610.912339963834,2162.8900750903263,2709.477469585641,3137.279879425555,140.08848033570945,298.3113034377765,957.077768103771,63532.134777171326,2772.9117072888434,388.6347327075746,9.063826038199843e-06,0.000466357717834592,0.07020509969337704
443,-529.4156737222886,744417.1917600831,701544.4602473698,117237.20736613627,62874.94374979635,48000.000000440545,17444.514137857677,4751.142169317223,2752.0695611740807,3132.5607684600195,90.88199381487698,449.1692201354868,951.3772338174873,46977.30334247054,4110.272616348447,469.92852653919255,9.128950262280383e-06,0.0004017788022116773,0.08270178391696088
444,-702.4758575256615,774070.9849194682,678059.5447287987,120140.30354547263,65123.77637671364,48000.0000001636,17145.673367608582,9899.760578652264,2672.1096427180128,3059.544385048207,204.76313822677523,679.1206825846132,1115.5011682121483,49993.435384311895,3777.2019864271806,471.494575756748,8.893126586239024e-06,0.00039826314360068234,0.0747655295970485
445,-637.1203305418132,776275.8975051092,748763.6654960471,119037.05939499527,65350.87436714546,48000.00000002948,17403.14656276454,7269.3585640458,2593.5519482474165,2943.0612832083875,145.50863806409177,652.3177268647934,1520.672943643806,49037.693858178085,3832.7365256985627,471.2257228181358,1.0976697582298525e-05,0.00042563606859769243,0.08171374795412613
446,-887.4544972959166,779530.1533668836,615188.0163641311,118591.46771714062,66490.1700368831,48000.000000142885,17323.141029942155,17479.036381224858,2598.0428092164575,2961.263963050216,128.613777817082,822.059846554929,1310.7424135700442,51079.13833260446,2893.9890025222403,414.7506184885819,9.878655693288838e-06,0.0004714070130887298,0.1105735286652513
447,-574.6282507312089,783858.0938632372,661764.4762839561,118566.59656055947,63590.971604419625,48000.000000008506,16759.113723650094,14790.03881323311,2579.63892986237,3074.3806093456474,152.38621186794967,518.0804125218339,913.198019050253,52878.190959835694,3583.853140759907,449.6556936237051,9.267429448110944e-06,0.0004401529005197648,0.0935580443245623
448,-611.1753906124338,787197.5706832405,717506.2918670722,122918.06219455221,65202.81725540273,48000.00000004278,17026.88365122409,8988.679071844894,2527.8466860939784,3036.9025932562176,290.0841611104403,723.8859428548942,1166.2917201719717,64876.243538372684,2889.523590372794,388.5458001712507,9.337746144661074e-06,0.00048593728358791794,0.1017140876391523
449,-717.3720074861666,796888.4633371659,626741.5768628394,122806.2603795915,75823.93190305904,48000.0000000172,17110.232295359965,23742.226256587273,2497.8841090847054,2708.961668794916,289.7438221998549,1497.03005476229,1768.7644459176975,52579.38782144526,3353.4639084842397,453.995416557702,1.1511112355057672e-05,0.0004278446776029707,0.09257412532164223
450,-643.7231560565001,736301.9113661305,617663.9897103622,119303.29446665924,61380.77712500464,48000.000000278196,17892.234404763185,9907.11398560054,2813.208045846319,3049.2900539750253,173.41567479157476,380.33791253061736,940.1628087781618,45791.34796934565,3670.3821842692664,452.0041346509584,8.712592289648854e-06,0.0004056237015764578,0.08416103527451932
451,-508.86742479278456,784353.4213093745,618732.5370354654,119767.9722078138,61400.38256969817,48000.0000002961,17360.28548998086,11799.394199883329,2874.4178247029436,3161.383988402303,200.13677687042767,322.30068367291534,1126.187400323631,54752.55916857661,3625.905475954378,426.3560560913538,7.0947459679453654e-06,0.0004344375382940717,0.08614842394910129
452,-510.9562339516986,804249.1173317316,647075.4770851113,122314.56058850799,62911.24208600034,49375.59569337116,16783.781482519287,14821.41473146303,2745.32985510518,3002.299786525218,257.1379145953792,410.2933281947941,1667.980403974237,44713.43013535547,5196.6485591749415,551.362259274051,9.265379349918596e-06,0.0003412136466976823,0.08395621952928782
453,-697.7844185538381,786078.7019819154,629651.7904662668,119023.85078919836,65555.65857368546,48000.00000002777,17081.528724379285,12852.004647147647,2695.951514392202,3177.702421567055,137.53354772457183,598.0125812880722,1102.9842062282885,64408.56671357074,2789.3339082666657,400.00805824327847,8.088130717462248e-06,0.0005192381391555816,0.0972530793884149
454,-614.6296591238607,736504.5203174441,714110.0203286068,117636.45585991761,67762.32853989332,48000.0000004622,17776.00990506486,12494.763055612168,2724.9184284788316,2859.3967122104577,119.69951389353946,774.0070474921222,1257.592930405262,45644.49729382642,3915.8755245908064,492.156229598596,1.1538385246759453e-05,0.000376024933111254,0.06911758683359195
455,-574.6476567913321,799403.4524004409,727800.3442627001,120213.1858563986,68080.27114159992,48000.000000010805,17153.508583216488,10029.00440420292,2813.9461220784915,3002.334442620412,206.7223473628609,779.6697137917214,1370.1238800979313,53987.85830349753,3590.86090812112,437.6905728191716,9.785640064658114e-06,0.000435680340718526,0.10421029670172029
456,-601.1534066112245,775886.7226512654,762799.476211201,122938.75184517175,63949.85019780077,48000.00000018568,17232.33516078606,2586.1770326902483,2698.1015181331436,3081.1343944012237,317.48203219596417,543.1826048099489,1152.062458196899,48768.892150188505,3771.366342889982,469.0127346658762,9.922173702051761e-06,0.00040552644104364883,0.08937258728125907
457,-664.1449480335573,744205.2109806469,665059.284823769,122988.18753069926,64471.771615261554,48000.00000001729,17467.7506552754,7377.011216619224,3034.5016631833546,3176.495622943412,399.1854143449092,639.1588725657575,1211.1585148238144,46106.77048418597,4222.147294635332,495.72658449141545,8.387191904753484e-06,0.0003832461576804062,0.06526346120929757
458,-690.8842923332058,777454.5936562548,628815.48817399,119047.8764144559,74981.81558394968,48000.00000033533,17288.960464870506,20803.526824421708,2482.503059123154,2730.6729544132945,144.26308735782794,1671.7042665664035,1739.5026801992306,46676.82698569589,3475.030079084656,484.385731742225,1.0877991970203522e-05,0.0004378099594877685,0.11026675430921937
459,-694.5907047944122,759340.9700585201,675850.3973435789,118844.66973365392,60678.25733999327,48000.00000034675,17723.671423327294,7113.327365791499,2799.2320189899974,3257.580347941536,126.7129515100371,366.52474386425115,999.0405953185905,49198.089217606284,3491.3510233327834,469.7610497996352,8.048347244357298e-06,0.0004262535868846291,0.0934210958930871
460,-459.8380489162171,784555.1400344322,668992.6147929439,122552.51424200002,69168.31242484409,48000.00000004772,17051.741177786476,13594.297929155495,2712.4360511341883,2996.438135907207,276.0314428136222,857.3582097077103,1743.5454256605403,46020.00516031293,3844.9341377493893,491.4218469344254,9.310257319821e-06,0.00039657803048506653,0.07996648641743843
461,-720.6263580831618,792364.9856317517,700377.7648272441,118090.39307361805,64327.141422569424,48000.00000012327,17273.848466990912,12358.044136817294,2769.2991828992494,3064.762568451638,114.60062961810215,563.673462687081,1340.033826570545,60891.71102408596,2925.228587269897,401.27568410237063,9.978797078896484e-06,0.0004770295016069539,0.1152123186298461
462,-477.59560776222366,775601.2642768986,679540.6430664869,119848.25733506875,59361.952670106104,48000.00000040942,17085.899106473345,10984.644421626428,2653.9299363350233,3145.799258269145,163.76318872395316,259.1659752449779,821.5727643209597,57818.04914849432,3110.667757686584,426.94063404028554,8.568775013305603e-06,0.0004217272379195271,0.07812362297091917
463,-704.0304343168957,790952.5415851084,709252.4160117595,119134.52730251684,61073.475741137736,48000.0000003974,17208.743176052165,9580.101754155543,2738.4790832748836,3173.223903765338,208.41405736520952,260.2309986193686,822.3543389054357,51354.877677487275,3234.7668707107487,414.13648488065667,8.911965037773183e-06,0.00043740900665244095,0.11321590524615883
464,-699.6221997326929,815840.7471994113,812446.9989847962,118345.38267033613,60722.10823310376,48000.000000004664,16760.96683216688,1693.6392050394968,2437.179309108504,3057.4579722146814,110.1652052822827,324.0103880125791,891.5526206713471,45558.95788115721,4385.640483866027,512.2932767430873,1.019555318271332e-05,0.0003526588130212054,0.08931618418000709
465,-667.245921180079,768442.196290778,713380.4977847004,118156.75019315326,58642.711235439674,48000.00000041326,17319.331198628188,9043.750067935904,2709.954883011938,3072.557535827776,108.99623017772458,181.31206815907527,986.1237906135399,46562.51979324485,3604.1431387552907,451.91367780233355,9.989922314732702e-06,0.00039779384407032055,0.08478035434852668
466,-724.5340008442189,789968.2068834763,754567.6196034068,122224.00579659788,65251.39060169678,48000.00000011833,16977.575538134246,32630.97342372172,2638.9006660574005,2950.504702209343,321.51612262055903,637.6251171772051,1167.0014998549982,47520.74652714673,3656.794208016507,497.86012729232,1.145201685740478e-05,0.00040132286830106296,0.08665500422955838
467,-659.0975149564428,744798.9641258784,647468.4504336438,129223.99984946054,78733.05554263205,48000.000000102635,17758.490858742654,10419.109419409388,2756.7416217421624,2871.8480332510444,538.4795160112583,1867.031694431414,1890.5248791846439,42605.912022912096,4262.942248149321,495.7937495611011,9.213401845812525e-06,0.0003425610993169921,0.07355028219074197
468,-585.551369739394,784230.9724052598,774996.4983372475,117426.04869188827,61135.57313516119,48000.000000279135,17151.77909914735,1580.6412196290505,2978.930553890259,3203.1483238150854,99.91409985902476,315.15206083668687,986.8296754298042,50153.68241985618,3680.199351043095,462.4734142931714,9.993199507893866e-06,0.0004123848646678973,0.09492997454331237
469,-567.8532382961961,740216.7089770827,664245.9556334547,118629.11670601627,61097.293917610325,48000.000000000065,17991.857644860505,9338.149536020765,2899.2335826223625,3021.8549362493804,139.7395934125048,329.21518393375135,1249.4372131927753,63053.20714761964,2965.866649890552,387.6626946937361,9.798095940955559e-06,0.00048106434535117546,0.08278885287967258
470,-532.7669178687458,759492.2331006906,657355.2270955764,117556.34322184778,60428.51335852105,48000.00000004125,17681.812062590896,10714.933624644393,2725.1223917010825,3078.9535523783256,98.02219893205003,279.00814881997957,881.6135196857069,56113.7217321676,3159.227450227173,409.5342908487294,8.973980637591286e-06,0.000470796661997143,0.08855164507472756
471,-628.1342448898845,776532.1823076583,631093.4838900805,124520.3524080377,78877.66853441166,48000.00000046425,16898.029260451596,20512.421305014675,2479.1998673757475,2733.2549209565914,340.68910250095934,1420.769355136955,1839.9385840743498,48371.43246306147,3453.828960927133,467.79313839561036,1.0164551813238898e-05,0.0004317670722684971,0.07426519443589488
472,-410.3219696310441,771606.82537549,695003.3630322856,117689.21935083716,61991.70536687936,48000.000000000065,17004.874373261922,12369.130037422068,2718.8587913706488,2998.644445368393,108.61056205298073,460.83936018067345,914.5107927551006,44466.69643586345,4590.103746996317,522.4394381660101,1.0050475861519638e-05,0.0003995635317178886,0.06610590336999887
473,-609.3252869122603,785700.5239664076,641167.6925691223,124087.24899609896,66902.07970407928,48000.000000000065,17234.57603530103,13010.361520461365,2685.077988171934,3032.7090174739324,368.272768555877,673.0898697487302,1479.5022507305637,49225.988427034084,3759.5375207520624,452.741306814143,8.676723552148985e-06,0.0004183975466446476,0.09824043921853572
474,-623.5213279086,796043.551828544,607752.6339816782,117901.86791331074,57861.12101511023,48000.00000011347,16897.75165379822,14736.34332291127,2651.3880500231544,3111.6434755201412,107.03286289343248,145.68164032881043,761.6131791570114,46954.50331233072,3665.1058514410556,504.6034814360001,7.74969527892231e-06,0.0003771069189535047,0.07525714832538831
475,-568.4484781762317,756725.0205988174,562028.9575753062,118799.84956418019,66411.79971681659,48000.00000000663,17463.102832724217,21252.45584013298,2476.5155955748182,2775.521506773407,168.57713674449465,574.8967138727814,1148.431555926161,50888.794071925346,3492.293697173615,471.6304329644819,1.0569236741701446e-05,0.0004027396724809571,0.08509473171815507
476,-690.1851074221114,798850.0253445135,672477.4452737016,122844.68265574977,68049.83794617315,48000.00000000041,17220.29696181083,16858.000315243473,2576.8244571497953,2904.4003319609214,249.9964559305947,713.0447566803219,1402.7753698752363,51918.74412705798,3408.4144193670463,463.0680783614568,1.02275845634441e-05,0.00042902859807464783,0.09710404834725601
477,-583.060751264969,776115.3559568782,748673.4443202581,124202.84221792828,67980.29663683646,48000.000000000065,17000.674828173152,9825.180776137133,2589.869912609358,2917.810747191156,466.71341036365067,793.7559317320189,1384.16172172818,46196.92682209095,3867.3905653621096,452.25841157241314,1.0578435150127617e-05,0.0003659732147255733,0.0696454654530645
478,-538.1125860864589,782239.2388445858,778010.736414939,119011.64446897154,62769.240041503945,48000.000000132735,17126.286730661897,3184.315446791109,2550.6776465939397,2981.656539652238,145.77832029115478,407.6887725238129,1172.6060662223945,55763.56758572022,3514.0151015819242,438.3641703619647,1.1592866161716868e-05,0.00044913559156155243,0.08201807252799334
479,-837.5814678335528,770326.0359341669,679649.1501899444,120044.63801921326,61846.23313537611,48000.00000033771,17571.401628724074,8738.35525464953,2947.719252429605,3161.6931215155523,259.30503931879707,530.9007313658768,1247.6819123099644,52345.64822834404,3510.8260354816703,438.5788390991081,8.638581832481403e-06,0.0004273425605199009,0.10045059309354135
480,-470.22118165574864,782200.1551986675,651347.0270275088,120834.72040743983,63574.0173123812,48000.000000308726,17117.717092078983,14853.103584990626,2717.788827215306,2983.0005480910245,198.2805381133295,637.5793779815801,1050.403092796055,54952.877235402666,3355.495624577501,428.4556663078398,9.693702532341888e-06,0.00044393116640090076,0.08864131720722389
481,-677.2166705925755,773269.6476546399,772779.4710045755,118036.03179215865,62902.038500031325,48000.00000032774,17235.760239835774,105.61211448308568,2624.382687126866,3124.6194463766124,99.29423453702375,542.7796157448292,969.7744243748455,47282.9610808077,3606.9951991167854,475.33477639279425,9.208949886798806e-06,0.00039161351399480903,0.0819337715549507
482,-568.6311991352072,782096.7380018203,761959.1281586839,118981.9391298493,63582.70893531437,48000.00000012106,16889.57748013086,2534.3435437382623,2726.848295947576,3254.137132098438,140.20447788174272,449.8299464085569,1113.0554138309938,50012.22676097027,3706.8353780424827,455.9907353324599,8.505150979465205e-06,0.00043308451495155907,0.07630943348939101
483,-703.5384500300013,789366.525198986,647676.1842729002,121777.0985026324,72409.83567361376,48000.0000000253,17018.62248120099,20580.285647887555,2518.0347735178048,2837.7931845103567,236.9680305375105,1156.798124150247,1510.8623316809328,49614.37478854894,3482.752796268549,469.2652128793077,1.024443273998833e-05,0.00040351611179385166,0.08834130254768234
484,-856.5472081522048,776812.6526962499,731977.5077645441,118960.36352320726,63102.218040814274,48000.00000001686,17269.38348899485,8233.699547214821,2701.134636948522,3131.3544693491103,157.57070368900793,392.83912535955096,1205.7036102543802,52131.91855775065,3625.260910084814,430.755482261142,9.437851872101737e-06,0.0004401465802941942,0.10286116817531595
485,-822.3473470912511,771555.1504323541,605755.4951810086,121666.08760649347,67856.79358123102,48000.000000051135,17207.62543728927,14909.341516403467,2779.20891713319,2994.167436926246,217.79923989917958,657.9406310704405,1303.5764593278677,57229.04663352644,3107.380225879032,447.4928377670786,8.8838283807903e-06,0.0004272758284707411,0.081599643941041
486,-658.4132155437704,782051.5646689902,724068.6875437688,121370.28311302191,60513.377804348725,48000.00000004926,17411.183239370355,6193.819586305917,2878.6333523314315,3153.0535440057056,242.88523304257436,273.0775239642055,1025.3602313974695,57000.089655815485,3028.301682702198,425.44485739717277,9.368222629417404e-06,0.00046758749082563295,0.1187160646543622
487,-513.1481273888744,785019.8020932772,715410.3446100525,121393.67673790509,71856.30146639487,48000.000000000065,16984.097941465123,17502.066532216617,2629.4082126529256,2885.3040134686353,238.6002787008888,1114.300816850831,1846.7749760760314,47819.33947431142,4062.7637237587915,471.80678744003785,1.0993177806649368e-05,0.0003837844802737305,0.08463943693048558
488,-886.7763387833298,743441.10285262,678433.7315962402,118380.27696461632,63761.622635643675,48000.000000004155,17690.95718249528,8102.445947923045,2569.748175793748,3010.800386582931,128.66080840006035,575.7472474972834,1125.9342092506613,52801.37000957452,3227.8676855267245,413.8655071245025,9.284105250854366e-06,0.00046146947545426103,0.08768357513560647
489,-581.9761780449901,737326.8035614972,578651.7656233354,117477.59321408437,67985.11948597492,48000.00000010886,18136.29027668879,20819.075010960798,2471.7409123626303,2728.087984632117,90.92880396509884,1056.8393501735027,1416.559047240886,42733.20969144933,4092.5289187988064,458.00333114099516,1.1782673089845226e-05,0.000406746785985097,0.08230835816308882
490,-635.886337300421,786619.8344148173,654667.2853722917,120767.59297094654,57830.79065996762,48000.000000001004,16979.697530221427,9514.293894749871,2838.664332161258,3292.6230230308165,223.02137322819829,103.7190841355715,674.9105433201598,47598.35169979505,3606.9552341878984,464.11750802529275,6.671971670817528e-06,0.0004080531870113346,0.09338197353882798
491,-649.311513568942,728479.1025530992,660731.9343160801,120579.7394029414,62710.01714979802,48000.00000013342,18179.384932331624,6271.610828720361,2766.114522714034,3103.7838751992576,236.48801099081845,372.9711577697786,1107.1368172479847,55302.82628043512,3298.5364287122393,408.2006732147726,8.530841579886726e-06,0.00046671877410242043,0.091976682470822
492,-570.1521502316089,797454.6673836549,606236.8056481112,121690.31940648946,69123.12092624388,48000.000000458705,16444.83156411249,19419.52067342176,2699.811737495845,2799.0939589124246,274.55257726308207,1120.0056600606827,1442.820225017038,54617.92146977567,3430.62691500549,436.36958514411083,1.0318497802744022e-05,0.00042192334138535585,0.08568079301194531
493,-562.0422006199087,761959.7138766537,618316.4929237289,118310.30133899857,61401.38510182581,48000.000000149106,17413.9442292679,17560.317265607893,2360.6966257804384,2824.455993606654,98.36134522354826,354.004502021289,1132.5284638512835,49175.69586708406,3727.653437087541,450.9589602743104,1.0299815675113022e-05,0.000403160197837152,0.09045270614549335
494,-445.45048528592264,789420.2360311267,708348.4589579571,119057.9928186667,60386.0550643934,48000.00000019225,17130.48732281666,9879.846148616234,2752.1308178103704,3199.1582534771455,133.26078144263053,243.64832866568204,909.6143952936557,45951.36846553872,3697.8484157999014,487.94094456375876,9.428109510332733e-06,0.0003828434978705865,0.08079249207913139
495,-556.5270017321416,746810.5635594212,667793.2926953956,119956.32124520694,64727.82944317966,48000.000000000065,17782.077015930387,14983.43774743796,2573.616946936046,2817.099523019021,224.02668492292128,486.72851141450207,1288.6627120058558,54860.853049007004,3331.79799086727,412.94788850625054,1.1175614471309235e-05,0.00044225050652752445,0.09010042417455169
496,-484.6597446860307,781340.4393910696,605863.0839192199,120480.12798054599,62824.37770185291,48000.00000023625,16965.4004376857,18394.158014362667,2716.254961517326,2873.4612333055147,219.43738912468248,550.4221623221803,1119.2092122646557,54954.23180545669,3412.3509114032613,455.96555424385474,9.92803198404105e-06,0.0004477632402510058,0.0765275006559036
497,-721.0147359652397,751723.2668003929,631525.5138267715,122107.68204795539,64234.77031771691,48000.000000000146,17635.94621939301,12449.095205770796,2790.250670716979,2964.0123462050224,349.89523130991086,791.5004075676934,1188.9468624135745,61232.74294986373,3137.1312545333176,395.7681723839357,9.493247031539156e-06,0.0004950944979616355,0.0875461479997306
498,-525.7771719616123,833351.940592844,671681.5910904896,119960.89650379315,68769.71209475522,48000.000000042266,16317.945836812934,30206.130500802406,2393.49883922995,2855.149667005916,188.27158707806538,804.4440489696223,1738.4904629330722,53903.49715878196,3750.372882609415,438.23418803070524,1.0675922762573853e-05,0.00045057734763087506,0.09838393944586095
499,-665.7977875318143,725074.7523734097,642173.4599504633,119974.73916066534,65863.08503161735,48000.00000004372,17968.043716478052,12231.937481259989,2579.252589558829,2914.650242667037,156.43592694099158,746.2638799781818,1141.8278004931403,40529.482253151466,4173.962202500634,501.42161837996736,1.0015255769550462e-05,0.0003672647946056865,0.06534564661280658
500,-804.2718490812116,753925.3816030307,683733.6033253988,119097.66575132115,64927.96031316799,48000.000000211265,17468.195044001677,7801.023383756432,2751.075050301089,3106.568951320625,176.98625736296557,784.2073683961609,1097.357448671963,40912.20713132765,4643.76104070422,528.5161027351883,7.845281861417244e-06,0.0003402198131620114,0.06546152469005126
501,-657.6255723785721,796119.2787155586,647390.7682786025,119579.3820461584,60652.75969036049,48000.00000044225,17105.95300886409,16167.29057887178,2783.882763127216,2986.1813631133073,185.86565590269296,319.5224981878311,1004.755595754506,45958.30822413636,4227.975412367019,463.98145756635955,1.0278376404666901e-05,0.000381876731168694,0.08561724929050629
502,-739.6213230488327,800937.1896098313,635066.7131369122,121830.30348008368,59200.19074012215,48000.00000013606,16999.20173053584,13247.05633712876,2753.8446728744425,3122.4799148412235,275.91514782059005,257.52809519367366,994.1704566499484,63212.161171482425,3084.100565741403,402.3823562238991,7.734946183513258e-06,0.00045404860034647,0.09119826514759374
503,-540.1447978170265,775009.6941151001,667112.117778678,119802.22971228679,61845.98922941126,48000.000000334134,17307.930959773086,16276.372581332715,2498.9151303457897,2979.1596471286257,186.94770377140995,442.0124059694969,983.1061941665334,53397.50248759217,3269.292383131704,425.89210313635454,9.82339424950788e-06,0.00044072440017356364,0.0845059583592072
504,-662.8550650299535,797375.3135201773,627363.3131262067,118596.87729715927,62440.5561463515,48000.00000001465,16693.467315812726,16393.000750448802,2621.424219694256,3092.3300153680716,123.85461360839031,439.42901761459984,1023.0078594451006,57751.38000193907,3409.899498884583,442.77398207666596,8.847312496402844e-06,0.0004096798747700674,0.08409915856884265
505,-559.0763809975919,785868.0381318036,756114.6273470642,118070.8420934503,61777.85166716069,48000.00000024196,17182.182324774843,25044.609894055422,2646.4485878526543,2900.6262666769144,99.91820793304329,369.06809404186083,1107.071046163649,53725.49880865001,3704.1042200973793,400.763799324145,1.1777266680437618e-05,0.0004342121321201952,0.09414409079044422
506,-611.5766273576726,770273.4334234092,658535.9682706471,121064.13991426445,66478.03476693213,48000.00000007296,17301.672525022983,18399.608890591033,2647.4548425618095,2904.709897122946,234.2540609642946,617.8491887928583,1139.9677289966999,50191.51029476822,3572.900013817992,450.81734340057506,1.065029130316342e-05,0.00037522050240807755,0.08507961192971225
507,-541.5185596465094,794396.7794075496,643746.7492989294,120854.83277577252,61531.398879658824,48000.00000004116,17182.086472827,17285.40996139242,2577.2241420534488,2993.5252156160636,212.99775168697198,444.48665026478614,1260.5530902349628,55657.049571571646,3091.1122893702195,427.3470513093211,9.839128147427435e-06,0.00042864013610134134,0.09613819892052218
508,-546.695665198595,799537.5704667465,612599.9047687084,118499.68274531577,68909.61709644737,48000.000000169995,16265.08386228162,15975.4384623418,2731.81963505034,2969.2391347148236,129.99822571473382,883.3794913804758,1274.0883522397087,57584.67256904431,3408.4022997885454,409.4957254547708,8.543389357630868e-06,0.00041990084883617064,0.06535868122250592
509,-575.9875322003098,733547.6718195527,687809.0146972416,121070.69812038529,62028.19942835231,48000.00000009351,17797.30194703668,6754.215652076969,2645.335189872459,3048.5168997777973,243.08354063934118,428.79137013168327,1064.680714662511,46553.22212888841,4041.8881450606054,470.6396668928671,9.71272049776102e-06,0.0003789687578582818,0.06348962030322085
