rep0,rep1,rep2,rep3,rep4,rep5,rep6,rep7,rep8,rep9,rep10,rep11,rep12,rep13,rep14,rep15,rep16,rep17,rep18,rep19,rep20,rep21,rep22,rep23,rep24,rep25,rep26,rep27,rep28,rep29,rep30,rep31,rep32,rep33,rep34,rep35,rep36,rep37,rep38,rep39,rep40,rep41,rep42,rep43,rep44,rep45,rep46,rep47,rep48,rep49,rep50,rep51,rep52,rep53,rep54,rep55,rep56,rep57,rep58,rep59,rep60,rep61,rep62,rep63,rep64,rep65,rep66,rep67,rep68,rep69,rep70,rep71,rep72,rep73,rep74,rep75,rep76,rep77,rep78,rep79,rep80,rep81,rep82,rep83,rep84,rep85,rep86,rep87,rep88,rep89,rep90,rep91,rep92,rep93,rep94
0.737606420393063,-0.0002453023667507992,0.18899138996395592,0.07307557876383175,0.0010730960792617594,0.9513877142429363,-0.7084317139218212,0.43630083352357607,-1.2290759949581567,-0.09376749395674322,0.08768359723107855,0.04375906814534147,0.381386804443407,0.10932258885658808,0.03851425508374362,0.1258823328849239,0.2964466518260096,0.038197486343610976,0.019510886931613847,0.8779454200313452,0.8942365538233421,0.013581628180771688,0.8111783951951823,0.0008361567718777607,0.28585107985375613,0.00028147380886789364,0.19161809206239333,1.5696442897044083,0.03557934662343776,0.012464505271574833,0.3270540269059863,-0.026930604809713543,0.0258567211283518,0.008476460009156028,1.379027561480453,-0.012442225378938687,0.08865757282543552,0.006433157369320597,0.4070339967571135,-0.07289638833502288,-0.03404376596059322,-0.5010106337480105,1.639602674988641,0.1041743811514042,-0.0032887124901002096,0.025560881194981455,0.02047708569283202,0.042856655027880386,0.1042029332804777,0.6947267079531194,0.018989572459036097,0.08966625423544805,1.2443118476803416,4.628606572942314,0.4506956111685616,0.10006834542105025,-0.012646694145675763,0.18630588583331287,0.4354765783614649,0.28246775061123053,1.2920041580004282,-0.05330176380072582,0.09824124314811833,0.11267825499608719,1.0713780876228918,1.1007612398003532,0.06643178898764779,0.537924390957623,0.3612349077317818,1.5186989272627205,-0.22840668416420407,0.020989068426852775,0.013744568295855686,0.23536640956492727,0.5637411610274254,-0.35784057255021207,0.02919323248780037,5.493963042963101,0.05097732083467221,0.002197476053255265,-0.12982204709680545,0.095746752780415,-0.02303778973720405,-0.07674048153281943,4.0791611655166555,-0.36269966801733666,0.6068142915988961,0.15141818126484452,0.429970892731677,0.4853483105012302,0.46386669609452547,0.03136144863518542,0.09260814023671449,0.05790613788324217,-1.412668764596928
0.23378108112952756,0.08607280252163907,-3.056799906795062,-0.10038078808236595,-0.0005851546568877986,0.05229323355307747,0.5084315629496317,-0.07346760061118918,0.6598797513055095,0.8688995497273639,0.6953524865981144,0.3064290136805434,0.9633286836597019,0.6356514989703417,0.015315045874059408,1.083209743448113,-0.041501908582509905,0.16089465053107688,-0.02429008667609267,0.08842502144401987,-2.127381907757311,-0.4307221967714625,2.7703504490780393,-0.02225430922554361,0.3639314214864555,1.9488890008622555,1.565229545509455,1.6889326388473496,-0.10153195563608186,10.844099474389607,0.6248750506466192,0.04792747223098193,0.008177561513069698,-0.016698631217906268,-0.014314058384657713,0.1275198239077162,0.4894042326868071,-0.04483476957796739,1.3337786978167667,0.24633541272548332,0.2230575860897357,0.2905822691209212,2.6859866275933664,0.01778348070904645,-0.002296996888814462,-0.09950226626065461,1.912092563570977,0.3826377913122716,-0.052549620751515036,2.284712230043503,1.0112430441333995,-0.042862432101428816,0.38601960017602366,-0.017265058073927975,0.0326819874898554,0.6191049478363762,-0.0068655994425563804,0.016498845168849918,-0.1253377654602965,0.07567550281975732,1.5770560775322267,0.3335684292727348,0.4348576147580028,0.05653410604107556,0.21656506571411294,0.42427503237351605,0.6840124977604987,1.1794156647195022,0.16949873310122454,2.1958154988375354,-0.35271989493529077,0.2226902831102746,0.42497745178276514,0.001426755181011874,0.40518940386904223,0.42129007628840975,0.25480637456498556,3.5771474436548036,0.10386632277489571,-0.031096231721459144,0.07012376622309713,0.42219790739616325,2.425962009969499,0.22094463401673625,0.25300567306932287,0.6400345162181047,1.7976081710944056,1.0354035682678289,0.47853182987435816,-0.03484894039399844,-0.011806547277704915,0.355226690286083,0.07611197323916485,0.556864950924151,-1.6803548451429018
1.1278150733549541,-0.11721269242982935,0.7037191848282864,0.1585383282718471,-0.02530790169594299,0.08171143268740533,-0.00421065232927198,-0.4825446055017575,-1.377674176227126,-0.5677015799424048,-0.07254892369696897,-0.7007841003086535,-0.19617956502152367,0.014518966921879706,0.006424080605365923,0.21901803229141237,0.4553815435334192,0.017745223396217646,-0.01646697627932081,-0.0031472079714705004,-0.20733377011771204,-0.14037158745564504,0.8665633097244743,0.14399212294127972,-0.01697327738727994,0.0502717766804901,0.48661263096546925,0.8446790396840202,-0.01418413071953406,1.0415043338447685,0.6573769742953193,-0.023609155440611485,0.07271345812597296,-0.07624330552016412,0.06703574142342905,0.07078196807587389,0.029180175074192682,0.06256997403963993,0.6902501929206668,1.2672175739215152,0.024537693620061418,1.206245059141101,0.5193799586893766,0.07010357283017044,-0.03956951069823589,0.08452106160077655,-0.029068231125599198,0.22640249203968477,-0.03853902682017285,2.22021203995095,0.16571222956061904,0.07720576909717991,0.38965368391611754,2.0327331668248947,0.2314569951835752,0.05434132964335836,0.36351156482060665,0.15627934066710658,0.11494268587782397,0.1214437268678017,1.0518538617563387,-0.18511303816138458,-0.47537250916896934,0.0336804757825897,-0.5559195472326235,0.7403342953871661,-0.012711031562386843,0.27259848484304694,0.31944579942532325,1.9036729695484587,-0.1133560308940913,0.03436062528492201,-0.023746050604502855,-0.00030755546086513874,0.6693897994948332,2.022595538333784,-0.08437503883831088,1.0851799763164407,0.41901872036072607,-0.07819369800940734,0.1915853208693612,-0.024428943019064953,1.1345741197493537,2.9576713542994337,0.5552904201014957,0.07426254539422583,0.3942440925584094,0.1088330240239177,0.35256279725365136,0.9997909845075021,-0.015478509565034493,-0.9148402215154818,0.02215006576546985,-0.0035010104064250314,-2.2609978644981172
0.0028759603803960587,0.0289296525495244,1.8280230272214677,0.11021372295644216,0.026074202586979567,0.09939363511043231,1.108458075514032,0.03382289729863963,-0.2602368724181092,-1.6025971950541704,-0.20220056638976658,0.03663494332771933,2.5022628124950437,0.4661559172357608,1.8093613511552071,0.9806502018203105,-0.013228630716443313,0.009073509860830775,0.24553621723117258,0.20043747676694412,1.827738933529024,0.238411403805598,1.3612899536743894,0.3698925508883182,0.14271694499332543,2.3521498070265974,0.3135915147890058,1.3868224907258861,0.05212339303721336,-1.3940658355038051,0.28405556386262676,0.08670205874900416,0.5189999491465214,0.03297459395824909,0.025034691998857106,-0.010980933256661274,0.0019321293677103668,-0.01910318324268756,1.8733072519824496,0.20897799658914984,-0.04738644922777446,0.8091918235871338,2.0130848422945977,-0.011457988131628127,-0.030503647356226793,0.28765236893608304,0.22006191135543673,0.1676288949152549,0.0625619015728649,0.17889346698808195,0.0031797483009690097,0.15922319936039653,0.19925216922069477,0.03037999920863088,0.3673578500161945,0.16418372704257478,0.1819496627828272,-0.16006439997379474,0.4583739686931785,-0.07877701866050701,0.44849810219450426,0.08647962470468462,-0.3084920328689864,-0.37117033783836106,0.0835241486345435,0.044848640635436254,0.008765953335696963,0.5067034539300659,0.23570941590492733,-1.207984204018718,-4.853164321758703,0.16526819365655054,0.023151884899693886,0.2351207230247958,0.005846439372418466,0.6108598197367705,0.5119419472997313,3.361046057016421,0.2914250178411697,0.06575143786281323,0.7713769212843715,1.429956105443182,0.4860324765974142,0.009126776589768681,1.0891069643561444,-0.25091223335439405,0.9531472665717113,0.9975626793081425,0.1750115681511688,0.7139941564145929,0.4224149498357326,0.12673206263887815,0.027931361215502992,1.0448336016704447,-0.2982864424255247
0.47988556509421265,0.053353464881315205,0.6890281827008353,0.10968310204973619,0.11210177459824822,0.5279512400662938,-1.088861139706263,-0.4989963181515904,-1.5158510922592692,-0.12156095289527036,-0.14547832378829906,-0.1035256819276027,1.4658371972948236,0.33428948367924227,0.6724201547901583,0.21813672916490567,0.6118548457407265,0.0032007509056279915,-0.0867993802106608,0.31647664691820143,0.23263123951696763,0.0006443917808285349,0.24508247358156154,0.12637386009950768,0.0617360807280809,0.1763638664714371,-0.09740149103809692,-0.03689150693189314,-0.18543307128152176,4.504337376212115,0.21474337066987692,-0.027676237670958947,-0.11197738761975096,0.05766580065333393,-0.02954314576329331,0.04131990092706994,0.49460723283572827,0.03831026099816448,1.3663638617351435,1.107284438043024,-0.005833628583683748,1.451687797180793,1.7918594193916348,0.004609364516485748,0.048283059937698436,-0.04286111944874893,-0.13778314574980755,0.20144301371858164,0.04691789691303372,0.3634170336992799,-0.045123449273586136,-0.043002926024374055,1.1711260993228478,-0.007923600603234604,0.48659580008010384,0.18970568812432376,0.40335550615904925,-0.032629634484791836,0.7340774417161438,-0.02103787110377553,0.9794662831087848,0.05352474734794965,-0.33428538421065657,-0.03401062314925252,0.09865382741982964,1.0077818307240758,-0.0007855397963640876,0.10542000158178233,0.023753150488643904,0.06110754690485232,-2.0884447793994037,0.1380885073892677,0.09292794494151657,0.05267347333620509,0.04796992560617985,0.4206464530707299,-1.0653195858927607,3.5919807630861715,0.3062647677283543,0.012319123816217914,-0.12658148912627443,0.16356035907439015,2.1236863183686494,0.11251795638592199,-0.07588390056329075,0.09304361716617038,0.014900628328956333,0.6267490409526792,0.009109127347104895,0.387752289052985,0.014190013903123244,0.3643404143619442,-0.07615590702798913,-0.048868043523335736,-4.25469951227058
0.9050276505843424,0.6148507049962184,-0.516271883345242,0.11640129866425397,0.05330398327980923,0.30143349827948107,0.015846053689903883,0.39059692551549485,1.773765985627696,6.153943077523778,-0.04365002529939144,0.3241937141026989,3.602091168963426,0.5803171793892368,0.01378556820404242,-1.0080503922464485,-0.011817268919562807,0.20493526420987074,0.30532402255222024,-0.01511353715198993,0.707408069894174,0.3284517895324628,0.600019973031424,0.5877808194084162,0.2658315070500328,1.0595442507987567,0.0889678825519784,1.6658309932814115,0.8122910225249562,1.2635133703083596,0.3883589002848433,0.06692408600922306,1.0113487733899493,0.0004715067205571799,0.39866194114866715,0.7077631122916017,0.004885690808608789,0.08661612831198129,1.1169706851586314,3.5118511375399404,0.0034930431264132977,-0.48231646538381945,2.255316133886555,0.7217004764684809,0.25079344464766873,0.03359730638882086,-0.05067496130516158,0.5646549873862923,0.024741098142063933,0.36580145003065745,0.04678645805089676,0.1452547104985551,2.0765704552969737,0.11835361476840944,0.5890618492723694,0.9094544422801163,1.2033737844791954,0.15489319246932665,0.6598375202140359,0.4274786496816043,0.4102687618778056,0.11439580311502962,0.016138867283828517,-0.07293123444986183,-0.10902531621965039,0.5472328377211384,0.1216811096779229,0.3275103673655817,0.5300104931415497,-0.1881612042980585,0.02965305009254049,0.16858818827404054,-0.029796003717811104,1.1207038081573297,0.15466091133850757,0.7999943620546688,0.2633607431026421,1.337188026625061,0.25362659507295593,0.271865337322887,0.38790702105228636,-0.09328247927276312,3.897680008898638,0.718760590481156,-0.7853366217798339,-0.32586712793145267,0.00531675871260795,-0.05875024603075518,0.007275031885811245,1.0676064727183956,0.8204055528711063,2.0365006375110495,0.1186745251197241,1.5149318646007184,-0.28319826778354784
1.439851334018055,0.17265860279573086,0.5294017014424757,1.0420919935518036,0.0046035635281600484,0.5249417613786354,0.18013169289345,0.5846236872087758,-0.4197299597798061,0.17405298503628774,-0.1908818328430697,0.34029380985077795,2.0217596355696443,0.029924495307977805,0.0043911860878331765,0.3593292235160712,0.36329952072334626,-0.002205891145783845,-0.044419818146686385,-0.03782050417181981,1.0458464771671627,0.16327268284598428,1.0556519110417515,0.8631518654475867,0.03132234637768949,1.3369170335055767,0.7713387164048777,2.6339912021164764,0.05112391440878028,0.06943502705541871,0.10752956006529235,0.011598166536770371,1.1437124057497936,0.008779097904443756,0.8658350302334954,0.6805654377641535,0.010652815071657606,0.06238804770460149,0.3521154296586779,2.2481591571408637,-0.06861301630378946,0.22077745478296507,2.6258546609772297,-0.02113000667635312,0.043984304909336025,0.1450819060418409,-0.01485231838655654,0.749422038365164,-0.020415864404144113,-0.008712167557395567,-0.028433689117218997,0.0689468002112914,-0.0652622293973435,-0.03929666306130475,0.12123744334651398,0.19875305418592726,0.2663221741913935,0.10540508844222263,1.0766147192206796,-0.042956482493396564,0.8161249865088198,-0.1136737191657815,0.03254124322430396,-0.014070836325378089,-0.3106385395508875,0.5834362153774793,-0.020055380380664012,0.5208429134780608,-0.14171197097223498,0.6999388395347692,-3.8283121345825695,0.06582160324500608,0.22110296476898306,2.012719718624889,0.0027426729445565456,-1.2559941449961332,-0.03460385734535709,2.168168955075065,0.7913525456111068,-0.009879717114303244,1.4261043992960794,0.26794235857794213,1.1853661189799998,-0.002025758763523733,-0.4280589715209189,0.03778523509542886,-0.13254260730302647,0.3306465920051789,-0.016678057676958513,0.2431030518606594,0.11956580498489844,0.239635772733223,0.3356575048674184,0.0076307902650505355,0.0017176948998161023
0.31046988235579054,-0.024697228161979723,-0.11052856754097462,0.1196806583183978,0.023621010778468232,0.6114786979334559,3.033098261933657,-0.0001308127607977383,-0.449349870445932,0.1228078279582494,0.18832111229438198,1.124935653269783,0.5002455817958316,0.007686371546730353,0.30629175730856684,-1.0457936376516965,0.16831383727958116,0.0035415226208028727,0.6217775583206904,0.6201321196097465,1.8456333907734477,0.1041593438657391,0.2388973314286824,0.10059683849049605,0.3610398672259514,-0.043455781978696706,0.1834900592440567,2.8988025797094474,-0.07552894853097047,-0.3656532600110687,0.01567834802284418,0.044533475620964325,0.06322138454479509,0.004654321757323832,0.33424571670238556,0.5406691061969529,0.8243825882673219,0.24755936785344002,1.6801976761724404,-0.37656381407935324,0.8541385138908577,0.3914555078293347,1.1061559126498315,-0.0395289407608157,0.03633490288233965,0.07252824730651408,0.052687032795972755,3.2410227603381925,-0.0033323223840331373,0.0436804146916816,-0.046383185414893724,-0.20193882584500145,0.17484490803057895,0.7834149378984785,0.009989055478691,0.05537891074068124,0.2902684933395534,-0.00025271104533874933,0.5532020051467192,0.22238713259225218,0.1475675873708724,0.6668754683718019,1.1028184458832122,-0.11979394544186128,0.17602651027343086,1.1529677968045622,-0.005707575868648007,1.0344615369820929,-0.005680769065237179,1.7759173612817305,0.05238246397412549,0.48143867984243927,0.6397849720408813,-0.6509281685089001,0.3700121601280779,1.5576446179010413,0.12417873992088424,3.0009995434924415,0.45144141362646684,0.28676809992953656,0.7949827509930802,1.0912461003464005,0.11373630542184632,-1.209208194706357,0.8577875086557167,-0.8949202915886989,-0.35454212356705916,0.0039811925548922655,0.03963688736089388,-0.021680717746047407,0.20384812546200504,0.09271543674537686,0.14711616456751608,0.20269465181835677,-2.594463638362807
-0.16149945616824102,0.09924943341296188,0.8258378687588381,0.20028247294785118,0.056385702738949384,0.09415685545969388,1.1378800452405038,0.020996923251968447,0.6579414909067776,-0.16874772516595993,-0.15512047589288347,0.3066271181610425,-0.559116887601955,0.016733188316978787,0.03616014701505321,0.16165885189494578,0.04023954650888317,0.10546743989129759,0.4086229803270074,0.009192927074439083,0.17472289019085174,0.8129461438029821,-0.019496333606091376,2.171163560076317,0.04577905217905176,0.5470031447904882,0.7726954606002492,2.93108808874221,0.11071397468824173,2.858965283982208,-1.1618658608246522,0.15046213883726178,0.08081502078614466,0.11198263315278023,0.07479459840230884,0.00809465420460409,0.00012406774739393,0.1716516220784161,0.5511687224457686,0.0023912468236231277,0.013489824662031857,0.6211287131617365,0.14602657510501027,0.01151436081121382,-0.0065397323995526335,0.5589553261633791,-0.04473076036194579,0.16478916165867918,0.04546018722134981,-0.18334429957183884,-0.017375407899756556,-0.11751815819642442,-0.3916959051934459,0.21693888504419423,0.6930144395898807,0.30065474772357703,6.888726692711542,0.17210228256610494,0.8035248246154967,0.29436630862200275,0.3337238926402444,0.47076970885333136,0.19417300331969933,-0.045387809051426586,0.00027623059167369846,0.4909602388988308,0.030522344994329487,0.9948334052917778,0.2515792430656649,1.4350894898519186,-4.090524764713989,0.02043670268251585,-0.009825728627768093,0.031016090152499842,0.3245098657621921,0.5572405888249774,0.18694930107527608,4.170414390810174,0.0244377042804671,-0.03164359577574061,0.4123917617760551,0.6382049021063554,0.9621840213481967,0.6789254639845042,0.9957393025176984,0.34411548444225915,-0.11901826309999386,0.8328455881160579,0.04077286920130163,0.07531490566974242,0.09478945625105695,0.08364341673887221,0.26093690825031235,2.51402166044618,-1.7880701462159037
0.1026509092718495,0.5873851840188546,-0.21372841702266676,0.017002236831320516,0.06793924952993313,0.411246097950448,0.039540229260857984,0.0008522910073422985,1.394367397299769,-1.1474058086478687,-0.16412695979240866,2.5768660692073677,-0.6759475504067192,-0.06773678789467974,0.19706981226073683,-1.6558791458425746,-0.07750225131987021,0.003938217201873151,0.13036914398495192,0.058035589110229324,1.5633926806885299,-0.02229245541419811,-0.13897019471071737,0.008294723842743768,-0.020884731098517406,0.05143869464357209,1.8893232416040995,2.0709431125827003,-0.004455680746094259,0.38358028136401146,0.21494453239426825,0.5896815769172328,0.811669528593085,1.2647787988216024,-0.08187075770652452,0.34689280440222614,0.05946093770919436,0.24111703431431408,0.16598744564757695,0.30221420785446007,0.02324499869971408,0.03107447070637459,1.3715509515950686,0.06381058005668816,-0.027241593498553485,0.7035570970586642,0.9926572745922164,0.5956884293023514,0.17770368124263314,0.0911296472440668,0.06425381662898211,0.020909561026221546,1.0579020758430975,0.4268204138228322,0.36052084653693806,0.13821632535887307,0.0490215915412171,0.151922367644584,0.6218085788391381,0.27610567058255153,0.9705667415166097,0.3766305159026375,0.6693625151935136,-0.06570154080318025,0.37659597212669693,-0.03225763146677263,0.08226160517465253,0.29070271165442385,0.16500584324363654,1.0949379088075615,-1.3919597321132349,0.09983437334449397,-0.0005195370651200903,3.24669729594455,0.9966161684110606,1.8408185960298074,0.08501663210847887,2.736796013830891,0.3963164725733046,0.9259499254677044,0.08156056361758379,0.08606974216956154,0.02827838176787978,0.12912471747405752,-0.33134452268348014,-1.1449134152841283,1.220566837516265,0.011313181408687978,0.013332823440398656,-0.01951712357116353,0.011421565094818398,0.2469156214569299,0.05813149960792918,0.0196850238887345,-0.4371879087596495
0.2420496491507631,0.7091421664364521,0.7122677781884237,0.07172374036592721,0.03610935994298181,2.7183774097820628,0.13356644547258112,0.2874380409129276,3.7406248587531143,0.10452703884249814,-0.1263598629236924,1.6589823189939925,-0.5267473442734456,0.4024049468018154,0.0494980111501544,0.05348333532017513,0.3479862087492407,0.5778437992709495,0.34790347769982555,0.3269669388728831,1.4069730705140016,0.3124980987348067,0.06019407264588583,0.18254672398427063,1.141264133551073,0.08961051059134206,0.09148069816884519,4.797461443970933,0.2146912138444943,2.071275474351557,1.1740511674002017,0.00705481390057372,0.023788716937738208,0.5692613731440659,-0.07085125869856101,0.05173983030595175,-0.1717491940148168,0.2176104341333831,2.7153247186718534,0.37993930857545344,0.453872219071072,0.7579956966985009,1.441456133958754,0.5504614381428183,0.05147802210788299,0.001873069747418743,0.02010997325080721,-0.0644794525606387,0.10368708793579806,-0.11543799421171208,0.1641001332709564,0.09161318231179294,-0.5110811237029846,0.0585492579160678,1.0993642516859765,0.030330411654437395,0.33447829367254567,-0.024016061038937497,1.0462397862486315,-0.12809087121439156,0.42624918824424674,0.22551608342899065,-0.08682402665653388,0.23672979466551425,0.24270343732940436,-0.14103161568020006,0.007134253892378872,1.3864861974882396,0.8181771733661467,-0.21778096580053763,0.05960715889228396,0.761959914706374,0.0026819169228664563,1.3677273694857979,1.1701259364109333,0.6476326314458714,0.1826408297013815,1.4862003149124412,0.26898056679373994,0.10096006908011113,0.37986504154447953,0.22960900953170604,3.167453939644094,0.5279708831642109,1.261828858379614,1.0111252179711636,1.0002035334537105,1.4210631281358954,-0.019521045840502183,0.8878029830115572,0.06355167478618196,1.9141920222102495,0.1695714568413198,0.6716141574973062,0.00729779913730777
0.15533951110900102,0.684393245696814,0.6616736317916327,-0.7795196241474969,0.047215131563076884,1.0085996720497503,0.023740123683293923,-0.1466675800687045,-0.8014139716522166,-0.13782155706312693,0.4257377491375198,0.7417353996439067,-0.3609903662763152,0.698832610485661,0.26588401674753914,2.3175555124526195,0.1739048485211061,0.0487947464049836,0.14065478829375122,0.053152142703003946,-0.5626616333536667,0.47664987259791225,0.21544387801309917,-0.10758641321343987,0.7595830122202649,0.022786200897686015,0.24533449774675287,0.259873562506554,0.6548598968244086,0.002823469074050955,0.014015952014812871,0.06624985188404331,0.5926272919693663,0.013006190253670447,-0.0318958158992384,0.0641864807234871,-0.03437438114586033,0.03411249821742768,0.47454954968407925,0.06373337335686369,0.0005340315326325396,0.461458164654724,0.08119747002418087,0.1032067145132336,0.010129745934021717,0.3693889974720408,0.9079574416002223,0.025269440189274572,-0.02485538748528615,0.0031529178235523148,0.01185656779299249,-0.040979436101688194,1.3302805560274917,0.004800303376883974,1.5643730615564797,0.0689469783466663,0.8578327488464819,0.13992481522944145,1.0373948320336135,0.2794549056992013,1.6788305387282385,1.8880455068926008,0.20117744553718264,0.26722872445619483,0.020389566389229508,0.5156400817041877,0.12289548741474343,0.1624830399928432,-1.1244185701832414,-1.8474519928922355,0.2935590878859875,-0.16258736581406552,0.5366864322094438,1.3541158497936436,0.1272477506299481,0.6514930232023177,0.4036930460485193,1.4669977813611341,0.19942263464678023,-0.011918779572200666,0.2699215850043468,0.1585906514735118,2.699684408311535,0.10510180489484444,0.1585712931999108,6.619647150484816,0.5925112859498309,0.04088451031547846,0.059268130795543605,0.6886889417553661,0.026048973100818884,0.19173144266167785,0.0013632774615213172,0.20839144075482707,-2.4522351303555237
0.3163301878128868,-0.01833622434693627,-4.386496030031154,0.007234344960068029,-0.019472678384376163,0.8739924285185845,0.8163718956410806,0.007299997939738567,0.0029765762746114532,-1.8544530469622238,0.594755174982426,0.08297449421525904,-0.6776183274286396,0.0036332864847858914,-0.005790402427358288,0.45499710983767594,0.3640402947128578,-0.003698379877350888,0.11097731299322167,-0.04161471642760528,2.1546181755264193,0.4278666636180737,0.46171117799923866,0.07167897118155775,-0.016142108358590868,0.04976247865709027,0.10695678351376703,4.471157366465396,-0.03461987432282143,0.42471092952155365,-3.1881467090806446,-0.008981794442074253,0.3625846428356392,0.0049424123213737126,0.24274638330950626,0.0989912842687457,-0.028528261718456793,0.3266522080644778,3.0684496049725816,2.249237572407071,-0.0182854112643156,0.5725612596414713,0.5708152983621249,0.01839033884588659,0.1417915144560138,0.24004807489120417,0.503978715857258,0.6648331849548796,0.0338462309392944,0.014798547603619205,0.08291393871791186,3.767338719559568,1.1048903183806198,0.0812999294499166,0.1432657981380867,0.002330620185691412,1.6545338497014983,-0.10262605066738839,0.12050390967080338,0.33818964024153964,-0.2166646144208162,0.010905513186933113,-0.578809243533013,0.7610619372293321,0.20205280877544762,0.6237840144187436,0.10528182567288003,0.7545210243192955,3.120486628521844,1.4192920201381618,-3.286632288109872,1.5659759624787846,0.321948420378912,0.049474626245261444,0.23317977382313382,1.0810184159990541,-0.04070102960045041,3.9646666721447614,0.17380797928343483,0.09727837918110627,0.03016881514884151,0.047340473741877,1.0495174100632685,0.02741405431901356,-0.34333091949176353,0.09946462511294563,1.674092607979083,1.291977628430078,0.009641353550684073,1.6081746042932448,0.34463914698056897,-0.006496396314615183,0.698680811992058,-0.059492788599075475,0.14331743839863353
0.04691803950686735,0.44930421190268177,0.5108799645766036,0.13075712829747488,0.02486868307796186,0.7455503643609074,-0.024527159485435046,-0.15140771832619526,-1.6553269113948232,0.5235890307290445,-0.005202363318760561,-0.0295290870705065,-0.3502462946180529,-0.054949102796238325,0.1155775911326331,-1.1077817226208682,-0.14493104822337344,0.8052420000886773,0.7051202377484778,-0.0012330042970640775,1.766898761644296,0.03494357655594138,0.03240210234353569,0.11363639377092039,1.5587756876673904,4.195702532228674,-0.13531371899486277,0.7895903502448105,0.01413119213903169,5.687059047323975,0.11072825674067444,0.053459397842153145,0.09088897441290822,1.0256253919099896,0.16864463656648132,-0.007892238117428896,-0.00012610951542946225,-0.07125000983757701,1.8796505950839055,0.6028415337536952,-0.006465911115462575,0.06907262105145318,1.662395127868753,0.016602550389483994,1.5172720817989243,-0.012196323293679256,-0.12197513328536846,0.12264928807107811,0.09163703153543601,-0.11423948309665999,0.05584279325447916,-0.06279765389764869,2.0386858653639637,-0.008519152896731441,0.0011127569532636272,0.11522639418198,0.10605128335343839,0.1294153094588646,0.3643759684079466,0.19552077191894757,2.252390256269093,-0.16305920279763608,-0.6791902344473448,0.060872701430489506,0.37815450171000986,-0.24785772928777838,0.06037160793304608,0.11462368332601569,0.8191775277744551,1.0125808440899382,0.31924633680628745,0.0029778801786386477,0.012696331954312967,0.05398189232128825,0.07515450222518805,1.3249188200288131,0.24350192654783598,3.661673760201137,0.029607399291100123,-0.07246955032896807,0.5442633353906636,1.0264398858187103,1.6169228547972065,0.8091254528728258,-0.019745914847275614,-0.40515125357908444,0.4715113295564901,0.653444404714107,0.02866769164486005,0.02808695875322975,0.24528128054554532,1.5792374022166973,0.1956782266949344,0.686913166070914,-5.001339032572821
0.2863987586874037,-0.041204276208199,0.12298091248920429,0.11641232097213106,0.03859586173925944,1.3804921833882005,-0.08545681035918662,-0.653936107799006,3.9463006683293402,0.3495391980178333,-0.00028270373944572214,0.002479340164194266,0.05366096729953895,0.17194602730841368,-0.015055617467520932,10.07471399112753,0.060485855156486856,0.006682566870799711,0.8052932668217871,-0.056799615226214684,0.3016019638227343,0.04667295953653294,0.25695403970629194,0.008271197596896318,0.7752083981512374,-0.02061934438125146,0.9711701037273466,2.5369150941437253,0.44167988523958357,0.6591171213481974,0.1378290489124132,-0.028697392953270118,0.11880541246654897,-0.09140191363516958,0.7068952006308704,0.8023344845440965,0.5400969333885186,-0.012616091850618183,-0.5112538908924602,0.980955812326652,0.02306858746379703,0.4613278372748324,0.6973908501152906,-0.009089926855200048,3.4501782330241237,1.1270616244794018,0.12228087362980267,0.5787489342875909,0.2096351394387419,0.5817410731937329,0.10880652930892598,3.3159632704373134,2.509817020693113,0.07923461956368882,0.5378544120161797,0.1550744859465505,0.6502709784337135,0.25970789988722753,0.8067379990775949,0.06130850088052053,0.5163298188411036,0.11324958759216752,0.458133633677682,-0.12269944243139363,0.0905553357985629,0.22285583330838232,1.2255303299877278,0.16128516923330993,0.731567856588029,0.2577386137775237,0.8094461259300019,1.0391340882178985,0.6536173086876125,0.17480292326794666,0.2783570224065608,0.8244256523096318,-0.06781765196831202,1.6787109774748163,0.49754854931136805,0.3593584227566198,0.3471332018707365,0.19023158364259807,1.6357567768138388,0.03433774816873303,-1.552137326806367,-0.07985825121549617,1.1996398042353498,0.7067383868575776,0.7635945550199792,0.603436594392015,0.09407654334578464,0.3789585995453906,0.44730253247100915,0.010575130719706838,-0.05119571881346374
-0.06360902728756868,1.796603913797063,-2.427348252899434,0.050149765513122446,0.052629159840704265,0.5878955708102733,0.35545061433367486,0.14522820532046943,0.20084553327299304,0.404396478017353,0.48130398506185923,0.6142388581757317,0.8499571163261876,-0.1341700531549055,0.008179400522780433,-1.1782658153782117,0.7036884054676777,0.22707422962069734,0.19246069586317383,0.02803189316033805,-0.8437760949564748,0.031223550341748174,0.12475013949467595,-0.00869180270022607,-0.053233557250245145,0.149739636916844,0.5052800144287266,0.7623518234915245,0.4501082993391341,0.22995198469007505,1.6538854672535672,0.09353129295684948,0.19408282351888229,0.3861633500565027,0.8651431105234568,0.7369205545686008,1.1308699703399965,0.19881559345142463,1.0141653021671857,1.0870009906362847,0.012037353753890478,0.4700882146693788,0.46846214369404837,-0.022288429351854155,0.0018889309576719526,-0.03085610377899517,0.809567215450274,0.0321052815063716,-0.049255797526188694,0.4403447097645756,0.0647197751451456,0.08491257059738277,1.3631654109175475,-0.0026534911292035446,0.34229751458142754,0.19401581374073196,0.737312205627374,0.09251566100219533,0.3842496564318445,0.31363883527148406,-0.42286180648063265,0.1629771718599029,0.6299563314572696,0.0018199735393786831,1.011727066290951,0.8795778808013592,0.011746757795688012,0.21035645336617792,0.8804274740078419,-1.3464102968420404,0.338869543867899,1.6110316550118062,0.17753093513894136,0.1508749020597837,0.06139115669325612,1.2026572333617205,0.1389323822734161,0.5294235200239821,1.0551599671649292,-0.0724988544504317,0.012624564519438497,0.014654395540992127,0.05564460153507467,1.8423682106322126,0.6480954114633466,1.2734913769290053,2.147750343058691,1.0791183001689832,0.07709449136324142,0.1593324105709586,-0.04775291664620873,-0.011809548627181421,0.4524485829194278,-0.03666667203629714,-1.1920091697518416
0.42011211682053773,0.24095971681736428,2.0868961076359156,0.3050742662137891,0.23820232866124869,1.1958507144542576,3.300619987423702,-0.006170020948864874,0.5193633514857838,0.08139956893439493,0.0729532622359983,2.3299781165857567,0.11271807760445451,0.003465059386304592,0.13478039534596675,-0.3404821000131202,0.6968029648447551,0.0029630957397603908,0.13331836872733138,0.022458573041873375,-2.0884578797712514,0.18134698065785848,0.10019329128283072,0.028806859118633454,1.312430214473486,1.7068858814215222,0.040899516026358995,1.9309442686736151,0.09798127192475015,2.7213766181701535,-5.880033106375748e-05,0.08626096199345135,0.9242977280456977,0.2372575705456068,0.28299100720115433,0.02479455781025619,-0.03884786995504008,-0.008746747996999371,-0.045312435614218494,0.40115508345650497,-0.0309753324180555,0.5978409294567095,0.5397470256669221,0.03277786862104293,0.0658403587559171,0.2898403766653801,0.9709278821242595,0.11435150252412019,0.24858489086531232,0.5308078656752411,0.8046477358612019,0.0333707214671497,1.8135490039508362,-0.028710436894875624,1.1344511059971287,0.01266002999850624,0.31260231147443296,0.24503269574146813,0.07344868992426345,0.14151686845861633,0.2860369672015466,-0.05420608528263582,-0.4727072082964048,-0.04039130029590776,0.21320035226685663,0.5316394372660724,0.03509841418384063,0.4179798419171483,0.17852787962752537,-1.1163878396954496,-1.8241028320453392,-0.1729456856210141,0.0007289253186177902,0.058954362056108156,1.642833868925785,1.6607529993886847,-0.02583588219071231,2.6624085152063115,0.8231729748523637,-0.025209572987253903,0.0554340369494728,0.25061547304264753,0.8842739331248142,1.1380801152514004,-0.2292553496311891,0.33039629554729455,0.5166801813790496,0.3097658317915766,0.007312657852279969,0.36188855600697956,0.18375978544055815,-0.05733249108885552,0.015583501827351132,-0.06247737791358876,0.00051118659260041
0.21836112055714985,0.6572667573590145,0.2841622229811316,0.17482701405887902,-0.00852024247379024,0.16170086702793363,-0.7382655056627678,-0.002270381509839048,0.05737190820960647,-0.3145723120996422,0.38248304920768117,0.9298245175154172,2.4100067901589863,0.029908370082029512,0.09631678021135492,0.06892712363292297,0.18176333583023663,1.3069278615197586,0.8437359233716895,0.004053634499260106,10.550082092428031,0.030390996869433362,0.013559952523210406,-0.24623228126992558,0.44445814311367293,0.5494779292835794,-0.0004179601447118486,1.489738497971243,0.1066516485073663,0.027957426146795417,1.4698186264720947,0.111536556929837,0.10155082430467921,0.08036188421662516,0.06158029172530899,0.03869692084434728,0.16251624604038106,0.16271630908619272,0.6639141458064586,0.6372617039619843,-0.04183343177083998,0.47637345779786955,2.842130760756384,0.020822206402717036,-0.003771124579331264,0.37799029831210884,0.20739329881025848,5.0728691817583975,0.03978310862239365,0.0647050516312988,0.12542194648823202,0.03366967040929625,1.4464182354380561,0.12755683663571693,1.1488373524192248,0.09470715427243581,-0.12157317392481204,0.342400343544341,0.8020359119404716,0.7331190546204942,-0.11767452501751485,0.20474374919767424,0.5436011321681917,-0.14253231838706704,0.0024680099743452644,0.6512019162934228,-0.015349369049636685,-0.17299230743153515,1.5288388696115454,0.686111577458413,0.02143381244861242,0.5823549803655177,0.004116768840472407,3.2561964721536016,0.025418621004364095,4.386623337330447,0.038826933369654704,4.416022270653775,0.6118494848062834,0.020501659887503187,0.14071108977182512,-0.026452109595125783,0.2635300881862306,0.18395889613852168,-0.34487793193022753,-0.0005611809943291135,0.39335797803945693,0.10621651960316525,-0.019548534959480612,0.0603574432117,0.43955426895738814,0.11388218253679394,-0.0286768630010803,0.4172602175508464,-1.4397007917219895
0.3765361628553081,0.33232499009143357,0.09959883926532509,0.04136749905598336,0.23390537019139446,0.6937484472242468,-1.2368168277323388,0.06362579139838687,-0.4090859602963235,0.17087784597513833,-0.07576466848714114,0.008181715055295413,0.8759316304637466,-0.051023416812187694,2.998514133480116,-2.0190846199910117,0.09955755288576906,0.013281344353438973,0.01062677824777225,0.2527367707253996,-1.6895816736387692,0.12531274402321202,0.7902839325934083,0.03230643904699937,0.1622304616171668,0.14415180822399076,0.13884417560073548,-0.4342713137222489,0.06888882809121544,0.16138650306112634,0.09171970491624393,0.013222076629855195,0.9054873087290467,-0.00996770936405511,0.030300601361465063,0.13021229703406778,0.08200427409809219,-0.013071401914413805,1.026776135846653,-0.01719855725454522,-0.08737452730406225,0.4476704358948682,0.7382832534526251,-0.04148543311451913,-0.0045616240119601414,1.076191732579427,1.4246680990859604,1.1429429449567303,0.6296822243283788,0.01992400434610575,0.08342584535527742,-0.022408669730033637,0.0436826546593263,0.922635899498955,1.2761573767811534,-0.06332811446653164,0.24043903407766454,0.06607318028937259,1.197383034845351,0.35843303480501465,1.1115981793855187,0.5806003113418425,-0.07102990127289832,0.04461960865418835,0.035654132376272685,0.4606419567124611,0.05665382018675125,0.02552317563283779,0.23319890922449904,-0.8776323074349204,0.39050245944513495,0.01598527841210151,0.08798624350315487,6.489660405732192,0.21706692694026053,0.3060542570979181,0.36824624186281163,0.6755557634125182,0.010894385251895677,0.17059658820632873,1.321787142854897,1.5052970540409216,1.1596952123614526,1.0223566916301778,-0.0008418558194964731,0.27524787925194305,0.8306746092978345,0.11286168779745553,-0.01282736776240867,0.5067355324399152,-0.04926491559224466,0.36598135128671316,0.08876294666850182,1.6618263498105748,-0.8658311774590342
1.1921144130312111,1.2638686345303682,0.03639287832324278,-0.7397092828009963,0.0025189437270700665,1.1432221745738924,0.9164676103211384,-0.8699310853055486,0.002278263108517198,0.16787362366730996,0.23812627723296265,0.17018633029450836,-0.07949256908185198,0.05298860388485327,0.01828392328430084,0.6541496019535278,0.057480946311662784,0.29473515384165694,0.25878980626296677,0.13677102756070303,-0.03574758220760721,0.10483515481402561,0.7457510878467897,1.4306448096535185,0.30767800278969126,0.5046199492292196,1.4123764473543048,0.07859382283952776,0.015916732933471067,1.2340333498304132,-0.3086950540353879,0.12119699568582565,-0.01369541670279606,-0.0404930556155243,0.1566163101168243,0.27755391482061853,0.1257099460127069,0.5154510011681905,0.5149072874708871,0.5448459683064115,1.7408190310261666,1.090352085000287,1.5682824100045387,-0.004120002586256888,0.014954441370942373,-0.02770482839706645,1.501707572594448,0.32081994239415224,0.9191721596667168,-0.02018266610100561,0.05947577612981103,0.29210868815596225,0.46488085439384275,0.01658373243716138,1.39000802654723,0.3259220584190414,2.060904723532337,0.16650515616381512,0.35639013600626734,0.18622391056170606,0.9717229589443486,0.008876777282248227,0.8061381231118867,0.3419957044032529,0.39899123986505813,0.3297416031459912,0.006889944997922726,0.17191403334227928,0.14692956384437306,0.6224447887095659,1.2156249880393224,0.1390787567849312,0.35337293891081734,0.055997765237540964,0.02811853804122144,0.7127546799285724,0.009771121566387375,2.900425915977128,0.8104514420946805,0.08710968667715946,0.6942918276997041,0.007724989278465877,-0.14553928056246512,0.2995353229169302,-0.5471450643999489,0.33252646431335897,1.061757929778472,0.1404911212703568,0.44589147309968524,1.323952917613683,0.015489851362344709,0.10371297634074805,0.3156017328533345,0.06214793247874084,0.2089122442214446
-0.061255667496268984,0.22216013136367696,-0.09383386404207794,0.07227256564898088,0.0523873930192984,0.9997903226765388,1.3123922933703134,0.024841281658206427,0.025393869734982033,0.022821635366962134,0.16896507378338477,-0.43438796361162035,0.221803679802564,0.08088264241339305,0.33082935402745495,-0.02400411944620995,0.0833836029132975,0.04704270749319783,0.10905646015319537,0.19057556003771126,1.5669586700424407,-0.018657524170615503,0.19154515775307068,0.002454552830644108,0.0734840889866244,0.6449991893959233,1.9588759462936531,1.0340090504545678,-0.17522142765951543,0.22479004308798523,0.13937580297508845,-0.05076558905445072,-1.2834843714060185e-05,1.3296665676679718,-0.11239397882368118,0.8839142373675095,-0.12226321176698018,0.06480458716157145,-0.013824903624279017,1.0489282206128472,-0.05809185683494977,1.4406351568159774,0.13800233456010647,-0.0011939657248891677,0.028674129940591486,0.09842995033664259,0.036422901079362635,0.10813657679035549,0.3345791839929362,-0.8132425353262214,-0.019457963031393355,0.038539124200211106,1.2421476287126865,0.274698120746645,0.2690792720377302,0.3057740291766242,0.296255513565602,0.1698331593734066,0.34625350232859997,0.10387031973042049,2.185038791175856,0.008231709200454684,0.03359243374180121,0.0005446196080063359,-0.04948198872660248,0.056155319783621316,0.6513521131984312,0.23857507933121003,0.35684840135856,-0.718983090902384,-0.40326675743643925,0.0024728405025067346,-0.043991223701787874,0.01088801318785837,0.22870610408475356,0.5946587796290297,0.040067754866480954,3.6939097860413916,0.08480810281275986,0.2686013585324831,0.18535272264001845,1.6541691631759048,-0.07216892311386047,0.17412580294856816,0.2003097006725172,-0.6853985272656455,0.023154034961349268,0.09018619939324068,-0.012478067011810534,0.7884601898751686,-0.2610037540260155,-0.12029696921082245,0.37458878090261827,0.0414046008140172,-0.10129447177316653
0.06520319991829915,0.1138063115146597,-0.5789991884653576,0.039618485160399786,0.009135753147408554,0.15842347328651263,0.5892071015949436,-0.34445266855400813,0.39314062952828,0.591752615815996,0.0033363970535464915,-0.3502203167909288,-0.9451316165354298,0.4844149260461008,0.3115541412802796,0.07226261342093432,0.10946384083858796,0.015635036444419548,-0.03375329678318639,0.8102684232836941,1.5166826463551342,0.46200921532087724,0.7596129739045172,0.02731284612676088,-0.10082244507991245,-0.07135552327420935,-0.037020569883021714,0.35557632921893134,-0.015419797387369982,0.02868053413516458,-0.7315428685009087,-0.00206201981056342,0.17318367046336647,0.03696668652674662,0.21222450302142182,0.053452114573642184,0.22046486915653762,-0.02385550709555373,1.62051658455378,7.990937147752256,0.006186262125176256,1.1148524052342221,0.9571119879571839,0.14345552121531036,0.002225918838490104,0.07125405520182349,0.354519526248251,1.6891341876084498,0.04761015996145357,0.022678977598278305,0.2349372798531455,-0.003327388152980504,2.2291435732100986,0.06544213418104583,0.8643669209563374,0.057516862014906245,0.05849098178762979,-0.008868488469699898,1.1585182970601093,-0.10922448054078604,1.87927860893004,-0.07311714721377927,-0.8663960122820678,0.14791534904911785,-0.003063143182981065,1.137680750850139,0.0015780937297193987,0.5113179074711081,0.7832450767117942,1.5471925375544568,-0.4800398968758568,0.26455385408653154,1.0000445079680147,0.9048608380047476,3.6193218351180434,0.7937800203729353,0.5304191515060337,2.776282302276841,-0.20576890303702378,0.10729456174713148,0.2556727684932758,-0.015085871950396346,1.1227264802336645,0.1690687931397843,0.3587183247474446,1.3014612571568764,-0.03744627425450986,0.0691184651132235,-0.02499545880655818,0.08952145992422533,0.2323672896647162,-0.009112019212792255,-0.017599619856369042,0.38178728573535836,-3.5936086545383397
-0.18697890440213083,0.054142556549594545,2.5437440399132196,-0.05301459512849416,-0.002925645615552419,0.22231421887565794,-0.5051768571580268,0.035053286792208205,2.4219370080742757,-0.585475893872184,-0.04878654619581324,0.03826577106160345,2.3824592268428546,0.10058452728825529,0.05340457287929912,0.34133217667910376,0.8674409258532307,0.005458279812904809,0.0763096586119425,0.24238000506280422,-0.20002445543701963,-0.134528879725611,0.042511234577705004,-0.012089487119936848,0.05572611575270958,0.00012845761666824274,-0.1175545344321316,3.6498933127945214,-0.022720696295253084,0.2183819494597219,0.10728852526267207,-0.04097106600025224,0.7908803682227754,0.7522267922594743,0.1431899886688397,0.4061386977010839,-0.0009591520354517158,0.1817395404333797,2.280803341247795,1.3364093033697886,-0.045121443481862755,0.3553773991379172,1.3815860581882653,-0.021345916598015435,0.28374366767707926,0.2513284579464097,0.015460937835891642,-0.0014122036502719482,0.043589709406861576,0.4736884469437759,0.007643881606101743,-0.005270595909906639,2.2767308453796264,0.003978233278278065,0.20252352767632864,0.04051254443245833,-0.01321401464324845,-0.00031525488419958947,0.33702706490934276,0.03414678236337121,0.379899199257582,0.003664763900825818,-0.28464817838791356,0.0727866175407561,0.09904486973198434,0.5978361253845392,0.30383355312944005,0.021772939431039084,0.20328448408266953,-1.4778186443881935,1.5047246095301716,0.06194247915829676,0.29498668092892233,0.031830142889911706,0.37330067978820614,4.183795683875093,0.7584008111495075,0.4808550156404543,0.3913754274499288,0.017545744829220666,0.04975579409962627,0.8044587952569717,1.4509437081235532,-0.69472358798639,-0.0821696718309628,0.10380046500717066,0.25141112476565297,0.0023431850742063887,-0.011523525228601894,0.8260399289718059,0.1227811162358945,0.34519673985425925,0.07014701489311337,0.06210431449681941,-4.227237243219948
0.13069914609697086,-0.05415101695301017,-2.7026076083991306,0.21068792022378524,0.5920606922424185,0.8560244693805208,0.46797204165997064,0.7342958750922,-0.6616327560384105,0.10006541558752335,-0.021159887938277055,0.4319703689222445,-0.8625066204847727,0.08909440482061681,-0.006844088426783301,0.599552618264684,0.04001783417220839,-0.00672120032199075,0.02926230552397291,0.16499301016309076,0.007616674589448813,-0.11947737037035377,0.160828901967081,0.30341371273150664,0.00983219679332592,0.1845429305001236,0.32811453729166473,2.622731813668821,0.6019775134905698,-2.385726612176777,-0.019803615695312082,-0.08769224973037915,0.6999816967275443,0.020230258078784757,-0.11229360968203927,0.09348768395140983,0.6075201113346487,0.10429832899101932,1.9095934405600055,3.712391972449951,0.00792779904836216,0.9084172812553053,-0.12980088118517763,0.008424040468000271,0.1488607270426412,0.1656357102293069,0.07293708526920373,0.7845384781587104,0.011031782602412221,0.17969154663603826,0.15607532608932484,0.0658612158481997,2.284194506681404,-0.0020773249026735385,0.029415103001545262,0.1321468106946222,0.6323695064083106,1.1929784215013366,0.8390224649593616,0.2597504597692901,0.06835000086486431,0.11995068570774148,0.4611962811041792,0.016640131880646614,0.22968857810481724,0.41274619409059543,0.020533713006211762,-0.16973405015048293,-0.011866752480986786,-1.437238016191789,-5.2922282609051905,0.04834001665874377,0.5063000119288033,0.012579176157635263,0.26831188146327944,1.3003951193040004,-0.01621577642145411,4.173830867238239,0.362527153974614,0.4018979262289486,0.3940118758101665,-0.05802983842970466,0.14564910319228552,0.001915289995435998,0.28613832740561485,0.14073719812455998,-0.2815366087832043,0.699767893821531,0.02875328622519646,-0.02198678109026453,0.13683577010773273,-2.3011074486048297,-0.14310382081820938,1.2888173082213576,-0.26239280276049204
0.6395924056455344,0.3824073835701327,1.2240051977324633,1.048387315436174,-0.024705398977670434,0.3881873390940811,-0.19385864980399248,0.035281359740347185,1.3523749010179866,-1.3261829041069273,1.1150602925279705,0.6049172053875242,2.1038653179009934,0.017505392482125792,0.03132847287799745,-0.316272029111893,-0.24289761504057594,-0.01742738742603489,0.12812886815784896,0.09368799485096169,-0.5994746931225317,-0.017406163970749233,1.6785793884145637,-0.252924873864,-0.0009161541228870362,0.4596912014496217,-0.09658051057155959,0.5201691692702406,0.08494131416260942,-0.38777704618942366,1.219597044861378,0.016537701828182705,0.10370457067232763,0.0017237964022154273,0.029737014565033526,2.0073059682529166,0.007348333940031537,0.38999334535404717,0.5207293798064958,-0.30725106994687224,0.7439248755389603,0.3973370164652339,1.1384710090074028,0.0281975570045212,0.17292483110557022,0.12933267255313385,-0.15848991990334316,0.09557226882942826,0.006711898161580798,0.09716932013690638,0.01822838474131583,0.05312054005854794,1.20946758590933,1.1409389712771585,-1.5658177818769552,0.008001443869396496,0.009466720643269255,0.38157949963579085,0.9673510356594166,0.3518389990018873,0.14365760731848987,1.1526267862987623,1.7607917905814503,-0.12750483679009683,0.2529748620184282,0.812337351167213,-0.003340005410104041,-0.18274365307205098,0.16014931367243168,0.130011626253423,-4.404850170115609,0.1719216335577478,0.020091784916798527,0.0037401203063689437,0.011713045223745944,0.8767832413365122,-0.49867331684800753,1.0443079900299592,2.215003549920325,0.06685254235389682,0.026302064742493414,-0.17297505343368247,0.2962372905445214,0.6750153244677892,0.3498779632557092,-0.4186323573203037,0.43770598725590837,0.3852690571188222,0.37589669967442907,0.49792945087846974,-0.0007672015652451236,0.0030849637907293115,-0.04611788335074518,0.3806123351195283,-0.4835503324591235
0.1760082030959138,0.27139957708830664,1.299352430415369,0.24260136360281948,0.04347316516135269,2.749075939423985,0.2838993032715953,-0.285187309826322,-1.6227405282678018,0.20797492156869168,0.40029099633972187,0.17863038937528053,0.0695237432607474,0.04216409893062234,-0.0037432686297327322,-0.1512386428251471,-0.11933195139369479,0.0046234263081172955,0.14094227317952557,0.04124049605533342,0.4159324313628101,-0.024450531505738393,2.558352683242317,-0.18027401199150317,1.5634259848346428,0.936276674914728,0.31007943960636375,1.2899856602091422,0.3376921471054706,3.2017983576998423,0.5475361916845372,0.031056245820080264,0.4406279991243771,0.6099760969609722,0.8525276695449335,0.4684772077018038,0.962233871108185,-0.036279734079016634,0.5232845350263355,4.198528788602593,0.2961114117029746,1.5203338671983673,0.9050602879847522,0.00012174722099089763,0.22611205591808314,0.038896549181222984,-0.17966657487846227,0.5643324840413788,0.12239512701203203,1.133349257106394,-0.024827651063101808,0.14326195440288592,1.046465999762873,-0.0839557832525486,0.48419931386935033,0.08148515387298616,1.4700543560949857,0.06371567616750262,1.9619001330245425,0.41052747290240177,0.9756276518514344,0.11456338958488432,0.08298031126148953,0.189786602300118,0.11964604345938668,0.32473717939584645,-0.0074372383778040785,0.3236949103110911,0.7145114919040001,0.8509535860157111,-0.1871935762981245,0.21985309620902083,0.012095331227166106,1.5756816017204787,2.4763634336168625,1.1974939646287344,0.09642518452187332,4.266797924620964,0.4474722221710774,0.17624966580342472,0.5002077245027872,0.2330170797373592,0.45379730839057375,-1.4327630044496722,-0.1192528068867107,0.6635118479095983,1.2404216069324585,-0.06761698132714322,0.18526516230033785,-0.2575199220894282,0.13642633140516658,-0.0763776618931642,-0.10275242099465576,0.12946116175501743,-1.0258630170869134
0.6442620238003727,1.167253800826817,0.5875082773720823,0.2108566986425977,0.031998942880049785,0.059197725804851054,-2.110275155005713,0.7376848201259607,0.9586369122283616,0.05163590245596161,0.23591828826687333,1.614989529215534,0.9969744683712509,0.013417561326722005,-0.023008188308656585,-2.6393527530656566,-0.040105378105899536,0.016574565312712508,1.9332274379646401,0.14214709589773378,0.3311622939316061,-0.059058551683021765,0.0012539140489495892,0.4564515887287177,0.3520763068357411,-0.009727328347681308,1.2009456683205961,1.487926415020743,-0.1251886374270983,0.7874041853812899,0.021346157076606698,0.09394102295736628,1.338680807377509,0.4702340682428172,1.7146315729610908,0.021764238584066398,-0.017571788438567992,0.21654439075980125,1.6914635366375386,0.954722823446275,0.002913765160810655,1.0215506939400107,0.8004814860720963,0.6972061927595039,0.01775072305418046,0.11103992595646961,0.3037051448987267,0.3486678575450832,1.8510059243956851,1.7602382517536368,0.7744020908351548,0.19560474098592184,1.5182911689614058,5.002536136723844,0.4205557179754855,-0.04523860680897629,0.6971545746817336,0.12321794791188356,0.4502077788797427,0.04879254721064896,0.6610634404041562,0.014126305176181742,-0.1212102845945413,-0.11369606778769814,0.21788900076498052,0.5699751210381265,0.0963684454925211,1.8344806400031928,0.7348982766254775,-1.3254682292912507,0.07608917895376965,0.014651716329899589,0.007050776343318077,0.06423694583418627,0.9014104639124594,1.2709288549321336,-0.23008694478373393,4.411533210470521,0.06963598859392661,0.23791034198729877,-0.023108693112185108,0.2836708865377009,-0.18508428074143346,1.6320844580601528,-0.38501135286918853,-0.2903801952446168,3.2891620455262576,4.242979157494506,0.206762391649161,0.41508269548511567,-0.04190276991650155,-0.4316422856015496,0.20154413876849908,0.23765734646353298,-2.3153013746967694
0.09730125949797586,0.08965518748974555,-0.8243320138663766,0.034836660245630036,0.057969936212836526,0.7554426263144034,-1.376214228205781,-0.11563113739051989,0.6508927769908501,-0.45825787213282787,-0.18171602695264344,-0.21955965843035852,0.02965344392423841,-1.6897412637807383,0.01638667848121944,-0.32456108108857595,0.08708152523838164,0.023451004377480267,0.35398215020562085,0.04755455205503534,0.6721325745229407,0.07688294470624335,0.14198282787661132,0.0016772776100948406,0.09104692511796841,0.0017209432565525873,0.3457258279058353,0.8074671919272092,0.28222973556408704,2.2522713585041263,0.16396381828092288,0.17557405003666782,0.3259966960372007,0.9849327598397037,0.09211285169399996,1.6400434221095077,-0.0191501967580181,0.9034483122193819,1.1444270121816302,1.3588730429913438,-0.006356722541728033,1.1260856847628928,2.4983141237387763,0.03871075953518677,0.029701080490069476,1.1970805120054933,0.49403680855456233,0.07977557293142468,0.48322571135343306,-0.2343325120763664,0.002869497591752257,0.010312391276791288,0.8772056868716405,0.007164628971628506,0.10109653500128069,0.15627750828089937,0.5751869358500148,0.003959695093046278,0.8923455846505495,0.3645173629649716,0.7063906362512649,0.0012380653780672546,-0.005904648624249997,0.1459624636770105,-0.05424318296184616,1.0573451083790602,-0.03690021443930824,2.178592356595475,0.031922119128203974,0.8866863972230439,0.5401106006375493,0.57383980169211,-0.015887609626200394,0.2445994301264749,0.6443806597796105,5.86309747083806,0.4704379619660619,4.614314535255263,0.042285638755864774,-0.126991080466202,0.053245732292029224,0.5517532394302882,3.009791960365078,0.002485798034083775,0.8321692487692349,0.0462753740338151,2.807053429036646,0.5948165228984976,0.2417299648301947,0.2537693652369182,-0.03929624814384969,-0.4679371900634077,0.18106647795530684,1.36759921470669,-0.9844462643946477
0.2153869063680558,-0.03597822331243883,0.4395713392828675,0.07938352893490119,0.18095597451296697,0.3325867663846891,0.2962192511455326,0.12394247359031896,-1.6519426246246205,0.7327970979711704,-0.07649859513646762,-0.03608931798888815,1.173709264109406,-0.30464391991536877,-0.0006791227928477639,0.15433910091380199,-0.4922520761036413,0.3804521308452484,0.7195744320386472,-0.01796902153781188,0.8709146142391768,0.04703174783161446,1.3789596867403047,0.07389126426923909,0.585739935850615,-0.04085586519308926,-0.1439527952593842,2.748168535846596,0.6226011040445236,0.04761018397431105,-2.032206157182795,0.07695168995822366,-0.1898555575527916,0.04303938377609562,0.1104093666016519,-0.015558149476563976,0.059800876035754236,0.5812838598340255,1.9233813119001653,1.842014824660314,-0.014303620384660931,0.2192771626754162,1.5359352519136706,0.10865741931608675,0.03588703357345846,0.039594952729687716,0.36960376662441163,2.2658052871909753,0.005183922284358378,0.45549009962553466,0.00806179163101195,0.30895780166198517,0.6803632379449365,0.7710710481075744,1.7474221520814854,0.17002260815953374,0.02950630023874279,0.11716304841993175,1.1293636207189133,0.08996182858713642,0.07850181159306491,0.2046071791555848,-0.0806239196454488,-0.17002211366454434,0.06401852485126946,0.7456382037848943,0.006318973297407382,0.19571257402758224,1.1403949128721864,0.6975767898949408,-0.3338158906496105,0.3301905711119488,-2.4568885460318768e-05,0.23115363731641914,0.5244807713128941,0.5083693112731265,-0.11454228117282916,1.2095170161123394,-0.09257437944968938,0.08320792552384848,0.05860654180383307,0.0833136315371128,2.5913887347358866,0.6621303081914487,-0.14866276070902718,0.08446780854043334,2.6260672360478026,1.7678798434411211,0.08337069587377544,0.07816240223237347,-0.02432839903901396,0.32928156989007995,-0.010996676923290316,0.01836764036060945,0.9700317607468696
0.09166701921949905,0.7707243392811147,0.7457008475151525,0.00022224374680490655,0.23614353425010304,2.1758295940500876,-0.001000673612730596,0.332002123975502,2.5139451592441864,0.31480074518546175,-0.09393369357654358,0.09915502798359865,-0.006121855654473762,-0.021068824673198705,-0.007823459397279908,0.04919771937051376,-0.26452966889755203,0.040276841128126684,0.1742628839323337,-0.01692848659993329,0.8629822167588959,-0.039642748788956794,0.8350673617769573,-0.060679968236837745,0.4613718124695376,-0.007430613020051879,0.05568680702886031,1.2488902637802912,-0.10604052801074992,-2.507758549115634,0.24009641534078652,-0.03558279685493204,0.13207586334354549,0.004574748552282681,-0.06824108939152485,0.07235643517263046,-0.05767463041164156,0.0857567660089309,-0.23558569609553803,1.1867590029484454,0.008411403069385592,0.5100360143039122,0.602287835936206,0.033051514043618724,0.01884832025853478,0.05181892532734267,0.7467241613577809,0.08913949653326192,0.3272575404371292,0.2743596273254516,0.042163003043828695,0.017333871730286887,1.8899017422229587,0.3733281542308289,0.20855425705000386,0.11947962370578402,0.042029713108598266,-0.05371502613084722,-0.10348348727189105,0.07430435653706624,1.2089657835693215,0.5516572625962204,0.7172090762191492,0.004838442739426796,0.6193668657456479,0.2854159116796886,0.011454644602371111,-5.6286329037646965e-05,0.28423700017665743,2.182737605397018,-0.293378726609804,0.4156162993529793,-0.0010018976948398262,1.3454813689429184,-0.0036193098195518303,5.736579916066914,0.43398382694367044,2.525922223050603,0.3687669644142044,0.11411394911093042,0.22677686308925438,0.1570365522066628,0.1766134882300765,1.269808275472465,5.551781863269316,2.337449058611183,0.14809678592076025,0.26155386161328575,0.02078909516863936,0.5554574406379924,-0.02311768996921515,0.08468630252613218,0.18327067711156353,0.051028447537075916,-1.0675759220393584
0.5874475331634725,0.5441143869761236,0.08324417081587754,0.31693280408995195,0.24411530383606417,-0.0009655766443406044,0.3478014891449026,0.16473941998356922,0.41520936733449254,-0.24053330015416385,0.010705093035380031,0.3782483194607935,2.596247199400273,0.066033340575685,0.0005668461352845711,-0.18425017655202236,0.33583341384482157,1.3819539753810934,0.7129997239113943,0.1480945086558405,-0.059312781982214346,1.8253314118030257,0.039976512314122026,0.26823370143451486,-0.07819827756462683,2.4401450161475937,0.13401931159604352,1.5391324651907023,-0.012227749840313606,-0.7641704176730268,0.16000135210955424,0.024233048074053798,0.4841185697822552,0.0041733169415967275,-0.11525015008401063,0.29445486366341456,0.02690769105906332,-0.02080355466587447,-0.011777613327648595,0.8072346831197788,0.049812886744492246,2.653301773765711,1.3566289699200862,0.5258202388001143,0.10353641384234358,0.06639304507992794,0.9758713293075729,0.008995439940484129,0.1740836704365245,-0.010907996080578464,-0.05572960545362626,1.187091305197706,1.3438548571739553,0.18681884307465024,0.09867687315590778,0.17524618412185822,0.1887957131629765,0.04336595245407526,-0.027479802052364555,0.09306038430261143,1.9163816362561779,0.7840049644771021,-0.38740034765364495,0.3697374205441317,0.22589928805181048,-0.39004764906260325,-0.03691131920051749,-0.02467238446501341,0.35519067680417615,-0.7300616282364416,0.03426813017689678,0.6203446039224305,-0.024525412115819822,0.3850733271594029,0.16834114097794028,-0.002824317249816133,0.21966848935397731,4.936419299996558,-0.11094737663052534,0.06736233549979165,0.32764937156902096,0.3158152354090884,0.9315770573422504,0.04351855454335629,0.4550152479369034,0.8302338900219395,2.1491539851475627,0.004667409789706145,0.028694267440557475,1.967280812714277,0.07993359201355776,0.18546378434178612,-0.04946379237149445,0.35242709782463244,-3.146185644405346
0.639862570066069,0.015178741537975604,-0.11264241525031782,2.575825098549024,0.0006622888049880871,0.7719539069832679,1.3040613282809481,-0.7819768993063145,0.32796831797698456,-0.30700466719466135,-0.15232400552659042,1.524002953383354,0.07504574386850926,-0.04555646687200987,-0.06397984727369366,0.0040961835298443106,0.18153854881935771,-0.022355487027934995,0.05897859520326776,0.18896745998285525,-0.8357779793762732,-0.06056521717232233,0.14993680630616346,0.12787775884565633,-0.012419365376850067,2.951384595996407,0.5018984562125333,1.6023100638174466,0.9002158990919611,2.77300795993905,0.4583404975170975,0.027197779099238595,0.11914711202180772,0.3388146939434611,0.056944795168309525,0.428398899089812,0.300109284206453,0.015067571558635251,0.41587171608611584,0.25703546371702046,0.0005049382358626175,0.3298972477499733,0.4208942475673414,-0.030592386988642417,0.04859512863534743,0.044243969172998554,2.3626305706069894,0.018173775897326827,0.09936019793009576,1.4457640190956464,0.11758722798079546,-0.03785304423244806,0.6383573393126332,0.0594503414123313,-0.7486023236007178,-0.11849353705262233,0.6594182057415523,-0.021346442492345297,0.887496977988528,0.15096713436079856,0.12492471038625608,0.11929259570216488,0.9078731599995802,0.3624937988839019,0.07139438823620559,0.8597075613062595,0.052981016193038855,-0.13315525091979463,0.1680498120464886,1.850615829743866,-0.013819801641607121,-0.07203046730151774,0.037658978863971626,0.7867660930345353,0.30580194161935736,1.5704319373805449,0.4879227426590469,2.750454259231688,-0.6318345257735434,0.38885253953677434,0.15767601333470616,1.8780914952667276,0.3472501081742796,0.10262801664026577,-0.46494122700912044,1.1051432250430153,0.01391356100972585,0.12331700927673594,-0.004075223628577707,0.47824853941845014,-0.013687529218993522,-2.1417509653241256,0.0012275014475475743,0.10640395856386053,-1.7792740898735753
0.08622654565158161,0.20881708003831712,-1.0614542542443886,0.031524591719552575,0.005170317795752943,0.005644386887266428,1.7711594547990313,0.33160552987320613,0.3057288167300065,0.5519890038218076,0.2844708152231985,0.9131282555447271,-0.5727457460838075,0.015616126008011877,0.13004532074705777,0.5364743967650143,0.07493832194752637,0.029324496071093442,-0.03701550215615823,0.01192030684271117,0.4012798797879782,0.07515333787826028,1.5622564970758201,-0.014603609674123774,-0.005682808995190136,-0.1156511344913298,0.20873700442113563,0.6465472961935985,0.029616513448834425,0.5980441593143437,0.0040139554494960095,0.1380511675614544,0.0460959291537657,0.21193402980821752,-0.004338088179259181,0.05429432265588696,0.5520977180609092,0.00028539831591611886,3.5658214160132253,2.0627643850983777,0.026090103585958424,0.4146766839704732,0.31367935391401147,0.38198657891226606,0.38000006629228533,-0.03889814481815623,1.1664673808889345,0.8852350043373498,0.027546160342651227,0.4338814899873533,0.13711362729769005,-0.08943815627406426,1.1037600034634387,0.8177554088278978,0.05991403664895234,-0.023935236937840276,2.518481196216042,-0.012034486863199412,0.2996668067406896,-0.10144742832453524,1.8543533069602027,0.2715927986049489,0.7579418157879623,-0.0796365643245025,-0.6985398339024331,0.5798005494437959,-0.00024064048606220467,1.2777266009437795,0.07732331988282581,-1.5658279416287009,0.026905092435480782,0.16098264684445684,0.5394928553788683,1.1182131746265815,0.009076338206189138,-0.9882669456340398,-0.17469145750831405,1.6547955648608283,0.3276530172606318,-0.03691322470761982,0.2141823657512294,0.2970242278926607,2.301250316601088,0.045761674160259336,0.13456197972734962,-0.008774915543374284,-0.9275089283422329,1.639987077695337,0.08209620363510162,-0.5306951126785346,0.11341791263166812,-0.914254585219858,0.14621941028953023,0.04998748441040135,-0.4480966595207354
0.15265120207094673,0.491509278971054,1.3165966035772154,1.008596614120215,0.13467090891454436,1.4165161184711819,-1.0356419313123424,0.01601251871133602,0.0313135096491175,0.03564836536344629,-0.10152294217297442,0.6493096833539633,0.008825933115438112,0.09306580174034229,-0.026437997070575037,-0.0096269371038753,0.017965252622351713,0.039603677960758255,-0.030515467584143252,-0.0022836381885031898,0.015073411969647843,-0.11852919593583477,1.0670950632602976,0.2958860274192343,-0.056359730583096734,-0.04572423149375027,1.6595612144823502,1.5664617910997602,0.22548836601349365,-0.32692169657508074,-1.9985673009345701,0.5258221776533389,0.4800618462760746,0.04549735226336349,0.06836766084494883,2.551652917060637,1.3035178846328712,0.26796705612043237,0.30619322333484433,0.2586908864611148,0.022875103625340287,-1.2480749416998673,0.9447294944471292,-0.04989779860943777,0.06488324344166418,0.016049079224647045,0.3113060878632812,3.2442340928266864,0.1399831031524954,0.6488391459055123,0.2234629599827498,-0.09635354606975266,1.7113127382299584,0.33424820066786687,0.913727093535682,-0.013775554447756022,0.2473213972421311,0.2144505266837342,0.999134409127362,-0.16417574657904588,0.43360455015031807,0.6282282678899844,0.08420529056149118,0.33052643029233497,0.36330089161124013,0.15140525740712008,-0.0136951633469522,1.1537868248854108,0.036077130049615214,-0.702443075072976,-6.2389476587152854,0.24230457920410542,0.3086966325174023,0.6968038763761792,1.5094758303740239,3.3849396196777013,0.06475221443123358,0.9587639228513516,0.2044855417320468,0.23398831125854436,0.005430240318282209,0.5664981586639222,0.18520403946034536,0.07945057355615726,1.3189724575597808,0.856811466271648,0.2147641892825165,0.743968918314101,-0.0006645855310827287,0.15998769934055623,0.1807484123395522,6.3781370344528305,1.8864897637775169,-0.055608136307085054,-0.3360864818182856
0.12034900085956757,-0.13005188668870504,0.027600143755937445,0.1130096308283326,0.01180715742787175,2.8368973105301123,0.1431410233435808,0.027626965096688938,0.8132678437434997,0.6555726036878902,0.4176752048007035,1.4747421463980688,-1.7020919769604816,0.6765764748867662,0.015644890957083213,-0.1499144151500964,-0.3230179423738955,-0.00373843041622246,0.23832615416925584,0.5512234180822029,0.8954337282894231,0.0802987089071987,1.5688957243460324,0.0267539314058447,-0.12641395372353603,0.0668776448609778,0.056599718754117845,2.168270757671836,0.3308551055161555,1.685816352351571,0.49720982322673324,-0.027556067591940625,0.00029711362750273196,0.007346941927109718,0.5660227214997162,0.10799016150146246,0.05656222404435107,-0.03938131192379979,0.9027444767305148,1.6655837882053763,0.010085902469956665,0.5547368432271802,1.104504207899522,-0.004656697455097003,0.23767561214626975,0.1525532758829673,0.4943970227670551,0.3192782418904585,0.018120921053734307,0.901974663141698,0.11269016139533505,0.30742238136435684,1.5667741354377167,0.83293764939165,0.2662932257702071,0.10164294842755961,-0.02225057728868851,0.09166977289122835,-0.0766894062327026,0.31064371483716524,0.46639897117897355,0.3448994515995589,0.5274793476881614,0.5575751453497295,1.9359140589786463,0.5306385925347596,0.026116857915492453,0.9679806464266347,0.31662765659071557,0.9334530726507051,-5.415406065907326,-0.040707983170224615,-0.019755153090861732,4.478522077288928,1.864894305701422,0.5514926337830035,-0.15185186955478658,5.221989492067439,0.027395141528436362,-0.01994341094172558,0.009707030737676092,0.4079994864699952,0.10149494352093047,0.2232634484590461,3.2865329144450417,0.9921266239848174,0.3605946458649436,-0.009794160559912335,-0.017370684852183516,0.6549004936633969,-0.1528547222238501,0.3907268219518203,0.005514473160284528,0.13778746918406748,-0.5616254461212229
0.3381431780411024,0.009509390198845225,0.7021928017002521,0.574978303134098,0.4911871134956707,0.24130682088936206,0.22142404243522495,-0.24522680739833502,-2.1537955669837654,8.078949312538862,0.0907903462259938,0.1126910964910186,0.38972051838655375,0.3017296870702295,0.027035528976269596,-0.9948483248442033,-0.3381805348432394,0.005221704789294179,0.08800561596883938,0.11243882136465366,0.034291340478959764,0.06324758336649317,0.3316307078669918,-0.05354279151026198,0.54908500356286,1.0348784796077863,0.06577266304447171,1.8763470120720012,0.004746211050823845,4.574073866255478,0.003034742323191786,0.20832888945982475,1.2734846088130158,0.2667814746314976,0.246820957095645,0.009522053591862534,0.012633807953964293,-0.0036294260304146064,0.5430957939452306,3.228093875013533,0.212069706579463,-0.028327918110045758,2.714014921116485,1.1440713359102581,0.08289200325365176,0.7728342105447972,0.5758734358622526,1.0739785716749681,0.552516281954528,0.2660219625407283,0.05749254653141911,0.14609984709906065,1.6483526736475094,-0.00426182808830422,0.6367368607208554,-0.020742434398092868,0.13377954864662378,0.24771927010751194,-0.013236054103368478,-0.02058708265946141,1.2858637627758265,-0.0900503077836925,-0.6088808057710846,0.4839006966014665,-0.09495619514387021,-0.07847667345604847,0.0009670129153853679,0.06045218084471138,0.1865522161579154,-1.1629030381788326,-0.325329191777076,0.25705503545512,0.6026657443021066,2.8036235001760987,0.42864656965970305,0.7940434739581521,0.10878976328991996,1.1975308369210604,0.06636298485420067,0.09633866842758154,0.00509334590045718,-0.02146643920968483,0.342221705214957,0.4557162469669205,1.8964642618343284,0.3613400767955137,-0.3905702063881247,0.009565954975703672,0.0497287642449864,0.5702662503726614,0.9287347524845879,0.31272791453759563,0.32636383163696614,0.23667896043031167,-0.14543968555736253
0.20738402321683402,0.571170449910686,-0.7044629221804293,0.035061967902818125,0.5158978157335223,0.011024504522463285,3.3150057518854066,0.1382823701845428,-0.9318509995790993,-0.5620166521653283,0.15655551461511408,0.5066024895176833,0.5850310260922749,-0.1321298079800135,0.0005442610454977626,0.7109793439535572,0.004058733291761207,0.23408562934007993,0.02615629023370669,0.0771261004737176,2.2080156949048853,-0.0004047717857935673,4.106679469955733,0.12640835693957264,0.6706422891209902,0.19458090368622338,-0.08124276471381187,3.0769667017365743,-0.017769225576346415,0.060414905301009014,0.3637587099748858,0.009119543321913781,0.2715666615585368,1.4588778285351873,-0.11519592109838417,1.0217133453881972,-0.11545067990347402,0.060006380697014805,1.3223905851094289,0.5268059173001554,-0.05042689063711947,0.5642702684143455,3.1701660054804517,0.0061090954221150184,1.1817658246765217,0.42609477500474213,0.04973006045235007,0.3815031907105215,0.018743192124609287,0.14615391571891445,0.05226521722379429,0.2481148332223162,1.6276357737567935,0.010203661359160066,1.4400295627681263,-0.004997199282904763,-0.038139958295839715,0.8113932434373088,0.03813762049603575,0.17795059989259787,1.1226886546652537,0.45332889392868436,-0.5651926337983149,0.9489281056442476,0.9167551034838994,1.2330761354753093,0.006466174051139362,0.161437885090864,0.07724689915885108,0.6446775958976945,-5.260902653429475,0.023062015503263478,0.031089328364671154,0.2978348352444087,2.127531626638854,0.42743635871884944,0.5230842604418404,2.2539820866305185,-0.024196731704720253,-0.0499216490728287,0.4103078229863062,0.3168022879655519,1.1814714900978913,-0.15412911827337616,1.4429480737669174,0.4433504289244361,1.0976376572315596,0.0013169060855178216,-0.018382888887621185,-0.019991939597572284,0.02550770060215246,-1.0792425523544473,-0.07053692379492915,0.13148839744205976,-0.848616247303239
-0.05921154162713549,0.33546512747531754,0.21478670954822743,0.3824387531874365,-0.0390876222043639,1.864948678776809,-0.5355183996160378,-0.10864859864693788,-1.827495412651313,1.3339482864028556,0.13777650480680048,-0.04025184381809055,0.01831996790351198,-0.055040454056523025,-0.00855337732491357,-0.00042142116452215106,0.08277338646299004,0.2264320628830272,0.17938284270063987,0.10534847785856005,-1.3141934788261267,-0.028052437610902148,0.5006708075592989,-0.03919337494417441,1.2007130771505006,0.31510339217859507,-0.061152110751447,4.049800232925806,0.028801814669670023,0.015296125332229682,0.8194873818163417,0.249327089436286,0.44943666052363085,0.9004625421649943,-0.1447521843345667,-0.007340321446175135,0.2562165685960669,0.5589276708610562,0.5226479763305232,0.2472490308950075,0.1115635809256359,1.1465403276984212,0.8222001565787282,0.008224605626823589,0.000413617586121795,0.3333594490330407,-0.1662340798069284,2.3241874836431498,1.3539701487186866,0.1764949042714541,0.04679730956311268,2.5452697113880713,0.9061429546828936,-0.028248734184399993,0.3682704862632695,0.1477223195351849,1.9998432982068906,0.03830048182733581,-0.04774054884775669,0.20643115114875554,1.852219424541678,0.7366562212623995,0.04956221951091422,-0.16536508159303231,0.18849062306100617,-0.2951711799010468,-0.008693474334291906,-0.03834043162754597,0.16078258051128103,1.367872312234086,0.19050883122400553,0.27042112183059963,0.03561511190798328,3.041529030981133,0.4181133801895043,0.501501036659139,0.008622396529955445,2.8479336474105232,-0.3422921169462527,-0.031288394617366766,-0.016990959196883537,0.5745990195274091,2.0582130400921237,1.5533942631982285,0.327614152535868,0.19480002567319588,2.1135819668890754,0.34500070380606873,0.04706220813143691,0.8160185028882365,-0.03795449778144766,0.0007363145261463089,-0.03847164729161756,0.024983903981382838,-0.5870796371411613
0.08507256575086908,0.5872897475049959,-0.010273939113826458,0.13079255086855213,0.7976379197492145,0.046557597224792246,0.0009612559936105214,-0.7040963167756145,0.9505818973976137,-0.46249479840226826,0.5467463344048813,0.06025539302075966,-0.8882406526697881,-0.00032820998082860875,0.0072231452823148246,-0.45641738593741277,0.9013872531781555,0.010355256468233875,0.1506835819378507,0.004248441166916805,0.9856976528226467,-0.0714528192220909,2.2235196346920203,0.018711342727921743,0.1175253659910731,1.14572447412114,-0.05863859571721797,6.33941625864407,-0.010192513273750592,2.268897202700897,0.8219272401104929,0.01639064922188105,0.01951929416708431,0.425863507514177,0.068871691806629,0.07726846539514298,-0.026755729291128016,0.7058154251195132,1.9724285288410544,1.8172807250627017,0.07160661856954231,0.38108316701478273,0.4235509364496437,0.06154936744102457,0.09229245103388317,-0.05801762636863428,1.0310113779794055,0.12291657680455259,0.016992654626864834,0.14582651494679055,0.062033030788746224,0.21737103421916792,0.411055467297861,0.27235496964486483,0.4854853860550197,0.14107487806211916,0.06197444000373231,0.3565097130411723,0.8847215893505762,0.021840395079972152,1.0513500565415566,0.3466461884110328,-0.6838230952961739,0.10057271985299643,0.10354397723014319,0.6839552647205851,0.2805495889053229,0.004668129271427013,-0.11286866798936135,0.8345114847168098,-0.6682400869637282,0.3240039083817656,0.0133320881710155,0.0765410693535733,1.48458884623517,0.3577783886136796,1.271387622765034,0.456621175752258,0.04254071883726729,-0.0031205399227598463,0.17205312594930433,0.14821746634412847,0.4120121861262356,0.8896783334362413,0.019520885848764102,0.1030822334560213,-4.1223588995720206e-05,0.1134120845537403,-0.00015352326736284283,0.15158544364605575,-0.07205105093287223,1.4352873312548375,0.1414783965336035,0.21338857345369489,-0.5303793177870002
0.026479108826270803,-0.04471039358085349,-0.10644744502169701,0.005228353005056974,0.021364193508887297,0.5490335545490952,-0.2635642001183882,-0.17915486984610984,0.030776952722850304,1.5948870167507376,0.4551356284141468,0.008355934080420013,-0.8729196445906791,0.08343852653522221,0.3879299285994984,0.3243385131775014,0.15274251463412725,1.5437364878969424,1.4393977466935906,0.19202771180744715,0.1177676781312007,0.11588801470633747,0.3325591486141093,-0.009065055373120856,-0.08382676246830822,0.19051708629257202,0.3304858244613502,1.0336569388443158,-0.1121653097436548,-0.5129954324190056,0.5212580152209312,0.0864793196546656,0.007932645008096095,0.008340766769419972,0.1306888556113277,-0.20137099398912017,0.2480833393378421,0.07820512431062188,1.2753038104502497,-0.004723135583048155,0.04645496769379509,-0.21706254520903467,2.176827708787198,0.018219255989227356,-0.025786228611364592,0.23428078940073505,0.30334093502742565,0.09436322061564217,1.3445669675777436,0.2830536900684315,0.10913851071185565,-0.021821573670145256,1.0167874436278623,0.4732422088097312,1.6665374113395393,-0.03382909031446957,0.14674681467096384,0.06058275849082584,1.4155228572790142,0.12009942152545161,0.5852557143826234,0.9669343835377711,0.08282913431342642,0.6528016648329427,0.05777970565609003,0.8251005417897894,0.018261166736575518,0.5935105927043338,0.5432335685720044,0.1195276844824571,0.9444479078304218,1.2008575135450004,0.04555585711227694,0.4639714574490341,0.18176573828011455,1.4892575947202626,0.05113272455453277,3.8747504483190482,0.6531040896002134,0.9068462164812829,0.745085744148966,1.6857857064403516,0.9216431571303763,0.11238407748654322,2.112120362203635,-0.009469440585896827,0.038753132781545574,0.6069328975842891,0.6367905809816272,0.1611313529222036,-0.016685587147038383,0.4740982383053556,0.06464646443511723,0.1131619687517671,-2.991345937975197
0.1188120871835654,-0.0348854325865009,0.13353527981266566,0.045725166431013875,0.006579792929876316,1.8974062838044325,2.062339541609708,0.3458635939639354,1.2310549996057114,-0.9686555186107322,0.04701085787823578,0.45930657100745176,0.5874663927572845,0.8009126050470421,0.11158217865746423,0.05753679448680771,0.047662053890094924,0.00032789873647498524,0.03632130820683077,0.1044068607091484,0.571956381409251,-0.011246155842525418,0.628071164708567,-0.08638827150156869,0.20058499006357877,-0.02806672291020984,-0.10841948252924816,1.1978466941442587,0.04614003874182604,3.727932788327438,0.7737646680107733,-0.0067958776339231974,0.3739530094731851,-0.051670847177647694,-0.0839556748330379,0.11894639762695292,0.1997850599811919,-0.006439120649678554,1.8290083258334962,0.015469985494854122,0.0886340104786214,1.5714786127870664,2.4783962957724404,-0.002801781222474986,-0.003970018545037313,0.14203423037994067,2.580853445603455,0.05854024814728831,0.9644353892590969,0.9404692783793704,0.20876612291105623,0.2305967740505892,0.9362817739612845,0.5416304965714964,1.6374844061257345,0.06311378844073356,0.017817263835276265,0.08198563432436501,0.011691103836712013,0.1639956938581597,2.2337568625287183,-0.046618066222826826,-0.3148866946562414,0.11549787358444963,0.9135428105590564,0.12414298468323448,-0.004818553928900293,-0.07549304459700501,1.5271424305555592,0.31009055891059134,0.20290187655302283,0.21369866288643458,-0.02750443592902485,0.03233173810130863,-0.004371837596461425,0.048851696708252845,-0.13159718233349382,3.2805654311458676,-0.1941573560267802,0.002843725709429812,0.5452684864928692,-0.03446718257872039,0.7205306710547821,0.05619861235891577,3.987744236600914,1.28903269960162,-0.012490381987335653,0.22116113779631208,0.27869797342141434,-0.2526856361270067,0.014518550793696683,0.30765099701813137,-0.0139152315244786,-0.1985140033645436,-2.0673935336082856
1.4918313566864327,0.43588704148732305,-1.22715785212287,0.07131051944206312,-0.009119433870729665,0.3973015560721409,-0.575499067426982,0.1888040728002478,-1.2068999844243358,0.03175339983788383,0.07956959191531254,0.009678419950414963,0.6228936599980841,0.04862025259085456,-0.042990704470030394,-1.0981116473955757,0.06423428118767482,-0.002350676144415864,1.1300106874356608,-0.057397794456159446,0.07053601758940076,0.025193494294754926,0.6310687587647159,-0.06837068271548397,0.17946784598523813,0.6372030978772028,0.4492758929381706,0.9940727847869386,0.16760178993409536,0.06277979634358388,0.007802115004074572,-0.012858044766156151,0.4780080762998349,0.22425070363816602,0.21189254773096167,0.16340882154534864,0.26058013739092445,0.027641629696391945,-0.020128089778054914,2.6058554667779417,-0.018483528302466468,1.8927103021303395,1.6123052851946946,-0.007291642326459957,0.08181418665033968,0.07312180891963127,0.877504991584976,0.4696923942815814,1.0673908814713302,0.5157359208524648,0.007278758499872584,-0.1983521620452695,2.0519299672591513,-0.06686294782691604,-1.4994009714181828,0.2062475253999665,0.032823369507124944,0.4290869239631676,0.7726031350168845,0.30061376540984686,1.4126240986007694,0.6137469317919355,0.2703205989273427,-0.14544914344713167,0.11818517552419738,0.17125487285142071,-0.006185476994506445,0.521136546794474,0.22182057301976377,0.5004981799447323,-4.778422272646498,0.19852721869757728,-0.030961369407572548,3.263519110536812,1.1006116911690547,0.9049783132201341,-0.12882543392132462,1.412367943738703,0.033396336302411456,0.3025392949905905,0.6096019893646165,0.6917183532797693,0.5392040922825077,0.04697445390492172,-0.07626959696387292,0.28940932983469736,1.729188127798225,0.05867117262955723,0.2598021706570508,0.6803428978174058,0.014482020966143594,0.2707649391255771,0.022546629981358812,-0.018208810586045843,0.2582377519312127
0.8901380372695389,0.03805581422980664,-0.03799160085214659,-0.06750717232088732,0.1658553905193978,0.014994017340176136,0.6894023838767906,0.3893518127085862,-1.9370860681794113,-0.1610996257689159,-0.017430717496353054,-0.3708240518847923,0.5484703538013536,1.2830447211120699e-05,0.039175335883235185,1.0465126967282465,0.10725161946242068,0.008468024962800413,0.024551753544722388,0.06831118594773322,4.084902404694186,0.24657280642071733,0.2768022548443083,-0.11906248829130384,0.17958171954633517,0.01476026223979332,0.1490470170050422,3.041784038817898,-0.0425642761908982,3.9535106093237538,0.79378747487252,0.0012522462610808915,0.42344229590360793,0.040431969096838216,0.09956554522882488,0.25006045530292287,1.0438858587208983,-0.0005950065511077796,0.24848222745345083,0.878689518583915,0.8294519078723983,-0.23966536435586505,0.97106143156401,-0.0046463432942971394,0.0019305159044415987,0.8772784070909241,0.015054339515256476,2.1421078356091603,0.007887489509369239,0.003988265057090823,0.15373599773403956,0.5264968795746063,1.1133787016208139,0.05122926459077348,2.2303088736489514,0.29648264236136246,0.443499622502848,-0.005532745625136393,0.529654339230992,0.17615654468024733,0.6380509287389398,0.3020902628266402,0.16044043042081313,0.26801881809546746,-0.025372675973089898,0.047613290340460246,0.014360407588027257,0.005551023300775171,0.4672015752864054,-1.6240770070956767,-1.189185403315272,-0.17406700021580734,0.0011928505942226941,0.7285318546098147,0.8987233902427105,1.0214503158748731,0.566885138661938,3.109985366969652,0.5044644666669384,0.000486785148491542,0.1116200681669759,0.20256375676873173,1.960178421061836,0.3698810425614214,-0.00190554112447483,0.96333834461183,0.0994441634490002,0.9714405606806946,0.0822924757442336,0.4245634145784587,0.17343446063347567,0.12284076264146826,0.3191401319798346,0.06620650800790706,0.6099386510269618
0.6362327916542174,0.011261089460376184,0.9507831767389501,0.045382472632118365,0.023911761330210224,1.1484563892006698,-1.2472186203590967,0.0380917851264746,-0.38247267393309237,-0.44609880021674986,0.04613909548096995,-0.042718819523457796,0.5493443785023455,0.0005114531910839215,0.010566045633569665,0.23846715553905273,0.10002101070788871,0.17142233140612317,-0.04909118554543124,0.1647681637023961,-0.911625487730745,0.014194262235931898,0.658372801138416,-0.10864326791542389,0.4987286108446707,0.13196391513912786,0.15712785899761794,1.070584371041571,-0.01118644188025364,1.8184131201776061,0.5997344929480417,0.013873314369075018,-0.08963535129230493,0.04203837094227403,0.08901048704118386,0.3970676347187485,0.03281498706910302,0.1140869837822498,1.1379918141665488,0.5190420420971638,-0.032678270138626786,0.8783738948211983,0.36289878816413257,0.008190813654950446,-0.022673016178445415,0.15233527169202254,1.3086435022676897,-0.13909529454520575,-0.0420848759077439,0.3342640305891047,-0.08112974915413407,0.2223542414481674,1.5384090729782294,-0.041752911783680347,0.13869402184008983,-0.04654051063113673,4.211856515963792,0.01889600788101209,0.40240193130641577,0.07626744768194405,0.6701194934492225,-0.20330554007590385,1.5805074309450358,0.3289262531592261,-0.022961485831525685,-0.18454354493580905,0.006250973972599105,1.0170700397894938,0.6535287539215799,-0.5501332392757634,-0.6531960077010268,0.29717679560404253,-0.0030765066909332894,1.317417529190152,0.0013381959654492626,1.0125878610169927,0.02838108101927883,6.255189431513754,0.2412271665309076,0.09597408345118286,0.5427683641472516,0.08170496361321966,0.8450117810300899,1.6281764940815648,-0.12394314965634301,-1.2865546163004864,-0.3779912424316878,0.511232066341266,-0.04040754441276739,-0.04024997086822868,0.7422556456412961,-0.524954031769024,-0.02730594924673202,0.3017167549798492,0.06415317341635074
1.6144051673411735,-0.06262788287642262,0.1251940848246953,-0.041531326005046054,-0.010449316853923918,2.224191172328254,0.7319374400323757,-0.18690530681172257,0.7270142400908064,-0.8116487202438067,-0.14594283510239947,-0.01860942359477402,0.25404351728117813,-0.008113687826116323,0.002473706336686199,0.49618260744827136,0.10211726973283852,0.01623566953565181,0.002722552153070268,0.21928662916371522,1.160027039743273,0.25620662465446165,0.6273297038959709,0.14739807829458007,0.10283552703117316,-0.01914347737812072,0.03596250217943364,0.6557745494902001,0.6400320384675879,1.8625513443703712,-0.8511467517507105,-0.019637413738121445,-0.2565256206119253,0.023896285829471786,1.3518401121042327,0.9456802172121765,0.21826937351357412,0.12408814765791565,0.6621599456778045,0.3147714003572828,0.030342248297303698,0.6021490946753101,1.1290089572024176,0.23076252505711725,0.035660771132073776,0.2193548226556965,1.0011287473725776,0.08066655069908846,0.043531058789274546,0.11791048486387323,-0.05383068945794456,0.048547398602752256,1.2734207918800085,3.1626556592873882,0.3665885520712613,-0.04704679304466852,0.18591049544440796,0.857273011222359,1.054691074693412,-0.08190040696093703,1.6819489125510723,1.3439986193399807,0.21556284249894286,0.06392930271726449,0.03055688407906132,0.6764381508169333,-6.767935558649185e-05,1.2675988683156758,0.1682110296670376,-0.9352784117516002,-4.981305971567742,0.17676901365591702,-0.007459021920014575,1.0175452631486754,1.4834032391746197,1.2752311144455701,1.7372161705008224,2.1948686801068056,0.22155619137376803,0.6522654490098034,0.17248769271301523,-0.028638158616844933,3.0519643516442736,0.12650081771892663,0.6303021401061901,0.5646709378164161,-0.033543013703885904,0.04332137929797453,0.10240371089547429,-0.29305088643436505,0.6586929961900321,0.025424790530248487,0.014910063964146403,0.5240439688087073,0.388821761875521
0.3713471761186593,0.034448381711301046,0.518767971451183,0.7792381120672198,0.025033846871127974,0.6599383857278598,-0.19667015549473987,-0.11129070694058507,1.2453353286153632,0.5360395476370061,0.26020139942258425,-0.3006002358787363,0.5804256330292681,0.4463755048277158,0.03217364006419121,-0.2399025416461651,0.7297309631930053,0.044075189385711866,0.015747348495026348,0.7440356326795676,0.004664212088377084,0.057637040160829045,0.5294811797269823,-0.23412525186244082,-0.04154571207144464,-0.07430097401948643,0.14747630095901254,0.6578908566352748,0.0972467882563901,-0.16155747962426403,0.9176615051843342,-0.016976102044770514,0.064146742014076,0.6946834227828829,0.041781110695192414,0.09639606382483068,0.10942892614048416,0.4930205737340927,0.6894385253458246,0.08228668734617628,-0.002975036404887277,1.3720068010976911,0.9197242364675606,-0.0011712115788036215,0.04985339843282244,0.15114517217869805,0.18654485144043953,0.12720027495156128,0.26868428331844774,0.16222210110595547,-0.0011494185320652939,0.05440150579559777,1.765512811864184,-0.009255089184691201,-2.561074900734229,0.030362848917317553,0.318929535772551,-0.07278840770038197,-0.044294475262653066,0.26618151173916793,2.5226997093132884,0.45546360991469825,-0.8578949520333534,0.3296961879561042,0.024159771064937274,0.3899716716227801,0.004995599647813265,-0.13001596713547592,-0.7215104247944382,1.0051110756088932,0.18720618411955048,0.0012509720052698015,-0.02066173496418866,1.6948201939572618,-0.0407209187805333,1.1929539557563347,0.13794643170132304,4.327213998804986,0.7622275790032402,0.9973813088169576,0.07700729408280171,0.30899952382228246,0.7588397624940244,0.5406897331991698,0.23621785164555043,0.03834207941473,0.3653811980292865,1.0501770036075238,0.24144110264707663,0.8388151599095188,-0.001436474020171552,-2.8823195447062613,0.3855014974377733,0.5404195783845829,-1.411629161141975
0.197855185073327,0.3040399255805122,-0.5399133261689082,-0.7009574603917601,-0.007486633657049602,1.1207669902065986,-0.016969496816827245,0.03754277855528976,0.23996669626129652,0.5585321028868453,0.2135310037656275,-0.08646231822713357,1.436507775604806,0.019370190991879532,0.0923008254987101,0.046531303942819235,0.5811671596075616,-0.07371539508762748,0.0070004148333548954,0.03499919075852098,-1.1048379998255395,0.0875111553314305,0.27201643899481187,-0.017143434184285766,1.4108620555418079,0.16077486426946663,0.07417884952823162,0.3279031872549525,0.38105498719296627,3.320724251554884,0.5728615674357376,0.055169258555905376,-0.18255697723313036,-0.016604393181290256,0.23277029850573383,-0.03538081553417172,0.45416732513219493,-0.007187509391185287,2.9754429910529794,1.0345271979711699,-0.06205981290502116,-0.20297930729950053,0.9471493672080129,-0.011221931099422378,0.08939306119117063,0.4192505481636468,0.0014856316242171097,0.10324686353291579,0.306732652728416,0.09831814225939972,-0.003545490540652896,0.02474699819600934,1.2342275756374037,0.07478902879182625,2.5892153980803307,-0.102425079252769,-0.09057100734425916,0.04631208952020227,0.00010433976905810383,0.1683981507944412,1.5094263523242084,0.20911270143011196,1.0440208372845836,0.10707475353703177,0.3566726812663634,0.8562493681054928,0.004196019736642853,0.9622093969083347,1.8016749533127125,0.34995636341925795,0.45284863911501283,0.13870353212706865,-0.021056607641718905,0.35345792499652573,0.20122067138448996,0.8359377183420591,0.7409335380898066,1.9513588140963796,0.46823757817036515,-0.026212889093178315,0.1932877534845696,0.3352648480572009,1.8855732412266093,0.06493675629335582,-0.8822461173108573,0.8426464728203955,1.1076408601758851,1.1035006136911139,-0.08697894840299014,-0.05271654082152466,-0.06582849407270164,-0.5222443010436546,0.5303620745952764,0.34591017317307315,-2.9898251935303835
0.012641959434684935,0.6931305365709513,-0.0015100923085800133,0.0676557663992341,0.36087146789795455,2.619604579393731,-0.3124843795148209,-0.12436825498326032,-1.0360875950962898,-0.04360130022655184,0.7263229159820881,1.89806686026321,-0.8812894046151127,0.915651615200245,0.029773154192394458,-0.04057980448261622,1.0158011794777373,0.107583602114103,0.29882557920750585,0.0957411023548218,0.12608097024304854,0.7063593234145262,0.02875724082425446,-0.01328679989789805,-0.11335953649757391,0.041949245920519296,1.379351420774812,2.398091960003745,0.25213223980845356,4.561454761449992,0.5363849480850833,0.09813649786526923,0.4641788003999725,0.11122672517145293,-0.2121158826015277,0.08983373346965529,-0.08114846913781726,0.03300831211244404,1.548884380592538,0.3952574552805608,-0.03786854236551207,-0.09275953265443615,0.39440273995088404,0.2531332938467008,-0.038922033871438,-0.11146758728032236,1.089330850657651,-0.0006567169360733871,-0.0734596316237548,0.276864060814201,0.0613222971631453,0.0373582290405956,0.3766093520464393,-0.0003851087710877721,0.882536716906758,0.004258351362059543,0.060323837338370545,0.019756395239711733,0.41460176685069516,0.08635272294990681,2.6962033102912617,0.4698688484814557,0.12729890607437166,-0.35520841088462873,0.30475992195339696,0.22022160947839708,0.4800542088427022,-0.007941185016553831,0.09790500617652853,-0.5312961405167087,-0.26996740701784105,-0.032344701619964944,0.020061206168559664,0.13056862798192093,1.6160460422923304,1.2636920043738962,-0.016574722013974252,6.8488472660223,0.019317143944000748,0.01347830254463478,-0.0250559811854405,0.07397457309941124,0.19262147301682786,1.1861364189568162,2.610920907958122,0.3508395429535396,0.3699478673235741,0.19182952217303262,0.017706805827881755,0.10148500588874931,-0.022635938826534918,0.3253858323349057,-0.12767091577385736,0.02340832527376069,-0.27372981361135906
0.005866288737683689,0.6485323121119722,0.8050446217482348,0.5739359804546122,0.05362211810808226,1.0751678627821377,1.377530023894515,-0.6966261518299248,0.5040861905318836,-0.08078524883665228,0.04361011547540272,-0.14392799315362215,-0.8454267386323124,0.2022647414491967,-0.006321916937136685,0.11827593455161489,0.6078288297787466,1.41804184720008,0.7461393804405025,0.39715674586964567,0.7359994938238597,0.43279680318594504,0.7116271956610198,0.2463427422208122,0.6988312076195244,5.078684000283083,0.24917089906902312,1.2923847554374248,-0.0478197724510796,0.24663913121120018,0.24113901043536634,-0.06758483716575725,0.13857341266400525,1.133291285974324,0.013199544709120659,-0.004946485128651368,0.5747727382009327,0.11473089274658044,1.0025290096170743,6.823665012193723,0.401150028030111,0.007330782716183926,1.6043474333841532,0.01425999834143532,-0.008208625723847174,0.0872819540180152,0.4011259132409384,0.004580176701740379,0.21695598807849148,-0.05097237522792675,0.3865758861191293,0.24374323444368784,0.5360859186088183,0.2872594609476753,-0.0017713667912895303,0.047792990295638216,0.21052125727470017,0.12340388926993917,0.5655887312447798,-0.053464051338496965,1.4189795140627748,1.088386711559213,0.19232376809185237,0.0027563493835991437,0.6621633404472584,0.13475637833727738,-0.005856626467051207,-0.1158453968549864,1.1075161333625867,0.297676231071037,0.32644740857257837,0.3809590169685988,0.9938215828340207,1.1319101077487144,1.402581579101522,2.5350424310696544,0.034550584654194694,4.114743216431135,0.7347334292637742,0.3516611660775215,-0.026572213769768815,-0.0303967549641877,0.14246055500630828,0.5262850027193475,0.0363100124764566,1.1780608857396926,0.0008095487478696484,0.6126720396605592,0.028106346813789873,-0.8154560848713359,-0.05598715536676213,0.03301383145112524,0.8785993432151615,-0.0537984038952839,-1.2095929621495722
-0.016041156170848225,-0.014809084547428242,0.015188698378584498,-0.18402545213443666,0.02812730667851504,0.7992564726064506,0.2491409518179588,0.8254628960472381,0.5563370195130686,-1.2811173862026717,0.020832682610421482,0.7663759778452537,0.9241624204742962,0.2507765653373766,0.002859053811776757,-0.8105368529659076,0.29470808222312783,0.39596550362343286,0.23245546244993776,0.24980255170863108,4.189568200015335,-0.23637177549995148,0.14070535369744164,0.2951203036293415,0.17519223028726127,0.5375264572935157,0.91550035636131,3.447290632577065,-0.04254044516844857,3.808323865188889,0.04890016619551352,0.06494272805273127,-0.04639151988956147,1.1949225405891273,0.11333750124351205,0.002400990698341321,0.33106921635695485,0.19814570716251012,0.8897481028324963,0.9940308155633364,0.05849543817756775,0.867195170978297,0.21110887366225484,0.08044723737177684,-0.013307671934819076,0.7679352202599468,0.3058455030217644,1.6662983101821407,1.0972658520131269,0.42750793082296434,0.8571928782926803,0.011913877253729055,1.389971918164842,0.034237861093973976,0.5729486050680688,0.926903750106141,0.08331276246059272,-0.09928511022358943,0.08905349429345932,0.23452488299244845,1.4394597212098859,0.5976747288601612,-0.0569232146955847,0.07662561127136591,0.02440240138665839,0.3745752400160498,0.1094487500482213,1.1393853294491008,0.37862402653639515,1.9616378401045278,-6.139925151237493,0.6368522518471385,0.09477255343298996,0.906772550150778,0.024145366703415938,-0.14082672716972056,-0.6688930132161595,4.450724539087444,1.509510881739847,-0.003202409551276819,0.1415670850137083,0.0633565428181262,1.6971550177054167,1.5539034669776903,0.36718586233532946,0.07377135845206073,0.06439729801763328,0.013806851101496598,-0.049383944110182654,-0.09235636971990502,-0.08340907818988264,-1.291593042370188,0.9997986620245385,0.4242859555828744,-1.2635021720901074
0.06144956316511774,-0.11912754035118311,8.324516968432661,0.16665412474026908,-0.018643425230592037,0.1790441792994497,0.04097149161594915,0.01589448876084143,1.1056528333179045,-0.6975471157919322,0.5700494406914505,1.300950733372117,0.017089955937224843,0.10290318562646616,-0.001885532346632246,0.024164710192428274,0.04189621531215071,0.19782404724400404,-0.053311199037439305,0.23435100704765155,0.5647101636175771,-0.031299122963609705,0.8994143696006702,0.08782645354944751,0.2885943367468773,0.6016138921268226,0.25782104644851955,0.6101501224641108,0.42316066218545423,0.40921496782666766,0.07320487446730439,-0.00649465553537798,-0.015830884190879857,-0.027126775887629684,0.0927774600561504,0.052859808451072965,0.2470502569785129,-0.014099542508533958,0.2194396120970339,0.0842219857133566,-0.02464869036106343,-0.5653498566507444,1.6094674580427757,0.015527894400287678,0.005412724801524327,0.3989069656952249,1.1352769765398376,0.3690419386696693,0.0031091946950212446,0.41594171436520444,0.47622214928099993,1.7184269059451873,1.5556865660455967,-0.0557939107692933,0.6306403279898127,-0.017507286669964373,3.0367313611646836,0.16185026334151553,1.3341162295828193,-0.031333274584541826,1.7509545849008088,0.6510218004789197,0.3231320355951457,-0.03556990909188418,-0.007740537328141173,0.7091219816587637,0.38050266070191263,3.669938823105987,0.639273047881102,-0.2203404169849854,1.5934343020396984,0.2352606120226879,0.029792977965935385,4.753216834569796,-0.23080250298746208,1.3651764955317818,-0.12046050730241564,3.0677686170062177,0.3578357179815894,0.07557560541760289,0.10478073981327984,0.4045837475641818,0.9155865352569839,0.1078427696812505,0.017170925413031668,0.3136491182749017,-0.658487930472365,0.4654992311878612,-0.0003296272463169103,0.2052919821282888,0.034796099195811614,0.46009972568564805,0.2719123744727545,-0.05942172331561579,0.15544510999151218
0.29101476019380446,0.722165742984501,0.3329829570434537,0.7734709161332534,0.8064744424648267,1.7011855663216542,0.042340135958032654,-0.1239496109971645,0.0027385438159193143,0.31518172375459663,0.051976106058178484,-0.023507686645819703,2.257787818470648,-0.2221805104081056,0.06269409794749237,-0.49678050540509844,-0.004980641640088823,0.2027266985406091,0.11417258602921754,0.0375062041600005,3.241869136943864,0.1178915705027288,0.3186874048339883,-0.03600764231986986,0.17760652349564054,0.040822453324437014,-0.047505627452231636,2.0226564711076183,0.03328823161830918,0.22196966564896625,0.16679420650626753,-0.06741136459584496,0.1233732746273084,0.5023866959743231,0.0015590863890837525,0.22700114680012806,0.07081388534671529,0.3525094803206388,-1.261409880788671,3.4926462101843576,-0.017652175388549907,0.8734073961974342,3.7967254269806014,0.0031629206517056474,-0.007554824943736271,0.31178515479661506,0.7943971444375553,-0.0006203847945114305,0.11771289603813528,0.2590986498558596,0.02882663337351632,0.14534175441528951,0.9272742540946641,0.8426919908896693,0.8466152972040053,0.14626943396502812,-0.26210075476861583,0.342371545446416,0.11860845408542975,0.046707090623011815,1.7677651879702356,0.837939692030889,-0.35363923431430067,0.05342306297452204,0.20775015933524132,-0.27993006329308834,0.42451469991431434,0.2489922600085901,0.16524038830321874,0.9210940592889667,-1.0137654279128192,0.11266267726677004,0.020308964541131402,0.6309095004883414,-0.1849675937854216,0.7160835638105545,0.09661090087641533,2.3898172088383545,0.3423313453624304,0.15556770785850205,1.4703465403087188,0.9022728187835467,0.949090370780965,0.172830338492441,-0.12403728295919958,-0.28149040622621513,-0.6168694417699996,0.07370227444256106,0.02770577834912924,0.5286872637132269,0.10352066710359509,-1.0068054262168196,1.3173734801612182,-0.3203834661745759,0.007553677233978373
0.8183504407943847,0.029084702118318262,-2.797855883466468,0.026279673994014097,0.09274548584446407,0.7570313544314224,-2.106531664675934,0.11277576579625315,0.78935524356248,-0.2581032769311289,0.036347411763475,1.1351562883631052,0.04851234985981279,1.7240947916042026,0.001822965732349413,-0.9795834490400654,-0.05384964017340721,-0.009964399487171871,0.28037453026836,0.34199840444576335,0.5528652165748147,0.06345669267327203,0.6819799751543538,-0.21715027228620176,0.06466145467882267,0.05376027319928589,0.11974507138593715,0.557243403249478,0.0527991525948206,0.2930587268297593,0.23305438960818936,0.002543454444361437,0.6114238753523473,0.03034085180746615,0.3534752215860566,-0.0014611387426226585,0.12181187392528336,0.05874825199498268,1.4793559637604883,2.219996481370128,0.0289023237864523,1.0059874774213462,2.5103357821895242,0.49053852735227643,-0.0010740293152609048,0.07618696564309557,0.5098805845014738,1.9903022276137943,0.13014850976733516,0.22126095435447368,0.08389789734752018,0.3396704550840077,0.7840118429873337,0.02104672112881012,1.6103668108723355,-0.006649907607973571,0.16788039305264135,0.9023670942947382,0.5209225037284124,0.21017697389380618,1.2974784989211692,-0.23272926927011373,0.5784306656377822,0.04591850919101592,0.006518667090245511,-0.4673322193930449,-0.03085899888129795,0.9160434196509888,0.3026763878750476,2.0624823550837332,-4.270781997588822,0.3327080520677015,0.0020252908676337,0.002539217444090802,0.2879817964136677,2.0066689955511863,0.1975673693552391,3.476561805615267,0.6063151634389969,0.006700619800069418,0.6435418103066768,-0.036876834150813664,0.6424720195890443,0.16422873564627283,-2.7823099578660564,0.08884859029135139,2.567091867737871,0.6343813250291885,0.630322605937077,0.7173708622529276,0.4038134677457039,0.3164144855826374,0.5207629486921412,0.005329963352189715,-2.9265852656809814
0.29980987508604784,-0.09436724377939942,0.13677949986055626,0.05465480486572005,-0.0066673782705133355,0.0595172281598475,0.10127885923222468,0.004261070367751696,1.2429271328419729,-0.25056261397351776,-0.12299279802137164,0.6569327525153996,0.5102576107500596,0.7301206317443327,-0.020395872704011886,-0.12212040851755113,-0.07530499878293462,0.05151170215058487,0.12140452380976452,0.3447866928078267,1.7377652000697248,0.34305441171764883,0.008697026202201918,0.012100287844739377,0.0038743902370041994,0.04380871648194162,0.104413003192116,1.698751483977654,0.061079069814558906,0.28652955714025197,0.07750465899847647,-0.01294555786574847,-0.05456312676138708,0.9628685974582343,0.21065745383220236,0.07285468944449969,0.33274041062322013,1.57670105643541,2.24859407000152,0.38627542347432975,0.10227633409270975,-0.10101618580003802,0.466843585557255,-0.0004195054969695633,0.31269264213420556,0.08247119015881754,1.4074041805904915,0.2745642461275697,0.0001215867851742658,-0.14458432050061099,0.7007163930430722,0.017301391646105557,1.9527350632179639,1.4829717422486226,2.2671642490576005,0.2806220439632643,0.5139039225447948,0.7351203687099139,0.733924436572785,0.18337510155650216,1.3618337302524957,1.9070292612506656,0.23851242403793815,-0.09406092021285684,-0.005905295156986234,0.5505369089964169,0.10758063417424868,0.04214424740367351,0.49784938479317775,0.6366438894135573,-0.5945731111935579,0.21522819550905758,0.3065162461910802,0.20353583147560306,0.08628772191231526,0.6173167981079493,1.5119277203091919,2.287297061308067,2.8180231331928782,1.3878805018529232,0.10766662029375418,0.05416330333891217,2.6233453827495765,1.2889087232723622,-0.9296592496946112,-0.515214328456616,0.06223756224752819,0.06109663185387415,-0.049492469602478106,0.575884136608229,-0.09155892141191035,-0.00986936504808078,-0.02997200779880682,0.07802738054650771,-0.4743845023475375
0.205606387535898,0.9574860342275198,0.005394863566296593,0.14058858424287024,-0.027688383923572424,0.43160591125214776,0.2896744190271141,-0.5313349484964116,-3.10673040341519,0.03169764589902968,0.20397028088945746,-0.06881246294357357,-0.46960156663717,0.5719303631928241,-0.023301857612595178,-0.8167198274604459,0.0053226413772282655,0.054477014473905516,0.05559816368651793,-0.00038671624409714056,2.3354044175171556,0.13407104472537856,0.2981647849036566,-0.0007082374896763,0.6997126275098537,0.7559877424554386,0.0373762669505151,0.9756755496546328,0.03525432620661029,1.082185442422011,1.7777662857211447,0.5082156629715708,0.08813981550691175,0.006279218602219139,-0.17534359136201516,0.12389064256645277,0.11213350921271648,0.10286928960917496,0.38695192295509173,5.718748825917084,0.006940917543316161,0.10863865978914689,-0.08294885106634275,1.4175338682758687,-0.00858377177728098,0.2675690400812947,0.3845575233291556,0.03152714004583412,0.09117528604914682,0.7441375654146238,9.542505122750455e-05,0.02254936658324791,1.264156316135698,1.3091606236716933,0.934984700953791,-0.018552435088450725,0.00161246143849203,0.37322701404678593,0.9350487970287626,-0.03696682177653687,1.0997200197032075,0.3513615991658976,0.4456992303600771,-0.018387824383160556,-0.20737518408146638,0.5155801780847513,0.008275665298461465,0.20735357017436762,1.4849801531934812,0.29437089874950395,-2.4883396046293846,0.06948568216732687,-0.16116858086926023,0.12363752282942331,0.039702639024594255,0.2558331421244078,0.15154821159880338,0.8503009200269416,0.676414429744348,0.6371005071657754,-0.15389422655145024,0.06573708911237475,0.802335505929451,0.19711136458009682,1.0822297516422488,-0.3344991427619517,-0.12658619941731786,0.8244771824731556,-0.012768656729689631,1.1553029866053013,0.166379429243122,0.03963261001251528,0.022925950692298525,0.06815956208968732,-1.0146826210491282
0.00012489884165534093,0.2648708580388526,0.008820945255535229,0.03260769928510854,0.3886597952723134,5.8472841593457305,1.328529060294506,-0.6513692348068467,-0.35116139033817184,-0.690234187117273,0.3606817378992959,1.601526205889444,0.9623856588390067,0.0014725428103488092,0.09819240691209608,-0.06604302219695501,0.39061034755766944,-0.0032414469273334134,2.6893758187222003,-0.009547981577765707,-0.10048787351043487,0.03434302628499619,0.02667281657367937,0.0009695459552951924,0.44907158040726625,-0.0046158784305365685,0.3887836199315746,5.107678230517191,-0.7506351519638788,-1.0368571971485716,0.2661002891641733,-0.014645469617422968,0.3425603422588761,0.09599365087580258,0.1501872688296606,-0.05068066177498842,0.2037369371246891,0.058364928677413275,0.3142080788539676,-0.2881711716097932,-0.008548924355824994,0.8250998284131317,1.0867159146676273,-0.0040730144268064095,0.05447477797861211,0.01761906235248123,0.5620343623154667,0.2993469917263303,0.0014217506838885008,0.8545161801051471,0.0483045734505545,0.8406331388033541,1.3522952640581947,0.05240473528003742,-1.1558809569065516,0.3520816327603886,0.009427575112569642,-0.00936190218561217,0.3235916944429844,0.2973580201366395,0.397554574528062,1.2455178461686112,0.13646463343376958,-1.0546597063811376,0.03982171881942742,0.388921074177369,-0.004089176790491145,-0.03769323243315892,0.6208677217961158,-0.5493722187771768,0.2518207258420171,-0.007197225821824027,0.05418180706139886,3.364649431045774,0.04859710092813119,-0.5286700057866938,0.06946215894943109,3.7471766995662774,-0.007616527785140548,0.21659997135298914,0.3412389266907354,0.09686542278059829,0.1351916409311209,0.09555632401067093,2.987537764311565,0.02407342653687028,0.6920883298124849,0.10404382587254712,0.16225477256975385,0.048327522896734365,-0.18580465150618508,0.09095938515128554,0.042058712293952194,-0.042305947293054924,-2.210863841291161
0.12048231258809672,0.4989107269005597,-0.7651610409566612,0.24755574364925437,0.05052997011973526,0.0729105692830121,1.0699790023088616,0.04161901155451986,-0.2737568035709703,0.936499377009544,0.2501782886613686,-1.47379073032236,0.139691119852559,2.58114086442436,0.0027606111688487367,0.2599836333533734,0.7533191077507926,-0.0020800989247362622,2.0695992346303482,0.4343597493961502,0.3880003484139096,0.20657767473105038,0.17125854607666025,1.3431187871928216,-0.07085782817298725,0.03582248818606981,-0.11219710034952168,0.7071200742740267,0.11707908477068951,0.10606966482865765,0.22969227951316862,0.06247895838875994,0.28449432733196733,-0.03290685540720517,0.718647671817414,0.19413584137649487,-0.08567079968885682,0.015426140862838444,1.8041184799631793,2.9348091627542168,0.0020872163125753573,1.0757412931426327,0.8809860995571803,0.044248699903498334,0.008843035521468146,-0.03630949000342376,1.3030351230149866,0.6378815946995853,0.6467341436754279,0.17085347590117062,0.042615680833836045,-0.07289827863894338,1.3008452448363137,0.003961826919077094,0.8900169436563736,0.07578146110951822,2.2622480763367268,0.1498415331434444,0.013279183297977948,0.006647440236207558,0.14612930857842166,0.5261329121242468,-0.32196644023211496,-0.09075841312501254,-0.00012954087545935522,0.4777937682584321,0.028133684472998688,-0.07391608062602018,1.0982793242495235,1.1404926420722106,-1.4653483198769948,0.048907555997657504,0.12247724476558508,-0.9955529519828747,0.16488506338123177,0.34374332963418897,-0.052567966527673704,2.374576705568966,-0.09250012991867829,-0.06065246987047601,0.3602102518775516,-0.08809511592737351,0.4876140109460012,0.09425975812254261,-0.7525443681384276,-0.2564201467654428,0.589530839163591,0.9745426534488919,0.1000921735154332,0.3095126748139645,-0.040637138613391244,-0.8185076953166552,0.07331407720254424,0.05897329445619004,0.4182945980864017
1.0244561247048383,0.5457441677337647,-1.7543049061678513,0.024478596910765482,-0.016141027918992634,0.2966438657149659,-0.15592279052480107,-0.2760488630075093,2.9177515473144817,0.31629287380859683,0.15372590074254577,0.051752264258356995,0.9129124921666119,0.38414813559879946,0.7201162022326404,-0.992749265791316,0.007866765056481206,0.3989216492353842,-0.005561959244382297,0.10789490057653461,2.977472564218311,-0.052069386290632735,0.42240925150138153,0.0818537302458835,0.4376290502749969,0.23110480834772318,0.14256124532079895,1.6683289284616736,0.03520120261781834,1.0831460527381536,0.007026549901561818,0.0073252266500656305,0.6794911990537242,0.02451327862692132,0.24556800009240742,-0.08505820622037108,-0.08524482629526009,-0.024938776321569378,2.279826281734625,0.5179955884032115,0.8561890889159773,0.21526414099033175,0.9687034420246379,0.42572322468981394,0.004539321510196981,0.571875482583994,0.3642932532148784,0.2710787791766762,0.00974642315761809,1.1963657245095263,0.009990043497527079,0.13532058485710774,2.335606246428684,-0.02093022222877927,0.9372991816460687,0.10453445186914179,0.9583720902945374,0.28773431473257816,1.0755671076321969,0.8520881220693388,1.2967623630183596,0.5786681903776807,0.3255761158421775,-0.17506380458192083,0.13661165923251328,0.6728300808158054,0.0024738900447416334,0.11265649840362002,0.024276027633177044,0.9939915666726211,-0.779878295531578,-0.024271545023290653,0.01362467070716189,3.1158330660838804,-0.1363472337644147,0.4080389369002959,0.12959487728074492,2.9611047534120125,-0.04889975165246341,0.24284551581560487,0.01298051916298082,-0.00873196137480381,-0.01696596746787904,-0.3949415809545176,0.2160504727543877,0.2500334066413421,0.8749094257442867,0.04112232357464807,0.0008186067526656515,0.5928296471851269,0.07781904091636349,-0.0504205952689003,0.4333143876817882,0.28546629516065547,0.5993170382303594
-0.03644260650044906,0.09412148060013958,0.025930933110051235,0.4512322347532276,-0.02995879364544418,1.6000756766683901,1.1712208084034827,-0.1768905419947462,-1.1056838078286049,-0.0735532384366433,-0.31124902608877125,2.04792670693832,0.38572784311388464,-0.35801532224151744,0.4568054768947629,0.15322243087961596,-0.1023476779519914,-0.03210681152660566,0.028002873487885438,0.3300573865633838,0.935877798454916,0.2296611954911434,0.10829026274224596,0.05774349103827703,0.004327026742336315,0.07134796741188154,0.18499871399264123,3.6683693127876005,0.015319149173025792,0.13315081931539208,0.30717037422165605,0.026360103998812612,0.42657216774881057,0.3060362255153253,-0.006344052917290455,0.21949353849028963,0.7755611640733422,0.7406974437024347,0.3060768368517728,2.7407459162640144,0.050825453440227264,0.5399115636632006,0.8110261433330965,-5.803580522112384e-05,0.02760665711359067,-0.005004898357407583,-0.49010824512445295,0.48740513040424194,0.11137884710583812,0.008991472296305592,-0.010937852569518292,-0.05045375234803284,1.0333004207608765,0.9743138167633703,-1.4647614928581874,0.5957268985957476,0.11149636512299832,0.07386104095327628,0.10501858886520754,-0.14720704347611413,0.28964285367172415,0.13775598384067989,-0.4752740351851723,-0.058929856934633484,0.014442764399729136,0.3173734351527404,0.00889460554707,0.4553353055409537,0.1897895785264776,-2.5654989349777537,-1.710672195230412,0.33502789927936716,0.005928551543693317,2.1874745579370787,0.529529318288767,-0.18082291002449402,-0.41399818716167935,2.298578522953706,0.8452909614891979,-0.02152715181786835,0.4778783342302404,2.353025762424351,2.0029538162563534,0.006647474247220675,0.17102795461155118,1.73096345622168,1.7646359638690328,0.38981161365367356,0.07738196204415182,0.20428019309065348,1.3503818889717474,-0.22703165966083283,-0.047487321262652316,0.03097518171132041,-2.684105127602911
0.14623615443599025,0.5532681723679005,0.016455173873760387,0.47024826141396936,0.2746834937682858,1.4329373289016676,-1.5141325781982884,-0.29130320205331284,-1.8032889246987711,1.3607508069817165,-0.02051628733527444,-0.16737614117095134,-0.3116074331682128,0.18247789310886442,0.4608495032018114,-3.853592449548753,-0.03461483965729162,0.008783513902424822,0.045318263877555776,0.03356058998328404,0.1880428881660281,0.03143034059142735,-0.13207210294405058,0.08701312614042234,0.12467214828103401,0.2087651599863256,0.290821507017589,0.7859102819823054,0.24510242909077284,0.05776898147311327,3.2766087041920358,0.11559753041729692,0.42008099286905853,0.3217322938698728,0.5730415219581331,2.122279589170612,0.5294390066254211,0.20096146074833765,0.561178788050035,1.9701563439762948,-0.06549598974028736,-1.381118525744963,0.7664642954247807,0.03317397910945985,0.016930665454010452,0.9406112018777946,0.7494387141404779,1.870239217734908,0.10511111256835903,0.9655326015693699,0.015535786716786681,-0.015988606212536283,2.148770068413395,-0.016837031610728914,1.6772208196886673,0.1038876919154963,1.7016603808312896,0.12368668209025846,0.9235783835852907,0.13120556201169853,0.517681949858952,-0.001494650797361441,-1.2257134772236942,0.3339028367149104,0.030896302632892336,-0.10983501118119365,-0.0901194752742196,-0.10455923720022309,-0.020668946432923718,-0.06992883017725449,0.03173566553383189,1.2031189720541084,0.00840496694575954,0.5268082757119066,0.03925613672395123,0.6007024962120999,-0.7777120086717755,4.263241973782352,0.1407147683326624,0.016958064032488895,-0.1784889755618213,0.4221629147342636,1.776233964551512,0.5768443621529671,0.10266816337496021,0.15118628769841447,0.15437199480914288,0.7359085035596902,0.20224992653224927,0.6108575887218155,0.3070794065419271,-0.0006566135630223791,-0.1657420084692891,0.060662405289356514,-0.3711208168129989
0.09742729473802747,-0.01543107478061767,0.5843205966291443,0.5556836304811066,0.0801428295737514,1.3971221829533853,0.06919054738562869,-0.022370240243760442,0.8123994898458582,0.7138498228774903,-0.2452590152595322,-0.8158000542217696,-2.349900554392253,-0.24115125954756955,0.4826089419385564,-0.17422172756039167,0.40911456215313,-0.004484615045968532,0.12845073591206813,0.023213797848626427,2.9134848180711153,0.27030807146384284,0.4614486129748432,-0.062080508973482385,-0.06138235495900979,-0.04351279999899749,0.42316766594333544,3.580438064182103,0.18294494146796136,-1.0445348708669622,0.0330716396734374,-0.007646615954121305,-0.010660050354060147,1.0098735908500185,1.7487430167741649,0.11452522545899546,0.03366284698459321,0.25539486534510214,0.5828767312592573,2.6958668511783728,0.011553589377351514,0.4376913917274079,1.5222264061844282,-0.11410978860658183,0.056147210463736386,0.4831186310196789,2.586468998519523,0.2217683719237482,-0.07468878035434301,0.07953464691881162,0.08710489220625295,0.057000336346555436,-0.03157952381966567,0.037562915331164515,0.45634286680590375,-0.03926779279154591,1.8110691261296221,1.0483706532095307,0.5897911853789748,-0.00404135790389315,0.3330323649315545,0.2953477129043276,0.857604695047729,-0.2606872550134458,0.1353533172227186,0.2783683363653111,-0.02470019772796128,-0.12679770914220523,0.5969549146228257,-2.104670723170054,0.23889305834470242,0.016833980172673346,0.01285548474865994,0.1824767112141401,1.9313976319926112,1.0649652035339638,-0.04239269206577578,2.634633951402244,2.1197196213058156,0.03653939183080768,1.122317715719162,0.3373980219237307,0.07532394843571266,1.722488706621892,-0.5886501437409972,-1.1809849201227696,1.2777836775286024,-0.008671125471599428,0.051491774966560655,1.268825964293308,-0.04723656581014524,1.200075527641543,0.11216576619159335,2.6301261654175354,-0.8101651714464895
0.05949666927916741,1.3836257987034974,3.356620758741352,0.05301185973671885,1.5114140066791029,0.2883213717187063,-0.18788707882598565,0.03551160020726751,0.29049701033149766,-0.024515485863472186,-0.03302308389631703,-0.0471010509335974,1.3722487570280375,0.24012454288472562,0.27840680504707116,0.477259660579346,0.06335069442878805,0.6757423859977498,1.0233012832260875,0.15155709580024812,0.12630432126873092,0.10761772312955298,0.6153790129568204,-0.08200876508447985,-0.057094675094509384,-0.004453445813279444,3.81634487222977,1.8198237661156114,-0.022579324530132894,6.438441431025337,0.0780880896948144,0.11221850858126814,0.3339433395410545,0.03238385313678638,0.21484653737716286,-0.02525321779106715,-0.08183646861927985,-0.0012747484191226732,1.0581704837306258,2.676085465930207,0.510377148161238,-0.17428533077927177,1.1566254678319021,0.05042033939805801,0.4147475159255585,0.2798958464498229,0.8306366652541373,0.42388407393591043,0.5746357986553798,0.013959147319281051,0.09614511214016241,0.9131959209177842,1.0531908346999774,0.21822375668782268,0.0006352241349811827,0.0021850687214683973,0.2798927372206279,0.15511014232532538,0.5688021601042079,0.06351801870026108,1.2672334420772682,-0.06884126401679236,0.5354712294208221,0.15977320567664677,0.07418004786219523,2.1963727647536864,0.053919915157692344,-0.043719855815191444,0.017999722242764804,0.2170273522839743,0.4026805659391215,-0.05155115486745032,0.08229002343153802,0.0532364104816021,3.6297071092520046,10.820620380164945,-0.006963935050189107,2.0774682454619144,-0.01957883037917174,0.08239534578343566,0.327954783499802,0.2956717091917769,0.5955928783441875,0.10048098514814274,-0.896404667740808,-0.4261422604464844,0.023719870051087,-0.106389756088761,0.02839536166795975,0.8763876582415122,0.16676833044561779,0.6349336504957952,0.06649592433302987,0.28629907932470244,-2.8511975444882163
0.10071859343430845,0.5023362304859909,1.9810969859021998,0.9161950791586158,0.13953205830180648,0.2096758582831133,0.8451915963790038,-0.8892261250375295,0.35919855168626524,-0.10868987353548931,0.4943548593665277,0.6920564895134458,0.351187705320557,0.6024232902213438,0.023798868337965295,-1.4678981130945772,0.40427600651411844,0.008948075475119222,0.09976939316767774,0.04454899702813808,0.34028386857517745,0.26019619206455946,0.8060616306554849,-0.043302075760722314,0.1823512962003324,-0.06137240126953536,0.02640888321228907,0.9452567555412861,0.423333568771735,1.726721154309815,-1.6384280880140438,0.036267609719572214,0.2990053929574623,0.05160871057188299,-0.053981855242531296,-0.005976816268462581,0.03809116250031419,0.00894782052633758,1.2074859442541612,0.3844775864628085,-0.03248076492633434,-0.10487423751034619,2.61017179793045,0.8980856385468243,0.02477226402235999,0.026187771985815456,0.6005337754570412,0.10143514836704481,2.0249403465950513,0.2242056104425929,-0.0005477292734168415,-0.10094650534358518,1.2177806523998997,0.013398604359868838,0.9814089318455448,0.2876331000948147,-0.025095030707531496,0.30934576260481617,0.7027702017248347,0.48154129537154766,0.45444193391219834,-0.0981146001031763,1.3984252857050903,0.010733839500392861,-0.0010051947093163704,0.3898578667024708,0.01032006475616365,0.33053576056454137,0.37025433605938174,-0.749601651576409,-0.5726056706387999,-0.015521412837237847,0.009618461376985188,0.19334219377124162,0.08968161028782218,1.8257043752524647,-0.04232574220026919,1.5784681108512566,0.18556484468786216,0.1892506375444878,0.22463990962598368,-0.06316650347540254,1.727242004752906,0.4728479137726649,0.0852293398196764,0.03657303083085761,1.9139135615354186,0.1663347967094353,0.39607850209315476,1.0062885855346035,-0.041033477986527345,0.46750420209073784,0.335802326307741,1.8596442972830771,-1.0201913720760523
-0.08043694644785138,0.28323212857278257,0.08320267947028626,0.05569582631170711,0.039666153547751826,2.999115536795381,0.5989865957650271,0.17925748172962086,-0.19329884096735306,-1.9662576721194354,-0.041837247754354046,0.020195211660189116,0.6502657491093595,0.3136672807521155,-0.0027486721734568675,0.0006947629138673861,-0.003399480891220996,0.14810732505895086,0.45849278335884414,0.0031393765589058376,0.7856860671354475,0.007140637072618805,1.1878416640687872,-0.06753628501688524,0.09075313631949777,-0.01278286604639245,-0.012925682658153193,1.6154249327389056,0.06322237203775583,0.29309874282028225,-1.9473336542129895,-0.0077050845907016274,-0.086889069783183,0.0002342147101837,-0.013720164675583568,0.06282437800176144,0.11824277680230866,0.1853317347594139,2.1541547159993844,0.15685015445355877,0.35878851729874306,1.9506022280282327,0.3227334997699778,0.05964332342847989,0.014243631247689237,0.22556383420783632,0.2596949394493322,0.06052282041261581,0.10257105114204101,1.5224440552957175,0.10693828751402323,0.05957310984159392,1.951467375955282,0.00624818680828465,0.7774224697410865,0.2959079441464363,0.44991971482533666,0.7346083338483664,0.09292364416884791,-0.16085838234658656,0.10721302021302392,0.7854242755547545,-0.04267245610742698,0.36528923159048166,0.39954619869072694,0.1958685153324886,-0.009229021971456142,-0.029078332151156516,0.2416487909688776,0.08935511696561527,0.15322133208360622,0.8554838718928082,0.05866563009890502,-0.7226382277692944,0.41900249188246796,0.24763235935068462,0.10957653844571613,4.868723449131679,0.6215583718319904,-0.060541423299982355,0.012867082937291663,1.0737720853389727,4.439157175305628,1.6291681345507296,3.1605349707079604,-0.34336572556708056,-0.004715255725784129,1.1837964875036198,0.02673299391152817,-0.1837364160133106,0.07462129816488616,0.021585887038576335,0.40045753947939655,0.4870318056093801,-1.224550731042223
0.5164136044296326,0.19140952316141657,0.07412244612325036,0.04930143428708611,-0.0036348128492367238,0.09386682856728479,1.077212609509921,-1.5354764371509262,0.8647890119169075,1.2114978993994034,0.03321845925862377,1.0265653954693468,0.03817724473899453,0.411189119115007,0.023674759950226942,3.4215485563185783,0.6180759080948599,0.08578141512513993,-0.05330664285647835,0.11476443427286132,0.24717237833035455,0.14640020899368955,1.0574205569279949,0.21841842787909727,2.606494157334849,0.008650022796146573,-0.122228226644582,2.411480637012156,0.14367673418660232,-1.203917030346421,1.9274552681936656,-0.03554500863828558,0.010774517175056175,0.0728881047874208,0.5554119588760225,0.343205107430955,0.022964125180472195,0.024048259979793762,0.4257724098341651,1.3468579710705209,0.06794289668205344,1.7155332505432455,2.80544349569589,0.08552090621059305,-0.007042924984743237,-0.09561640158942808,0.4433147341141761,0.0020294570111318855,0.08422206633587592,-0.14353891047077116,0.09073796520807109,0.2446506219832809,0.8219869718712829,0.0025802098440115273,0.033619015134833674,0.05065379212012733,-0.12075741550924812,0.14658266582437474,0.15236497396203275,-0.018851700472514388,1.472867505544082,0.022374769917149706,-0.418540149410664,0.22975496998127198,-0.14492498191737546,1.1108737658301395,0.03706203075374326,0.35727579047869984,0.13669243291105015,-2.2884817865664253,-1.4660694109777843,0.1820385078514808,0.012555527880658168,3.299851593421373,1.4847164694281698,1.0657907073318547,0.1288653450902757,0.2504884109335821,0.4156872209762996,-0.0045620342498420285,0.3526481749776158,0.4162006853625666,1.0394406460875305,0.11554178617909905,0.24787444449791796,0.15865828494166667,1.8982126517380227,0.15285338499161583,-0.06191264373136196,1.5047522658452959,0.06924792801997803,0.33934200770521983,0.14408044782662754,0.13604124084838665,0.08620777779175537
0.1306302247707034,0.0826915848578249,0.5524941398798724,0.038813147129279635,1.2199659546479324,0.020426260690869835,0.021357049404566286,-0.23282475920979184,-4.130136571012251,0.08794868738831951,0.5402344381618756,0.005300616173316897,0.24328109318807245,0.11651760751697315,0.6628214871250098,-0.21366458734764837,0.1762539239962484,0.0072843405129923156,0.3683631803518703,-0.000620791077764693,0.34376467064994465,0.13974372337516527,-0.0015588422040426764,-0.02296550289326138,0.18832343143287122,0.08876260983400819,0.7176851435441716,0.3713208674121473,0.19096219825184058,0.03660111689214407,1.2111548201731477,-0.009373604934654445,0.3407166644047712,-0.018488961477980403,0.04189662002460848,0.42889744560375265,-0.03600908985665807,0.15146403868045288,0.8534603191969854,5.515797244636243,0.12133894273355139,-0.022752675305562242,2.3666836699400644,1.7650256444830594,0.20415951478836813,0.7878875883643826,0.9897795361977124,0.08688300642254454,0.04099013782992689,0.7476543158124995,0.03789347986943614,-0.03175587642482203,0.9347476004458386,0.0994715160093409,0.8693479900250978,0.33248225555631006,1.2565521848002223,-0.0010028809142004214,0.5262084645912197,0.08625347695593621,0.8727066032197701,0.16431336078028114,0.3663020041354308,0.048048078729141075,0.7280293725368159,0.16033882266632649,0.3931319930980566,0.2592505652312802,0.4233279573130009,-2.1211278033459227,0.160964338723538,0.3906597936665701,1.6222774326317926,-0.45386604215859894,0.5359333070091936,2.106573291345671,0.564605220969467,1.663095423104962,0.8199828524193409,0.035079469489224024,0.20864750314631486,0.26448804746449106,0.1847831877317727,0.1870277440767829,0.2629525926520202,-2.075273028422199,-0.39561286348195024,0.029843511660006428,-0.027875656677333716,0.07580827116134792,0.31928917356968967,3.4761636124649566,0.005900315380386045,0.11103056441652903,-1.7343385870421546
-0.029033364358225455,0.11432081938597172,-0.3023530406450661,0.17915104408379534,0.3871986030817176,1.1964583575380932,0.41766049733801935,0.1731256165638939,4.888394031235128,0.8992594518206101,0.42787215541866397,0.21700982246657707,-1.3342509863090468,0.46123026965286407,0.4946368174763274,-0.5973200927046225,0.0902407542262873,0.005438517139122023,0.0022295728900321166,0.4756991211445709,1.7613924287681595,0.5032794695131202,0.8690614852190555,0.5331607890241328,-0.19029524926823704,-0.022275796311635787,0.06546779377595513,2.016458989178238,-0.21015574104323242,1.0974182127706475,0.5809921284511494,-0.005279256563416546,0.5485984044910257,0.021421004191645387,0.6184610930629768,1.6895428698173225,0.026241861686123524,0.00305231014914753,0.7159171466300984,1.1197383660715259,0.4462177989773206,0.13933995577632174,1.0742905500568822,0.46805761961901826,0.0375648058235698,0.06174509847899001,0.002895126936999226,0.050449906979433745,0.8617677611563517,0.12123240963240622,0.022385008480417135,0.9451580169011002,0.6202370224133666,-0.015590999277719675,-0.028579057091358884,0.7830157592602021,1.0785947491871042,-0.015618533685404445,1.0689495334663413,0.18780467020291924,-0.014496917007631005,0.022610639219783124,1.284229032415996,0.07440788545004029,-0.06395002517428505,0.7762948882199812,0.023800515111369158,1.498161383173258,0.8008755008462458,-0.9690067975786363,0.46021300771113793,0.1486291206991326,0.07762829065133126,1.9759758277094988,0.06530952567981885,-0.1596648559916134,-0.3739084479091277,1.840192985761802,0.3670197396442778,0.05166533585119293,0.1468588867411178,2.2546340530859954,-0.07834687794710016,0.7066509642052656,0.0255765360236202,0.029702604253800224,2.0017156783008643,2.7173011742107187,1.080425879039546,1.2167237902991754,0.8048832041410936,0.6749915086395668,0.12749402443381186,0.2272426259190623,-0.0856005211376889
0.18718262230158444,-0.2520211734779281,1.5321203482919072,-0.6683731665079691,0.21303414512983387,0.11681559200399683,0.20297667022882537,-0.017386867688200525,0.012632960512360292,-0.3952068191917135,-0.052446229646633924,1.6998684407381361,0.017740165056774337,0.06130632787554813,0.023839146037079928,-1.327671135221757,0.033600522414431566,-0.03517994346004727,-0.02176491211363807,-0.035190001522670045,1.458122307172884,0.12053319735266221,1.563748326970721,0.03782226434115543,1.4563216558139978,0.00873194591630444,0.3189336831959517,1.8648782954418142,0.032332615196450476,2.1384667346308355,-0.0011232640885796563,0.05739987045082984,-0.13410192390336295,-0.06678772531310573,1.9154241152658393,-0.024375457034408132,0.0027933563548399043,0.10869217708519763,0.05810182839329592,1.4517690693037402,0.6685015900355662,0.6601651839487106,0.39390069335518607,0.01989516070045383,-0.01133698424090035,-0.01844668518479775,0.08893298551701356,0.8593984892258426,0.08490294179053848,0.09289907891477278,0.09384058788322314,0.15842821810649754,1.0107502387795613,0.9350311532827336,0.730741460813956,0.09026663139874769,1.1304322603271324,0.3651404037649577,0.3148235908314936,0.06793831200642009,1.1779984277395297,0.45038374516760005,-0.5423228703967462,-0.12136623271992697,1.1835150214006025,0.09984374098767557,0.002104197052148038,0.1866935224975661,1.1055912636297598,1.0093762925645011,0.4041422534568344,0.47273797735208145,0.18106427124506297,0.7426564401406561,2.417856472718528,0.49901280955839766,-0.031171293307790116,1.5699153614720407,0.6201510277186411,-0.0036326227134799716,0.46345145898808404,-0.13762431721106339,0.35704051964333505,0.05865993271230363,-0.45610603347900547,0.8801527935901436,1.5903407805922178,0.6490755699333892,0.04163700917491564,-0.5282371599964364,0.2122192163815919,0.5559712940967652,-0.1065941365108598,0.44039727288368447,-1.3641419227338556
0.20772042289164006,0.030326311616870605,7.106654303606023,0.00026293683534284185,0.021673104225940598,1.3102045475581732,0.6057765483236803,-0.11665307948824655,0.3962714599056545,-0.18624401431295823,0.005766458936364849,0.0329038609440051,1.8331319373004167,0.4305322544233263,0.03632325692431415,-1.49488471205692,0.09200472202622478,0.0034246621165088253,0.15496012524631375,0.20654365791144125,-0.0053540271740120104,0.7016586246750514,0.5725977846765975,-0.06455146102522846,0.2623674770338047,0.08522915614990456,0.2295695356339662,3.3762931749779863,-0.11052179581236032,1.0800941438235547,-0.03202906212412593,0.29993557615357647,0.771729657432461,0.21792999707811056,0.09166695145392367,0.10896889742650817,0.2156688843790957,0.6033743493344579,0.7299692656191397,0.6138369308503857,0.0027055004756872947,0.5169940537704765,2.4729667060683678,-0.009003885148373136,0.055156978509862675,0.18008628065143562,0.21805734384718134,1.3340429871098944,0.046857436567373956,0.2490245326044982,0.04166954273542345,1.41373359723549,2.375549222069794,-0.055512558664559286,0.651784700464928,0.6182899255678369,1.2431209790033906,0.022870410145658937,0.10528470489433683,0.24881738764060568,1.1520118371248955,0.5583456705904264,0.12309221652465485,-0.47422186322624427,-0.04794426358627124,1.071684806105453,0.09537258520487057,0.0016471837563472036,0.15660379533556057,-1.6589251286691429,0.2199659678240966,0.14089682250619928,0.14312662407655807,1.276562202137483,0.5049810711811151,1.1223105776023576,0.8724282155934135,2.2542332172974926,0.06035381498475134,0.9718548244708312,1.0550679235208698,-0.11219286770905867,1.4805353228025697,3.990893451893278,-0.008463943367551963,0.20677870012342403,0.944027245555195,0.404426351994843,-0.012827110954144239,0.6034185557369582,0.7351316069216942,-0.021250669601796446,-0.02655704473546372,0.08279922955383068,-0.6801880224822927
-0.025266527522670224,-0.01534527054525725,-0.3293644681087149,0.6167690685735909,-0.037856986064786824,2.026326139771024,0.031914206875718554,-0.42061478279878184,0.10293305447141776,0.2756164406802455,0.06308737332020709,-0.03441369100612901,0.00010206602713980217,0.6477332660826756,0.7667091345538193,0.20402484359207396,1.0460592009488923,0.08882810111569572,-0.01913286638583589,0.0005107243215372037,1.0384810678149297,0.07957022601380537,0.46559149770095054,0.217191299308789,0.5547323769150294,1.3070538732176447,0.5775325183772644,2.987174571281013,-0.20645826725119143,4.52231277124187,0.8073861322875828,0.11853573363079217,0.1860993844718033,0.058731360205921845,0.1350820719185437,-0.0012816292048882794,0.25185767832524064,0.011030112006985782,0.24834616020084077,1.8000794342238224,0.000751423720717348,0.9917576951049316,1.3596761730759965,0.06849242865029215,0.00551462727185692,0.43571854964539103,0.06805825685184619,0.1655903131606502,0.11126116072336067,0.431478981785709,0.10300965466763579,0.03718629840237053,0.7831440351898316,1.2148023025075676,0.1344956354179656,1.7329321802834459,0.05367316941749767,0.19055610556699953,0.8877730834355395,0.25637872843963017,0.7650470067237691,0.0005729650017141097,-0.42766176035241976,0.5260774538730981,0.017011765943806267,0.0881618162405422,0.10906755811468871,0.2814733993606229,0.38631813584429375,-1.1225143647932194,-3.586100098441884,-0.0382712818850961,-0.008177450408449083,1.5959562570193144,0.3277183266195447,3.041121125007412,0.014306304433673755,4.4784074680263775,0.23819234125802868,0.10839933591157092,0.009000438207436012,2.033231566940179,0.35194654613997045,-0.07048282021643382,-1.3961090534175273,0.0127105104125107,1.5375729417972739,2.2692651988874024,0.1640554966729333,1.2971004296006035,-0.056993705604481804,0.15651283319359433,0.3191557293722518,-0.06729800079997972,-0.36193745311882886
0.12006324979404859,0.33387365162138494,-1.288670086539783,0.804583758461936,0.17787201961976828,0.30294658906508243,0.4815584513531963,0.04148148668024598,-0.506373749229871,-0.3657394878070108,0.21782616064864113,-0.04312268627754445,0.3802299748722202,0.00636296573686046,0.3568683810982618,-4.274663752256929,0.315737143564653,0.002710294117004075,0.07513606120068905,0.08130865081435878,0.005654699899584337,-0.06763525792970881,1.490047835611378,0.3477860818038083,0.889518524338861,-0.0012389101450764883,2.5113534805400626,2.0109858318837572,-0.05540132180771096,-1.0473028984104742,0.8021982472516167,0.07376192277381755,-0.07424812655526392,-0.008040600570789369,-0.029276216697623703,1.0116268789250746,0.6122096220546913,-0.010924659359292654,0.4658387492892295,5.07078563443283,0.4858435414196869,1.0455228458618464,1.0402112368179877,0.056794351091592254,0.014782640722488694,0.7614538156445154,0.23104701884158985,0.19200074245705245,0.0945106890676648,0.335722247389318,-0.027566080275056137,-0.1969425075718121,0.5250599309181272,0.11316194169303628,-1.584730075259607,0.05759774546218788,0.09801965114521405,0.10465761168295451,0.02821963486130219,0.33593620494627086,0.25202309902663966,0.066389474563322,-1.600762314648172,0.2598308407084504,0.09024983840229361,1.1675848998932574,0.36903229642611945,-0.06605861804813884,0.25609944570383814,0.03286386676877662,-0.9870431205323174,0.3699661890978758,0.00916865511950693,0.555350061543832,0.08051908205614966,1.4989388947076119,0.025837135271410183,3.870564500167327,0.32313644907171923,0.035231321969544815,0.2828258410031257,0.5134077264811889,0.04374334358778009,0.3161439925686764,0.0036390577234399757,-0.015018460967501035,-1.2449271381126712,0.8417840662117779,-0.05832815979545369,0.10817002890521188,-0.08544966746795968,0.8309742594769376,0.2810199693685478,0.42086322943375043,-6.20883126252476
0.6713154449589571,0.7855191811291,1.501101760001534,0.0015798788758587534,0.04047986613702914,0.6301617531246868,0.006830579487477451,-0.3231117497820222,3.5424104190982177,0.0003227807213921352,0.4912159682643775,0.6510091693245794,0.48797217877606336,1.2246227988367377,0.023765189192329395,-0.005369487425557651,0.4399333869566866,0.017106454572660468,-0.06774207031521584,-0.02051036646897053,-0.014036462369348968,-0.07218054012638131,0.5187485941234664,-0.010975220624466875,0.29800950246058777,0.3162729003349378,0.02938789943324771,1.9807052167925745,0.029513905987171185,1.8384913850431088,0.4293009492895694,-0.050396785143398404,0.006499133257815259,0.03620425159894136,0.3963739583563761,2.7417909143411823,0.08361693823620087,0.01425997233401377,0.2777332547373401,0.3155795821034495,0.003096785699613136,-0.6982058722813358,2.989663511954582,0.0003845109965432414,0.05852310804804084,0.28568440440619813,1.1385190001361547,2.6256458443187904,0.2540419532448088,3.0151297141728146,0.029360103647230407,-0.19852334105719294,1.4424687880252058,2.187399592949827,0.9098203643921385,0.7678616688183268,-0.08938785098880153,0.003507229849372351,0.4317529788792349,0.28490379454115544,1.7969169799062996,0.23097557191550777,-0.9299538334027684,-0.22005796375492093,0.545889105290339,0.5188607165688115,0.026674364376191306,1.2728114214579955,2.1268784089362986,-2.9226410386931754,-5.498204914934714,0.5993343395180348,0.011174004249310698,3.2441017839720017,0.010557377241377619,1.29820543108384,0.05547213620983893,1.8657028269699092,1.0045712622936067,0.012409937957066575,-0.04603591184999978,1.202514847849196,0.09094241636215283,0.4698565284278349,-1.7612195418880923,-0.6037441295316599,1.7275321206654155,-0.4467417428120459,0.020532739677668665,0.6538836640120289,0.3348911375725159,0.9275841736090094,0.0057980314025192214,-0.007050290064309905,0.17847191605613055
0.11273740537785137,2.176450626403584,0.8128083439701808,0.21518025731946366,0.04065105217085829,3.0235074584980284,0.11816677565407474,0.022856983062067737,0.7401040507258809,-0.12512993170676712,-0.2066116407903822,0.33303691802775504,-1.7423403671756397,0.5615366302055662,0.010176716320206225,1.3752376596112246,0.12104430981514902,0.06434034505567343,0.03638982059370388,-0.011247306792394163,0.007330677766285376,-0.05609155579526526,1.8799803674900035,-0.019295107966339486,1.958195139405965,-0.022358636404412824,0.18673174829307015,1.1624214190604842,-0.16881040729870467,4.169044452411447,0.0717717640706983,0.27686701218448384,0.365205296148587,0.363428356588674,0.91722272796836,-0.01946072003883348,0.0323303789377567,0.00926464441456698,0.008967209348232252,0.37031060296817575,0.37487405558765907,-0.05773745360851379,2.5094592965546187,1.3014545293292077,0.10576637453272708,0.16245884411447076,0.8242609318171681,0.17173683448321597,1.2898857503243022,0.03351725706241204,0.015714794492274198,-0.06735384897967922,1.0357720713529144,0.0477585662939064,0.9087589497137865,0.09619777536022323,0.026577682506205846,0.0728082273470596,0.4116074968025203,0.08225782735733844,1.053348866509559,0.1413524239388717,-0.17254405621047164,-0.45326984279408133,0.060728253594227066,0.5488303954759179,1.5238925928170746,0.12711061075814456,0.15668648575594535,1.2286567764796614,0.004154260505811358,0.308604162506636,2.2287831854683313,1.6201803757282018,0.5636779690967,0.9360793598818642,0.18744453246339887,3.451675866847246,1.2762034241162858,0.34863375337802793,0.4944245038112882,0.08212008135580007,0.08560071627297061,0.4010126769281648,-0.3098610175860603,1.0495290759159683,2.3962523618550797,-0.060840787398484864,0.16051399318590676,0.42022360657843016,-0.044897431698551316,0.20125172583993667,0.9254630052625887,0.27593621288929304,-4.745882736669567
0.5176118248809392,0.572007908055042,0.42406959107417386,-0.09154503659178559,0.001070036885877812,3.3908260124628082,0.12766140387758407,0.12968104532426228,0.6536100787510257,-0.7310997014032758,-0.04259989465996705,-0.09930254509327296,1.1119539590749667,0.04467164687568359,-0.009553218590850676,1.3315223655873965,0.6076821868813429,0.0708168598997152,0.13873586715518194,0.3720529074128138,0.7241988586149928,0.06110444125816361,0.1574051176739646,0.05484759950563056,-0.028262653619561817,0.03474801308475106,0.34298331566245643,0.9991281893431796,-0.0633602957018331,1.6543568573929655,0.0471538301830674,-0.010886927767038479,1.3159330043751787,0.5835709551619219,-0.12071507671226644,0.15145478234808074,0.290072719835166,-0.002823271805966421,0.20475433270831545,-0.06679353394563581,0.05009180905673638,1.0207022049501635,0.23369682510679013,1.3742030913066525,0.1648923387774648,0.9104365368449612,-0.004792261459446223,0.004417954913415123,0.2645138327296159,-0.14093571838578267,0.24077074992090086,0.05795589499835874,1.4402501962974972,0.20662574239738962,0.5056408973915083,-0.015116155019320843,-0.14754483077880742,1.3437813245745232,0.7813945364396506,0.13391585180199606,1.8037345118543353,0.30848787348961837,-0.3864555581168423,-0.057147704640629904,0.0024759958338078647,0.436756574945389,0.06517977314700207,-0.04280265214905299,1.0875495151777121,-2.9047975859269775,-3.396722376572115,0.1836096888073433,0.05827467030826128,1.2307210849201162,0.6753572896532449,0.640865428945891,0.12770357628297724,2.6711746500796245,0.4941213094888246,0.8918730515872384,0.2411070656935106,0.9078022479366492,0.0711759076557752,0.0016908499159353774,0.6792842849659646,0.15385538425028633,0.6778892963968817,0.431593276395005,0.5789492545768846,0.29694348549068117,0.08413461311306936,-0.6923098799144163,-0.0990740210239327,0.25163860768403623,-3.2868744397588863
-0.06483031749095591,0.029468685565294805,-0.18818404387947218,0.461614106285571,0.08209692510357058,1.023236155361562,2.22656863512659,0.023474112861509244,2.163935448580599,0.6902058718047375,0.060195034175582585,0.04410425351986902,0.22446169374942038,-0.5248307148757201,0.000116521217778498,0.08291215649928318,0.2563938196911284,-0.0004965589662075942,0.3693281984579695,0.08649486868415934,0.8881693144154341,0.8724956707433931,0.675476313595115,9.423717027002443,1.117026811027201,2.5206564714626847,0.33880147518296155,0.7195356138621474,0.19193614953030025,1.9401795290937986,0.04055570439276002,1.0615898008198563,0.235633937419363,0.018100151354506266,0.9647703482676722,1.155965751646657,-0.008064022500592127,0.04671281235587044,1.513657675082456,2.644738076369265,-0.010535376210393466,0.21987348309356491,0.701020079460581,0.04058228561903743,0.21185259157849634,0.8724989947076285,-0.15341935566666987,0.8458578404118846,1.75595532036162,0.31800291921088286,0.0699100735583853,0.25787458846475264,0.2229640799392989,0.25859642415684236,1.4468875308594145,0.4916808001026105,0.3261359519433409,0.5247124185061249,0.004686272875848552,0.15520952367566743,0.4121503501888384,0.17967654441426806,-0.5057868062513817,-0.25735892877456834,0.45660770494900316,0.05503414874057144,0.03081332506300427,0.01487787885620051,0.07803493744210677,-1.4444193213979348,-3.7594918380586444,0.14806979669209142,0.01576220432087938,0.6133942161175421,0.37027889497110644,-0.5534698359871433,0.03208260111201966,1.0601045578429549,0.7671726037171229,0.0951816705023596,0.09802046256739771,0.02890955694100894,0.01501574447161591,-0.1122986598557496,1.801604878006426,0.06282628929692358,0.26688544412804305,0.5767081709910693,0.18310937619319612,1.169460661415103,0.3545337324253426,-1.1606458516812053,-0.019288675511493825,-0.11997767853628094,0.10815198367396128
0.005630278760279772,0.21954003191966365,0.4076323988137567,-0.0016440064980791647,0.526565579650276,0.22036559410744871,-0.60268738911547,0.27436743084694815,1.2943189606681962,0.562477613722856,-0.006356612274755591,0.4557544498489827,-0.5072932189619985,-0.3100031578580529,0.07981320728122343,-0.8843747487647509,0.8104255907069469,0.07752591318450275,-0.0028406968350105366,0.22600547320831943,-2.119552931997391,0.2981211937355459,0.3432532385679581,-0.03055316323124302,0.5568394573244051,0.06634859072354082,0.40842857936252663,0.6919315591009054,0.034103888116223224,0.14572151801315103,0.07655527781453308,0.04142060097798961,0.42239703368758974,0.0051613269486150415,0.04557264773389047,1.160505265554205,0.10798583151059393,0.6109622820912222,-1.1301719536701427,-1.2833897848392581,0.5423760913276112,0.5806541794349913,3.196096025818626,-0.024609307411012082,0.01385773694151915,0.7691169370471806,1.042190973790988,0.27028199870932923,0.1722096543654632,-0.0018160133229958575,0.008182106239611464,-0.17856221161686214,0.3853366275546577,-0.06922608167097266,1.4090295057368394,0.0761466242635418,0.17567256027097988,1.0164606548556323,0.11355876083220995,0.15424109170686418,0.8314006657078767,0.14613076727938834,-0.6423057013819282,0.06600644218713203,0.09817854021289074,0.8367661281061958,0.42805434265721276,3.5641270467406123,0.854069531388578,-1.687193741397186,0.12237317873199949,0.026707843531638797,0.2249503653172904,-0.2567639328473086,0.7175206973187032,1.5361114410157333,0.23918173955874122,1.245820060067453,0.9535974037429797,-0.16174466889401984,0.2596111547103934,-0.014909800728108102,1.6210399571876462,-0.06800982254061605,0.09816319582163757,1.1610058748521812,0.539016616679298,0.5284759126822549,0.005698601980425266,0.7255702787480054,0.03690515909837355,-0.4576671426431851,-0.11674622711368965,0.25269845124011914,-3.588392071357521
0.04766885405770793,1.2098270173269245,0.19184094585955602,0.4996111037843569,0.02652526518225251,0.019882795319087432,0.00466450144667796,0.025909659623566395,0.013977651983312356,-0.24224876230718362,0.3481254694680227,-0.06339817378536772,-0.3412393649426564,-0.15439202135641095,-0.009579157719821652,0.11069300819602734,-0.06138530429125311,-0.009949584254195454,0.3006064773534174,-0.037427799386429816,0.6546140794041482,0.05563226676301003,0.009319260558228404,0.26036648587583233,0.17869632028148352,0.2070430857527068,-0.01274775693737773,4.4004108547178,0.5018803984891491,-1.3211476248429808,-1.0697673300741304,-0.016044208864038012,0.3059313312664518,0.0026198032406936633,0.026914158732597393,0.024029976266214614,-0.010115943863171939,0.15050391725867085,-0.10599931238185967,1.9094049093014744,-0.011438077179144468,0.6373833051769937,1.3713103304924905,0.012148699952687636,-0.05932687198715847,0.15096602515991187,0.648823601301773,0.06647361878758051,0.046950921554365976,0.1834062244621686,-0.013662289616739987,-0.16351758400321437,-1.0702628551629942,1.7000998277538306,0.8711031405891045,0.029631848279849216,0.2511141673512487,-0.010372702676979095,2.175142790847,0.011323798299563759,0.7611918943163971,0.22151547481168032,-0.41237404488386886,-0.11538157923493131,-0.016284113279601886,0.49934804865461446,0.0007069343358709901,0.601193440008954,0.33831347980127413,1.975039264614991,0.07986519800877723,0.3250293508359192,0.38600706780336935,0.01181171480022103,0.4708524707258319,-0.10913005538224141,0.004042529847281706,2.2671863976503275,1.011359250784376,0.3634590568397873,-0.07199551374998503,-0.006572824937562949,-0.06747503884758821,-0.4413437674155105,0.536323383398094,0.46468588447403114,0.48617765687545855,0.0574406791127835,0.032606495147633474,1.1387975658472804,-0.22162657576703637,0.5901208781304073,2.1714931385400646,-0.09500525753578426,0.1793820956668819
0.47618146839167874,-0.10386118317034487,0.5725387759478231,0.09200005953704427,0.4578021318792689,0.05092684887552834,-0.01538215251487074,-0.3443444817881418,0.5983910188382362,0.17884128248927045,-0.07133539982941128,-0.13076333352034197,0.2755722423355529,0.04952340514581888,0.028390692964499475,-0.3486315224863894,0.5697756978117816,0.03940185535266938,-0.013623848437626096,0.07401767217892541,1.1430143543738787,0.10480070975268241,0.15537599034843552,-0.024942965697489772,0.29867938131511895,0.02949063747781544,2.314683280390022,1.2832566487328787,-0.030374209965657428,2.102196312561972,0.28282404680587847,0.01899029089710247,-0.028655555457611115,1.5320845229348823,-0.13180363125615635,-0.34757284656959264,-0.02012522799532679,-0.0011200337443000308,2.0424055184541263,4.492722937515737,0.3616251548132823,0.12614269179725746,1.5952342507314476,0.11270612707505734,0.0006009277192582374,-0.1109220255617327,0.8393789080231073,0.7296728890992004,0.16597095258709427,0.030386708498646886,0.024580588049115004,0.9701451200477318,0.09726548484335584,1.8664651738353504,0.2501096261638338,0.18223251248526928,0.07761501367681944,0.30868905412251557,0.8252022569681747,0.060667993377614415,1.5089363928266675,-0.0004192134766434208,-0.12582878051472424,-0.1465560608917409,-0.0017242281399947323,0.5996808726341438,-0.021359882945938935,0.18658050908188262,0.6037542668134721,0.05730007747871291,0.6298788281962242,0.3599286965479145,0.006279246084927248,0.5678205690071625,-0.022261091018431323,1.415315774910685,-0.029333621215733352,2.891415546897395,0.5301629480143615,0.33868809040088665,0.10140499001177794,-0.16572236415610586,0.9048946116980741,0.0953970025815094,0.5164121746235262,4.1768983891532585,1.628200136596707,0.17184332803514746,-0.011305128445235013,0.8659245267861309,0.029308004628496143,0.6582050685496599,0.029765393843979027,0.4448481977862091,-2.573887671293236
0.1110588109311097,1.1909850631745744,0.013299567222221143,0.11337906846285062,0.4918711706681673,-0.007943874707665444,0.1638944712833874,0.3876672492380644,0.3217969962749381,0.305817250182443,-0.22131449823331906,0.24969076400109458,-0.2829547468859541,-0.002727321243340297,0.31132664185554537,0.04675251930557156,0.10919251541921149,0.03218642182255893,1.4209765399064667,0.03497505920933586,-0.0077699656022378605,-0.019697083772728385,0.3665652987253001,-0.006654126262533033,0.8926795294810006,-0.048760914512491205,1.1251550370456807,5.4505112377765474,0.34247047561079924,4.6707305967816355,0.011408196104861101,-0.013062726001276559,0.04958209746532738,0.030447200888726655,-0.029826124125276188,0.027776984969261953,0.38155294225102976,0.08460645826280411,0.9124146029612392,0.12396163188231135,-0.011426718445075146,0.8221332340673726,1.1003400167287012,0.01421727502075587,0.008131823794783166,0.04988604192739032,0.5341684807805205,0.023343529324953094,0.022529003848604567,-0.42585141677026694,0.07310654371190584,-0.042236067086693474,0.9746942302089785,-0.018363491898910844,0.1731547471261763,0.007404656625405792,0.9501406269343411,1.6129501066866743,0.34452874420832647,0.4782549792494768,-0.9921951916139662,-0.05168419900828214,0.8045615692949213,-0.21269878713244061,0.49348003370143445,0.36403615107121556,0.06294028679366015,0.056476412387619135,0.6578393553058346,-0.5464445366367627,-0.4923792012222332,0.3412316612389841,-0.0026054064368481455,0.1272682697697034,0.2881368900732002,0.39063438930025773,-0.008494477118889954,2.505584391727389,0.3358010257420396,0.05009194520241067,0.04970329451478306,-0.05806067088272382,0.0018906624528920446,0.3893878557569561,0.6530904494720016,1.1214701653034025,1.5248313056453435,0.3830448973891061,0.26236028291526203,0.2470781196996814,-0.03993155887573785,-0.370967139281861,0.03732207521567599,0.5408379433243624,-1.588813787176667
1.0233053028771049,1.8002257094625485,-0.42113882590610263,0.10176366429603512,0.2058264639823677,0.12264634878563019,-0.22432015555418205,-0.0014395338891572962,-3.996169929649588,-0.5811329865189192,0.34908176211701747,0.1258509333079303,-0.7300171464641272,-0.028662950820975475,1.3726551060141023,1.9090705897914182,-0.35690611936778893,0.07279066970264214,0.2644293224141605,0.08962994370850774,0.00319793124914014,-0.5478957307134191,0.1434084471802448,0.14306051746216486,0.4732236289881251,0.08313302532323341,0.8329588318685328,1.2814959361310034,0.033756595488721786,1.1738312106158855,-0.03885119118822544,0.0384473774073566,0.8841660105537157,-0.012797346537571919,-0.006264012063653901,0.3709044026184678,0.008509138928876503,0.348303322310759,1.0455740309986226,0.2437232773716218,0.04992483315067986,0.9337299315277274,2.0901960123064267,0.006636292541783995,-0.013503296131073483,1.165312016674299,0.06441698197584955,0.5348314108915488,-0.054431550820132735,-0.1342252423672745,0.27009655187869797,0.04795629493225828,1.061519274103901,1.6655104009107253,0.3642884897520098,-0.19799240467614343,-0.033108692418235997,0.8987031721745247,0.8170950725949231,0.03534846850826545,1.1361345093381097,0.19502043406846692,0.45967800298619554,0.13261161531740306,0.12875724125216026,0.551790724294424,-0.020400493908896422,-0.14972926675572307,0.0532284691518905,-1.2522640726097087,-2.761364424495783,-0.09484485625447592,0.01065650291198228,0.16537360467620577,0.6902929800527873,-0.3336667350122773,-0.5767774909932069,0.41894891949530333,1.3185444603307945,0.032228845184929966,0.5167007021701444,-0.01260788675771174,0.10797430621706194,-0.3787666283897928,0.22979741649067797,0.0018724091139565857,-0.7195248887223542,0.5281492617076999,0.6791384226764161,0.6584680171256725,0.05630882185194963,0.06096437086581119,0.062331598096379004,0.08429104700360224,-0.3811003943934441
0.022990142229513122,0.1447582041733444,0.9855015701392293,0.6980942990220438,0.05702889864725602,0.021046021143869886,0.3409374054105063,-0.010789612011658178,2.1081742557471053,0.2119912957606367,0.4751230220746603,0.2606571686422421,0.6014804851077677,0.11239150282750598,0.14679370003847403,-0.7770409393198134,-0.11760943219800346,0.0952214424476141,2.335204373458118,0.012654310038659133,5.817131813584924,-0.0019582173325130015,0.2959812698719193,0.004258252549919739,0.3631448925905314,-0.06297436321438088,0.38420440984373894,1.0336685273078086,0.15217922473661805,0.005302516304062088,-2.2335565315333694,0.014914003625266403,-0.19291879406795331,0.7691165366720245,0.5766082064621401,0.025083459806427122,0.9130321902821441,0.570194422113155,1.8785256406573527,2.970922612038514,0.6777780993957894,0.80959864716763,1.191803758622548,0.04602805970067614,0.003273390305249535,-0.06623649798209197,0.17015184070376232,0.019516435273360333,0.2980887574990958,0.09774895922247229,0.022039611695983563,0.21817736852726988,0.701914968210068,0.005754027613076751,2.1240618041637394,0.09974720325033637,0.4130522587716685,0.36091484308295385,0.621529745300375,0.4384369667218353,1.739703637003604,0.6468990124098264,0.6399409768608777,0.018250233303101382,-0.09404321114984882,0.8096705015388155,0.03713716923865107,0.5817363122659653,-0.06278314153627296,-0.3690728115969968,0.15817622225611894,0.04458660355956079,-0.05477538796061232,0.2896089738128933,0.2879115234349352,1.1122172897806264,0.31804960369239055,0.955304141511534,1.0229039333453915,0.13445239395445263,0.4187378943112341,0.10926627960155155,5.4902314333480255,-0.2195964835276092,2.215996086021219,-0.33875622684847695,0.730662788562376,2.9484396028038873,0.0006423149930179228,0.7713702999857261,0.3010386051398992,-0.5217664921042022,-0.09383875289081978,0.3016129832035146,-1.0851747543205699
0.453980492992641,0.016070640868024455,-1.5881737135679863,-0.015816364240695435,0.05830201735185181,1.2004840252136457,0.16286597396143865,0.36348115972778006,-0.6285464923227568,1.0711231372248342,-0.15526282934970048,0.8530793303156061,0.44593284030755775,0.3584596421464479,0.004224035702857343,0.03878644067840131,0.03566683042489416,-0.015535272257425348,-0.05360411055051273,0.530485095336529,0.3304275420353404,-0.14089277213337859,1.2471786725878022,0.04759063287583842,-0.026700524722544472,1.1532896555794734,0.26722427251113423,1.9257631999370144,0.22835277837548507,4.392391009769952,0.03151962261131924,0.08697333706028232,1.9502137958637142,-0.06597571886888343,0.2997413059416556,0.004646813377906955,0.09090472032408137,0.08783273154312887,0.7452307926865913,1.5733154780749814,0.011496035339603417,0.15390700407078084,0.549449439574726,-0.0030666320013450488,0.18062238255370522,0.18967141030383505,0.96906677762325,-0.051953663775936576,0.09002218624184266,0.02697045871957604,0.03140235651817269,1.0473039138226126,-0.019124783357771236,0.0587361201400487,0.27797237808560915,0.02256742453206151,0.02284946973755897,-7.604502320468498e-05,0.7766803565392078,0.10155607200592565,1.0544498001838196,0.629737972624385,0.46642089379658724,0.046878894235581114,0.016534719313900936,0.6488045605446064,-0.003264932368936435,0.22417985344374536,0.34687979898686105,0.0038434581778048482,-1.7122701357105843,0.188786813943028,0.8586444463008496,-0.4588448765945343,-0.4111277586629969,1.8546064286467372,-1.0477782073149555,2.1125514858441763,2.5251763737232524,-0.02624323140184659,0.269855684766771,0.1995133548013457,0.20225863121595555,0.47784548526211257,0.4636629974959243,-0.5527831609070448,1.4954079237004834,0.03038097242124671,0.6500128448518661,0.22466563808215412,0.8413440009907802,0.07036144434149794,0.2485915584794176,0.1526209137635739,-1.2267457854846775
-0.07299812916030213,0.0022070949696573194,-1.5959292594465992,0.2359756848208665,0.8300160396990335,0.0037479354294456257,1.662102851928922,-0.15285367345029144,0.3911420524626368,-0.1232466374407748,0.4513502456361156,1.6625490635163356,1.3422093679701428,0.16672148223853478,0.014239544602163257,-0.6716514657136585,1.5185023878792894,0.2553153275522453,0.09975585187016378,-0.007509265003350585,2.4850526432633178,0.03025478050879027,0.04619689297729579,0.07683704092919408,0.3598171575061029,-0.015138278951605244,0.16934495883267964,3.4274518073145774,-0.022114097297065705,2.6858869094408737,0.6514580391908691,0.2777216257933368,0.03137041334608082,0.22956583490166693,0.01101870312052533,-0.03263127367473029,0.08475870207117797,0.06815747393094895,3.4091033439761382,2.809073168246096,0.30877168384782205,-0.5743724384730511,0.9624628626593097,0.01605756929536195,-0.009339815279164831,-0.029157770746506717,0.6356632667442006,2.0825088828799307,0.10976840185526537,0.4934871665619589,0.1308729787044567,0.17004249810439198,1.6704651744856873,0.6357729167655242,0.0713832896179607,-0.0021609812114546934,0.026352349542622555,-0.29423171808704485,0.3597271537232234,0.21719006151984344,2.581885283077705,1.477559086787604,1.0720676025324716,0.17202200333123052,0.2722430958325348,0.462639545239536,0.04875208799725517,0.15135953988475226,0.5934714003550043,0.6978042708947685,-1.6539209314291146,0.14574936186290932,0.015317382773790023,0.3465867067614572,0.10066482436669588,5.894034601095576,0.3321632404532453,2.3037900941289866,-0.02898574922088626,-0.07448801020017992,0.3171665255330627,0.4869396094126204,0.034764028223973176,-0.4414854760370961,0.14660808899809297,-1.7429354839781448,-1.7176480235548084,-0.08718521251293776,0.007558345574849135,0.01105633841824627,0.04021373348979118,-0.9764042671196904,0.12736638194069894,-0.22351662988192977,-1.3475109422546119
-0.01834582582340083,0.09477332534759064,1.0418019041829867,0.036057180027071034,0.4252696049076432,0.24072324455092264,1.3177550441849517,-0.2129399321681409,0.06307436000160882,-0.002618957020803059,-0.02210307618918117,-0.7144679107824623,-0.12268071011713388,0.4204212192172836,0.020037301120189532,-0.08083253129919399,0.018861911755294614,0.049148621559348626,0.7031589826876097,0.23865945325967441,1.5182760914198719,1.7192051671810074,0.13817301089703715,1.1091440985869605,-0.1169834372478622,1.0977667875019952,0.18739951943280442,0.44001218678592124,0.013852270123074106,0.9327520807572798,-1.9508246566123555,-0.002929754629650283,1.8143232059725634,1.555741012192576,0.17709672001879584,1.1274781110055718,0.12714330774620386,-0.07998107097836638,-0.292590741815685,6.556894725749077,0.6372759712297018,0.3297571333153928,0.0409571788197276,0.023245614504599388,-0.0075578491480872145,-0.023329530139727606,0.17407641276438834,1.3153401546584371,1.1527113278498715,0.37796215966031976,0.019843986576810302,0.16261716339160515,1.155177349999426,0.42457480564491723,0.493674576785871,0.05895562397118059,0.41688932220158037,0.4246755007829748,1.3385210172430182,0.42609514098646883,2.6806518938116497,-0.012318882639182682,-0.41711881206290524,0.048997330852030174,-0.016920002928663358,0.17259644165847554,0.0570671854098217,0.4879418711146011,-0.020593392564398627,1.9137978508211386,-4.233640580462041,0.03392246862082615,0.40642113334508867,0.3719431764819472,0.7484409305916673,0.06232151042515088,-0.31849922580272505,2.5115739136181636,0.26010448551642096,0.23578148642011865,-0.10607682629762216,0.17717938397069855,0.9116092557290734,0.744936352245877,0.07331446274371345,0.05265842658560915,0.7308223187404499,0.0473479877050611,0.04335750608368727,0.6363702857868372,0.11217940743521648,0.3610758325825296,-0.06250372245045455,0.16259620355068893,-4.070436990155169
0.05123540041027841,0.18990441120737422,10.330827491663067,0.3958185086982571,1.0159861678404094,0.34489017068665184,0.13793570289835477,0.2688895918061851,-0.08872960362053384,0.3861890367765719,-0.060671667970588095,0.005040231825020669,2.810936332947456,0.01140527456236562,0.429502429287294,-0.3770679784102704,0.33542827035156275,-0.02693207286609578,0.6881470056683501,0.14069488121415707,-1.478281025552734,0.061864873055347935,0.39846229715403814,0.8453457455559281,0.12530909315825678,0.01757359215979104,0.3187596446543921,0.8579404783985467,-0.01873471011935024,4.113141846843455,0.3623667179415504,-0.026693527564111363,-0.004825812689364994,1.2205925600471401,2.27897293058259,-0.031961419602540175,0.2690501638158871,0.01969277439063699,0.21013428282040714,0.48338961830077487,0.0031947552350182207,0.6837216843688143,1.6519355823178028,-0.006857792666687956,0.2970158872888078,0.03321869487521223,1.1109942803026502,0.09010510608587996,0.05268573460061177,0.4832651476827561,0.1906345806674099,-0.11082658910337662,2.621533749896809,0.08914782493014961,1.6014702426310663,0.12881320121259066,0.8561349093729715,0.2910984043806675,0.4744179169073144,0.2814379215231684,1.0588999900857807,0.13502470589937454,0.30556998807859825,-0.12231595268826023,0.22357767830254582,0.2355548009627455,-0.0006494838534192304,0.13208235927411938,0.27495695393862274,0.20115192645775792,-1.8612186913420228,0.1342934021165303,0.0017298366998605985,0.1707382124598551,0.29049525123870135,-0.2870877240963239,0.35293458258390764,4.650670695155174,0.5342312417911872,0.1430482088442666,0.37313344823607775,0.8391130099884876,-0.1228196422540977,0.9936904076100235,-0.38922753260457643,1.92392506827969,0.28419236816597326,0.20712043980281702,0.4955071078347215,0.03080395147514281,0.20376091595201995,-5.7629654368271686,0.029998303913554736,0.4423275733933758,-0.8444464844405664
0.11547400802668228,-0.06807194006388428,-0.23407655095752133,0.49926271780719844,0.18138126888659833,0.17674588644145484,0.9645909504460506,0.1555981011973171,-1.0628383794627059,0.004375356509750183,-0.19056913506714412,-0.06533224084629996,-0.7028276774709283,0.47650112415673984,0.669635353465571,1.0714242891494812,-0.10744847912288691,0.0019772759538154716,0.3092251573404976,-0.033446566687065804,0.7136874758644121,0.24012952206791782,0.06008054824881093,-0.01234037032196511,0.21646611375161662,0.13698776953772285,0.9267884069414682,2.547869531139863,0.9054487912662497,-0.351980866155559,0.9884818431424272,0.051556509038909404,0.520885202272499,0.0066746551931906595,0.5713346209759562,-0.013191804277495223,0.3822726579518214,0.4419663357293784,1.4155538697503172,0.19427267200533205,-0.0025325817238925907,0.6235480781308169,0.4822064936924333,-0.03244560842848898,-0.004100624383104989,2.4709981073204377,0.08307060909628916,0.42358224060926153,0.45842050089074426,1.9565616910200028,0.027756553105882986,0.08679767176428488,1.4952860830436183,0.6882128259033937,0.018793030406342837,0.23389963257814772,-0.0019104863940127004,0.7945171264242501,1.1955097692837988,0.35447254911861314,0.6595896986433925,1.5419391525378825,-0.3238255466687212,0.11639254636671215,-0.042912191558532875,0.6000194265623238,-0.010089047456533606,-0.07930951501447048,0.7765590505330948,0.07617650754776051,0.06618843304190136,0.11274842079318059,-0.035252078302168144,4.7215774521509735,0.4804669750613302,-0.023273543855674816,0.6717983430753867,3.7402164288319035,0.022326907842749932,-0.06043829024599212,0.08916045136953699,-0.01841410949994504,0.552048580410526,0.5095980984121984,1.9667904468044384,1.9566917603434426,0.0219506591881804,0.8529387557275738,0.34802668310307006,1.5645710140912588,-0.07848701758634213,-2.399549681161806,0.1465724913663271,-0.009874738991577203,0.13656978386341256
0.010578594674146125,0.10168080868881901,0.13390877968866022,0.008611509924103977,0.023575792564090037,0.8244749426582443,-1.309101098240066,0.027371744318809288,3.374962498595962,0.3041548422074918,-0.060605281535190514,0.04129472165306769,3.710736991632336,0.191933420787592,0.20013124896568035,0.24421524017293494,0.5244976587309154,0.002426701636536688,-0.060639419888274926,0.261690666055995,0.23717883497621406,0.11375169161846355,0.16765436323746652,-0.03216921674487816,0.08220407365454196,0.015445027454428661,0.13433577754528248,0.7956320926502807,-0.0024914533182274212,4.46371342715198,3.046038364103792,0.25533451943837804,0.6840928820999572,0.0328199801887914,0.23058696606951834,-0.024240084040035192,0.05555583800945296,-0.07918440892291834,0.3888343291119938,1.7010679618830329,-0.04447188652528311,0.6614280358448639,3.4552973539236955,0.5491099082560709,0.012820405474358365,-0.09603873271654617,0.28160947871988107,1.6261335647762838,-0.01576672711619187,-0.14157973107849564,0.03441954046201001,-0.0521111840999362,1.0162358235900584,0.3020282642534755,0.028984806946901642,0.4998352998425277,-0.08071270470432301,-0.042241186706422074,1.034730606882344,0.1349224673621201,1.6898762285983269,0.0036086967328476938,-0.21196233159828148,0.04736120547641365,0.014634647460245898,0.24976961217577553,0.1425666535313459,0.0082017273235504,0.296557332832204,-1.1963743273888277,-1.8101190284731281,-0.03827406455158666,0.3424289006754533,1.79684441899761,0.9955532753307472,0.3657516798030276,-0.05580776843867108,7.76745572438809,0.04866320419121539,-0.030454879992381834,0.05684932370589113,-0.061731863480144256,6.517444137613427,-0.3338038387637954,0.3688963315610123,1.2269663858366329,1.1559234402052194,1.4092143106392374,-0.006563521397277228,0.06875137135615184,-0.07686534660896172,2.4977184588895955,0.2718073953338145,0.07767339677639828,-0.5766122950542059
0.045717039032060036,0.5061138919024835,-2.752654716869923,0.07320618572651405,0.5715696992551167,1.214399431842434,0.23261329804044228,-0.9605413800344098,2.3797109415284403,0.014791863742337874,-0.11719312814659766,1.01676263879959,0.0898258828478884,-0.5211635222523938,0.06773786402480608,3.8271244184802082,-0.06870595802379498,-0.004174426976110368,-0.03320979668785684,0.4022243988302696,1.1308279717765606,0.03602560029389146,1.610208998450033,-0.06957327122883328,0.24773066112567754,-0.05746331510427183,0.3076014693390485,1.0908067355077087,0.08894626582013032,0.7362063836420893,0.04042333144371213,-0.14085342522378497,-0.0612669022418757,-0.006906436071127509,-0.05262924855527684,0.21266097461393585,0.12416306229458662,0.19275110148113672,2.606637602943863,0.04581367344305409,0.019111932955071076,0.8877089370879521,0.004313030836840426,0.00041770671171725837,0.00117914897527438,0.30290211557936564,0.2118567837129266,-0.04259954288131684,0.3597583932859081,-0.2508760095059044,0.03307806491903165,0.10468827321073437,1.3596496935716056,0.011669930307831144,0.9060280427815144,0.2793345571097765,0.07043458599667396,1.1190948094051958,0.06677088227360328,-0.05918503934851849,0.28212121253396205,1.5377272533589657,0.08089757643684248,-0.15695871710379183,-0.10239282810162909,0.18729831411188425,0.058726685021417424,2.338300340591921,0.0658856550776985,-0.24064738376666117,-4.145774296270298,0.21692993571503827,0.23399004560614411,1.3734589379454674,0.09383938822201143,5.61273126046908,0.08153273715800857,3.110833601556902,0.1367919445909589,0.2912560912292239,0.45479565000387145,0.38557116688148074,0.1187967268738559,-0.0700418518079271,1.6955230561064316,-0.4718508606369758,0.006651165162200101,0.5941613500884793,0.00830502188161475,1.955738234209731,0.7813143819433601,-0.2539489779167665,0.24584097122180548,0.013287815158833371,-0.6414831601070814
0.2452777766281713,0.18672638213037906,1.3993399023748179,0.1606151401713385,0.4998177058642739,3.2348264528145148,-3.031696994710342,0.05795925995143669,0.6399544924121523,0.2984066680339552,-0.14694149867781503,0.28514010112013555,0.1658330867535387,0.04479721866236397,0.12573970159529724,2.7850241293946363,-0.13212598549108678,0.0007085544286553613,0.005570448953164053,0.06783694591883993,0.6975102534369562,0.4613190217841612,0.38105252176787285,-0.08966846326891931,0.3484168424588838,0.03931190360988435,0.4224415571523874,1.429920307554176,-0.0490876019249189,-2.7368140497868407,0.19507856276752733,0.13309419986779325,0.07163707601397196,0.8226605712620874,-0.08558460096826703,0.14270946982187116,0.08871639987919222,0.11705903494452574,1.0409718231639737,0.6793329705667812,0.06276197471710532,0.60829721294383,2.184588645114088,2.7753788269737445,0.03191394223841737,-0.07772306753107827,0.9540683321036152,0.24329715936836216,0.040566408790278174,0.2584043844159174,0.4277424171006188,0.14516266364567532,-0.18900689081488764,2.413250176740635,-1.8809624009817192,0.9749213300180397,0.027010940004624118,1.0003987025825651,-0.20237588847346766,-0.02107879681825464,1.5261816239061954,0.5411489723819809,1.36435012190847,-0.02197156945862222,1.4737837162915701,-0.14878137610730846,0.049892378143272964,-0.07611901598438298,-0.02513835206309789,0.31548749429245326,0.04930477481472506,0.39435300770050574,1.5633213002324386,7.012847128407683,0.0705533582732576,2.2848006178029037,-0.4167414109067904,4.832351245772985,0.03838915515505903,0.07126617464785312,0.15981689253909614,-0.1384060642147915,0.00799061287633851,0.6729290817641838,-1.0374710518219743,1.8067153665044815,1.0859235757125285,0.280490038671076,0.1163071337526489,0.7943946717640795,0.11525406048418496,2.2491026876824467,0.23762151150371436,0.03583912155768898,-2.23318275566102
0.43595595261679954,0.668428550566067,2.63600460660002,1.5963429464500187,0.0015991787309768135,0.005848403024005133,1.061092665520996,0.17700960769322283,0.5253107163016262,-0.3691013689267786,0.19111183279741661,1.6485487417558273,-0.372641431733971,0.1691148505814164,1.524022188704075,0.4927143170325383,0.1458899730098553,0.04442887726278677,0.893801942695216,2.102011418881446,1.575244588754952,0.002698310673414639,0.05137471385165249,0.6044282064428463,0.43293306718322455,0.6675059078831795,0.09189704843698898,1.2215647566574201,0.04427725553883999,-1.697942500071195,0.32799985475906324,-0.015905298203490403,0.11674840944824716,0.7754393004275695,0.5661948402888601,0.4520429178080443,0.007674323382921955,0.03975799006619063,0.6199799582576899,9.218766205733784,0.0050894850555121,0.7517676933495689,2.2135398724409274,0.9156513432183164,0.10867492392715583,0.17850578513026427,0.7651881112901999,0.07633110588687142,0.7436667350457249,0.18841118685149105,0.06863555995736181,0.001036565625923913,0.8418083458107741,-0.12293138710229856,0.40566334001779136,0.2241356604508704,0.25609024128351177,0.6557484117994381,0.43172284958589335,0.00315218757867175,0.09958037628491923,1.3398470459783938,0.24517202063860832,0.1756687544712774,0.2851764325702826,0.8474885598932946,0.11463526365837406,0.42263276633702684,0.06173184663654174,-2.3301070451197514,0.5331777667869084,0.16543060478251093,-0.03001327121739239,0.0036148354119429627,0.529998058292863,0.6369057078741007,-0.1283290083526989,2.419556780147749,0.9957734251429944,0.026981376915217403,0.1776904360379774,0.2358971973078665,0.24128839592894824,0.9374434269735303,-0.9506387463921975,1.8872087434749751,0.41314542270426813,1.3754096275866212,-0.0025102926309603646,0.4626124550320636,-0.028661726817799327,0.12393587977223763,-0.04766762911871236,-0.014359493143537794,-2.138568944654882
0.07917278446082765,-0.058557838347541136,-0.919223616902805,0.22884210705783659,-0.036515331755194946,0.6399824526180362,0.0393859510858654,0.10296250424158249,0.11488749076677252,1.7180858579117508,0.0013061331799866238,-0.2552464653072706,1.2414675604999887,0.47154488336692424,0.012537929528093628,0.42291193453167253,0.44586996948051105,0.3713993930692774,0.44532668417407795,0.15600489652107807,0.16001884610872175,0.08342602191148618,0.9452107689145786,0.08111127950855179,-0.03438203094508374,3.8208678691580307,0.10639981058594383,0.21041213818049975,0.021198628785590756,1.1632653815331935,-2.461682975119753,-0.0541272863319886,1.4953860677928486,-0.011934463908610304,0.11210969994232123,0.670049897723664,0.17601909501103297,0.0041773107816047705,2.1762778273260217,4.18361610749227,0.028487760750674163,0.7975216800599148,1.7433865701315119,-0.028171521452296844,0.00035646107706455155,-0.01652884198927751,1.3170497066858555,0.014009125183856774,-0.02353587597239226,0.059143560868929246,0.038587354518289985,0.07644629541482661,1.3671189008861004,0.14392120427287391,1.8927499609854452,0.8084629958707428,-0.054570086928713124,0.049456180335623934,1.116580254423369,-0.052047671663567385,0.8381502016046358,1.8228988136269333,-1.2151290920740137,-0.004750194242459926,0.3723016854676189,0.9737873250188462,0.014235911615553931,1.8099328185776002,2.0631638531307583,0.10012198259516758,0.16987457355211433,0.27813185184141087,0.3628482937259516,0.2178625765698352,0.6374048688941523,3.0961537199578064,-0.3738589406697077,2.2667474271230317,0.4584070999947736,0.005307302242569811,0.46243061154440124,-0.0476265671797389,0.41354869769882363,-0.13326821277718448,0.10754550312163502,0.2417370104880634,0.5998766465669334,-0.05125361822434815,-0.016338211214951937,0.24218122981619494,0.17876649602735029,0.11317741213199017,0.025355220461241945,0.11533887134133325,-0.008421563154782596
1.1288092297309875,0.1043917248592896,-0.7648675753480125,0.004419540130281341,0.002077908278402596,2.199264998723504,1.170046484459748,-0.26992183010403803,0.25303097108282735,1.757819212766064,0.5110176147319425,-0.1321612169411459,-0.0009919380085547935,-0.7666245892583592,0.46670899862377535,-2.6766553756729934,0.21648193676017424,0.023282993414760256,0.2633734457791981,0.17589630565179348,-0.3824946433004337,0.7993506650566466,0.8107291089162452,0.30272097213483384,0.6118517659399227,0.01601951937714219,0.015001820491048257,3.964372304325998,0.09931402686012714,0.21012812346613607,0.3216248419370977,0.03211221964373756,0.4332105310007872,0.21244078013256473,0.23608204369653807,0.37745151145183664,0.32370912282439424,0.2139861798055227,1.5133549602768053,0.1264438339218259,-0.078160916334296,1.3586234208388532,0.749643353653318,0.005232550309550277,0.029434164150610176,1.074658713933076,0.002737392072086564,0.009480762836957535,-0.005880029018294541,0.0044070325035905356,0.010949071461579418,0.9396801437727298,1.9976816191598834,-0.02083641363269262,0.402089317711936,0.0671672039091904,0.1042945944577256,0.03780029909866656,0.4340069270494562,0.02809177989887246,0.04421438724619531,0.22403142769225592,-0.9648226991033999,0.8137637079970741,-0.010348578860550184,0.7357447883237054,0.016876274137115566,0.22856494275750627,-0.24666656238931317,0.12954575195221807,-1.859599143374549,1.4292388815943777,0.014869196103197702,-0.23852119326562127,0.5040878211595272,0.18536571928510037,0.11557251354755316,1.9379325704549504,0.004819452878073172,0.07958182688497795,-0.02391019481501111,0.7818727887915005,0.45703119323563257,0.12746092435098877,0.3468867695006974,-0.22646940111678227,0.9928795747353076,-0.0004089507242692747,0.027797644817911138,0.08132672559113985,-0.0007749935409480102,-0.3103707876070483,0.19236741029024707,-0.09197416012988757,-5.388151146565875
0.6156605840506693,0.29584124399123546,0.2694186361584512,-0.03149966093512013,-0.04035971634471647,0.4539052246807329,0.4200649386285127,0.2569516421521234,1.056050653339411,-0.21511427117416648,-0.131287148282766,-0.27341089436911936,0.12683863427088227,0.0047003316551106344,1.2490965749064404,1.2162196570616346,-0.09949842481490645,0.30691985406360756,0.10165529785201333,0.20989503577892155,0.5226808168377497,-0.05506256912463581,0.1940402668289467,-0.047477958276048504,0.04417826450907825,0.04113584103173418,0.1678780937418196,3.613955855499567,0.2875728156599191,0.003905920507504046,1.1174430430776,0.03675303072059677,0.9110512889447797,0.0684513678067491,0.21093752924011322,-0.0008814773229639528,0.13563237108978088,0.06607727584899958,0.5209894790052454,0.08946394751313935,-0.031557969839397515,0.349637325705789,1.1523467814107393,0.038061499897372286,0.012383098075002374,-0.27745634811536934,2.1148773696779983,0.2076408880668268,0.21879095723098008,0.17108526423101855,0.011667978928978862,0.014318012396448587,0.08569510187345486,1.2896366320655677,0.08570952836247336,0.011664861579512298,-0.0087879642693931,0.9059360476550493,0.560440855160528,0.06885311609807943,1.140052125884333,-0.023154813311906164,-0.9322188754386467,0.07328427006053317,0.005166236437797789,0.09084147300397039,0.5230164169169322,-0.134750054465421,0.5964772808800305,3.1114091547306337,0.04849361538015362,0.5471566199396243,-0.022109915858480544,0.7612649408903702,0.5803615724159954,0.8789612446958492,0.7181266208713257,2.1456784695184474,-0.26145249081059685,-0.005105907824984435,-0.040610878256793104,0.8697015302694671,2.798722167188121,0.7724101413422906,-0.8709494705996814,0.002811489574181092,-0.12661186441733197,0.5269901914360489,0.313217419163498,0.9755511429091364,0.2741087183306221,0.2151145174840381,0.36807819259195806,0.013759965119761297,0.24150484025749774
0.5894369732891098,0.41874912438397693,0.1386767720682469,-0.008583684800445468,0.023981661966882672,0.18973681376118945,0.14106382283127594,-0.009348158743458512,-0.48156342279801123,-0.4278865007163448,-0.007713422773683476,0.5020601301182777,-0.9228613930396161,-0.1404676209564535,0.31244981066847544,0.41079873194111727,0.10707375993162849,0.0057391768596337656,0.31255769451925675,0.11349298064567215,-0.3404385742193705,0.04578074101678942,0.014985349696287287,-0.006234428012953597,0.8410713701606518,0.6070765036266748,-0.06883949073869644,0.5812505368556771,0.08193838398571707,0.009964953884318728,0.17990867084363682,-0.0936528928792022,0.006018693425419386,0.0011154599192453318,-0.14086985473137847,-0.06750647476747051,0.11035694425153464,0.07198702232081189,1.698763995319558,1.7556191097421268,-0.014614813472789479,1.7577320401311551,2.00148566414138,0.038445533954841515,0.013206191061323036,0.7744360348287755,0.26573155197661613,0.3354789898460302,0.0020188751865966026,0.023455336608628308,0.00517607149642707,-0.04502176450187978,3.5091724695197453,0.766549843602923,0.7740432474027266,-0.02334690787642346,1.1592672863517137,0.16820086765045872,0.6062816979732073,0.034588528869249124,0.7763046142392009,0.07592406356312953,1.3693063736448678,0.5106589319699513,-0.08866951214349994,0.7360551681299841,0.04062045990501417,0.17524604054556114,2.0581089678282014,0.6670997519862114,-0.8743726381622103,0.028876944653092984,-0.00020577163476387383,1.2651838944696339,0.021946176590343924,2.4627578713345133,0.18729402372086756,3.537001285867091,0.038509953337968916,0.26899504902524285,0.04977982050937024,0.05150743956511228,5.392757724401004,-0.28716843810590187,-1.0682012863346557,0.5849117744720651,1.1137185692122311,0.8481687751360019,0.008195902696757962,1.5247410293836108,0.14146573886614267,0.8311469337666271,0.28933063176222085,-0.09582821047906753,1.6004267596359796
0.4503346526547434,1.4091199970264192,-2.43747405376873,0.27544698428768655,0.021329581727551172,0.1835196783686115,0.39606833740792746,0.006052763050018228,-0.2047637974109744,0.08968663785140762,0.04394069548310675,0.37358540554560715,0.28612547262062726,0.45784406675324885,0.04507009552256669,-0.18044509483415627,-0.3867913776870795,0.6555302622184085,0.6765879937063035,0.40959676224092956,1.2215583864936743,-0.07352073875313891,1.131553923558188,0.006033133176361893,1.1918596395615726,-0.011498363123530808,-0.01936291857954675,0.3817589916292903,0.9099233858441851,0.981566860998556,-0.02863293909900566,-0.044779525276826604,0.27901414167621574,0.040387094739450013,1.2415074989389332,0.17514776000463161,-0.09522026734772604,0.5148867403220772,1.5107413605863407,0.8706864054304742,0.057402658380791394,0.9136736789500493,0.6104343572503481,-0.010288110410275664,0.7006474219849474,-0.15969752423601768,0.8322046935817609,0.5030610887564748,0.1599777141105152,0.0063052507648819756,0.001956447199278344,0.0417932208107068,1.705112331344436,-0.006471417666254808,0.36482618518885346,0.02887650344721493,-0.10550459450427141,0.23460933665962003,0.00863495125042979,-0.060518908651985726,-0.1909715207968059,0.04270762103528636,1.0857897106836871,0.007070389628343499,-0.059769726787170185,0.8541368751668132,0.004822765627143788,0.42376600628218863,0.8479142599713354,1.2908582019424992,-1.0810507180814737,0.25291654143525033,-4.2836284490643806e-05,4.624414784373195,0.8505363413829734,0.5038059662753667,1.0400461872819635,2.3731420274417703,0.058698346834558546,0.401621023261971,0.5608790941713266,0.25767636673761185,3.0853078929949334,-0.3851910344968319,-0.025480017375204334,1.7613104996305537,0.23840456258383957,1.4086773936359025,0.009269342462964403,0.5344379523917908,-0.00962153574315927,0.5077250743658044,0.22033535496044632,0.025918622786929024,-3.321017564294174
1.5348141429113262,3.080092024539404,-1.7747516295143653,0.04828588914315368,0.0018931903859926713,0.480511824554831,1.4631712268551524,0.7097851057650058,1.9447106907583809,0.4838686847315614,0.8490922205870088,2.051204532853013,0.7278632939616827,0.03281387105125422,0.006186703128133519,0.33564527748410455,0.21655501594331739,0.3881074319099329,0.4818308317272755,-0.005363140755998863,0.06747364967916258,0.17018094898814162,1.1490308217698022,0.07403062935177518,0.8166294898767212,0.02806390567170247,0.039422623004269575,2.7496049846639794,0.09157359816912525,2.6679326490308615,-2.6964729662424554,0.058906265960669835,0.004098025357128776,0.1529617470386544,0.017345955500124077,-0.07578769828551835,0.5949785604496114,-0.003709029839791711,1.2220726980345091,0.07289345239372658,-0.03502045897499961,0.30369390854356837,1.5917873620411527,0.6705073468357252,-0.005015547888034044,-0.16347805739289178,-0.1499648000822651,0.8622385410749924,0.39770936679085356,0.19023628114681435,0.31708624845283895,0.10873957953254454,-0.13348768205894146,-0.07030147013400612,0.005600107827201661,0.1259731932486412,-0.06758629192621823,0.08240999689097372,0.7312371918943557,-0.04180754848412338,0.38697398796878346,0.39690043861660085,0.10946661358492227,0.2463812708158981,0.6781322439370441,0.6187186191122311,0.0636127795081638,-0.033062505107143814,0.05469621637500399,-0.1680975335653141,-0.8158243152686442,1.6802680706778998,0.1364339156483938,0.019400195603845205,0.6944574100159144,2.635506057550346,0.8655829708787186,0.05287520815827573,0.380087207595571,0.07943437361637784,-0.19742855547884552,-0.10560076832534993,1.9170408013244407,0.03913192123668541,0.16901000356021179,0.11013335464505669,0.50051337311361,0.6440137482954857,0.3058330550464081,-0.8813093293598477,0.04686703339466369,0.007857230313377705,-0.041418582774714,1.0778726968739942,-0.5106063909665393
-0.04813026502799467,0.18660863362693458,0.4337525085713487,0.035096641420206964,-0.045494004147644596,-0.03351040109204417,-0.081952349811794,-1.2443434369916315,0.10520410519296597,0.09819200615777479,0.16446325398791029,-0.0731044969320056,-0.9916810650224477,0.0006712519488134561,0.7109020768284529,0.21837011526079042,0.11377949456766778,0.007563364711250298,0.09741693120861683,0.47374623383078607,0.36800990504193054,0.1406538732637408,1.8370221844645256,0.2579164541317511,-0.1306637957135468,1.8775319952426166,0.1262725471674031,6.395737224742824,0.013139494342802038,1.0936974889086675,2.331858710624596,-0.03725610531395951,0.07634244998765993,0.0002719012980345603,0.11338149109009033,0.34663439650232775,0.07981004885324783,-0.005277568008835054,0.3214764841914688,3.5316843526458355,0.04067831714156789,0.47116255557876663,1.7176325384853293,0.5580591734454718,0.006411668164318041,0.09882502474027444,0.03915738699703475,0.9377625834514616,0.5261241957548073,0.3068347292460638,-0.002429845049545243,0.1511095732221719,1.3498775701110546,0.8707470068154741,0.9042340277836765,0.1440122487283908,0.27934441708349844,-0.08231633569051366,0.05275510933002492,0.25527998190216117,0.6685743933486634,0.44548303471873973,0.4397301732670691,0.016481305625397624,0.13330788164337637,0.9089585936192952,0.34014387090174125,-0.04863260681532644,0.2003515814317014,0.25707677624322756,-3.976732306544748,0.1988262883314471,-0.009011382401603818,0.6103493209352422,0.012840167066126007,0.6288912327626783,0.018497555166502977,2.692312165175502,-0.014508932803646069,-0.047553497030646596,0.05134134597082207,0.14980560453997072,1.6850635304318748,-9.511643896775723e-05,-0.021020842785992144,0.1618800600521748,0.6650485473963323,0.440673145023708,-0.001832647230004092,1.1006221874953575,-0.1136402823478555,-0.004532002486655751,0.20314386222825398,0.2873536380985886,0.11221928361500666
0.12529093344113829,0.9100060359327049,-2.024081697796734,0.12668764845430225,0.7753848249626412,1.1029729580632441,0.8857524105540473,-0.5885368628814325,0.12151949739774359,-1.2011977292196319,-0.631986280429075,0.09354077975889696,0.34391758645564074,0.08464776661940876,0.016891637328598996,0.046923353141134605,0.013051622555446674,0.19278481490905408,0.10268126925362697,-0.0056324918975523275,-0.7033123537950665,-0.07173967559183891,0.011707578259578355,0.016544321746149615,0.3362250427506144,-0.0003225201907968156,-0.04054645800302481,-0.20787631272941365,-0.20848584875231957,-0.8322147282438142,0.14101087015568803,0.012402646164416886,0.3057634726310896,0.0035552991164369274,0.14348512174762762,0.17058035348877443,0.9197671924825674,-0.00940474706643979,0.5899342113043193,1.4823225659674408,0.2938376814076591,1.330365801577206,1.4176741706994918,-0.026282211988375437,0.32249267045487495,0.06813604270794515,1.9587992336299438,3.674717851961999,-0.04810855095817779,0.6899087649989966,0.04784154642450744,-0.032787668122914226,2.138361982202788,0.06940584055247179,-2.0427297168304595,0.5685302514809791,0.38723957448161705,0.005594059235766391,0.6438237785018548,0.061107846566264,0.4761874439455589,-0.1982721089759858,-0.03626983211321155,0.29581168548073666,0.14108466337446846,0.19051032499757792,0.08771706164961834,0.449908391012678,0.05955713078645042,1.4382464209201702,0.21391728904626328,0.26237957042453175,0.5982399388365254,0.1857704122458581,0.116430897357926,1.4861922220815527,-0.04037983823260127,-0.16667171037969553,0.43268369022155184,-0.016739523230894893,-0.02654616017241862,0.36564998270425697,0.7182619884311388,0.01999511363474138,-0.7470809620150947,1.111457293767204,1.412283798868013,0.35630941034102914,0.026150481461307606,0.520200506220279,0.19014181922113327,-1.5893036928847204,0.27241930610009923,0.05295572345510813,-0.6037579702615119
-0.12198620632768975,0.09923794529162144,-0.35571644191501406,0.06347220587047797,0.1392480866939998,0.0348460707069429,0.27594307537252805,0.17815574925474165,-0.4026355524333951,0.5681843533708557,0.03828788794608551,-0.1926208918202148,0.9145450665520976,-1.2903115514313819,0.021991825540268906,1.3234748979249673,0.15392490752688737,1.2014084718958538,1.6263292708812287,0.40669122037815253,5.890220812025998,0.26895304074398196,0.2498234772040595,0.5353613640711119,0.3878364894543722,-0.05584597570009553,-0.02153887178635916,0.2104508656207411,0.10502327143280965,-0.17211460075241636,0.03478329344874864,-0.004381126838318039,-0.14855587501948087,-0.014402484339851362,0.9484337738578179,0.018768762532212158,0.2471275808680069,0.018344763766092953,1.4768842645359221,3.8210595900662163,-0.010705156848460184,0.5706722827362585,1.0569748168304924,0.6135520137732948,0.0040344297216599045,0.1916690334997484,1.8859620985920502,0.05329198997546847,0.2379495850590434,0.15067245039042043,0.0710749803886861,2.7404772152866625,2.126576667667125,0.2612140032797621,0.24935519570253817,0.5337451470446082,0.13086439812866102,0.16627185034310799,0.5639321784253526,-0.019169165911331998,-0.16646534494733922,0.10755727416349181,0.0002340388738826249,-0.1095629646795615,0.35329594116353125,0.69470525858556,0.4301091224013285,1.334337529880198,0.36630504855498014,-0.26573206550422057,0.33934377453917497,0.034930072670905865,0.0005951772710552916,0.03830682683707387,0.8120179082035381,0.4584734126568284,0.028186202001488248,4.479663071344464,-0.10376753117667015,-0.04288525600206583,0.12314282685680888,0.5149039973885312,1.244789696973883,0.20823764737846862,-0.9133258472562744,0.440067332093415,1.5360603547630856,0.5816893046890343,0.04061965220498509,0.022251764584082068,0.1077994033479488,-3.2269155554565767,0.08904040583435568,0.6790222826736398,-0.9000855303926887
0.24186869385032228,0.43221305608966265,-0.5085160316203536,0.23389253879356975,0.007634713435112239,1.2175623726178628,1.1064937364119505,0.19361081894186505,0.07130319404986096,0.8363753717578692,0.44849538244978415,-0.04491909556032958,0.9908672732538122,0.8822811169835156,0.11080053780266308,-1.1392957832509056,-0.049363911240163816,0.0042433649373991855,0.07374797066053729,0.0017426150623693903,0.11196407483100757,-0.06977344485324899,0.8497249815639503,-0.08389832195633673,0.22224469212565356,0.1755906487306529,0.2362505315844512,0.6273926645829508,-0.13159924669090906,6.337436043016384,1.2752196762033947,-0.0459153156303298,0.058281379978979864,0.3531685449533377,0.004116927441690343,0.009679837814734249,0.15264691054323531,0.026421665032174246,0.46713401908591834,0.7785536883106996,-0.0038469737231938694,2.2432214887924866,2.3291530097358297,0.0011341953018284556,0.06152821305327816,-0.05623923843480494,1.637259706773631,0.7437409551344025,0.0003750335078440692,0.25119360877784125,-0.0179549281583693,-0.008890774975790716,1.9143432364478503,0.04330179253469346,0.011645223407012573,-0.027428432951448922,-0.012928028144254533,0.07990555316825532,0.030063319781892694,0.24297778511956203,0.36436210631551624,0.1578168038777754,-0.6647082504757056,0.13943739464335536,0.03904278020535212,0.04769424415818424,-0.014687844726093857,1.2751761381541549,-0.030731662586208408,0.9713110246638221,0.3854866536547563,0.3568430256064281,0.08622680345834599,1.9700931208197483,0.3905508167832057,0.8244374464229338,0.5016382868224625,5.444803694195108,0.4137565012220197,0.29865523718660336,0.055314181532331475,1.6409280113967037,0.46460329069326933,0.23800669087061088,0.09579455092188471,-0.25542580246320323,1.3068034537762552,-0.023288367404514787,0.06124201359181036,0.6382509013887416,0.15478898560262078,0.007465616186177471,-0.02055719904114106,0.5660701012303111,-0.7172805296776721
