rep0,rep1,rep2,rep3,rep4,rep5,rep6,rep7,rep8,rep9,rep10,rep11,rep12,rep13,rep14,rep15,rep16,rep17,rep18,rep19,rep20,rep21,rep22,rep23,rep24,rep25,rep26,rep27,rep28,rep29,rep30,rep31,rep32,rep33,rep34,rep35,rep36,rep37,rep38,rep39,rep40,rep41,rep42,rep43,rep44,rep45,rep46,rep47,rep48,rep49,rep50,rep51,rep52,rep53,rep54,rep55,rep56,rep57,rep58,rep59,rep60,rep61,rep62,rep63,rep64,rep65,rep66,rep67,rep68,rep69,rep70,rep71,rep72,rep73,rep74,rep75,rep76,rep77,rep78,rep79,rep80,rep81,rep82,rep83,rep84,rep85,rep86,rep87,rep88,rep89,rep90,rep91,rep92,rep93,rep94,rep95,rep96,rep97
-0.006107010977661975,0.43292493202652604,0.4373186754757157,-0.006451630463933711,-0.1441090957985196,0.3312231647048183,-0.6228459862277123,-0.08356582731896633,-0.1828891830104098,0.08573703745072825,0.7630728957719937,-0.2813914702290532,0.019739819016151294,2.6619570200027454,-0.5110249577007968,0.6067763581940486,4.751090748664136,1.234731017341021,0.04634780775521952,-0.0707585498132719,3.986735708907174,1.2104427463022933,0.4227345542163272,2.2788756204647678,0.899467174348942,-0.11990963575921176,-0.46878637486011954,1.0476290121518899,2.4776715666370084,0.17139720038460826,0.7412793555549593,-0.5219506181195124,0.20294371459802463,-0.09612402860612868,1.887020277547549,0.12890206744469612,0.012656051159161574,5.463204983591786,-0.0354626881623501,0.20564340695840855,3.5366619108309507,0.3286749013281298,0.35349490356569024,-0.02336879115279089,-0.018250259874548203,0.7476331834830621,0.3890396209575506,1.6527937644664776,0.4615441274251477,0.010160243130169277,3.62732058666281,1.4350711594053989,0.01933372863839944,0.4694738078361209,-0.023808455955561136,0.3844923179376174,0.591697124636414,1.1163967541205126,0.445793755564301,0.9296134880596725,0.08567025171929465,0.4788536037922553,0.063384248492377,0.6049481540184574,2.0343090258103,0.06426835576977341,0.19484360835127124,0.036338093638440316,-0.25317467805919236,0.5438053975469357,0.9230731856507681,0.7418999095623171,-0.09473734159471547,0.21681035308906305,-0.057311371988757465,0.8485833158762794,-0.0027957363419641723,0.4618156076710651,0.044543453173174985,2.423392985889306,-0.1383029747232829,1.501940863227757,0.5717581691801197,0.18052020030977012,-0.16598984964526586,0.2957014508192306,-0.03974452983422694,1.0827913254997386,0.01001198677773818,-0.08166822532705442,-0.27404232653501737,0.7882724251788615,0.1691527121562486,0.02432241701006177,0.510883944456495,-0.011516290438458476,0.8961733260961244,0.37104911108492455
-0.09976007407941978,0.403151071706386,0.07116243817279111,0.29923090533615593,0.2053751509612538,0.16062928173302504,-0.14392729077429367,-0.07467611868802404,0.48961860267329005,0.406196641455439,0.09826421701079235,0.3230006526402427,0.14670018279502361,0.12470370205952142,0.0939545397691699,-0.36206109558714594,7.036581054091981,-0.07144017237849454,0.7507956889871417,0.6760774488077006,0.21728118841280786,-0.0596748572730359,0.03381799813568431,0.578953672080428,0.7015108790651681,-0.03144594315927751,4.254479683274893,1.6504155958066051,-0.19714265140294263,2.8390671556503797,0.07622002308776565,0.15259525563405063,0.33801463656655306,0.20640719540091101,0.13296686672672298,1.9749208978452986,0.4249607858665483,1.2966129363893604,0.6424809638084064,0.07162327123211121,0.9918718161347897,1.1438887020201536,0.3334262786083202,0.4078321427355549,0.6138578155575738,0.27750186894691753,0.014663735672788558,0.8049301919366787,-0.11939745448908567,0.1835456308200003,-0.16739849986352917,0.48974788426225935,1.586534851328965,-0.007540268537612249,-0.18458099997477007,-0.0036805191581539276,-0.09483998584704434,0.42447838622881573,0.09813091733981105,-0.1995179487634493,0.23984072543895052,0.004048643174165978,0.8065116464975999,0.683917368633165,-0.1836727797066855,-0.3320728662471737,0.22306787318817456,1.029619612396253,0.06868973257503175,0.2762926449077785,0.24091930052361166,1.5019281570869367,-0.026189103212658438,1.328620814920595,-0.4053453326629768,0.671786385650567,0.8801226115699965,-0.07099570496856389,-0.23803684471925024,1.8546560374761194,0.32625806234199484,0.6041568948446905,0.1119311221641528,0.6520043325997396,0.10649065657044421,0.4333553871024258,0.6700517128897516,-0.037132714001108624,-0.0142201778065294,-0.16423152417989773,-0.018901658125978216,0.648789419144046,-0.19565643849532233,0.4330329973588496,-0.24441368504532202,0.43894960814241735,-0.339867267445106,-0.2287633378761198
-0.03089381036648664,0.15640530122330532,0.7670611299889978,1.849369828515521,3.3776645019737597,0.0066471018470606325,2.201551454474556,-0.7159460943521445,0.45335371338652397,-0.3306080675148486,0.27086944488419284,-0.11599144493551883,-0.7211433207866014,-0.4574462374433086,0.1413267623402672,1.5765511500480738,1.5545875898740107,1.1746460867386155,0.0012722870538626196,-0.08456392696135095,0.3791968223055422,0.14966899825309232,-0.007406334068932097,0.5568670066293437,0.4413171499801103,0.17974963060788474,0.25822655840821307,0.3403081002828392,-0.007978128707408771,0.05428896773251779,-0.33153875568474733,-0.5135306898167578,0.9831351098762502,0.23096764818176574,0.7270535618418332,0.04276372397868977,0.6824767608465034,11.764618370555528,0.2398959138895549,0.8759189458531758,2.2674160628445623,0.5981896032656682,0.31306228048554186,-0.1564006830892435,0.748064501673698,1.0254318684376358,-0.001316685833617992,0.004093990816862014,-0.014341636820877302,0.2716390701738618,0.4188988947395913,-0.07554451693132869,-0.12517632444896076,0.3768761498171673,0.05558497296784637,0.7424376079266306,0.043359536317006064,0.9013318476971683,0.1406647121636304,-0.036611372793227126,0.05250656310007562,0.23260027020635743,0.020302971190330865,0.004176165683781097,0.09933637039762289,0.8183125286411723,0.12952518902351784,0.9090210246701398,0.1469776215068359,0.2906870710745446,0.7954066178495331,0.4293606543404902,0.1723242904081701,-0.09732784511473103,-0.5322766499765521,0.9569721404427187,0.5589696715019015,-0.07738664656726835,0.026507816242923976,6.356472751771278,1.092811607897656,0.5925085396611589,0.26469189781627733,-0.14811614018219288,0.3360742386362192,0.4781870973778193,-0.23316637971375975,-0.2650489455143372,0.32899322429477174,-0.08743556022036891,0.416279895474748,0.062104070701088254,0.0752979173326318,0.31558461279770755,0.5316949632958847,0.2690530393059518,-0.13732845124309767,0.308222161845102
-0.012244189948765083,0.500307942526697,0.2188522126250101,0.0411527359372208,0.47107161349843363,0.022846315556556362,-0.740480984153173,0.33378333265423477,-0.37284652664825657,0.2240730030939071,-0.0017396687690842683,-0.1865940842214595,0.19051806637525726,0.06621267779751738,0.43102997236535145,-0.0030131256164631637,0.04065444437059362,0.5126321885325007,0.853134570103359,1.0755595025439453,0.2902852789468513,-0.3850225122959574,0.3086392726400842,0.3678544027581365,0.6702355790117647,-0.003986061035733179,2.7246225492228815,0.3410086573912525,-0.1458317652220371,0.3404711454698943,0.13650659397569065,-0.016611129122116708,0.09093949273460389,-0.22620680078865796,0.16992121718177033,0.7421867926482077,0.3454176276624099,4.251157021843618,0.17165329374206184,0.49454005948292323,0.40637088296147716,0.4425910998192162,-0.1916863239240829,-0.2698858926170242,5.690084377656081,0.1389355589901946,1.8994220924619336,1.1029058758585757,-0.20483315030171823,-0.13633019043768702,-0.09859806693942286,0.6883400994770392,-0.6135325975404164,0.4823426390336323,0.08659315314249127,0.7652163957765303,0.03933844062219194,-0.06731721019539405,-0.11091702029248296,0.4752400761507123,-0.07695905169928174,-0.698168635243051,0.26331460236441995,1.856253350264227,-0.1928135274821301,0.39173340399802026,0.18943757107499914,0.08339596101462199,1.4254737773507604,-0.09153731456069636,0.5098671312459735,1.8320570872163024,-0.08618941525230239,0.21994708562066467,-0.25282700381480483,0.08562701604007428,0.27683240323840774,-1.080515848352149,0.5820734743768488,2.3076817187877294,0.07013048615410833,0.661457509661723,0.49104168066209697,0.028862075973026258,-0.035122269914980464,0.32260095886872,0.29938338758854055,-0.16551391483434585,-0.004543634874577762,0.197884188140812,0.2214626310742882,0.9197550649148383,0.09428252073641463,0.2984138254244666,0.295424831820867,0.023081182504781417,0.23143114203483872,-0.053967087009735515
-0.698902488499062,2.0720721058225378,0.0042208510843879665,0.3403041222936922,-0.14133899700817665,0.16013019192494315,-0.12487428272717693,-0.3774101779857464,-0.07535129244200345,0.21331123311838995,0.9244497347197758,-0.4523760898181415,0.1775084474739108,-0.08777019532463903,0.16010422033252558,0.9189097131245596,0.8144083122905252,-0.13892177189298138,1.0975317874645185,-0.022328922024244413,0.962533749392946,0.28625114060151047,0.16262335186621302,-0.02321493720927892,1.260112066939815,0.2582466031730952,-0.1482074694630633,0.006761394639684504,3.021106976170601,0.42929561909227987,0.06796957108497681,-0.2791082146363095,0.8874467477153907,1.2834031407102922,-0.16003519266576838,0.5983078214150481,0.20902167159246998,2.5227353817183493,0.11293060043864811,2.077888646035106,0.38273563514420594,0.36412081273499286,1.2643310541443835,0.342545816051091,1.2592373862022805,0.4745973703060047,0.003882905919306623,2.6990179660629687,0.46421706237305527,0.28196656497114425,0.2734827894323484,-1.2826763329542135,-0.035345262427149304,0.012166868014231724,-0.21990977099842368,0.14695628151144158,-1.3672082373149408,-0.04570226405173816,0.18639250038518007,0.5209999105139573,-0.030200092988343696,-0.004096116864574562,0.0666445215594571,0.4378347317903648,-0.44442581711791806,0.3785998921065543,0.3426781121469702,0.3388507343126319,0.32809646037220075,0.013153319300064581,-0.13252312775696673,0.10917792170363594,-0.2556386568675002,1.9664310385658812,0.9383122456970554,2.227853953227177,0.3106853433421497,0.48013281815760855,0.22534882207163554,1.2441766528447156,1.0187853937606235,-0.038651739835033005,-0.04446972154388629,1.1373761696050204,1.0525658595611835,1.968867226818248,0.4524756054945316,-0.2808595793058739,0.06550574756954841,-0.20180073436880974,0.30456017914189815,0.11304088490986075,0.6153973628386202,0.37740484987041434,-0.4999735263980085,0.41521005527930477,0.9747090017843814,-0.05389330752838095
-0.2039591813457906,0.23636181746651097,0.17958521391638227,0.233719611417464,-0.003625030152960562,0.197381169192405,-0.0694978429745321,-0.3717655630224197,0.05549989778038977,-0.05135050696375387,0.13028211560262015,0.07148470670244489,0.46853437534553777,0.6536255487952896,-0.052161916495179206,-0.3070553184238687,0.46453674664927247,0.6603869865155314,-0.05773039844301442,0.09694262996139802,-0.008079193128937234,0.9530687020972177,0.3791995243712911,0.386064497172522,-0.016661057946487645,-0.43545901942595977,3.834650988297966,1.7279841785535481,0.635121358514215,0.06396396531038562,0.6719246677979704,0.10044648266488743,0.5504978581394573,1.2370229078632802,3.3929094058761784,0.16833787545364798,0.21322413066151036,2.310758419230835,0.3937253222623829,0.0294795355826607,-0.05366059383066846,0.21013912380033872,-0.11702107109601156,-0.038225782179680756,0.32726848683426013,0.6526533610108292,0.37598511819262104,0.8392166754613877,0.5082782149932319,0.2813114950546405,0.18922346224188136,1.1619809020520515,-0.21494587407085763,0.04767505210979017,0.05000144934068107,0.29872322568740994,1.5609198606732013,0.22031763486466716,0.0913953719281917,0.12217463959149422,-0.019406648479287858,0.8378165853977189,-0.2459186047166977,0.005384350702795082,-0.4091816713789438,0.5540692090602235,0.21940541341477093,0.1736391560579329,-0.0065142855915412134,1.2677349484717073,1.371740222074214,5.515576682403534,0.47732437862179644,-0.16088844571348204,0.20238475604468675,0.26717677614116164,0.48530680055485753,0.5950816285707097,0.12463213009753193,0.5543481498579093,0.8039654768018414,2.077120964425456,0.04434445622143279,0.4335669128040305,0.3443224362906063,2.8292235006703135,0.16569059820394383,0.7532485533197484,-0.06315362508929256,1.2644711882142516,0.09884324851859816,0.7353008275643855,0.07395624581626503,0.19787890000142516,0.3523721320826345,0.07231015404771934,0.006571255882852789,0.0357954317608864
0.02766736630952593,0.11400500356832577,0.4615044592786637,0.4192385912227916,0.7852595369644169,0.0026947573287401383,0.27634663821541494,-1.1138284691760738,-0.5505944435265366,-0.26379961874628144,0.9220952968094931,-0.022682724571152946,0.7604309271351228,0.3836320015149246,-1.2461561225228843,0.1594898578757462,2.6065526854145245,-0.2632002738759347,0.3990358112364696,0.014453079918858691,0.6349624974587931,0.5882716346880468,-0.16148105270431845,0.3184704040184796,-0.2920101479022579,1.2589211203572486,3.272357048406878,1.2620586307730486,0.24062712617132398,1.2364571095870103,-0.015263462523907645,-0.6198813733599202,0.46456144569778335,-0.07106585539814958,0.18773074274486445,0.058107802300916056,0.19310908963549966,0.36199924632108793,0.14383890354745077,0.4289870289089954,0.2667239968844095,0.47723749676231453,0.07118987830454238,0.5714255902860153,0.5156403746120302,0.7566392788574774,0.018660206651074596,1.2024536126202605,0.19849439753194975,0.04293093760097144,-0.005306975597648034,0.6317507675258298,0.10834613091559575,-0.09119924610003771,-0.010459421580468309,0.5240396791513415,0.3962609305168563,-0.2653186195200661,0.21270974668935327,1.8833002368438247,0.2895036197872751,1.3014482071396962,0.2723120040195468,0.5256913851223262,-0.41346617200098734,-0.017860711256186157,0.18350130231441142,0.05878244690634782,0.2575374696269179,0.243364292308744,0.7548882673019071,1.5383768224314256,-0.11241708230746372,0.09481507567514669,-0.4715862043018486,0.09444790292512462,-0.0792240383687508,0.16338991494331223,-0.43314839899305113,2.6030368105571515,0.46151834532283864,0.5881010109991971,0.19436309746256608,-0.22901349929456316,1.2368424504193838,-0.06368797779732827,0.23322181009651555,0.11093436155173375,2.4113570844494783,-0.05440011716160642,-0.13730911122104494,0.15197860394188645,0.0005736538883420739,0.02737670913144319,-0.38936209182429504,0.4502425177613585,1.9958967417394664,0.038617693773131734
0.15330636334960746,0.15969835320016745,0.014526078703087641,0.4340714430584329,0.9459470509096088,-0.1568851157591511,0.7224330707412072,-0.0447432948864015,-0.6169058044862092,0.0992689394876285,0.2472879903006664,0.014526654121153726,1.3074161178631538,0.6256201825890635,0.4021651727672819,0.14749035712705627,1.3375086973094055,0.1606696691384908,0.437385399603369,-0.0350218292783282,0.3805142441723861,0.29726799988845887,-0.0633895913797824,0.232950370558914,0.1422390486655023,1.3045065552707493,0.04485887201500205,0.30017474677535816,1.1692314143733844,0.1578978563725406,0.2504921526413786,0.2801887119499824,0.3475517813604476,0.04601483902072889,-0.22231534948922693,0.4922537385615371,0.11373076782543068,0.4189190096895574,0.24213128141338025,0.8421806262900984,0.11382944666920558,0.2505625431162599,0.31457728023624343,-0.2302673917916831,1.3039991062016743,0.45428828712726244,7.099827339107634e-05,2.7520447107645154,0.3246268048748848,0.6382019978336917,0.179517912714521,0.12779106753240477,-0.2743925220470764,0.21871452965703808,0.3077119133030042,0.07751719158916703,0.5144213108389208,0.8080720128379077,0.9086702744973234,0.23269238669506453,0.07498181388669867,0.1700881596950552,-0.053757391231812335,0.963636890314941,0.6578033399408252,0.4027357152331419,1.1290682675699557,0.25328931607432503,-0.000677868922902114,0.39830247249698303,0.3190771727454571,0.11677112637439091,-0.051241991849606094,1.2852010334245776,1.6987040655133185,1.1047083488324807,-0.13716082985406697,-0.07567911211238076,0.7675343471608302,0.3742692822188247,0.6993276562476947,1.5263867019605204,0.10339515852005299,-0.28942096379007953,1.338084595773287,0.22990531431866135,0.0050310422747745775,0.06958230734172766,0.2925182529051007,-0.022917091088948682,0.03253348732286376,0.022718218719234073,0.01778549101374649,0.3844284322807989,0.411005919501779,0.021217671356966505,-0.010806568375716807,-0.06485909171390469
-0.09253359606302514,0.32606959546391057,0.036373745206561114,0.6502453071274159,-0.4656025378137141,0.17899332499070386,0.1006621284662188,1.178807312138078,-0.20131029030419167,0.27397767946025153,-0.1497338026836772,0.1087446384979942,0.8251918946192944,1.160548256156389,-0.9648592241544538,-0.31079347175387273,0.7064030937551244,0.17595622342507333,0.8513883160571565,0.027719230312929,0.025562803941916012,1.6616682311405206,1.392762390990439,0.07696268518011173,0.030244307086846334,0.3459286765981382,1.197237848627509,0.5114761845079059,0.49826650519495885,0.5995908811650965,0.08051595933420641,-1.1609731251964952,0.43158542234615993,-0.02387644451511095,0.0310926766304922,-0.40290295373881246,0.014951423062617764,1.2610405625806163,0.18341291904299517,1.8252749823425054,0.6894622881631225,0.4124033146864301,0.017129399274162793,-0.2786722221022617,0.7875707843204127,-0.08011950796135459,-0.04015226408923933,-0.14242438300651994,0.20546830960082652,-0.19741393904610005,0.4272866045206034,0.05119446490392221,0.5126264411539259,0.27651138603321,0.1058261309140427,0.49202425561340757,0.3600272843565522,0.01830635326889629,-0.1903782269236043,0.6853100789164994,0.46973783358781596,-0.028161299039537013,0.05301048854594015,0.8025252725526268,0.44396275104947414,-0.16000197760174473,0.0722729345577644,0.7060875236758659,0.5707901377435407,-1.0871175723797606,0.30943483660928095,0.8476503460097806,-0.0017265823587155893,0.1779125216738886,-0.9004927309566995,0.7996326366993083,0.16647150340026418,0.6504113895776138,-0.09791294920429783,4.1057980462279815,0.9238482613460572,0.12077362653356616,-0.03457839459620882,-0.009136572637347129,0.25191668276535495,0.0899048600540171,1.0217668305059249,0.8282355466141098,-0.0015410441692189636,0.5415121765808539,0.842720335909676,1.1317049845701668,0.2751811211370838,0.18669860142338068,-0.3140868133425423,0.09227186546331723,0.04090286605097404,-0.005794579307534686
0.050387394265014596,1.3992677704800838,-0.1266141574078068,1.7511688548710755,0.8029742345526936,0.22540965006608804,0.47639747916085184,0.7156412453719936,0.030233572168993916,0.036557001976702086,4.105625218664283,0.18045722591689284,0.5934498905198673,0.9595801186788107,0.23038262735545967,-0.4016004439486238,0.8491220925938974,0.010897432016477637,0.04644965164758785,0.6890603469015089,0.4384496123911794,-0.09903969924719735,-0.18704185280897478,-0.18052979550208992,0.03703588522187129,-0.2458396174154842,1.3207236095164356,0.13648225558659277,8.42809945782956,-0.4033223627270832,2.0584310376456507,-0.8800288755909644,0.2525768727457933,0.4239369959235484,1.0967178180561223,0.336892426413387,0.39646221094417733,0.6569139023298218,0.2809032854091229,0.3592466071041467,0.5022393484404386,0.46537521766253587,0.04807581043832965,0.5789569187321488,0.08665027634952116,0.11299714495033175,0.0062655958657380495,-0.01053843026843726,0.023816014619768122,0.25903205156721665,0.4109758727108286,0.014190106225211885,0.8252874622993494,0.6595009782275745,-0.0649906801809399,-0.03453194380704616,0.2448022651852635,0.6012758015491375,-0.002669923707315558,0.37026891325379285,-0.15892327898312697,0.20368677614995123,-0.31267287071771666,0.49915885854902964,2.799861661724078,-0.03279041611580613,0.04253017492078204,0.39420177463905715,0.32799871183537377,0.4658737948062912,0.4756340617197923,1.4148659873841565,0.025859204468466235,0.4635644366627112,1.3134500916689262,1.2822709642345291,1.1735720451330574,0.8093606069601744,-0.10763107035797148,1.231088443504846,0.26747192480753057,0.5457659495022158,-0.1098828759241881,0.67872759545088,-0.3279912130099629,0.8515570860019421,1.3440820326050407,-0.016427551661410078,0.010916772343097847,-0.13793151251689206,0.02594875393012952,-0.0031738053245060627,-0.06914959886473504,0.008673548960496547,-0.25065127130008946,-0.12759568074921734,0.022628188075510813,-0.5529047644445764
0.16341925872955843,1.8831553399956724,-0.2166175351733406,0.5244931139551818,-0.10632285994530832,0.5773675343555746,0.851314862010903,0.20099914207902358,-0.2037561975231279,0.5965920848946635,0.015531960786186794,-0.15700847328295175,0.47132823877071184,-0.21152987985085692,-0.21962665251267044,-0.1171976329481339,0.6361030902829965,3.230287862733684,0.6216371654583268,2.528037043687987,0.17155090138252183,0.2981917772144982,-0.018451068346349686,-0.56232000374116,1.1595389562592464,-0.13939007843249662,2.535332653005554,0.038087443114602326,-0.34892155723608553,0.04803857288231539,0.03722925205534322,0.4323671933492159,0.8988679038122847,-0.15454813881878238,-0.03293945054184633,0.1120281027430341,-0.04193287736922535,0.053656858674722585,0.08235028554797585,1.420123820472675,-0.11845554088712085,0.8710008944606376,0.1990211258356851,-0.218943004244343,0.3916709683987847,0.5777376750949883,0.011929253369179271,0.28098688199103705,-0.11104541670032408,-0.11946804723295124,0.4013925239811815,2.8287429134003377,-0.048295257735904595,-0.03722750596200797,0.26187201355616896,1.3246193719917851,0.8536060817689277,-0.22452097849993624,0.008850780899080313,0.4616556959241347,-0.10156830504880565,0.5085404751784801,-0.13941651867461324,0.310638934254138,-0.2932265604065183,-0.08849192138306572,-0.032746847177255844,0.03643857727831801,0.6407292828215558,-0.14134674262769575,0.0024831750260734253,0.8165451930459007,-0.1643695777164984,-0.10236731033715074,1.0879487358254814,1.3958694230031616,-0.029681525242174267,1.8670393422971845,0.10708303199717051,2.5101289650471514,1.2834804231504968,0.22058635698428297,-0.22053377119850115,-0.2212862773969544,0.234115115919594,0.35443857560271397,1.044162953655583,0.01813377842182362,0.2864682012652575,0.047984232927712256,0.05302778860299284,-0.4579890631270134,-0.08437464114207094,0.13292115769040924,-0.1348026904680193,0.2306167542779498,2.039519584521152,0.044183256914680946
-0.08283352931449661,0.02780125301588754,0.004132492704963964,1.1658426438798317,0.03533489427904346,0.012742261881134809,0.9290234330479379,0.23209813511787303,-0.11299908958013027,0.355721271112865,0.46239293501253176,0.06260084154607348,3.363851162789512,0.9469272121651482,0.869535283908323,-1.227804470528941,3.2837932853906153,0.8616437115844215,0.3918934976696171,0.47574855901770263,0.5765478374297057,0.31800187755447684,0.12074150234279912,0.9008793872374596,-0.060512516172592345,0.051813380700297174,2.5138032472862,0.36400228257834133,5.725902974795847,1.14936888230433,0.01803738192307458,-0.5541558868815981,0.12810025831857885,0.32058128199362246,1.5176904101234285,-0.2626539811733952,-0.18061119714300977,11.20961480715325,0.27422928640333666,0.9586516540056085,0.2068713113045768,1.9174789704971822,0.4793814517036594,0.5004201796314769,2.428214938506745,-0.18174166934635583,-0.0062725935758631834,0.8785261975722385,0.06223293743460001,-0.05539318682184424,-0.01820271255138728,0.019410515264323358,0.759306228916762,0.7952768296118871,0.027297513359650694,0.7459355476525564,-0.284300526726323,0.20192450200921908,0.7613502790233122,1.337962753560574,0.8308622896135702,1.5134455238904643,-0.30797107310329874,-0.2818918379931379,0.042360320494703174,0.4005044311384163,0.15836461786611977,0.06576408210285356,1.9805353205935088,1.4830567599304159,-0.20594914263638753,1.5775562716822993,0.04409668846814396,0.36006855662576776,-0.014847888150911537,0.11588522326703021,0.05178437224130228,0.06874840342220123,-0.07672409068583752,2.503983967411667,1.9050132702357505,1.137529421472486,0.38998808316753975,-0.059788948494855276,0.26563341479669766,0.12858687458226115,0.3263027480126244,0.34477044913007626,-0.054151562370908124,-0.0064207361906811755,0.6670876640914258,0.06347186640302471,0.8756457657627195,0.0008182362915589714,1.5390090875152262,0.49991646327377914,0.9713434472357854,-0.12077101393523915
0.04256066171291817,-0.12483173102859269,-0.029494832587644293,0.7862450983277691,0.1380153931542143,-0.0072059825259929156,0.27744818515792513,-0.8319866784461212,-0.13099581596623722,0.2284102111191033,0.46887243271848966,0.5203138528296627,0.3339788842672027,1.726741778718889,0.15448476605480543,0.10529303056193129,0.9689392238995165,1.067463240693006,0.6831843823564991,-0.030646473564018173,5.772183447545196,1.2580587323174734,0.8982741958319496,-0.019732081003363433,0.04078624795245567,-0.9540918440283912,3.1360437740055804,0.031372395894093685,0.0834064276331814,0.42830864715361594,0.036789559900067825,-0.351607081201756,1.1642624003003554,-0.06461984049202973,0.678108403837526,0.6265726003770564,3.6314274576168035,-0.0414543135732659,0.7629841446647969,0.5813234470391118,1.4548397343466526,0.4585853673473226,0.17426779821703375,-0.5770230759703532,0.48312259336203,0.7611146961368558,0.02027517975484816,0.1481848062871891,0.6622267040310681,-0.15366966409087457,0.1602531999449468,-1.1532847595460947,0.07382475605585492,0.6727988366531199,0.13282136032626113,-0.2818936298902699,0.5363446519315085,0.48653347519411216,0.003751891968899912,0.5047335609315775,0.6467786045208808,0.05321126715677016,-0.005306157254477473,0.025262060131314712,0.12380627062968985,2.890882366457591,1.5553145061253417,1.2065672049141591,-0.19107247776651182,-0.08854324681611736,-0.24294838714844502,1.013104196132395,0.29375787209742565,-0.15287873216370684,0.1655999697336048,0.902856874340555,0.234917165228667,0.6945989589254395,-0.07902047739611184,0.4065447626518548,0.6234703993261839,1.368924477860391,1.9673999241363314,0.9477299106275403,0.21687311466297032,0.2818217319899854,0.03580048647890344,0.21883227095938285,-0.059815732805025945,0.0031587513957482827,0.3526933948725164,1.7643955214310294,0.4314578931518822,0.17994242736587207,2.9136077432768186,0.5744571730317198,0.9035559908639299,-0.11786076056325179
-0.04963831108320882,-0.23803425484397245,0.025951271632347783,0.24268288997885623,0.01215723403623592,-0.08063633751661037,0.2786631092423777,-0.025518642998902052,0.08269698463590913,1.5765019022088822,0.2354880388565208,0.4335882708687606,0.12305568708196368,-0.20175344836989417,1.6798178539004542,0.11705018600555661,1.3769843970637,0.16340741352369736,0.9977507239823069,-0.27650919657863327,0.19967508277151413,-0.6022417279231567,0.2570948099109045,0.6338077137486464,0.20144455027099006,-0.2734751060908307,4.6319846808026375,-0.009993795988637366,1.0080765850301354,0.26725993967985673,0.6059602369639574,-0.40208023628579426,0.5646017096874374,-0.1693284388520384,0.27524223474948695,-0.11642302309238772,0.24251617340567755,-0.04540836726790687,-0.24484053582848198,1.8151681776258188,0.7009247247941373,0.9125076991497503,0.8765946103280777,-0.4463385806368052,0.6932094553197299,0.1102949817529506,-0.000519160483615444,2.0877849992469804,-0.048446532251877894,-0.019715349913241642,0.483384274778043,0.12211694172185528,0.02187709014389272,0.13177684310675675,-0.23427993319432616,0.18919877720291556,0.4429911985639241,0.6230847199027267,0.9365210455594175,-0.07211087879188227,0.6476386329457475,0.1639868647318128,0.5106280289204381,-0.10955929874725179,0.008188515888064796,1.042485262942213,0.11197646615027157,0.34948357470336955,0.5749794555266412,0.05678335085580244,1.2242962581835455,2.1662900420404174,-0.10394735604046668,0.41729066818159755,-0.09808347821422991,3.2970644553488775,0.11091343948835553,2.810773899393615,0.6109747148729134,0.10951540972951612,0.5726951631216597,2.143995534796572,-0.05729995838711943,-0.04925784163875857,-0.012563793080810015,0.13073774067506605,0.06882101685217767,-0.0036989305999792776,0.7666802122641307,0.08205231927923684,-0.48097187126501684,0.0009459538843366033,-0.15590742775499677,0.011057862033458488,0.24628384586032936,0.040196104433575464,0.11609041179608504,0.014815371161970514
-0.1646518808278783,-0.2930271896004957,0.601023868477228,0.20871224575088654,0.9326844809420773,0.11334232196773275,-0.15231858894613026,-0.2009641035464833,0.46991857047253127,0.1347727161650698,0.08605507752861552,0.37354962529790914,-0.25283330280553074,1.8030497475393341,0.5863613685479967,-0.01936726783010201,-0.27380551528329455,0.02567159252976925,0.5395221205010969,-0.06261361546193278,0.9249948179733023,0.3039713844115224,1.4388461371615495,0.3724586183823835,-0.026190987145736422,0.3584214498337963,0.5044084059144929,0.1525674351444959,-0.12214221359328681,0.24348158363270223,-0.25245129328445604,-0.5634898030964166,-0.15954998773594298,-0.1991666748575316,0.13041728357197502,0.21974048717509387,0.2533964028292195,1.2160453452630815,0.14771878967793262,4.122816348327955,0.1444535331778547,0.23776318187630707,-0.043306782228697216,0.8141306931654553,0.9228810687879356,1.302981897666161,-0.018017107717756886,0.6908431457401685,-0.3256730390934557,0.5687291221181319,0.04006505130602722,0.4644585708008018,4.938799056164054,-0.11039522455559769,-0.0913735964406941,-0.4759471255968659,-0.2968441635707837,0.3091600699726236,0.4441502104118005,1.2159530865312291,0.45748024765452655,0.041147452414339813,0.2343447338706488,-0.43216593831559535,-0.2331859927045361,0.1496808182206415,-0.02741231808377087,4.048443047722298,0.5405738771586979,0.8023674821484041,0.5982865318530877,0.8824923791005741,0.07721403308335129,-0.29956559282590334,0.25609636617778353,1.0718529844031464,1.1072029980122764,0.7978163921523951,0.2328129707275437,0.9760971740162159,0.6652869848660625,0.6469024768916327,0.3826338337732764,0.4316128156639323,-0.07223021571183974,-0.04745109848395623,0.05759831829943307,0.977547048226433,0.2203063240043921,1.2675695820252058,0.6022823906870256,0.23251296177488623,0.17429361435802893,1.0686014179318795,-0.5844417908108834,0.33483199874401226,0.163159144636976,-0.19692188810348776
-0.12289247797416714,-0.0004477044687565268,2.1352979287716574,0.6880881189469008,0.05902192105395487,0.33720019511887944,0.25097609058730175,-0.04657962470821442,0.27145066945388496,0.20451695874186804,0.2444248907314157,0.6296328622631941,0.22558420905994314,-0.4620311738348626,0.20585550205790626,-0.013024677621621628,1.098392529507891,0.24230746013518978,0.4835809977030223,-1.0109541561166653,0.8627759575096787,-0.010805611574552287,-0.22519332065895625,-0.14898447827430772,-0.18199083074098876,-0.005457359807505391,0.11399851272842465,0.09600257040695936,1.6514509177005436,1.3593073128098005,1.2376263554110678,-0.1590619607759738,0.552663680722985,-0.12012268482653532,0.7576694215392488,-0.05439203674148141,4.285410326781144,1.7519852567606602,0.07083243286539354,0.06416415534652442,1.909274671589956,0.10538163970980419,1.748767539850359,0.07298273038418301,3.3139664109100684,-0.0010550711761583287,0.5235088587623578,0.11115559302982003,0.06001936071402181,0.34055927658104856,0.31182547634168767,0.33136905354162316,0.2390299289049138,0.08643856902186808,0.0369396155191426,3.220959095011091,0.3380300354453478,0.015620065224287494,1.4260540136958348,0.12370488252380696,-0.09084037298487768,-0.24206291274198843,0.6787208510141554,-0.4860530647292709,-0.4344033347786702,0.5892606486458494,0.8018331023157854,-0.005698589464540049,0.06546711791051774,-0.06519423849322692,0.5195092261252601,4.009878017609358,0.44637021584525893,0.2861260947879014,0.36191684944563374,0.023236406399476994,-0.588195251878159,-0.0007981910994003805,-0.17068033772127134,0.36205310647928624,0.04254467483661628,0.78605229037532,0.6258693387641534,0.32980260654520865,0.07356989114414159,0.5385383831739814,0.5148888956093929,1.1846584359668708,0.41264391536524947,0.09964677309679892,-0.28214205840760975,-0.0006666061956384084,0.7565413092289051,0.8586275525471825,-0.07673513680344479,-0.20230067002932817,0.43103258329941063,0.015703428885748938
-0.03197297712569114,-0.01866330058427934,0.38078281627074073,0.5973008154513995,0.6647310946386789,0.14713796424698478,0.26632595570538076,-0.14997947747015594,-0.13290183216979123,0.3418171412091686,0.24514118560147136,-0.21045369457156582,0.35410915207703475,0.37510296659296616,0.8448469338231899,-0.11107149695132623,8.523758065221458,0.142892875643577,0.5279494706651988,0.34921015946588607,-0.12473451056503038,0.5868211546782778,-0.009950464894516564,0.2967765314452073,0.13733125561298065,0.4251423125468241,2.4263439174881443,0.42755615476284525,-0.1208628779297456,0.493680726402256,0.1235427464626162,0.9062687076569746,0.8633456808128739,0.015312539626560095,2.108273978906176,-0.23494436715019784,-0.061012402864739634,6.024967002060215,0.03949348624807847,1.225010537803934,0.6300937221062255,1.4912986076334604,0.1423959370698895,-0.12276033362176708,-0.10484670778371719,1.7755495870202331,0.030339069407559816,-0.098437905319392,0.27219196407045,0.6137979010262153,1.3083608670663258,0.04428098397456104,0.12152158793850276,0.0771160185150297,-0.21189479675746625,0.38651910745383233,1.3554609157397328,1.4716088612419345,0.15905366222417028,-0.03423849342968488,1.5367325961936356,-0.24086010540033254,1.095899030914648,0.48605228510579224,0.0024625517085845594,0.28547387647964584,0.03430317923371895,0.9580374075610782,1.4411667755900233,1.971649804141805,0.3824662225685662,0.26352443794615965,-0.043767166284317316,0.5467995930817193,-0.5256827906541801,0.29980241163641974,0.19447822241879997,-0.830123296978106,0.84985300997405,0.8779979306276919,0.35306189803582466,2.249808630570554,0.027035884021463286,0.46893253821992964,0.2654976935049529,0.061934626734923004,-0.06399927900184244,0.5926687311224876,-0.13825695679027028,0.06009428684928686,-0.1223628053718846,-0.041761404387713474,-0.19228808046174484,-0.003521196792211967,0.5511067651822721,0.05681074614270276,0.28268320823166704,0.2768535438069657
0.1421768637687535,0.5568423095548187,0.02827045944679929,0.4207477345298152,0.02416464533568785,0.09245439468053762,-0.14821587153580218,-0.08297487660693736,0.1494769995018972,0.37327212332976467,0.014930355148292662,0.9199614896055621,0.7178498920142538,0.010861506017396216,-0.4625484032839333,-0.3898563289976833,0.7234286299978603,-0.08365143998473634,1.537047574668752,-0.325852021183322,0.740516751610607,0.3624812528710315,0.3537479107805357,0.11261552844703449,0.3074492149352408,1.2380243676106293,0.9708898032478022,0.015611295857355323,0.41759737873960834,0.9791984291513964,-0.0321189473583936,-0.07101361358765956,0.2835994224598082,0.1891404743845717,0.28361015289129554,0.41806631862595944,0.03250857538013774,1.8901062194032976,0.48049211572941175,1.4894209282819002,0.07300599641215122,-0.023795508066108972,0.782065863214044,0.07510065658516751,0.1274863118433296,0.6856213490961638,0.0014396061250563363,1.0270407023030321,0.17674998704866107,0.013804156043346616,0.7826898374456626,0.12625575787052323,-0.06712655387254962,0.13743138659955134,-0.21876444074994517,3.7931863114935656,0.08622049319396208,1.3360232463304573,1.733200065358261,-0.07152441656949193,1.0865220797781352,0.5004255973752363,-0.19595648849722558,0.4545576371486826,-0.7595668004247234,0.039464608701751835,0.6079438365683547,1.6561373160758124,0.4147898521615332,0.2342412205235309,0.8799854642821607,0.25456090051128033,0.1572846905543681,0.1996839933716359,-0.16987701550441958,0.881101612933973,0.6563322350443643,-0.48761986036617966,0.6283686115335025,1.3484419947540918,0.35015565546501826,0.3352738065086669,0.19610576010382985,-0.040533780235424643,0.031917633644039434,0.13493749900332297,-0.007815196113422296,0.09781921960774476,0.11069091998794267,0.05297646253383981,0.47170555785115287,-0.0178080660152653,0.07141611467808584,0.2769715669803583,1.8948958089111638,0.027027122741222875,0.14555694510553785,0.2557784168461099
0.6871210858641481,-0.0683094669481239,0.041273745653858995,0.5732113515174886,0.8836815752823552,-0.7574059897293042,-0.13118351249803162,0.537425196812535,-0.11590457284328703,-0.041896794387014324,0.22236146659535372,0.416802312166455,0.14264297548166027,0.01847971830697226,0.40187941439390684,1.9256890687207466,-1.6540192819600161,-0.3791651050529836,0.5175091778084413,1.6091648025486958,2.2677564728993698,-0.30151870993565133,-0.3142400146965496,0.21361630946912813,-0.1365414555462774,-0.9460906596375152,2.7319412752482872,-0.010312310424777316,0.3779986115169498,0.20019700890524383,0.24376945441025732,-0.5063561348777519,0.05237038712632458,-0.068679289801576,1.1537622492865687,0.20681309150596539,0.28132292703832906,-0.3459994933797521,-0.028047634613962202,0.1708188384992404,0.4199414346575736,0.4085104024505064,1.7473078880779518,-0.30668322093240885,-0.3672779416933356,0.5092915302562444,0.021647733836849703,0.70796073673342,0.13998043465674304,-0.4671065604955693,0.7325253979307664,0.5504534234566201,0.061116385145986385,0.30346392239873055,0.0028888667490356568,2.4134326203354206,-0.049337939073094805,0.3011034127376533,0.48266664167508644,1.0614846978993633,-0.09301973627828497,0.18652577001447757,0.2638351445199598,-0.007850439404736065,-0.44472685864348627,0.23354245449286726,0.12195580111939197,-0.16051340336594278,3.553158171849442,-0.14507961687604265,0.7899775736126484,0.19335737227140903,0.21801021534210996,-0.024467133721480572,-0.0031643105016172512,1.5393654690086827,1.922547677746695,0.17651360872682442,0.019551662531007707,2.1384661044558424,4.236533169440481,0.7444624895682601,-0.2555953220068883,-0.02623578912699731,0.6560904165479016,0.11368843476133073,0.7682451330257898,0.6955488124413725,0.11074559992645305,-0.0027600478774152393,-0.3465311837786347,0.37660795979899575,0.24364150292625908,0.4754804223961173,-0.07972737722933942,0.20673851001624488,1.3201364594644032,-0.06028418152603887
0.33288258324370945,0.6819729356492901,0.28975396457424374,-0.03330330261750403,2.010431035175995,0.35222763769403054,-0.10748099397503896,-0.10323384922169332,-0.12931159354713895,0.4219769125324979,0.29809939561510834,0.4485677064199187,0.40032334908915956,0.41356396657139616,-0.237306285630714,-0.16103621463024886,-2.1908159100316476,0.22806953116692075,-0.18501364820569766,0.04512664599013316,1.5245535935141676,0.23996429329479296,0.06616742872133763,-0.11389820586125898,-0.07363544827236579,-0.22075867577654495,1.294972981071835,0.12731497165917283,0.5512121331456132,0.6096561074648856,1.1884615970072536,0.16336092654967782,-0.685878665975844,0.2721503938756431,0.2153016116554458,-0.09926564117574932,0.022460950621965736,4.926500143882003,-0.1947999417299875,0.24330717311344507,1.5824204246483404,0.40739387069361976,0.32762534137443966,0.45836150028853906,0.056610093537039496,-0.3248729562708945,-0.0008227620048320006,0.008899947259920715,0.4567406973990824,-0.007105888635208224,-0.02689401167535488,0.2400364539771518,0.09534224788818291,0.02930481758647563,0.033840345530146365,1.0765173208768584,-0.7468174656799458,0.022199664150961418,0.0025628623295483877,-0.0011230110005340244,0.27996587054444255,1.379671897705176,0.9830302355782887,-0.09519994578842006,6.218561094219474,0.11789397837243598,0.9446569685113726,1.0354222952485275,0.7294576550379714,-0.1379866140306607,1.5934823247348469,0.24443302820816548,1.217766416928654,0.39686304717967413,1.769787015768463,0.006212187317952811,0.020372021837483878,1.0407259358881387,0.6062954471272395,-0.20831305728624727,1.005492841815224,0.9714365077726193,0.26321461673832935,0.2858635101155502,0.04763108800369942,2.3737309292898976,0.7237392510905609,0.083675623309861,-0.004902719581609816,0.14710636153592027,-0.2736598711244955,0.028718785557040327,0.8024296287995973,0.02022358423442938,0.8251971809851728,0.00012509658676140845,0.6620985085174738,-0.1085613058422985
-0.1624233697744848,-0.08032787872048708,-0.03711886741974402,0.1859243314570591,0.12661963271347254,0.011440164992653656,0.3421632821131828,-0.13131284014863498,-0.12817827863818554,0.04639966280633123,0.051388396480188,0.013219381782779926,0.45592858792886215,-0.14739749648136646,0.6445396229255582,0.6382996727593717,-6.425757152930659,-0.19886563726701212,-0.04148999708651768,0.17497502189253522,0.6988279092030556,-0.10985779285874919,-0.05430271150951338,-0.2329597589354817,0.13073280612811589,0.1406336507899617,8.186823578221377,-0.14314713625776765,2.8689465653002486,-0.20591805012561926,0.2054588568965512,0.04095589031607627,-0.07321543558749122,0.16499220377107715,0.24526656614851117,0.041316662245232116,0.06986583597061324,5.4905231931263,0.7389118010125473,0.0190479860808086,0.014855085893307418,0.3930805488075664,0.38493229805290774,-0.10728662007169731,2.0875310007534393,1.1783319480028336,-0.0006514685546616938,1.1175406677467317,0.6107985228723707,0.11783852327103439,0.2169614756639966,0.2412201092004418,-0.08275227388011297,-0.014772909473964368,-0.023978937354023344,0.17262925727791867,0.9556305981712763,1.736537482721685,1.156244006205986,0.33131888366573525,0.6750643323588865,-0.050772192712847275,-0.10082925655080999,-0.38402396465168565,-0.2334765829755181,-0.15289883856456576,0.43723702986571844,0.2251367981884682,0.246820555898827,-0.2135266595461962,-0.06094874962715746,1.2903454639109242,-0.10012209795104798,0.2984074651589821,0.2176210316514111,0.2636803689820968,2.2682733588364616,0.4677526453887433,-0.41531739310556626,1.3006070946128663,1.1449006773346682,0.9622979945954508,1.1156100333920502,-0.7235360496666186,0.1868068045618596,1.726118987732006,0.5362149515207637,0.4322849161197677,0.3577545106476645,-0.11201818218404291,-0.13026127453752334,-0.03040174326254963,0.13101268995729143,0.31749132679081615,-0.1378135953720836,-0.08131390745217804,0.17808271570249445,0.012709146596508791
0.8926739906960854,-0.08524943340841684,-0.005712930240677094,1.1830678726310726,0.358489313626448,-0.03023055478202341,0.20024868268394425,-0.2780668845513592,-0.2176811688031135,-0.36522676420159783,0.02336335247790755,0.6764498752039136,-0.021802677270458037,0.10206059678361701,0.3684134566852584,-0.26968527477925175,0.4821055897851938,-0.003432382967135439,1.0319511189207873,-0.039628088173533804,0.8293982435253637,0.15643776190150316,-0.15579213534040814,2.244581795792456,-0.06443854693738515,-0.12183022289056034,1.1027078048460703,-0.16641782681401596,0.42161534715365523,1.2112015546718782,0.06457458833897967,-0.12362068462498677,-1.0268642370798418,0.7344261461165527,0.5750372359470814,0.21097884643805553,0.8113896017579885,1.0584718908534745,-0.01564878525367952,0.08186998185657224,0.02157272744143679,0.29148250995297875,0.5459202196472419,-0.19286144686835272,1.0394318127138682,1.0912625676977088,-0.0026807621135152004,0.5566061776270557,0.5309266173866884,-0.2639708950097881,0.19372745339369146,-0.20290737823608174,0.3231236122817456,0.16601178225821478,-0.057879125375938756,0.24183248344579322,0.01566079373142726,0.053385552156306915,0.67646696220711,0.6605841315328149,-0.08370431446663051,0.35199053927348034,-0.24950585439541761,0.1578790115972577,0.9401727542641742,-0.03666514281403277,0.6275934185268239,-0.1396432205791056,0.6255600104267991,0.4299221453564348,1.8071187248065073,0.7354175905869917,0.04443401949853776,0.1573353053599158,-0.18843829849383997,2.444900062767408,1.6385464094632098,0.0028555118594564277,0.012848044735843445,0.4472447820877088,1.2754537660686687,0.5394539719364833,-0.12474945560463624,-0.07935356536313876,0.04314614895520119,0.3135451629549708,-0.005138135909946051,0.44347791829550154,0.16254429748992827,-0.3210562858199886,0.9669020342048409,-0.031201262036862687,0.09616418771822444,-0.00488635991799935,0.3258098566207437,-0.009257755122331623,0.057232522680141784,-0.06386030434580281
-0.11222896355774914,0.16603893580468698,0.1822059761845256,0.5268097534504195,0.5930383206476484,0.07897199054993376,0.1085145932906526,-0.020199880069120546,-0.11016382880353781,0.22828939406994575,0.15244071926265867,0.18328563998034042,0.02664123518381256,1.284514118796226,0.25334007869537833,-0.23271494944771298,0.8298129098302649,0.04073649605143359,1.2223857219552876,0.5043384212142499,1.6665837442790217,0.2642664628377247,0.05779992836435088,-0.9511658497141529,0.5928043403078336,-0.03201132889522329,0.5001479262574939,0.823740035493314,0.7290832064241677,0.627301060889117,0.15887901499712687,-0.13160745070139512,0.34743747929444346,0.49576449457045246,0.06811271905888416,0.17501947428522868,0.15510418764134126,0.45942319946873234,-0.289803182641478,1.0697131771360509,-0.02398307985291037,0.8208413770879055,0.1826106601768993,-0.22456542788478773,2.628111262674743,0.6579925179034474,0.001693215081360222,0.24362396380660023,0.42570324004978,0.15088480090695944,0.5822073524157823,1.605771156355352,0.10479104799409233,0.01565346299441961,-0.020902563462620094,0.316378521429181,0.13483185515018192,0.7893231850121687,0.2175835020952266,0.2926155105388615,0.41997450625812016,0.2681588729708051,-0.11233945811962975,0.24386180339121477,1.4222454624262069,-0.18486662324504755,1.795392722478276,0.3403195609897689,0.1259245174300898,-0.1984349464766071,0.01720404371349593,1.925048242723597,0.08037117074551947,-0.49420427721252747,-0.4559186983758696,4.256187285408391,1.0411956269720788,-0.10687267030183989,0.25257112478448596,0.833031082893191,5.222127749401697,0.6650464275635182,0.31017106950356066,-0.11806144865009305,0.1579442278936103,0.20388192901943292,-0.04901100649582091,-0.33811339222484804,1.6786852746571554,0.08124738710969259,0.44040445429871466,0.17896323588982188,2.051571221651699,0.39317493577291707,0.72208770298655,0.1710774957088086,0.5374641295780433,0.06773854826187886
0.03150388464941756,0.06105369915460068,0.11006206533054952,0.6754053373936788,-0.2660051182313996,0.09670859517891506,0.03955835169634225,0.6815775967667168,-0.2541953173212219,0.11282492764293783,0.47551243208554705,0.13756717702078625,-0.025796907071073072,-0.010696310011361287,0.21334934158561136,0.03636697547333689,1.2777999545312415,0.3940464506683643,0.05712437209959642,-0.1283173726887652,4.491804139192423,-0.039017938052226864,0.03455412255137125,0.16854059645237385,0.0974768410050153,0.922901977145937,6.248171045339361,1.2798880460947162,3.3821539668542955,0.729951342650228,-0.26283808912370654,-0.40978787094413605,0.07892637056521279,-0.08105067621431772,-0.09408507078468409,0.15079602664961023,0.30941399961331406,1.8366346665128415,0.9990175221830597,1.321798583832111,0.5984558440455912,-0.06450561025697255,1.644840542947235,-0.1230013940117054,0.5159688815115171,1.1249363102434735,1.7782323770763293,0.5704193720097193,-0.04520873803797554,0.1799973328393274,-0.129321614049426,-0.09063503083042468,0.20234364075547218,0.45769341376686423,0.11429070313415712,0.9939706747027746,0.43161436218823646,0.3222879847981166,0.11960375618327479,0.21944008035931795,-0.14887439902802813,0.2579978832421901,-0.835429651554783,0.49693097100553363,-0.12438158608656424,0.10997991389065476,-0.009298473920052786,-0.0009865778219553256,5.155081761632931,2.5927401282131193,1.5186884973037067,1.2825416208866152,-0.1652016323559904,-0.21126547606359658,0.32132878634610273,0.8571072098528463,1.0932183018952406,-0.494978096333341,0.1948086936639175,0.5288646130079675,1.3848815810354296,-0.11943198178257486,0.5300019752588438,-0.2535626267596909,-0.11794379835141555,0.13007027114033187,0.6599268980273281,0.412485490464058,-0.04024507059044158,-0.5409681851642079,1.1197398425016178,0.0009034699190415552,0.20921206433567852,1.651666649387253,0.1910644179478176,0.28947366666499263,0.05453042151590637,0.04553593617918317
0.2959783586175915,0.536138817287914,-0.02791858587286633,0.6869131870753318,-0.31302038713943015,-0.02410486044574167,-0.2104267186079607,-0.06752373113332055,0.20523538563895105,1.0762629358973381,0.20940801771513762,0.12071818032389103,0.1442563338448246,0.1124460247583503,-1.4537349643675999,0.07840688481180713,0.4000895729181151,0.16539295510395213,1.2177491606285358,-0.01888416285415495,1.2292738076298466,0.15237734258833768,0.0834664983752953,-0.1571130806340295,-0.017007498521670605,0.008209959036019843,-0.7278330365587995,-0.2972755375937295,3.977250441979347,0.5460263361547288,-0.02642238014439391,0.01988606645036395,-0.36891732478376404,0.22213788661069245,0.21583195565566005,-0.4032306269487256,0.07033755913209117,2.2406985611677133,0.4991088301111857,1.1101410700111245,0.8934443319250231,0.4077660313075926,0.6298144036506614,0.5711364268931849,1.7530290525271361,0.7210789457687508,-0.0022493176382498703,0.20828096399431395,0.6970585150328121,-0.03545447199340224,1.0251912997611043,0.10334284596329546,0.1562031065284284,0.8446508765815164,-0.03129891342161795,0.1726341386314818,0.3104431541527797,-0.2358616282541286,0.49691930549822727,0.4019500747113889,0.08694579626040122,0.4780320518387069,0.4110523791052696,0.283774002327279,-0.2295351808509576,0.6404614441852603,0.17614839419024353,0.5646331473761661,0.055475871391612586,1.4339029593197132,0.001904509787941766,0.5614997307044334,-0.03124036669613406,0.11763800745583763,0.6729451682530296,0.36537273095769063,0.7969633661788027,0.6536957659361331,-0.129692788280666,0.996108726392654,0.03264907069383405,0.2890170296035137,1.024259648725077,1.0935911011835193,1.2396444925460068,1.1151566028917914,0.18755478421402394,0.3586828752265627,-0.09881738561767861,0.05760913530251699,-0.2320754465156769,0.08255917989454797,0.4528672296237346,0.0011415916313133323,-0.2112935281401045,0.2995678505389394,0.3183476836239967,-0.03456410792422693
0.2736718817272572,0.5309665371970906,0.0023578494830394092,0.2454904430517697,1.3766729413288572,0.30138046125898965,-0.4577863890708769,-0.3310015726376152,1.2907287467374804,-0.08796611046851677,0.13653315799495025,0.18176171892495852,0.08067341342852341,0.9999874460041882,-1.0375553646924232,-0.19141370440908112,0.6820970109188988,0.9321370031557406,0.29120586338580834,0.8553671441025674,0.15841180369961227,0.23310458918598265,3.419909415570398,0.2661285487330525,7.038628438128782,-0.3387920709296388,0.45467334149008254,0.021793440390835528,1.371927177763915,0.47102850383459405,0.3340908140544392,0.00274613804057644,-0.571383236004376,0.06124567359134714,0.45678479878485945,0.25745711437581864,0.8840785390265111,0.9089025440282335,-0.10018834725872061,0.21142519963243522,1.6948271449808407,0.7441026707472478,0.3001448725280347,0.054341262850963634,0.9449377277557449,0.544260798929523,0.0021253050152538755,0.017843383488260756,-0.12754235513626,-0.5341424213500559,0.26223087221219377,0.20514905461242128,0.7294326542394614,0.5160019038258961,0.08348218350668901,0.46060382933033406,0.6189990372844374,1.5599449748877259,0.3142102076749378,0.8881777872790089,0.2129987889988847,0.07578330873872208,-0.657560043174656,-0.03315399631190541,-0.6227238783896798,0.39148524367637183,0.24459476749887266,-0.009852982400010202,0.13538495625458413,1.52091367731395,0.4043593357986115,0.19792561994355928,-0.07233129772367874,0.30125882447165564,0.548289084116103,-0.16890700398571212,1.1631779322763842,0.008099592785532739,-0.38234897285555647,0.4457760781222797,0.8257583593804547,0.6177303105369543,-0.2551669041347626,-0.7369457482715411,-0.43431980531780034,0.40867097844108446,1.2147045633016242,0.5628235874694454,0.14589081001255266,0.5126858540981551,0.9118938798841585,-0.01106392193160044,0.12549579221535545,0.009283250211404859,1.9650606440666891,0.17510588290541484,0.7081118645835396,0.35692823942681007
0.0899234821056023,0.5750577271525037,-0.09701982520702046,0.826464482523261,1.2337938148548835,0.10047076238928732,-0.02038555180996049,0.10174273270942003,-0.3854036729709742,-0.011487904174929842,0.5311926272951499,0.47978513503631337,0.2752272874959436,0.0034990654016393563,-0.5017770249209139,1.361746663692955,0.7919407458230587,0.45519600730855725,0.67048978489556,-0.11975571984331701,0.7111398239955324,0.946621736812931,0.10730402712158504,0.20760311930520992,-0.4282221603973464,0.9695712984911484,0.43083866009720495,0.593252663685373,0.18307942017638457,0.2553213430917878,0.6226714148297865,0.01427725679282954,0.9593239395925535,-0.3942167892369337,3.0808217906440536,0.1268997359220525,0.008478612808004105,6.38081670738951,0.12883631874147783,0.7239355693202807,1.5936961688402231,2.0151317981961974,0.15436542642169337,2.4440761717490505,-0.008873824570429178,0.369769628058366,-0.021713741049510293,0.5200053332333034,0.13950186407979492,-0.24609208788539672,0.22120818357955319,1.1216445495067502,0.5587672783395803,-0.05233665086795014,-0.473405804449893,0.2650406222584092,0.14323821636587564,1.2430896579448678,0.019433299354548517,-0.2588175533587478,0.08934044184684087,-0.10262477088282695,0.06089916621727465,0.4214765047935467,-0.0005848765953413437,-0.02916690053342741,0.041759960303970445,0.05444658354986576,0.39216915144248077,-0.01561556709825318,-1.1537658297757876,0.1614862945388138,0.13290194329018412,0.17585828056062436,0.4673713047483714,0.17165845647838873,0.143187359150601,-0.2713104329852376,0.12843663443951892,0.6177002874748907,0.9779103276846017,0.08737351211957867,-0.07975852212400181,0.33069051350309664,0.8765396061525426,-0.044457824830310244,1.1254780377851894,0.06271277193474933,0.09082217382000302,-0.0793492694482345,0.811336129199371,1.128792636437705,1.2929107121965888,0.0022270627088891715,1.5640113258982176,0.11416306507007068,0.30150541706399014,0.08867048343252204
-0.1613122662077746,0.09321043239638582,0.14849262094068116,0.7727231116573514,-0.07994991614904068,-0.03875553497044537,-0.1624484657263361,-0.38544490941035114,-0.14466460128557745,0.2433503460706743,0.21328135221449873,-0.11989256331090647,0.38778239057905406,0.1261832172953472,-0.1611439740051246,-0.29972788039472453,-0.37819136195397984,-0.16304463076131537,1.213040250697654,0.5833698452726743,1.1632432095108847,0.13125806756419944,0.21242947332725137,0.18536619346316474,-0.08380722950137232,-0.5555364834446102,3.1269148446045545,1.6114939940212194,-0.03484791510203422,4.018720022773922,1.2924407226400465,-0.26583878564837526,0.37165697184273316,1.2605069377893425,1.8516412129216295,1.017372307280974,0.8891371189054338,4.7752728601397205,0.7557600802915383,0.4850852594373607,0.24144641133688083,0.1220537669484032,0.5780649536568685,0.3691385359699648,0.11989465821435674,0.43436877278537356,0.033141328986252105,0.017710137396294012,0.13927150486268713,-0.03439148391882352,0.13379499416929796,0.19624401687750304,-0.04498838223538115,0.27299895914169037,-0.08470054173505215,1.828410768687851,0.22901015056718776,0.6469936081758583,0.1354717129523939,0.3185363286773404,1.0497591158074955,-0.3674725416140001,-0.023310838836387404,0.6989623073051989,-0.12725928029077593,0.36525944831472135,-0.0033634037591152577,0.5242751045227525,-0.06957533174688013,0.14111760105500215,0.2761217859894476,0.6706912247895875,0.35405931781581756,0.0037983321712600215,1.0380317884383912,1.3825905342198386,-0.7463327257327919,0.053610416949441575,0.6068817825021515,1.2980947351762824,0.38907462602308485,0.5932567427478102,1.765918853928138,-0.10552795422126415,-0.23304979969586181,0.4641176302690626,0.3219014538460483,-0.21418535062291255,-0.09977285870587149,0.07289871355746724,0.9268018182239639,0.09244821122613445,-0.3309642167582991,0.04222107909959805,0.19196268549631057,-0.012018507356148511,0.46797115708803183,0.1297789288340967
0.11405504722268356,0.00888028015973541,-0.2328534016282764,-0.3780455369582656,-0.06851923144247252,0.2467922745229698,1.3670089984354874,-0.2054774274087512,0.08152365655707516,0.2022978247332765,-0.04819896054379491,0.22091007596090328,-0.16443078207362527,0.24483608088494702,-0.10050382940187097,-0.10557427820349208,0.986102562478326,0.7959729514322547,0.09817100319366467,0.40053200039479453,-0.19613748916709284,1.226844673350496,0.31082132957872677,0.3081340770753771,0.16713148079148166,-0.05559562177138133,6.886851722716222,-0.019121358914613307,3.934743346857829,1.318190564774377,-0.5276080322785317,0.1403731570586002,-0.40009186296969146,0.20978862076065097,0.06677682266646423,0.7686782157839862,0.2720861060802453,0.3386395000477833,0.12502212854354955,0.3197185718843123,0.9622007357887927,3.4157008856849025,-0.20596166901138524,0.7469753732812867,1.3048678245033134,1.6128885939092328,0.001782673612305441,-0.4212018137548972,-0.009023980276106958,-0.1922620352977784,0.2510429922702926,-0.13987694927908656,0.6006838929915954,0.06868490896810187,0.15899304564370276,0.3594143696772534,0.46092746075609536,1.0842357218833198,0.4364285274193458,0.2582471812613023,-0.009605265791540418,1.5537935597302703,0.06568230721977208,-0.1552536981708621,0.5024068648428823,-0.6104198135894219,-0.0904387371764317,0.6869784770005065,0.017936241670882147,-0.03442372682679018,3.600487515930813,3.039627877995434,-0.06344741827345013,0.8457063502573181,0.05200381184668146,0.6211538179216971,2.9397173620912618,0.7959772196669359,0.500667445089789,0.1500124910964047,0.48891231498331145,1.164865163429063,0.23355199144707406,-0.2251533725871795,-0.3362905296174219,0.31539898111418196,-0.3303978917026811,1.2002857158967535,0.006169925188650005,0.0819444221214134,1.0155840538697642,0.01232615499278511,0.38239603246295806,-0.03782319054043759,0.5770985456187852,-0.02156739843200217,0.1383238820085566,-0.017343270911843067
0.17914701175299097,0.6610874023649078,-0.06814890717722788,1.6390980980160403,0.06445867621503076,0.02299579361220161,-0.45895321822527535,-0.10153316327340889,-0.4379725164695394,1.1190318296820312,-0.016854509167731457,0.23802589421133868,0.008247335793154953,-0.15473538545932186,0.5371520769838405,0.984000364332366,-1.9351966426541314,-0.35331587237520523,0.5929148490838783,0.22883628298410486,0.3464530946865487,-0.10729152747212023,0.77339405188214,0.1706427204176424,0.08170499483533811,-0.2139994466211812,-2.2442863034518314,-0.039797092547143365,1.3019008182899174,0.09453579918390975,-0.5293049292623913,-1.1654396565732519,0.35964387773919526,-0.14513351934488394,0.15199408363615063,-0.14697858838150069,0.27088778478849385,5.650217977837249,0.6930026121923021,0.9962591715642244,1.023372798793762,0.6943604975700541,0.15411741469495555,0.05999627638104599,7.700477050084399,0.7550936568637798,0.7478443892865814,0.1703001750799693,0.24776288727057505,-0.17043502849505643,-0.247985600026289,0.09896327487519496,-0.19963271260624316,0.3016495440826761,0.00145613714905668,0.3859195850104866,0.8811221330476044,-0.018821641080012164,-0.021173522790015387,0.2024858233654676,0.01833518217514296,0.5207754589262836,0.2346771043717517,-0.10586012910891451,8.922499889067918,0.3441292147590529,0.9139896289092402,0.9368021392719648,-0.011002030552091924,0.05448193801207779,0.6240267622155091,0.006404202899710221,0.007725508897285849,-0.3069307737059148,0.09652001401790677,0.39526317815638023,-0.09698998361681,-0.12058705710677842,0.6728338152395672,4.528952074619488,3.7078501638093133,0.34391703543894003,0.2924101740520184,-0.37860036124716956,-0.14637799526229678,0.13143242271568178,0.7472701458064304,-0.39569645788247687,0.25483479207683635,-0.10580627029869172,0.5531067782170336,1.0884536850181004,0.850654932768331,2.158398257762114,0.051140443045817996,0.0759014272713423,0.085383215018497,0.054255505456516584
-0.3213252154742081,1.5448542833952468,-0.05324000844683896,0.45026617569640504,0.3970992471233661,-0.018971670544279284,0.4022151803746712,5.830161592195648,0.42335615160745466,0.2009881875600108,0.10009729027487069,-0.07307321997631,-0.2959008660973792,0.9563729177605289,0.3152492177234816,-0.0010236011930415678,-0.1617657926042182,0.4202748359737356,0.6003231302540817,0.1823269175533957,-0.6732042944824643,1.05370234092394,-0.1251509998146041,0.3073384032591093,0.4531860864737398,0.10585070531994356,5.059643225904313,0.05090720485569533,1.3500213264760843,-0.899790694139984,-0.015529445898823102,-0.032201862638511436,-0.11557504074734082,-0.11471908009500442,0.8047897808492372,0.0732238890749577,0.9734211287138663,0.012222078972301986,0.9922363818838189,0.3517867892102302,0.7986743918455734,0.7794199212043988,1.4158548342383255,-0.3459576342471582,0.7937554955341701,0.9995173462463676,0.19234723275345478,0.0999796646232296,0.16645664301774676,-0.11702323099256717,0.4583055303861916,0.16661683418870332,0.0411305624047249,0.3326325628975315,0.766011974355127,1.0113956796750876,1.4224073993988258,0.9139129659415026,-0.06907143474790622,-0.02492535628306758,0.5424648729307231,0.6653164230480542,-1.23168617259015,0.6803372899007254,0.10196390322318916,0.4370389029558064,-0.026990237938690598,0.1864600055034682,-0.0632147065904185,-0.24354715344990385,1.589724662410302,0.6138585204255218,0.08562530278430547,0.5099331501869897,0.416524565020878,0.2635404396065608,0.1389640094693414,-0.07611741315500886,0.4349961762113783,2.035972145994699,1.5699942736319485,0.3295855299120074,0.43198760672591696,0.10786585497980639,0.04785895235823556,0.07301808533950926,0.04906638555016851,0.3279384839986905,-0.18616418283983371,1.0054458971029057,1.148961326717287,0.1025942082334117,2.1425826237201506,0.005938654697539958,0.8489638175229128,0.22401808862572814,0.10544627422891928,-0.09013517791001613
-0.10531773120081933,1.9675458289100014,0.40531723349300774,0.42663907609775453,0.09359047419442401,0.0020978127195858676,0.011847136307956418,0.18473822950196084,-0.544167456145189,0.21859334125036156,1.1136031101603496,-0.1250329929170686,0.06647109738399859,-0.05323799053430722,0.03429069157015796,0.669972069619508,0.42692221819175336,0.09705524182221126,0.21811578094853967,1.147894633272461,0.04394621341467575,-0.5869165309753663,-0.1436914797475528,-0.06720016424351827,-0.12098356113405107,0.5223082912545003,5.44893529857336,-0.22445229217832985,-0.2646656105810985,0.98405919701404,0.31383520948242527,-0.448393028214646,-0.2837805746622579,0.45055910688938905,0.14057445904974308,-0.12504209483735584,0.5403145505992359,2.0455649208531153,0.6514795471602994,1.4888759117113493,1.6537742428382645,0.5336069959996186,0.1907596287572093,0.441064893180819,3.645339496854098,2.0431539477285288,-0.0032664060233553727,-0.5669449025614162,0.05000696296272755,-0.269068338806969,0.2749339100328374,0.25305691929690344,0.13906941809793327,-0.07361530793236426,-0.013212030779194528,0.6741247948742162,0.0031546472228605182,-0.14392787366739945,0.32439191655764876,0.26126650010580743,0.14043222599487315,0.44614239686769874,0.03714762909935221,0.1686008811639872,0.6880765897101107,0.15631113689579657,0.36097249701606504,0.2903881397443797,-0.6840584712375275,0.3736244854202706,0.8802568361813172,6.3686725041687176,0.06860077501571915,1.245444808193679,-0.1157909207657335,4.741959287734554,2.9237725245631534,1.3195760863985253,0.44528152277795874,0.04118002366626783,0.11024801951230767,1.4041606810329075,-0.03687172218881596,0.31122695054097216,0.1168452321053497,-0.0639516414327046,0.034401397413012624,0.7249379065361747,0.2826561888114689,-0.9662494987594599,0.7909182739328076,0.13494662115077105,2.5694394912703657,0.0026517825594334354,1.2120804263250493,0.1143842907994177,0.38894724416516757,0.2398434169954382
-0.07077786294398969,1.3593692154335133,-0.1758844160811508,0.6583566883385705,0.8773854690533804,0.14558084050107212,0.43625624914869565,0.3108387368739596,0.8559712731505966,0.25256689921429976,0.043072708236426394,-0.03972426268104812,-0.03125008871559931,0.4885307628820752,0.15581747042812566,0.3034834138419953,-0.6581936627465685,0.004751092589925676,1.5452428066196933,0.24308116316876482,2.9137143085262114,-0.04065998464742826,-0.04063010292100122,0.6297053355027078,0.011598822140292953,0.7559791744806872,-11.616058809827077,0.49513547110272116,-0.003188239761042322,2.096058521209579,0.0007238974693528633,0.05406442184037985,0.017048808101691737,0.021300098468191475,0.20386851955032537,0.6465602265869057,0.6947742708392135,1.860890074615467,0.018343282192861743,0.9312467411921812,0.9546220745472045,0.31991311699100766,0.25556172178612746,0.9992081559915711,0.9657578366392898,1.0599353307785728,0.03397489023822686,3.5981466035916796,0.3387095166037084,0.08064143486635444,-0.20833447445577624,0.052986751108865526,0.25748959305371577,-0.05503321251758608,0.4460454413395132,1.624166695206533,-0.3920695362495854,0.15728569003284454,0.019793306831987323,0.7998798440724402,0.10531508824422842,1.3155495563091,-0.0005049043831366617,-0.02393807820170979,0.23359218814325544,0.5205937216733569,0.06040315528741136,0.851286031586489,0.49042481330619303,-0.01694501058446507,0.11230113819098131,0.3923834843269782,-0.043359364490560104,0.9727268257957364,1.7869290148853105,-0.1555321741649367,0.14092402683243677,0.5001076421695441,-0.27016366291354643,1.7840850379747835,0.6252871274720713,0.5483204836442681,-0.12226415945598035,-0.043716301526636414,0.23064556676312442,0.14225538512381775,-0.34666728760040844,1.7596493580836023,0.23842043837434534,-0.05110666736720759,0.1528143927247343,0.3349446921661263,0.11735971982855409,0.09470524394935653,0.4446525689906258,0.19950736484600018,0.07276159438147634,-0.10617604372303102
0.42536178345484377,0.2869521113196214,-0.002611161579583854,0.4301548308162726,0.48948838216264967,-0.006021310331659979,0.22018619447310472,-0.0903298530533223,-0.14058600632708274,0.8546246889737725,0.12824740262530643,0.03572429126873189,0.1406352601473273,0.8139828988589186,0.2856156755574455,0.024636582690565234,1.2237703364453605,-0.2876257021316819,0.9386732602998817,0.01055149056232052,-0.09144481831204221,0.06224178851516626,-0.06412763352606188,0.5941122962414296,-0.06352509442372689,-0.29358519106242786,1.9842749550362972,-0.08473635430220838,0.8133905840906817,3.4312641997596014,0.7070457415622267,0.14808026040247757,-0.0022782163151986445,-0.32450466305023973,-0.16550806529988282,0.11992251582259872,0.9222526909652213,0.9096167751109228,-0.10021805958674701,0.41171895229478794,0.7830650195742681,0.1140042535245902,0.5150729779685355,0.5820364385161119,0.759553112108204,0.22788277541977298,0.06793766680116597,3.817696726288352,0.2122748192258661,-0.06324678359526281,0.16350800856239545,-0.0025049240787873295,0.4606007657289828,-0.019105498975577895,0.34692803528028104,0.10137207906737089,0.0022723153908530414,0.3822500709688166,0.12704403487537919,0.12642886374590656,1.139645046278654,1.1866829810671384,-0.13316162451226798,1.0464450698720773,-0.12091496748708686,1.1575111104201725,0.04179425115389179,0.20078605343704137,0.6927220851104146,0.5412183355304165,2.0413934783006633,2.192441583454502,0.32123061318481305,0.5134072289475959,1.109038084760111,0.14342439647094674,0.7058353586276445,-0.04713249973670175,-0.09875461829877308,11.05334428804806,0.9157650029448554,0.9561047312125055,0.2781794344726922,0.02302240816366652,0.8269766980370044,0.046656156576756036,0.07577400075032692,0.11713997958054145,1.5797309508641622,-0.36849927664620985,-0.10499873952505023,-0.0030447929544559216,-0.0995234665248006,0.3282564666506236,0.5505151179219485,0.679966534847904,0.1896627008815983,0.3698813397575802
-0.02106431018412369,0.15579926094173224,-0.06223394194900678,0.974692998026379,-0.029671804367052523,-0.037038913357428704,0.013646905627356709,-0.010736727940502178,0.33449655291328373,-0.19437839917069688,0.3203004898419839,0.2545825736650995,-0.007758196590193833,0.08208406503383747,1.4939192663537337,-0.2366243552901608,1.0245276513869181,0.5048117062287787,-0.2856196805313953,1.4564176197774543,0.5307630906846494,0.06757668862997646,-0.13892117794647785,0.0018700066910382063,0.5908581007834774,-0.08051437696649089,0.4436976403579749,1.6498886948464193,0.012807082208775356,0.09603170196630684,0.27071279478770416,-0.18548287430559895,0.44639708410109247,0.3677376174515219,0.24430963121528837,0.3710040139141939,1.2196705048954382,9.37748579395236,1.7192502288087175,0.8512894464170726,0.9709061820008964,0.7514535005472771,0.20237312470390512,0.638767809977475,2.161532357986703,1.1234089316972682,0.024569962548667057,1.2738060736427181,1.3588216551562873,0.009577914188583225,0.24643860994572897,0.7729292941802788,0.01909056500083528,0.03440531501714128,0.1198641951355679,0.9301063620567067,0.08862121851674853,0.8555616829337955,-0.030249514797587196,0.5265264774427414,0.0006656590682188046,0.20006288085616752,1.038944514090689,0.05114409959041666,-0.09256573116800837,-0.38600205544635013,0.5785567093691526,0.23388647940705454,-0.035236582394768234,0.21495694942180066,0.29820984665399175,1.6775981290076665,-0.30720988723689224,0.13794355480813447,0.7419737058200768,0.07613277578008315,-0.06912942862929672,0.44695511197915216,0.0743042822889799,9.027342279238422,1.2846146729408616,2.436966894747366,0.3287417567651394,0.11809698260463186,-0.002753081358149778,0.278292454882755,-0.10885285617082374,-0.051434734367784785,-0.02121272599920143,0.13501444006610885,0.2330426962201071,0.09063636118959106,0.2804439889887407,0.012814396562410124,0.17958716946414022,-0.06353445277789227,0.7429331414707141,0.004637702302651592
0.01279374907372599,0.10855228710731835,0.9277358428394002,0.23502085459352795,-0.0471117975860631,0.061895169892957735,0.017804954964369735,0.08890479243839966,0.5397314498881576,2.1544210300217124,0.17298171256625317,0.6645043961475992,-0.14119177730793409,0.167518902235539,0.42396897461185645,0.2114190231368056,-1.4192847562448598,-0.12695430376927375,0.41466701180465826,0.8381453224303321,0.8966689214500132,1.003517895047744,0.5820140335776909,0.6988770566877207,-0.2226125043486249,0.5245909417235062,-0.8116818299416799,0.5676348195995029,-0.31168476312101934,0.07517834919285615,0.202337759378449,0.13242474343764332,-0.312159200037196,1.3879558640277332,0.30008050523508656,0.4503425891840367,-0.01069253322788466,1.7772424868559504,-0.5839208490444001,0.01854808578001066,0.4817291485200643,0.7975596903870779,-0.14567197138410348,0.4882500079215779,0.7711387589835108,0.14938369603488555,0.7594420080993505,1.2889492896968875,1.556885625582396,0.22853446764981955,0.3402372879970246,0.40165691682304505,1.0891910487395964,0.2813467592994656,0.6587186672538596,0.42993092148026957,0.16659668053905907,0.4937132931419823,0.5526190690912958,0.49275479590331583,0.04541102006916353,1.0902976162644702,0.04859368117723406,0.9306042896126843,3.076267492597073,0.5906124528288821,0.03309835422021479,1.2343815925787638,1.2249573544546557,0.45740505786152674,1.6867628144749647,1.9765311255364555,0.00346988880012411,0.08940887266863085,0.13435853488051563,0.9457639608108783,0.8908045270056615,1.574943823800064,0.17022369676320626,0.5844635594286962,0.04421450563159812,1.5574515256674921,0.36080657289479934,-0.02800978674945398,-0.14193778405419266,0.5958987722557447,0.8399188029753972,0.7669851092263533,0.24408247634641844,0.7772632945611182,0.8335909761440172,0.3761258149379252,0.48561400498646456,0.08301418038372654,-0.10190680095557525,0.08728755816789269,1.0374399406588202,0.500990864995265
-0.004650200059448384,-0.2039981243056408,0.20137700237535405,0.8064029277883265,0.7518225616063914,-0.39307660712481507,0.061354377218632905,-0.2228278251544964,0.1465888223445675,1.4300847468452353,-0.028805601906966682,0.31935423930307394,0.4102704989376651,0.2300950681860936,0.1700145030331104,-0.2717155003797309,2.410479696974001,0.10051453968662116,1.6947933767563494,0.035940255623067685,1.1879278280062762,-0.2537243667378246,0.7410216339867945,-0.02597335716794369,0.06187894504461022,0.21111163307761727,1.9104326965896092,0.19712132595904208,0.9088934000528868,0.06610472415298752,0.16732627764583552,-0.5485931962450179,0.5550458236326392,-0.18148071900721208,0.27123038367687435,0.647716513554375,-0.021693431186875944,0.6019935426372074,0.053088635334289425,0.8926447302487963,-0.12074350477405194,0.6440441063077946,0.312026486418433,0.17005005895293168,2.6132758440571084,0.892557349534048,0.004018099578650514,0.19078484748586533,0.03478983440362704,-0.16580071053419676,0.1621596316619085,0.10830724689315874,0.49949532417001086,0.04766560293608979,-0.046275888611967186,0.5880844537108287,0.11815442108857033,0.05099650508055831,-0.1251762490315862,1.3967039139973032,0.10432662510466084,3.845754354808065,0.061236813782342914,-0.3535883265011819,-0.02915369512853072,0.4242978673651212,0.17905916635574393,0.05529349016640639,0.3095714900408142,0.7722565145016755,0.11477097295451788,2.325478383103542,-0.03233445115632794,0.8178369758913302,-0.35447069429859823,0.8305899458109458,3.1067549046900176,-0.9353588327784568,-0.13586597564201597,2.13505355942136,0.21410465605368412,0.4580542079984209,-0.25215887044787255,0.5356035703181083,0.05577321812435487,0.19195440072995673,1.1083564049873225,0.07399162411090998,-0.012412753463058479,-0.02213205295510745,0.9682126279035295,0.03159281000745917,-0.016104293404018977,-0.0032701171746276625,0.767314354572548,-0.09451644963515271,0.006468203295088681,0.39912245406870994
0.1504197385122943,0.478674562943846,-0.005219251167868144,0.3857828734366091,-0.434815880899432,0.2886311953315923,-0.1535129958826733,0.07019840560495627,-0.16690498270530263,0.8078438653229592,0.5561818424705747,0.006569865981048473,0.12121071711515263,0.10253229682835041,0.18786879498324316,0.08289195017114626,1.0931930837444366,0.1904940002263551,0.5862737751328182,0.374196226933349,0.3123326035296521,-0.33072658437510283,-0.0627040572031019,-0.06785712790256238,0.7821593953193045,0.5419846533348207,0.8572038851271886,0.9072864928378332,-0.3084307438470466,-0.3095183586241115,0.2500110213812614,-0.48211849192964173,1.1816142842248603,0.7888410030354205,0.17991888071206352,-0.16048083660843204,0.21013235750556625,3.8114227732682497,-0.04257359925153015,0.5830316253545611,0.6128395256403314,0.2034743393669336,2.341369161544254,0.13988412310795972,0.09788805251644073,-0.3471581330555882,0.9025699881606295,0.4714326111908802,0.36619243111328625,-0.04578446283492088,0.19818924553743855,0.47509063043858024,0.0653855985112326,0.18138097569484835,0.04704064342186509,0.9227901579236519,0.0075920180666972925,-0.14098039021741915,0.6102160226652851,0.12035131962214596,0.00825796468478579,-0.09762804360631705,-0.20514411000866506,0.5545242695296624,-0.5650425290570835,-0.6233490734337064,0.2222934835415522,0.6217389103847735,1.159863944502538,0.6417244430795197,0.03775206739162895,1.3986352321640751,0.2293353315370803,0.499617820055577,-1.0257933935560963,0.8132696884198367,0.2138344863959638,0.30269247089891405,0.23535338454997623,1.1519524202968556,-0.07871715155453174,2.282193239839742,0.6003636063507436,-0.17443560063872798,0.006241360583074673,-0.1502133091452862,2.7421750733350088,-0.09093010569024917,-0.027884789231563012,0.3283425428164026,-0.1428054440718105,0.08306598434695989,1.0738088671530024,0.3715329066199371,-0.039019591680999,-0.08947704370772946,0.13353675767669237,-0.0023390122688162762
0.1632924398321718,-0.029095483899816088,-0.0006748288158422433,1.1554583344636202,-0.0428049683719518,0.3970838477575631,-0.09551676276724752,0.10738356863183718,0.004750955374900556,0.1620598625501133,-0.14696817058591494,0.18140233949570295,-0.02889138019873183,-0.1394708293429634,-0.08263519735313407,0.134138890727455,0.61334623706668,1.3576954031899078,-0.47867555619515834,0.2850179346825952,1.0408505649154778,-0.10688136321563313,-0.00786832996634601,0.3338080166359729,0.20585562313007344,0.5828784464472583,0.16311359411646809,0.04223657435486672,1.439301559097924,0.12476310016500758,0.027042567578324572,0.026945902713506165,0.2809468528439778,0.10611507080145888,0.23586112913854018,-0.22509921042476222,0.07622799851121043,0.3130793402895211,0.16701103446085597,3.960228197304687,0.24650206284688192,0.3457911808635856,2.417470389631799,-0.5494070934498456,1.7686663193453338,2.0016234023315533,-0.016249123748559136,-0.013781195808943991,-0.26261701578824503,-0.06466843783116438,0.14406967724474296,0.41117008929236665,0.05247399784861262,0.03036602561495494,-0.10830184343168359,0.3190368401777488,0.3048134613577447,0.452599364244624,0.7617549289367807,0.452345768527894,0.024433448527044987,0.437369260933105,-0.29436615914652986,0.7544405709528892,0.02337892880782011,0.05600999493829484,0.5976322230692892,1.4447607163358605,0.2874442219229145,-0.4230783804135232,1.1513036819332,8.479606350131128,0.13480663091457945,-0.2118508041835545,0.30259242945160025,0.10337038728783421,0.43001093471077656,1.067904057645797,0.13880643670185133,2.2645947238832207,1.0448339539112217,0.6873848125979656,0.25470590191484277,0.9305904575118307,1.4073735625603332,0.21325532422015137,0.8010330178651532,0.5482187483075869,-0.013638138212863637,-0.30421829605080486,0.03980360693982998,0.17247837287987,0.08029284383988733,0.18425041461995884,0.06227290069794389,0.08990490968491205,0.5172132195012917,0.10656668042450956
0.3499401860830731,0.08940836547801467,-0.11827250006956724,0.09576851085148586,-0.1166899190084627,0.20618345322489517,-0.09313617429224719,-0.3187920397667927,-0.019091595166208286,0.6918747106135337,-0.12984909049876903,0.5383424874077605,1.2591044064052443,1.550736032407391,0.00011379993072502259,0.11795615728850173,0.7815258776011249,0.06475733474720258,0.1251833637015345,-0.13517677206438972,1.4475277386428376,-0.0007219064417425258,-0.07374837314705562,0.3010341366283429,0.8594916687840493,-0.06329730902988828,1.5281143404937283,-0.048257484120444616,0.0476542471459398,0.4639847312993659,-0.19446383589531235,-0.17349463996216663,0.009330738691236462,0.26999757527491575,2.167264351116339,0.9504394221772801,0.5876832624298585,0.9780357640607331,0.01735398099611185,0.7807443234133586,0.5155748321902571,0.9057570646324749,1.6409071877281463,0.23187601001454983,3.1886904568175325,-0.08178495290833698,-0.023012954077634262,-0.10430642091499287,0.06721056560323868,0.1325919166427969,0.15459963924928743,1.570156647091851,-0.14218075942811348,0.7716442998945094,0.31248486414195664,0.2503942468936038,0.6844073285116492,-0.07811274780288535,0.9331529574072821,-0.0325949313261944,0.5927599199411977,0.5790040089859687,0.005043586630439023,1.3899056668724006,-0.3584983589043089,0.20688626666883625,0.42020514148207333,0.33107610193304016,0.13857110454785992,0.2112356766736294,0.34144840492387596,1.384295515292024,0.1682653035835635,1.170537463637154,-0.06887910734047331,1.9161088090368805,1.6327651012116426,-0.12195402491593654,-0.003571089269747141,4.162137475879073,0.7460939604059948,0.6294097538401626,0.8169254305257461,0.28454559405180735,1.7663949728344424,0.5288798783991577,0.4096774318968581,0.08869628338384139,-0.060291052781997756,-0.12470610145143102,0.47043839311729885,0.5768769593291472,0.7416357542419116,-0.00810977428974935,0.43781665965174277,0.023476071108219365,0.1331024838964847,0.4401453306953407
0.41815414731198963,0.33162839739440697,0.03717847137159147,-0.22920338685406882,-0.03500413111371836,-0.27135932154618025,-0.22430126110318405,-0.16175845296868463,-0.014802249716142413,-0.001433098106437214,0.8227529850099149,0.19056880660731323,0.0913428238636671,1.050023703223541,-0.2985223927700327,-0.3072272281670747,0.7603842242121415,0.5405041001760349,0.06845674537240076,0.127003586283994,2.0639177012319125,-0.005930359186020695,0.24126845051452683,0.2400882617646527,0.8885773071476848,-0.09806751281601933,0.9887935819687659,0.018115342280925262,1.6011967033690775,1.1844115194653684,-0.23526870524605403,0.940499307019337,0.22726823971368315,-0.2562636106800511,0.38310070125284135,0.27979224277205983,0.2875297339369367,1.586614705061713,2.6591924366624804,-0.004766233484499338,0.37338292981447907,0.8380172876404615,0.8053128022418479,0.0052842622316156,1.0645300564851103,1.1215651150917108,0.08188374465723047,0.3049094631057665,0.14106185583795527,0.39508617558257164,-0.15727935212954147,0.17354325595023612,0.1338478501199678,0.07590760366681959,0.16606736044225023,0.5326622625220052,1.0670784099490227,0.9475041769672083,0.09014562798112857,-0.22256841700148478,2.236496968956525,-0.29952234327864335,0.25581693585977305,-0.7239014265114583,-0.027634183224749087,0.15646456157093103,0.11218811329916178,2.6174708056306004,0.7973421589750069,0.39832487742349265,-0.01671931012505823,0.6986765049731893,-0.27962278738463553,1.6441838702083391,0.6422251861155002,0.16521862781995544,0.29113076684185746,0.027978412914801076,-0.18872574047050428,1.445534837599328,0.5691298050146409,0.4256398400464283,0.33937289577724084,0.021750109580549015,-0.027928707313844114,0.09602159081865924,0.9537311446984011,-0.16661269600041262,-0.06384104968177517,0.009726244712952248,0.4238380882893371,1.25269686339802,0.48510992438191813,0.6306508213247475,0.38551802992839246,0.04847106735910067,0.4575014029804825,0.5936220697849852
-0.8227496953565707,-0.0012285234642179788,0.013229309543787426,0.6973566761282521,0.33945574366835496,0.0039039044093449604,1.0275805180209714,0.8464498466687251,0.5797782726780216,0.5314671353844855,0.24798490526187678,0.6488307571364,-0.3111489504416731,1.4304692544266868,0.4646487987342436,0.23763408795513108,3.590975356847676,0.018772648461593988,1.6134603100862535,-0.42952900811155104,1.9677218610999443,-0.11713584667099575,0.2054779293202076,0.830796814521551,0.14723648379459675,1.3076139071214596,0.8951441457669116,0.012400238362197058,1.4661515692323634,0.5016736407549276,0.717186461398251,-0.5345488396071101,0.34624978835148035,-0.35037405074357864,0.25627069930479873,0.18789628065976416,0.2472473000230897,3.250963791544284,0.08760556406991604,0.07868269972377417,-0.007502675792882663,0.46719858670569003,0.2518227175042016,0.10649141088502967,1.838727695180558,0.6308291033252864,0.47252082839739895,0.3643402794919357,0.31009855468528924,0.18801588061926733,0.06272516013412144,0.7988160204334092,0.9799190311074923,1.373402648933984,0.4802538944002741,1.3853819128025888,0.08355194082757667,0.3580254878996847,-0.03483707612811582,0.6730937029749713,0.5081137194578211,0.39526144693320253,-0.30851076125055776,0.7316408913571077,-1.6144942113854626,0.44686093693798234,0.09482015953632938,-0.2609729306957185,0.9945276467971595,1.709866394689648,0.12449927359200874,0.24915869001716473,0.3149144404644981,-0.47790205095808247,0.05015982751445058,-0.13625331321235423,0.14934348664524855,0.2500520647086302,-0.07532260466085194,2.0925879280802784,0.8613250180331908,0.6718199609503834,0.059472401317660406,-0.07123722600334847,-0.16997082997777113,1.0356325279690273,0.16191358728189842,-0.33379540809360675,0.25936946704798736,-0.3066227401786117,0.9315177207383161,4.042053522151386,0.22629618166970467,0.14281027872422136,1.3687843204438934,1.1451277314189099,0.05485250192870339,-0.09292037807752918
-0.4673333914672262,0.1461824102333118,-0.2945057033316463,0.23724621701428772,0.2501812638707319,-0.024976962721637186,0.2432380454130878,-0.8298638561550122,-0.5347400802302325,0.05869949547989162,0.18758920960096948,-0.15679315700356256,-0.03016149298128301,1.6572227471872445,0.5364294345439813,0.024130145798517688,0.7474291376505686,-0.24620156178162045,0.5667265774145971,-0.017566530372262967,0.9446372629153679,0.6217237361980086,-0.06022645312773722,0.15884327553881583,0.17131780004426567,0.10224127366662561,4.585338087141119,-0.03561239524443405,-0.577047232575068,0.950729214213907,0.2234509669889837,0.14181803746832777,-0.03427007037589247,0.2747360629859861,0.4177806200686507,0.5502217732004606,0.22549947196459996,2.1597446857778615,-0.35013030584237725,0.39463980850918734,-0.1571970952592716,0.12442537082834626,-0.11031581328021023,0.3796053674127746,0.2070520125914328,1.0059124847516205,0.05653464951874021,1.536392776371828,0.17104660630769652,-0.17870960332411912,-0.009647703055973622,-0.007594409431949334,0.15441572958234984,-0.03274110843542477,0.04679834981380093,0.7006161375348396,0.2334254958016273,0.9371258712721193,0.05968625905342506,0.30373027384385054,0.09013693541552348,0.47296652192567645,-0.41561828497055053,-0.07582499150839883,-0.4143424174122554,0.21449136703743843,0.009491527333628902,0.09539151812690161,1.4832972282638135,-0.005776722470868023,1.3001618837124873,1.2470414512070196,-0.04426594297411235,0.9291946153599877,-0.24525648078204743,1.5942179337156963,0.09983434326777152,0.9265990475221941,-0.5937094958728242,1.6509419274740136,3.9006787730005943,1.106448246724657,0.2221487000351381,-0.5154608164893215,0.2982406938569384,1.0184282293817297,0.10447759172057491,0.3336167024362382,0.24716313069358442,-0.2709376047465799,0.649086743260411,0.023998550026274934,-0.08671560119352684,-0.03317179655288882,-0.19747375017650803,-0.07688225552896988,-0.22183790736035824,0.1368842311582945
-0.04205671980396364,0.018152463639300453,-0.003124346801795852,0.24820838524181799,0.003809527055989026,-0.17357736890385445,0.19016491098503074,0.18974128223039077,-0.2881892954323124,0.3323093253966949,0.2610255353110178,0.09017306910737899,1.0993542966345826,0.14776631645722205,-0.26253235902419103,-0.10291076998493764,1.2513307630848747,-0.016435616981433476,-0.025562383823987123,1.1603915397581073,3.9190271401475645,0.3955858198650457,0.22376730228507036,0.10425573021096923,0.12166259313735672,0.599427322369305,1.241167572203497,0.6078787577271982,-0.09214326407461915,0.10389103220610174,0.31498892225630826,0.10633472586359627,0.13396834683339565,-0.07868580902283373,0.14031393989051644,0.09139510981867982,-0.03987177133063424,1.7250418117254265,-0.045335049106498104,2.0286490211685475,1.0957363398466606,0.07426183698991107,-0.08231499416102683,-0.04811230917089082,0.36755278834750404,7.068732300321461,0.47872089390867556,-0.21818457645344758,0.8017602244118018,0.008485589371514557,-0.26424314725331133,0.6380606997828302,-0.1456217654796419,0.29408064972968795,0.15769891589745377,3.4221759503034948,2.483273633391395,0.09688140620770636,0.49414402496372656,0.7631864588024335,0.02079671004003325,0.22516378447602126,0.24796096791585498,1.124855528753299,-0.16161178832463552,0.4274303546311762,0.9585011749552095,0.11104415918747312,0.47234845912717915,0.5541772222150412,-1.118537074550371,1.871819028828952,0.14235815718395228,0.19520347459093834,1.3218705042587509,0.5985563321800784,0.4236506010285437,-0.44183464026488384,0.06122473079344193,1.9857460719876023,0.3732757863731422,0.16281615132666705,0.5086514044811103,0.2395091844940609,1.0985328955785691,0.3589048562384942,0.3284750204028448,0.1654504265463279,0.18933705515715715,0.2782883201764861,1.2213434850162939,0.033990154254093685,-0.05591133179975705,0.043252879033555125,0.28218504542315337,-0.3893571423055313,0.7376932089181176,0.2087472429515178
-0.07596771624426957,0.564017202870505,0.09587920919140513,0.176753519352165,0.058737159630008584,0.3368051673968768,0.7600420404419479,0.2326156138822042,0.7432728491501956,0.31605146870444045,0.3552565444533853,0.060040067081061466,0.4918137309830044,-0.20307518104276134,0.9858349416466314,-0.6899072648995972,0.78523742636665,0.4351910721345851,1.6063866304876644,0.17786155304047657,0.17542205361608953,0.6463087428529786,-0.07210795201556763,0.000556634268222389,0.16318048778441252,0.06653188096407092,0.2594389392900638,0.03984530553208554,2.516183003394871,0.30615938457056746,0.01110600503396375,-0.25125177340612126,0.10761694294580071,-0.37450760242101033,1.5128001142721765,0.594306629314366,2.5011652330181517,0.7994826130740016,0.40570709615779865,1.9751397080884807,0.8505630536405766,0.07612952217872326,0.5671991503694445,-0.08220798471283874,1.4126865433412008,0.1752021155696859,0.05005729085813293,0.018610633654800868,-0.31505396800542984,0.1016085769990358,-0.13256492730372393,-0.34171227480589383,1.099409096453488,0.3038128226544319,0.438835654757026,0.04200559608278098,-1.0220138413158137,0.9193194897129402,0.32737475963382945,0.01741072670241195,-0.005328022500552532,0.04476090494273066,-0.037714689587785344,-0.23982039639923336,0.12965377744608553,0.7306316261017507,0.2643686739774749,1.2672879710102247,0.21495293278322913,0.03237661181367102,1.1375697855479925,0.43082333872136047,0.39796193930559287,0.09361892520755966,2.55654350464701,0.20349268727545589,0.06663592270603225,0.5371010318286311,-0.05639421399239897,-0.012593410132044625,0.14817224429804643,2.0166024505095024,-0.04744777924767085,0.27193480805241155,0.268517867342398,-0.12059394783988031,0.3400623235612814,0.7679183288519464,0.1751844564774725,0.011380718664092626,0.0885848080868703,0.09934867274207182,0.5980792282638154,0.027526557303891863,-0.3318437265798977,0.05034710839538192,-0.22780156488326408,0.17191859961142475
0.5009319746931373,1.1982166644591699,-0.05657786711456314,1.1704531449181985,0.5640909615827194,0.15222560280502373,0.005934375909184109,-0.05432717008525412,-0.2452693132483308,-0.12855378525052075,0.9392860478631828,-0.11489304783376664,-0.01740698386224704,1.0179266773008582,0.32410430414888713,1.280275855567301,-9.12454906310075,0.7790695118347042,0.6531450743262641,0.0023466408668149086,0.5625307590656066,-0.15250529143681257,0.25971021940362693,0.18970178151385575,0.16100221362904366,0.4373392045142719,2.709263861701243,0.6361577550424578,0.5567354469379318,1.4045058100777315,-0.03419131077634319,0.05298735675112054,-0.45876521209298415,-0.10249599376653862,0.1354311007686091,0.8338204635058943,-0.34762409300381325,2.076529545559899,2.1647984514991263,1.7370299039153148,0.3173142933478763,4.028280236415916,0.11497659262917415,1.4394669132204063,0.7605199452078004,0.735913940870069,-0.002041048333233597,0.06394853505417464,2.5508319510968906,-0.013055535503903926,0.10737589326370944,0.7966326441290565,0.2816498147322166,0.6487339715539377,0.00433240765858578,0.8275445486977855,0.39872254067525503,0.17085192405721195,-0.02356181302675786,-0.15536325267146545,0.6911630492741483,1.4122115871100132,0.6315089612920124,-0.17432792924010565,3.376827603733859,0.9068615335246779,0.365949348187252,1.61170587679845,0.2847574457378461,-0.053250467334882146,2.6485933008167937,4.1319148893920925,-0.023496275969309366,-0.09507278816809395,1.3434939475998249,2.147927251993046,0.1384692121490425,0.7069638193294718,-0.1708325719174515,3.355326003163916,0.4831001437858724,0.18850628081310283,0.38886365887666763,0.19554604956877153,0.27256014887386826,1.4116130778725005,0.7132702569737894,0.700299243779174,-0.31684089393568104,0.29385630541575125,1.5011091618860029,-0.005624286246855625,1.1147635503509261,1.0827531211962844,0.3657123594345961,0.005628594921960328,-0.3201719151789435,-0.0631275599909562
-0.06226944033941617,-1.3863306296770856,-0.07315802765039425,0.3720362533030781,0.6043708575239606,0.12228766254109846,1.2058637818849505,-0.04449158358618632,-0.7658995125329873,0.38874063705616724,0.2596960003533635,-1.6736977655551977,0.21940825755855453,0.4724574382860638,0.6426334980096344,-0.5768255332494814,1.3183804313669487,0.05113286478846568,0.06184230781037314,0.7104951908643367,0.41009491607288595,0.5024074566119201,-0.0687787739496617,0.17077401913019985,0.06708807644949255,0.36467243506103486,0.7939341171685972,0.14017691664573473,0.13035723774078267,0.09292523849497947,0.16248059118962255,-0.051307094223802974,-0.20156501633587842,0.3501080665912637,0.6360396791523524,0.1174219404210799,-0.00013321231790364152,1.535349649570179,-0.06210665387729808,0.3690920223947467,0.08935142023148002,0.37479967241080736,0.2285930296249825,0.04899715069815347,0.5055514276847202,0.9972427119805527,0.010113413917360425,1.022291614500615,0.42935909704290687,0.03363273547373291,0.5785637276538989,0.20720127721073922,1.5037013361490623,0.031393491451799704,-0.16240694088236385,-0.2832900584423599,0.3048317849593136,0.6218616983339027,0.8490517457852409,0.14352392706024464,-0.07579423898110482,0.11870078572218024,-0.09515613655875921,0.12274371566872633,-0.9930993248504478,1.2330924173983013,0.5514961170940182,0.05017642498767838,0.7670639547060398,0.3814638117602023,-0.3291542206134359,2.670516963711778,-0.08325719165369616,0.06996822072037645,-0.019192683321022308,0.03588836487824798,0.1430588907901429,0.43045916252348526,-0.3214647379711888,1.0113939693541552,-0.15364781080165102,0.9813697185882795,0.013898150674975795,1.84868411602144,-0.06304306340196675,0.551749175634134,0.4688781298525697,0.9223040194893315,-0.31718448467004734,0.7343489931658826,-0.0035015330641474662,-0.09601198724858673,1.8316373173164564,-0.0017642181344750263,1.04470533786718,0.31686776065914346,-0.20051759595586915,-0.04971643192352104
-0.10333072305716318,-0.18384471339815356,-0.030991164080864664,0.33644309601123057,-0.09228333779676223,0.09478949039935891,0.010581108771531511,-2.534052824931287,-0.5371885955496287,0.6872907759381519,0.026886844976298674,0.05200019152974722,0.07935818329341959,-0.0245392257047099,0.3632822382985408,-0.12484617336980897,0.28618369044014935,0.515230111519621,1.165163349166999,0.6819069913989697,1.828770157913632,0.21153789711424675,0.1317830113762497,0.40694566827627554,0.30838149219404,-0.5613944171191232,1.0662127524261171,0.05661003047405888,0.10313151790441033,0.4664797646732217,-0.07132606864030944,0.3246837932365896,0.1340371640732192,0.2782977898295167,0.08267713815119704,-0.36471288769438637,0.6030126802351887,2.2797308287928955,1.326015791587467,1.955442155481105,2.2974348276965273,0.38201936562696126,0.022917594509256123,1.0080465884846799,0.16028209988300013,0.03205647147756352,0.02682318972457498,0.6911193497803687,0.1256658903181891,-0.18902236132045402,0.1045164913827481,0.8161219492915066,-0.19496971029572618,-0.017986132914089126,0.24380526963374471,1.5336863529731293,-0.31727726412522195,0.275196468414066,-0.03186335052434419,0.14945104227841233,-0.0078079357923444,0.14790426762935915,-0.10439611920090286,-0.5764502242853222,0.3144049409778962,0.8062150896138967,1.147894794835274,0.18348567377299707,0.26920916018384444,-0.003079358806729715,0.0015241963679386572,1.818816784771009,-0.14245510871533362,0.5294678565312818,-0.1747020211197423,0.6701632814107494,0.4233913997631582,0.04774456198927002,0.014879111651024068,0.006773300993596187,-0.002448339438015701,1.5597038007344048,0.2498111767038953,0.10024840772991217,0.31673410282004166,0.07727915993637424,0.4140063143027888,0.26188462166763493,0.5235868071051009,1.380777371184859,0.8476758773375024,0.017034363861391455,-0.07094536301610654,0.2775943553985254,-0.307409400382344,1.0439890988618572,0.3286556324279246,0.0458054817279514
0.01839494221265192,0.02437944203037956,0.037134366295526355,-0.07247366808410582,0.024070971722582435,0.1003172111380497,0.4166286974537421,0.045664792379025876,0.05531009846746171,-0.02849177264670022,0.24141169894448433,0.47555090700391744,-0.02966635238018256,0.07584235747858692,1.549061419726283,0.029194834485378074,1.4182795151079,0.10841224420048245,0.1862793953935893,1.7510692520762916,0.6189128166710294,0.5294403861725856,-0.03285259199017254,-0.07613793699361615,0.6751278874779532,0.16728094520007453,0.8975194417287922,0.9898245689260241,0.026766629294554534,1.7702467948297675,-0.1721410390063114,-0.6588799204459939,0.6188704514489354,0.20547267464282504,0.6388735765278009,0.15044399957297205,0.3600531932143407,0.37944321237453815,0.8413550994824015,1.0182262080975741,3.263263645100742,2.2879834235650147,0.20888968793165308,0.1576473142502377,0.3404831038747589,0.34049123318474894,0.06847215156773467,-0.18840110025537182,0.6953072641536919,0.24469041017338533,0.27777967067094966,0.6197562442873741,-0.04525704304802636,0.3976834805926579,0.2907797316591365,0.3723115588059205,0.10449927083922894,0.22322189340651732,0.33236438534678747,1.1834831721098151,0.36016563053650774,0.3898184310968018,0.8587366075946345,0.4809065308633649,1.1936652780154917,0.9129808138319868,1.7134460693209341,0.1627751053061135,1.3694100880967426,0.5022528113931868,1.3723633906643897,-0.049317619604483554,-0.00013210554262244045,0.036591623929521866,1.5648657503795675,0.7004527356081782,-0.190501503052658,0.4421692383417626,-0.08211451722939156,6.947772962453408,1.405014379214058,0.11237600218607735,0.19688497735641297,0.11572238164295978,1.5991478965987902,-0.00035444546364882257,0.6514662076732325,0.193023543865257,-0.006689894014733078,0.08472727325270135,0.28437781630184045,0.903879491782595,-0.12610553130282387,-0.0060586092632677335,0.6768575863484889,0.07813758676276628,0.013900089100311597,-0.036789645810071825
-0.221225601025548,0.3493189481619883,0.40823820883901885,0.007397814628895993,-0.012362974839140062,0.38572234322142585,-0.19261112331275676,0.3309562707930205,0.7905218521461022,0.010099963563369396,0.017098278554597002,-0.020932342635026746,1.414665339431612,0.06672774302051909,0.3338066340615873,-0.2104105221994219,1.5102584300543045,1.359723833372227,0.12635770358947473,-0.08442848286924143,0.17227611443126278,0.04492582382367605,0.21132219120380658,1.5149957564655239,0.12117621258209565,-0.11576230132460541,2.7846086985199694,3.3027191624340984,0.6891836289103672,0.11904216050717942,0.09094845242951011,-0.3755045993263373,-0.3581920992202843,0.7513013536235778,0.08323048858657334,0.29563770642070386,0.20751562638932963,5.302043038319341,-0.0651636781743421,0.3923165084174416,1.7412370791918654,0.14628515742239445,0.3551888132355723,-0.8765615154429316,1.6510865858214512,0.9120255239093074,0.4845300680936049,-0.0797493668890823,-0.10618882782780092,-0.5466350703355176,-0.005774715473946035,-0.007848316762908425,-0.2784547154914052,0.21376262152813164,0.3058885839419734,3.360576071781125,0.7400266485060909,-0.18720718963323701,-0.25233888594576026,0.13604349262083737,0.07334899468478528,0.403718589867224,0.13900071442368667,0.16751658448408335,-0.22928246210309666,0.10645394459210689,-0.023741065306634113,0.26593288824313044,0.5686678214247332,-0.505293342566631,0.38883693999141045,0.04859651093641926,0.2397243793890893,-0.32888925533131985,0.054528298945502485,2.098289560387543,0.0031637196005456225,0.43827411529787863,-0.02338125943244007,3.1162467300369343,0.1252312344020856,0.6133129154412806,0.5383820308376137,-0.09190267571758604,0.505958010877066,0.7902753757417389,0.5256441281285049,0.06074611196589341,-0.019780267173362454,-0.2087882145519302,0.5894612653786542,-0.0052088646895454005,0.022966471377408038,0.27472618252549363,0.009326532959041067,1.2834575095848741,0.04592092046426899,0.09354938691439241
-0.11999710841215716,0.23373411401298405,0.006469777009330491,0.18632536949757217,0.428745608374423,0.43070402134072516,0.26383930305348,0.20913010205190297,-0.07542982487936678,0.817025630680269,-0.04112165084023989,-0.03562822210406047,0.08171006254486901,2.3871090055656055,0.412807832908781,-0.05457987426974942,2.8923165913154323,-0.3049081249882537,0.5314292489614241,0.02151551044170308,3.223324284291458,0.47249676795633455,0.48983081983941723,0.7175819370721728,0.09250153441548292,-0.38389075425264263,2.0364742169041707,-0.06599696125970445,4.661339045681149,0.3577421011548827,0.04960205139834306,-0.2251971602590217,0.6043496138422659,-0.31445442758686504,-0.134856166176883,1.4490331571000077,-0.10887071681387894,1.1972451533546042,-0.056406247560203404,1.6852024556715106,0.7674006453353366,0.6687636794502483,0.07706330042030984,-0.1757768082158453,1.1308992480794764,1.6360356580642668,0.6943478309197033,0.6710071447528252,-0.2967657038385263,-0.8120598867609168,0.18323835078580686,0.6553343578953319,-0.04009714724803182,-0.004748497828729548,-0.05551877752842049,0.5357732355599261,-0.15905924212723832,-0.018520073818005578,-0.08009383862347708,-0.04507491385497797,-0.11134048719857237,0.9095594487317915,-0.23919418536956094,-0.12761206340588238,-0.2354475883558429,-0.08094474773467031,-0.0044995355619574795,0.3814896663139291,0.4489624162360828,-0.3192968991770435,1.0067567728950184,1.002835506147031,0.3796363144331085,0.08527695496076859,0.29358910603714516,-0.02966002869771489,2.0681374300444544,0.19395010468734197,0.13333181050712728,1.5428185029955808,0.17178144294729858,0.35351401119533943,-0.17206484952330037,0.45543851532389823,-0.7284057539460793,-0.0341662906727791,1.191503927115182,0.19738510009603427,-0.10932296143804976,0.6440192696324498,-0.3522023086280819,-0.0008218562147481734,1.4109417238047657,0.25381160071462494,0.2813147696095666,-0.03178626013198382,0.008429092464248722,0.4431678012798528
0.0676411527798928,0.09852551743146565,-0.1637833564717317,0.15385533757494407,0.30329778175231237,0.013230273517696567,-0.1198027048242638,-0.11321176768192398,0.2448033571612318,0.1702946197993236,0.14721460320870872,0.062484287617216694,0.015527615888909718,-0.07751628308827918,1.0878270228741593,-0.34598294987702083,0.9123496121651655,0.2968518152923352,0.16901656071672022,-0.0619497010947061,2.9181969678811868,-0.35192092858554247,-0.012589569543081325,1.9700944965747516,-0.176552498745572,0.8686784905023828,-0.21304632408364643,-0.002642295722921517,-0.023186895590844525,0.229179607261071,0.6066481407623798,2.4875184497460516,-0.22326254021601022,1.1972087080330915,0.19089480801490688,0.37720680235894744,0.6858162986361638,0.9752915085549212,0.20793968968684595,0.011406947777370391,0.28523620801201144,0.2848058672424889,1.7555523473290613,0.025347998368053126,0.27819607321943884,0.6768689997053023,0.3077935286063056,0.04652489330018117,0.6622112032305276,-0.011176373915085414,0.3101410058780667,-0.1925128738260451,0.7738655911397245,0.05754671274145595,-0.08078977412792643,5.782567445214731,0.389480167660226,0.13174644904361976,0.156102312526885,0.19830388678719935,0.06523929746576584,-0.005219640937562442,-0.09835313862443407,1.2933649573223578,1.244478280590446,0.05742172782890842,1.704733702138622,0.6469522028866752,1.199346184708273,0.3359138962654722,1.8961814139608366,0.6741133973553728,0.12784374090237982,1.031713578255446,0.0757393813059406,1.5888770438450308,0.0066476507302892784,-0.11453802964469695,0.14609434023267376,-0.14778465701497723,0.23418806843810014,0.806179552924629,0.1233868144677217,3.877617333680867,0.08818611231056162,-0.02567348606994635,0.824882885428881,1.2717126232797331,0.3552756205883183,-0.05512923532299219,1.0632528224983107,0.8161839217727564,0.11359488799364614,0.016582449589202852,0.8533804651340224,0.47322964421563274,0.5066221740317705,-0.2946491417189332
0.6666087468572144,-0.016636273556092096,0.0014612785582510668,0.7593756732395223,0.04129955130120999,0.513982352787957,0.039111946007658105,0.49404810794787757,0.219138033673695,0.09003659991740776,-0.2781639842121413,0.010802223310768966,-0.09818545075139351,0.8107903142402941,0.969301103015046,-0.2157897068467971,0.6876469562054361,0.24175807217921363,0.1773406320011659,0.025398067483960673,7.667620729110328,-0.13812740723165007,0.40292482148824327,1.257157707517755,0.1259305255388874,0.8607798307223051,0.009887837041098635,0.0812823578619839,1.1050911113274493,1.567614705692347,-0.007559755053707651,-0.3959784217278628,0.4557634030831048,0.1748186025421834,0.36610530469846925,0.03704805931065991,-0.06478077456413,2.4211738522412602,0.1439097159687277,0.43293528554247196,0.1477534851945288,0.22088693429580974,0.05741544498642259,0.08182738377339405,0.6637930944472119,0.316564760906866,-0.0023281092334794806,0.3326448878731707,-0.1953441826904787,0.007134601955130826,1.5210060627544024,0.6766080105709946,0.7456061260686173,-0.046316303450994134,0.03356673044891423,0.6272570319958204,0.9563575549968126,0.35520886547839314,0.930843499850952,0.11800358629913088,0.1150001246519361,1.0861062807511352,0.011013117440252351,-0.5013026044128877,-0.15906695950632255,-0.7490252109135556,1.686816515180567,0.488547251157724,0.2706463220440467,0.004480979620427927,0.5656487925407743,0.9402929302693277,0.03245375632982084,0.3181884076004655,0.013388036643012136,0.9935845172596602,0.1681087287627676,-0.3234965848686615,-0.10925809025821609,2.099036593200701,0.9184968159051223,1.0501301592643912,-0.08948346240029004,-0.10106329468999764,-0.12647609795821602,0.05350246831081318,0.27050571541585366,0.05167041014888607,-0.21162763407108454,0.11947385022101864,-0.31409697933017355,-0.00027053580656399845,0.8452523939876135,0.3388580906782406,0.36957461209741815,0.1539384677950295,0.06039513400934604,0.09321732685811646
-0.2347773987299595,0.30824144874852166,0.006100012984544767,0.14941489791339357,0.1181967885253643,0.24165920216285341,-0.013501714225761408,-1.3140156003021746,0.7227175266998938,-0.1496567737011798,0.17381131167950858,0.7929402525421541,0.3909247804879965,0.09335810067979011,-0.19097926257108888,0.2735645551269359,3.3724380614001728,0.05430210664565305,0.372276399210683,0.13636667448425843,0.23454270965802504,0.29151657693915256,0.506833792367698,0.5901376510980523,0.35468259671532465,-0.04421781154934212,1.1336716034944114,0.39689607442855035,2.3996593618908655,0.2972197790024049,0.24126897075860976,-0.16177166658225417,0.177395531550951,0.223263514324195,0.32883265916970483,0.2610651311986958,-0.1366777538849604,2.4367202482145203,-0.7250305219014663,1.447529661103495,-0.2628310019768776,0.33940641912763425,0.43526272820835477,0.25832716481522633,0.15000627272195466,0.6109195479624905,0.07027917062135769,1.515736166541302,0.054196535527739176,0.013478022530782674,0.2072474904947761,0.45224420843022717,-0.38732096962951434,0.032788400744361734,0.9225967281574556,1.1898050113740108,0.03322428488757412,0.6050259739715367,1.6882920042542517,0.0402159558874704,-0.022837338823879172,0.06583024525407222,0.43737597033567166,-0.48507213245521363,-0.3013239497489071,0.8412890837929741,0.49998722724169475,0.2918297806486243,0.9931592967998792,0.2568347837122902,0.2899367093375247,-0.27010113788675305,-0.05458688648612853,0.49844937441284287,0.34193196810781945,0.7357675370638286,0.5109873695397313,0.2662121242575104,0.2554804540024822,1.032141592173776,0.9706970808178532,1.4492420820755836,0.09210828626187251,0.014009065944040167,-0.08567974305898307,-0.06053193973221749,0.4241409653838506,-0.07074497597760221,-0.046966547958631644,0.4498031573347081,0.009856274504949525,-0.035833878365678196,0.003558282570257365,0.18541760354312187,0.3438193080936722,0.8010621030483813,0.23795405681385962,0.16745858495094224
-0.10707104624279395,0.3574262089498177,0.32186316465956155,0.3597719024436712,0.005526009142763133,0.40478328135760844,0.27084172010448526,-0.01895736406512194,0.22546524856243133,0.2964066576366289,2.004302557575123,-0.4840610723143488,0.29769359908998894,0.1299223213854135,0.37822685726321525,-0.3733898603310557,1.4280421238463221,-0.04793338600810948,2.0740639891344346,0.9099235343415577,2.668771706813555,1.254764049255856,-0.03499063070128994,0.4949446684106924,-0.035307529123094206,-0.5146161356063965,3.0868837485349694,0.37032325931858745,-0.9257111124882256,-0.7287571918266629,-0.05237121391517152,0.4049224597405736,-0.2258622966910835,-1.044717269995913,0.04402692685760545,0.59253002222699,0.09913836634228357,0.5148367117858044,-0.2820701467776914,0.7046948667513115,0.19836308276941583,0.7292350086299946,0.9563267699999782,-0.05167746217610958,1.7082918841810084,1.4207236941156953,0.0022814500004533222,0.25488693815612606,0.33722184707614744,-0.06827805587063729,0.20172436135006588,0.7202428145412121,0.00420689197338131,0.0421165882769623,1.1894437393433606,1.4317520837235644,0.04720541071660378,0.06982881127072282,0.7649309219170828,0.02610166254264179,-0.11328691690544535,-0.1859028286343669,0.6278114899408234,0.8263431448143193,-0.274918241967272,0.16808251946639174,0.09846679048061535,1.7464566550991902,-0.23901029737806745,0.11920876355260868,0.4613162985298018,0.4206343872589198,-0.013225093770321106,0.10155774720621125,0.8934647916065455,0.12310436002811143,0.0384199189193164,-0.6465283317706634,0.26811862562392896,0.693405106559104,0.5617050517313267,0.3449140860333344,0.15280916051306104,-0.3645169949392395,0.14724698921904622,0.28523601332881077,-0.1440084647004607,-0.1340350260593488,-0.059498474686000336,-0.0011093814961848913,-0.14370966968179033,-0.0017348581450500333,-0.058935880277390496,0.05372064761242701,0.6407648711717,0.2221600488333868,0.01050498608770134,0.2161529760240506
-0.028734660656115185,0.26175935992734667,0.2981522679521502,0.6546177374082456,0.2436010613284192,0.18344387297365117,0.17249364440257597,-0.13332177753548002,-0.04999963071253788,0.480750579525155,0.3050881765117919,0.346054939376506,0.4373396897980508,0.3142122950513857,-0.008232070292514049,0.2091977568972898,1.5674409291889195,0.49165538370157424,0.7948229468103092,-0.1028482953927714,0.6784093046889659,-0.22677098558153563,0.012777519474874044,0.2204835310229214,-0.011931037077467899,-0.8935638043891991,1.194562284833312,2.739017391916458,-0.6742383227712354,0.7853685895364233,0.6790572199417051,0.25305207519072326,-0.1292525591092284,-0.10486480709347834,0.14870125035878612,0.25888838722579344,0.05117583254854896,8.43548225770894,-0.022419721659614922,0.5144356689071579,1.1838386561660252,0.6370882363298369,0.38001635183914395,0.09317714964721446,1.3359728617372948,0.7220288310675738,0.208582146032521,0.986612404623961,0.2656393384125657,0.7011509749385887,0.7055050665279126,-0.00946635319500766,0.4443491172609271,0.5761667860141202,0.20553939543630273,0.11136788590061597,-0.013889248473897275,0.026689206519435515,0.3982011348010186,0.23168068610604076,1.068458373726473,0.4632581943030214,-0.4468546196376426,0.03245331475839919,4.278247021519071,0.5568737473452261,0.24738935616839974,0.017004027596116078,0.4977939832298275,0.11977776062132639,0.010974212849275133,1.2004767714087041,-0.08279810283254196,-0.36414576229016404,-0.22406746653866527,0.7285699732391029,0.3621773499766521,0.10174592148091044,0.5666566993147208,2.8103252077103846,0.5512239217547208,0.8878412630781005,0.20699818261405412,-0.29219147156803693,-0.06874547915012386,0.33060161517608266,0.590436035939832,0.010748248325436194,0.2515854294665747,-0.021079796263967054,0.3391407914759266,0.38253077008206793,0.19623399875006742,0.00012804533776034077,0.6501194718807977,0.04269897069694473,0.0009974850169589544,-0.1484184204788006
1.310149649162502,-0.08553219430502113,0.021392864941842227,1.0660873583126973,0.15603007292813942,0.045654637846235246,-0.006519498514639288,-0.07632660341687902,-0.02552497958259803,0.5538190344566192,-0.5677389953865744,0.6126461431180346,0.2314853807432371,0.37496918957072456,2.9745567069763474,-0.43751375540172255,0.42799624244870804,0.2554920038265376,0.02556063585774737,0.5673266057159232,0.20927830499601807,0.5151748951881441,0.09714533179445972,-0.7544759800376557,0.19814539018325572,0.4070568037265776,3.257217065335386,0.6473826220389318,2.195846843510086,0.19937884554238328,0.4849124180162061,0.2974970425861123,0.14391090531470896,0.18248147910175572,0.1409493330055045,0.198028265259647,-0.012413698249222449,-0.2511203633593726,-0.3023193361699317,2.1263485642325604,-0.008331677032511031,0.6407608790347492,0.49317922643057477,0.17772302362405945,3.383062477334035,1.0395590029456763,-0.0006869480035032183,1.0933399875004328,0.16282581391693718,0.1653695112668867,0.04616060594859839,-0.26172022582639176,1.966684116990721,0.008459357021223468,0.9748005970284739,0.47815787489823425,0.39803115338608475,0.2694137664609064,-0.19760449010032488,0.400803409907982,-0.12834652237593636,0.551160406687444,-0.10030382170765861,-0.11540291391951385,0.27400119489310804,0.22772096388873564,0.14291070617616164,7.427077719996939,0.968592861026206,1.4693282042775841,0.18134403444430092,3.0985637846463696,0.038751333039625635,0.6425056439106163,-0.0007867034923121352,1.0133515273142129,1.9194160936058617,-0.17860200917957236,0.6220863821001026,0.05404407074536888,1.144666777857144,0.30600608293853426,0.17504685067889625,-0.35966409016588585,0.06298681617796831,0.11545123756330344,0.1823143737007955,-0.009950911187629252,0.23858257037778685,0.3511496792944824,-0.3269584010567037,0.0034873308316427654,1.5245621245059882,0.16480632789074878,1.3110928710311835,0.9335469412964361,-0.060470020726995255,-0.028462047936696155
-0.47707865809406913,0.12687885631314888,-0.04409274165533317,0.11283345915997689,0.7721552020750764,0.10583525578806485,-0.09455418385032743,0.46102769894427453,-0.366404326304945,0.07770021243419567,0.4105548389117821,0.2163700651547691,0.30492258719759224,0.5762161305358253,0.268086471062281,-0.00835612532032659,0.9379612394455425,0.6756141565864313,0.21419858876688558,1.3483156049729583,0.9598689139366301,1.2083673808829758,0.11789941682615357,0.4757547629162424,0.3164488694925067,0.05157755028072408,2.1092349700484148,0.1921209486323665,0.023650654698030404,0.1579426865177047,-0.1732103606519111,0.5662814584445197,-0.006111190447556147,-0.06338995203507114,0.3578752308022608,0.004236556000773106,-0.16292995012607925,3.4520827131438523,0.9246928955922868,-0.3595468052322204,1.0955820937298384,0.2579345270642399,0.19656778150709253,0.2497671662786498,2.0764756659384913,0.44772285078239626,0.05168380389756155,-0.04468569566071512,-0.050525324279067085,0.08282502183076446,0.1786653998214871,-0.14767226780070342,0.007909289122680185,0.35712741778565693,-0.5446581844838967,0.5522054902162701,0.00489402942694106,0.16568576673763413,0.26986057536140784,0.28769404064949944,-0.024591484095018323,0.6739854716954534,0.761625533029564,0.29212796146818665,-0.047229832908540104,-0.08860524415729731,0.7659391646963885,0.5766108418146363,0.7852303294889511,0.2591159948999999,2.140594088235459,-0.3789223098739374,0.0009820880127811016,0.616100884084303,0.028355874665378256,0.2850501735441404,-0.23466585482688762,-0.4744426114038731,-0.06060082137937561,3.0580213115239303,1.1576856442177696,1.2754686790987844,0.28505281129177007,0.0606680700444322,0.4387295646310836,0.5288495007163547,0.24197566939600001,-0.008020076140869747,0.14394044195035516,0.1533647246285441,-1.2035292414705951,0.012415664739152454,-0.11137398798537212,-0.022876414508409937,0.7750975673153402,0.6367409635908405,0.24423340049448594,0.014445841491158351
0.12451841806751185,-0.025055442637392566,-0.04145704269005268,0.9525097730326841,0.5348935036692835,0.08098862231697446,-0.00297308868541446,0.16292589248686085,0.10769327912030224,-0.4228251042711406,0.4610195562067023,0.17457699092168788,0.5923777042837752,0.5456269344020273,-0.02353019612651641,-0.0106879344496571,4.404389124848055,1.0674968986267883,1.1505146946555538,0.09803540996897642,0.8623470906409407,0.4074011219125566,1.3523665361922852,0.5914919493750936,0.42802717107812027,0.08964878236678686,5.7901979335583995,0.2054004103295437,-0.2935007206025897,0.8830661655652996,-0.23448297376936988,-0.19002991004298764,0.2635900997901146,0.20445865242131056,-0.35179493598975764,-0.020112896504277167,0.23338061265779597,2.6347826183615757,1.029296814671186,0.30572372856801877,1.417292216499912,1.2896422287920117,0.12016141335906272,0.24294648046340672,2.7189919209400806,-0.2306706701811687,0.04053995618723594,1.0122154957471983,0.21276326439448834,-0.035810213976957606,0.2607090053248591,0.5069353619718289,4.264214873594138,0.6014934931376681,0.30149297270083597,0.9085224031657031,2.6493354971017364,0.04325089418109762,0.6917412226715598,-0.06713190227290511,0.022467539391683555,0.568356047173137,-0.2420132323016535,-0.2631627143931663,-1.0294217753334287,0.2686774239269103,-0.005220898493078607,0.005448458099682529,0.4525869349621443,0.4399195044066495,3.3464879988129574,0.7196169281408702,-0.0923843860432374,-0.16507433248432424,-0.2140992990775894,0.4984234280021913,0.7419888988781329,-0.4034851957772565,0.1039651115386242,0.4736048462548097,0.4282814503429293,-0.03835307664897325,0.13772344884278942,0.550714689021401,-0.17063847953158628,0.3908016137054906,0.08104208105023325,1.9744062160124454,-0.030790264283425017,0.21485410348679634,0.7842914260873552,0.33610994164720687,0.8873791302471643,0.238335295073977,0.0820163015556834,-0.03829299663832719,0.10609808865170134,-0.41511596198885403
-0.09110205438232377,0.36775606985246867,1.102493420839136,0.30496382160542757,0.23574232218422742,0.026108949304183504,-0.08478842727084324,-0.18373731475550015,0.4935621145167639,0.34774034434333423,0.3924387320011,0.21600418205183658,-0.17902109273853783,0.318621433743433,0.2215371744564223,-0.040231906022313524,3.91226250814739,-0.08911517316959605,-0.09144301524701692,0.9836879431754761,0.6939403464386329,0.9333100453065213,-0.16673467410611043,1.0525427367284497,-0.2594555080567469,0.8511977232870276,0.7142972322547907,-0.012845643875395218,0.6557951252705596,0.08806110893358143,0.07075573938877922,0.06276566425418739,0.25424532656975085,1.6716563625294256,0.5285524755549194,0.3403769905907268,-0.18679224005281547,4.35439639499677,0.07175825659701385,1.292557067550459,0.43494325829337743,0.0895084772361372,-0.033782946880753784,-0.1806116948035168,4.0374351291857735,0.8877122151502839,0.07039865535204681,-0.6607364563447131,0.08424779233711144,0.18464327914441192,-0.14670592462485565,0.46724246015937343,0.34748609392915575,0.6191840501257166,0.39067829164768986,1.0098528923960295,0.37883093114512434,0.26380663250308656,0.19332838372655647,0.4208001482880812,4.118526739939918,0.3372081940008407,0.27882746374862233,0.583241990276929,-0.08837364843008721,-0.15051767430183283,-0.011702189040262212,1.3241604188093046,-0.2594009521724061,0.16783058757706915,0.009221561888456797,1.34868832422136,0.5820271711446665,0.2873316318516581,-0.2832837426619257,0.10348716400767133,0.954197124878128,0.47747682278091563,-0.13237054410898352,9.570587984662398,0.19510232052551135,0.9058986750722493,0.16563046610703047,0.36825266564630343,0.11102998548683862,1.0544518754049426,0.29891568719458217,0.4072578658207635,0.22979124111715077,-0.4990413857889422,0.9084622600375587,0.029895290348001424,0.005758040888220961,0.1251167777328095,0.9284386742426136,-0.06957128698096149,0.03998752565721064,-0.12030066897380554
-0.09052191518334407,0.611718482146292,-0.039782096053618154,0.8250890352242157,0.11664530337777901,0.6508768208661015,-0.39070015932308255,-0.9212538940821879,-0.34155136413238907,0.3729782471498271,0.8329481916623251,0.22749747682522248,0.07823663556185112,0.06647039259636411,0.031235329471090978,-0.29613323158480753,5.28759917498888,0.20497986416732328,-0.1206687075311863,0.01885031846633467,0.31606888064799943,1.6641216643758838,-0.35786816917527986,0.566985385958442,0.3844787910127243,-0.00047562407273460394,0.015343076843383319,3.9886322262042224,-0.040918935381256016,-0.3055410026347376,0.10210209275250515,0.9034123610417515,0.7661501621342639,0.3139247008806265,0.5524039294231677,0.13927741553959372,0.17792887029226012,3.238871985497492,-0.06473925339630782,0.444656257149151,0.18700470357064347,0.17460638082048163,-0.4715577350062681,0.2577328928747651,0.27625391231536867,0.13846382771823196,-0.006047881311831205,0.09336640495292725,0.8731362653501042,-0.2664877021529577,0.29487496137436064,0.5675219275006107,0.3575225829134214,0.03064973882794053,-0.23655148898728662,0.32544017406824377,0.02386675771308777,0.3850333036076172,0.7032884497058847,0.28592076056621263,0.03677839021514462,1.1307147033215292,0.8589455775942803,0.07604231271531603,-0.07931281173569715,-0.026593286403172378,-0.06834222948754487,-0.13872833861640155,0.13211977056802837,0.7270511176253418,0.12479374843328639,1.4008910518756341,0.08322786486865841,1.0999649875991118,1.2813596262803513,0.6918461043974182,0.34181934045011,-0.18944816362999095,-0.2543243647094262,0.5286100903132898,0.3979126371599815,0.5128655893419447,0.4761541187631466,-0.23777289059125728,0.025476342113664785,0.42749665477601173,0.030654954280603164,-0.1041686293329862,0.036549220367298574,-0.10017524851356718,0.5427261752815582,-0.015972462287389355,-0.06560481606232527,-0.005594613917843105,-0.3835718306714764,0.019676140060483682,0.13281687905431028,-0.04365637216091911
0.01020025093170851,0.47738078999148925,0.02255552938043559,0.5318922853414718,0.4853744873310868,0.28033240012316885,-0.06989179258030287,0.404914818318872,-0.22935712594034996,-0.1600219204457729,0.36783182968772943,0.36155088126925783,-0.050328250522041706,-0.04717755710160976,0.049813306281066616,-0.03996349480384165,0.8314109048976266,0.23873022415626188,0.29872349868900994,1.3590047446779998,4.070156819872007,0.15666638002051103,-0.025931784932004653,0.01278975774451041,0.030767998584026568,0.5373864900285366,0.9259297260399917,1.6541966697176704,-0.5602725819039396,1.3937244329083542,0.04128929316129959,0.03533674671488107,-0.12827405769450895,-0.11414197191111963,0.23222991147023286,-0.029770274051722723,1.0754541756355174,-0.2205181523933808,-0.25402574039155645,0.002169736380619458,0.6558912751495916,0.7835248337281637,0.04216301771022346,0.7293654366596041,1.3104262210680666,2.6631905575792203,-0.04613836012904482,0.27113871343692786,0.375647723650812,0.03821006391371906,0.2974193212195231,0.27568460326999356,0.25572362469354726,0.26857990817649213,-0.061833636961249994,0.008946959133431687,-0.08684883782629393,0.27123631551599026,1.496739172504757,2.1788530285552667,0.23366451667813304,2.4566236953440637,0.9706085435629035,1.464183062995886,-0.20398793432492646,0.3964901348432024,0.14621748879658192,0.5877724271879905,1.222840596801829,0.24724631994226165,0.42777749889362227,3.001603277412489,0.10603653953029646,-0.13798820354982366,0.3100667139649471,0.16627257057181577,2.005718078397802,0.8692070721533645,0.2686840059068798,1.2360629410500832,0.6384488587802224,1.0502023062724515,0.0015903568192268125,0.5797062074904904,0.017045850136501173,0.15258092817931956,0.49711502698733945,0.21530960043706493,-0.23479164981201706,0.19089925422737997,1.1534340203090334,0.06982555590811934,1.0254287393897314,0.007923225334932837,0.22101176662889976,0.8919314657654329,0.1732868827204701,-0.03131648663370523
0.4076593624745817,0.06758536013218164,0.14090607062495764,0.6888485110717406,0.5541704397452589,0.6348429708550221,-0.02254401415456586,0.7294756182246749,-0.3384382168482585,0.2671572363076944,-0.17252231552068675,-0.175074530819602,-0.07031729290393818,0.15713390195812682,1.187274451103379,-0.0747850784571975,2.5804588532875137,-0.06232263628819368,0.05439871198519297,-0.15862039761529623,1.394726113163193,0.39079699306392524,0.06734222824112912,1.003441333404611,0.055011361413713544,-0.01442656119371133,0.33418769196766807,0.06024897459401046,3.881247662270429,0.4115001315480211,-0.14769245386327823,-0.6952250943477178,0.11448004643433585,0.04392982293107828,0.008034077097967884,0.11823969236445775,-0.3921650128433387,4.586555068338985,0.0919251575852642,-0.030813257655109005,0.23269410230886578,1.1056260690971733,0.8977232284514809,-0.21170200308925224,2.79288000176117,0.9354650478130679,0.0037280323045236763,0.15774393869520154,-0.19927313172062444,1.0963097015638557,0.38018654897538706,1.1889062463396503,0.40967995690763503,0.15472461040744934,0.07673592577325294,1.6594317881169403,0.32146776414271105,-0.407858052832033,0.21639293307048924,0.18169455725337436,0.441001356886912,0.4611658840056152,-0.06484140068132582,1.2738567376245857,-0.04302358804202511,-0.25985999149435024,-0.10330331779383073,-0.0077336881929119805,1.4395648511227375,0.444574169139897,-0.5231628600103173,-0.06284332966995443,0.24743910584875017,-0.07124334560652912,0.13217481536647213,0.8685606409908866,-0.10318752306305856,0.5334560631182246,0.537087044890006,3.6834402950676477,0.12830349797810214,0.5592742064040346,1.126572491996221,-0.05041075051805688,-0.13796368289352712,0.608057161887698,1.163874799937581,0.6295431417349668,0.2962976789033389,-0.05519799664198821,0.402378817039569,0.6547363518578662,0.373807666848498,0.015070454838343572,0.2174757936688736,0.43081249042591585,-0.14027691064282166,0.00011680444934425438
-0.12060855574056939,0.4942612225999463,0.09735177039334353,0.7303492630403339,0.04991102686851523,0.17751382452818465,0.9995974616929315,-1.3393609104763975,-0.26215883691630637,0.2507953296019467,0.917576119344437,0.3426834184919132,-0.0965327731762815,0.557170454720896,0.824079363585497,0.015078780540200398,-0.19332025077961923,0.11951880276599969,-0.016441105304102255,1.170649240610488,0.351510578503043,0.466127681417964,0.20360746105859473,0.28910765380892034,0.05931738197556591,-0.4043535124301725,1.0297702411746559,0.06062692344438858,-0.200500765151165,0.34301862462058974,-1.1805113135622678,0.6038586382750646,1.157499638799485,0.052244039139384135,0.5230677360899145,0.7726023862067382,1.5867285638593014,9.088549048220623,-0.238605591733422,1.5154126238925176,0.03816200189438934,0.9111194554646929,-0.17011723116071975,0.5623135013760079,-0.035425655901261344,1.2518435967221189,-0.008906772551489972,0.4010310560938559,0.08227139447237608,0.43327902428767295,0.4391677288732536,0.5330713876575208,0.0798846581633148,0.028142467026359252,0.3078052728565961,-0.08140867677800134,-0.1418678914019571,0.1225481854797863,-0.06842517417180716,0.19354304388503607,2.2906507114082437,0.3394956176514805,-0.11631035732957518,-0.24131598502715068,-0.2343307299769286,0.20711942264271954,-0.0024500096939714666,0.011693324781095082,0.8243716207792389,0.30008159776778154,0.09803753011404837,0.6054275236430522,-0.00840453515462336,0.2912644420418862,0.45152657465139967,0.13648222738382687,0.31162967693907095,0.23928164275356156,0.13906491396978327,0.022934576488838676,0.9033359309764846,0.41552519784290176,0.051492546269410244,-0.2349047800027959,-0.054397315463406315,3.755492317144726,0.29359983882566,-0.1415309519100223,0.3204911337545244,-0.3855541316333557,-0.034442444239455305,-0.030304730255582113,0.49558081533939546,0.09212073901283313,0.9459082969088657,0.007236584694535253,0.18641751913716398,-0.07782774855273411
-0.043883971020801216,-0.008177434994788513,1.309296044534634,1.0004333434900214,0.26026858482771953,0.2522733002846298,0.23885064671692557,-0.11015709544551999,0.17325051261632307,0.4811619051001834,-0.013122730728436949,0.68011980901219,0.055339988021812836,0.9063465978732062,3.407843801687026,1.442991280481115,-0.45383523770600664,0.016685160250264452,-0.04189584390397094,0.7001398694572849,1.3005745563284261,0.7191759231790229,-0.02649789479538711,0.029859024525229927,0.36324998451228074,0.24146810786196937,-0.41738268417150426,1.603398032140663,1.0901461127047183,-0.03665003493924157,-0.09685355235515969,-0.09459673073357067,0.5959706849558444,-0.15386132159268673,0.04544158866461334,0.3103662025082432,0.527695660708416,3.4536580266739705,0.36188301494682484,2.046789389183293,0.565866900682062,0.3339138186401307,0.7561149756772405,0.0842568400169057,1.531586751664194,0.8808599583360719,-0.0048037497529005435,-0.016572475063113767,0.14273673336958215,0.13307373777128362,0.8155662618880122,0.8259655903312497,-0.07371769300294106,0.49620961641024364,0.22160485315720635,3.4526308308148206,0.3006176275960186,0.3380911048471038,0.03227562327315958,0.20360990940708135,0.4568253605913468,0.09191787772146398,0.5254335414357554,0.7669274244733115,-0.03152031617162798,-0.37525582791431145,-0.11370652750584131,-0.00019126991109130742,0.782982877664729,-0.06035567599294378,0.5934316903296377,1.0054718826966065,0.2254327219875092,0.28021628591555636,0.5892236403404554,0.15576639462869313,-0.05157067046294994,0.04069302481969306,0.1786481609586339,0.6743303570934813,1.0821902892513933,0.37606191560501223,-0.002662321948097457,1.5613132592369166,-0.48016322576881,0.5943966225900859,-0.0005760850147202845,-0.14360618390886692,0.06875054961244409,-0.3667062948012729,0.8052617532758752,0.031542889677059094,0.0005826210494785933,0.55569024212843,0.7247294810167437,0.4112374521729345,0.15515113447046236,-0.07906712094639734
0.016306657848444317,1.1963094007486088,0.06797061496355017,0.07596444391559931,0.012509175594698885,0.2083890214300803,-0.032211454900952674,0.15436965427242377,0.571889614426949,0.5756476299372215,0.25327652641916343,0.67949977465583,0.268478041454673,0.002593898396348493,-0.43408214700993675,0.007504298483739902,0.4741021126270253,0.04582198475727761,0.7757613399634415,0.3392173805252803,0.038114479354097286,0.11288082461356508,0.3627062205373308,0.15008882502807896,-0.017275420083563642,0.05030816723597642,0.01066258467383463,0.44832195395223273,1.4542810565825812,0.24911521580959928,0.06040849348497179,0.47637327930375406,0.03207467438577982,-0.22496333205346009,0.21218213499057548,0.5874278586752868,0.575879269209775,0.07934081910044544,0.3247621151051159,1.073092128363446,0.13249106449927384,1.6839113185778167,-0.009218105884203132,-0.39921252915852623,2.6930855196448746,0.6236788231438721,0.8932666923472778,-0.4550298319625301,0.43145758140063695,-0.017082679004414736,0.9180392726035267,2.4832851263617535,1.2363096889720797,0.0576809626618493,0.5108641273608008,0.13443425721854219,0.5527768264827886,1.4825037277267095,0.03295087372017136,0.14308022260597753,1.6324952087565112,0.2747439575207018,-0.48182637198716627,0.1653229812466135,-0.7107921391409331,0.5329982194802629,0.04718657153462402,0.5759611102450113,0.17590889873133708,0.3944123884407258,1.1280368290832654,1.0957762164818607,0.010491939229408942,1.1255779885777102,0.09024299815161463,1.168507437159044,0.8412579542765313,0.846062946407538,-0.07298549122672471,6.398230381130075,0.1246890614151086,1.0734110852413536,0.35957729322323484,0.5496704022993528,0.10348115822717485,-0.12929566436552875,-0.059728905209950334,-0.13096447889713847,0.22146610496303776,0.703259131132687,-0.3542510219810202,0.032080278743412016,1.5785513601964984,-0.010985505667124418,0.06665808363070003,0.3596695799077638,0.21666628939410426,0.13285944818964612
0.005035854511588056,-0.23066733077281754,0.2778771508227589,0.12083459951491715,0.5532050053572681,0.02177494647796996,0.03481134156046206,-3.6569196480885964,0.20098211130873533,0.18139117044158448,0.21851228282968238,0.9571648811027025,0.49041224296083286,0.44001513022323957,0.15438767535219267,-0.034569004036892004,0.8059525404936507,0.11290958414397867,2.254858246321577,0.15266472228417527,0.2136184796718421,0.160343231505788,0.22895135982367165,0.0994737047507428,-0.05175487596360373,0.7535927530250204,1.7744646910534598,-0.3212802595703339,2.408981828551262,0.0828439874708593,0.012030095449056866,-0.19752184689088104,0.34785533115034983,0.4952624617493955,0.18300285742525624,0.14982114736520957,0.896840886580645,7.464605294130534,0.23201708987673975,-0.04423077956581878,-0.00945731104383185,-0.05455825703375705,0.8529517789750516,-0.11938979454679277,0.5898749989895578,0.6056214833294646,0.5428656400256724,0.24276747425494882,-0.026382279948014897,0.39742197961116954,0.24911639166368005,0.3524457451506242,0.03539366367012109,0.030424811654007122,0.0007647414054483548,-0.15880430988839223,-0.7882085504666554,-0.145000317424973,-0.1371252420239335,-0.09943994347999441,0.09235573693246968,1.2428773524092511,0.3256501375292018,-0.12904098542530473,-0.0932833355401903,2.1384763645649727,0.01680816985434852,0.5839874830992526,-1.201677464688096,1.1839850549314024,0.8413038377531694,1.4135387501444008,0.2630852174301448,0.21375641273365265,0.480756444995313,1.3579878978756197,0.19755472518005934,0.12857003187473115,0.0004062983490094041,0.07118626470898937,3.004462647839869,-0.0592513406377666,0.028245946991490634,-0.13024679449905552,-0.06055991064312494,0.35197730201898114,-0.04245774643589506,2.001515763729091,-0.02402684467191918,-0.1443151751685008,-0.05645648851465168,0.012157191643227705,0.9811885284426989,-0.002683814366895465,1.5130092632428838,3.234350110316738,0.05288610029677354,-0.08942121879642029
-0.07201366392839459,0.11665811453598085,-0.051186113237994935,0.7055922445899419,0.4289873223190064,-0.0998339580504286,0.286427089298944,0.12604794963156163,-0.09006797292445867,0.10405123719294718,0.1765861134026938,0.6139145398915957,-0.04986602494944892,0.27866788284009747,-0.05265911398995771,-0.2813083911347416,2.1085671726586357,0.5216825768643885,0.017021844589955037,0.1171197375293147,1.0928118538350775,0.11096755784789858,-0.08054653231414033,0.1946979689120547,0.02338746736231645,0.04971263400374415,1.7061842543590693,2.0727231449352255,0.7238074352484611,4.834093499237618,0.16743674986699997,-0.602989866053548,0.01709783531690423,-0.05160612622605987,0.03843530062024758,0.2689465352364948,0.6133697699154728,4.5084436279610856,0.12407658054130488,0.2550066593715128,0.27973803310346623,0.9755387873194534,0.07755120802276805,0.126465200007158,1.0046597624433673,0.02844210530183111,0.9520476211441826,1.6318234792156359,0.15849500750290102,0.18382609767520375,0.008617635130126367,1.001619276533816,-0.2117540707131509,-0.015346331759889864,0.6605088129424814,0.4426934266099769,1.304314458585087,0.09716669581193305,1.5975425893122877,0.24994228227183246,0.22169836991259295,0.23531156852320434,-0.7902353380884426,0.0455317368692576,-0.2976204966068021,0.6749254480113835,-0.06850389585201455,2.1453181131740227,0.1911079018975732,1.3867131831951598,0.1633616540880123,3.0409273047635725,0.03668133219359504,0.8415027114690083,-0.24555766671427603,0.011034740448894187,1.0964666417797178,0.9085757977161837,-0.05554917997167541,0.5759003783380492,0.8397498611596221,1.590537982705392,0.062451003065692845,0.18206901103523387,-0.7012901741936002,0.35416432208299664,-0.5230597137774939,0.1186566587826583,0.5273433389018596,-0.17139154480949426,0.30619613713445215,0.7714249619873628,0.46116670032073537,0.6564514942392421,-0.4707266808290198,0.13218428791299708,0.020553721001581593,-0.1946733366949016
0.010941733982900548,0.5582678658111444,0.03084637684426239,0.46348863527088735,-0.0707432404909456,-0.08557116478012716,-0.023920367251463404,0.1237990533565263,-0.3666930829901256,0.05529444594433652,-0.08329904696129731,0.20444192378712334,0.2951573027519183,0.5374003858641156,0.02355054815193469,-0.06410907146886657,0.25793939538203636,0.19033128017799283,0.3221196775152464,1.220278640740739,0.9879615039053666,-0.2493494373804661,0.5030050662655925,0.21628420579910834,-0.034046244546005244,1.0048045282826532,1.9186288557934725,-0.03705976133723077,0.9059758818167154,0.12080911848072429,0.00081098098813559,-0.3266663280627906,0.21046162314198202,0.22275156209115288,0.42421842655140374,0.5274305502079333,0.5431688867470781,1.2164316529264232,0.3495026700339574,1.163712601238359,0.33932529075938866,0.7868713613151179,0.006678284718891092,-0.016261722912546794,4.674990908509232,-0.12405493290015102,-0.011467859700609928,0.5964283087341524,0.11948230381926228,0.5639158752810238,-0.1519710119297244,-0.062048362270091584,-0.17532354571402742,0.2147933293978559,-0.003966022400468283,0.6018728188511431,-0.762774446045364,0.4727927150581195,0.0011479049527745033,0.6374458894321862,0.2960300378135381,-0.009234618296365849,0.38230239729973015,0.49553467530196116,-0.23278779025944552,1.0740008607672902,0.020740863611398375,0.6589700366728666,0.18205780909143243,0.4471315346141349,-0.13545005972038915,0.19943058572550676,-0.13986130439644562,0.24403701044154102,0.05623518414925499,-0.21284707844099726,1.1191606656073407,0.21405968333496883,0.019284408925441587,2.456422845487517,-0.25986795148094455,0.4774060508566169,-0.06495895942647856,0.5311969212147076,0.1625652270468141,0.3809671954242084,-0.2764890851522033,0.584694248006083,0.14413635424963367,0.1512322572027509,-0.33722899531230777,0.0031677240339824664,0.37899124210671253,0.06653003779650435,0.6855415192591501,-0.02744747198910158,0.15333284411200898,0.10918632726042587
0.07307318899850657,0.8372198404393942,0.6003975590110451,0.29035947701702725,0.011284536592423233,0.12525016593843752,-0.09655142967725805,0.37328391729630095,0.32271516912620424,-0.0005301761392337845,0.4438945639081515,0.15856214160100812,2.2279106011882712,0.20991934614693397,0.5306188569301944,-0.0870586334277954,0.444629016955814,-0.01612944741348965,0.0022115124655499585,-0.01266693922883011,1.5189923979344995,-0.10083977358854401,0.10534121433973764,0.9127565602997376,0.11856249808694308,0.7720712831687351,0.42264359910367055,-0.48877685195264053,0.0348429122991023,0.18342936599531257,0.40121837673551575,0.34026667874766936,-0.00012710835940055176,-0.06738794093899747,0.6909267133701933,-0.5796968080010823,0.30908820053672326,0.5656612095079963,0.7508803215648241,1.3021720745677605,1.1806062506374673,0.874228334925518,0.887518579061795,-0.20329949075880993,1.3309943414541996,1.2993792466306981,0.4980932431506053,0.2844469719695275,0.37059007349449136,-0.15610374586621223,0.49552385085803863,0.15715867079696988,0.15433002568288168,0.07930497983099194,-0.05882384855186018,0.602387512599865,0.10019734576510597,0.5029174408108474,0.4868555501991825,0.2620287931238998,0.12131974127309286,-0.1101782584632951,1.0137008249844381,0.18639639541465236,-0.4167363824592245,0.4356581514622704,0.20117835193996303,0.5891870345484076,0.7856085394933192,0.38166968373101895,-0.15187335847398842,2.331269021142706,0.10096871963489207,-0.2544575872043753,0.07612385661706877,0.7999671126327264,0.9197399170198794,0.03648080186265634,0.984578291291478,1.1068765866129873,0.9155907203241309,0.3400947019746514,0.3671100906004119,-0.19678541926792725,0.7374034507695928,0.3155581077236267,0.003706942770316246,-0.48265191892773895,0.03568462568725739,-0.010742856240248955,-0.36324807910671275,-0.0011224420777065092,0.05630183018520318,0.009771635292347813,-0.027210433713057647,0.03617114041565905,0.6761975090494565,0.01259890492882798
-0.10558322487583194,-0.033463264597950904,0.09219633520950077,0.6924267088243408,-0.05558065023070835,0.12515360867279046,0.36181898342658814,-0.10470999717230312,-0.3157591946897558,0.058381995035074574,-0.18747039750511885,1.317256873200698,0.003999814804236834,0.6982470769364797,-0.02351672932096882,0.9987718084036015,4.0193238879831,0.21353558499020497,0.4794396366080287,0.12292306994297153,1.6555866609069572,1.9315390827697092,0.28970472901150846,-0.25144006079972137,0.11821348153302758,-0.07703768574595404,10.632919653299163,-0.026543326489125718,4.271064935550301,1.5802648350856758,-0.46039282211207855,-0.7092552615927126,0.1278374983135353,0.19421905860206046,0.12445785287311928,-0.053719067440435975,0.007122066884261535,0.4363661228778364,-0.217359562495826,2.2977467856782026,1.351133739864041,0.7575623990087736,0.09886970817194296,0.3101188009245295,1.7424260515132302,0.6549548569479473,1.2347358544530973,0.22365020451956763,-0.20253211095063506,1.6080640419573005,2.1236360253991795,0.9063465669703943,-0.3512142317272815,0.19076553723132483,-0.024770568702758844,0.7691547569191775,-0.15542985681345378,0.9284586520046116,0.9990516690095255,-0.2090516220046208,-0.08490009153629607,0.34954685668274355,0.443424569146583,-0.09599906117708468,-0.7930484979724728,0.08045736924573843,0.04154442811107817,0.6287791759068719,0.25053621387222647,0.8387264882042436,0.20242457538563308,0.773086383697617,-0.07269654681822146,0.8452415454226978,-0.3976774135548027,0.5544690609009972,-0.2198821960624695,1.1351861031321953,-0.779053816537914,3.2602283215870047,1.332184506259808,0.458364629511788,0.17144191721022572,0.483658538300177,0.24364605155297792,0.012530578276781501,0.44707033349781344,0.767644902775674,-0.2741678425402636,0.0010254398568845247,0.541844906674382,-0.00835215774529563,-0.05714196415828088,0.012301873775339978,0.10724073766087194,0.7050122112536945,0.12598361164755456,1.2419263519933224
0.009260663873256192,-0.024132000588727998,0.19081753834055815,0.11759289420865127,0.1514319600039844,-0.005558700339343581,-0.11782890079311947,0.9735144475867319,0.17843036097467735,0.18503827507229875,0.8868512617615973,-0.05565912604517109,-0.07423010470751734,0.18787241295955148,0.12148222455638757,-0.1908593304892756,1.2833380796793454,0.13700553717833408,0.13629334996647513,-0.1148809607008161,0.2464184681394488,0.9718624342315727,0.6095145271517151,1.5333937774155402,-0.16830021323638,-0.2224110842719389,0.3567634258543628,0.05827042003128913,2.232287088032094,1.0108380301676045,0.19558274930972575,0.15307759153277178,0.09003500601017045,1.3234175675254116,0.3171602250779961,-0.30042190972581473,0.02891313851148869,1.3333179855677297,0.42274760866476235,1.2523502904162571,0.40764399618947955,0.48647614583786947,0.8402139433926017,0.6592524865930303,1.4358758349540843,1.931787442759079,0.001905971537038198,-0.9755368445120167,0.007226729486655259,0.016373897064335896,0.16714702295550588,0.5951134020842419,0.38380711678414725,0.5992832315069503,0.006570708971671113,0.03476087799987759,0.38921085151063206,0.6969267157070704,0.07878463716369932,-0.09441116329784904,0.09555901537476164,1.1642065808844473,-0.18351607642638612,0.5764569025208335,-0.15107958400975807,0.4597242347074535,0.1637197550925693,0.13862296896326587,0.26900256377000886,0.13214552540695657,-0.08484626888435587,4.194334357766305,0.009214469762940602,-0.08058256112383333,0.3942059558537645,0.6012014379126671,-0.04792820597682823,-0.07856809798472275,0.09255896637246952,1.250132140547075,1.3295721398393443,0.4482254029812509,0.2659139650147768,0.25919037189834526,0.1654477636566445,0.03435758705876735,0.02885820836373476,-0.038410226138055226,-0.07692767813253276,-0.469117295854085,-1.337456474074207,2.067873780301346,0.007001108290068281,0.04655606531312939,0.3354713731098977,-0.21995597296418978,0.02778937216067945,-0.02725148634533947
-0.1344886327175785,0.2047563551763094,-0.22179607965451842,0.7979751359581329,-0.1578324299841718,0.28884106615201555,-0.18759131609155855,0.05815323541486794,-0.12323729025152819,0.23393077540030038,-0.07504819395366491,0.1372728198023565,-0.05752886870722618,0.3041343711434097,0.09464673961618875,-0.25308078082531793,-0.9779142032579333,-0.24954790245465208,0.07144474587442584,0.13988796804677506,2.3491742354670526,0.298713465215382,-0.15070700729915698,0.4270446322465702,0.5984642311242077,0.9269249054685722,4.785728429309569,-0.17626027933694033,0.33994540075940627,0.3055085755249385,0.3947682815486431,0.06862130122029875,0.0009394833199016794,-0.12326514361950824,0.03208046296385003,1.0364356285564948,-0.05391138281803887,2.515354267472998,0.46108290977594546,1.5831937734034112,0.4652851852776374,0.4097525229648493,0.2689227499004634,0.46848016412328786,0.525565497636713,0.7407673223119411,-0.0271267494188816,0.17216878282017634,0.31862074445898436,-0.0868839319833059,0.5970202138751608,0.5672168166654172,0.14555643090996595,0.472001821020545,-0.0016989807981460103,0.2615940007415656,0.47532896315562567,0.4239871994212354,-0.38635798025248125,0.25291042304596667,0.16468979598038214,0.33315133301902167,-0.10342602489594199,1.0700670850027563,-0.25221572201867914,-0.2744846308121174,0.20569099286559034,0.01659422587844195,0.7803694059787092,-0.19594760765826358,0.14055100906713047,0.17884404702762335,0.041985263495089686,0.809430240859939,0.7825223677227706,0.19064862509958402,0.2355002449416963,-0.4772463454395144,-0.3894687122159777,0.2854700613768859,0.014325183329723323,1.8129627774566845,-0.29136051341595426,-0.09946345059296391,0.6315373511212972,-0.43623369847845295,0.32921202841504726,-0.4726203783572842,-0.11673319691339401,0.18704478017658666,0.8224103473634568,0.06479028026783507,0.8572461642365168,-0.008166662735354713,0.6882293472710015,0.5172044585908129,0.2678034764699184,0.19094109727195674
-0.019939850267299608,0.613902859482331,0.2292872564316979,0.25823029036409606,-0.011869647288665242,0.5233462773382196,0.0946651847804798,0.8768956298183586,0.3535087604383067,0.13568955900835222,0.19965577449324634,0.9009770318667059,-0.0826659189430945,1.0034852020974139,-0.055032125325908954,-0.16308015621216487,0.29201541052061497,0.48202931639443225,0.3624481979130758,0.3764568519838898,0.7731742738231935,-0.3264366802234653,0.7659861537226735,0.227663278377364,-0.15310363462093424,-0.13749305296419134,0.009617920459204399,-0.0836368194489907,0.290475961924491,0.2715970961267071,0.3679345650911068,-0.570043991969273,-0.14727218056376223,-0.3213359393597299,-0.1375573138869921,-0.08714528049333436,0.08849229427288918,0.010004721656589943,-0.19511099462354586,0.17702136144526293,0.6622848524220935,0.19512981770165716,0.9565542708964818,0.15033713190331222,1.7274079615887121,0.7145112024801348,-0.015265367084829506,0.027000109513276804,0.029095310159901633,0.34806358328449694,0.7055809872212806,0.42387408347740774,0.20072913164126938,-0.014759174901345151,1.0217782636625392,2.0532897478576455,0.09321427913241154,0.2993751128438289,0.43362991789364846,0.17457822612434093,0.11155692100032999,0.16259207141745247,-0.12320930722075119,0.08057711571292181,1.170192645833188,0.27925731869977,-0.04979848464195147,0.5588947343855937,0.3153917792568235,1.9357751817885802,-0.08388491866048753,0.49135016732059,0.14967790348633825,0.2132945554690564,-0.8025548026194453,0.3631575156390032,0.45427816049473924,1.4366822359147227,0.25532800319853255,3.67114195754783,0.564713129610757,0.4884213890723137,-0.007607305182674828,2.7364096825605246,0.04534543425741422,0.5834863878978434,1.1807673187441967,1.1569797380274176,0.09782549204326596,0.0005051050413138469,0.3906338240575655,0.624886411578979,0.2870071597936441,0.0007932964140293652,1.0689079655072673,0.2322476385713994,0.02102331659226664,-0.2487285248192821
0.05621798586100413,0.036562527275667556,-0.12101486174496356,-0.2739163018123545,-1.327566436378734,-0.0862728988248076,0.0871973525861991,-0.23396977339105085,-0.06767387222542531,0.080023953326402,0.2501897275445746,0.5490090631512698,-0.031119803752339248,-0.027572583126552086,0.09957488803161674,-0.3192393686069188,0.9286759580261084,-0.41580525470356555,-0.19968386873317012,0.12396552457701304,0.5322482787810152,0.060477934288847734,0.12154201972302259,-0.21480234785975494,0.004178756242415815,0.07759656531896564,2.9641172914680407,0.04385767443181843,0.7399185531731929,3.3299600551540705,0.12088895398586885,-0.04147093808313507,0.013558300230422482,0.1460634644060379,0.13485614679577562,0.010026517298936,1.2800834139018091,7.690888217102691,0.1431340076696057,3.531644743214324,0.21106201716431627,0.1156690192583456,0.9634199213580272,1.0412124236189406,2.4973609082262644,0.5483358337735078,-0.007736604199316766,0.31479851048698304,0.24296946558661858,-0.06320610205340893,0.1683277851878895,0.4507551979272879,0.07048781532468529,0.1394026753602713,0.4446622415552586,0.39330001475125353,-0.006511343058357877,0.020302809863999016,0.19443939283345202,-0.04478334184443167,0.06104662880352718,0.010288560366775057,1.1846681702184805,-0.013054280693921783,-0.5362792865594486,0.249310692987748,0.6439059399709359,1.0942419514520294,0.3954745022393267,0.07455156034847121,0.2913111695367725,1.7245613550714998,-0.046947240832755366,-0.06037200440717605,-0.6526190448471318,0.8018171027187133,4.079517144708863,-0.7802107968584542,-0.0024637978092529877,0.9453153450858842,0.8935338636105055,0.37246004134060584,0.29993006949251555,-0.6000557696741637,-0.46326472126462903,-0.12295410971600784,0.29289495028989476,1.2715204001893223,0.0675254186986729,0.13763338958323112,1.0081005477937843,0.004388679477170143,0.19371385932321017,0.026189154792174207,0.16222118675237374,0.06165650198974593,0.20171653536415057,0.13153921385375078
-0.13043982738880544,0.6708639483150973,0.6523050357198561,1.0871535200404558,-0.23602252821530545,0.014315458707405249,-0.11158517463432283,-0.0181987891264761,1.488396189496549,0.111584670512348,0.6035314884211562,0.544609890839622,0.22731198744626369,0.42211239264547995,-0.016738117456013057,0.945691229704253,-0.036815311532020445,0.5084227508616097,0.6708092034385822,0.6901802583340366,1.0353265101174132,2.658696670715428,0.4700310146488187,1.1570962243185958,-0.09746871668691437,0.21349217532187792,1.7980078682208962,0.06024820780967044,1.4006912565082104,1.7569669958120908,-0.0004981139333559703,0.45479102256295434,0.82251930660005,0.17048990019809773,0.15894150220005088,-0.0033845642122862785,1.4430975043850998,1.8200227527084891,-0.2925497008312741,0.7229098481865748,2.415154650642096,0.3986332347114532,-0.07580297998312835,1.6392612709048535,0.5193268369742112,0.6632152166494443,0.015039610345223942,2.792009313782569,-0.0657576529033792,0.14686939144296307,0.22347914958263804,-0.3039126833697132,0.40438595119288623,0.5283833698675804,0.3223432196438196,1.4296685228807258,2.7009005217691193,0.8846301005944603,0.11781915563096401,0.4345000484885646,-0.04518515163663683,0.8130854114509374,0.013492504991361898,0.6949902624909994,-0.31539094963112824,-0.05642831111465618,0.4371443079944859,0.272142840277255,0.8410680853279269,0.06417476469820427,1.9859207748863241,0.7697354327474146,0.55803724125043,0.48207580764664204,0.17778297519081399,0.25323201508350923,0.8825928514446666,0.10761104972069946,-0.30374205983993807,5.182165704697848,0.08629261931054977,0.4550266219219683,0.7107418458617296,-0.30312536966065107,0.3262210481465253,0.7885901838900997,0.08711963380304866,-0.03301581030589418,0.2536781959308607,-0.37848431677340955,-0.12132557511654518,0.08853148517789933,0.348782459813485,0.22132869030165203,0.7342559672940503,0.2597795148002886,0.4865587002804994,0.048526195691922513
0.32851242578359496,-0.058784285294387395,-0.1195775981218361,0.18370581578583822,0.3767256219933941,0.09784631251434073,-0.11030746414882664,-0.14666590133445645,-0.07896496471937908,0.5150630973436723,0.2793372355723074,2.3312665190107253,0.23532348621372678,0.20565358373447395,-0.06330010594217272,-0.6165242797535946,0.9211346777870668,2.4117790662451313,0.1616447340237177,0.04572395960940412,0.4853033512485849,0.1747982661926919,0.19036498434485294,0.34127174434936247,-0.10990160651341085,0.5372783004534716,1.4617562980963452,0.003188447838791575,3.0484658631456707,0.27398849724131935,0.5149668476871094,0.05812339230117303,0.06692154547541973,0.010485606810329617,0.5022099392502994,0.40802921521077185,0.7434940353757762,3.879640467865752,-0.1552527789690643,-0.11473669325803026,3.2303621102800033,0.46395349652249784,0.9214769891211461,0.2537283389654652,0.5010765574750162,0.45242917276399996,-0.0010583582881880105,0.8900043318281297,0.3101949090851628,-0.3037997440523057,0.48615377037915675,0.11972798997388345,0.11251815527976383,0.03028574296437636,0.12107415067877891,0.33447390425322254,-0.5536248656666078,-0.05395935227290227,0.10367510784905676,-0.021495092318483344,0.07460865683704876,1.4014455185747563,-0.3937356199199975,-0.06335250053052288,0.1194371625681625,0.541485420461151,-0.005006857811332033,0.782996061604635,0.09776487535044609,0.032000351459601895,-0.11144390796786219,-0.1175719661753254,0.16572110118419126,0.5191882648893107,-0.27073164225247925,1.2051323253739454,-0.16419134666463142,0.15917331028389547,-0.3114232346521355,1.0330120236289453,0.007106041214868242,0.2745954211097219,0.10232558607800524,-0.2557895106155854,0.0026410329850614644,0.6063493591880729,0.18284134696882415,-0.09032027694768541,-0.0038020176052446786,-0.010680422205198603,0.37981063541480964,0.527001552889871,-0.012427794930031544,0.007361630169691935,0.13669759308985885,0.001685781016323773,0.15492026559594674,-0.015706130871196322
-0.0431661996454058,-0.0360098694832276,-0.1045291206836505,0.6154615571620119,0.6789431677422249,0.04688947375506558,1.2263686039510313,-1.2470553026229645,0.09424438844161198,-0.021095136721999364,0.04373131470965652,-0.26024627727700445,0.16405991991636837,-0.0510819076925455,1.1954405972287976,0.06485313271658288,5.048581496657057,-0.4006714160470146,0.39612815117663835,0.6746162293045677,3.035177183574681,0.03429370126823539,0.18679800695073112,1.6347021965889184,1.286697257268158,0.011907712335763154,1.3260661373360838,0.3231350171412961,0.09771180718777028,0.3411825720768955,-0.11908400031749178,-0.6725691289772016,-0.7719610658718041,2.1004414681612573,0.012659142620476072,0.02354321535108639,0.13364355644619552,2.781461954492073,0.0727012397094633,1.5437134025940225,1.820373251959765,-0.3269332831534766,0.14916513582608149,0.007682437356828942,4.579739242976144,0.7536182173755215,0.0007072616922165764,1.6177534051992586,2.251769777779984,0.04486767218679244,0.3577612699797863,0.48320852649350954,0.7537088908868252,0.36684465238542785,0.17783323652184624,0.3012909457205959,1.077258319659724,-0.22270515296383886,1.196833910985549,0.7252003443512374,0.031035073174642935,0.3991616790385786,5.2800736713331595,0.6276006474485349,0.006390744436357565,0.48551517728438487,0.08576818044225121,0.7082483526877539,0.13788208166879912,-0.012046453746312302,2.613498277169567,6.535679787336633,0.07719958557844642,-0.008765758154949399,1.7781978174135258,0.7710429909612824,-0.5565371292072925,0.9182410349567807,0.11720788373964153,1.0809652019473752,1.0409518502011927,0.7855317572943239,-0.07367589676388775,0.08108354760297587,0.7530336214371518,0.16065944404608867,0.49965548297954765,0.31140562197833255,-0.0005323678396376152,-0.18245106430315072,0.3228406165554336,0.2385236293912305,5.6546373067779,0.0696880376945117,0.5722390206269732,0.33850606812464523,0.4650840758193393,0.06857096889658387
-0.18982806713791778,1.014568736068286,0.2610041883930214,1.0956015402396577,0.1476129713671961,-0.058519288053271445,0.48812208330648854,-0.33733463791135954,1.1900255613466912,0.208292280861758,0.29071676421758497,-0.02891822641364339,0.565286527174143,0.3334005560599751,1.3691196848551055,-0.009851064845301849,0.4984512201421234,0.575886805703731,0.5564174034155522,1.0242013439710362,1.2786216652623121,0.04740503416019992,-0.25602219204169785,0.9690012520226308,0.43888193408832965,-0.20422284565599647,1.3924850320691,0.5283273646150644,1.1375736955879328,4.240545318115588,-0.09157593063819958,0.5285431965321035,-0.202567091281042,0.40597245928027403,-0.02521413266427608,-0.017830844960483816,0.5254297302782867,-0.14454014108495805,0.5822928317129179,1.126080471757116,1.490599405760955,0.8096932154072505,-0.011561710008994197,0.3939650376157777,1.084568434057518,5.587385751191505,0.0031110993653182817,0.15097073771095504,0.12347334634069806,0.16669995348316213,0.21690830770197067,1.160217911181352,0.3534881449735594,0.1039214174587273,-0.008528978907334395,1.1325718542877148,-0.7592233920232445,0.2386509306824678,0.9851307253705355,-0.1359283670389022,-0.011587181115251255,0.24786234390669604,0.21206100041676645,-0.15539295061944758,-0.11756909044951236,-0.43197417958041484,0.03852866394968402,0.8508906447386746,0.6735038562997833,-0.03355034012116853,0.6654764328509994,1.894515671782866,0.17891042222002884,0.5879484153279995,1.6025264965258357,0.32368643704916744,0.4319564833623035,-0.1422184790875991,-0.1457305557533095,6.350980644785192,0.10923803210298999,1.927876645196685,0.7128393038843823,0.04351833572396302,-0.020010594157953143,0.11265097276034819,0.4970741280541704,-0.013783461701894595,0.20172285833918435,0.017969984766168512,-0.6600569978303206,0.007499552382100205,0.7046751168741259,0.09968946510769872,0.4207193863780736,0.004545351804805087,0.03341513424102871,-0.11659061076341537
-0.033598279159888556,0.037579284633772136,0.2379402304060596,0.3914063854671084,-0.07262084484959797,0.13218723696244394,-1.0936516060168078,-0.04695128099181023,-0.09212362693229004,0.06486831368049284,0.31249326977394976,0.9827456509307799,0.3099760271530543,-0.043917986741940584,0.15657425808101388,-0.09893724594128628,-1.445839215040599,0.06281681803289185,0.18509245145323572,-1.241185926220803,6.30199950488705,1.2995247288026794,0.047079241540753713,-0.45719378201185457,0.4332316826878042,0.17409088490377878,0.20528524623146627,1.1769831184429016,0.6565157482265587,1.0699397208951655,1.6731469287795315,-0.3172834135279876,-0.09034555164056002,0.0845168266478531,0.5607559784699401,0.35895855403952925,0.1864323005597761,2.5968635502499913,-0.4226426472111049,0.4401608033570712,0.4957057674264984,0.1445960141377114,0.12367846080411038,-0.1232046167173948,5.491626336629086,2.8175985678177646,-0.02406706510882195,0.634156154613768,0.11127455772845618,-0.4185522689288206,0.4817676773012245,0.09916412839190603,0.02698749200081707,-0.049184800979679366,-0.06336312528270494,1.502313325461075,0.026472207939479908,0.570724396417742,-0.10671247003682005,0.5915551711148144,0.046243748077154034,3.038888821606886,-0.7012837530824747,0.17074907562170383,-0.274371780611979,-0.5846488282763218,0.13513255194790474,0.20627556706458527,0.01666734745993592,0.1403152684550184,1.4956667376399881,1.0880267756038622,0.14465639145761489,0.6522417777071472,-0.21284676511054812,0.37500276701044655,0.6239453247866558,0.48559261357454186,-0.09887528909909848,1.6642015537671089,0.5135477701976834,0.3458796995392017,0.15393223470786488,-0.011499621214209554,0.6013992599728315,-0.05243077572522559,0.3773317015110855,-0.14744034205484802,0.5613036515079131,-0.6601806609935297,0.4179810675190647,0.006951784410508033,-0.0450091346241126,0.01408212614907045,0.7115007513152944,0.661088312039789,0.030019277380260778,0.036063597814615767
0.10065088406252842,-0.10291452466567508,-0.011948759267781384,1.7657379517105012,0.6468199916234894,0.19634349016043995,0.7294313395695609,0.03722652664517456,0.035516693229177054,0.9416774848430345,0.33051910659241557,-0.16083006131452393,0.6249936625245227,1.1678912289963783,0.08275919449017266,-0.21487349201464934,0.780823613944623,0.5172102606144264,-0.03907768180728599,0.312689155447079,0.06942542646696293,0.7784486832190867,0.09697567906813775,0.3319862082595524,0.3581107938135566,-0.012938318859580633,-0.6154632328040806,0.0010592543755567618,-0.05382891168733739,-0.6515921278488319,0.6827133958314819,0.17275316186941225,0.18269569480176617,0.11781112351334411,0.18529564373822716,0.6288196846638243,0.16110720638750786,7.372845870968032,1.0785843712374925,0.6740153230234993,2.0700835238086874,0.030180034053884697,0.4500000364289334,0.7685348052131884,0.11093795910393212,0.4311107841694968,0.01086888067877334,0.8154689862813669,0.21348658281362365,-0.3808053324915255,0.17999055394577512,1.0125953595218107,0.06195505542261692,0.08300971823725156,0.12247631857676744,0.5417235649218659,0.08305264611980245,0.6788522269617605,0.09341891923198054,0.43897790354701716,-0.2367921731683733,0.7299484578460516,1.88400471238013,1.2933378063789256,-0.5998836922316908,0.6358153940058209,0.3762113821072326,-0.024736759104904138,0.002365168858465161,0.1709681167198518,0.5186149658775108,0.2942749309651438,-0.05368913869598879,-0.19676181084197886,-1.0474451169886292,0.79750147333867,-0.12487545640682107,0.6643543773600875,-0.020599338212628382,1.9869801502244755,1.2632184604577645,0.4297634710314062,0.4642602856364011,-0.11757205557011208,-0.1701970779049411,0.135224802205407,-0.24427934221072878,1.051923266662472,0.3509042805240812,0.05038637471345542,0.6189658407481984,0.1722958180909684,0.52024539920636,0.35863773938847476,0.9363228465234776,0.07063911712586979,0.24053619751648814,-0.02614912757583454
-0.7328715806111146,0.1434841762265715,-0.05571100586136302,0.10501814183644642,0.17753269097799507,-0.04661843412940403,1.240515334643935,0.08856070865515431,-0.7531144833371775,0.0242898045880775,0.3873969858886124,-0.00037931564997517597,0.5369915840247765,1.3600856752356818,0.001055176250994716,-0.015194406519258408,3.240465456237377,0.05502449106626983,0.11686942095471187,0.5004923751037387,0.28542647213749195,1.829211337242017,0.20546208672057076,0.2555968679044698,0.16041118207175398,-0.4566028217483433,0.056431469908292176,0.319748373964587,-0.37221255849339574,0.314840162752116,-0.199223397723294,0.07712439777342173,0.7837210039047049,0.08978626107684917,0.24277104322586052,0.9791342031850441,-0.2665639664660917,0.7661182366280874,0.23545887394002385,1.639196786424952,1.1687421483794322,-0.2863177534015584,0.765529409805267,0.17784309002020304,0.4800375539245376,1.6765563000022397,0.3599850278728747,3.641609128739243,-0.8274627065131694,0.2575088074482552,0.44746836379674626,0.35282285210706377,0.19748427707864247,0.15034030822617517,0.24080055587405447,1.1519328301639007,1.559561477974901,0.6070066504709306,-0.021889357858194458,0.5517323374372172,0.11347500656098441,0.17641768185992657,0.30605211734476345,0.9812142322108048,-0.37018693650897383,-0.2822473238862462,0.41652585168196987,0.6324230682662542,0.22669548031863673,0.4987974391691772,0.8023184432188399,-0.0072692694205231945,0.14814550820175842,0.5729825337950025,0.9172134249015649,0.9531770112714479,0.10769686218520391,0.25173627852138925,0.45090942601473305,1.9540553508164598,1.1102236394560254,0.43211073464236804,0.27307722276915847,-0.49693729004128784,0.36584234749959865,4.889257779027743,0.43522928415087936,0.636317019382898,0.028502463902443154,-0.00826038912963134,0.23180692774084743,0.17245405747457276,0.040163898350511484,0.02848979302463306,0.5789976066333962,-0.006191785285687423,0.09001150652145107,-0.03732862861376085
0.03136165358569043,0.23253667986893944,0.007370101182422761,0.6640506358731773,1.0264252653321115,0.012506596912424506,0.1782044571188548,0.009374561264304582,0.012119880919650328,0.028098652216433262,0.035975680590557335,1.0604819106349632,0.02654571823414309,0.7675419793007459,0.17132537413647064,0.017885278177407926,-3.0550781442291637,0.04254375013488154,0.7799889907063005,-0.2564458393861395,0.5034318436085319,0.2810331380824982,2.8801777477807935,0.4366812764124033,-0.11262398739965196,0.29374085112389814,3.0309161308287296,0.5434030451615319,0.5506955745263458,5.326556020788011,0.46645031631681944,-0.10662989863217653,0.8085363746042376,0.025925624958991644,0.17142730759453206,0.12256164524297342,-0.31426981481882077,2.6110811875404982,3.216700546392927,0.7755555641208147,0.4658789007490505,1.1121152509902288,0.4763612862928235,0.09226911166245522,2.508610145414533,0.42399086453474055,0.001723856212927366,0.28999214066659196,-0.1035680067990361,0.1986316950627165,0.012543831605161593,0.34900010812458593,-0.2627252490517158,0.037369497550108655,-0.025953726622216955,0.768152773718211,-0.05262620224028147,-0.05128706463661459,-0.0866684042368302,-0.3055081311678203,0.0621535786989611,0.15911072536771886,0.05010624504636496,0.08664931388414221,-0.01992224908355711,0.6950158274854918,-0.0022160590556934423,1.4468415229479161,0.1529518532396903,0.4038403053069697,0.1252285289042261,1.205480388134708,0.11244037498286996,0.2816113873438062,0.0027836507769771757,0.3680896145136616,1.6137102111418198,0.32079421113776263,0.3717995453540692,2.5024649242687484,0.05339222843687619,0.2495940022115395,0.62627869860302,0.7337220431917766,0.3808185127110768,0.3223871939086722,0.4399749977645424,0.5191414286031364,0.14394679179524772,0.07136991293053363,-0.10430748764826792,-0.028855971441258177,0.6982620328549336,0.42186547731330926,0.4311464663139244,-0.04989279884514897,0.4983333619987391,0.011018992165084285
-0.2764943465256846,0.9638246536495663,0.35772312525121164,0.38284240988141827,-0.042505691666669065,0.9759277308882384,-0.01905473495729293,1.189665996131124,-0.29179393375634977,0.5412509490024986,0.34746743608072306,-0.009670787279151938,-0.5083847236504302,1.2994961895736488,0.287817319604585,0.3689778923654252,0.03742696170008797,-0.24410348523390812,0.1754650561584059,-0.18351166595893664,-0.06022721888722171,0.366475999332031,0.6899528419490055,-0.013789780047543054,-0.07814978094036773,0.23823862866668577,0.39074374490580066,0.06375777324120602,0.21124086801140685,0.20630802281031269,0.22489456056416302,-0.17092677675044143,-0.1323869105160025,0.21388059868978715,0.3907153876910954,-0.021295570697815958,1.1526953489793215,3.6944159065561504,-0.11273447923480973,1.748632196823257,2.0523238971317124,0.6537605436962393,0.1344399565270873,0.029694087273435255,0.9068045138206742,0.3168700562758797,0.08473318610336644,0.0632369024635322,0.525579024837624,-0.124730187480663,-0.06717172500077462,-0.011783528576295943,-0.25859172660537766,1.1084875605569984,-0.13318822162038302,0.5220585266161866,0.737355769321729,-0.0042899259796200795,0.21536204911764,-0.06293681385362593,-0.014390324094370577,0.05528979878719875,-0.6196708194835683,-2.920213206866146,-0.4067538731692535,0.05387930603292501,1.3383495474720757,0.004445574237914585,0.07953001869295218,-0.17108785071794452,0.33916980815798636,0.6658144491828963,0.04821892240102743,-0.25100189655312066,0.33968510818532316,3.7212061069141007,0.23688469472342089,-0.028835357234118675,-0.05723040515008915,1.3815898612023423,0.33662025441863186,1.3916731087938743,0.2146757009220499,-0.338332551838219,1.4207664219777731,0.030405799321016946,0.9811323052170202,-0.5216564777123391,0.009756657408772185,-0.3734160041526646,0.11529234549865564,0.2073480572078079,-0.14405451129242142,0.019973156923776436,0.30647500483074985,-0.13859023485485356,-0.15881144270069258,0.20754073206503154
0.27076980080160906,0.598405179439756,-0.1138108301609968,0.4565578038942357,0.12732769868664517,0.01012102980679952,0.2517913215953467,-0.17636564335523985,0.12392017550728607,0.25816481344257225,-0.06768569428409599,0.15565511868497772,2.3409627472763814,0.32550549286853103,-0.23580685560001236,-0.46549147023902293,3.755215285367303,1.20620006822071,0.0023292981600557816,0.040023650963112445,4.281844380411729,1.101751348238043,0.1694765804850018,0.6629254866824716,0.0340634343175763,-0.05088982738563219,-2.6087005959315066,0.45158594878817304,0.8787345665383137,5.887495563930405,1.309922139038294,0.042993965642640575,0.06505644965824287,0.407183066724806,0.18687616027229836,-0.2531872189393445,1.121142337824364,2.9257035387173733,-0.2724305717485409,1.3877740211361704,1.9630654808902896,-0.11373886917576748,0.9347487261387344,0.16079026147120157,0.07499344658694662,1.1856229869075845,0.008463197881792617,-0.38417029272925296,0.3895861907801854,0.3537281592354118,0.7971774337068975,1.0954021750892249,0.8699655013531657,-0.011806254880211142,-0.013350860480796811,1.3104136561824031,0.2530656004806402,0.15077863620174004,-0.028430725081559416,0.8376499825654129,0.08948373546931343,0.2647056193287636,0.4168790123988044,0.8350235489097702,0.022615600860944163,0.0826590169634489,0.17226468380083304,1.2749477073009077,0.3519294898231511,-0.08761071795860076,3.4260657545227806,0.5121844554658121,0.5845907616165578,0.12007936716185341,0.138886275420262,2.5778871409701747,1.2265386292121905,-0.5142380081020477,0.17762200606605916,0.2413419830106216,-0.372747593140037,0.6846946515966268,0.3190457223955345,-0.15012422708881745,-0.4358321738243305,0.432019389511769,0.31102693357416955,-0.06908006656794008,-0.00999571734727045,1.1102886642028142,0.8531721791350515,0.2757631577568498,0.1217462255023527,-0.005695155102674487,-0.10711813808241022,0.018607984795774968,0.2937762439582263,0.2877808161751485
0.04457214773491058,0.3322185664619832,-0.09499903838768486,1.6854243397810293,0.051687201851949194,0.09051558260391346,0.24777672979656007,0.6976054236394971,-0.27396194239007876,0.014161064006410484,-0.19260561737558657,-0.10332339538768132,-0.16401355464062295,-0.0920609673854842,-0.13281714101841624,-0.1681034195519624,-0.05134699272310117,0.03922256630305476,0.733894329269372,-0.040258462229250114,4.531890411997811,0.7554962584664793,2.852510958416417,0.161258664255163,0.11684973902438145,-0.19410948689630025,0.05490318965211838,2.2047115230834224,-0.07008399695283707,0.4263552728400968,0.169371727337984,0.09663393797306874,0.2121410632005034,0.23896425427437862,1.4875559176021396,1.0252134171403764,-0.5355054589436925,1.4971114691207532,0.4410983807242639,1.8391737535014379,0.5236090080820572,1.0632511360472545,0.14839480913608538,0.5237718600018226,1.0628071445741263,0.878213190115527,-0.00820436956818904,0.1287523935505117,0.30272964757718146,-0.031616801193536936,-0.05965532584943434,0.6608601125315516,0.055002706327780704,0.7819171452198166,0.11200452816086592,-0.039171748867984135,0.14772769010112397,1.2495623224939516,-0.11839255947140348,0.07469565562828429,0.0629065658604886,0.4245235499544697,0.22227941942402385,0.2233462729784197,-0.13284571452854355,0.5900353343204987,0.3780530284538721,0.36631956723431847,1.5664966087414038,0.27111089592342985,3.4174999273363866,-0.08176814174570968,0.07191702049752013,0.4121664610906519,0.5132027897785827,3.0656133030249624,0.2463687760103066,0.6272487168735612,0.24083913508898025,4.200522292882031,0.31373034353959994,-0.19415120596769686,2.135320976177148,-0.2315217377490555,-0.14373396671521288,0.2131552378803625,0.4592165902979577,0.3100341653768739,-0.019427014472054083,-0.05449799541150524,0.7348250517186559,0.06907600654514301,0.6804452877935563,0.027191345137884237,1.6817944966630698,-0.17854760320340812,0.2612944107823587,-0.18886591397702834
0.15800642692530875,0.043646030430886995,0.13808823758387145,1.8028204308764337,0.8025519311878115,0.09428958263523413,-0.8522985749140641,0.7755131308082399,-0.22688488533743456,0.15746499350317933,0.2858308297237886,0.16710276682311065,0.5961922625528384,0.6590776515946715,-0.12007292030688133,-0.18781627888435803,2.515117604582783,0.09242583819630124,0.6290347457871155,0.10807156224859238,2.7392262543955717,1.3851304420004924,0.5000676208360311,0.06102553367634567,0.9952659589759474,-0.008486493626504554,0.1070438310487174,0.0056341732312663595,2.611755775421078,0.1560228672091606,0.044566115566893494,-0.5275234522814873,0.536267222672655,-0.12928822237636206,0.041758379478533225,0.10683064790982044,1.434096723789386,0.2079465868874273,0.42732446228043397,0.29056135634023406,0.6867640660104648,0.3480668665890221,0.256493647734402,0.15140631303944918,1.2737948452576875,-0.005086021209927516,-0.03191279739447461,-0.43824654331712676,0.42252523012458454,1.1554162887711303,0.539321885494652,0.8457278444226937,0.11461632527509114,0.7625917909078139,0.2647710859730603,0.6146170066181034,0.6458307531525112,0.5134942139007697,1.1805926013749701,0.1939834470056958,0.03139853283743488,0.1740253956279343,0.23922335716131293,0.5577817243221324,-0.4344500297004279,1.373229400325922,0.06570668855143769,0.2043523068151969,-0.0527776517129368,0.5648355167552248,1.3662707045084543,0.9561601444327312,0.2043237729646048,0.8391749139029923,0.13154203665406206,3.8868697654943376,0.01161904247514256,-0.12342875404909215,-0.3029388880069952,4.053530568937187,0.13234667791106425,2.106724613271938,0.4881282345519802,3.754032519923939,0.025096072416921356,0.4410956158427517,0.5775654837515178,1.975348812453288,0.0783250114558971,0.07302219582008007,-0.8727845295110219,0.0019582441646268656,1.4081635765022398,0.0018839530894552148,0.4048235046469921,0.5716836626259862,-0.02960702491238898,0.4190936706219519
1.813606420594155,0.11264549447755279,0.2814764469098443,0.3089420713528632,1.4181469236024538,0.3771928962221409,-0.36200465527094616,-0.016818478741637666,0.31964451142818273,-0.0616926789139578,3.638642242889011,-0.16896451114404876,0.9230660339844121,0.03710764107496889,0.16467236608299096,-0.2077012267345264,0.3902121915119672,0.7197519012303868,0.7077588987800087,0.053143279496310925,0.5398721769367807,0.27591903199599344,-0.06585065370778365,0.20267180694254172,0.6707185556400761,-0.2015022802430977,0.1573091973769083,-0.7957042296474488,-0.590173854959311,1.5157678136623707,0.4338909540042444,0.1657156415618397,0.3935222341424196,-0.016165631273937997,-0.007976085420059675,-0.029274262635229142,0.10451804408061971,1.6447907079951927,0.5150628504656138,1.9510398676959353,1.1290700552019786,0.6123880117006175,0.1169091543280576,-0.173632552225099,1.0958225926336818,0.30346148088424485,-0.04386499479876882,1.101307075686929,0.039480413693547156,0.26128538003317914,-0.3820732560882263,-0.5131999636403668,0.06058556157433337,-0.001775137396698323,-0.11213074049907235,1.5524160610646076,1.3335762900796908,0.518274032185623,0.25052082380083807,0.426337552542031,4.938521327977096,1.2487242945579515,-0.32157918461736124,0.13196254867117485,-0.09837220762486432,0.002333879441427378,0.4582774195734256,1.2160610430652743,1.091542938636688,0.4925029207236591,1.948968472114185,0.3907860414702844,0.09628584483327973,-0.6753365240012013,0.07300619844255873,0.36547537541776354,0.9449810310010394,-0.1502271262839341,0.32513807490912683,1.4343256440103112,1.8869083813576815,0.3179860174108544,0.030015491109188108,0.038572890648644,-0.007010726362068009,0.4262816837311467,0.0760375427853397,0.52075083512295,-0.3068432255678406,-0.0034637853459442702,0.3902344430777607,-0.012036619289320427,0.37315634893521565,0.07567566292496197,0.5791320566951086,0.05649814320321589,0.3537237841803562,0.31802521988556265
-0.0016198412022809805,0.2406232848321288,-0.18123321382806656,0.11628425174624457,-0.013477013884225286,-0.035524905560722075,0.3582220147155355,-0.4220527254191744,-0.9080910313930861,0.43513357727000557,0.14116547239772004,0.24233994046377827,0.6786405170481151,0.24410876069268506,0.19610555566083754,-0.32030496722911206,-2.793429456215044,-0.09977233489580328,0.22020705943734598,-0.24513101612933852,0.19061484810211526,-0.5538367072841712,-0.0576421174647348,0.9062041987186102,0.26863409558797624,0.5400918777303962,0.09832336042327583,0.6631842914869956,0.4308204409225702,0.030506232791573495,0.12113357405350289,-0.18974865441642308,0.11598807237728082,1.5013015815137756,-0.07273084142866137,-0.1396550685939406,0.8181828440178665,1.0397658509396015,-0.32373589637592914,2.578936835091562,0.5595274866917905,0.5059718781875144,0.311900575457253,0.5110396634017036,1.2768609990393074,1.2752086927615576,0.578499067410803,0.7709547262430934,0.32250493396290114,0.383214294053432,0.27948391814948126,-0.15595476122713325,0.15235438096676712,0.0716579286303407,-0.04941710846391256,-0.12476384790742401,0.06822529452057413,0.22864809128205366,1.5517779821947189,0.3011985338577121,0.20306322365485796,0.3598655489031084,-0.3332186781841031,-0.06994487329016863,-0.11280551961700302,0.22634034594180985,0.12273829375538536,0.26476697702322216,0.04303664691802478,-0.24117618058065382,1.1813915840222124,0.13449824327998794,-0.0414096838119935,0.9064108120668948,1.021155354716413,0.6032369815986725,-0.742590039331974,0.24846417649421504,0.4071867754866263,0.8239390888320708,0.5381505185343398,0.15797522283760568,0.5327006096592317,0.3008062044077775,0.031966971467431105,0.003490798557072239,0.37295948987859795,-0.03492894602572072,-0.17767429045016492,-0.4976620026835956,0.09864798300443489,0.04860617716762938,0.07909621536680556,0.025268525559420052,0.35554228179207836,0.4303281645929662,-0.00738705247933602,0.008106421351761206
0.37376432521436964,0.22371113533656506,-0.014216867750325157,0.5093347223568214,0.12233892553434345,0.12123728441471249,-0.10036981890070606,-0.011909703015478001,0.019431715222028245,0.09953265888577967,0.7495416263124275,0.5025134717875668,0.11838402632213185,0.6986509004967973,1.0089141440000313,0.13407667342105878,0.2552054999154105,1.1639399354598226,0.053305031303916284,-0.0031530974947653334,0.44995109354852225,-0.15351401754759575,0.2167874681770403,-0.30881262984004376,-0.8166857925862887,0.013468810585685276,-1.9269291506859414,0.12327734957600534,3.896457824691309,0.19013419538126097,0.03918586499012422,0.013164883138010453,0.44123413274231993,-0.26525614463517533,0.48376210597211866,0.4941499457150895,4.98925828334818,2.6163335345125285,-0.0974100991780853,2.328063838959779,0.8385339250717094,0.2198026500113155,0.09214758551120372,0.009943804506729936,1.0494516024231415,0.24448035742302254,0.00769323302703917,2.702385476689314,-0.06642295108964236,-0.5020165985001057,0.010195208090787666,0.175194762044244,1.0175533244021677,0.7039977693969801,0.1928294881077912,0.5084581424997694,0.13890481401600585,0.6231229162469951,2.5217690738504537,1.535885224328898,-0.016546570995346066,0.2769872647188074,-0.031082478586300866,0.11473232856864168,-0.08553294144923207,2.25948611793296,-0.03225182256834458,0.12451266689228291,-0.00722098868226162,-0.03424556107882637,0.3949279776768,1.5094977560168124,0.16214849943441667,-0.3171995982344322,-0.11071478530362588,0.44410316441016207,3.760787779965,0.2392253217176965,0.16600224414948928,-0.12214680439691428,0.2619854380786686,0.997947874987263,-0.06797626312796279,0.7411809220629344,0.395777334291024,0.3052479885663275,-0.10920570620503867,1.5519356328249252,0.007407834842443783,0.07187690106921751,0.44311235772669466,0.2520165073031446,1.2423430076541981,0.1597091035109992,-0.019496424265208034,0.16270372482509643,0.2259711554107362,-0.09837091528945763
-0.7218220592827,-0.006026937945971866,-0.08026691784420592,0.44842220054641624,0.34534216442935595,-0.07678900639834296,0.34060365281929883,0.1495585522527012,1.9355470659974632,-0.07484771330540552,0.5114325990497246,0.6153853007532071,-0.07902424172473488,0.663358312455836,0.8875214211517717,0.01799335040422889,2.3968042333846116,-0.09844463140872861,0.19166634006137073,-0.029085326479762585,-0.2351953850842179,0.44772760068739537,0.11829366759842275,0.918217707263147,0.22871446983592136,0.3494598052176592,0.990079385268789,0.33439431194523905,0.021679846071670283,1.7111427647036335,-0.1863521219795743,-0.3674444867329889,-0.6131216217161519,0.3474935447508649,0.11801312954461851,0.18205156739408324,0.20128249132597364,3.1288037518892864,-0.04524143654154056,0.3796847918977715,0.16070726715023076,0.8482984905070969,0.0986511282981315,-0.06083802467544874,2.6745681211498464,-0.19550405440731433,0.004901231362202996,0.18858123119472658,0.26114765047430666,-1.0315824577212993,-0.3960051113838867,-0.5581201401129618,0.2956105438830492,0.45188836307179114,0.897801134124208,1.770894152724856,0.7071990455342245,-0.018591903551671507,1.2773458922568066,0.7381370840347561,0.5625763249070039,1.0126369101148671,-0.1554302096192175,1.6357033927635962,1.2864715269333766,0.16226391068488777,0.01644208539422909,0.20991921092844779,0.2965062651006276,0.2420273076372439,-0.04006253396467807,0.2903401014554561,-0.06523242119043182,0.17847033495093356,0.0756089473834356,1.5932779583113925,0.5059312028953218,0.7852999147719615,-0.0549554992502892,1.1845124141190881,0.07974112744855866,0.5430091560394654,0.07179286610303048,0.08783093246165574,-0.07516230210322306,-0.617458526503786,-0.01898348238209735,-0.018482006659713335,1.4284246144179598,2.2018960090421897,0.1742159603152773,0.04147315327198875,-0.6567084191531434,-7.577381714041209e-05,-0.1928617042362606,2.5187156035317066,0.24441626053232302,0.13118927633167843
-0.7736605770915101,0.09880818532359914,0.7534340783604305,0.31734594625773305,0.018828501566743316,0.05382246575566807,-0.06862609079083981,-2.18958899014115,-0.31431439672212313,0.05139340547188298,0.28597901953884186,0.3754664503842804,0.42950728988137854,0.24246816238937718,1.7712498695011547,-0.018700653756464902,4.126546918449851,-0.9599526502011502,0.3762460599978321,-0.3043244577518278,0.20888048237496926,0.19502323491331452,1.5806674646882035,-0.03719508543193362,-0.0276691213439606,-0.039838213970693204,1.3094112954435753,1.2006012288240475,0.744058022955219,3.383227323215486,0.06558609789897663,0.23706776756064052,0.04049876305292166,0.2453045148676658,0.07408904889087609,0.3504699486333811,1.8432393975286452,3.582605149853854,0.11321216259364952,1.0440317825580632,1.9221429394105067,0.38809264576362246,0.2432004897460316,0.02995594380494282,0.11983087204888454,0.4389203984732264,0.5460035255287217,-0.05980977370613605,0.4939482694516375,-0.37978840035987194,-0.09986471556748588,0.17716943883752467,-0.12728354203211234,1.3580069945882354,0.5549446906756557,0.02971311860697945,-0.1380299413636612,0.3199307801569691,0.22683956763544355,0.24642184892093644,-0.0531060543606352,0.22183295303285622,0.07238735376068295,0.13774591676203407,-0.126574926692272,0.046869690243184436,0.5672113399070984,0.9343623484065198,-0.20747451787062943,0.44811606130983783,-0.08643855371110298,1.9473887841911228,0.033411109350141466,0.6052901251239398,0.5691696379145004,-0.5932668518166855,1.473361534596549,0.7130250907796576,0.1759944891011216,0.46443034016787266,0.092364219092548,0.6831381158975871,0.24732202824132532,-0.26543430462028983,-0.09426721651029357,0.4226063323046705,0.03605407267666916,3.698177375898542,0.07368365027150325,0.07063090561282692,0.15146852062772265,0.03276515706482508,1.880072622315752,0.01425043331855358,-0.5045152715978221,0.08644885825747561,0.5304586195295364,0.007481699464323199
0.00900439700833644,0.34919514506151383,0.07818657430458487,0.1458036528288269,0.35779029354302727,0.2420625501010618,-0.010470990958466597,-0.1418156603680858,0.6059845167653304,0.32272007997406593,-0.049707675957653574,0.4890996862644217,-0.06970769863312931,1.727724937214981,0.7828703465265878,-0.03595989961653334,-3.5358383600966388,0.4733045301441816,0.8289610679217088,0.07506285384044631,0.29106849987570893,1.740888895901267,0.14572591498095022,-0.3085098061912257,0.05396705913931665,1.0921487647194814,1.0036930091628857,0.08617950564997123,0.5868880875332962,0.17788616719164807,0.23787788127797382,0.33928108800832035,0.8377990083853302,0.01711730080232421,0.11243777885694306,-0.008942949102437758,0.6988210033491642,8.443633648097368,0.5013313124734449,1.157969392996467,1.7858130448493377,0.12518529488233865,0.172550175360485,-0.23636344846449298,0.18633644766492008,0.844360169099077,0.069729406411283,0.4000359563779843,0.2428903951461594,-0.27497107013927025,-0.005729961377456405,-0.21057868894678045,-0.11540705079973135,-0.02215503539446928,-0.1456483316736108,0.483523583261956,0.7215018804050288,-0.044987452073898204,-0.14177416840983348,0.4509100570370972,0.21372150507768373,0.3471489300908477,-0.07876534760102771,-0.1484344090703793,-0.19229913680369126,0.23067469254677242,0.060538650889411905,0.26246417571914904,-0.2560633967378845,0.23824022374916787,0.4458328015297113,0.3205754407809662,-0.006022047333573255,-0.3142238220826843,0.1677949243413206,0.4685278803769135,0.6374890444684129,-0.2805059779299164,1.0114736447265695,2.0585261231202967,0.7486773172776866,0.8154198473472221,-0.08299925848850709,-0.2570607878791282,2.0533331092917573,0.2269323823817757,0.31103592990575457,-0.0013883897583548688,0.22157295782666342,0.24280126316848882,-0.9836945547417084,-0.03345564142826074,0.3658637847303936,0.3128790477829577,0.2032471843467123,0.12243255139933229,0.47786802085037294,-0.0793481654800865
0.07230925381624642,0.2673175467974698,0.06374497224369202,0.6159888809665732,0.47622303490612516,0.5419316856641236,0.07658162035888205,0.04206475422226763,0.10690424030833334,0.09403067412365029,0.35068619384452093,0.2114737589690101,0.5113186707069435,0.7922026183734214,0.37118457137214733,-0.5203794641933044,6.7019289172022845,0.22812572835589862,0.017529618092475552,0.674708014853012,0.11488013919732243,0.20639100874005867,0.4328919044705213,0.07979049623615886,0.14772143729023046,-0.7068664706734848,0.6189390128313703,3.2278710126632557,1.8892875278113141,0.14754337014019647,-0.019198123851193127,-0.3031067974544204,-0.25750031187862543,1.7310327180604421,0.15080973848150103,0.4484312894818876,-0.0567359222130821,2.9690216121643083,0.4861747179454401,-0.07794765074511023,1.1414454873363105,1.1165177538216113,0.5164140891683093,-0.1254264812893453,1.1912743814803415,0.6528394207833177,0.30158308461234373,0.6152055467020032,0.03196331355866633,0.058985130621283854,0.4964274962509472,1.47706610579469,0.1085372621515841,0.11685116139268437,-0.16875471569226264,1.2399964049861785,0.20765799840459032,0.0989096772861906,0.0032761911856176162,0.27988689240446973,0.41591900373343416,0.01017440475052922,1.54777404193743,0.2817304332014121,1.8013916918879573,0.12562464691091435,-0.012954592189967862,0.22241425396102477,0.14143204866369974,0.007914268263816027,0.2254200940365676,1.0891766894473367,-0.10352216279928506,0.0053993778723198105,0.07206082690638471,0.9954852313373812,1.0106594693952333,0.48833361656519614,-0.07571962085481854,-1.7027208654655706,0.33443302357952476,1.8096699594249825,0.8330323741410472,-0.11158541401754896,-0.2889580303018606,0.4264883303516216,-0.150797083008253,0.5430145347580302,0.6477439410790922,-0.0060161383728853934,-0.28278608411460837,-0.00503642039071206,0.06938121514536055,-0.003511225272189611,0.5305661688236532,0.8470387182074539,0.14880905602172279,-0.2999394209219526
-0.0053085952389824165,0.03134478277367814,-0.07072589371521065,0.0866121584175481,0.034492327082844554,0.4172879868895425,-0.959075108009408,-0.048270823675931496,0.25032640711057663,0.062218048257990155,0.12622573759109157,0.7427636236532429,0.2865627184243733,0.12878580903679104,-0.10658247265968113,-0.2351651371948349,-0.4106323993699674,-0.01737543171573286,0.10027522582492043,-0.1438950075682479,0.3317406964557925,0.25389390928222744,0.2349225973029574,0.03504104357488602,0.18741791332619062,0.4165000847504512,0.9112306624384381,0.029864340108372467,0.20055738477982565,0.17332036681748875,-0.010372314766950996,0.26291885760327816,0.06359826808613978,0.8315545324240183,0.6810402387082952,1.1410959566011125,0.968719622388698,1.6184518877278187,2.116844165894465,2.538183303744618,0.34056179610484527,0.6313542418654432,0.04233670988393001,-0.7375668789043255,0.7063695813501338,0.41475630339947145,-0.004109520868420091,-0.25619389115365987,0.14425313003509022,-0.07477592755313722,0.5236220399352387,-0.5369521787086575,-0.21618525788725518,0.49041529536193273,-0.0736746718168293,0.4482628303385181,1.1264115019515275,0.6932197943025775,0.14048609022133673,-0.13645753895637114,-0.008238318437892467,0.2687188872029118,0.9356444092958265,0.4454613899511197,0.13950370229151154,-0.2506215223107926,0.32497908686075405,0.49191440703177935,0.18690103465822983,0.4259524447659082,0.04177947491314882,0.23512533491378473,0.017326405164073577,0.11851835880818706,0.42160409452823755,0.3459314003863947,0.15970430487026688,-0.00351959232356025,0.00358114746720517,0.019246897902014837,1.8581443292259392,0.14140390505867595,0.07935028903842323,0.07991354874228129,-0.007496187679099542,0.41562484849521564,0.009139784190157929,0.26848084653534166,0.18465189582353858,-0.004432023321879086,0.3317668990987199,0.0018069379762897242,-0.08169346632608265,0.007591206573087206,0.30488467692006793,-0.005895912964441585,-0.09991537383566307,0.12464547912955859
0.2758977818096904,0.006461625421564143,-0.12844483284368735,0.7078247121874028,0.35187327218715225,0.3737068034847173,0.04990075761661128,0.06924192985102406,-0.11442670823683354,0.2228247695808392,0.010288103149064476,0.07022707254910454,0.1258709024965965,0.6257226762288175,-0.42247739107055704,-0.11814832668360609,1.1958263860107485,0.7578689768399549,0.9141819173526828,0.17262871341610886,1.7065050755346434,0.1426836214253404,0.27983054727093926,-0.15651767191903332,0.0696735158356745,0.016389003272093472,0.2906245876234612,-0.09653338241688925,-0.21429408491223345,1.6882903693706837,0.09000020627836491,0.06025599606205301,0.3816292091868956,-0.32963862321622717,0.26350793511469606,-0.20643414574506957,0.1972269011625536,0.11711170969411278,0.2260895653867676,2.360545087121669,0.10122764337994106,0.5441662998201551,0.6616806822095986,0.28477241057341107,3.270131467088283,1.241633227399964,0.05723123320216583,0.10922991406767135,0.03180057808763914,0.18486199276598292,1.0593769113624951,-0.10818702036234118,0.006024350200090289,0.05127384962759596,-0.27727126116288403,0.3040687899431971,0.44198546752660084,0.4875591055467643,0.0174647802151231,0.23026093426971883,0.8073433308172324,0.1488618696613795,-0.22132778220266225,0.20950927180116308,-0.609852612641065,-0.11932997998185257,0.09052650163210352,-0.16429457629945432,0.05428514226864767,0.6385264227039373,0.8267798773252708,0.8532833395908597,-0.0020293039726153594,0.4912364287206392,0.48359342593197585,0.6933803361270265,0.5907551350974813,0.308797852355422,0.7073168176632496,0.7561156095775434,1.3292289151285974,0.15092444581103326,0.1555003377942512,-0.1202001470855043,0.4885190557201593,0.6455997810145377,0.1511114618186653,0.008581095773351421,-0.05159521294645053,0.2644086619584547,1.0208218412883312,0.1567038530535365,-0.09928134570493574,0.005273808646120148,-0.005207524694986532,0.7254216786210588,0.38738186516616224,-0.20058746154424623
0.019017908481947288,0.11452382507392089,0.24938115440108355,0.9411915147263015,0.1242520287204254,-0.05911831415990898,0.1283371706137828,-0.12959732436767402,0.07356504577944367,0.19581202361112293,4.370866268149154,0.06888680019744875,0.005962577190413043,0.03753684220632003,-0.15150050905478807,-0.46608219169974596,0.8803895936225965,-0.11190721734486786,0.7197314566474589,1.4827758096453891,-0.002254207321825241,-1.136776761201988,0.31512950234489434,0.18740368165862442,0.07838436869692833,-0.1596653896619893,1.7687385278366956,0.007425193935509888,-0.09671714042273383,-0.06547320696666858,0.560446134271821,0.21735981284705197,0.8938799963376951,0.42950599523373256,0.04071175672879335,0.09175715633421877,0.06276422383235003,-0.021056618564593954,-0.5191048019248035,4.013341593564448,1.1222398855621663,0.3277539219466492,0.03180611821427304,0.2432704780330024,2.887840755172572,0.9372153274408985,0.09948978418970356,0.8021345740113408,0.08339485998366225,0.3005649934292638,0.14415822427807123,0.46017885774152223,0.04528064679188404,0.001805571446539922,-0.03094855129310803,-0.050051956686657295,0.9054033047638828,-0.1730395086380616,-0.09407619805385359,0.08741526312403414,1.3748436125026853,0.36855682786985167,0.15937297150031782,0.23081208245625628,0.8083773539709105,-0.05810307979695484,0.11577241054369125,-0.0012316815669262127,0.5558831022676785,0.15680995415939236,0.3455963670933988,0.25908472266171234,0.00048288801242724055,0.3909634482169566,0.22282847145577822,0.11552829852700164,-0.027109497505779956,-0.0037786299794184686,0.18783607243039846,0.8677254314262592,1.3115305988779102,0.8279020912832422,-0.0776976073035982,1.2972355538157112,1.555283776405191,0.7569587343422786,0.8370198805007014,0.4886898038677572,0.30941907624939,-0.23360170088984944,0.9021264238294062,-0.019243643023466817,0.6442368797468312,-0.021607087549502246,0.8870998780918127,0.3731707775815778,1.9279673730941784,0.05818639924618019
-0.18158725650321106,0.4177503801312743,-0.3154433905708798,0.14371447495106882,1.1526648251803544,0.2521144071197967,-0.04400667703551031,-0.10631743265581406,0.9777090163273092,0.5451998280800834,0.3322932508766563,0.08597586286593639,0.13561312127935676,0.35991620773302735,0.005481986103474945,-0.4845346211715764,-1.1915797459189061,0.5267894843704406,0.6131754443976583,0.3911202783930441,1.2121275775062879,0.040667498829503046,0.12421141695851201,0.47385030661139815,0.04748839798506577,0.1550152240000755,-0.37782031525814475,0.013987221443469533,6.883862193788342,0.14532633188764166,0.019095399266446655,-0.7328424689639057,0.6533561069014269,0.33506649893430396,0.2653049745836187,0.4349218529640315,0.8972380352407754,5.442517623136774,0.10273527168649998,-0.2618327223168535,0.8354055782315104,0.2767596767968312,0.08832538801880574,0.14774354757480612,0.03748153034910784,0.07625571583414725,0.021019717986948017,0.7514736533818418,0.8707184391354494,0.7957879315909482,0.11672648199537061,0.2370944701849198,1.4011398940430206,-0.08466879394859506,-0.2558957120020029,1.0931585263975174,0.003547806245709051,0.9183785163018108,-0.1477067797826086,0.146412417708488,0.0905487116050816,0.30821986587327643,0.4344178518459785,0.07889362422336621,-0.6669378971304631,0.026016148618420942,0.0194897300897674,0.26026431057617483,0.9103581680956925,0.5772402410574262,0.22935316014961327,0.20869802400054116,0.32153183169719624,2.3912357173030694,1.648239527280543,0.3827088270471646,0.4398367655441833,0.2323813811615545,-0.03312480156266995,1.130085863521475,0.4907315886616006,-0.3615971852214219,1.1289048978993934,1.626083753652555,-0.15045476149298143,0.1012455278703257,0.5799083220904464,0.34806338554981764,1.7869552611267947,0.3568902378868102,0.3267819740637412,0.07438250500415933,0.10080176655957018,0.012800458484008459,0.7097817053332083,0.3309491952243082,0.3087111159147611,-0.08371073594828893
0.25538347980446297,0.07795268674924216,0.30863942209628004,1.0108836329977429,-0.0018566559584496378,0.13115388130692995,-0.03028425139240465,-0.06066437218940379,0.060797393256294185,0.2297706748665096,-1.5201300058158065,0.19844810284682612,0.13992428904654108,0.38476410813480877,0.14796991149213978,-0.14309891607592728,0.21085649116464733,0.4975005063866078,-0.15275346503791543,0.14295597338490662,3.625894313087908,1.3336069511094166,-0.02631645197264909,0.006171593508400797,-0.16307547221738883,-0.8034560534082154,-0.3112190102836285,-0.034791135271035944,3.9094827489103716,-0.3458888800235753,-0.37253561626139975,0.12257990019151421,1.2105321587060205,0.018899151486015953,0.22689657153197107,0.014226724495823184,0.3758501293284007,0.9809678343158712,0.255917912978902,2.417027037791346,1.0568869883349095,0.2792578763881659,-0.13868239585763398,-0.14914056403554188,2.0766991726663164,0.8431817593755397,-0.020068503838133633,1.5906308258897264,0.20258379726686604,-0.06374449061365972,-0.034682079859048365,3.7705049590677113,0.03732578615287707,0.5264515658682885,0.1367051536048436,0.6692961554894863,-0.04939658940047398,1.9528904466246928,-0.12245083704746751,0.16586350393576765,0.14794071872151182,0.04918141190381986,-0.268605674396432,-0.018058220870525776,0.03601359061365095,0.10720584578773984,0.30735343924031433,2.1877055779952164,0.03111848706541398,0.7420620930667639,0.6006010502338981,0.49495570756544005,0.10703860735927728,0.3934096089228638,-0.07478054902159492,0.8672884270651808,-0.20840956930781118,-0.32727276465170974,0.20103979291383123,9.06177315522554,4.261720012400557,0.4802574504500665,-0.22219083169724918,-0.5751591593303793,0.012477794402958153,-0.21083154475605737,0.10302032271212092,2.4656182720917137,0.21524437934975627,0.973121893964628,0.30438111415876,0.07255353419558919,-0.001775538438885782,0.00978261979556816,0.43511431391582933,-0.1657859548184506,0.6791264372404289,0.15574624084209088
-0.4178984502814318,-0.16013737285862994,-0.023784366525673395,0.494336788154083,0.33278944355261686,0.22979005423450793,0.4621732678499959,0.04828234139882959,0.08936328836761653,0.251471009633085,0.9171772137301017,0.6095964258861963,-0.022232120814446255,2.181747125028757,-0.011732885454429631,0.0873992196712825,0.5107796645829485,-0.19100313916753198,0.0060387115327142915,2.7413687514886096,0.9302777266481104,0.28722160775705774,0.6061046606972669,0.1978363840281503,0.1693979300924302,-0.7956444759473418,0.3093741383419806,0.13288607380472772,1.706000084579732,1.5167823003981011,0.06502954573171449,-0.5069086823254931,-0.03844840427802376,-0.10339658344993286,0.010535168012792973,0.2732348101115436,-0.19955554340065174,2.5625886911815137,0.2368719360132827,0.5018831105311943,0.8067683367128637,0.908140737039183,1.4888927805932965,-0.050596485134104086,0.6504679247213243,0.0925835059435558,0.009208419556760106,0.06028575182336349,1.6845356203251303,0.07140185971648538,0.09004493094659782,1.1507391613124867,1.197760855051996,0.30345987772519534,-0.04822167488585194,0.4051689719336222,-0.6593878866660519,2.5195617573244817,-0.06556726866300489,0.28029461296891434,0.42958068072691624,-0.004499593262496937,0.9464588028653451,2.709259855506094,-0.3936520977401674,0.11119579970072824,-0.032909310193769414,0.2820740446601149,0.3301167150232027,0.33724045239475586,0.8545787506795817,0.5413131684131018,0.09680511833231087,-0.011700854415290785,0.7199180521300264,0.02607819341109252,0.3154945664347508,-0.7420809848708809,-0.1541389158253892,3.0551853524748935,0.2695166496752721,0.5922878317082603,0.4603960851601965,1.172437814496388,0.34550449763597335,-1.13729611746626,0.27098750705972474,0.1090735376073182,-0.04903041339344849,0.30216920458576535,-0.23619852844461686,0.8566823217576074,-0.04171149825371323,4.8482536037397495e-05,0.7029854497758219,0.0216284141755807,0.19904080109895173,0.04865727787093044
