rep0,rep1,rep2,rep3,rep4,rep5,rep6,rep7,rep8,rep9,rep10,rep11,rep12,rep13,rep14,rep15,rep16,rep17,rep18,rep19,rep20,rep21,rep22,rep23,rep24,rep25,rep26,rep27,rep28,rep29,rep30,rep31,rep32,rep33,rep34,rep35,rep36,rep37,rep38,rep39,rep40,rep41,rep42,rep43,rep44,rep45,rep46,rep47,rep48,rep49,rep50,rep51,rep52,rep53,rep54,rep55,rep56,rep57,rep58,rep59,rep60,rep61,rep62,rep63,rep64,rep65,rep66,rep67,rep68,rep69,rep70,rep71,rep72,rep73,rep74,rep75,rep76,rep77,rep78,rep79,rep80,rep81,rep82,rep83,rep84,rep85,rep86,rep87,rep88,rep89,rep90,rep91,rep92,rep93,rep94,rep95,rep96,rep97,rep98,rep99
89.4087738991525,29.509844328053703,0.9553929160069945,18.25322738103513,40.47971218231009,0.015547927120211469,0.6102444981276491,2.7823009486541945,0.003888803718782974,0.20961783565907144,0.2640672755420921,42.244065877744205,83.31940389746131,0.019103897822465576,4.893173637415305,1.8242034255540815,6.144641658692543,117.31474917981126,1.0199742398389695,15.29337958087751,29.00976408240388,2.009008757274902,14.133094490290565,23.467086539974552,48.18108820673147,110.48846910443045,37.141937169351124,18.61951900865173,8.090325926999018,3.129691123995297,15.62237981072256,133.88633482984082,54.34615897914619,24.381939584706327,0.4083211529986768,6.153567502775467,17.447356877921145,0.5482241516943915,9.0789535768902,20.110712017113553,8.132947127092716,75.9229216748767,1.412919300067136,59.41583014381531,2.8581854350651454,10.976540155730921,3.8910162428816424,8.600775577897348,3.7325334266269117,0.9980586601128807,19.827284662685493,2.291570405606862,14.115625708998211,22.087173177983576,44.53403397709846,4.587712415135057,3.359791007046019,4.265994355422364,41.58263430156875,1.6187259742648576,72.25770013307802,1.0256027854404142,38.90557131871524,0.14869625033446798,11.039979286070526,3.328972060113994,106.80494752426941,0.8864572999289493,10.902405043676183,11.973612044089625,70.1113360444155,70.06959572032056,3.3226843480753505,75.26061075265953,93.20916343032337,5.596319360274345,231.35803462307794,4.510541859656938,0.40667364679388607,13.869717114627047,37.584024196532326,57.11238549878794,10.54087366378952,15.260718377484856,1.8989840282588633,0.023169467606457772,9.715995576631904,1.669649533745881,0.8765096051826413,100.30260650680282,10.195640008854147,10.657892349614757,0.41743507169040495,17.259364383871976,0.7133778114016627,0.05603184704206132,18.517402395537268,3.2189032651138056,28.46830732348283,19.976610975913047
26.922748424397803,0.11276717632077826,33.7539725712477,173.81620364127727,11.101358786058249,12.635127086615865,11.267610565270353,9.699406328769339,0.21883748109173418,29.217134892932947,1.7468959161893425,40.591145906963895,22.86357294674238,6.661993378265219,40.30730212707561,46.56059752281201,5.908315987532847,4.1450900244710365,3.8069029414831608,75.78239237635461,0.13872517898474435,0.1600578793525136,0.963002707512723,0.07002121490742486,220.00022701926628,31.786970807546012,0.704097424225532,60.93832669602092,26.627806155144143,28.80643025410807,1.0127728590439808,97.89642758407393,1.9243101064104655,18.757604956762822,5.643034113440267,16.349368237581402,3.8737597896220155,34.36286100226046,4.945196977089998,12.897166367485035,12.963427731817937,8.7641886647751,1.3387008504561244,0.5683444537473754,73.40775838408207,0.0012343714798839223,4.348031851336101,3.103624776864192,2.1946635640816448,5.698303652683797,2.3757469578648838,1.1184323247034023,29.87474430231298,32.8949711014049,27.949504947734795,4.418261915758158,33.88641647873382,8.364939445763792,0.007817084285745679,3.949365166919458,147.4901458780859,78.87340446551354,6.893834327975304,14.266191451855017,100.74787131811645,5.327592221164877,8.611819191587383,0.5985075700826243,5.360206370397373,32.438594097433146,67.60763705038838,13.45416458933667,4.862009816255109,0.6118514588097774,0.8754401257295967,3.3171708057876788,125.25167700659306,12.214161101859041,9.692136428745936,2.731258550921271,0.6970888673968316,128.78602918163006,8.311799538690497,21.724266634768973,9.19200097673344,10.505331809681092,0.14989035274011409,80.21999474702316,2.0828496964464804,298.2805843694252,29.588923319609915,10.243583772812162,0.36829687459271376,14.541130131225717,5.497451048658758,82.65867888613519,6.218701968895984,8.386368535016693,13.672185351487185,5.9197762140595245
16.297312475800172,32.52797701240533,8.471605124093898,0.018168760399506212,72.88439220277459,70.60087359864853,3.3962788187362882,7.60855752808929,0.7157462106744514,0.2730329403180036,8.384277898299686,61.18440974712628,49.727585949621364,28.468724439456945,11.89397995938263,55.8551359062352,5.8786374083630015,169.09282827448644,1.9138527637336136,5.694796876550871,0.04630847995068166,101.2797454811973,38.75418964387295,16.327139604887666,55.74337703645724,89.89160071944083,14.934618127903075,22.672469084054704,33.00282279227938,0.3612245443065203,0.3548550471131948,31.009087493179546,27.130059503817,1.6330237707016222,4.033827879628037,42.51670308235734,0.08672229958451183,42.650261556501974,2.993010981988478,23.39993604140557,1.6488858068790426,1.458580116285492,50.095480861932515,2.429179984016919,23.51917830138738,12.891726649700532,0.2828027503593127,4.055993044024559,19.41990882326258,12.316201750077521,7.786092045365385,1.0916750572716145,77.35295774364461,25.31749935640568,8.620038319650806,2.889730529533445,10.226846584962678,3.665670609484099,0.3258290930154306,12.182027903778664,49.90778030250873,22.650097955871825,0.038582183587093866,5.720741193296286,0.5350716880671769,3.0971909952627534,0.1291335653978125,10.434271194335185,3.503775436793825,41.51999392278477,2.835147614458542,15.97210484620436,13.896663435982735,1.914887674280382,15.386432294107708,89.73448368665251,128.54778317274128,5.159339148374797,0.4589694247178677,28.687576456910257,3.5383534755617223,92.2542352198955,1.12406149382482,24.428414009173633,61.74659968376371,103.76527724406525,8.708495901483722,9.31187424968532,10.814253836201765,42.50430214940479,3.8136258859559744,0.07749792516804632,23.794853563394412,34.68475236441895,16.017531597915145,0.475530732211892,14.72565808729112,49.471698631181454,26.61231203909597,135.4090137028428
3.722624432120101,35.938354427104585,23.04492349665125,11.886893874477666,1.7550682231512802,0.5415309601011913,8.63926534991032,33.93949205628533,6.36872260897922,101.19686000139296,10.302658150966511,0.4152293750104912,33.72359646308193,63.76355834562993,2.83089350763753,18.429437366829106,30.361514014103335,152.57040394841977,1.4344852511998054,29.773747538769523,101.46003182327719,2.7683155338215517,48.58961563736217,31.88517516129871,2.127084295513505,51.07897938346364,0.11816285334334165,76.05606447768447,0.24850535238310822,2.9123930019740545,47.36126676765426,130.7293018489753,11.670757257091244,8.35011339610633,0.01911650120486108,60.202507945563845,27.4956523860649,51.88612322901588,71.36109014521381,3.652963166648936,161.78197014872464,75.4366015192101,65.51674948867338,0.12089941827624084,39.0424921074633,3.855101556237088,19.55521573235417,1.7352236674007657,63.134790672465115,3.2011315649890424,30.594421925143045,10.911043960054188,25.405479502225994,0.9548842035194323,11.010021905653346,4.132627629623961,34.328171247620745,7.477079927736849,4.653360734685814,1.2850137522500358,112.9646841785875,5.433473858626135,37.40450038450758,0.8215238221945338,0.023319387788818702,26.766691988401934,21.420731594725517,35.09466573709649,1.8206168593383736,5.970796791970721,3.411094884934804,54.53912051267864,14.522242812627994,8.726893632353082,52.0936777631119,30.904035966770827,14.471313917927928,0.17153575397982368,213.18798680147026,0.2048384067271547,85.70557055254297,37.3595655019179,0.07871517220485824,9.11685213366879,0.13998138471310906,69.64903858439055,0.7140403545115293,2.88875808220261,10.8715239003699,9.923471777612649,59.11234095769884,61.30124694323724,111.86579755532442,6.689954162756889,7.310029566263593,7.020414412761829,10.20958985185543,49.51019762204349,3.8135670227382983,0.4147144417655282
84.6468631608904,149.3949517933161,32.630011123626396,6.094516121279229,7.1804300158610435,30.92492616327642,7.86053584189702,5.409985448167439,0.38778581240640353,5.83591255680788,0.7594996140798695,14.508051013696633,30.01208126926086,18.259615764266464,0.4250382383048463,1.3720539299990042,8.060022295424178,31.872769516989525,9.968462513188282,5.185375318501881,3.1905526694488664,30.42289452051876,2.751607726194197,1.47522552997332,89.27383631616071,17.714661997216083,8.109338623315512,5.974039270046211,3.6311847565868067,10.719833915787456,1.4021485527497486,186.26191311603543,25.998745514088316,6.957399085082781,0.008121724442309297,3.0017804639146917,3.819255248749295,1.1287481396432142,0.5721733884176903,19.170234509017686,39.10937994172354,39.88488800439043,1.475417414606678,72.01844500399525,5.085812383183349,6.7528468043489465,45.757013599589854,6.466322746356999,26.09344816753288,10.524229132329019,2.327204314604402,26.089700531711603,24.052401742887525,11.52483916541599,20.61637148165798,10.72011990309881,19.772673956179997,17.089296091811427,20.98658996121967,19.197175666938563,171.85151397066497,9.987627418821003,29.405043059326225,0.5347639064497054,3.2358638089226712,6.998625105894721,33.99933883257227,1.275074743138104,17.048580475391624,83.8573641462468,0.07072307443427395,7.543014258149278,3.7728211290004614,10.174952962971982,41.07474800773245,6.060578613288722,104.63998756116104,4.079026997611136,47.959718267545725,2.0820391432995757,16.78196671985625,53.53899383750351,30.2584135651818,21.29213254228204,4.9530083849938435,9.581115298121604,1.0528996977225287,61.56109445371419,17.28238160285475,31.117781787153554,0.17703111652987946,44.60783534187474,137.39095694839128,25.855136133099066,39.26314793466215,33.61772502758965,42.52431143191575,8.531405655936783,9.144436643002097,53.62242319019472
11.990980380903505,26.543731998804656,2.4556234009910423,2.01597829227158,0.02181487749968225,1.5483393759731578,4.1727042145059725,0.02815582330245503,0.006121632305385205,4.4462086954560025,5.534109886682305,0.4036364166189168,15.688768329257016,10.32003705050353,28.235885998865655,4.5116358876363964,3.8811934861758903,83.99277645311172,6.237692437825231,17.51453107280362,0.5227947004252762,24.97059348704227,91.04814115890328,29.81452847516031,32.64438201864135,0.006572315986425714,7.971546552798946,3.602635392645139,17.21620479351119,11.504903008985174,26.173452750959743,63.24292020733129,17.27633773683072,2.0373520802766256,1.5037318083018794,38.06973987758248,6.746445403889243,9.158886095860417,10.436657522724493,0.27774154679914353,25.102753685627274,39.42170847178631,34.63646207545946,11.079327441483457,0.019061094776156917,4.260564749659862,0.11334182354941014,0.5474380873992275,0.4278938392868876,15.367522406780319,13.377573935348842,25.073578474109812,68.59204191132068,151.49060141556748,58.6145099736804,18.86450483655789,0.5451186363961957,19.372295030865693,18.134617304652544,2.444956770789407,75.49444682932563,9.25545789399637,18.92087450326505,48.00328577882272,0.3168851044962455,29.358659231607273,28.53265758856176,0.9687469973973384,35.14954752474891,16.438380110602573,2.862917976450854,6.184825929870479,22.256946229711108,3.177440817125129,84.90640481710892,1.853970754031046,31.53751552771176,37.06905543268884,16.080870741447782,0.15562433331104497,23.019182358279792,67.75289084321909,96.30196787812984,4.645779833370376,36.78719635144658,54.015895172057604,1.7626972302432584,7.139372207030642,61.56778277362279,41.19489550254863,0.21833271296631596,52.29266859832854,0.903506849321039,41.65039867963976,8.579025129757975,1.4999020279554482,35.12127104644784,3.396684465928832,0.018423523010364207,5.933996745297307
31.989003620748207,5.624561653400303,57.92798097081074,5.732697960998397,14.567449775795122,6.063902275351154,0.29551550875993016,0.1389870641120119,18.349938523512783,13.60907941265866,0.5675905521018798,3.743212937011105,25.360053057311056,49.709427246679546,29.25913865467269,11.234729879094395,4.277173644266155,268.989244611802,47.38837003382166,35.69506867449265,2.6229393542816126,97.62260273054888,0.2014162352097939,74.83226280225404,37.500355168021095,1.4267725094057608,0.07191861826483326,45.92010205764703,22.509347793607887,29.23360528923031,8.929246666928634,59.4780804149073,0.9346072821384448,1.8197399636097686,9.731879947616651,7.906219613415754,0.944328557905461,0.580747857529329,35.14862160673953,24.529349755055904,11.4286991136253,19.482845505041183,19.168747820334954,1.972376453850167,29.045607411831647,3.2474856235756775,89.95511790993773,0.20917011235382255,19.745369228066693,64.29768740902213,27.573096368156705,6.7912089321676525,81.84813406646575,76.89687606871574,99.16862275930242,0.5715661463255044,7.879631396073321,42.66130192654735,0.4921831558455416,1.8411515552936875,81.57279314264697,5.80174511351526,60.49997498397555,45.576186979310016,0.008727856407535484,23.241948066983145,1.1846983727766238,86.07028487863943,1.4016098044579741,4.48378526928104,67.75554449758678,0.001833827518177511,14.543700439517195,3.7172312083205883,122.99539670798016,5.062158791052699,39.534080924619666,3.5322267940346372,25.74609834393699,7.170498458086307,50.78634237864965,23.3049573128048,0.11167585827602622,2.673484675579002,20.070594569409486,5.1680590718104344,27.272952975636393,2.880755877841792,4.599881175164729,63.078980378850254,3.3571691110086794,5.22885114590314,77.1617188504185,15.078607155647932,13.719201650512538,44.827103161251024,9.81563698688909,10.441514861621968,24.857198077840067,102.77347300455303
31.631211385116856,81.38490093729324,8.428923325256385,0.837557734881619,18.499855030453734,14.21864032855347,0.7672067630043422,4.83271686020889,2.906589706526489,10.475904535859978,4.500459396222985,6.055486880194438,0.0011139860816058444,0.7129427495969782,90.91449580121429,46.84990050468569,3.3769669076507354,72.31901196720938,8.619432985983169,0.032293985846127526,5.603139838949238,6.836440037246254,0.037183166110673405,11.652850194323035,51.61016043199582,21.683788866693774,2.826464444611724,9.45754936278564,15.47094134348348,57.925535330041555,0.3329811658799411,98.13503735754749,66.08604992387245,22.666069474921287,59.19733611148851,66.11159274273126,5.314635905653106,53.13338523796466,11.214005556064329,7.785691168212592,6.306270309065843,10.138678354353114,29.34166859348268,28.484095413575748,55.12186377635386,21.927046664848902,32.805987176558105,25.827933713925084,0.021750622449414614,24.958346967945857,10.216410355231877,24.53026719852201,23.070837097573406,59.58838854998439,38.89658835442823,3.086991578415902,1.8746216938222897,1.2866416202550295,8.055439021132113,8.493157899883277,77.67324765368325,9.603037820848321,15.977061820417468,9.260680452553585,9.228424242355167,15.209935280711214,19.051033770452168,38.22898151998561,0.8715811014108166,0.16796950485898776,70.53708388492214,2.2572079369206213,23.01780323603222,0.05028184548822345,16.735376814424225,5.810934782170973,155.0028278267178,1.0539394567903342,5.534734198249771,3.1815915375685178,2.87703421976095,86.30954287140094,2.9248602479792565,23.240789352299636,37.057452839721044,6.4908858492432495,14.136905466621233,6.191640649786903,2.781404362453325,74.10250287439442,16.85783972807665,19.159230898930765,2.4863631895147886,17.32672118462732,0.2917009290797745,1.663692260928816,18.805607581492048,30.954659276100866,0.1357956348632774,51.89661772550065
17.874100241335118,0.43911116580412113,19.52097618001757,10.697365269107713,67.51335010881714,9.731760239348427,3.18975912513529,7.241047974631536,4.1497312740848304,15.113013490254694,3.5413848224771103,20.79611653201195,7.450078604872387,23.64313203856059,0.5574663386645309,24.093040637805068,2.798266273110292,43.326823755077946,16.776149841344676,15.098843463575863,8.760342526632042,3.3386115274289114,0.0013965008278837843,4.295305810413817,53.323528319010556,123.42120804241063,30.724689667147498,11.61343694783079,3.191849483703262,18.632445536128664,43.619132960287786,216.37133032785655,53.9076428448779,18.189570575043497,2.312528382522624,90.69538965617282,5.994899211298053,5.221784974135818,55.74523368951289,89.90604283071063,46.119818582663704,17.998662118516204,24.086762462697745,5.687949386086128,3.96762672502439,1.7532403500464548,81.55431301137035,0.04104858023895641,27.676408097858257,2.9877409092535654,27.301305485284725,5.623877040703814,28.724186849419198,1.58039573644038,64.1128722959428,10.355892100012497,50.579892704459176,8.996392773597858,0.43700991374926446,5.31449837418142,14.592113108151139,0.0033243966408367243,11.234508736982647,21.26890314665505,11.833477105685226,2.6956091843581733,4.726401399391868,3.2964257376722483,2.8806077310626503,4.328251129929745,22.942130686101923,0.5614593295006607,0.05903979770286938,66.03976841212534,122.886920049164,2.424051934444078,54.27413217611905,50.480245030647175,6.882945234516399,56.15166301559471,23.047077741817404,58.25700674322797,3.2767654622931435,62.58441094455772,21.496801157274255,0.30068569908762566,0.030093353592132388,48.52700257553519,8.760283485998702,16.697842884064244,102.8814417087155,12.919319798803565,20.924510338480207,3.4097542862717143,8.873042557923124,129.3861680716193,5.6172124600575675,51.44566556936925,0.02578635972288712,0.6604659582916739
30.862836223469913,10.284170305064123,9.661612143080907,0.11169479705279528,1.852414599338272,5.854054953801237,11.044575686149567,5.45787574769763,20.930893996190314,4.051461874066206,54.54882860109058,4.456293284586534,4.5550715330041704,4.843531379365476,40.50848457747428,35.21043013045943,6.951249434183581,196.10730906678114,45.99742763532476,16.61910170160196,35.03308724276409,57.081543179486246,13.669605764062787,38.3788366788842,51.81253890711072,18.042300817412997,0.08742524105238925,2.110288668967765,80.18483320475093,10.783868076848094,4.276965024740924,72.69773972089423,0.5371985126165848,17.072240692183406,4.450883536824785,23.032062093089436,0.035327075844064026,88.8923195441219,90.90226723154957,17.94682807439028,26.00491886452609,116.63093168705706,0.4028270013680295,27.01217355103932,20.99060167246765,33.82544758065245,4.252851957987639,7.839598002205582,14.648693798915803,5.756377619771609,59.19434015598058,65.96203010055129,30.80727434929023,41.94638639042617,87.86128973368926,44.13263780001665,37.96093351714023,20.07425979961416,41.65484141987589,0.012623012733520511,123.84101500148886,104.58785052757793,174.03662794497308,11.212876493565387,27.30733965256091,1.34113099339634,7.755399685437055,0.04030536286328079,12.207855811885423,200.99743872304086,0.6737065627426908,2.2829763192313974,0.5687074153763589,0.4208393670303998,14.289779258008874,41.96533980166467,35.85169492702214,79.0586580554408,61.977769921577945,2.3201071031652987,16.57573765994361,3.4239567092830825,4.965968676871885,0.0015519576342990504,13.848703102272568,12.190760422518274,1.7348421076303344,41.87140077479463,15.7496795755393,0.4507765273341242,11.52334940648617,33.25172881341837,4.562058327240946,36.19233377317217,0.07488628555337229,0.13321500672116748,1.2702566764886614,5.23856068941917,17.413822993753303,51.60587092382435
92.83989166713991,9.998212262090945,0.17631318037321453,7.103367340043391,17.20261432049365,61.854840670451935,23.864222243867747,0.47485835750506844,35.324956000132616,5.43666342636981,3.407709388442291,15.050301043960882,8.149971760088903,6.39168850302884,3.739049477947174,0.08436244772180679,21.764428435454004,47.5606295022007,1.2385340268628067,220.0553946397059,11.465444878879866,1.4272534113813125,22.64722407728729,56.02303216503835,73.4349614325068,97.64826596469987,15.280444631607407,8.08594387269022,0.11550306463831905,9.282531916548109,2.2831897718775327,117.29289728869308,93.80982472506972,135.0249086160318,4.378663056199316,113.44920322829476,12.804304673395077,1.9625354671732866,46.534026823140195,75.5922173118613,1.165660917721893,44.20509087638635,10.416203994370438,5.114406754692163,142.37663427765344,6.912393765834568,33.740180802432356,4.984500339504573,39.83999573669254,35.31756865732745,42.21793272487989,0.011464761409442303,32.56963649921797,14.31990883072304,45.62667040722053,91.67564244015965,1.428131593395412,60.313316495941415,2.293154787233769,36.64317315031758,78.52878589360033,12.832714218254687,16.203849946747564,5.277664025743803,35.45051729523768,14.811977591779232,3.583233691791984,1.2904164887610188,7.997219104143655,84.37539086751588,113.657848030223,10.577526753295086,8.731616273987898,129.85818579356737,101.03880013907997,2.4785509714855873,299.7828907402146,4.637469201378939,7.575570309344633,15.805463241056177,0.6110345035080238,27.42956926086702,41.45965426482359,1.267726798937022,30.08572095878412,6.734796939301642,106.76103698344167,27.954861502339625,25.04177685955787,140.23615318305806,0.018802396875594596,36.20081678123273,100.72223736429804,18.1087666002528,25.604963953475888,9.252126095584417,0.9299612940286086,0.05443257668483081,8.994605642128107,24.497433951297474
3.650923656858971,60.049928294938724,10.715957428156125,0.6929593453377727,4.038885280082146,1.2218279285659452,15.026509470230133,12.99978733063153,11.13954183962477,33.27405685856424,33.71260830048598,30.030826390542888,16.96241295364912,7.037181908631927,33.24244025221005,1.5241639746282978,8.497430722023244,49.03151246770268,3.5096362927129165,4.515587248674785,36.2718434707551,10.005046701017967,1.4649201602254376,37.75784683684839,92.86447370314228,108.05851101789955,103.66979127290676,46.108763384538506,21.88060489248239,1.493073886569901,1.8909680439658576,50.67303797567021,9.585211158345746,21.527261655553758,4.187417004002363,124.66650180633768,0.15144728017275533,6.000565113618612,52.77398977216463,66.91767098259365,2.9602146863042895,12.580272001258304,13.056482705238228,0.709330980493359,33.36862291393855,66.27837406823214,5.876383590700442,0.6148372939028102,0.015958516037202664,4.07771190289319,5.4578457632261586,9.514657122925678,12.605058631937144,3.0179914263862173,102.06727811045982,1.0840769775253154,11.770209036461058,10.518454642499027,66.45760735174461,2.3525769255194273,7.076072101846799,7.620873816197129,0.049156982780802494,78.50775454650052,10.877179133897,17.77361027053349,8.45467642377788,26.965372517113522,9.48760305510558,46.62847476377827,63.81645562508449,51.83556980454935,0.6799853539578109,34.33601956172886,25.565242964865327,33.405591530176174,182.7190852054143,0.09617277377482525,7.788915512405675,5.445933880448839,20.313823238385446,5.078613424776312,22.635229515572224,2.7059508502695095,21.84772410966282,1.4845700574458145,4.591073054145543,4.375692113156168,10.715379898854362,5.2713577209971625,5.3460830756258195,10.644202570229014,21.438929412123535,23.432960310776362,1.1114407493527625,11.292193237312148,3.6449214595470245,41.26053343211479,41.77913416112874,104.64690178543407
0.025284492999381847,1.2560116323602522,0.6971405086133711,2.969758764552928,2.7043088989386312,0.11265838212147017,1.0948139127719219,9.309815864954095,3.8322184156040464,2.0551101179411706,38.40426504712581,13.46871118143941,0.047626176132508746,0.29394464564979117,23.26197831361174,41.37737660051556,29.778472872637664,80.03276460187065,13.494534250433764,25.630962621492216,38.87859749870555,0.7116325211658716,10.899005886369867,2.6318955314861086,95.73999964269578,0.44166790062314654,34.242812844967276,1.1149982010962014,2.9350304389044366,16.559115061676252,57.808946977945816,26.828828984583264,176.0262216007781,10.451124612151858,34.75441238046783,70.39990105212682,8.459582513544643,69.74331739551336,0.02346596870050588,1.4669672180504545,0.9354631675557226,145.97509543019387,14.88014510174598,15.978386267584131,39.4912123919508,47.11425868774878,36.79667075470508,0.023045746487990293,20.330615261258632,96.09266988665709,104.66153552027535,1.611571905855035,83.1064842512513,-0.0017019632660271178,40.81997595087337,0.40129267283358505,48.65388696917627,50.50822558264323,1.3236756725320848,35.04761023073248,152.652983603048,0.8264951290773865,0.2578452446882489,16.16333475735682,10.204888387317332,24.925637991293797,2.30460789751462,115.63955408507475,0.6068413692139396,5.636051187581707,50.181502738694086,21.188384981926145,3.281478530148803,15.266120744033573,0.25731976100419374,24.156966021802745,144.809404859775,40.119964412922734,59.89425975462716,1.0862097350434503,2.1051107875945343,14.807180447013394,4.178007849374827,1.5776790906281493,33.942973500414006,8.88693562969038,18.85772869787577,0.9050315411957452,79.78216910711889,76.03178385149018,4.846323527669192,0.0436601242887944,95.11940381091597,6.491805492772906,25.463799555137058,2.5642111435152755,0.9838497535042041,28.02060611820482,4.5666959722985165,56.63320282788689
2.5110496380335805,0.1015375260309681,8.655034700536504,43.92658793604741,19.315166337212087,41.2349254239366,0.07735213698738175,3.0474848778295187,31.70644823337883,9.458768566161925,33.64730693170993,0.857381051653423,14.747756232184749,1.7239703662493886,39.00775120786026,40.887653707041345,0.1133715110954121,171.66445615228997,0.04319735982255679,21.030284784045897,0.0012657977305394752,3.087978878118208,3.2826096851985795,87.97744349629583,56.24781710648821,0.9245636050757033,1.1663633411525298,2.472686244936936,26.05815121844271,8.758323548518696,0.5907569355025863,217.8124845913764,240.2543673456891,29.493130410575876,6.054500775208403,17.99593299837037,13.648233819557108,58.461305992743476,8.197271305715988,70.64856082649568,0.3747227971357443,6.430630455210285,27.450286412563496,38.46211910124868,12.35774953095668,1.757255980802864,3.7094760709881296,109.05474165773445,0.4201220653593527,8.94246079528856,21.15736976622849,1.552383041445621,24.760023311993248,58.36181240168396,32.63861078141351,34.84622251336141,0.07380564574452109,25.816911279992702,1.3510396896096637,1.9746114155883543,216.37205141971114,1.0621568453655872,23.7060637321935,14.603907268931179,38.25713064989871,4.742446191153043,1.0805358991316183,0.8028745861259772,53.031400661230904,58.11886379570463,0.552284196354206,0.5091404037246381,15.859399370165006,22.80155755026967,82.4354612792275,26.5551498642653,51.14736034651306,0.43349717470405436,4.0103817220663265,0.3597510408770086,0.1285017590787092,34.77750496647326,0.8778072802781898,12.487887648119177,62.65867019214651,25.394831677257347,0.005689425326758979,1.401311405305404,0.17649336387128267,99.37329733703444,15.283563906508714,7.755823015124021,10.128377524077417,0.9889829278625397,8.085065901731195,0.09408704361525677,7.87439206904974,10.448515897058954,3.727475948467509,49.90584080462945
16.46320317394892,4.637937765020837,2.468832758995541,1.0241179408032188,0.4594765655161783,1.519350875935766,2.4765560986788033,14.852822279224453,46.05021160692074,23.707672461347407,41.54250868104609,7.068173116435135,35.071444800542295,55.15309432633376,88.08482217320885,3.648934026884227,5.23484542836016,5.316079277856639,12.856158976496292,94.62774140909575,1.1275116503501437,82.63689562083584,15.10667193357687,143.65651357449303,58.94876115540529,2.207508992005871,21.217910340309025,0.6389093935366796,9.418206711826103,4.113466521009096,11.617629406885454,17.88063950606885,58.58496315486642,0.5454096751067423,14.569997049064128,0.010359058026961243,16.782241342522084,1.3265965290271833,44.34258837336402,34.25306559603709,73.00819670868623,3.0009289588483146,31.914070837705047,11.053199585283261,30.049334889768964,2.632112678512783,12.057822604423386,36.45843757970754,10.987061003124328,3.6284222353820876,80.26294468495398,3.5317618076555357,10.918661935510437,48.966130280692894,0.3700369008571638,39.38508242317513,5.744768290256074,0.5205123216341665,22.245758303370287,1.130027669111275,217.7790372819655,14.247838065692426,5.268846451527169,2.7716572662881704,2.2363535508601977,78.51899783065356,26.397535126658735,104.06636228288332,21.125154091724447,47.271598017216874,2.7846948425270837,8.41539791580492,21.719950788632023,12.89243842640579,77.10329419636659,7.332247007805245,79.78225238679686,14.478270426731484,78.6940420808996,56.10522654633612,12.832525787796516,0.5423045548799132,1.6755062439556259,113.26182142209458,4.264133413289471,0.025334295124874284,1.6137428211688842,0.19858687931194652,4.187746838772014,36.16825016098949,14.203523110331432,0.05330947938391084,0.02844342294513602,12.171892832196116,28.58465784939612,21.286205425998,4.0464456690568475,4.578583434914727,31.139605245438503,4.705860902626332
20.05708947352129,32.235694244848816,0.04993891590598576,4.8724570121628625,29.5258072040746,2.0505923308497795,0.015084887045869522,7.000673361674348,0.10619672746911668,0.7065271845187304,17.96676720456077,0.08426626802113191,6.0147036683410935,8.12280846358201,26.75060771683982,22.77589296095175,26.21703804659611,34.597510333910975,0.022503189499114562,66.60930988517421,3.0612959265234343,7.857767672726819,7.67376301666014,82.55709763122545,14.9735904245054,51.07384870987124,48.809981188684844,39.06120419845282,51.56697626374682,34.43874822071136,7.020087626348393,166.48790428130053,5.222685766467576,0.018577475264295984,0.2603322390896836,77.80178362340011,7.134344289960326,2.4925716673421894,8.649387101172087,62.975224642923536,2.1432035358322334,18.995985943317475,2.7859914776950827,26.230702066568078,49.94755878881774,50.9881915201724,38.369894822025444,1.5185171647613562,8.875741573913587,2.6675920861316023,4.011172860540922,44.327255470330705,96.17379008580463,18.856134391738287,69.1051980161481,0.848188948513604,69.4743513439866,1.035226122901972,2.2642971663871467,10.693706305734349,32.86975630431807,1.4530052778422835,99.9011250115556,0.42176029568331685,0.41945258489262116,0.04942257005348605,19.702892491321883,0.11252593850430692,28.267116262189425,0.9393079862205891,2.5567363566879022,11.945318199571506,14.240167963667352,8.24897367168731e-06,131.69723862727636,11.403068039996716,68.83739977449824,52.75137528861106,26.87957572726742,14.680393450936911,25.229444337736044,42.18475797854244,21.66359408925844,3.1182553546014473,27.72038661260538,21.850088138039986,2.9358202750167672,37.76368827136194,17.64052558169837,115.95944771268516,10.479515697304219,0.4467629329984888,137.8785860550516,11.423927997412829,55.80199252084316,1.3935413323478434,2.2912141132072827,2.4355913748143867,19.70402618158942,55.43727452915968
14.819667553943642,81.6745985461152,12.851939094724157,67.09725476480901,23.959950803450162,55.662833003967165,13.508609200606081,1.7019649694058092,32.077773928713015,1.1545166131298537,0.04426055875595747,31.46704267491001,4.970246208190946,1.2336979199638267,87.97894006829694,2.8359942518548724,0.9966656570704417,132.0389045842818,45.49337396672757,42.21870579261149,0.12160604550654375,1.1910343003088224,3.3381280726327205,95.46410896233914,21.302321296487357,39.30857939246114,0.11422462129532462,96.59413081790302,17.603596471509544,29.419744300396793,9.840732151218493,88.34858425910974,6.472229160677713,58.890713867277846,40.07584002397628,128.76819117119223,15.94097240513188,8.002586464266631,0.08769710547032616,194.17573014244226,20.862802301589717,22.35898991613174,14.829391774797443,6.671636766102036,101.81614518548365,14.030915541867909,2.373220825936407,16.96926679003824,8.958840238628063,47.44962543667205,60.170185336673455,2.853747689635817,27.46077338487079,2.491894390711348,94.29235605688987,58.1070601144069,122.48506286483327,35.81018151789464,21.877986327461016,1.2032982047769831,84.3529323902531,4.348769153993082,22.676320967823933,0.6982940039573853,11.750831763190277,0.010674910778719848,5.464402269197553,7.809913864500553,37.38968438350074,22.608688210091085,41.224027292505326,0.12895275050572597,0.753790457535322,5.479351153200005,105.7775128320272,0.8214480336396175,0.7785024866154648,58.149740393040716,49.82032926281396,29.13881279489714,0.1963097580090576,7.385050256613147,69.7599574462352,11.57985769530331,73.83351312979812,76.65369494010457,2.1587753602078825,1.2576060003121157,32.25604738195902,359.44627936630843,3.9999695038038467,13.553502989166802,5.5020185715289545,4.995039783976759,20.99301727907439,1.3882569794853161,47.02966718568581,3.7581195992419074,25.65130949055719,4.4296167317791575
13.661282718250924,4.048099073415337,2.3255697038016354,39.89012268896864,15.954557475650846,12.46183149517436,42.100109120282546,46.13681403161035,4.250664194338457,47.27178549352103,4.028745363373687,8.566752556481855,4.807029125442083,19.32187035567651,0.23532304094049827,98.76504066391104,38.180442001938104,107.65824583401668,20.852389119969633,86.95396229300496,4.785409554669914,56.38513810230597,8.009199458570416,1.3827889151352117,68.98933062339049,16.867814959191072,0.00039788911636851054,4.019880034243563,0.0018981548461587394,54.61436724717301,5.595514996358288,88.49562992488937,51.4815131420867,39.51395943109134,0.9123528604252185,0.2824520480647914,38.0001338728638,3.7260428001562165,0.6860903497021509,61.18339792762141,99.7941440659379,2.189336811460131,8.162011658678814,0.056950611586597866,45.47036875620009,10.575507710026217,0.3685860165973791,0.2100214342854394,0.09566319831733017,23.64573350066495,25.67973955750858,4.6856987533067365,0.1852789315414478,16.34571682090172,142.84624329192152,0.6426741175748134,89.17653031202892,55.26482817562605,20.003384011649125,1.6303340424735868,40.77677753180835,2.4467948691753936,25.006654385099917,26.13915760541137,0.697175021086359,2.4134825505424438,12.199493976780648,63.304252557797774,12.06561972536408,3.4234138925784716,113.87088987721197,22.659387374951596,64.84683115630195,84.38708799576847,196.64046131010116,6.118986358694411,120.50824241273725,18.73364878368365,1.173688317344662,160.4653637913943,9.863161979564989,156.55950988119716,30.499705891614166,9.369802971686406,38.923401670039965,88.15519708946256,85.99634117900978,4.230202257785853,0.008034971530547885,1.9210913350910275,0.711834686961768,12.000149956047476,17.75642250469385,88.43412222856767,10.35498373944517,3.5147022301228343,2.7655307438691437,15.471976266142043,0.671164409030581,2.933631637371718
3.564689726758731,3.0163171712294297,0.002613310380580991,6.302009832625242,56.445088491291685,25.052324064413515,10.768477047280475,0.01947839995804035,15.478298969784722,13.378533496874747,7.941555275549352,69.42931977235571,1.7458181102556547,16.375287492255044,63.772826200026216,88.24448169082949,4.759324296318293,125.35581915879942,6.780090358876302,19.975199836327857,12.361798933029807,22.341951525613204,60.119600874645855,21.861688479221158,28.325105883898292,40.73654124321127,4.042560796425791,22.101075662424385,1.8088499584228899,28.3483881136205,28.542667454557712,95.0952937331428,4.280579362511929,0.05479292465722274,62.40887877223672,0.9920139920708797,2.09888400215217,0.059325219757714986,63.572480668911126,39.31884918431615,10.030432132973933,9.931664915327568,14.496138480696061,1.0272368271489714,0.0808272231712559,21.860751643303875,7.20587501841662,6.706014515920607,1.9087087508077794,6.070360620087458,1.3143023003761432,0.20233381290869445,18.822121645834336,0.034841667014490874,5.7903239107360855,33.446738501331566,30.8114752713416,3.2729875263097923,50.329355200445306,6.9557741411751906,26.099568257850095,0.24591341961852464,201.39783902474412,0.9059415920464176,3.6210037722794564,70.02480154377919,21.787216226220824,30.889523377745974,61.365777956655506,15.836637757319782,30.963541348053077,8.173165531423578,6.9683331652838385,20.83913606544589,110.86169871734296,0.6851365333667534,98.17607994329123,14.2432749181202,139.8209897719348,17.753541325015338,1.8147088986504194,14.38636978909641,42.64514193820301,24.768310456286443,53.53643449622547,18.322562267764724,12.789091063531991,32.51372994122315,0.33895046680847907,4.672834418000828,21.259199545733708,56.31843343894457,0.6715309124956113,107.62321202164152,0.5584148370473017,24.892113955699468,90.45997454850328,0.08974567299132108,0.6989280066186794,10.624831393782515
94.88297029839049,21.252030508300706,1.608878451826631,64.97919351245129,14.438647187469384,35.46696528164555,20.25377013409957,3.1152976324844266,0.42614707627304416,2.148460019535265,10.772603807592095,38.47247083866176,9.599872193488302,15.968957009453359,19.029153847313676,7.393631112298325,0.8506333753901361,53.54318123451258,6.586563813336058,19.52552956231105,3.905844097552257,8.909731680194081,33.105882210741264,7.08553003081635,41.0023081271887,16.321336797331284,51.25284014069591,13.81784116272074,3.595761897155997,27.76254366281848,1.543528499485646,127.11092362654078,84.02416480123176,117.64331263645285,4.025464725930977,89.32769656390569,23.18912970752203,14.790631168486438,10.812903947168392,30.040746012307487,0.06883861765340615,52.15737950711495,22.739854486847136,2.752240417722949,0.8573307157078376,23.308758408840664,74.73992899201058,24.576844076652115,12.27702297168129,0.09715699291939295,2.6595854875966363,5.712483001789023,18.812191871479495,85.97197731440097,124.88111082348385,0.7670423610039556,9.634371289854293,10.528426657340816,54.47686064722476,3.929688000158741,19.59728742952816,8.949232438352375,70.13161212409302,0.07297828452698063,9.273826579299026,20.450399982958213,2.042744257075354,36.65752450158046,28.699827749974354,35.76066124201715,1.891991102993586,1.5947292996212967,66.42187002517576,35.15630873257945,89.53976425231528,0.09440445812459686,104.78984690739597,2.3063659016265836,41.71227630930605,2.806924808437726,42.1729898524349,46.94015283533601,0.0634345032272483,29.000555043919373,7.391466379616916,70.26025794669197,3.923776600269777,6.844520541269652,3.3357358161017654,34.416339950518335,0.7744051398490024,27.707100617667763,0.372772424339856,5.320191254680025,0.0025057511466264337,5.564422057291035,2.4056872510554594,2.9213734208292905,12.781051528918855,15.522947035323078
51.62150323351077,36.0170110235548,0.052193482277276715,2.72606002906089,8.291091270924678,4.2939575232808185,120.14038189652892,0.4516170817575267,5.99602647163718,14.07744557529345,17.873432053467674,66.90549009253175,10.513421821924695,4.070308715137771,0.13311664594955186,34.47679774924006,5.764252376207203,39.595448541384854,2.3581714583071633,27.72229598925584,85.96463736382515,8.745941419343191,59.638800141214055,62.37415636259481,440.9347836711573,34.39269128672282,2.942713602498271,47.10483939180219,9.15534885618667,16.590349626736725,2.9025538200854983,120.72915073655146,24.026648259629052,0.8699184569996996,43.43078588714337,12.86564690617745,0.06840309205415362,41.37192300410047,3.6425049061826904,73.78340897550157,46.74683851430908,3.8712285188347972,2.2115354713801345,10.119056010841952,2.535653013329954,36.7568505365283,5.518700138275589,0.6414422947442899,14.862295779563631,1.4209867475237319,38.81138818545862,2.8764342249456814,112.94194199440031,17.560018184601294,58.39282112582833,65.32182281040151,110.27743606854112,174.92676804764062,4.5313542068895885,24.18634544583446,118.70639407535235,28.64538063429519,5.972146603935281,20.970373890190135,1.0177087883170568,32.26031134945944,2.9240697957440354,8.738592228536657,42.3214234391566,30.989635722423575,52.196805380219786,0.5338347876482734,1.1381955111923094,1.5172426002501123,57.69389676185837,1.1707043169475644,100.98728358906384,0.7554045488344587,1.5870806950507363,0.3142072868985748,9.615431664211275,16.295312705500734,18.23390021058981,9.453759489094534,31.12023622407573,0.36258048344561544,48.80579681831477,4.216176104431034,1.0340391641350735,44.84724453263942,4.887293831875695,3.2434397670398143,18.33045694549066,0.5988743691668792,2.876675879840681,0.006975224446711614,22.945187796296715,2.6327640222424282,63.16346130527011,0.01535832834740436
1.2526242263539196,15.199313388876861,30.94208684003972,8.8782669120215,0.34198088082488987,15.384940335576637,38.146318306648354,1.2939830081826753,1.5190938931382805,11.104647253646235,0.38316175432195365,34.12004065583632,32.828196422869134,19.54477491768607,6.044233563111776,0.980132564009299,20.175550195308723,19.50556558772355,5.369306705816145,23.597174415731708,47.44639430236493,1.7951647116629994,53.86476286345515,1.4742996643850477,155.86948217819491,18.061345625330382,3.947829360419086,40.43883478319165,51.37795001237174,0.002207545825847035,9.760357884247254,88.70567271030862,1.8064430937120353,84.95475107368905,4.106816176229965,64.78446450483769,12.563470843931775,29.542523175681747,34.54213800847704,0.6705443185614399,62.3971374869225,33.56786372857083,2.1742531791056985,25.296161790031636,38.46968854082806,36.916661520901236,1.132649957875068,19.395029642909382,56.41763754236851,0.16107428887294883,7.818149395192444,20.62315162919658,34.78314022882218,33.566394046470435,9.959189972859658,3.858916138176954,37.51070515875909,58.07831169302882,1.2557508031520097,11.421339533649748,205.2395787708385,9.536070605447833,43.207764351253644,2.6937294574252597,0.7114330525872177,4.278243634853022,32.53196358263536,19.467359363634714,1.9273960933537495,51.78409624190858,0.06870358933834719,16.711134707083374,6.545644510007428,35.6326098466123,9.628973656601161,11.527496107641607,71.93595510565103,0.08918182547138054,23.872988825360913,18.111102903970412,17.083443475190784,31.595775054060407,0.6547638993525213,9.113848053263835,72.38572320377068,0.058580532611808955,5.961197487245661,22.11332132036855,42.80379682227243,30.030689264613155,1.077795035734077,14.875179558888213,12.869659204923563,54.688053210772686,1.7292419793651501,30.606509285796562,5.876872552565253,16.359796833539953,14.491772797544042,6.805684187916471
0.005903295559665622,30.13875120197143,17.987700335961893,0.2958633372780346,56.688796656570325,0.810134750784826,24.240643998645574,0.016572950860751945,7.2990433764620875,14.060840794446577,40.716196706948054,2.9594916826242446,25.166008066895596,17.241743007976705,64.67171009243442,36.10529244431037,2.62256033667213,0.7079012517627055,0.8982245003162959,52.78281480159464,15.526854581456726,90.62617264269144,17.166407888585553,7.725614793990829,96.476318063313,45.5279772590626,24.127843081239348,0.8910710216016584,0.02828567787990499,42.070094136238886,5.039989886326676,33.26064962591246,34.44104512786716,17.98701956933401,27.796462487002103,0.7465328122022878,2.5710314303780795,36.929682992626454,19.770185465808098,70.94866593131025,4.265686275521251,11.370362977301436,12.136847371416689,1.8165529980017894,46.23246366368995,60.49536309007672,0.061065484036086026,2.568252126454815,37.673937170439274,2.43891586724708,39.30040476392128,0.4848161534202484,5.100175766884574,15.627638685090073,13.579056259833214,79.84122362455341,3.754542608771603,1.0893751731487735,22.283979809314623,14.640629145576938,106.59885775369925,3.7198795358478183,3.166162164415204,10.156146353968523,22.308238674780437,24.682090924583726,17.798810906794106,2.208155503179026,6.007074104942161,67.27317539119548,22.653200436973577,0.06629285344779401,1.210959519567382,6.940001124536817,88.77766949980354,32.88278782032462,12.652814714971132,2.434395930232862,56.1450871879929,4.5070470290927656,33.44075815424801,13.177393779035192,3.06875674700473,43.01077534581562,50.947015139285895,18.66239909537471,26.63654418752779,13.24580185792775,13.574453793659618,177.45163637198306,34.2535473770851,48.82297845558497,68.31773147374949,49.277245244420754,7.821580505294339,17.070244311618264,1.4567914178340846,2.251667376049398,0.7356260437431743,34.302358685871965
25.67777964656755,8.148304483051891,42.12189165314711,39.43574217664485,53.195457531464356,49.48986320406068,12.7847221497517,23.378513241445198,26.00417684530982,23.73706529785896,1.9567925306260499,17.22431336443006,41.97603272669873,0.29785264305411907,18.39506625404767,3.5040738218705645,17.938432881672846,67.30975746895638,3.5365994675000856,46.14477518693102,0.007524704264229243,1.3853334664909287,5.471324794260976,10.010168853226757,21.22714115954268,0.04260825410264779,72.32296072374862,2.0275836130520437,6.3747560012639095,0.052798102156185855,1.8276309098977115,394.18295273201403,42.822940849064516,2.1540473489539336,0.5231919150358078,58.39531114923302,28.74604115032508,39.66388623289554,47.724495580740246,32.790784784836184,19.731235488669345,30.356491002261457,0.055290770424560876,16.575801238336812,6.111047696753886,3.979231477622923,2.9378952620195484,89.63205987036051,1.1806574003651615,17.849318588821465,17.277869735814466,6.889874320284953,1.2981739756236879,11.558845145322648,2.889357592670339,53.41720666011995,109.48609847124935,40.01066405878362,33.42632833753976,25.307165057774125,184.11599171554366,0.3407178081919291,10.491477151541986,8.94830262139888,6.01348775826774,13.535443827059924,215.59026852197277,33.20085812328063,84.79917678437555,117.25373262054829,104.71590543689808,1.8229603571303148,2.610765560539596,12.603357502604512,171.7065015446131,1.0763903884155743,9.229100177839623,106.43578784623159,1.8778682202073664,24.880563514903777,0.5307456865947646,104.08597166072732,11.865788515861235,17.701189039349096,49.5821147237786,29.27831295189079,52.80621328390173,13.003345886764288,27.228672366548505,57.923184102794536,7.8142357279781915,0.3019743743338985,15.271095712717011,0.6514112741795959,8.321731510629089,-0.002981717149075358,52.924247129385066,3.249383576274116,4.3050347740823085,7.899642796953376
24.44402337845267,8.936763001650805,0.5459842516524356,2.920425180026788,5.588219518863685,11.274723421066316,0.19167080125499147,19.374935060464633,106.60652503468567,64.63346447614012,2.358027982342038,24.434196347320047,12.06625235576356,14.853954020667556,26.173665932981248,27.302879960848816,15.232843899133464,29.620587455796915,25.889001762514532,14.931198842423775,0.9488633465657283,30.526643955459456,27.091869105996906,0.24463089854079634,24.86627037755377,84.69823506145396,10.787785156474966,1.3029376961807406,0.10591431171541821,1.7671601159520751,0.03435513757729636,44.1661460788467,41.05742252832502,9.749291178077652,2.483453294410518,70.04253050646382,15.04126992367966,20.11667870698833,8.414390854246694,3.9821461411177426,51.081573662243116,30.127645341200626,2.2350300630810978,1.6198442497705443,36.43922488614633,12.493977181089512,16.243557350989654,3.848386861603861,70.84642088378087,0.0031513123192752346,1.2743544538534213,21.739863194613438,2.347368313141301,45.5451374156577,9.786023456616263,24.78926732737094,1.8292952820944923,99.57087070214989,7.0527145115340435,0.5460785585519528,131.8354898190784,3.4331832028383857,76.58452684104981,65.65751755189117,6.327034391808686,21.88914842588935,16.239345385989658,8.558157763490996,89.16382246679542,52.93407933466611,21.005100548236122,2.9593040044045065,22.79350957917712,34.833767507019466,79.78375360230109,18.92746904045094,40.6524517640042,44.2183268772984,0.026008763081148523,2.9087323657398683,1.3378210471639065,33.97506952250133,50.697532166104295,2.3087671732346875,10.099374780278241,0.44341328140208347,22.1176751737045,0.969288969893368,0.844068081566042,54.501640734881505,0.011195189350170942,11.3568050655252,36.76971962413661,24.23862933377617,78.67071712983756,18.573587324588743,34.097815576134884,10.930400854142363,30.900554900431313,37.57293705455491
28.795719954668236,56.14851610041356,1.8335874027366947,29.62015226667893,99.06359637681251,5.966236694367095,0.01189549192538264,0.0035606951685593913,0.9498444459993394,4.093439881335763,14.043583038191898,3.642612048262822,10.478029875894176,17.6459959837494,56.8355579877472,1.853129620690778,0.14340302580040287,0.7274526306236249,20.012088398544762,34.641308726027304,24.837455575976303,13.83746349728516,24.40782777038313,12.462892963476422,67.70583213227289,3.7994440188375806,37.93974024950563,0.17574800194290408,4.942307783516098,14.985452648661202,13.618340942913271,150.97270762102656,38.25398485093708,4.018021357752289,1.85300817204521,30.92989217247198,2.0548811783960677,7.244330206933395,7.3797611276192265,64.27851622096169,2.3533395427438517,30.827605620879503,24.07300651808603,7.398835935359848,32.31730722307073,7.519740133389094,3.8918148727378945,69.65210289204366,40.98730244498994,26.27442274520007,34.81249172151652,14.727657231108225,72.36420035524802,20.474396562240823,58.09361709745519,21.306741834231065,2.3102262088625847,64.84479004101188,16.304895157969973,0.6252702154081611,8.987028771187902,59.21569455278526,11.93399107204473,21.928407692965642,9.980632264144955,4.1260698380916985,66.04890703682004,2.2356032341532686,0.8086853651652337,4.731446163827327,33.54549637244908,0.13863306588253277,3.0018832980937598,22.77394134084279,105.94371044711195,30.040963434639316,41.242948200504976,1.3145432658216576,50.275760733364564,3.3757455910372327,0.3399485571457035,19.190495921686768,10.720151073199023,3.192431887642609,54.247962287995456,0.2630125756535757,25.958480865679274,38.00669172398491,10.445877661473297,101.30267758564888,18.63569444676309,20.97097457975458,1.2166712406365061,25.449974557283408,22.99800250016433,0.37157886315832833,2.6577379773175966,12.995814712837127,3.9572848530187605,45.55293146250842
12.077669797227781,30.171685029210906,0.19934043414053582,7.346750946644567,6.031286762069151,0.735954115442393,22.554837012041617,31.112380929907456,4.595818953421159,1.1048888595882147,58.93906325075387,30.97303999290324,55.775238552425726,11.316402965550147,123.47483919775068,14.283520679495087,25.184290482438147,6.618227593224219,6.844910591010381,35.042740282193364,57.133913029954485,23.84321739570182,0.004209073035128519,4.906292417337295,35.41786308906822,9.036947131241734,0.9707684271137413,32.76643628733184,2.16970386404872,7.237692543927958,3.9089961057456875,87.48280863099028,29.93670239616104,41.124978971482626,2.0944074053328148,59.096080769585896,6.903005660726242,15.07310862673164,7.341958222552899,17.364478931364385,2.672454025141308,58.04925872330883,6.093559086277184,136.1385564109407,3.361308105501866,7.137888245469631,22.40928271093877,8.651125745526754,0.15950130723709677,11.20065460739709,18.181735749565096,0.40656733757214525,39.865893914812496,53.333819251746235,81.1613073767935,1.7913191301320284,47.348176787311345,103.5765811129657,0.05580275140729185,31.38558200441408,37.975341828766254,104.09928210407988,43.50038939068786,7.3211434842464485,7.735093103382415,0.3935304389667973,10.926518463865623,0.735705942335187,10.905788838873086,38.35081659235494,5.106819169886611,9.232042288951138,13.745005983097919,7.285358595535117,49.61553802062023,6.533377685457001,180.11416825360135,46.39652143743845,16.17253726035955,1.726960094511231,29.81262402568707,4.220838784201556,9.619932260269517,53.33560276977897,1.8137278031036317,16.853243340018643,9.913931962375205,3.1277285184430754,3.5352032028174687,15.033950464738655,9.603593705994227,11.811135131648204,44.41666099243331,3.4699878165569262,6.718097272122247,9.229384073172502,0.1856621659089055,31.56495030548557,1.1959417311219314,2.2231963069984335
0.20702248525090639,1.950415899561813,23.91139052902024,0.6142876786974059,49.51766578627001,9.678719172219864,14.7372668008188,10.974974620253644,2.3064926629295304,16.4264639447984,0.9425225134577184,33.86523648103373,3.8081245294884054,0.030403453699378247,6.312750190052033,39.024672293976224,2.5926634124756784,195.82158352926032,10.478905639343186,89.26415366953282,13.545788400403056,3.6646303244167946,13.806325862570462,45.86452652656765,80.87682825569765,37.86450255956174,32.15739236388179,45.30247384414269,0.04810617508132786,88.86400325842567,1.7584081014665722,32.8723026297119,23.206889246318614,0.001112688025797226,65.19871749765203,21.236533585547722,33.902552669377215,43.76091653091172,34.44672901454862,0.052672527548581094,7.6848129315887945,32.15349215962534,0.011338070527221689,22.98519768611654,69.9322803285084,12.991737827792711,18.471607059167912,0.013285375882153616,22.47238868678476,8.861400664933427,9.097371232381786,61.47466969900748,89.72912165426305,189.81768960864744,0.722095983413352,7.496711039670241,26.77835108997671,2.7962477827314203,20.139248484737116,2.530631242063473,36.64870088118211,8.29078944807883,77.32888146382471,0.2415399047788025,105.57930725661467,1.2638966747229805,10.866977001319711,47.38581497079039,1.1522048486804986,2.103474284143717,83.863453814918,7.979208067395923,53.87225661052092,14.370508332179568,251.5526446447048,75.75101300985996,24.349942596985468,105.09280164896288,47.93052663811255,2.524827167793396,57.739819304748714,74.81993765949142,10.871718675152772,39.38747164713863,8.608046115817077,10.774818694876448,21.915347647763195,0.07619923734367973,2.913705310118768,199.7644377510079,45.68655195558613,1.1929351015538394,47.35427651550813,0.16806382066038728,3.664405305971237,19.76853997256623,25.195451111291643,12.14043639869437,15.423241805840313,16.246469939933124
11.832525216362463,2.47758156809921,13.55015579134841,42.910411226664884,8.011761784974196,1.3079898040913278,1.8037030199977835,6.893313259577914,1.18560195709078,31.78800406395725,0.1575840629483105,44.287778920026305,3.7328153997125124,29.56850183205427,10.076924923279199,9.860381233217566,84.0527062404284,57.70830004891852,3.5930575673591196,189.26224834957247,0.8167939871946839,0.5498594098011749,14.204412622095733,153.30676847702028,74.36548877228839,32.99182049603794,0.25803936995728716,20.797530668257295,6.6453005101716345,0.04109459661924397,1.2849527006444514,141.64799059597345,189.9649161120068,36.14691356096138,0.05586621533614222,76.6272206236541,12.03349446439643,30.20744358168254,20.712146071713676,9.470941377981365,6.479697121055826,0.013452395540747064,0.8099955266374188,2.335595039616981,116.30552578959633,25.919505912652696,16.914020713048096,0.49441577747496934,1.3642929098776455,39.150168888617806,95.3622946179359,0.5962250559961788,0.12693446648937723,24.689543070382378,86.34019082836747,19.996968644473142,19.202393213793016,12.172391147563054,35.86895998479101,6.370599502138308,2.228608337383383,32.233079038928544,25.06580269047721,1.7886954036005243,32.525389186827155,17.501382706853217,0.009051610222059026,20.079464872324102,1.440420166728404,17.57605876900959,1.4372203645082853,3.6539666579700363,0.11671749017086963,58.29984969955175,103.19405934373415,28.09084899883304,58.53099202794031,3.003126292563313,6.858151558685135,1.3567968509857522,6.0770601101831865,38.02915322357086,4.390225439093274,11.917680175591652,0.022006537832614192,4.9808038135781185,0.1403606061570426,43.40045117770721,17.350119719948484,44.89330280447526,4.384692850041566,30.351700879441733,1.7686845907943285,191.73971908730687,0.004861002907798007,15.142147019025527,22.3160070356166,19.249079467294838,2.5854621297419706,0.030751063163775072
11.92803724219965,72.70551348388034,5.670869932627815,0.03529768093682506,29.286733342414045,8.96931572511761,2.643721407314433,3.8909554744897714,1.8436533525740835,0.02850114528606973,10.707587612759555,18.127838569293036,69.83855837686384,0.08837797836728223,43.72988533107762,7.83062575440667,3.02099738627998,31.87330342008756,22.73310996878019,4.02736593942193,23.968801363955304,2.2539349906313335,19.75856604022964,29.045171341383544,7.840747069078693,26.096032673056953,44.46595774250373,1.3096668741737352,15.744605559456755,11.969487319463052,34.26991917276533,36.79101234316665,109.65899282838106,46.19585211790249,0.2593647877325558,16.110540393480676,8.941840493831705,78.21243592424385,17.563818672935433,55.8645615102467,13.744877090133649,199.5808392347661,6.342970626022757,5.559782584723467,0.3486634581530117,50.00058913517586,44.34777305856487,2.4171305788645245,0.35496759930098953,4.897321729963675,3.518476483702008,32.52923364723278,46.76314058427779,2.767068921410379,14.28046265881642,6.487272865148393,6.680589741276044,13.033350628468884,46.81315438751914,8.233611382240621,75.31422907606888,179.76421120470377,25.13573337834004,0.02801675883114285,0.6133490504940866,38.50092168452362,13.562105962152337,32.98465240005448,0.009575157773674015,15.580974328707004,5.683847256623179,0.17506451889697194,0.026491672810673883,7.976529208595913,257.72747266616096,1.8560985154578429,19.336705102529095,52.941419587952524,0.08867307373185085,25.78501649270938,0.11983591399677573,118.1725757153483,55.45994484325846,29.859051300426845,23.71386633942232,0.11548469981528164,6.658228391900924,1.5427457743404114,36.43847669509291,99.69411106702265,33.42678702841455,2.2576168803884538,8.744200768064964,1.2908277151203489,27.998678604372977,5.188338000629692,13.253659143389571,22.468292369930715,8.310573460924399,18.00237620819035
10.28388485698756,0.0026012713018532807,11.987820521304375,29.579867728108223,13.750654799234738,2.5231559732607067,23.551944824293347,3.43630657460257,38.45799106533915,0.18679186986028995,52.99825334091034,0.012656664554691943,31.969672739756824,3.68183494788998,16.74572728259092,0.9405328655475866,33.894188226225836,13.80879237969664,0.200410225562484,13.751975039148395,0.5137484209503631,15.66758845153912,30.922129448669097,11.92022377502076,0.32385819814709116,2.1507911088737472,20.328204644643634,45.929594800002285,10.718216493191907,17.15768969965616,0.00041968316536378225,57.35247151227016,7.622885998030308,6.366808567914855,10.0514070888145,64.73548080155408,19.25793018541932,81.40863052598496,84.71914936385515,1.3554326041151255,0.5258234254366005,96.07993355741665,9.976410034651437,82.14684415737611,3.7527083826301446,14.581645453250815,2.2274686214194155,93.985126799207,49.007668079317895,9.08499211559652,30.169830649197753,30.698504620133463,39.4881845691402,6.328630096697992,62.48821969245901,90.35171226619792,0.038339627649883745,11.549415812879507,0.0944612094708166,1.1958417566579929,1.9545379273033374,60.10074109310172,33.36610055769971,6.584859627596133,13.601484645514658,55.69900962247367,10.034609107776134,4.9981236335342025,6.020001292117238,39.259357513604144,4.236721670436267,20.863126193173464,2.5323295403408057,3.7352544298172567,24.09423354022431,7.617281488928457,40.635884140543794,52.9150871981391,141.24938158707283,10.26212154889796,0.6195482524443081,106.57544921840416,18.057223733917837,10.693336958294205,185.36722279957294,0.15558105000056788,42.35313299773465,89.16266540252636,3.0720128934116153,6.910488593976475,14.325201315069638,22.67309048726409,54.80834446043779,8.942238092395122,6.162578433352069,5.105125402305065,1.1583287607088915,10.001731394408742,15.8580990961553,16.430707303897044
48.52572690819057,1.1360213795251246,0.2505813632232634,0.004639327654416547,18.403150232491193,8.223160721380662,38.23932099017571,1.6057152894888231,22.564518197964617,49.21974365667539,11.26045261131798,6.919797578873738,1.0812989880570782,0.13882694003019846,63.55519961469771,1.2911837450935142,0.20165269961445986,167.8034777580087,1.1887490449750082,3.1975687227646103,7.549237202663782,2.946781632133613,44.634947299229914,0.011562089882630744,64.97577875137246,22.737402388645272,3.949174978924949,12.300705458367272,0.5883255772998446,1.6109677893994876,8.040842816686334,87.49620645065407,26.9545892724942,4.435065984545062,25.347119843260966,27.251563216966847,6.433334065579881,0.34949312155826373,63.75104923811492,0.09111606721222376,116.2760585733128,25.782692310360122,28.674887374424653,19.263787912961003,88.12674096107462,18.143796775245846,15.316783556704735,29.6890296539431,9.920317506163958,2.8182841955590314,18.799509545213397,2.6002792464232574,10.677076220361634,119.80021467334016,24.38503075005926,26.43841781787533,18.678377238069462,8.36713005286482,17.351840193115383,18.40938129018849,30.44669272920953,14.47338671884554,46.37468645875219,0.6672341533530002,0.5537367372177027,4.966586309735979,14.030223468246536,15.396378414089286,2.230547205432913,3.652949901821869,65.49307867636756,0.43619762884964697,0.17425703790133262,15.440229614919355,24.627130000016482,10.551961758457278,12.780613443254719,0.6939400234285289,23.988005932378197,15.330933708980778,31.33325075084332,16.906821709396898,1.8860123673915545,16.420900331795444,135.33501594988016,18.561888975066893,0.06071594984309492,35.25440564204716,6.522918898261094,36.401533867560396,3.6465585864524694,0.006807854966251803,25.92715964648029,0.8939585707653652,8.631339506398577,21.15872809576393,1.0708508833102717,19.673498950354897,13.004175354644131,19.80953315693629
27.072562191811915,21.74782110346317,5.759497569434086,0.07176030047263993,24.6452270899199,2.968750397662663,0.2922391481364164,20.13409140070254,0.1834844031769749,7.830059371122107,23.626730272920618,41.31044368115016,38.987860442831476,1.8074414597336856,10.420632603194873,33.38193521581299,0.46403654576689224,16.870341536037238,9.8144877536522,111.64080441346037,15.354478527649844,40.764873069574904,37.47334789829549,34.333811261578084,10.541645893581707,26.243547480168587,79.43556487595916,5.150454171957977,0.2436216763325083,4.52001954637561,0.0028875319502379426,185.90657110528184,13.567608473316117,3.4096070377068473,23.449554088787636,134.11301001463846,4.336481191418608,3.0566546903068916,9.52027972594588,16.17115843528664,2.3149820119029627,29.5450240543003,41.68341397237789,3.1486525775488445,8.379067343481273,29.58329469763233,23.41380839557859,8.360809744915576,0.000618805740835171,0.49865290532924345,18.684261161176387,127.50071831673911,84.15974779390511,22.190663830521228,100.41524284194006,17.555904028024656,40.114094677974265,0.3898584140443604,16.84198282136764,29.874868853700445,22.756933000078092,21.268428016161543,116.34749726206442,2.3573807162427114,4.7906000080885045,0.41205391190563034,4.707539294286505,0.8934347720113287,3.139308857510584,21.762384777604247,4.052581449913955,70.53095411965948,33.57351144492041,69.13731390309565,26.425116100026578,4.988877534515624,62.65836420963755,6.681694319472578,0.23704039538581068,1.3411281564269633,1.9019641718212679,180.23213215859218,1.380129658026659,0.5461296936012192,2.6929721680720924,9.715204990600057,27.907276194641867,35.46201166962057,3.0280395194056315,16.11891852562754,0.11573797686768295,2.48300669566905,6.846645334673247,13.933299891060619,13.70718185145872,14.820247153701494,0.8992262616452451,13.756799125200686,3.3937992404278523,41.66434852934935
0.5286762654892168,67.40907361718934,0.2824676690080201,31.506118901851366,1.7270301382096847,60.9327165823946,12.292398411334066,17.589925413582012,7.998112074729582,28.38810762469949,0.1732390257283054,15.840689322213986,0.40830460856857886,3.0380444314780695,82.48054096185245,2.769397809474797,1.1582803188714736,86.83737922695724,93.12049273078095,28.70486292143385,0.9755154123490115,5.949302851152913,5.296623078178008,0.03166701477358913,68.62609245117699,32.41986318788503,3.96440525925453,15.14994747849062,14.659746314253379,49.96348404621587,4.308917226613666,76.23516221374703,38.850913369553766,158.63021403702004,9.161557894713674,47.29301497941101,5.505231018947364,54.4294725335986,17.713938114143033,22.84847449668059,65.97272611711034,4.11524927060096,35.460579697078416,0.8331476844602381,3.5952001893183176,46.31205110736338,4.934621168320636,12.68988697095147,3.870757475650903,2.564632144349245,0.07149139940662064,15.114427785234827,76.98424818904235,0.6076070977196713,117.39777033223244,0.1567372277808019,1.4109453539349177,0.06486983674823099,41.27651996253574,2.4935998215450805,100.3920136013049,0.16398887495807557,14.123299262519428,2.1245230632259116,3.659346711416756,0.26668026217668483,24.381331397420833,21.643678768944962,0.8506895554468299,24.07211842530249,58.397774662889056,1.5831470149375964,3.224353455598731,12.887356575885757,43.5211567868552,0.02790134760545815,1.4905402401692012,5.117956884583214,84.02784842598564,1.2906252624972643,33.60957471139973,10.787359277192731,0.613080764153465,1.800555285401023,204.53012294756283,13.692432068044454,42.306065430643926,5.768414027034435,39.54035047639791,3.804303915072368,31.755185973409198,1.0706467713020427,29.374367872805465,12.566670141979625,34.79321515250485,2.5379957497254857,11.87665894300402,8.88897658378895,10.673337997959493,22.231512044455613
86.57691667557896,14.518798560263809,26.535042241270723,29.517953667518995,13.174747643542812,3.0148345630479563,73.37385099248671,44.45390691289321,40.93336258262697,0.026207974208704243,7.095944275808828,66.04105598840948,29.8845469281287,8.773161638777252,63.64461784450954,62.68159839339812,91.96181049172813,2.0211236396733065,19.625221888121125,48.896738901237384,55.89905771216334,1.199366839633556,0.39298973448893104,69.65299394202732,0.0052572314217194105,1.1208653144723755,47.139548840939405,21.582498776067837,0.47477070662962984,0.06093100855501454,0.012915213182633778,114.64171084995424,39.7085015344716,4.79626770850736,15.834418196411704,61.89748913266624,0.8265487922516881,80.36535032708125,1.5809975455443501,0.2602710262615231,4.487759278206726,14.272030762716172,5.529356998847325,3.465300523572433,39.67845658993363,1.437656794026875,6.052496049010715,4.626625754120213,12.522760468772443,0.32262401916865713,41.35602351525163,39.14506481423194,166.60361411364843,102.0329220307367,42.43059793244895,6.725961639787248,94.93793593335559,16.452502462567868,35.99552085981928,5.994365411037032,30.580908477594523,0.23769483316359796,45.93191309535349,11.104478656945714,59.220269821052085,5.859552692208226,74.90152930792745,48.052719074113796,11.586090045962267,199.42314062061524,33.316427834106904,3.759856881304468,0.4512000669500962,2.504172882951135,11.880751011996457,0.002989151697807557,136.82208266454978,1.0454978767973624,15.221205692697021,2.1138612217287935,5.540231995840549,15.995732461562316,138.438805340829,0.8269108304142545,26.023036713241883,1.0603805639487387,6.013094277519825,18.886956231470656,3.1093710698728936,48.029119526649545,6.695958898456114,1.6962790444275733,3.37513303545433,6.543911278089218,2.173447885419026,28.69275606688068,28.869151689429,26.982303631096105,6.351233162752729,5.09602980165502
11.708968778195548,28.10809632450208,0.25962564478163763,21.41067754426967,2.149046136047895,0.5171940839469436,67.32873185455045,0.25947465251402324,1.8839418683724674,1.432820431491379,0.16413289922571117,0.6981842227620128,3.713147482206532,26.26924258864702,11.484997298062593,27.433123829578278,3.658131623266122,46.086636942173996,3.9348245022448003,67.71093511316938,1.370638974703934,0.8646103717617626,0.012306111125222507,19.218787182685617,24.724341463524002,64.97785514380186,149.9687751884311,0.7928057250465779,20.005230325636536,2.727495734722214,1.0271073460227043,64.02475011076965,32.3301024048497,176.04079268130045,5.496895890913241,6.412525240077798,47.737019020143705,16.867943351395432,106.40443347425159,40.681159785836364,113.98007782661664,0.12278231965893616,0.0737485456593916,36.1214364006882,5.748309804050859,0.6143685246327117,0.2590510801679282,3.7219564638098768,48.74943317800888,0.9550153087085764,5.536106753902403,16.292830674476313,98.85051812787094,0.6792022726036127,57.323039161370495,2.255339752819914,1.7796632578874316,7.012194461245471,0.4045391104698375,32.69397346199316,2.652015914949828,14.904127742385228,29.683252343116315,2.069160451804632,0.024409217049461418,6.77134687034167,1.0707436739927605,3.6090752535171235,2.8983714798027256,30.562800103875368,40.180375543178144,0.7138007398644177,4.053583563384857,11.018985140286983,164.63495213308832,3.8870685222044186,36.92170172875662,9.982902987357487,20.286786252053176,10.66642227311555,2.3666468962095912,62.57363086231163,47.52301332130867,7.441618157919143,46.88806783002888,47.8550925023251,3.831947221299725,0.006729236651077386,0.13640036513530163,126.82124295544986,24.52200485270989,0.5411538343513653,13.160502972035939,39.67223938827594,7.148118738679729,1.9278111407304364,1.8295734359726081,1.0323367939071768,13.50896802511526,52.4155653972498
17.295752719772388,5.17649771783166,15.715399013768963,3.2294124384723837,0.0022608758072952817,39.388641731796056,39.33581733090451,16.482370237284726,0.028500211539814302,38.346664731039695,6.103728468570045,29.725628109311856,57.12871230273628,11.982237102808352,16.39234677040608,22.85069926976016,12.043570041035606,82.83962971432463,9.664152900014905,113.44281647508497,-4.869474601321144e-09,1.6147669898873405,17.278041065059462,76.30567424647495,22.320415447710264,56.16166276218679,4.0690478016114895,2.5394547937222764,40.68438490848703,9.604421506594976,5.01039526893563,172.91592419449532,34.19897156726828,0.25996368163025485,5.356304574361176,66.6034290272171,25.80867703403259,9.978514324340008,4.128741851321575,0.4797693670933523,14.243581292993655,153.89991193413573,1.9544382933205178,85.4489599284973,132.1293639482581,2.4366056300917434,2.9965120087851638,0.6557276015610363,4.482398179882273,0.020527056361353324,62.697095197963876,10.30300082979678,9.597572227116363,0.7800622404851794,83.56018124991036,19.574270979667553,7.449516025738044,8.058087405442032,0.4022293347210324,4.7393144332512485,28.216094734801963,34.143005657149914,11.10975531166235,8.326379566698886,0.7644644527502482,0.9933251864053814,10.824729101757583,0.5107520499021643,32.18755095840886,4.600242080076074,32.79524942651009,14.675605798903488,4.656534586261284,29.424250869155408,64.05900643128201,16.14102551187618,192.5014758832662,2.2609862464865143,119.68707650338557,4.516672229129028,38.30396314425658,9.03842508205015,15.310623590819258,28.115243435434813,53.828247928024474,0.6838196711656117,3.5570969576333127,38.26693603079743,5.454376691487753,103.42543407288304,1.9781020179307345,1.6956263361132322,126.9173875186099,2.802164271211417,42.00903730659621,0.4208589467053736,0.8209121182185255,0.34565890661253995,6.098591340522828,2.738999422699996
2.8527555500686095,21.447982420979375,20.54013313059223,0.0929986658421198,10.36952220332066,2.519537845771924,162.48002793380095,11.782269806560436,0.05925795560637681,51.65070032569833,29.96600192446651,6.030625057386871,0.020172876930559802,3.768753770270843,18.916495369962693,0.02183482765814393,22.37683842561416,113.18285390185879,3.8815253655914415,40.086726504380636,0.7287184312336317,54.462329151326976,59.01297500511825,0.11946944398053372,18.767446888264484,18.01543580452627,54.83150549990897,1.0951819033729127,106.3818425486304,0.8839454015271713,15.090023526795425,126.43538412628263,48.279894973747105,8.807810612728785,7.902443039330727,85.52386407466574,35.55454721661647,4.1984511355154535,106.31023355355678,25.990146238756864,5.173578495771844,27.292454335593682,1.2214620360854092,14.682270651375148,54.059834246227176,16.536188005584606,7.9198904461305215,2.6557434886371194,6.030749931677555,12.420937448931008,106.55243825324517,15.625859889224298,0.5291700552757179,6.397738365493169,46.99894177031024,0.4558219898126863,0.24568984631014512,0.5189859265064161,22.762132626398934,2.75661714970923,65.50699401867118,0.0233583805165285,73.49260022356088,0.2177601086418841,5.769689124605784,6.315136065198672,16.17576575028808,0.17076462241765533,0.14730824557639854,46.639246034714525,2.7095045288446338,2.09074095681495,3.1038806011553532,15.52248161911604,56.83932452411593,45.58279309819503,86.67997629512945,20.580366078893906,91.82728380867857,1.4202865678076773,8.742375244303098,100.1379200601716,29.686999192065045,6.1088240214666545,52.78520371041016,0.0030743605559049314,0.0025066207573498644,2.493863922736704,12.348857181313395,43.221762340615726,3.169576905407965,6.035663112183916,15.193556841086966,33.12944499945896,14.260987452818753,11.144376055181672,8.711963569199074,0.07515368200470895,12.576873258732757,54.72006503054077
7.413025051583588e-06,0.60179305792912,51.22127156416705,56.5813191765313,0.1613548471047901,27.042622640854717,18.22180641158453,24.684636144745866,1.8929532714882935,7.178556987258743,1.3605718281237946,35.470586493077555,13.061650473712941,0.09030736229952918,17.133226296269463,16.462393232415966,0.08769567627858166,133.47070824432797,10.501343124442085,0.038570102668735284,19.45872941686238,61.67750207776949,0.21861462815500055,8.018040368980127,52.38157702542407,6.498618100340237,83.01613433388506,0.7325223449942841,7.250012023957263,0.9366163514618311,14.036312925525689,189.23275296745456,83.85964559911372,0.8748211335216491,9.407693335702145,60.640532565573174,10.151335778064603,109.76802908030857,7.570022380116029,8.446347118101027,0.3192450534438578,44.23704800635767,68.07496114256344,8.075631106418534,0.25352500958765667,51.928551469011865,65.25581035653623,12.868041765982927,80.25639075241936,20.834683351812643,42.82634410709152,11.82817587585306,11.58473038012964,0.8270136174916294,89.35674100072636,0.9492018313766213,28.849451346355316,0.37146792717215904,6.333004940413392,97.12471400851146,20.035236695314588,17.32769593035392,12.720012197188964,3.324988159502215,4.257104128666151,3.895374799424122,36.48179033183197,-0.008455507772413995,5.594618145807898,0.0002798385654712021,35.61580919359552,14.847818144146371,42.84782608256487,150.77121058414775,22.33976327682253,164.3760780957526,16.703383550645494,23.40564352585214,32.361585689389464,50.04290427177712,6.172912242782402,46.88098737898822,11.36576972356998,10.986046351390653,70.66734489737108,0.0008261533541418231,11.408953139768798,19.060632019521794,0.20176660637197807,17.670001893735673,27.44632728181699,0.7716346569200736,6.041384922598301,7.7178892364971565,0.007848995011909388,12.866169527934257,1.9534764165330833,14.544297699750906,11.436696748296988,17.54837537054391
3.4361215838808974,0.8222253506234161,18.812930648478176,59.75745079856682,31.54143639075993,11.834397639099372,41.229966724130016,13.789760960806316,1.9829910920499954,4.434714364265099,39.91583325042663,3.4346361021758636,64.722817347463,9.22129462296865,42.25000003423417,4.090683716250172,58.97663055913705,81.51629310174009,1.1682188733493888,114.51981720225628,3.9008046899304265,13.985732215593917,11.894225523538724,3.4179703341251155,45.08731531850414,32.97033410728472,34.85685879608681,0.4553480801294718,54.582547076818464,38.12962769099908,2.3326464873345913,15.089228435671558,159.97966032526645,1.726891739270723,59.19681087908756,0.06501000499856957,116.39956518223481,9.979588720427099,56.66083037993285,7.011084627319754,31.69913558861782,1.1269018977018468,31.060485151366848,4.680689702028672,12.946482359945497,19.66427548142717,84.82984144054502,0.46303016647105943,15.673710055663268,0.18749123090265218,103.84542206730383,1.5547485335878228,35.49672419495899,0.573339007168955,49.46359500887308,102.79126630790685,18.45686848336291,16.60833283751743,62.811471612411964,14.427337874855557,71.5613312846247,1.721850046067356,26.53050729212448,17.548744225542908,33.52486696078384,11.554636914965439,20.96909143545856,0.4129615821051038,4.020417936153064,12.969490909841806,136.05994283243695,12.198046476785148,4.350005020853196,7.985422247684946,59.76500284956798,0.003088013295077907,95.07101314944502,30.174984764813804,130.639048006899,1.5486410328433364,19.38905254820014,60.84764039547096,38.50195376472519,50.08665163049968,6.307581501085631,0.10730625134288196,26.48922700656909,0.48735319955355916,65.3595350460323,71.18495077753767,12.868815038657477,0.3256164077544832,57.436773264779966,0.5670715180876544,0.4781535426403658,0.02719185738128438,47.50601234574678,3.6431798497088796,21.930385328052132,52.40317415172543
11.99238568603303,4.385763812215092,0.1670844168694674,1.1487164580183888,13.400390335730725,3.617178254720729,37.70594139100323,32.65895323451633,9.88338872004427,9.829857227225329,63.6843864517188,0.5679891583704793,9.146913340726677,8.240001403344097,6.920708609001449,52.80164290602832,3.552893526074749,109.92430028832435,0.9320676192894415,5.7647733421730605,11.433059571555752,15.847959874600434,0.344077767357442,10.273994654233361,52.66523890004902,1.2015215352224864,26.48272820822249,37.37892887270086,3.2805153167677057,28.07838246676203,13.321712657105515,132.2766840123024,48.37725719531026,44.98135079829393,1.6503992987065663,32.930544305503396,15.765231240870953,38.702204924145605,5.977374375827715,12.028813259079095,19.471309778127033,1.0678359762108074,45.2438391167832,24.967533825560412,25.71651195287392,3.991268990534997,0.017812351388009517,19.56367560475725,0.01776190160934865,1.412794467044407,0.5484728628373468,22.06923853663198,31.33731146079836,53.9192726643098,36.60575607366143,29.477036421889558,24.0239879312181,135.4376014655367,31.647753378022838,5.121752514273057,8.405915620387356,1.8412194488407891,3.5015365682691755,64.91410414824092,0.6239889032811323,20.68756285823274,6.057995668959872,0.08975909123217907,63.81747772967048,34.7965644387089,25.162151572771645,2.5908120326784054,8.096171941324297,4.001520371004922,99.1926453176136,6.234326717717131,32.70267907192508,1.0283616092961116,243.93538463529524,23.059127556076113,0.4166110546484383,20.02504263701246,24.47566513940694,0.037658635205082724,0.41217524851114984,6.4198953097339135,45.616277791284816,0.8321541147636413,9.687694523413604,42.78277578245498,1.4066195396883518,32.118218558764866,18.00639579755771,6.0251342111526025,0.14673095068685083,21.997441417241983,6.234821837065301,24.493887335346763,14.369738289227683,96.71141938261376
3.3147678221977133,44.2617246857874,0.01645884335943748,71.76122610855523,16.369376680309486,3.029333077903498,1.5872142244476644,8.424861865978237,0.384382122700095,3.2614947685868465,1.6641660708553472,21.694760395706975,6.783526829362257,21.868194881825755,50.65925213621431,11.152268952567294,62.00629822233169,32.37431899453466,32.81294078818944,6.812770497888458,13.872248077344164,4.423251002651698,37.0621651694009,1.6355009177588684,173.1602029926529,8.27372325045718,1.137555303272527,62.93987980399905,25.439026731384523,15.580090742008299,35.57036836506491,127.29035999385113,19.901571713656832,12.45903739587754,1.2571336776974515,65.87830725300225,5.156432765438319,45.08519819034357,26.197638687567494,19.62277257015367,0.3281392845386346,25.703828390194943,28.405238504863604,109.30111830473571,22.93673712861952,13.6022878856017,1.9311446309192313,6.13523849989839,10.699681310106842,12.520886516917152,21.047034189253765,12.30019275666827,4.65980681712087,4.110716840343003,0.07543885924692884,16.36186091533819,5.744600584824109,17.742346477661528,28.360527076593463,18.57831073405139,1.780851961873478,0.7964800377943879,33.864770927212234,30.60597079969164,3.107503995680962,30.921318002845833,9.860738553467888,9.177859437691525,15.710596714947021,8.827213870459344,6.843748216784685,21.891738994195745,0.2011916232385973,0.02024633683695587,10.708576177259138,1.827494466909246,105.93679930195329,8.293675081063999,8.745640170219733,16.29588277745501,28.29789317814253,45.94309993987647,0.2449758171257157,6.683371840375704,40.740594798228386,116.12207836814291,14.455169905146263,2.351230347242196,0.7729222112287668,0.44127554039034944,9.721906992484534,5.387406998023766,81.88464009974658,71.94680722808582,3.1355465430243417,4.5087573574466955,1.3524127178225251,44.87169493120616,204.17579422406493,41.37091194127861
1.929268072535372,14.711806505335167,30.235762291652073,114.25330218600702,0.9594487734267396,52.672922520918505,15.848571774660494,9.685922073116433,1.1729990836528401,1.821972416653682,0.9966606443483625,23.48452094875962,0.003286042860792371,7.659866918445747,29.602897902787795,12.028480051346556,7.34808015234638,92.83882627372218,0.12116523504036536,21.518305130080364,16.459723736803138,0.001118106720340073,1.265661813057993,0.06572867922907433,22.939705831692454,2.5622779220637,22.128577928172064,9.106783100974804,65.01016614201238,0.011262013594714126,9.468509444392453,33.58588447209822,27.050187038371586,32.2021167747219,1.9128147720343724,0.01804338071805489,36.558417807282034,20.523486609023244,6.738538643711317,15.078326843878502,14.260107792132654,46.412973057302644,30.060342735949604,54.264859847007564,151.57904224512217,22.630132263855064,85.26687236550451,19.875381390131302,0.3890375825614889,3.298389588232941,0.471672867169314,1.3029596232891194,2.8213338091296176,11.185763476172976,87.76816667374345,7.353818536467385,41.389025620613324,31.48299322810884,25.317261330945186,3.128264559963138,25.130026396105986,5.277023843003041,6.953427447461587,60.116846581453984,4.196701415355992,14.058563187776068,18.506781109887243,1.175852698290294,82.93730835919888,1.6575108556946763,57.75542685766144,23.94452720798061,2.3658830215877398,10.277697025593497,44.507797812057106,23.16216145167749,55.757441837668985,46.66279444769995,3.575396267442975,4.206478626630389,0.006547092580981406,34.25438635221725,20.811774986097134,7.508033850540198,40.99754503624923,23.147257588730785,4.3509934398998045,3.1972737169032523,19.818667367733816,115.39525960982807,28.489326721212336,1.1154677411876257,71.48444636877684,11.936145320519353,93.47528736417003,9.254736601759404,0.06632824049180996,6.735119052613896,11.40395025897892,1.897133292239181
25.35351689249012,44.24691686573347,1.275993897407048,0.41094048694123586,1.433570133819738,59.245998717466875,2.8030440898948408,0.1450424010661191,3.831900168653921,0.20664510516572854,5.215099806158989,15.026031910191374,28.715143525785585,0.39344889835411934,11.96888269446723,0.1868439392232606,10.70142632217016,48.84527292312361,35.409670388602024,53.88646923511638,4.866469713376356,57.985693509815846,42.59942445733134,30.34951511115112,17.197597885941676,74.21603768617034,0.8181852373114586,1.5074559692843348,0.1354063812179298,27.20930511501467,0.06252887649616223,107.19111933287,35.71116729303719,0.03615754617334055,0.9725878090518636,47.03282674648849,36.54108775328716,12.88825811126646,15.243021374828926,224.63256164108532,0.5250468439162521,4.017984813706899,0.739908835829949,3.3402279119270446,59.9098801320746,73.06860083602707,87.26579348025182,34.41430952234492,1.4698120286851966,42.057357845323004,24.917188024214852,81.899103369047,32.267948844595594,19.640193466120458,31.778273360986717,78.39773551866325,7.065689041303884,13.732654773532118,0.0049023363066780234,111.61487690758406,27.707440670827484,11.693504962936583,102.87598689072425,19.2717516240741,21.9794208776929,28.374077185522342,63.4826379992208,115.14007998974662,35.611556015623925,40.12218129117879,8.66473359719292,28.055999873614873,3.65177794170679,1.5506635776990283,33.61350017085639,16.11523254759223,11.25061911916407,6.313285916990618,34.686052014624416,1.496130601060082,14.464450489236265,149.3922326922461,0.8314203447234618,16.03655622333057,6.0449278400385715,38.01848923834972,0.6897176160786849,14.45227733566012,0.34238602322801714,126.4949806493907,4.215170995624075,38.79564635773591,46.70294775100069,26.46304513918878,3.086334699100308,80.67450955902916,69.17687196409226,0.4509972724397464,1.2059523797882754,124.59890632962667
0.298565366432725,54.68495888785625,33.55537936717874,1.799878962215515,52.57607004267154,1.0661187534045666,34.262505421076014,86.18903390087637,12.793240999317863,49.237110330275215,9.304410341348147,3.2240005865424024,40.6357643628314,0.6709898847849765,24.91740310534108,17.346411744006705,10.817174368557419,101.07691465808776,2.8621717469416756,62.616380556436795,19.08762839654252,39.29369323849465,6.215351716734345,0.03649505747982307,133.11666517151758,49.263836004909066,14.534051968512276,0.13651825029167153,0.6522262202600881,0.28535853440314707,36.82943333223449,40.607868488609924,19.158655721627525,77.196119055503,14.910688147119913,36.36512033258197,6.426685212668026,30.023417527610924,3.340191944324874,47.53294223415962,33.126323995555666,0.32006592935942946,1.8133935232444687,8.07779497606731,42.78715502887785,10.576989744881665,1.3435733860702648,51.541973680767015,13.17547607153774,5.870393094468926,2.920554981364516,76.44250776827552,6.683614264586495,0.002446990676444827,27.149868904450635,0.12644509106337853,0.0011921664920002684,0.5880955449201357,31.646112710329838,10.288087899323799,47.1900720182717,39.982216450166625,0.8760714367114892,1.499892779663984,9.340671267326341,1.3274699527784426,21.358839266393062,0.3184755511133961,0.9170106406354233,4.707488092517861,51.84836348578162,6.941198414633246,1.0904475706893786,54.8850184541297,10.318853853814403,17.255085594419498,25.141170714598886,15.35476373407235,0.6545420316633468,2.12715586585242,1.4917699448278667,20.41547554204904,60.40278054060324,0.43131187761716383,134.6649066912141,12.099175643338882,0.013663118577380118,98.88467092645402,15.942344633196072,19.12323409383615,4.605499004055124,3.1295181205943896,16.567449843867003,0.36343502487079116,0.7786795257400119,1.4997533137419898,3.1329827469963116,4.057373036292784,21.72452829126751,57.41629225273686
7.184744226057338,31.620322393263116,17.897868647085197,11.646195085304205,0.00421877749052868,15.516606774359165,90.33827671899543,0.6249964697087407,2.407904224477633,1.9817617355723423,38.18790680854214,0.16503478546394312,87.6828010237431,24.174923250825234,170.6597149935375,14.123316458816724,11.240000854889194,2.5389529627238083,7.362709012803428,5.9784166658266855,5.115109835415712,0.8888396151837314,0.03947464212435481,86.65628559773502,19.208502624820778,21.808451424965135,4.3128263858817295,0.2571002724496685,27.96843410723479,34.790192603062096,51.67875787643982,101.89769775322694,31.988641004028707,50.84300602123649,1.503710161951715,38.48427360977293,7.545080390959177,2.6169744423421513,14.095854358887337,15.451598185758805,7.508451821415787,0.908206401005863,5.817723882694359,40.753517465834555,90.42980760063715,7.325696660599387,13.146951956998304,5.755905590047077,2.14863718708932,19.816917136532144,34.41788060055978,1.3330597603741996,8.01908037364969,2.0360757961308362,30.77446808689631,2.1047609004293637,200.71278514484487,20.211564289355938,13.029028763654091,2.912525993565941,1.2950694450269804,19.024345410143788,0.0039035963187012968,3.463906551326989,64.28583261922675,40.48373382921897,8.303960207206863,23.252271119318173,0.507234328473924,0.23561772955537919,4.1879939503330785,74.56045271197937,3.4129730131303226,87.36907229786365,109.47855492522127,2.0082746510243314,207.86385866706524,150.8045572803812,98.9697215257336,4.694281442592837,9.765466985222487,35.590198203849134,40.17779786161394,0.06820826642496147,86.75783717820475,1.395656485619928,1.894274628723824,15.618662885722003,1.66734663057633,27.860552262876986,6.8864964398187745,3.422831744957789,3.1192245193930277,5.617577590779764,0.9031287976604792,0.3524454001854833,0.5325744354241442,2.739954337406929,0.6257350508219881,6.161362142245464
34.941085402811666,46.81138634633277,8.770546605660762,10.161196895547086,16.1328862243087,33.42448235838416,0.07003521495983467,18.046227958691382,6.537792553061865,10.722648712882071,69.18333859250397,43.81441666518185,6.645171516978676,1.8959463103593235,18.499865683011826,27.012680632440862,4.81678346053809,130.49368349218793,0.23514163096728602,51.673634985817664,0.2255220113604901,1.999022420229588,27.926812734168983,7.808709487107805,30.491617426613033,0.9426517193857329,74.31162492344723,4.732347261595344,32.83025411146815,23.722000044882712,6.820353984655768,234.65729126858824,14.62865597074299,49.17828861573266,52.84961848798016,97.08887281318832,34.577399209204444,10.191707148548605,8.33786984172683,0.6380048343574289,125.3966084958804,13.834771358237795,7.326693404177821,8.883829973849236,53.36749222005137,68.99072540318691,10.373333068144834,0.12644590761883823,0.2648007401252581,0.02439785107421688,3.872603309470353,47.686951005285266,12.122992278732436,21.962903954469915,49.23942551439725,2.790072459894164,25.919452126979863,33.05545505142721,6.879226670043172,110.37454452800236,24.271590499258792,0.39282564873332504,22.370591500444093,3.9738672839607805,2.267022056736506,4.927255781613038,32.776874234193734,1.026502510880535,20.73858331671301,70.53763071843295,19.259036085752342,12.314094110929837,0.7351803948889435,29.237323326390964,34.92712255125984,58.71861357677883,86.78456424407234,0.8853675084214996,90.5253650513686,2.063913225254372,0.17943104768596996,38.55406657589113,24.398904711336517,0.0008171952048448006,14.548922679244187,2.257688308790894,8.446838066215543,2.2447445130922627,56.52704532119812,43.672643283453,0.02481412155938134,6.058901566001375,25.739008196775252,2.588707417943211,0.07937775319438645,6.6608519091660305,22.78496290840299,0.024798166830452217,11.929568169720618,91.78138441018868
15.85351389562761,1.8766442051642418,11.058959418331881,1.1529161568700257,0.797386234825697,3.005837912991523,52.04998260713458,3.3719960762719845,10.049824563685938,0.06537578848862546,10.145354273325262,1.9857435133925945,7.641934915058735,0.22270721161092588,1.4552137674114705,1.6493475438084744,29.5998055258087,37.01101266493552,15.85352507990604,72.00870181732631,31.654527514841444,6.457064975635058,12.811993554209494,6.736171839095308,16.448005160720903,20.176626547783798,30.811670443421814,4.738813350184936,2.653926019510325,6.828959693740288,8.011637535101361,185.96493254158077,101.89280661114357,18.820702160159,4.765410229774463,130.28385281930306,66.4741616974884,0.48864869561844504,0.4391734293431151,7.132778909194679,35.26250845373466,31.54080029121276,0.11631818303124497,5.16163314853679,25.257516455117745,96.04161287865327,0.0030125865419403652,11.834162136444231,1.7314012800723009,94.10530287726561,58.23416879262344,86.19135825000332,87.05937360532177,0.8129104225293142,206.33792188648644,0.34293216048433184,1.1102435552440624,2.625898499143232,42.998999975711385,0.2124091925078,0.0006712197720748492,25.816713653799155,5.532843445147671,12.915633678789701,10.144174813205787,6.787940157378248,33.74263549983131,110.21026351881125,1.357466469669201,55.132720623246826,34.80191071436632,13.030331869405305,3.8077446181628245,18.984051477326815,32.596274411498555,8.235785330449877,0.07217764205113353,6.824287652862785,26.002270387314972,3.203506133119723,0.09267743577176013,54.274054787009035,1.6828712517414424,35.76430920121931,78.68763366052644,8.774664687477406,10.06609574143276,12.2193397883474,2.260038956554404,97.26506931229925,14.541275954919493,15.057724969642287,213.47274129428118,52.26954900892561,7.94108765744276,9.224613482339917,3.406576819029466,0.1721226215251015,9.191003392218459,129.43961242183533
1.408561120239468,51.446551491688496,20.24186157327772,0.3735808016473019,3.095731624676569,0.1657850826893874,26.95516102978667,6.864375540917221,12.04157393200487,15.603049017058058,4.240762419200129,3.7610758225873493,17.731644525463093,3.447302768807825,63.783103663324354,32.42730165759874,74.28599525778475,23.309897517472503,34.131988649666,45.23203052104079,3.0666439071758065,6.180878282739648,64.64707813625516,3.498360994563906,1.2042735450303121,35.494781594533144,3.496134900086849,12.09815819834396,62.215838064923204,19.039582523985146,17.05218000851665,27.533429917317413,10.227535102947236,45.81206276420998,10.061302705178491,30.926931485978365,0.14171243658394106,9.610826189145925,7.440278952432214,82.2758069333712,4.202885693509165,0.8778073628382597,1.3650569508816588,31.028133254844217,41.55425201093599,89.11453777233208,0.7062319973940641,8.260281733024271,2.8705550535363678,2.3123109134877264,0.040929499027247296,11.061687200554873,0.09033712561093488,27.502526793237223,19.374895307427895,8.94493262223409,19.017119762726153,70.32417728243854,6.837306623847321,30.553229537718025,90.43212903686111,3.2170537891846482,1.2426825476270893,0.0012995040342085318,2.4201415309091434,12.239468897597938,26.08945491156551,23.64642655603579,1.4006518437920255,42.70923539993862,91.0413378675859,16.450761895724952,0.15851961456433905,4.6705450951022325,25.621971369523173,21.489376346870927,41.591152669762955,3.3468800167437767,33.04365305000534,23.558505168530363,2.181054324253746,194.3201161518879,3.2919523894868714,20.474096551059688,30.76499580365741,162.0168074288571,13.819999589151827,0.6141312210763505,3.3136101091654138,43.754526093055375,0.2531332238422266,24.26580163123758,40.0168817634436,3.7587236471209673,0.001829057643863763,4.42812405954786,48.023289861618714,10.025179296685046,48.86081493892895,25.435051188496843
25.163496835973408,58.042019346805056,21.683304811670563,17.87971998349256,0.2034336039866096,1.4968263167788702,0.7722143747230819,9.758537265377663,0.6813191635100324,14.19784045028344,0.5942757723266894,5.602652503139516,0.9898540249937726,119.80623893851326,55.20060049443538,119.11100347373905,8.310021331525514,48.52323014951678,3.4665120195999544,7.0107544275302205,35.90937654811961,0.12249297956321303,2.8371894273104603,1.099758855117337,0.6577268391055018,53.498191029502316,30.98580418754688,2.369545656672164,-3.362689333652469e-05,0.21890804944465003,162.83482790284384,201.5204522058898,22.997926402513453,47.076397052365834,4.196636837508523,89.13361745050979,53.93451402569904,11.474849791334554,21.01797776110058,0.6159653790639457,0.36408419338448184,32.98393966513129,7.161891375323929,11.625910427330496,80.58733790128665,8.217194558932576,2.760585206040476,1.0417469463372422,0.04464300307983571,87.1090282929412,36.82462623122327,16.459176668498916,31.336808306951394,1.004286697429868,113.0009220185611,6.213281208309146,36.10616754395513,17.817026590138074,0.006154069205425827,0.6377768930802663,8.69025944853136,0.21519550845130375,10.703635206383764,13.744492551654492,0.07125433457687969,14.838884888475857,18.207820545439134,0.010376316555466225,5.095159725029288,87.0679923802775,53.154404970577154,7.358517931359945,2.298931095438438,0.5741434459818087,2.046424621948356,30.15993970083944,10.21163451208019,21.59859626089338,0.04290297306241353,1.037565702343528,26.657570751366453,20.40432480669157,1.5091116512727236,0.6098404860059965,42.44136294351978,89.233337319147,13.254827030251837,0.2687948965209612,8.590050829315267,27.170157213852672,18.20257434058381,0.4996901182795672,30.360811152405734,15.920899283126992,1.671649346576161,1.0608238320087358,0.6059682664047901,25.960205455555236,0.8063763419570256,65.77747330370276
73.46714656247735,5.512306803853896,0.26558770317060176,3.5293902995830626,0.6724790856369758,19.386714822746853,20.22467026088718,0.44592345421183577,2.8709021882752346,11.457175893255382,55.02163714010963,18.384713449052633,23.30928659036968,13.682915948435056,14.732025991494078,14.698024906293625,3.3102077153231253,7.758805430237217,8.614135869720725,69.49583724056288,20.492040144873453,23.27611940512837,1.5519191525477396,15.324861206019621,31.88012632618096,0.018385977901131056,28.342298585348765,5.175874392526741,6.0118859578314865,6.413410477369782,1.6062122807859618,395.4454725590048,105.83943014177673,2.5839075244736707,85.28661047567483,71.6030364297571,15.440221842541176,7.256919394023673,0.41466773000850177,0.050431883509364006,31.887761693111976,1.2339268391198717,12.783679116092394,61.78005383030283,16.37214478493141,55.23424970595961,17.12283947480294,7.969722290722966,2.708066944752023,0.8453393447996138,4.953743872765086,92.61192052877065,31.355300897991977,5.879868278778467,59.749732126505606,13.926218907385476,1.183520163078979,72.14157086056194,8.179104008321373,0.25563391696824134,87.37578283340926,1.6205529696232421,0.03385852661854383,78.92551831621184,1.7918491856635654,81.53852904321764,9.87791333068914,68.31440438289115,2.570530238907152,0.34543922975810615,8.771863539537701,1.5194389377336694,2.91200333985965,14.00755330311247,190.76388211508834,1.827076267194446,100.65124572007319,6.541471530102076,0.6280738823156362,13.756238737960503,1.9708921686679721,77.29030693907278,0.024333788174774273,0.07894180923807204,16.624280705240228,0.3243419866620316,4.089156159895935,2.943072330901975,22.976902574513733,72.99924113858324,1.1775504355190378,9.170640031711459,2.2680656959047685,10.67542776345296,0.31728378853932915,40.845745739500664,1.7691231365989868,0.14682952048191478,0.032190685466498614,1.2505355265766651
2.632314986357552,21.469752469544588,0.5966347433141483,68.62483058718368,28.22310027794218,0.08714275269608152,0.3505105539214757,30.45606814248078,42.2302243808491,47.73879416714055,2.780684775120031,21.79608176686145,18.92458912127573,13.477080175387627,2.749451740934436,78.95135702506141,1.4993396133463186,113.86095805215973,5.753804947491748,14.517677807291193,3.8094415951891243,37.97910470812468,14.267419142852077,124.50912611414486,71.8479432475228,0.018883568363261993,5.15594990952644,0.3639824393336326,44.27172242012414,1.3807301689821347,9.461171791825553,165.1720491857336,11.255563154303609,43.24614129013477,1.3012703105319328,6.033951275050008,39.96539503221241,1.6343596036637464,53.956840655347456,21.777543565966347,45.53407421906242,0.6305247085577053,11.181793670779108,0.5114054506647232,0.0023453028656752473,8.448866949375937,27.849358431782505,0.6649051400673676,7.840895738350262,4.847311857894848,12.11977488866065,19.556131519828323,27.06818820182021,55.10503416766837,28.01645601654011,24.99957334363145,46.39375617759752,15.968522513855037,0.24950285321505028,0.5041513539139792,50.33744644174355,4.974980133429483,33.40808019789971,2.8518518773995085,0.023099715999499892,4.915150841362708,2.2324170319805026,3.246458667851785,3.8948963168535604,60.09613080739554,0.051703971676479554,37.31130731201491,7.98892123578938,11.673910984664357,5.710546734030526,0.18779313550913734,3.5009587165619065,2.156089265423809,87.47013431545513,45.95732746616465,26.46003409691152,12.913157867475558,60.624867649483015,27.512608294385615,31.01224537520778,6.524538915384571,1.6237925946213538,9.43716163900363,4.334354758892831,40.94282827652916,1.8198148424796035,14.211292686065974,88.8838767271063,28.41522381845489,7.43829861587095,21.689212652290728,0.303109365673496,34.804938060173626,0.03443374657083176,5.512191621160406
8.753979571738737,4.641826591763968,18.855022804387996,0.9610777990793951,9.333241939317777,0.07289462947347936,7.892484009090779,1.647731399631195,22.459967810833007,3.220830399231346,1.566437343586788,36.524420353928996,39.02783904015122,26.1021706906276,5.30814260996653,24.073676363772165,55.4347883479918,94.46306460135587,6.3233637549495665,58.6885541643815,70.28167350041066,10.610243876916146,1.4781231223837312,53.4970628167003,58.586622277527376,0.9635413610451256,0.27588112636735485,1.595019914852604,11.1224197625048,4.57984349833766,10.531529374283403,3.5033642223741825,121.28554809530648,3.411829794132793,0.9071450170772186,72.1798944133173,34.209837730070234,0.6515953640779895,14.592521888545262,78.5193812961692,45.34956892471712,48.56123930608238,2.6473901871893117,2.375484667415395,49.61673994550128,0.9483111469462995,0.022195656148482623,11.421108541805616,2.1367707135152436,0.35602849192311936,2.040182643979551,0.006127801467034288,0.1815638648386979,6.098674010211874,64.73075727943944,72.90449713258845,9.705037518531789,4.7220464984387895,42.478908757471636,2.54911287915132,114.52678657896261,17.847032412482058,160.85589565975593,2.714224716085612,104.37163368168645,1.7369837016809822,1.070160420288229,18.39932468198644,8.46210283698275,12.103436969465516,27.326553034926366,17.420146389267437,62.086245479464736,143.64412267573707,31.28828410783619,0.09482129780633564,1.5438418642799565,2.3839222627279684,78.82096043578963,231.28975440497516,44.676583462588326,12.17269477338017,0.4290528342247262,48.59756135679352,20.07149918769937,2.72492288514841,0.9161084079989585,0.9608633054195619,5.108175829113955,95.55581040200475,0.5008616912728252,3.9181304250462916,8.524911102416947,4.9013628359783965,23.319652794925826,112.8427436017572,1.191587284310458e-05,36.24477125066093,12.256028094126592,5.4575402042372545
40.226427268700995,53.67267663998023,0.7390170721196379,0.41048693035294104,3.1658624356493803,0.7721046039904724,17.337334152407863,6.518494727951583,0.07928587200406945,13.775374934534492,12.172529115808539,18.72169281225366,24.966772876123674,1.376191374744514,0.9821704891532654,0.4630246324500229,0.2787807895480854,20.4975073871299,7.893101799136615,47.740796356397475,23.636257304275603,10.941714678279368,48.153788734846806,0.20336103249816384,109.62599548568303,33.86816237000049,116.06571797434782,10.194280524221298,5.380832237850055,11.169652762769097,8.143798245164032,157.52637206662732,114.59132801948829,6.766977220176292,10.9798536209914,69.06331070367156,15.383973981209994,64.00526626892479,10.281612888458795,62.71776773385607,0.009939520296634363,34.92709072887977,18.828727356001156,1.5265612767696783,71.97586729205587,4.260331189802967,3.2615589663140145,0.17330909753455703,2.8349308420260875,7.554124164583271,2.2879112466896707,47.18210374740254,15.820414294062157,48.2014198153221,157.04193949923484,0.07501769875073805,45.863983558369625,0.3095091621990562,7.223104263981658,0.40191721383144685,43.022056554804394,22.404311121299415,132.01928622041015,7.517081107011658,12.84813636020358,27.178595914508655,10.913928188267652,44.16306772870791,6.051481804562036,8.169017623362052,19.855835304471682,0.6995878751840543,0.057535954704206915,10.603236846720389,68.6670877444174,0.8345423370195597,1.3941367983486117,38.80857499267742,0.6628157374124637,45.04024786823835,6.16140274378658,0.04251070860897821,8.767431198240425,7.035738774917178,49.809871358803164,66.92600292398632,0.8412739222693215,9.646463176809128,3.7512527386457206,15.626844880970538,14.159908530410014,14.391851474337567,24.33769855072937,12.736748567336623,20.766541503904985,43.123394507264095,4.505338458582213,1.1846090298025302,6.3983541809099975,7.048760112916056
33.017111933234645,27.94584156683262,22.908126472062484,8.252447097655166,22.83577523783903,26.88356434570199,25.646227221528775,0.16952740663338606,15.158281987835165,0.9992510286161238,0.8857425597368378,0.7924218241619538,3.2039782368506,12.533569456185809,22.38400091367745,1.774552780280331,6.048742225866805,117.34452862851825,9.023030072006744,70.48927487178227,1.9758304758677,78.03257566374741,2.921745736098216,14.527664264072722,6.819724661318357,3.8142656702982976,6.42283055684987,9.430901816218393,3.548511798760196,4.804858472233047,4.445094686367728,54.94756429035984,50.60682391927668,10.624869218857803,5.591804550485818,1.571583012943771,2.004000189947623,0.06295164282928534,6.593530629121993,1.8207174552849636,0.061899171469777414,37.074579694650865,47.93899022503434,6.263424353449309,6.512457209975127,15.939983437824633,13.809004699965723,19.46308187858234,0.05880228926492581,30.859032337994783,1.614392455417267,36.7378830637553,25.053838944214927,9.387419443811309,82.20465682689276,9.88815131416062,4.401431553023492,1.7900765532150937,78.8574130362822,1.4577360792650804,0.0032808378972815078,14.187862046154937,11.789892976730213,11.990637531060889,3.9028836704969265,49.12535719536112,1.6239595859726954,0.10303739737136919,16.846444221670097,0.08986876990417603,35.20043062711515,0.0032861474732266416,0.4333862938380566,44.3496574771628,62.06447918129736,0.40300589434892764,34.408765749997684,30.997122081855743,0.11896156847493788,12.76134071563777,16.886066871523298,12.57715786701301,0.141117246741854,0.2003698273221346,242.08638638424728,1.1128595338363398,0.02583743132162608,26.396253479930092,0.7348973945701953,17.88229701550948,5.556202778814583,1.9464109983836235,1.3175675497648704,0.5340996112116647,10.234287617046872,9.921893039295577,49.536171980225035,14.636368653001263,8.994337303861037,127.34511876130053
65.62591409135072,0.006077958492813451,11.425525270499651,27.701961631173226,23.839137659351163,73.48853674846914,64.39265259962504,35.274064421326244,2.45347833997797,0.897956546771626,15.176030447636812,10.29021995277619,57.470722698255905,22.8467600362004,13.553770418798928,31.917362858916135,1.1662117038661144,41.04060975962648,0.0008193062803334428,6.182775928836616,1.9620993512294964,26.762961347282854,1.1420473259902204,0.7022260781992404,86.34673652728861,47.14156183159341,1.115318553597346,11.678467518693417,1.7245047756886898,0.48960543286377245,4.424808776652671,88.38642857976083,54.345021163221894,41.32371515722251,0.33579438751175283,0.17048940476179375,4.648370021420252,74.87028740447845,45.74584551205526,69.91706982838905,12.251934920026677,6.598340372595353,4.512517167787994,12.114864301750588,0.5917179274474522,41.029239875529655,5.819843206832088,0.06530923490124074,4.856030882697239,5.369547165973451,77.82357444377948,17.784043198709583,8.745999508428703,3.7633399375403505,123.5512573059103,81.86762331392013,2.986440114046595,9.840926560513015,16.637269689357105,0.6247376787503001,46.77210914600625,4.818923595779605,3.3036044478603888,0.0024867294649517646,30.914590008871357,3.146554942759563,0.4167874036194661,17.15370969522178,0.5700784173286384,12.565515599309403,1.1302168956946042,17.387441218325073,6.969234625841676,4.789902865497904,108.08067717185632,1.5576337262035267,135.8273115430672,51.83490776268911,28.898110712051956,8.595845588065615,1.8644435784356186,93.72462525931131,10.928829766551148,5.7605167839400915,18.722856614654038,13.814259235128663,0.748444901650462,0.06308880698433761,14.703078268045202,72.95843591230833,14.351096900827645,38.30273806804063,10.308467628763399,14.661822091051459,44.586217910041384,6.580570590764873,14.373268382270762,0.06300046949827731,7.809861283537823,63.767729347081755
1.2087098213136311,33.80948455172049,0.23093857119436123,49.018096252412704,4.995617955136794,18.72718354619653,8.324397198520325,30.537046878279103,37.946656540306776,2.978723451726922,0.023859671178018793,0.00038310752241077495,5.037250140766156,23.054124681393116,0.0031584645188473814,-0.0002945477294398202,4.3951349046801935,54.34833158567529,0.1374504227953297,0.10789795802593716,1.015171816640093,6.054945347144748,5.384909894566354,15.966517658455345,182.78159384002072,45.01170670761965,20.55224819750346,1.8846580214571729,13.530911569342742,40.9070909052996,17.49641216098127,69.27619855129468,43.26733092426006,17.81758646462923,4.769160782880044,98.62040123000088,1.6436297903866497,7.593153743350447,22.62933527186887,26.016894377845745,25.358447402159197,20.625036838479918,3.145516198638971,18.928823360844685,66.07616493543236,46.4825359142126,0.138106394678414,12.902059676523049,37.521520452647266,7.288681466426371,2.620339659858378,16.830146290844823,10.439750763096598,107.24333962284268,131.68081800881302,5.185603742685926,240.09539184486198,4.8122830406547035,1.6613735298967987,0.020286261821972573,4.718281006893858,3.8574383524040563,30.344655822058893,9.608973625894762,0.2739285184877911,23.533334234113205,1.0840870476369,1.9030755519783202,1.838703242827917,12.756686934385977,12.753780712599186,7.428386761098922,7.316458208226394,48.01881614418326,65.89034462489037,9.02397063943695,17.515422204053113,3.4230533381343067,7.502752791013505,0.1758682535122622,5.505679680201599,25.42393109620768,39.81989848355427,29.681345296021206,56.589326220795016,0.36205955014629776,0.01449392848355302,6.179274803870751,4.144719133104225,11.896968552420832,0.4626402568596468,2.651814701889685,0.009750970582036445,0.8043166878901906,0.2980889041068937,2.931938767449299,0.11605936385632898,1.4885005608021569,120.0360293543286,21.405478853546743
0.7300621345337479,5.737891495565279,1.7036853021121026,0.05907939078305091,48.90242675531222,27.27424759190827,6.638754312682433,1.2733576816328789,0.1114360272589856,141.89989639634936,0.1125111159630734,22.066630880109734,91.46084320985815,28.63067376668227,13.755238842129287,29.953157524648358,5.538177259351081,69.41012983426356,18.819437995903975,28.763341089301136,7.5224835340436265,14.182047318247267,22.238232030896334,45.14959004346974,47.98000007439333,0.6081338021607787,3.5206988959785894,65.70386586383582,29.85441514575585,28.077037614729637,22.942261144813287,65.80790722952837,69.68241819079634,14.883156138735075,3.2683863932629604,31.990968966925834,2.038425022043656,33.037557883220416,71.3637031156165,42.8822737266769,42.24990531299202,1.8359054292938009,0.07566486632148539,28.9342432477387,32.75949157579021,0.006817644754758767,0.42111232657378395,6.879114827507863,0.001363779591494918,121.35785724239773,10.104227986970322,13.45939388414459,12.764105614225391,37.679047670550865,68.9370431806815,6.428843416557173,0.32204153212865716,65.88698505661368,125.76340487111885,11.784289397096966,10.234180734187575,60.04036481298216,1.3368226401333474,13.906454527577292,4.924590183555843,9.655543247723063,8.939896009708391,35.542025928064746,10.642664080412558,8.379959964210265,1.9984338417539345,0.9029358192040045,71.10513597672133,2.8651255891906224,21.016964920482238,0.11237912788997839,38.06162778672549,4.871567891944538,45.08177592542061,13.889207660852017,8.594287612418109,17.6629772264321,65.58682319533548,9.915616001157986,7.011278005337971,3.2439441536548888,4.9848438735839675,8.431028483279228,58.23552002570308,33.80604255016183,0.26389433173522736,9.756303072619362,32.200417005062604,32.70151280105527,8.975555061993369,0.2403644390758739,12.910193228765745,110.82901490587422,13.453226587418605,0.5825330990052011
0.24989532517059443,1.349637610329454,2.8055126044428116,9.162139850939607,5.70731371000887,1.9235954073172357,1.840000719025924,9.891400741809658,8.530671698301603,32.80374614648714,27.566684694933738,26.13195578859725,4.646181135732172,29.137211335448065,90.6280053666533,0.09416447714557918,49.11841255164716,27.14782656767337,2.78811883740725,65.7668651230216,79.5163379875731,41.22316920656598,1.5675330215793215,1.0596246672906942,42.20311636015409,53.6719198630794,2.3064035332136683,3.0704976177588916,32.734468726206046,8.157831753511903,2.660885297731277,25.919717173041445,9.25993893754742,31.69537383202356,25.689361324246555,20.17133400182278,73.52754990211294,0.5895960626649135,12.009508765912308,50.75461947106969,2.8683078679618728,20.894821601474277,0.1749145853485201,24.54736984019162,33.51473478984667,4.836568965778994,52.89094155264395,58.83003036643811,0.09257942924931051,32.34011337778628,94.70795222808263,0.6611511085279407,60.54871681042698,1.7244665401392423,22.546744536674403,17.137596029325124,1.2949643856189796,4.3012546860907,0.020750903170046797,4.067572190557948,32.72820947945131,3.647561187691501,7.0154679790431,5.741158322617599,0.7484653356114563,9.22471818273202,1.7840845991501428,7.934497225452654,0.014268052886019511,80.17161711047899,1.251899025247634,12.469030344641327,3.6245617883145806,43.37528848145742,42.69562559446117,0.20281520751405502,84.31397553047681,2.921061659243704,76.06721730520823,30.507423143759134,0.05651142444844659,-0.005521746954835205,40.12312010289932,0.4784556132390083,16.725094898396573,12.417719733206102,18.174581075981482,0.3260016621312083,3.34748568774247,100.01948831010105,9.12180240829947,0.12903552710481803,35.67615586819539,0.09563000729951376,0.05911519892345263,28.659161296542898,0.8003436790466982,40.7986255426393,9.113023802917372,3.029730322274448
116.25215197581412,8.55736900701616,3.9181115246502785,5.351395794841412,17.887861356423087,2.935663039949077e-05,14.836815655732803,0.023835718634523495,0.6492531298029043,12.786546946253564,8.867821052612946,62.70095101392703,66.2830909441623,0.006560266079393529,25.05609714899078,47.56859913774453,0.0072704669908896236,24.09183877638729,0.6609236126368812,18.054434624876485,1.0530617176322137,0.14058936492824703,10.668077405176248,1.4080692682093572,43.459870560016576,105.56295728272008,12.126262956650631,29.140662313947608,0.04729630418399289,38.377069425625386,9.759184812593261,100.69494717893453,19.312446917092394,10.19722434314378,0.026951304283221678,22.677767574259466,4.346855349412764,0.3072926463139014,15.37797477203543,11.30786456050912,34.22678831562695,74.10183599051395,14.325904930469129,64.79404427680805,16.55770429766676,5.6453489647285595,0.762929646614694,8.304768726742964,3.0912147609671434,14.549803939779974,8.999850505116072,8.482347172615476,2.6022604522952815,53.514702090005756,15.510564592078083,17.196643835036376,112.00020505982019,56.69082074193802,44.8757500947712,4.00539904075003,63.615399833604215,0.23863317058958344,42.229443967073514,0.5626494601318726,11.471984863460765,3.6795730190961056,12.038678472435265,13.75363927737584,7.340454416147836,15.74777532945435,2.6774556541608967,0.1568783526106703,0.05205379751304395,9.918316250854257,202.89779527258088,68.98178419542957,65.75072396842265,35.11342646614408,160.97203223820208,18.02282777654507,1.8282571162550711,38.62974944662255,21.052553411289665,0.23295110381751627,2.329053006282196,53.48335123873432,14.479133892498801,22.927709258096836,14.71347463157563,100.06736018491455,19.558203793446456,2.457118241416314,92.15724840467027,16.027334391783583,1.8196334836150374,0.19795676788764194,0.21985333125082374,8.767667139552454,9.963751667151715,48.22249984708639
27.30850561161533,89.11551648691206,43.07932315128857,12.673222742203054,4.610786504284491,12.51645340257687,29.648834643588675,0.3825001827403849,0.009894451117843595,0.4658110963234039,0.004821990279431976,38.9792780695597,36.92885635328094,10.969601057217464,1.6125641149830319,110.81490675526287,0.6850832561244222,282.2767013358245,25.674050179257,18.911571123924677,0.1911175289101017,18.87243903474795,7.787176635451902,47.73222362738695,74.56934786830104,31.1152357726428,2.7026123326550797,17.976958964193244,29.95740041092625,59.98920937011384,32.561319169788945,80.01088805605315,29.106714407023368,17.482065639231276,15.454655822837635,1.1782712253651786,12.41961309705785,28.81290565411553,3.238460175418055,17.87480809207983,14.43543139649945,2.0669387378231185,1.4672530240908355,30.77797192691657,97.8585608917604,58.310090124514815,41.38036544406262,2.0262954562049647,8.59629855559046,38.22959513932507,70.27280087964259,1.8629266643865101,4.046028597083456,10.258871010080423,119.00997874162171,1.9511327702892967,0.7762733079416693,16.631048661585353,97.10426760653019,7.922190124326182,132.79663131747844,6.502203262431841,29.323756916393886,2.0996839558767455,42.59795974112106,6.7135075969375535,30.2557414596711,87.74120699569856,17.176271012156025,89.12719717267468,9.415752490761871,31.838274129252834,3.1319797805584484,50.80360197396762,59.478781338483635,2.7137871934030127,23.944148052185053,6.346531461937931,15.759807601654304,5.060383058002048,6.82024093112582,0.05469629806979359,14.82142882436127,-0.0029621059362692215,2.1391297801010802,37.64281299076734,3.074140280164106,8.382229257111863,0.4773767745542594,63.04350854423325,0.05801379017715558,32.965793441080336,7.297184731257495,5.250999853719169,0.9407659302277787,18.118899842198605,5.801897808705428,9.949399571346017,5.177511065150203,96.57459668522672
37.79123389519147,38.20634812205498,16.58725142982107,6.908294336202613,0.07977646874734834,0.005320659056899046,0.0068351144398759445,0.005115519824335557,3.3565551631918122,29.784815990669465,0.6355683390584401,1.4009427699687116,76.28321204062362,28.56262629289201,1.2918917194124298,16.22317912721003,17.001012683888156,48.34849663611888,8.102429812816837,49.14432275068182,30.638256713336396,0.02080448467073026,8.52791643068984,0.0655052356363699,60.057102151887726,33.70300469479095,125.53706216844513,0.24490426062793524,19.64326964222633,1.1339629394655466,0.1503262496323119,68.28486021078898,141.03930708580756,0.4550528808148493,4.775545194395596,125.31895454222158,7.943718502313548,28.571079329188898,0.25276622766217205,20.005676705768,0.8122803313242617,37.133169672045206,3.602413192513235,0.5689307614813668,47.730184048328645,31.49715143307901,4.077920112938851,20.038210867794547,0.405913896843602,37.99939386681803,5.953587962203952,18.144651898859813,14.277353550626948,84.28640790851696,95.67397331959992,38.57175323502881,0.26719432237047336,5.636056197243114,42.04290893246291,12.720169383982942,95.38758843085455,2.5136447083441613,12.197337913157842,23.94424856342088,0.1622610416768948,33.010596151562346,7.387696138947954,2.554343478400698,0.6621289182072427,23.456483981679124,12.924409533970202,34.4746664818819,28.921738203057068,23.687447908222694,122.11187451561639,94.42377198704052,25.894782422454284,2.759017290796886,66.2365198796679,5.536382707131617,18.341918870323696,111.9522070426212,110.80412590379825,72.86640278780364,40.352045167508834,0.45782150050564985,51.9716446948685,4.480896780114314,9.461126296173507,28.153232493396906,30.836140874867628,1.440882751747644,9.387451169214017,0.05357405590918596,39.36546682848015,0.7032811270948978,17.12145139962074,9.662911535293471,2.3774303908061096,8.033338460592109
5.65671093692027,79.39999308592678,138.09295664378115,5.013288650078813,5.019207148665736,0.019594339848127973,15.888611145534941,37.61479247636767,2.1220177174762425,27.02629151614208,9.768848613436475,33.5400444208711,19.85484290013361,0.9268711248313415,3.720942927804476,13.013610872518015,47.57807168866074,27.530300302175206,0.32669982849640977,44.145258727228594,9.025709602899937,79.86510299789674,2.938067515186983,80.83007994488443,57.47116633355155,11.134957695597375,43.28999735457473,2.879131669943634,5.291032968649223,4.111812714748108,5.526523992962078,38.42213977799328,82.92557219281795,0.9012513556720148,19.708394703838618,161.64659154464806,9.820527253637838,24.936696591369696,13.090368293536535,20.6831846808674,15.214349217985157,126.02888998411746,0.07410796991815971,7.813163793399509,27.01558952070809,0.38934057347557705,0.7200499717804938,0.39029123066634286,0.6339835791009385,11.490697215272379,10.872917343578434,47.04573475132153,35.86814049595422,8.099212642274471,68.82224474174888,18.93146391691667,1.3162757208451223,5.034755358971697,0.1345109147302832,56.78876295617202,49.24573453471602,10.363163926766097,197.05654340837867,2.0542356656063365,1.1557509024374237,39.54857151938319,2.7041187966187055,61.32688214983995,20.14440560486414,0.9661575289812121,0.7617896156526971,1.788507430463174,1.322091985139342,1.8648444890959466,62.802737279933574,4.82059424450691,62.839369850475684,12.30201724191351,7.860399813721774,20.40420678878018,18.345534569962922,10.621814707233588,0.7129311663072713,0.02444573277938078,30.38977558158234,0.4119327989741919,3.7031004006154724,63.14834153747694,8.350891617997803,174.87990159544418,59.04486431416203,10.295905015884063,78.969795198346,0.9868814337726346,21.801131700985284,2.1714041726005657,1.8925286845374423,2.5361800081793175,2.1649209456817857,123.84685282335093
8.16549627467833,123.39997333155257,32.402567940128556,10.03329539628614,120.34129210346603,33.293394281863144,30.971655165732848,78.26863294834135,15.114127956229392,16.621744445895164,18.09176445188191,31.007609462343357,10.821130490580522,23.80203662456759,99.89374401928272,166.1297019672823,13.553850437060131,44.1456058400421,7.596111868984263,145.31930907822903,0.8173270001838953,0.059225628172372424,7.213923102336949,150.72298504071145,111.79418553878004,88.60455030155306,85.5097698147838,0.04246709769725321,26.24419709477472,1.13828464845788,29.412795826488065,17.71295096972687,106.66196738979441,20.87912180215433,3.150481944434442,64.98857478087143,3.100696796839048,81.72837694111115,0.00042061867780196494,0.7744493393952192,20.333120373117847,62.957979396012675,29.270776882245585,12.786716496198153,12.068573202895513,64.50556831515468,0.007446729514339445,3.7514420116532694,0.8983644532177664,2.0226121253734863,19.82491083616179,17.668281331895972,1.776444469698533,1.6841703865431121,58.746579527419954,12.621106346530448,3.7259829899574513,19.407199757031723,3.5852441670503516,0.5049766461271625,27.063967381722254,4.940134374986826,1.7486596070983698,16.169851730219023,2.4318270869255265,7.782305727504442,49.44688668046364,0.035795405991828844,39.322233632235225,15.76532202871445,31.95453923764758,0.36312779482871704,21.596168829095184,0.0029498873915336787,121.25983998070106,12.504437734364679,76.59391755061866,5.551903678057089,46.1247996157932,0.20459610340301637,37.342869533669536,62.92066835014407,8.030522679890462,2.137091778152614,29.78854318114123,22.090839004997132,6.414945849013437,12.072899549442793,3.010277917724779,3.2363128966574655,33.40238011663992,0.7913753542759676,92.35207617296011,18.372407694533724,9.928648670183767,0.001906166159832523,2.483271358172656,12.136035880428471,0.3403513211945288,0.15951010039548308
0.10131711760207374,11.69687116397218,1.1697407941543805,0.5587848723232627,2.5211517639029006,46.56713485589495,9.437558146096567,14.804678929986448,13.854816542204212,10.89973399375641,19.031574848571566,39.27214622184399,42.85346532738853,0.4067853860540822,12.090200173297955,14.579444703429113,3.274529463492386,41.718996958219954,0.5455327447303455,7.250097820097288,18.702574141874297,2.189142005305227,74.00778172259389,69.00959291050737,146.4115005797154,24.74657115326471,0.7439957573866423,0.14953853957454655,4.581512988085626,55.471459758189134,26.769593170307253,231.46254999964282,0.02733397788363412,0.18239670787670992,1.4205417171293084,0.38841580191790337,40.18608242378417,9.482621821081011,34.60746621020994,7.9637925656618185,2.2808916947464812,6.1841691165666575,24.741428596854046,54.34529648745815,5.8580604015304605,22.45148721461478,0.4323939762402462,22.50485073731618,10.255474875945417,0.28614356678718966,0.6739421975767481,0.25712162566877694,3.686085439897963,16.4194719079651,85.4329161533626,61.68694093256246,7.6824755879897975,3.78043697955066,18.54305500718589,4.473939879737468,70.18895390066706,78.27808240075274,60.024241764453336,12.100285603569446,20.454323481121662,33.28165830391312,4.226987137227331,1.3211682740699953,5.2165780216132305,56.954100248632294,41.69177464318368,23.382974293323002,1.0101814580220356,0.7847742062646295,86.04297482805758,12.559817760719376,202.67280883259107,16.082261918550152,4.030777190985516,14.374750187452403,4.633131913087416,115.57551094858462,107.75301179755769,116.69465099094143,18.205776847259685,2.0018389645788535,43.376404365278454,26.269065225601473,38.447321736162195,131.89996745037064,22.26608855084659,0.20736360182152502,33.20400093713373,16.15939742944949,7.215385579900226,3.3684306720111548,32.52863432553767,3.228605353086837,11.750635587847817,8.513840187514162
1.809445730359497,1.8094882755430604,64.413383755946,59.51228634092973,17.43999122220586,30.604645151720007,15.161665299207453,17.69008616200567,73.28779614118905,45.89031439155953,0.6220251333263205,1.4765378557389042,2.136077597714487,20.88790515600706,8.397548940013056,2.0020568520753352,104.90106817735504,20.84131944491404,3.434503767811056,180.78022204752023,2.3660419292640062,51.106578762852536,1.586733669089048,38.45525271796163,19.039109283702242,79.3226996196895,47.14830796901251,16.440933655910534,39.37529001124734,12.312275298062069,0.5460169532645924,15.18290248303651,20.984387875037033,103.07564073182496,13.726161215627227,18.071505388311877,0.3597923072580773,23.689228626252756,0.31516471747372865,0.18494519396411047,21.13689203485792,12.575563161578202,36.66522014570903,8.378345057289785,42.602525316312686,1.4704179729721192,0.8655453838855509,5.794818294708641,7.658819273424855,19.170153366702017,46.07291849979977,2.9921386919182424,21.53608024268916,4.513619125506789,82.1809133496153,7.715776021003995,110.03055768715802,0.32166936712245553,13.013798106233086,13.824692268535372,101.52308278063131,4.698071592423396,66.18714916531444,1.1524895902568444,1.5314160379159159,2.6001155777882925,24.275155877847165,66.17512706326109,0.03414592311879794,0.27800347328066977,27.34790442527044,6.8465955936319824,19.31732608032899,6.442153935913943,68.5130902503462,0.434096159682138,147.2141100716649,33.280008026473226,86.53727284579682,0.11759572358306158,11.598613893478259,40.508281618566464,1.8991036444711202,17.433214944393125,20.15521108071643,94.44175317779604,15.966703434311764,28.83334121948076,12.614825399845808,65.16314609879643,16.93651593986852,5.670503535839091,38.34930150707097,8.197794276164931,2.79228839043565,4.463796543382264,6.019724238392989,35.62657302795017,84.6406345850127,2.6585913384741486
82.30623930244668,83.55176884412535,0.18344849467441904,16.382216854536452,23.25194020678005,16.467804890696218,8.697907195372332,3.317825364934762,28.97789808565718,25.094445507477296,76.70385117995994,2.994314788229272,25.218877191348696,1.359804581312364,62.75931137975703,3.7257053696781384,2.5046062755206164,9.133856032725772,22.924140862093594,100.80712831108765,-5.321161480331682e-07,6.080127684417828,23.24313680313693,3.1102970683514632,117.9025689913699,7.0779357535291885,35.14614929887772,2.136354168883191,1.4494726529968265,7.382369769294268,4.825585689193448,153.40961599019684,1.1116148183174888,5.189856069970817,4.2272869813303755,19.380765345139253,0.19391241871732312,44.82734004306918,138.28505359760462,74.49849843633574,33.001961649799114,49.705368107806265,7.567786793210351,72.4620467219491,0.5370917483073843,84.62624845264368,20.916341592458057,3.53608647746076,2.995443553475658,17.824887737416002,7.199682427163289,31.438093165410393,5.758806397817107,8.524888199098365,7.19658881064416,1.4863159512716644,0.005163121568083628,19.09151617973871,3.953474732180414,0.07166096248743958,15.735912663919935,3.1576610231229214,0.7688459201623621,49.75542740854653,6.886877121327611,4.3420924597356745,31.050417564986066,-0.0007311893906321032,9.241858936194312,31.632847484116134,47.84417440766772,0.5015670519366733,40.576601204582296,8.480888509354607,41.12107260906414,22.617424001283034,198.8173631766213,21.53344067905273,16.458577893620095,135.2484582182929,12.48999761024194,42.928588186943294,13.749304064507939,12.338864275549854,42.553400640349835,27.711331413877957,0.3150790481568517,2.020389785015708,5.94284777364407,78.9341751651958,0.5259572594265194,47.3117641961361,89.93270225091558,0.41755276853615175,0.1884810456439565,1.8612632012139612,19.036463476695793,14.639956898787311,9.999698145659384,44.80759842027179
4.933332821535176,2.668419959734665,18.799052305632543,21.329518483350732,23.232133075608715,0.1759830270018643,66.70191075230828,14.2268447345557,7.862139384300937,21.26200037481449,0.003938017462423282,7.532479065314044,5.266766091022438,11.228934701418972,0.1740514861535516,7.310675466555113,59.18238266208471,52.14683767146252,0.004503516944209807,22.606525935513304,6.707823305884551,22.378538739012654,7.031850322990811,0.029949060234424785,8.105206941118597,147.23280331731732,2.754006483604412,24.743078941149985,16.846556008436497,138.1952492821107,2.105837546044203,46.17884698230797,116.016689399341,12.058491292196287,29.27967909341915,22.288150347382867,0.8353667982554001,16.003426407949878,2.4207806639941616,8.618242192160046,8.73564950782388,58.17266452534216,27.728962076660068,16.64567225153533,5.667360113731615,26.089200554346412,0.7039837057150624,0.7631040201640817,41.95870059740967,31.81790038697708,1.9875604718526798,75.02496815734088,14.386437548702123,1.954160374545003,1.7637614151101406,86.64713024339808,28.777977179274618,9.371704151489238,4.04604250038867,32.45257942777822,44.18327379547215,14.874007447697128,42.671961765146925,1.622459990186198,19.406415737308947,49.16117221173451,9.07064334810238,16.061682262005526,32.32681264147914,17.297239264336024,24.945285700839676,10.707676230985802,0.7084257628043487,5.071835300525178,105.64287449632563,20.46281057600155,174.8804816575798,24.436286097596554,36.37701878455107,13.280131438862009,12.64295268218414,28.26099263767867,132.77034085709852,0.77901695621274,4.206714066722284,6.704222033102425,0.27364695616295,0.677558980539759,0.14306895650633678,34.43914144075771,0.6652857424492193,0.9869747699077811,52.63327032200692,0.15434449348084534,0.0017729491967695132,19.904128313491558,64.01028786054502,3.1758623522478784,5.211887438645207,28.058561551485006
6.373602158161326,22.020359420146608,2.742453271537472,35.72531108916813,23.79300215170198,40.3223733572343,0.10544475813527843,0.7343434206284529,72.79477327191873,20.179067073168195,0.025668304478966952,16.172456126541803,22.848912669099015,3.605095045734708,40.8331556049031,22.98380583415386,4.818842579525999,149.15156462256783,12.614469526175263,43.45858011638336,21.46050568803335,1.4259189697134822,22.380640241357295,7.480131830577376,10.372180987773866,14.385552073651267,12.514845284513727,16.71519045999519,11.793636597213673,5.455096902139206,0.9966590399863682,180.13458647349296,59.57893486169746,38.479533137065374,0.033153089979515826,42.825910724263736,10.217583730556763,40.80711199005903,7.879766686344053,60.9033139483822,30.494210715797916,27.555202797971383,3.261550102197228,20.096499888840167,3.9174003575011946,65.65620886605969,8.2554646162226,16.59940958299302,18.043808385876304,43.90112911815311,0.024774911294804802,99.72335260750884,35.85602099300117,27.403564055984383,42.340304583881846,0.203699562433993,8.347474562671643,52.87286972614378,42.258279332489906,6.465066068386704,88.95172225367939,26.687102486938606,23.549715000269916,6.744528348121372,3.4632642428098315,5.455586368409005,26.684850243887595,0.8975813850229772,20.65297414505312,0.0009620961581671139,15.492849374491573,30.356227244923932,0.001991264128204051,0.24116361776529738,237.96853318536603,24.115870457769823,27.297147428851844,0.8997729131414038,17.088181507713884,0.8933912124106742,0.16467763373018318,36.362475768232095,35.05550360187822,2.924411302096864,14.253874606199496,39.07454523543423,1.8062618609130134,29.022228940374045,4.417663639757038,242.69380550890278,56.31804043029723,0.7858118864867505,44.24616464734396,100.3023812384401,52.532904136934945,30.294742969498728,1.8926667966644528,16.135153876688616,5.133184961855225,46.564786745402316
13.95328908140629,5.044745699567219,0.10268412031942731,24.633190467178487,4.0840755992047075,3.42486623284033,119.58254459259014,3.2126279633102808,19.16588537815794,41.821505993781386,66.14405068504597,36.52687241696248,92.0714794731152,1.118640186980988,61.56815630994508,0.829993815639642,10.659401412379378,121.44250681541604,66.20714915899015,2.9507231258417668,2.721416514268922,33.62354357075236,27.171814528344978,21.421719544924862,75.69217624355079,10.780896954701326,0.9464027340805572,0.06080937121765562,1.679286696239254,39.11324318048,6.9237426684446755,67.68549973006306,49.69423514243597,6.045331200284035,11.430087957938259,286.21490168802524,10.52445939238292,109.21075878895478,0.020121229446180333,11.756041301397886,9.537831600688877,12.684931055392749,1.5029304419247111,8.228927584466753,6.753091473656051,3.6124776087863557,30.418407820309525,6.336864116737423,61.40595885186036,8.78777064836198,103.59670124220676,23.41791610777528,62.3376026254105,10.384046262079602,13.461513694021406,80.02124635746583,94.39106247618338,1.885058467759574,1.3777133397884613,47.97167632384698,159.05240338318913,68.45851979013204,34.30284954269607,1.069659115814516,33.287609810692416,26.00662903484389,49.82817964081849,6.34559331006988,2.9641568352988745,19.81163199485014,4.325131338148579,5.8729196267534265,8.26729329427371,27.207529141589347,21.076614356050506,1.4336037288951413,25.258994453066805,0.0267629533780811,24.711999036140558,1.2023403830936985,1.0394208089247483,34.37615267459174,29.100016230255033,0.2951097626614514,24.140475400570608,18.488122095011125,10.94323885229695,23.15543823352071,1.6421694537443843,45.35387141080083,4.466955161965348,89.72794642244173,49.90104821909916,0.1784782370391964,61.77525741496327,1.2570020831760775,0.007958870125294837,0.09515343570296464,44.25676178901235,15.759313441138787
5.54951408630067,37.48915674812238,14.238579623482183,44.20802324711531,0.9671091654312267,8.902791689120846,2.664764260105624,2.7176507576436975,5.970465096673701,28.75548466918818,126.97440012034714,1.0462527090370308,0.035114208672581526,0.32925681814340635,3.6118881862602956,6.704763994600012,0.7840373781001246,59.26205555692327,0.03917387330852584,3.1180585255690056,12.009277500103085,48.06197972126151,37.90826467857337,76.12043672001322,25.907590188509545,0.9666403068515184,59.41553790970838,1.6300474073258577,44.86646869005673,0.25650908739586686,1.8609856049410665,21.567185950474972,26.431246468710913,5.968286766421005,10.850168924251374,24.664667621310137,63.11161104359777,32.54977546366374,36.08606033204108,14.203498810329958,15.644826425916573,5.4563734883390635,13.259225953313702,44.05334077144247,20.27393171048405,19.68390912601883,6.428668179282796,21.288929742814027,6.950317600689843,55.86946221375177,3.428514124910439,2.2960762692697543,1.3760932244476312,0.30988910480054255,5.606069588400045,17.768583962195173,1.042648087675647,4.280841650547207,24.38541278247647,0.4605145860175064,0.22565490216447381,47.96254020539821,65.81113246975995,0.9826643279390068,71.54913877075619,5.093632246879112,7.455347512072208,2.2607453016720385,0.18300083734012462,86.003875761549,24.271942576698684,3.3151211467960993,4.914737940754316,48.488064007363896,146.04155518831675,21.269904199088433,104.98824619190894,1.9140848742746854,30.744083203300825,13.841599963360057,65.76328204927299,65.24132518079257,125.05571123309551,23.67118258417038,61.72420615882959,0.04691824794287136,0.5235311709037394,2.2820603634504266,5.427420470143888,16.62361411573375,13.079797293120906,8.162844698844651e-06,58.566279576661316,14.87009693670824,81.81966241912201,0.6720132416019826,16.073477124222098,15.23784733662594,29.944523128546294,27.4062638971915
86.09408380126388,82.01644816080706,12.882445761352686,41.221861747591944,20.864518162444504,0.17039519912772683,2.344712404380262,12.599848602496206,1.6671747526883056,16.36570488248249,6.660610364894703,76.05192622082895,16.203977938732443,21.80980303647375,0.05993596211556529,96.31720057418556,2.549306941383821,44.53192148137306,0.9164606418115993,13.754857518977753,0.7734371634878121,4.3588927557710875,27.14081740242257,0.6583147778020932,95.18240388037417,2.2435207014837655,2.9014701274572046,35.8814909516603,33.733376129511136,39.15414028847727,0.6118376779059869,81.47635099887327,20.847671519497634,213.25158844365865,34.584552949106325,31.50292562753276,2.724128018786952,121.59543786761557,21.223209317236737,14.16917036941814,0.0037792919842161155,65.93705049638878,0.620889620784121,0.4875868424305443,34.29222378335248,59.00654835738188,1.10814026725832,71.72430803669864,0.40565967482253473,12.959733583214668,1.8978956258395625,0.004737713981241676,0.06616451012259805,98.36881956005801,90.79401688404447,40.56493358665264,0.563274161026559,76.29467921982982,3.3614490313124623,7.726083422396044,44.33485350590674,8.345622437817863,120.58308225021197,1.0986089829651222,0.005288283224909485,1.1507472612448408,20.77621287129987,92.49926637034721,23.66754973691481,74.37218662526705,0.15384028220586998,4.179187528313031,25.18170593378397,6.163232755939074,53.80722685047289,4.34305755516694,20.042220690000555,0.04229330305425805,16.955698545399244,79.26349581330093,1.9271809922794416,67.9173786725363,6.265463748891699,4.446126789223664,71.47644106823427,24.17709677863631,24.52401209697667,5.835601233235533,14.29491135460309,161.26273791791945,1.1920490296881603,34.76187183375452,41.141257900210306,8.035530064687633,2.9622738542349323,3.66734994788911,103.73050474356418,18.31332271818136,1.9159751901673943,0.8809472775436575
6.070620688113653,47.76480727149499,3.106390718556522,0.13438433242659276,20.770482094711223,5.546619864578818,0.714304914767443,18.189162135807766,7.571967904259188,4.470848575928197,3.699076425969296,30.05938938016822,31.06497405018206,18.208242478921306,25.955528924874628,0.39126129802136767,118.89572748761404,108.96544805767317,19.87161763802415,17.9404229052586,18.39251696296848,3.206955081676492,100.29663597093851,33.92147487890181,58.97717764597574,15.83758697171482,59.584496032387605,19.874607005370187,1.1053887468352004,0.2669141941627,4.9508524672465475,97.67336292371195,3.652250487090252,14.939227971505208,1.4627490990239087,0.26437121890652193,47.29533206039783,14.920860290101803,18.59709673204938,46.44870824055514,4.123863594284101,82.18457653487035,4.223799753616511,1.2971145257818302,30.303370016515508,143.44605919802436,9.996951095935078,20.05348295482004,1.599947328622104,2.8449824020059005,2.179940867792192,2.0306255385940677,2.3021550680134926,10.765511212147505,142.95916588621282,42.17916146084799,58.55496712026687,14.144124594117997,2.6219062973706784,6.159885086443886,81.38986439132562,28.7921604584657,4.512638566839772,7.225978765855146,2.738616231571995,47.46962000757746,125.69503720888116,2.328460086348766,2.440277443471385,14.792249975531814,0.4415816905862222,22.901838760783036,38.53034716905141,0.5230525883880937,111.32718507450862,1.9618425613393056,20.629143607810143,13.755485965499835,32.40346154320026,11.418190833492748,1.4900648663193792,6.0438134413464,19.67237126048592,2.088620898269455,1.0687909957108106,58.51704502368219,1.4697762256202016,32.74865649875731,48.88721226099599,37.30283708502673,5.838776335749738,20.920852409293488,48.34795428842369,29.2054460011338,61.794938169253186,2.2977903008030816,6.137487736546988,9.570555968312904,3.5459660849241788,143.99768570173748
66.2659199935054,2.2969775163897665,25.68894476417381,95.51081703603248,0.962541932187138,2.902202022705378,0.6844001632611616,3.2498287639170784,6.955185612096637,5.509569597306464,19.316124432286784,2.711759159370323,79.54266760941869,6.85864833697161,4.080644157565347,18.317470664694795,5.086588241787302,20.83219385196277,4.5890724930572215,41.0480332212241,5.127806569795434,22.10122467318744,7.69802144087243,140.37013190020016,56.001960883442884,1.7758364337732981,6.861173884471022,0.8114644835865876,87.45562032123074,6.192453741472718,32.76974235181824,69.721073170366,0.8185248948946224,79.18093214523758,22.477583596151483,83.54463380290166,2.3526194425837534,4.759788328767534,48.11881628757111,95.28616848149534,2.070204260812851,180.08602094989482,27.05730852077224,34.97545998257189,12.578189486998859,62.43827948912416,18.252360663944597,68.64412197956196,5.076643683438258,2.1939273369210834,40.09440592133713,6.080744789110023,41.28582608278425,0.00033482613906699044,24.2997558783585,14.321209807464856,2.464261040417207,28.816474685833953,17.73365582143892,9.432409737630284,70.30506843065962,143.8654072054439,32.58757930597088,37.327522165676015,1.6522562725663104,8.493654256239408,2.8040138759285043,3.2980722958137756,181.438348519149,9.78256986948752,2.5010246466648214,45.72489120757223,1.0230355295956688,1.4700124069668625,97.48032080039202,1.0007629522798984,5.0924073141583035,0.5122972443566303,37.692006915800775,48.22322373243189,15.203154307727965,33.33248122269664,8.287494167315531,0.9238864737047487,15.379782641536544,0.7245214000362128,6.499611531494134,16.71681848672288,30.42914768126591,7.548721238361333,7.691881788619373,0.3088977205899832,90.70923976887094,2.106776878779394,0.44269865721831625,6.409120368146369,3.6917084710951222,27.479056889616096,39.373166581990176,8.68477813678881
23.178241685565553,6.428084256667434,17.52324932584469,3.34306675944897,100.94596874667388,4.506670529705703,0.01565485877829964,18.616692847634006,28.148528231082643,3.2912625247211524,0.8900977290602192,3.7329699903164824,68.42274484488132,8.76802875687976,18.163189736430372,67.18195168904876,10.240986900344826,253.79496029600858,10.000492242240648,2.879663205718643,0.4415972843931666,13.775502784424397,40.10555795177943,8.08581028916415,36.572445780262115,24.69204984156371,24.19510251850669,0.030883113901515102,8.169420084285175,4.3639060974408,1.4046245114450038,28.950560995058,7.34420452259693,36.32330329131081,88.10823572706556,4.8648605213189,79.65068015161148,37.11390666743847,1.7371698158545072,37.14506730667295,0.237057085497705,36.13953128897453,32.03255130422187,40.07766382174014,0.26535383306796945,2.79112376963296,29.28755223486529,0.2457421774704125,10.294255499287097,37.38873296871962,5.921154043416019,71.22763756707087,17.38267850060367,13.499810152283597,0.004316663842201862,4.780164355399313,10.0291569909052,85.28461421749986,0.04857827971055961,0.7546793481067393,75.69412936684002,46.07969626783634,8.10968238122702,35.344893791645255,28.26388729493012,22.028436406008367,0.4289934173820358,1.3562322076658155,1.1706352287842368,155.5351217419035,36.0456380874209,24.86811218419831,4.777411104750219,0.7534791749482475,78.17523094381367,5.170914549073558,14.838366107915899,3.1222529469715514,36.78312267241334,0.01146399739325421,7.22389547435845,15.847143410599411,17.788243168305968,4.529860350792699,19.167043575803056,2.3490633511403436,2.9062855058525985,13.95711848937379,4.052127577899345,136.69171738180626,10.87155321421208,0.6193972194306783,67.78045678696142,36.73814333484061,5.279504014121269,14.494789625774201,11.43380098483218,1.3457440335420676,4.64080945199431,96.68474630454257
37.259905460718194,82.16686962170948,1.2252598044926875,8.626570432796772,4.770778242203256,46.5904602678304,4.285754269384568,24.210038402927815,32.42810034230604,2.3412528445043677,1.1411918302320405,10.857626774204304,11.323952907498963,2.5672565805888645,8.308355865127172,4.4782709634399565,84.21114406414564,169.14596687300224,2.8129225831192706,5.958971928067445,8.229020212144654,0.015223841712950659,18.70183208392097,44.63742060503158,108.40129059516377,115.79350035592468,6.182554559960203,0.2537827597757456,0.0022876989445679285,6.447061788572999,1.4594850820457133,43.507660793328775,46.310321558090465,56.70319443394565,24.14876591984732,27.780834861360223,11.914088641630894,2.5740014582442923,0.9553062810316635,78.16496907594434,41.480098113700826,7.39179935794758,2.515289824817044,2.7761665829944153,0.5133229944803617,27.42293046364506,4.241479950961947,5.635208369066816,0.029017648249610062,2.5046845612464397,30.95469515973436,12.505868329016394,42.4950262907511,0.004978957274730078,46.61727555911761,39.375132806035666,5.187068979338042,3.524410514287439,0.0026046093600573528,2.921893342111469,2.0058257555289893,21.195963620578205,12.461431657333408,7.629648608797369,0.27505151970758135,12.022155866752975,14.086407410783465,0.09578920699481763,12.639110046337386,18.18616699491868,0.9392550982474628,4.717418317889,13.808801995093802,6.285967317718312,144.875682959182,7.9463699578870886,32.02923285697955,1.2515684083295007,142.21676768459528,1.2925457527921846,0.012255191280895694,26.1232570792438,0.638827438914805,22.307282104995085,0.4515704280978001,1.7033733828013462,21.63915219107306,2.193715754996674,1.9190078422454278,26.62852368582609,0.025678567431788757,5.3718363347057405,5.000810433672157,4.153354105453668,26.49513652722423,0.827549005549872,33.1230539842867,0.7184214005033054,60.18322790143562,8.2282429251283
35.89209283556479,7.031688879735203,96.08434481369966,16.56597552608453,100.9803817193394,0.032716426154145495,5.11388132980969,7.211294956036317,79.63444479798042,1.1756273656499499,0.0087005845152488,0.039626643521356364,3.332432383093154,0.13553137892191636,0.2096078001914714,30.805501575953407,18.886935852110312,99.85671171892344,11.32400043329304,5.092662750405346,1.519761849344352,7.601512492724614,1.830923359457251,66.32082989965753,274.5813239758623,79.78363442556616,69.9707530516531,3.3553421298046344,4.357801153521108,3.2032073191636288,75.05661682821543,133.8303964312566,47.008656514773556,15.412820365707931,13.472965073223452,29.4096371726175,7.9028666118748765,22.704829350000253,0.036650590279826645,6.678594676342767,18.382305722419908,45.77503124255013,34.56432487264748,8.789576211838252,43.795493275624516,0.003984159395490128,9.256388757165483,2.623887212244486,61.57849297495062,24.676383026591544,88.65910699715684,1.0188672230167466,13.837937919302771,15.657455961298027,155.3863548614919,3.058691488206704,39.10698760276416,63.31833348718888,0.19851233748901365,6.287859566665163,2.305737862082779,0.46462958998514914,181.20436643099998,0.03366472492703876,15.604152508088427,1.4725212086256354,1.9533368208823347,35.12304678383033,5.1090520695971335,13.89230360918228,54.34874579983354,32.5752250037743,0.47659789296681065,2.2743721314731413,150.03033663689612,3.38203625722878,32.10000358863149,11.424526934258008,11.286454485552674,62.616685603624404,2.4269096843172253,5.144678870881659,44.90713282056632,44.78730648201211,39.32705910672938,19.667605664966437,4.124471912183219,0.5127165121545154,41.85382803798258,171.09609364355143,3.4893922031424847,3.027895411769674,157.36963362553206,8.7074235884267,69.58717824112824,7.831917797311304,2.439321425030257,1.4207636859249764,1.737035731969499,21.03719948859969
0.9402429738899585,27.516438880820637,45.91672132282838,3.8676998851579256,3.6471708701574013,3.82457782128723,32.496556538798345,36.73284277533679,31.586715723072334,2.333571311944292,40.587507860647705,2.1399191987394337,36.50448986128942,4.123067931264515,53.04484876561238,25.849531144504063,29.762735108398125,56.720231834980154,6.114964021139524,54.924268750303995,32.28667257826776,9.692108562026158,7.5738955202556895,33.8470276363452,169.43524460189482,59.19227952048402,14.300343207341015,6.301588367874842,52.799125492548555,3.3586210237884533,2.467980136276797,98.37777288270566,130.41826844592742,2.020176521568328,0.3848224119199184,11.389171844267974,5.879788625095191,14.29299815347602,13.813629812953394,0.7279561488169355,8.56592824098572,62.540804311819244,0.8334406462050215,37.14080512220319,4.603667834184217,3.644426485176886,0.09742492699323524,0.011271342912146931,0.15994410947974558,59.22610323663708,48.70491735855355,0.47694982115150264,10.737720634624946,60.96346858004566,17.376194997025184,0.35359610175964207,9.743959024427701,2.5326728258737092,4.619930232382035,1.710753642503363,5.648004537897345,42.4183817061314,38.816034056080504,84.60015022737865,15.49464890046235,85.68242066142295,0.22283617568950032,1.8747880780841228,7.630363111037039,26.668845034722008,9.17781303945684,18.742120458811417,96.45133215641792,13.6396670762888,73.23123422966256,17.301233724910187,23.859419595670374,0.01954801724846611,21.72493760002727,17.798866658176195,20.536455669539667,91.59269003043146,105.23722133984907,13.503966680912285,24.436343434976365,0.0030421635657251755,10.693033787034738,14.084874658726243,16.114237685283506,16.433230050195057,0.011154507196090346,29.074389040067942,39.74747511917907,4.601587553610587,4.074812944251212,1.379734476676815,0.2546306773656255,115.56844825057686,0.24741120288478902,0.2023765968097524
2.0710790625155795e-05,0.04982287940385799,0.4141949061738872,0.5957051835273237,0.1418348092694508,7.061486126852298,2.8300940355097906,19.693714662602744,65.27281199538552,5.5741558004260705,14.029849330422723,5.131971976244045,23.546744676263543,14.998136030421811,53.96576828818351,5.785359511051034,3.930062890525917,59.895418448564726,76.05110840031088,68.94278154110607,2.0500669339824356,5.163897959813331,37.609232823082316,0.07045861293580113,175.72524193447197,121.73619285969404,0.5074087167742345,3.825571494666719,24.74731359120276,66.38474714981119,0.3145536985287736,149.38704756225238,0.047539008942086625,69.35683411296938,5.613176898731789,34.55332305621967,2.6049161114400015,61.969001067675364,12.542176423224806,57.904744986153354,5.757082611153047,35.93484559021417,0.8322287784147093,12.830322146584441,32.05886389051186,0.10293725809754317,1.737374059283086,10.291073140647256,44.45824591835923,4.341363594526307,0.09322520179937932,3.6988851159597793,4.081926669376529,21.04856252015228,0.02495484448949803,7.279890374023932,99.82639353512413,13.504940356538338,11.696550337486844,2.775911340050123,204.1355142650749,0.04437802233545618,39.12503387453396,11.352833219565516,2.395443791141627,25.12194447957623,1.777838111732076,37.77837258692994,37.62845045275913,73.42264178178046,7.319157487619385,3.038101626344959,78.10448467458795,15.401139001354549,8.38233959766802,5.306628861454277,139.0572306947689,12.000637793539429,21.633254329538392,4.40067342062327,0.07561777351501586,0.6616417394133496,51.67811815364572,37.098860087031234,4.49360341759339,44.385739072321726,6.474119066910492,0.25031261389679216,16.917680048762097,81.64437985075465,29.851352578042015,4.099790028733637,1.9524722889331043,53.391948185402164,0.6541957728130487,0.020426604931049752,6.239536929060621,14.509277249490223,37.27341776337107,2.7708523033920684
126.99390497307112,47.91497601057765,36.967923801825116,39.12522785507413,0.2599183284680424,4.034692616123335,2.9551737975200068,3.579761810014201,0.8838901667139423,0.6398887055791844,8.125748590514002,10.352943265055018,3.668529837583575,18.79959264415782,35.233665549237536,152.2324277970672,23.17867701446245,64.43619675012746,30.532385324126757,30.590664442637536,1.0834771171424933,69.89250237071963,2.259469708917166,24.588177425113848,119.2332429792682,-0.0003542924009121151,13.007313500492701,17.31015432761011,38.49388740544707,8.235675402093875,28.137774118679015,1.343597159479664,1.3923569774239155,10.26683849789616,3.3279557975377694,26.531646259271376,15.399225213315699,11.740923863214768,4.295336799348968,8.685971347469085,29.7240335235314,16.724526888463615,7.818456398373489,59.20593581784561,227.4423707960961,63.23741999272342,132.60308521613135,0.2709239032503339,2.5217272190038686,0.1422123065252947,3.0936994187830456,4.726085851196672,3.9487059760187955,96.27997127697694,1.510622889059456,0.9414963470055584,57.99176840237311,13.20716473924842,39.64894356260534,15.710397816500528,46.36240416765859,0.9889961158142597,127.62359051575928,-9.252254606906263e-08,0.40981219072518904,9.056394861664714,96.20043639155557,0.46326373634376505,25.358548854552932,1.0254756943259427,90.21124462324948,10.578127325338675,6.260360898047441,4.239581666594481,60.60511334641518,44.47975935571833,79.2969647578858,2.8626070980522274,181.0185119409457,2.877571548519576,1.6951430769217604,0.7267329140966376,21.76192569323735,8.173257837929391,45.69412613341047,29.110965379976257,92.01898431600311,80.03199904368726,59.443038639928695,6.7202936922805865,7.676339604867401,5.772378460680308,86.6623801055735,15.180311240080085,3.4042511819244847,41.2273505980944,21.601767484853948,15.35248514559592,25.540611070254254,0.5939873406294041
2.9847399924405007,79.09049232682531,0.03161217853264375,5.438002670848253,8.061082298098718,76.59510469827873,21.996373886733384,0.27484890035618204,16.175149176605764,11.06293040102454,2.9246719137715864,12.36690191981334,80.05754419323063,34.800733406068574,26.323098536737504,16.5716207096986,0.9479202938195415,5.287440523248669,12.107644404491381,0.45173733523360227,4.262768779757558,10.113449150279251,2.6638444052669126,26.594933369476266,68.88511617343298,0.7033507025490664,0.029301553767782096,35.529321111796165,65.27165520197366,1.8776376541838093,9.142157109932814,111.6603365139614,53.24083989632908,119.17684963843804,10.21021230272777,26.685551447597575,8.737747311261172,7.134987099507168,30.68143884963266,0.40235507432609907,42.79910617772982,9.534255764331409,14.619983426506709,0.5708958088945364,42.11925720920486,0.3690548335742778,40.97181033577979,0.35442991613315833,0.3317617820560903,21.333539519210817,3.3006324309855817,21.062098074734244,21.544236354794275,64.07281901717599,2.010546554544379,10.013658561954038,0.8030563192576823,2.0222243049887676,0.005535971495731928,201.03712999058317,41.99730418660243,36.86687973228586,0.3232857729884264,2.473853033360111,9.866474513950026,4.279745398758429,21.392825317436305,13.092402847448712,0.5858941695368696,52.97307570655223,0.21977995788420124,93.1474283964152,0.7578076707944614,17.18269072310121,25.068782438449137,0.05414534081765776,81.43609466504594,0.4409360240312328,0.9272263120570043,14.284591275682512,12.634231450346853,40.936609481220856,15.993204383482933,45.94528968316358,12.458734775578137,47.16693432069502,0.20285318779166284,1.492794388028737,9.636414040581057,8.144657097983437,12.906841159502198,2.073920730211099,103.75816446525423,12.648569266284863,1.8444217968355892,5.557052122211154,30.944782334586584,3.4412069529110827,4.176732714077197,7.523736657514494
3.4281479518799367,4.455128441980143,31.36703554134755,5.35498524179003,9.002567477844913,0.4326726952446407,33.10337833002416,1.3758324569762936,20.64622479810368,5.141880740454331,5.764726872206576,7.785357885957803,79.93055811970856,24.921399267220554,62.85212922256252,27.66123902178788,32.33034189000391,16.129315291881618,0.5744760750651352,77.25754909484095,3.8923080362401565,88.1417878327483,15.12010129123934,3.038840857492188,4.671179877779183,4.858769337241007,43.04611778041162,0.661343404599009,2.2001097663632807,47.43816279101639,0.11180787375510626,167.80587639070853,22.106620862232266,7.82463536195784,1.3832490008250584,16.537320300244417,101.56069440258912,15.982987859649338,1.0115061861006946,30.92440571836096,0.2769185791686173,148.86903105011746,0.813964555418826,9.342820169755989,9.907419714586325,28.380838384958953,2.9956131910760666,0.7142467327222572,118.9301651167838,9.115211273410669,15.951312634592004,0.6540829077552068,19.908785529534843,0.919618827100301,33.71675496335827,42.004162435847206,16.42035568354879,76.3487201139074,17.65091320603308,2.118226318175086,170.43024348944718,6.3849122655914865,0.042874364385267594,18.09686434121209,0.0034689157519487424,13.396696339101856,6.625855065727655,67.97937296198619,2.037091219581513,3.087696197814309,20.011294939642795,13.412175448499934,3.915454852422352,12.419547737101041,45.86986583685313,0.0014081822128435562,54.684848224558614,7.560347551801808,6.107033224448182,11.081691782923336,41.63771357121653,26.071530220989047,45.6121847816778,5.734518434436015,37.57393756650569,36.611923948866284,1.4459297785185115,0.14337025382441926,1.695199098008212,7.599207735150908,25.494448421570812,4.945886351741404,34.361707658276124,7.419627832078745,0.07193745946202101,25.84913483443981,15.489420170529305,0.26575070604870277,35.69917270198766,0.2540517194064673
10.740718675616549,72.71369367862728,2.160538020248771,0.8881512265408462,3.829965517305297,1.3518334744012748,5.566710659439545,1.4743734690873165,0.4749992803551901,1.2877562085840033,0.01567938213986153,6.2791466189632015,5.6385466567212035,0.019209959543344368,88.64156990855737,41.240983535014635,1.2472688646570829,92.56070985133323,6.48174229065183,21.690959533550767,4.0471561688620685,18.8544064396942,0.1893634138424689,7.527410508269661,64.31278667517975,20.789046161739968,61.24187525744709,2.7575180249402145,25.501464713518033,0.5460933921472,79.51216685723568,55.029530850277304,3.893184132268436,16.422026582764094,37.08170380104463,45.732560022834626,2.639458524472407,105.36597246741533,49.80133079373198,206.13641082485955,3.207402402630927,20.802754946928292,3.423827497223864,0.5668121226337384,14.372364230853414,61.19967142684067,43.679548926696434,53.71920252007538,0.27178646782166993,158.20636740903547,13.02708580805064,44.88807729304742,15.303658133808337,52.4137228296238,9.988890648702062,1.8537413219686467,27.389937459251506,0.8904868950732516,8.343083993884433,2.6998008739202763,122.51950201577839,36.93379190748348,16.194648212209103,20.71479085862162,1.926745395441566,0.186120737327915,18.775381695196103,14.163207986091987,3.084376841177775,5.975948816081317,42.33221302542684,33.52609083293653,0.02322760347500985,0.684096073494338,44.4145140142592,1.9627307537697307,38.53036353708617,13.25315722765519,10.55014174955199,16.055996782949897,9.7533596054101,0.735823019465832,24.749231865390264,41.45943535295792,5.195712675867258,2.883519540594264,15.021444576870227,0.2099031319731237,3.5046119434488574,3.432834578553923e-05,15.8877453780134,8.182128899317318,3.575480740575143,31.01157101793187,44.605393998795236,4.995198233870992,30.356616849726088,2.160153801459029,10.587998701150651,44.34644548461812
55.65121440789099,54.475497270244105,8.716510936165673,104.45316378277141,49.37652751912511,18.01839725878357,18.23106535583152,1.53154184384936,36.30837514719647,50.7411778926384,8.085153379435653,8.857335807456337,15.484504281660701,0.3739254783582293,3.5439689212964165,61.08867716723508,10.075667730824243,45.33931212057785,59.719972930574365,58.28424328334366,14.265120203510396,0.6685760642660288,0.13967096461233286,1.364731139733884,122.90426868389959,26.35393283600243,7.804431917088097,2.3094911176846926,0.1156104382828067,0.038090332377842984,4.572486113856169,73.66780802946623,22.716995769703196,0.16288668439887743,11.204641362154593,11.30008282984366,0.1114144992457744,92.60151630540527,4.062357669542655,10.585154817155413,0.03489745563548752,47.57726265671296,26.60568887388947,71.23175856903529,22.010750420975317,8.136456455374148,1.4707173642762674,3.581205974639484,39.36909759854302,14.12628276104937,2.585442939929769,28.216580185768976,7.314295363975955,17.848691547655523,9.295857825981425,29.449358653614794,66.37895767258554,91.8069077918673,7.955039141799347,0.5615313287712951,23.09421901503122,43.44232563238377,68.71283017312138,19.69150856953516,34.47716556393903,9.257869354786003,0.004094282912833869,0.02919323928368911,51.40365431060168,77.41967105566417,2.2116988650719396,43.32482445215608,8.097589949416061,0.5223958444408372,32.901239632107874,112.91582128098503,13.181644620305004,0.2819295003297291,77.00918653358472,38.17164801312666,9.138740459979518,12.529980829434377,21.826638246516566,12.111208348033287,4.19070503879141,51.598408924786966,15.75733798773002,7.450433932094602,5.710422181840084,2.843505880645627,3.471486332716752,2.295260262002008,28.498063323581018,6.800876797671313,4.121671834633601,4.6944024107067275,0.02984326157733541,0.663080952855994,0.3462874026271354,0.689005816051534
10.262828745762384,59.659499764998614,9.795396737940806,3.1890556086486006,54.585095557702786,19.566139866870174,6.8063460066216,98.87399473679929,6.665645328235957,71.63116048173502,16.49301087189442,6.595415330198729,47.193717839680275,11.453826309626834,4.736584305216882,10.346112939014404,35.50126514201009,5.383057976043792,40.98070766988202,45.46070757039145,3.1024853902544294,0.20097668150855696,124.0921044358295,4.628388844650525,135.68735550530116,11.643558253936478,77.12082741367584,7.374214900955157,9.35065763971145,3.938508546121643,14.554622834116682,121.53935898821275,87.82760098034744,6.210415567379378,6.157203208736419,116.7267128242585,65.73404203255696,16.980051628359483,0.5775634464670913,82.28780261868027,51.197014933327694,0.5503345000892166,12.082197413797175,5.999357461238806,5.916958089607921,3.9883395794763494,10.768855782091666,13.61065879523821,87.79926782405863,24.081861496382754,32.19868461579473,59.959402054632626,49.36044678463241,1.6994709913935608,2.662205133813636,18.3723370657212,42.07207726017432,5.135016890317401,2.305755428740799,10.154043337701498,196.134079502246,8.293996281189667,26.53596719418332,4.318733249666206,11.092697210797876,27.065181013249564,4.3713036389756805,1.7548132255152318,0.8167696780182276,8.533728687761673,0.6406064713595532,8.402076367475436,63.99773387197303,16.54175564354641,38.6384625026611,32.13231120136254,94.19228248716182,3.219812145160703,0.9492427427981278,18.717426027825994,8.135638450991207,69.54262287210209,0.6553493967823316,3.309084597528006,23.308921956921544,16.411454056708312,2.759610554791739,10.461483090140984,0.027473210509983303,47.21649097147734,12.880477284647721,1.7155034192503473,6.38362749894541,2.8393368119818967,8.210370890988736,50.5973795157332,14.532499912789234,3.6075310411421375,12.117863506174505,66.03836565259253
52.08304208491119,65.69787668536415,0.009116947849486579,0.5469044314815914,5.676212242643555,0.890808856006001,103.54684993099053,1.5003711002844624,3.528468397974909,2.7186440471326936,1.11814755274753,0.03605040673706128,7.97210904993318,55.755039070568436,14.127220107969206,2.6354384687898857e-06,28.284536782492395,27.387430446717374,1.2456793857776374,88.4228680459218,2.557426574514068,3.8070854487569914,2.4296670861155354,27.45926405211396,7.364954134788625,59.81194506483382,10.304528282255916,31.66453423075078,0.33343217185828156,9.586210903515473,1.197464739271438,92.56460851063224,17.822064849215558,8.136492526418554,1.8886319441275372,12.14117741112683,10.68470888371158,21.4673246700593,1.7976456134227607,6.973504501155302,54.97333322039537,4.887030346995195,2.7976165272302964,17.334284592381717,26.664761352462016,13.171147580707878,22.135762359555965,24.484770961198855,4.44107309036734,7.730255430922036,6.39834705617146,31.45269418097486,0.7708492862713561,98.59528579386314,3.687715603964227,29.922026693612136,73.86308794422881,45.66204305603909,3.069477474574006,7.225869973738417,29.952110032665896,31.611660882106165,40.06184805000544,5.705980874582217,51.18360071618972,7.572633355234846,0.8461770780312543,2.163494044224504,89.28762495386128,58.946976703655466,31.45774531628264,14.737088615855743,9.15783288832058,5.6235828637504195,0.20401541735369655,31.964846392263986,1.2383588624662205,7.183654352789155,68.03577550680704,1.9163429351275116,19.26933115503379,1.1383673054375483,32.901780871734374,18.03295661170687,43.91596617458197,24.210104228069138,15.163795001160938,1.892507184240798,0.10034382524304863,70.14549144911363,91.49810538209161,4.681064506892371,43.20924209359445,25.83978930708754,110.13611133595958,25.17695368509942,18.522277789955528,6.388930830462415,18.452961707477304,80.646094543619
110.65632965235855,13.462578126000878,24.69640187215238,-0.008990263004706733,2.3226116790808335,2.094922020130496,4.9898547062450636,1.2635653003470209,1.857584625046588,6.630115691404223,14.500189548728798,2.6252842327023815,11.851564764624758,0.11160572577473893,38.00645369347766,87.61120492709956,0.05839994900231282,10.82073804367926,5.103499337192279,41.300386575941026,16.020779623444966,13.74716304645165,43.47728563485241,1.1450897280153183,9.503495877034174,6.288642776012702,10.12136919335402,42.31362062157454,11.083479701226166,7.649359462513928,2.496177562496082,35.33262448121329,132.5986501033468,2.2185605201949548,-5.185934210949483e-07,8.408664580935296,3.7035209349662814,11.481272127394108,46.97168980078523,41.43588734172912,0.22078765483314555,88.15769218416409,19.368723676139236,4.474116388103736,10.17933587296882,0.03740416401401436,1.348433954055933,0.2341392205220103,9.620086992202797,59.26203180846548,0.7183897635167309,1.9344359295184637,147.97972001979574,10.76808127683239,55.49928873682098,2.7340196337626184,2.50268103310506,35.75890709447967,0.2066516759357171,11.633352078871038,13.162904328168148,0.23736269017685085,0.8017603399223425,7.769455566200858,0.34848480248727753,46.412392842366785,0.4205743799813204,36.00884656643155,6.407492076245402,14.72412476026045,17.159179708310063,11.041187720527564,4.308327357760284,61.50915729731484,65.92171703975968,8.630768274822843,115.90874666970046,8.177254732189136,88.751226761617,0.07306714240706746,13.82623387622918,122.9368065936063,0.08423885008172238,8.102233884512032,64.89808973602946,11.175633970505263,5.229249316340727,6.66372624447548,89.81376874016328,-3.2452325884335664e-06,0.5429422006451716,42.50764896681237,1.2847593672909108,2.8540717321187947,40.81419288469689,31.355080682553393,91.30121286254895,47.73017323933557,2.0139652666191354,3.251730426901595
12.491503636015544,2.7961152235100784,35.10626082164316,2.69055979725689,40.555713840357406,24.494454026128984,12.0019254559452,4.268917563811176,47.43837397839114,16.23655714780183,12.917240887234698,74.4858109633835,4.443200121358599,55.951012090012966,147.5390979319488,87.20017287526157,11.54765968255881,0.29507106924832804,0.47208841718077466,10.638067859757836,0.7379621934511711,15.94014459304719,5.864653609119734,12.84074950660212,19.75414158384601,50.65730437927543,26.67381926949893,1.3883467664629876,23.822958251275715,29.449868951147778,3.1647194413194386,21.238475589492367,31.14735462001732,11.538924148162003,108.10737956210774,2.6090563589787976,61.741308309702404,102.60270905304554,28.17238533341333,19.940470986779296,1.2631796250772007,96.44257514585787,1.7446947665074166,137.3085606576084,1.3815710426755201,31.641696188872068,1.3139969091326282,7.136463205357924,18.030540783320916,4.066646400268289,0.10522840871848249,4.005325559539019,100.06196366711075,10.321550876838153,65.07307144639839,1.656667402315986,31.313492620772216,43.14516564856581,2.015876205269951,0.008424795511874805,136.52712590121266,34.18948642748088,133.5277725965309,0.765924140728039,0.07362787545035676,116.62078515563174,19.732354047501175,0.05719585352495482,55.0918735609093,37.73439351104044,50.65643018650462,0.4770422347906198,65.5268768771733,20.55961443832338,151.13475849909486,13.869238989985416,63.92074859510747,3.8213060602508455,118.1833295899035,0.6894794640936315,27.809279011536297,48.81652534340017,128.13001757316223,3.7677400515570323,48.288124153082784,0.0026304580028018165,6.882646436095124,0.111482904955718,21.229623861699203,39.14603023622053,18.537274499454007,3.1049123451636396,12.229403700177933,12.287729592329452,0.8801104426424611,178.42292207617018,2.4839463573863068,15.583634678311146,11.587596306504112,114.09860496081457
7.109169681434794,21.83663316349157,5.053343613180788,3.08996753418419,3.917438730405115,10.760105190655612,19.98624342362434,5.603087704269518,14.28279326172058,0.5956401713286725,21.943916994088653,45.54931292373911,2.9727642595021475,4.478596194163472,91.84642382641763,14.969676864466187,8.499752477337907,21.740325941972976,59.37744828044684,88.27889415807846,28.75025994040056,1.867460689288917,2.126188775102346,21.413579876782848,44.09463924414775,22.663560902451454,67.95278938210595,18.204478016439555,0.005446651945397729,0.5164844327324092,75.9158544715097,129.61922358180635,16.413229061386104,3.225937231983874,0.05707271334393038,0.2923573838519271,0.5208943469796656,21.85343523354898,58.3072064255572,10.768681615280485,16.2990961836948,62.51372901055111,2.9485054511113544,93.60876325986484,27.711493589483837,20.12685268686809,16.653201100227083,1.5923034731209054,1.7408673354328288,0.8251207652655399,14.87699607609921,21.821525910483913,19.73266808610667,0.24070506390483715,17.573184440128312,2.251577919101507,33.221016517795256,62.032324136548276,3.6828780206435034,41.37396371324047,10.229058368484047,9.301176113686408,23.398626853462222,3.2617348014338523,4.963820234827132,10.469506780522455,0.13400921440000158,2.674173952796898,50.397424650252404,55.92298287500548,26.671783751528373,6.940798370146345,0.40765568496894744,10.115515971193924,18.770460965421172,6.30523610667995,127.70180657275536,1.0622683069008136,31.321190632622358,0.02311079395988269,0.5387408413067112,30.095029456087545,19.604796999588217,0.0797529391833578,0.35898607063377774,0.006028531408440063,14.436137457595208,0.0827410504117374,0.14959303432589266,1.5528892681751212,-7.758765817600377e-05,4.51250134316496,72.59043602256384,37.72973553526322,1.5139045969223623,19.3291966318752,4.776737990600784,0.20971685950235575,6.347467536020349,15.20868251197087
59.01128092884172,24.828493925013657,0.08031809220494956,12.8339098465547,3.103621988769378,0.294870736455934,4.788435821935363,0.4741727160950928,13.377757657178442,0.388454335552062,19.75037925015259,22.536561777716102,40.13727348254274,2.0542473528456977,10.441534294264615,37.34235497630888,0.530464696521264,134.87046972863607,10.615875394687768,20.170423873231403,1.5494599241896374,32.05456437253296,35.480334220244146,14.488225550310753,35.228404832627874,8.802412450428944,22.23433637876211,15.152751779017672,5.907763694294328,0.09664325124902984,8.017314551864128,179.41849811353566,34.423943376349634,8.195252922667075,34.124235828547604,69.22304358584772,14.635557773835732,22.35324996562009,28.03040321013893,50.58843920056896,75.435841028837,15.794143151861082,47.128890205892695,67.70744634104678,2.91815813553802,0.4591379145639731,51.55872133568572,0.24575264890364235,17.803674021694377,4.289555578948843,0.4329273008521852,28.306946548905444,16.08257709415268,2.591771410082789,24.343738961238742,7.467363537502015,4.409469299154949,6.002833379534758,1.5970077893237038,0.01533009167289201,60.80211732000066,43.75135569655598,10.321707699995095,0.13825044407328813,40.05939420864632,2.9590191796723007,68.26630639137672,4.585675930550125,8.709253775565273,4.966375111489352,0.0027125465392621173,31.041579315840167,11.325803096924641,1.6587558709374273,56.59259460454217,8.454838951016525,44.507126439110166,81.25794030275499,53.57776487821047,20.104610634227335,10.554886152279881,101.49153175584132,2.8665463417609294,0.009460078765730628,18.18264265896394,43.32351727608801,27.532519851808523,11.918307519576405,20.37160582656739,58.488838627418325,15.533910499454088,61.961866535225624,193.57173385892767,10.839458705914607,42.744672325028944,20.89750647272953,1.3365258127734467,3.9379399503724875,7.99198879357521,4.527688885253528
2.314153727093915,14.581313528805005,17.234784480742544,0.2600572070345395,101.31666052404496,11.690102500886539,17.521526588735007,69.04269540010644,1.124169354318827,8.22552903126977,12.470126968187056,3.03574839659041,27.494378291663004,3.445644420219339,43.271500056039585,5.7082243310415715,0.3719432665786693,52.662060664456476,6.456175409845816,49.48205695299853,1.0008570647433102,32.08608077279629,2.2235790450782122,8.691769636839531,59.83619664025004,1.1712646556131379,2.0287186483714086,17.02331474619123,6.301034339051732,0.13307345147466432,0.38390930553300695,89.76560398409077,164.9182950081375,19.817879703605865,10.285997947137474,5.37187343060324,0.004614288799341004,4.033868093627298,32.82127073442209,3.5432835142828285,67.66235546159326,0.41657032639926594,3.5490119097240296,1.6576519041507667,68.84090124274908,0.46010304198743546,5.027771768071745,30.548108433176576,6.57628684686655,25.74522446836065,0.01915946824092707,1.9070637085583488,10.643150680575538,31.212378655709884,61.8581276335508,69.6601870241121,26.759687502214177,0.08895274604773329,6.314019895922628,87.14876336421214,55.67354453876097,15.367528436929522,67.5625677297473,0.030004802607376035,6.930174418308585,3.1719210440284575,37.48477167959053,37.477134004328626,0.0017765868576331556,0.6210501341921892,33.21177233282265,7.294541135521346,1.7654927326897587,1.135601909182661,68.21593181870197,2.969870674815498,7.123416817846076,26.886818714561326,127.11968940619138,3.364240664438369,0.003977630939655974,11.681778835498838,31.142466747351907,0.05183413753835797,6.976688771989728,1.0707820612400942,87.97649294957259,8.279940049661572,16.417432454491834,114.29418821758229,0.05427689747286779,10.614667367340553,57.265234604762355,20.56273881214014,5.758648604280404,33.89666245868926,3.040702949020982,21.5838740176711,0.5893617012208257,36.16750645637611
2.20351412549896,96.20226466051265,1.1105103154345137,27.421378124110728,0.055651577858572665,12.26792372022701,57.27720884249537,22.109544461546076,1.1075775288986724,63.98193121874017,7.913435793964062,25.835730964231082,85.1563196273171,94.71290617678422,6.190948023263733,16.539807041423995,0.0692991920957029,66.50091679291029,9.982088169378386,64.13190411594469,0.05624967275066339,3.861273430107838,0.028185438140468477,45.64480999085447,221.24269741644756,67.41098837772236,21.653722430848127,38.529152875055914,20.318088510754173,0.07390283164078149,7.843106317615487,52.26741546670682,157.60441456478546,0.8108233662731799,36.49010461228763,5.073883328991543,24.576550674732665,25.13292007219964,7.4618733082146935,0.5923338799915108,63.27154975451788,76.32070974878988,1.3526250697282194e-06,60.065469454891804,21.523261761841,15.1466120979037,2.543267606566962,0.21785551210036402,4.799610260735803,4.737195883813127,40.87246653490063,0.04208377001350527,78.75444035083493,70.53530646814535,64.80264413733138,12.92458635007005,0.1984954884447787,19.933906466973696,0.9761354813830483,4.537346899811711,4.536957369434397,0.02201470393190519,177.16707217995315,31.609213005531725,0.45069413508864997,12.398889273237767,2.6623126214537898,0.04141716601329115,19.791922267463598,12.495271445197004,229.09261613103732,4.507500973878692,42.286772654124086,8.04669635977664,130.2033646830336,22.619173131304454,61.01448392402124,1.3513867848000691,57.74688453945657,1.223566276400632,9.296165240907866,204.7350822846458,33.212844258502614,7.739843472567301,52.28785571990235,1.627339349650141,47.25489017330082,9.918470003911835,0.21711073832556993,81.02887614971812,0.6694829570628369,32.9256461583802,30.790021580657445,0.12741651548684274,33.66206599649812,5.445784281952158,0.3233628759119833,1.2716223122264267,11.971035719268112,8.847550944418195
4.883122849537807,1.1098887411372527,25.128432979836973,8.997450323868991,112.10646164683737,0.850965179496777,23.757019003621473,2.6963390796055933,19.385421199619472,30.043274872515923,22.961018959876384,1.764442185967991,14.713686156726464,39.846343797937756,21.1797252580909,29.791073276951327,11.210517410135822,68.16764200870868,2.79098726588789,0.824457079022217,11.111342289211931,3.2514039656530365,0.6114372021460985,0.4509130059739572,33.58878673560598,5.588727246256062,3.7054437942419503,11.403463194373742,5.278731603270274,85.95647944245826,6.828105560588856,133.61783791489432,2.1206216199264567,6.802458105168007,7.891171678956652,65.99848239513226,67.09377853077194,12.646002658059965,0.3936388017369792,1.7641352272536786,0.0023604788595461557,40.63242370921199,0.2589824078545746,23.2079629640648,34.552198122125006,9.521226280007705,6.725232000326468,5.072207231156568,23.019315619587502,32.85794324766307,15.845767840140022,0.44704429112228894,0.00816124847490407,36.693283863144835,5.0345024402101535,4.1275282513541764,25.91040355246267,61.80970976128539,18.219561286514576,2.877373372052638,55.71071728288281,0.975147382426929,0.024949448821104392,0.7755988196839692,0.5565577107762838,7.6403579238730615,21.792062466957738,212.91337815282213,4.6831735699643895,0.042213299733176335,4.209166109305501,0.6482846569873999,13.005602558717243,31.444680210834232,105.89459744601956,0.6818994242148424,73.00334403573873,11.104323540126172,83.22957456956975,0.25392776089581126,0.03642481966364386,17.707062291191868,0.6409532384807957,0.9800479538876914,20.87559399184089,14.608272458531296,0.4806394627082531,42.00617008294127,15.58054023246554,35.05896253686297,48.46340625158903,0.03916150830764131,19.273732207364798,0.6881281211893437,1.9042057093204754,0.0021749347433344113,9.916435749565494,9.752578895980971,7.480839213279932,4.511744197384439
37.901443278128085,19.329470603312508,16.2122902947784,6.948319642153116,10.522841526727685,0.18386720033185977,67.87071793038206,34.78144348102682,0.10845736637314385,19.60537346005549,4.739956753076431,21.269474044876333,0.732108227381393,7.441975199352535,59.01977798955999,27.787546877488438,3.1808349804927105,104.51038178256451,5.9205038537179675,15.21722045160333,0.00014119903562814784,0.15395126884149768,38.82870301696085,37.77268709243067,55.25349070141242,81.94024591562315,0.07572337048616795,9.567046509248279,33.46647921590682,0.2735043520315896,11.843791905231381,52.11254417396726,25.390854695118296,6.105042393808659,9.327826498095071,10.981180486660179,22.152587562416276,10.526410099775816,38.64741028127324,0.08805665815694574,77.16533979478747,39.95321398854572,7.8091954906588645,8.072208005301828,4.913727631964368,44.36048987030175,9.055995452391105,6.642915536816025,1.0421915572266363,0.30745693159104537,45.31506859941496,46.11070693239536,71.22902517335544,38.13438106858176,0.23068519498500706,0.20460196210382797,28.251342737099826,7.6576750290575415,1.1367915250278111,2.5812757134213262,34.87600566721388,1.5711339441825194,3.5993754351741196,7.404499801732138,4.3639861618857685,87.51860251413115,0.1813388991994591,29.047576160582796,0.017392253552449333,233.64760074355343,3.3433009382442522,2.5091893249024486,164.72896960523173,30.736698886684483,74.2567278878657,0.8677206361375354,8.76657262517174,18.95129991876957,160.63326938262313,18.223456296932525,11.196288089001053,105.4753342983492,23.58456485668444,74.91637058206894,26.202313477505207,2.6060072169780875,23.0681488950502,11.939747107042262,1.6106921346661904,177.46612618743333,26.40836319962783,4.966141834451406,84.84414292340965,31.108803302682325,9.194277494564322,13.090719831068963,3.436314172355777,0.9801099357603684,51.65317188696947,6.485999763220834
9.49467072661259,4.2444029360789415,47.95337840389999,57.034300354485886,17.057354580893577,0.0016993035764416575,1.5625844477377147,7.116298763995445,28.09623204576902,2.897261035131235,5.311893138081148,104.80993942187396,106.17110372488176,0.6022750167145396,5.512453593745968,66.17662566262753,67.35517666605884,99.11692452746318,87.51510981505173,117.12863346544755,21.78985286440439,0.20487130885785376,76.55741066371574,98.98127305959567,45.10011454833834,21.28170229497659,20.050912755806436,4.074823011394296,10.818201784029892,18.41030530003722,0.07114545442608966,10.52554279388805,57.992204912125246,0.9807869132797808,1.148483979929583,0.9245158456302764,11.903750695247528,24.791752031506633,47.1648836606832,7.717574267796248,26.57392300915283,24.815814665197912,2.163945275162119,2.7253654089566828,110.21964014700848,0.8892167051477635,12.536771424208679,3.5290874227912012,26.936110865716692,0.16815878035655807,40.780256040251764,91.86589389416643,4.164053033308401,0.11237847281502011,33.95641668913441,57.14090767245601,6.338000614770248,3.2223152200785297,9.588574796973234,0.05317871238538174,181.07621244875213,5.357648079035737,50.640256381390714,60.244473134990606,0.8696668333273436,0.030786749864055274,25.13639036102932,17.969200090530396,31.379068423344073,2.9737196213252455,1.9361057281430951,3.119956518433216,0.09758317417540141,71.16654576613409,84.74062136987058,2.6669014294295526,78.38479676878067,2.8953875940190885,14.732360345764722,30.67010773706856,3.389696869723865,9.998286035413539,15.762829266884347,46.77774877867819,20.002482938081666,0.030142119746046525,11.755281294508052,2.9936513472504247,5.924401777835632,46.759597026211296,11.229256225537137,5.057797513344163,6.624939076778813,27.950239711394847,0.20556351241220305,0.13468079191996107,5.79023168167416,10.288106731786911,25.342676445361484,94.00044673308946
10.470522643860363,0.058591526841517805,1.0837253924783758,27.28457544645496,31.984469971168604,2.241762966281854,16.708687669281304,1.699331967168006,47.803708472606175,7.267120955674711,5.09781104004185,32.36618634632408,21.563708866813485,11.620460714876867,184.46030039179396,39.98454683610568,0.08254504563479026,82.13624178652414,3.8479147656087216,3.7444172449541018,0.017042238794698683,2.0015305643348897,5.266297070456428,1.8059795425743133,220.7485345417066,0.19946974812628948,13.782276817526471,16.825879631700122,1.531653727652591,1.0355233989803239,13.904328408359806,124.43103189951337,66.00350308372893,16.161686388061977,8.274405420992746,50.4633815627308,3.9850009454757602,3.174142593502924,7.227859471714334,96.24980154188046,44.535088845073616,3.7057951922338694,13.735266142253984,15.820682752024972,91.60601005457472,46.13345240979241,28.539167507596428,25.31771318498084,19.870283509262528,0.965846629342126,5.618648082974303,0.958678328536859,93.80896857142604,9.17528105215143,142.66404089258694,10.35736081372546,2.3169503926284407,25.282951795214213,3.7916303721046027,7.756963352267542,42.1380093701966,36.50791078853872,0.5867765261032662,3.724813775715093,1.389251987059172,42.26666715894409,0.6189677151242261,3.294239049895088,7.718603406901958,18.80269611873301,32.72420143516395,1.0998551254640354,3.5547608953086005,18.14794449099772,140.1734883535071,2.269866774619592,38.228491931532446,0.2584818025400182,74.82908836257491,2.07371040205415,42.823204241016846,35.683670681243605,15.727258641406488,2.9075424263665237,11.40383660547818,2.0680213801123593,19.668748631939128,1.009744544866087,25.289025774862544,9.58945121285436,1.419792825202693,3.369703836327414,15.631931837760023,33.26230347067747,35.551432928203944,38.05976584783941,10.488805337973002,0.693002433216996,33.296909180270845,84.7457915194966
54.39177238834144,0.1491899746020593,41.97833226380278,37.55699293833889,0.06362204899701496,15.589904497747767,1.1203739483731887,16.94634956758616,1.0752387864965272,0.0028646569484802598,13.015514474740051,2.1168631608120565,35.00208786582659,28.623282795074445,1.7392126888411519,148.81461292298178,0.5471399411956739,102.99471687659839,0.4719473547317383,5.511067948143953,3.7894992290365463,2.94377694498366,128.1862998534705,34.15505074478328,0.4991300385137736,36.75701059961679,5.4765150858143485,0.0024100367726695993,31.055555587204477,4.1873241502918015,0.6531706437210856,125.36291682505066,24.66196088866477,16.903546822174732,9.654891930932031,140.20490686724554,19.534505825439524,39.243297723610674,67.58469731679715,42.98699618462329,20.15553591223176,1.0246063943950947,5.034341175508471,88.76681178159546,44.98015211408635,11.570611112566377,3.576613201640265,12.767557626764509,2.262443995385632,1.4408932774732701,13.912919944623987,0.018698021270948217,2.8238817760529864,3.132486476878305,13.259466627793856,1.8404637645438342,38.089812133874936,6.792719522435597,76.59904741948121,2.7986184731489416,55.37188891078979,6.182306013306317,98.71610781280472,40.40414908631868,3.166624445884316,17.789419979483775,2.6037210421424613,20.978840541408044,15.049885308679068,50.0933097028032,21.10054524624175,13.59864504226805,4.767361638043431,18.95651991420063,118.16144719862002,4.036305338072968,8.106466386939625,0.6721991521046773,1.931841489441422,7.157887770872673,9.590955989201888,0.1859433018882104,1.6118291373594706,5.911758332060165,87.58503509149372,33.98737194509414,0.439441720704278,3.697955747028778,2.095710678543929,24.551777970308763,1.6018470476138558,3.5924199722344934,3.4392103130960088,13.931098395900149,42.80992797573338,6.033448118562862,0.4028902315241263,4.630428823534013,81.2021529792952,12.991657345698576
0.7506931122205533,28.02028449408602,3.7591831818159074,9.390404849926398,32.83192955286784,20.7258374735732,9.563595732306723,11.200351109471537,3.969097178817991,5.961635768782678,0.2187437520170521,7.8115891097645225,11.274254965071062,3.4027692181705103,31.328541329689124,33.10215425476325,10.55021782071951,85.57142917189456,7.769910895958809,98.56026697028331,29.915083330076875,26.24627870541215,10.426346277408237,7.82981636995417,125.47437939144882,11.149605403658164,16.954485678429258,4.225286705493872,66.09517720502974,0.8920870438179573,30.78604621166162,30.937950947444623,176.5117523085064,2.4249530433907593,0.029069292386868728,5.185567472454242,4.568406069122155,21.024383873520982,16.971835947440013,0.5659355219725102,43.372495926385675,5.624473557314888,12.700378560513368,72.09785197615902,96.92832337356037,145.24108225967728,63.97185845536833,1.9405873686992798,12.531455375524093,13.599493041867786,40.869290066649114,14.63889319628796,26.5433331995804,48.67536773173321,2.362760452525425,39.94590139972371,6.795554781081773,7.3491002186691325,1.7944817848620893,18.890947698537744,218.71935418801567,23.66922835353776,12.057160954436725,25.201927444420097,16.300728815595953,3.14852850281604,0.903665013347764,24.25306213713672,23.062769482645407,0.16285574276488557,27.798204886920256,22.94182466107644,6.780428605223773,1.0054903823530204,51.02700835910785,20.928917567829636,85.0932901316927,22.883297360706013,26.045444069390637,5.018817862630517,2.877685619463527,74.46869744579263,0.0822842894261413,2.8358374624848572,49.06602643917646,42.486374106223735,6.634922718556336,16.88709269796037,9.2835508158472,66.46912858896583,0.006954230312206988,22.37098773052562,26.4465022190654,16.04647377909663,12.449661028072889,5.343802654138815,8.213050399936927,0.057058563675052465,0.03038905753294152,21.699260957508564
11.674953885781047,30.671344766366797,9.655222219886374,29.95645830212114,39.3759320153493,12.666068781008924,70.59013792425941,22.80049345977743,0.23678142129929913,5.694160639092106,3.4828218083296276,36.844341340155545,53.26960624232405,18.189740096392384,51.13745259114189,39.453407270221696,25.123640940173036,51.134698857315314,15.108326893951212,21.733119838564456,1.4040289182000212,3.9669247046788003,2.008221217436459,18.92328237767211,29.315598918641296,106.14384993682896,22.095774122784185,19.392354819530304,0.34098161782568326,0.8830918970070005,19.908772729181766,63.851252086554524,2.492339341448421,3.307824111645293,4.182906143132483,0.16862398329617,14.89620293869293,5.125930657557548,9.273795372798538,11.228901284821518,92.0716207171452,15.759480575780291,2.3744284032860534,3.4620878595964495,120.7139921571029,4.164664739163407,8.323369840583915,0.25154870255245765,18.437428375927702,2.7907247068399967,15.992087294763225,25.62235384651956,8.523263333392737,2.531942451705934,18.03992853562574,0.4207712148328877,3.881459063898035,9.018673316066703,13.191402106316868,2.2637009198931546,22.78058500456141,4.2644290248101555,18.883827148330816,17.123411504771077,0.7665512881124048,1.9121024139326277,16.329663130439027,32.39146861133409,0.2977384783179007,24.77220315978732,98.24693614755444,7.2913585699374925,0.5301848221542924,0.5831472447182624,5.072741022101955,49.213830277951686,68.95820758873033,68.83538515108759,6.504168331341279,3.879289775369445,49.00760492507151,49.64488531246006,86.87023648413623,0.14485356953476902,14.369951935129507,0.6149896899808533,0.4921063513328292,6.366000177752234,35.20866599960631,34.320621732683406,47.853469740072214,12.556543778689068,39.20808022542795,8.583219967819073,0.8987512651760357,11.827031172203267,1.522576088035846,44.05571418961573,5.931684119111734,70.61448490124829
9.850322521844545,0.09927942008607715,0.9848663359669692,13.579370900768529,11.363385862161763,28.040618317277207,24.638002262404356,100.63056658517758,0.5116233843596838,4.036679443109744,42.23185324401223,0.08640960104193685,11.207967859997368,47.40714098532166,10.373420030410678,49.05609446404165,3.9512274274034453,131.0669118909598,42.38254708479396,5.328267345807818,55.60233976475518,4.286517368069353,0.13796601347994564,22.25049791561514,104.34881134739558,119.2089795157172,49.908693176900336,2.5116987857908093,4.585324241464956,13.407854702829413,27.082329240423057,49.3891231382716,11.26147600950027,3.719049667956277,8.895808019994796,68.58841129605061,1.0476415329291022,24.133392026580836,11.415296065260888,45.45838708316937,58.31830741175861,1.9719043489230699,39.619975398120886,11.647339268548627,0.013047231309218255,18.473962385031527,3.2763629386727775,8.887446727659132,2.9876209750341722,32.88115043143568,23.403321032239084,6.376797501263546,20.124889167630258,14.204355451799639,9.37490144619072,7.60600291648762,66.40623005066892,92.29847822336264,42.32372378603942,29.56279488198398,101.01023318273155,7.970460195848842,24.37577386412383,0.14601044869333624,7.891393127540752,20.48530969072303,15.652398756774357,13.74376415154472,0.20814657631249744,5.1445191456527954,0.4944928689820962,48.73649020639497,20.76492139914094,10.256843675452648,143.54461283856466,3.1108699206126174,12.422201092882347,9.488631589524903,68.48551114966966,0.054440955489065246,16.677305443826704,43.94038449872998,67.34282601715431,1.1772334763111543,19.831854405746874,81.69029970510883,130.11481492993045,5.876520719805365,1.2251295445375927,12.351807797383218,3.803932519567902,50.1209740156688,48.76291905406121,4.712596991724743,11.265885557270387,2.988575673338902,54.279583344468946,3.5371272021480795,16.00206734649546,73.6841531484304
