rep0,rep1,rep2,rep3,rep4,rep5,rep6,rep7,rep8,rep9,rep10,rep11,rep12,rep13,rep14,rep15,rep16,rep17,rep18,rep19,rep20,rep21,rep22,rep23,rep24,rep25,rep26,rep27,rep28,rep29,rep30,rep31,rep32,rep33,rep34,rep35,rep36,rep37,rep38,rep39,rep40,rep41,rep42,rep43,rep44,rep45,rep46,rep47,rep48,rep49,rep50,rep51,rep52,rep53,rep54,rep55,rep56,rep57,rep58,rep59,rep60,rep61,rep62,rep63,rep64,rep65,rep66,rep67,rep68,rep69,rep70,rep71,rep72,rep73,rep74,rep75,rep76,rep77,rep78,rep79,rep80,rep81,rep82,rep83,rep84,rep85,rep86,rep87,rep88,rep89,rep90,rep91,rep92,rep93,rep94,rep95,rep96
-7.339430977797157e-06,0.0267291448691096,0.07806351986603477,0.11914555709436381,0.4179226433066516,0.005237566311008385,0.0005866850119879974,0.030953346791353198,0.06233795329381664,0.0006703068691717995,-8.91682957112061e-05,5.4238570801889985e-06,-0.00022509990766761412,-6.4364909931891034e-06,1.6489203900597076,0.009440868205377595,0.037704447273899405,-2.454990425004855e-06,0.36436626070211336,0.1125630005636376,0.04237090648300382,0.00021312764660702532,-2.035071825778889e-05,0.006719228706220992,1.1347209219410765,0.853032910611437,0.02750133280019723,0.023517693499053,-1.2526385534811224e-05,0.019937615738328418,0.002363676394386227,0.0235687662512528,0.00019450678579278902,0.1328165128312241,0.019081957436028196,0.1505814584239728,0.02398739702519559,0.086336849858626,0.03850194230337178,0.1178996624923492,0.13027902870002317,2.228765934458865e-05,0.49571120211111863,-7.797141668880458e-05,6.512960962923309e-05,2.4366585748003544e-06,0.05323565937441044,-0.00011298230205700199,0.0019303784620628428,0.18454779089417778,0.1939355967583968,0.20214719071884785,8.390337446700924e-05,0.518729054065829,0.470260644920317,3.3438236040794767e-05,4.221958255223868e-05,0.40742800818666136,0.007723513668087406,0.10767953245286278,0.5965719014448866,0.710271877821292,0.0018309382940193963,6.417081600859631e-05,-0.00018929411859480716,5.598739174117462e-05,4.080565055959717e-05,0.14145356253517802,0.021750933447204593,0.9010726610388695,0.9701871533972499,0.010647008942939601,0.10752174505802159,9.814764370319473e-05,0.135594654232853,0.031135901563559207,0.0289851651004904,-0.00023596289508343027,0.15213196046838082,0.27835334570011083,-6.301939258662737e-05,1.6703252143882537,0.526961034977943,0.3994169381283798,0.07757592793439022,0.04441110366167306,-2.7573260971414104e-05,0.15311065069639856,-2.743151085959905e-05,0.003276072838405586,0.06068835634547359,0.050075066664895196,-3.584725156657864e-05,-8.055275755736169e-05,0.004162416113528189,0.016284579811265215,0.09417324168228358
0.1327952299738624,0.0007768604286658154,0.016597158760657815,0.04026060148676219,0.19463901880196877,0.21723946848838702,0.02569166583741722,0.01115886972451699,0.18388618846483262,0.0017876515337049703,0.00019366231471878992,0.09490359248701258,0.13355096308412562,0.006222195282368989,0.31637133697196285,0.3030821631337744,2.9137401412804298e-05,0.05194178753624917,0.43102155097836464,0.0007581714257347549,-3.056682543578493e-05,0.1381414043721664,0.00018321691689521247,-0.0007497040649736553,0.8950760602634651,0.6120101315010934,0.18663816611559658,0.029668729715957826,0.0001249997005215997,0.047489866979328985,0.15620799597944102,0.007297682979955783,0.23536853728988216,0.2755763597810593,0.051816328492696406,0.32287183297809796,0.47719599857315054,5.090322027001548e-06,0.2008381427448102,7.665129638481649e-05,0.0853670230651618,0.2475426196987498,0.1599918037390778,-5.293150221338805e-05,0.0005122252866950339,0.0001248088979209916,8.738656073814521e-06,0.10708497388960422,0.36986802832466414,0.11751907301696399,-3.504189719980011e-05,-2.2763566231598364e-05,0.00040798544322401264,0.4708547486370136,0.6378581203833515,0.03138831728535579,0.00020714933271381852,0.04798097494419418,-3.447340045859004e-05,-7.413691812119261e-07,0.06000567968195142,0.1154245165556276,0.0009934696961466094,-4.014911200561633e-05,7.2947454947625e-05,-6.576744264763512e-05,0.047289081256856005,0.016422001635021805,-0.00016073452814902023,-2.7437944526809144e-05,0.6717347366845245,0.08636245097524359,0.005589543458710211,4.5373081995203624e-05,0.7536641160459745,0.1601800550320314,4.9945393265415916e-05,0.18171529793349545,0.22189427586161936,0.5688220591539002,0.00012270965441479875,1.5173730452990009,0.2424015575313072,0.016338828676383255,0.2640464912010298,0.10001930579940263,0.06564369998455177,0.40976738481688624,0.16330326895119784,0.3201805184511056,0.021606120051681166,0.038226618133389595,0.7759329166155025,0.0007199066184336023,0.05014910350056839,-6.413938813021325e-05,0.012705828454466772
0.19922405319536096,-7.072243889338914e-05,-8.202280806379747e-05,0.7643574284709079,0.31092329565572746,0.011006491360432857,0.23092965471553256,0.2692147718579848,0.5660121130973877,0.03526237539500318,4.60868542440096e-06,0.0042183779745255945,0.0005256140267169696,0.21177765765451478,0.2498206317843598,0.0982296988250784,0.651147873567691,-5.757993936039707e-06,0.44894250260891494,0.0868180991164482,0.03629428950971601,5.989506381762211e-05,0.3606279554596224,0.03913414656265185,0.8252174105534876,0.1743113798510458,0.1607153264625752,0.1612206977812722,-8.434101315679676e-05,0.08456416695375059,0.1856570443872862,-5.9262017614802875e-05,5.5127544355992875e-05,0.0013081738679824317,0.020849104474497615,-1.4326384011886795e-06,-2.040911380660204e-05,7.056052565299065e-05,0.0588234452998332,0.05140557414315339,0.7236378215900341,-7.36761042006151e-05,0.2208662580611372,-1.8864851228983515e-05,-8.589488724075611e-05,6.104668181040884e-05,0.0027947207847991984,0.05789901727970481,0.005298712038487599,0.0009325968376416027,0.00013236605766220322,0.21869848643417938,0.0023412197942148105,0.452491418473824,0.5776566574713158,0.11064145475177842,0.003631929153387947,0.0003300362911842214,0.00039797532342900066,0.09635045921399539,0.1301192340360294,0.7327865587496629,0.09493615619671,0.0005675864484443738,-0.00015351813339542497,-0.0001123239094848183,0.00012946267325261718,0.19550514662133361,2.6350387920009988e-05,0.010906116771374985,0.38080194303864623,2.3138477223821896e-05,-0.00015062088479639302,3.177796183961856e-05,0.1575879654309606,0.1954741314303034,0.013563128405888025,0.37285808204270954,0.13338932457619918,0.15243709796707,0.0005316669001980134,0.3246982327917796,0.39716740635250525,0.284616772692302,0.6356430681585972,0.0001693583620179795,0.040569332930752,0.002779281842486825,0.0001725431497499874,0.005473017621896836,0.21004949584715082,0.0650926131409486,0.6414077478791893,0.1835072995865836,0.00017602259286042532,0.23268876786466539,0.00029632812863261693
0.0779949905086342,0.012995303713681211,6.443797731459089e-05,0.0969212677782646,0.07573821444869,0.300425546480587,0.0009361146463813808,0.07974095537315057,0.5967441337941339,0.12641292363686182,0.0029801391839335833,0.008321287253467008,0.004206072246413783,0.7375141400374958,0.5189043245906331,0.3739105004117474,0.19579802502354382,0.1436853506338152,1.0657851154187363,0.18722867154832218,-1.4283905153567034e-05,0.0008674894977644398,-0.00010238603311679695,0.334383523262232,0.16853603137961679,0.42334531145824317,0.050399045049157376,0.7280390067588555,0.0027433545363854117,0.1029617382196908,0.0001417739230659687,-8.99769346298096e-05,0.0627988877614452,1.2209532224337365,0.014297541059994603,0.03709021617491301,0.1094532569313828,-7.2904770000215e-05,0.0004830123639621986,0.5102063204160785,0.1053274550896438,0.100888514392621,0.6236298528285693,0.0005786787965254003,-9.707086179755464e-05,-0.00017341519277436213,0.0018614532301878262,0.134966181514249,0.0785769038935894,0.08993673079851361,0.4345582928314414,0.001483767997494806,-1.652017475878287e-05,0.513089571485163,-1.8114992462181512e-06,0.0003338476991087691,0.0006099190561925649,0.0006966605166282003,0.0001951887896080029,0.1212309759026024,0.9682465779424531,0.004494377587652809,0.0923625577040808,-5.7137474064050675e-06,0.001364836445244405,0.07847317815699399,0.1992139516995038,0.0002483220310209866,-9.160762778903653e-05,0.027401013628558804,1.2788879343616322,-3.2922129710011294e-05,0.21247091974489302,0.0005519794277407952,0.38815212699350876,0.2197676090809024,0.4399371639814982,0.003118869343856967,0.18969537321334917,0.2584529470286666,8.16267255819847e-05,2.976475736537369,0.01287042341778219,0.010131313615575399,0.01066879310305599,-4.799874415872818e-05,0.03861112032503741,0.051384503322709024,0.04302106730081359,4.487480882237049e-05,0.0013957236337291956,1.35496190628861,0.024093945403448003,0.311112780271074,0.18600228191784662,0.05905940680657437,-5.2597960107370056e-05
0.0675162755785344,0.1096593709797984,0.3463194838700048,0.0915173387509442,0.331639077707484,0.03836483189203621,0.2056052489796852,0.04378310903373839,0.2440074836317822,0.0008804124557658111,0.3344752513196636,0.0406216115108326,0.5508661512530654,0.03756990989744957,0.6492378598191912,0.2635933842192064,0.0031237464509625973,-6.908694051233066e-06,1.060020036181836,0.6453164729674519,0.00039083696748279384,0.08286890243073922,0.0018712485672940093,0.014740460893154561,0.26275575568457316,0.7566254947703893,-9.87768004057088e-08,0.4576208481309648,-5.380434852575444e-05,-2.839373266658174e-05,0.1136056233882868,0.00037308351011000607,0.012028047731670405,0.011362333362155197,0.013695770333999407,0.01400153466767401,0.015143485382287158,-1.7643202022188387e-05,0.00041285324068959794,0.03776867596860639,0.03145748705364401,0.007870978286591002,0.1379140682258896,3.351491741798718e-05,0.00039507967744878414,-2.134126220076915e-05,0.25884706022394144,0.18151379705018722,0.1107178048177708,7.812709543199292e-05,-3.715293367961836e-05,0.0029650331484291914,-3.7599382424202688e-06,0.0667324304929664,0.18797279175695303,0.19118943701441662,0.007051867251625404,1.097868925917208,-7.281481713281024e-05,0.00028985147038440573,0.23457444404456623,0.8497946246295532,0.0007054684235049957,0.0809008789315582,-5.384880958192451e-06,0.2390053092837782,0.0002691524155890024,0.058433442901741794,2.681871169901706e-05,-6.155965806181607e-05,0.6133693296306028,4.914887041820859e-05,6.910912758395504e-05,0.005293412952425608,0.2879063639797638,3.267870122379557e-05,-0.0001386447971518101,0.10333022331072422,0.056925191737721995,0.06375123826984519,0.15585651987235638,2.6129132481010333,0.3127703529294702,0.025736393226020837,0.4448998383206878,-9.422667386299599e-05,0.09881668315205622,0.009682038193012166,0.09643834736991899,0.009531397295982402,0.026916878575012015,0.5705456135367198,-8.129109817861524e-05,0.024302179696874995,0.08666021372267019,1.2052444444472925,-1.6433135234805718e-05
0.12145397002304104,0.7260190552859987,0.006140119399530408,0.211977107427332,0.7276308764405346,0.7103995320097264,0.05486234017492453,0.04140434302859819,1.086148941157458,0.0579651360510834,0.00010816653892253836,0.06910977244216318,0.18554858671620403,0.05619680129341098,0.044369111632493796,0.11837250447125,1.0106057190890805,0.1858942163735866,0.42851905461323764,0.601753514094714,2.5116683886189373e-05,2.7934481765606867e-05,0.00023909111442618758,0.0002891691951932007,0.6167283949886782,0.4474970284373688,-1.5917806406307022e-08,0.4932204564858542,6.981460179839027e-05,0.17426658145285517,0.0761850671249798,0.0313802805519804,0.3316160185222804,0.1755040258089704,0.00045249628910221107,0.013466420617000596,0.0015868953049621992,0.0006560025853696028,0.0023129993465044046,0.08196460370075238,0.00045044530373861136,0.00018278226399420783,0.03044479930234581,0.000149746529183592,-5.647139217362929e-05,0.0004889983564533851,0.05961217554210202,0.01174273782472024,0.0897775714457568,0.0008783556069401621,-2.2035904173406395e-05,-2.2753969471184243e-05,1.8758016539610622e-05,0.41155675470962294,0.5406086492330893,0.0016427661828236628,-9.306353936699985e-05,0.04554175127774021,0.005594790410674566,0.4475840439154908,0.5220043499485716,0.5066828871934848,0.010376033292193387,0.1744057348457084,0.01615418169821739,-0.00029560751540799735,0.004249692572342992,0.5416589778739654,-5.4240771871605364e-05,-8.844360027959741e-05,0.5618162058727508,0.6369755724506763,0.00036289005782758066,-0.00013999778630358062,0.006457263190152995,0.15015917758987363,0.10001723309856123,2.0092025422413506e-05,0.1264051561547796,-5.5848965699878406e-06,0.13944098146981787,0.6741876682323582,0.3370832923725996,0.48278452128899896,0.06422979849203378,0.0005730010812676212,0.1686422608504076,0.00091549011703701,-4.0017036194398004e-05,0.009796231401009381,0.25018967592029545,1.2812711427715793,0.12098115687922467,0.08742679904313183,0.16874618357722282,0.3800403010163324,0.04725433257919341
0.017890408019993198,0.02033696937840461,5.89640471663766e-05,0.5637797240497494,0.23219563365031803,0.019047916155810196,0.00978418816495541,0.11708026220534598,1.4852265001197296e-08,7.01909593549821e-05,0.22818881696089105,0.28666645834963045,0.0041876059654976094,0.1989008650194642,8.098267685499594e-05,0.14047498291751198,0.251259117158531,0.052041167086611995,0.7613623178817988,0.045483806887541806,3.1521672667178535e-05,0.044934136978997605,-1.6120518848000698e-05,0.3216671417682288,0.4334709585636679,0.1848022731373858,0.03716040064244219,0.20685815891912862,0.12675014385772182,0.030074008731866192,0.4108147809892786,-4.980510697683016e-05,0.1387521264655926,0.007177441395998019,-9.467123007600442e-05,0.023705031706582974,0.0006524590920335971,7.255077720780267e-05,0.014036152040758004,0.0724602965227838,0.014894606642022412,0.014333713455187996,0.3891970455813434,4.309242553013348e-06,0.00010901939400920213,0.00011276879702415421,6.356032178433946e-05,0.053211812798249436,0.05991542081654638,0.00040577147081241605,-7.513730638819549e-05,0.0006832239080135916,-7.102516661583458e-05,0.5034464730275965,0.19601844252224543,0.001197888668602598,0.012062517476639001,0.3283041897608132,0.0026991545289060115,0.023283554404947615,0.45281061555682994,0.5770774295935082,0.00032610726164600257,-9.089663920175406e-05,0.0001289300744998223,-7.679120787001947e-06,0.0001969403191109942,0.08682859035160459,0.00030930285727778783,0.17930553201507918,0.4134757960238292,0.09953384170052061,-3.581972258720478e-05,2.6595127101208815e-05,0.39210458742432674,0.050316237722328405,0.16750582484702878,0.001946368021940037,0.03926480751958919,5.232786721220961e-05,-1.6053270082999616e-05,1.5091381019733738,0.1065487030027012,0.931839436008211,0.16307911049388524,-0.0001609167276487855,0.011170261145638988,0.0056051311879780075,0.019375672168871788,0.000171846023177602,0.0005972397456264211,0.011528310578279799,0.35259995226463337,3.44417871420144e-05,0.0002884763105475696,0.07808282992707839,0.022446854161429802
0.15003253390359841,-4.014412915642751e-06,-6.087862741399608e-05,0.05403998861255241,-7.5932273220225e-06,0.4328128038947132,-2.3909706736380265e-05,0.00011297810175520118,0.06812950945692879,0.00035365340280640867,2.48882697937991e-05,0.2244213346019574,0.0009615854782770716,0.5182476101261928,0.1185020069043206,0.2646257951113204,0.007261038688259003,-1.4449953839590357e-06,0.31098487969743016,0.6464238858414658,1.3647211870027043e-06,0.1536487757779342,0.29176291842743457,0.6935912690267176,0.2108715013630782,0.24861102901027443,0.041234121073247976,0.1322500326169206,4.753659059159032e-05,0.06142565554736801,0.8020869813048365,0.0097153522382174,0.15636229688935976,0.5507705749308334,-9.413594766419231e-05,0.03414471733542601,0.0005874552369554142,4.481125846797496e-05,0.0048041427214820034,0.0005721385229693898,0.0004244585976685977,-5.4407650787402506e-05,0.2373929555950718,9.539983125439466e-05,0.00979442470115241,0.00110504598803296,0.0428199391610512,0.2067534556372866,0.2744826512271212,0.00330622048706139,-0.00017714617766462215,0.13650115867606138,0.0011086276781499815,0.0014534482928260095,0.3541663111503404,0.078737588503657,0.00041575083839739957,0.028127514029137823,0.07327508721142201,0.39295159731933604,0.036836099753750406,0.2261026105761822,0.054841275276459406,0.37621307249349767,0.00010977811757539868,0.1836883292030348,0.00047172378151599803,0.01685817683144901,0.0001772877140218121,0.032531231133489796,0.3251117709950012,0.11385165027624297,0.1232416855455154,0.009138387254985211,6.785863762404087e-06,0.40150215007101697,0.0011605426258030072,-4.3376236802589174e-05,0.12582672836607958,0.36647170261307277,0.06170125903403281,1.2180144390467613,0.7362183541892882,0.16427214644697719,0.023879179491945207,-0.00020960262731639645,0.1774028540457036,0.11818859086961758,-9.03055805345776e-05,0.3845515494277636,0.11114702657745923,1.0130358534254924e-06,-0.00011103485412866654,0.06754463141223518,0.37684527010794533,0.07840432565584457,-1.0338204196005951e-05
0.11319893830020838,0.08130705194811219,-2.1087636692590506e-05,0.3906369779694622,0.1189478537729572,0.21381382723402742,0.36717087521510383,0.1531443699529006,0.09292116163797043,-2.8757125823203333e-05,-3.889362486675374e-05,0.1103334183800026,0.06632137797456983,0.04020214295113578,0.6987376581906326,0.1616564151070574,0.3036575779845536,0.058794387744023374,0.19881232253452538,0.16075631679117097,0.020701341044238403,-8.618082718080122e-05,0.00015518368240341474,0.6798869760096542,0.2729055294599402,0.3784752112514935,0.288344744598238,0.04635265856449061,0.000937471044660021,0.009402350577719792,0.6292225258471884,0.011795683676878999,0.285634071950986,0.16547015178310098,0.00019387526791370124,0.2685170609308668,0.10306305621822061,-1.5872474288414207e-05,0.0028148596235683943,0.0009366888140762142,0.0195353715461338,0.0003223198756193979,0.2769577919776628,0.23456790393298582,0.00028704319556738245,0.0004338773889447922,0.0006444428879691655,0.23155593825094298,0.834065520476198,0.0717861795643594,0.018579921040107195,0.001059559849332814,0.0003343056711064829,0.6505632151924701,0.21374526817545123,-2.0410068518827984e-05,8.805156817359716e-05,0.9775592361809983,0.003080232637982794,4.429157710206244e-06,0.821571872884459,0.6233403718617994,-8.640640262058685e-05,-6.991085970259325e-05,2.3801406563189742e-05,0.00028721156432319483,-1.6851707188209053e-05,-7.185145520227643e-08,0.0023502897510407905,0.0733718974288336,0.013235971769908206,4.309164692978262e-05,-2.899247551318984e-05,-6.126193597499885e-05,0.7588078929069741,0.28124117504503576,0.0034766249059285936,-3.55750616717887e-05,0.04634653285387719,0.0009115752035948055,0.0378227801274828,0.694681888335542,0.06715557311698139,1.6472927495181366e-05,-9.438008007522924e-05,-5.0753174184792194e-05,0.4105155847597488,0.0010040917402918126,0.0557335116069346,0.08710650202098302,0.01111729044701798,0.02456433493575501,0.2690655934864434,2.6691408661905225e-06,0.2315454674778602,0.1595473212746372,-2.7734033361398458e-05
0.01663956296838559,0.1710217085545862,0.0030604919823358223,0.34903622805018364,0.04338416803289319,0.19225971681305598,0.5145536295881137,0.229387997217946,0.2589884969447178,-9.365442058539841e-05,0.02229754414983881,4.837398969639861e-05,0.10318841580170618,0.14163407365768943,3.540152844788702e-06,0.303433332973622,0.17250413748071142,-1.611465446083038e-07,0.126104290432797,1.382584805878495e-05,0.019413786249839998,0.0996167726450716,0.11191101342888302,0.3192491081841198,0.25391420419641625,1.2556086645727391,-2.8656239137725414e-06,0.8003353132290365,0.004753671888431621,-3.6238290950785235e-05,0.007820380475965005,-7.85717911300221e-06,0.167557487252744,0.00028812757158702684,0.06726265613210458,5.571206789400929e-06,0.10774499859053538,1.3240141195802746e-05,0.0520121400088044,0.11936489843924977,-0.00012813739556283288,0.05506013963309658,0.4288174859571762,0.0016101780161524304,0.00013435954816098938,-2.593027656722091e-05,0.0031357901272613953,0.00026128498927219246,0.4875687005088958,0.07948417504140079,0.04365287723646359,0.014762980012179211,5.235355850030654e-05,0.07495592519127087,0.4159133028807375,-6.659174173984095e-05,0.007588223711323394,0.23265185317748222,0.0006895785852202296,0.3815350236023986,0.06701301475147378,0.3000392244872892,0.1598171803571966,2.0641560609602205e-05,0.2188078635378946,0.0005285333450681939,0.05443813721390939,0.00038671480824237214,-7.574604267462925e-05,-0.00012982182910215023,0.05279415145983801,1.6406188378836895e-05,0.0004299413342668257,0.00025720817187480094,0.8350970150951739,0.005319479372044578,0.26937896503775116,-8.648641174641147e-05,0.0013684373822415719,-1.0297068257558717e-05,0.035749246382228594,0.4519136880315394,0.41867041913708514,0.38581115202634597,0.05568293285298498,-1.8130213035205678e-05,0.015772907886931004,0.37816050130974416,-0.00012094163655884671,0.5102337495458755,0.048531946177010205,0.17856271185645559,-0.00019749769359767022,0.0007265912397231844,0.00021647159811100103,0.0376185200309226,0.030372191496520595
0.4305549020496695,0.10002569814078299,1.2503716227796335e-05,0.6808711226333836,0.17533974917056977,1.6850015190352263,0.09868327377490338,0.0925067930168626,0.15967188966963558,0.0897976958422546,0.0044061390101994,0.029646514766208,0.0424235181549788,0.0409737031782854,1.5579048142963183,0.3304686566831086,0.3367508718801152,0.1963328917485524,0.011518882842105393,0.032261967250379206,0.019770607923664613,0.2088972944683422,0.003198802798865988,1.329231058941338e-05,0.09455969035484918,0.5608725644380109,0.2754726248939914,0.12504597654385677,0.0002528382778362315,-1.3947446959872156e-07,0.3999671977403424,0.0011033577831319752,0.11477581381438562,0.0033657415397819745,0.09628133344899442,0.2069461210452762,0.08426766477880898,-5.7300371138213624e-05,0.14500892422294462,0.0003434812416173716,-4.765175879384298e-05,0.017958990445781198,0.11129975619676821,0.00015012275639300632,0.0005957482594086683,-2.9361958399198862e-05,0.033955391648961664,0.06723176766014854,0.18037262978283264,5.75988593066179e-05,-1.8727939365970059e-06,0.000957426894599045,0.008043572359811402,0.01490447477904179,0.5659221715812056,0.10963624099415592,0.0004403710755433998,0.04531712012960498,-5.953189028057304e-05,1.6879745800807422e-05,0.6641476040808405,0.8267464958845258,0.0025360125300110115,0.0016354434064384527,0.0008986811110281989,0.0394243424625802,0.003166206237953384,0.012596140698563206,0.00018803616591561712,0.0637430025335376,0.32878307206019336,0.09052898757346942,0.090010984913141,-1.0449548362795325e-05,0.5828640229765586,0.0972585275158066,0.18945926977063862,0.002106260744786259,0.0008902001568416029,0.16644211344626697,0.00018943561879020132,2.4991018469651425,0.5676357702506993,0.10587593512667803,0.4592634695200196,-8.340089418060193e-05,0.001993193511523994,0.012174378440916012,0.05673152492172778,-0.0003452705851200166,0.1505384008966184,0.08202565220850619,0.00019816026853058943,-0.0001253274397944315,0.00017952456448538934,0.2278185230186852,0.10435405143737742
0.20048239275614282,0.07844890025357498,0.030675762274800594,0.14377117479643278,0.0003954911675914108,0.6026968006443427,0.09483608238886221,0.0008678157251878205,0.8457512629592927,0.036468167359432604,-9.143235927511206e-05,-2.636191905991403e-06,0.1254830708030032,0.43042012718255795,0.4674190269974846,0.096413130954538,1.018085021196674,0.023135075037612196,0.21040749444671883,0.0620733337072068,0.08502872882526097,2.724497960876482e-05,-4.9370546795768355e-06,0.9237629060411572,0.8890528667942523,0.4532480632139776,0.14988377253841179,0.14317972798041162,0.3274920686055718,-3.049940080213087e-07,0.4921264684018901,-9.468449323579708e-05,0.09427753031728581,0.15411342676533413,-2.7372976829975748e-05,-2.852039069722867e-05,0.00012911254002220818,-6.325712518739923e-05,0.0186038339013438,0.511817233508692,-0.0001338294836980003,0.042018919045550024,0.19469202307543543,0.04957149818275079,0.14110539342773937,6.083317454841364e-05,-0.0001009751353981958,0.32652561365901955,0.211780393867017,0.0002247999528969813,0.0001490454421141929,0.02083370922290617,0.016267077882597014,0.061939970013829226,0.28217354561257235,0.041927509521311024,0.00027914197872719315,0.3883431112674858,0.0007462541559660751,0.12199939630313619,0.2150882753361768,0.49478029336017415,0.11121007543392641,-3.154676114019983e-05,0.33049960244854754,-0.00012697441219355898,0.0003791954903437922,0.43691114127933456,9.53787944519835e-05,0.0007416620088483983,0.6255706278046674,-4.631722262160576e-05,-2.9965073009396992e-05,0.015172063821776188,0.19907564971456793,-9.921008263802378e-07,0.14049046056056197,0.0015586349206803685,0.15753641106403138,0.09945334030140301,0.00040202082107720916,0.4852887735841332,0.8594876571662626,0.6182523810275375,0.10329096515850678,0.10474922186098701,0.1357078584991238,0.3401604204986754,0.00016691241213299957,-7.870546750077256e-05,0.14577779848369804,0.023375477452100002,-8.389041164957867e-05,0.00011302953204639365,0.014071160069384789,0.04500099391994261,0.10765043332550459
0.0009541662377138271,0.13364130694376797,5.0115142109785626e-05,0.02966330135317663,0.2564350948489202,3.955007762401763e-06,0.03076218690294208,0.1028222115481538,0.28106386756580926,-1.5377615616374296e-05,0.00011050185375616195,0.0001456715374346107,-7.240270331460019e-05,0.5147150704782152,0.5622830862766088,0.08343649962500499,0.2198162359182544,0.001768273002521803,0.21527749378292702,0.181534654734956,0.012378545435650784,-4.853976345198241e-06,0.049175307551129005,0.03958414386813858,0.9210137184331182,0.30640077563687396,0.04442499459732585,0.011264574699977409,0.0004411629744863754,0.004540957395519407,0.4717452574008496,8.629491252287735e-05,0.6837682239272717,1.4774348664481352e-06,0.005489813898053031,0.7716958530003596,0.034487901861852355,0.023139774214839787,0.13970280985508282,-0.00011231007133039039,0.004766553366855497,0.1389055150170862,0.3161942802507486,-1.1882887711811563e-05,0.00015491524989019734,-0.00015335836696980798,-0.00035734866688441613,0.0017802899359392055,0.059004686180548195,0.19276945194402556,8.263470311137278e-05,0.4898083121771198,-0.00012457285577482935,0.045304005227123245,0.4687021868668714,-1.5274656639585604e-05,0.0011575885540436037,0.12886852607760876,0.0021124409520949516,0.21950544776989345,0.4981065757550692,0.10985411073166299,0.029859623661762008,-0.0001471628458872276,0.0003012763490257697,-2.0690577871795846e-05,0.00396560437678517,0.0022424830679523833,0.00023761366243263415,0.1673548495583828,0.7866955196791545,0.8926458234556657,-0.00017811773964160338,0.0036415205374720205,-7.419367709859959e-05,0.01479292251739879,0.042044942706715216,0.3537929743739002,0.3353597764846692,0.3539721175346521,0.0007584136796248142,2.919411647458542,0.39666487351078,0.00027346637143554897,0.006296375727991632,0.0063851927999072355,0.03545266844827899,0.0006027866044789887,0.018386634147155384,-0.00027449329249196186,0.0007680141884260361,4.068614687935401e-07,0.023500181097185213,0.3120031467130772,0.025469571945137603,0.010819296882764201,0.051595303552404215
-0.00014638344325257346,0.1683324963834626,0.00012330166884139127,0.346444896423494,0.09687924638388717,0.018384153616306576,0.126059848932077,0.1607797316891834,0.44682555043431654,0.3104279168890936,0.08520033096843915,5.07842831959926e-05,0.0827033129502594,0.7969243645869157,0.7885643138085398,0.5697473601079692,0.3170442549554672,0.0028882154060642096,0.9275465981586463,0.10544118108171996,0.011715118328727792,-6.418275213940228e-05,0.41835114895472897,1.2228867776187258e-05,0.3363689951515938,0.18637681373976256,1.0174299211494495,0.2790474300424178,1.939579944540415e-05,0.0130816256042698,0.7739658828280608,0.00041718672988440286,0.00026588451091419385,0.649643136739812,-8.928339017119646e-05,6.1686347992140345e-06,0.05754100411237284,-0.0001376989998451983,0.002757166574678588,3.222355735621463e-05,0.04056821108162861,0.0018824700951075857,0.2083940095401748,3.673967559381097e-05,0.008024615414437997,0.0016630035216212147,-3.611245508161609e-05,0.07641119420928899,-2.669220450807197e-06,0.0002682135250196005,2.755074020058257e-05,-8.328401572976762e-05,0.0006502469084695983,0.25250229042593275,0.22946368407389506,-1.121998787584344e-05,0.0007086043393041974,0.0190854063451832,0.00035396883474042573,0.11796700634712981,0.8496326914453456,0.6411144450555604,0.0002465938974030024,4.7667964882425196e-05,0.08372647417523058,0.003552407853346373,0.018380813956087594,2.652153209597996e-05,6.351315567920679e-05,-0.00021245054652918594,0.2294755413885374,0.01776341768994058,0.039808488602177616,0.025130920903680576,0.7440899407301608,0.04629797493200277,0.05328529195066223,-4.3678170527639e-06,0.33099020316766203,-5.652779508141803e-05,-7.90075924277378e-05,1.9962008689091069,0.7345761869160722,0.5176035400214264,0.21018138645342038,5.6301084797594214e-05,0.00029466616609136187,0.2780893140641536,0.07022712834625339,0.00021172554058501714,0.0006117119018245187,0.3386622772657236,0.11254001223011822,0.07447732148729158,0.012422833448502979,0.009107561258524605,0.3634510689891468
-0.00016185495060261346,0.4130961539490716,0.029682862159987194,0.1069474155632518,0.3186544371126664,0.1312340370795096,0.14163259882896873,6.989741461196908e-06,0.5298507590588096,0.022030447328012792,-2.216000310217847e-05,-0.00014660271684202586,4.8095725128038946e-05,0.2269989437077368,0.22444326038808057,0.29214866199150097,0.1200063174060344,0.1647314943852204,0.45363389044898195,0.4058778465783224,-6.851064685176045e-06,0.04477532473327803,0.0001624157846750185,0.11017483618841499,-2.8670937100239158e-05,0.36056801773040836,0.39093165939552454,0.0015358661569317977,-5.973432289319708e-05,0.0580831101881934,0.5017972898224463,-8.516440183398144e-05,0.00015860958434199546,0.16924010099639963,0.19937707441223243,0.100580490518621,-0.00010713689589814113,0.0002457570476436105,0.2888867595100314,4.65957569169978e-05,-8.939070764213408e-06,0.02178799354058658,0.14854486566804437,2.429534662018451e-05,0.00013863866396923719,0.00012909089926399497,0.000131036051797373,0.16360280687615403,0.0004443306660015939,0.019175858824313774,0.00022092424646980025,0.4540982093849024,0.00024286617884777817,0.41771979749714294,0.7644459476415232,0.06068460810803136,-0.00011390200078020829,0.054817090172003397,0.0008675796835777849,0.021657924411221996,0.33235236458802614,0.3674997160452158,0.033507360609019377,1.0993479909182646e-05,7.701363699497144e-05,4.5654190302168995e-05,-2.0866916538186953e-05,0.07074896187749401,0.0005069994103903963,0.044809009595742244,0.015213215393227203,1.483931176760045e-05,-0.00011710838110140509,5.8652137326975495e-05,-0.00012842852757838363,0.15234646883101138,0.003860294980410406,7.937301402999308e-06,0.12834610622236417,-3.6817589185389465e-05,0.029947882067615006,0.493541336001563,0.40777943477249917,0.2723756574257004,0.051907779369462226,0.0004234658330041774,0.09890911537543079,0.001139754986930419,-0.00011076988898017781,0.0003741593757209949,0.0002932323502503609,0.0911880265551546,-0.00015640075144479626,0.19075886846674717,1.0962899036001672e-05,0.9748582377580424,-6.318892344758797e-05
0.020341795127501394,0.0730402601666788,0.3700684944801838,0.04910286172948919,0.10439065097310418,0.1578181251899208,0.114325979603219,0.031144099972106987,0.25315200795634557,0.2290470010841818,0.00020669965325501027,0.02391090400182938,0.6513868301832323,0.14447327266708337,0.45554492899177695,-1.2673053451206506e-05,0.6175815061962117,-5.1425787082004515e-05,0.141032495649116,0.5082887407065093,0.0001127338602959771,0.005256346517435784,0.11297959658827442,3.2930639510153625e-05,0.8522744867891671,0.22150651749572678,0.0332337542883982,0.06767228571429101,0.0008690797565706065,0.3390361596937368,0.07683995744065278,4.010124431938489e-05,0.19510385494704238,0.0001682619844312061,0.005287673550498986,0.0004402103821619652,0.27046173559215125,1.2639644010603579e-05,0.0714898315828528,-0.0009711891444017517,0.1952766462238942,0.09026560547909081,0.09197580023528179,0.10161657592919418,0.09533886145769999,-7.629360097460847e-05,-5.97432128291997e-05,0.3343674675328092,0.0009565190592994016,-3.661605479099439e-05,9.562486126621361e-05,0.14925167423177,-2.277827084651296e-05,0.47945736586290877,0.6440609171352407,0.0571387389183602,0.1064001539382356,0.7511055440672894,-0.00017261905674581524,0.005446212813885604,0.06792293675767536,0.878797019833307,-9.43235409351928e-05,0.002014253095535379,0.00585239527765824,0.00023187570001739766,4.965774613235885e-05,0.2217970389636092,-4.3816879671365605e-05,0.006036714761574996,0.6245098424357196,-4.4607648051794846e-05,0.1160615310601728,0.00013558167384858377,0.1130950176886836,1.5968501090396492e-05,0.2279413784484422,0.1412291451656586,0.45952257489379567,0.7116844983123989,0.06455865671299618,0.8943237562624444,0.13159449658653657,0.032969394173091415,0.07833526058109519,-8.879594320942985e-06,0.046297603450156044,0.006663695716284834,0.31055382390656405,0.03479558469727162,0.0455388938520348,0.14314622799267457,0.48037428590667713,-1.7025730861985888e-05,0.17891200985977823,0.1975933784949468,-0.00011311527944296573
0.13391268451378763,0.0789758098196498,-5.569540399480433e-05,0.4994882122206044,0.002633706062113328,0.4905963317973564,0.0016194254150120324,0.019387060870155806,0.7758262743883719,6.635393570136872e-05,0.00013801286417181036,-6.277810475019407e-05,0.22185959154564244,0.09476572099256558,0.00481970844068999,1.7730359392065242e-06,0.3504005982860522,0.028273437625839004,0.3312160497610962,0.1687151344504364,-0.00010824133653281054,0.0014500630198995973,0.00020113849072239676,0.1962420088754834,0.01861747666962421,0.38313774206886636,0.6424181095389485,0.0030784007902633914,0.00016559747586300522,0.0009785055085468342,0.077777407087087,0.11267120521229401,0.06836732728089001,0.06946297201890828,4.15469095794152e-05,0.053559380618260016,0.08126904732874818,-9.295503302103603e-05,1.0570511952995298e-05,-1.4859653314214238e-06,0.0010669473809815644,0.01574929103492681,0.262113810567791,0.13439999086404797,-4.3015115848005214e-05,-4.307134585063155e-05,-4.855655633118072e-05,0.0013755395019555694,0.007107625369779019,0.3484562769367656,-2.5877837880217136e-05,0.0804193002590616,0.0002531934609603659,0.29943745712883396,0.1753686830400762,9.421101513962249e-05,0.0002091728746131949,0.00048509219733058884,4.223864028818358e-06,0.24882594492012602,0.5886044714948796,0.05770575525817018,0.029280647895111395,0.003185925923149424,0.1755536351376778,0.0009205579469142577,0.00399592909400362,-4.589751239514328e-05,7.906515763320132e-05,0.03207775037505181,0.8614484445114573,0.1340366045541402,0.00020083168389861683,0.0005962338097824094,1.0639895615240582,2.605310341408096e-06,0.027099941132972788,0.1110434992651872,0.4935989909529412,0.0007010833219759927,0.00011073597384100853,1.099317773935577,1.0905688366306034,0.15140063913209878,0.2585608220446536,0.033711798977880014,0.4102165106218828,0.2744339916638074,-0.00012944395512382023,9.418293079144213e-05,0.047351705441161795,0.0007843436810091864,-8.942438263803698e-05,0.2507055227876892,-2.6450195367011542e-05,0.2753726559938082,0.0243216864845774
0.1594540707674324,-5.054400015461202e-05,0.005885833216214401,0.1977837467699574,0.44487144128721634,1.8751631651992007e-05,0.06473791933413597,0.350075530773024,0.3180871279431832,0.022032587972536988,9.676533810520915e-05,0.017872710294318,0.010626011560024406,0.734315144521377,0.0384442667678388,0.11478653346846042,0.15161645238471458,0.03304874951010239,0.2599931353908926,0.2415808630107028,-2.1766935790812347e-05,4.490997935396868e-06,8.207491789119503e-05,0.06009632173446039,0.052352282992493004,0.215253008664792,0.9102116119592051,0.227388089931212,2.7260031816578323e-05,0.47980969796838624,0.003547360180959025,-5.640618625513127e-07,0.055627458404663405,0.07519951137770575,1.6170595870612647e-05,0.003985846092559406,0.016915836472993606,7.506190430139892e-05,-7.945272835579997e-05,0.10270947326103519,0.08608669140304459,0.021778271594596194,-1.130339413596415e-06,4.03222293684502e-05,0.009915896555405923,8.299052665039497e-05,0.8056229043148607,0.03636768276385541,0.1720123823172594,0.0006808975111975979,0.003806359933246184,0.2835601864196858,5.1286976452208366e-05,0.179998281234226,0.0062432755310335986,0.12133816550720417,0.005713900955395035,0.3932235654755186,0.0006288583724646246,0.012626361107705014,0.6696912692462831,0.433791098310023,0.0010836545698769962,0.0002027774363470014,-7.348699607800935e-05,0.3241968544107886,-3.399110100060776e-05,0.07195528293374198,8.596060748400358e-05,0.016308998574361605,0.01184771284255462,-6.850008307079936e-05,8.926694584843187e-05,-0.00011076146471838966,0.013579205210648981,0.12257091729187819,0.0011705119269059816,0.0022023553387855443,0.0014255923082335809,0.410082976085833,0.11590622824255642,0.0775239281440332,0.1121646065276186,0.2011919169535214,0.31472081297080556,0.17117696626488,0.2963114174280158,0.002418719470275388,0.01343503639778898,0.03277586435431021,0.008347900384100937,0.14640866896998583,-7.269948897520306e-05,0.0002819547192342009,0.44395781056573397,0.09534477590224663,-1.6949129633625493e-05
0.0031524376394095888,0.0425343227853764,0.00017051191695559298,0.014000737025815613,0.00024194564515939154,0.8362968706386091,0.25126790804855503,9.969608820517561e-05,0.3543675022227258,0.012759131904826387,0.0004769077193251814,0.0042161074259267906,-3.1530802263868285e-06,0.3697422930338795,0.30320229844618524,0.4116969872537042,0.44923631612493686,1.1729405787613647,0.02234502568891439,0.10752292171293282,0.2303003424994446,0.0112154496158072,-5.248713810457328e-05,0.0015103537968862435,0.9613247149392016,0.6143395607246648,0.39911023697161485,0.0013747451357621898,0.00025742702173758847,0.1453934580935186,-8.879844923159741e-05,0.041087830756823415,0.050768788951268184,0.7929554322950916,6.589739266882333e-05,0.013111454952690227,0.004764727467013785,0.09101662512776981,0.0005181445960705799,0.0030436909391413636,0.08184037934656,0.10158791761497879,0.31959404883587883,-4.7223311175403904e-05,0.00014993455180781212,0.0038018100761938456,0.00010934780888419149,0.013341132998180016,0.213457940150012,0.0016153546224447757,0.102583557327937,0.2645222255397286,5.390158212614793e-05,0.16522937513985558,0.36662316351366675,0.1444050081684944,6.881956365539788e-05,0.4235536536215982,0.0025344667035033797,0.0001028320916448,0.9084581543863226,0.5141329252047951,0.0008797769448714021,0.00010294392032000887,-2.5576228468771056e-05,0.0871515624557622,2.843805342939848e-05,0.4613921760464778,-0.00010841184543119997,0.0010384727954315665,0.623507723860993,-7.98956299177811e-05,6.200014211321658e-05,-2.2457204410991638e-05,0.1303985996659316,-5.7803865068817295e-05,0.2411314812240486,0.0029511274087618,0.16786451075670078,0.5223079209560988,0.004142966276482585,0.5297927631643634,0.017838278347864223,0.2216392047969566,0.21951908279517823,-6.214599150683453e-05,0.6471819583069669,0.007185765067997452,-7.087623499602014e-06,0.06783710209529542,-4.633305921397657e-05,0.018002116907558402,4.4629046304534015e-05,-5.0067033305900566e-06,0.0006479415691532098,0.027586818253739015,0.08097638725268619
2.3972034381425367e-05,0.1100762142848084,7.847848627218212e-05,0.0366534765690118,0.961282748069954,0.015065704315802425,0.06780412453312357,0.05926347445404319,0.10804062098712601,5.7820350739201665e-05,0.0001596721235817833,0.10890680229712263,-3.6634562204374e-05,0.2982089956991384,0.044709945368789805,0.018652506790041767,0.07435673430022921,0.040445691000362216,1.4699321342203995,0.3716390615992052,-9.815194648210568e-06,0.00025078363865915776,0.0027421251798816215,0.0002185413231750033,0.3353617892766918,0.681627126427247,-3.955348221784671e-06,0.15071121395390963,0.00010787738033340988,0.00831819080950541,0.10555970963135979,0.0015876995675234151,0.09915998388116899,0.0038072916451651895,0.0001571533610432163,0.02017001693829379,0.04510621712053081,-8.089826301918568e-05,0.0003523531606201835,0.286483612962869,9.642831280853859e-05,0.06790537049053558,0.16060226826632076,-1.8582416850598804e-05,0.00041527151222137126,0.0012977790760710095,-0.0002873895590642106,0.026713763526040796,0.15348743349030664,0.00731585633727061,5.242706145300313e-05,-4.064599108138944e-05,0.00027614758663385697,0.032778369696727594,0.4355098146960448,0.2607919196388335,3.4375030169564447e-06,0.031081810735175186,0.0009775229437170019,0.0008238084052658023,0.005687390036327802,0.5453839301392361,0.0007583131409669985,-8.715956839500105e-05,-0.00014536607459003648,0.00013477332498179617,3.057986782323274e-05,0.17224480935138398,9.525423905221153e-05,0.0041850536910519875,0.48742005885200546,0.04238572127366999,-7.947263940277782e-05,-0.00015617021803521203,1.0941018905047823,0.3215808446486964,-3.334384142794633e-06,0.0005700305942646089,0.10808500526925639,0.0009611524081259981,-5.66844563322233e-05,1.181698518644169,0.3051086885333592,0.42968144432973365,0.13524980139760162,9.965290594360354e-05,0.005589455042849398,0.00023394276480515064,1.1946705312626538e-05,0.032396317932162966,0.001258270297418984,0.34902259871219876,-4.8144044119680096e-05,0.0003288954456500126,0.000307065761591202,8.557445117719775e-05,0.0705616707560556
-0.0002790032916080154,-5.301839843760425e-05,0.004140053216254602,0.2675164014042374,0.00015638955808239263,0.0940683354986356,0.9821315418180754,0.00019169734844019792,0.07426418306425761,5.525648507698211e-05,5.208062577921613e-05,1.9546522531194155e-05,0.02187107600810484,-6.345001107899151e-05,0.3839973386552018,0.140934510524173,0.6763709563484428,-1.5481084193399997e-05,1.580135621473227,0.36649390372280577,0.04106297181158203,9.752251897560127e-05,-3.7874806110005377e-06,0.010427485286287203,0.7743854389861913,0.3431078739285512,0.003984510587364987,0.6686068852301976,0.0646777903717082,2.7031995349008353e-05,0.4483105872529276,0.03264263758034042,0.09189356012197199,0.5825672668869197,0.0520692914806984,2.2628716008221694e-06,0.11739307777842223,1.572912100599594e-05,0.06304411427507481,0.03355793977669719,0.09376370162123582,0.02191209573604261,0.1337225885559762,0.0759676331960566,0.00037371703150756996,0.0001706118096212461,0.07035961444396788,0.167369866482319,0.1284558070840376,0.002811260387156983,1.1376092860088116e-07,-1.7368086312419262e-05,0.0001621741454405079,0.37506682594688395,0.5313726848756102,0.5481534249231821,-0.00011310015773940973,0.057213234998155796,0.031361703158576004,0.02063519634188679,1.2085475724230141,0.35817297002141113,0.02083946927177238,0.004111864831890799,0.0002552697107325308,0.024815906183417002,3.4480113637991305e-05,0.18595366741761601,0.025477591570351177,0.02765665169684299,1.4099212517660682,0.0142662138045494,0.040488470968742585,-1.9162197328614905e-05,0.289034321618291,5.9232207325010666e-05,-1.080197225999946e-05,-9.700271199680754e-05,0.29544653083472283,7.024958914661483e-05,0.010948271233691187,1.7224278558868136,0.04982788151711981,0.22788788534168075,0.00043018897726798677,-0.00011272014170421452,0.001051268581478193,0.2979370057805286,-5.088953144993802e-06,0.032565316731422156,-0.0002388985756682782,0.1119560902252762,-9.331811014462454e-05,0.07240746786876279,0.014227692968958594,-0.00011509298117701183,-9.447552594021857e-05
0.215336961585811,0.5958855265973636,0.0002227685907963961,0.08868587367033759,0.38157013615993174,0.17036698253818477,0.03213638939645558,0.34391015977777606,0.4797356034418254,0.017130626814132632,0.020700024971907593,0.06957371269698719,0.10974438973913,0.3468261310552454,0.11076843121343663,0.00015402385966460652,0.5517825229670235,0.023394397090349184,0.8539459831569328,0.07569588419886261,0.007924804432028809,-7.884578293940181e-05,2.2510134840392215e-05,0.29126251273518716,1.3875500525180995,0.3620377017145782,0.0482995466731026,0.18901911306331082,7.056306488401054e-05,0.10872517496357059,0.2481724052891802,0.07180802282535739,0.2278065555029472,0.04378624692915761,-6.270512591860511e-05,7.831534423963227e-05,3.4725683430603116e-05,7.67252566115928e-05,0.00010737298733240475,0.19076411949366742,0.010089482121009685,0.07735925761400442,0.0053679987714201904,-0.00018871817792120993,0.0015017423991711965,2.416962471762929e-05,-0.0002663473837392072,0.058856646428031206,0.24853367058519002,0.0007263460978494118,0.14465462506087662,0.00019190570529820095,0.0026344434055082244,0.2723686653910674,0.07727694184605621,4.612850965685089e-05,0.00030338510752497827,0.12301421451378719,0.00011227814968461924,0.4124670756289822,0.252635802651642,0.4294774112751896,0.2883516282201254,0.16934253342301617,0.00010361485045501384,0.23499989274431998,0.09855407485862519,0.24291652223025478,1.7670017999182885e-05,0.37373532771292706,0.00314533077886181,0.213967599500993,5.3710795034411785e-05,-2.4789281234588456e-05,0.18019930928470718,0.00020541317909095191,0.08647592010825877,-6.69173391253941e-05,0.23937990408053259,0.0008370332146105941,0.0035609220046760037,0.9955405822258334,0.3709196746673532,0.00020032923703899863,0.4955349538054464,-1.8837535878224454e-05,0.2623887403990464,0.07315267631823341,0.21317476872259616,0.5579718379798517,0.09465474642037253,0.3799068749458806,0.9026447746591664,0.36602315153714493,0.00010894282011979228,0.20442532889585818,0.2451291144843044
0.1662858029409892,0.1538206457377772,0.00012589274273699935,0.4689129592351388,0.2052479950673962,0.06794952962389322,0.0018576810484571826,0.10677535450428699,0.4946805853729138,0.0983378125467058,0.1362426442697668,-2.815710171080732e-05,0.2281770855334222,0.05276551494465459,0.276511852422547,0.29589708971462,0.0011545286304446012,0.007598909582572977,0.39298435414595484,0.005769816007768991,-6.59061255714466e-05,-7.084027651593772e-06,3.091711373778838e-05,0.5268913949119506,0.9708526441685352,0.46831043259769256,0.47922830011435735,1.1338683470763036,0.001353039354101998,-3.0673998935304425e-07,0.0026042170106053975,-8.222324363504896e-05,0.25611518105158043,1.3278990448174146,0.03807712851204419,0.216658290320781,0.015532018837669581,-1.6846764139794024e-05,0.09297291821279081,0.001342660445598401,0.0743292912823402,3.7656121173818e-05,0.40043011911093096,0.16652113195997198,7.471809177400646e-05,0.00020521553202679232,-0.00038382047955876075,0.1745290363135238,0.2121911840145722,0.0031629291054742215,0.4020071389390284,-2.2024075513604746e-05,-1.206600145564618e-05,0.843448518488946,0.31393057161493837,0.08895262996609099,0.1029550661349726,0.32716155925237256,-3.287431964399401e-06,0.152736452598374,0.1384579402302416,0.3575302081118202,-2.6440061997201614e-05,0.014309439362052395,-4.614312585099478e-05,-2.2520902679012966e-05,0.0003123920350942,0.0002673278810854107,2.3424749693967684e-05,0.018301421091725,1.034516915661544,0.046257722358231806,0.0010128632959320039,-4.426343284319456e-05,0.059643651532818975,6.295803587799687e-05,0.081935556187851,0.12192656071425001,0.2391090203818444,6.035647148480705e-05,0.24397054984855077,1.0105057496044096,0.11544737109255082,0.2989079938199649,0.119361254389624,4.081701421942974e-05,0.04372888031987582,0.00011577203548479575,-6.92446228278687e-06,0.033634113399058196,0.12358128532554563,0.3547140312382584,0.06805765189354396,0.11323652713940618,0.0016060833923219886,0.8248713190052331,-1.0431219863188401e-05
0.14760683067494101,0.1234213426227698,0.09486397473687039,0.08992237834900024,0.3332852469124238,0.0879568701915242,0.0026557376222938744,4.3190283845806476e-05,0.00957436410814877,0.05526864393137737,8.176988011518449e-05,0.1143472455947766,0.00028271654524480994,0.2010158849603716,0.2681617808131848,0.1959862432193928,0.4665550613686986,0.35666546625684736,0.7943574145746548,0.07702477803946683,-9.352029524789529e-06,5.663397045460594e-05,3.649546152159622e-05,0.010450190961321826,0.23774957354056375,0.1838816459538386,0.0037462931105494146,0.7378074795442859,-5.119807254180819e-05,0.7821830472132082,0.44316570529076776,0.022132437378486414,0.0002483332410795902,0.2559529578360876,-5.373983896678203e-05,0.5790142209277176,0.0766085769961446,-4.4926332242789524e-05,0.029764074195276005,0.31814262573854335,0.37979630028594596,-9.730124201218215e-06,0.0923442910088584,-4.320103549199095e-06,0.0004554124809528215,0.00015349516575713373,0.0006194289146398413,0.08916093969156522,0.0511033900962156,0.0010240144945879992,0.00015267411171937528,0.007896657836122006,0.00022035579534834815,0.9261478629841529,0.3121297783721004,0.0020668148102651884,1.1005547944809013e-05,0.7507777902814476,-2.0055676822006152e-05,4.07054577644117e-05,0.08790533476970502,0.2763306145959284,-4.9741436277395135e-05,-3.500270444359299e-05,0.000501981990721212,0.04612215474347041,0.2740697662410956,0.013913393991173202,-2.9984121315607126e-05,0.1201855104135488,0.11605512553009659,0.050989005541024396,-4.209155918280527e-05,-9.831399191181922e-05,0.31383143812808995,0.14899343368343398,-4.48009530770177e-05,0.028315281330506592,0.4959722597566656,0.1426482104576396,-7.131310394398183e-05,1.0970956426166472,0.5633299051578734,0.00016377987884164114,0.0034174542314657774,0.08889465301017282,0.22319533758473123,0.034478452999145814,0.001509602180269215,0.0009298758383339822,-0.00016628387054057336,-4.679090646053652e-07,0.1244126825162046,0.7517952520119133,0.1204092768784574,0.7546916583874355,-4.393534165800239e-06
0.12451430327676402,0.0867378963446616,0.09099600680156719,0.06525431054167863,0.1382564956415482,1.0803164539111798,0.16243610997400937,0.05489521411447139,0.10367541453868784,1.7874702750220184e-05,0.00038640815033597065,-0.00013952244050402518,0.0007236830387398197,0.7059371408187984,0.6858658846836366,0.8826160213565485,0.1494903704358854,0.2546604587005658,0.06077811052507018,0.10312189952782819,0.00017553600502137612,0.015889210310684992,0.39566787175200074,0.6816195782891277,0.060824368137469,0.3053346752095666,0.09669524437877217,0.0041625064617833996,0.0005908397886590089,0.0007686711560377923,0.37270879347647146,0.03376306323582018,0.0884866251727556,0.0005143482982702396,0.0055134394208332105,0.006755873951151181,0.06972845251981857,0.14379955340906658,0.0057716609714424105,-6.520107131618991e-05,0.18856219946572483,0.012294619895839382,0.39615700923855857,0.044488875321424204,0.036149852058579596,0.00022805673971881824,0.38804282781966176,0.0037876412440409624,0.2231087315577096,0.06366340168094978,3.682657626341568e-05,0.14062549076578001,0.0005308713040049762,0.3856631946380814,0.0002844244487903991,-7.398108542983062e-05,0.0023148897402534008,0.07729754668638941,0.0002931754534800102,0.045875150148503185,0.45156583219454005,0.1068905621475512,0.017811221674674,0.04782253962374258,-3.493832411605169e-06,0.0923065994184766,0.0021223623367949973,0.05213050943510361,4.157637065255182e-05,0.00013849627097295425,0.46775810446185384,0.16423699915475642,0.0067852703407253745,0.16385187749479319,0.112940053529138,0.10002304803380441,0.0006173408008778025,-8.360644722102406e-05,0.1780622914488896,5.6934763396410126e-05,0.2916817371469752,2.3606256124328566,0.5959881382683743,2.099917836578813e-05,-2.379085698678285e-05,0.07196985725110339,0.049097601466956214,7.151508860836486e-05,0.036152418488578586,0.09736369466795919,0.002288246286623219,0.03114786893699159,-0.00012510273454380272,0.04837044668925641,0.2075738700766304,0.2576265421798822,-0.00014755268004096322
0.42784594043951396,0.05546420358443119,-5.3286444371802855e-05,0.11468886354340338,0.47705258613649737,0.4402105263193256,0.11238911755518716,-1.6668481195206142e-05,0.45620156970529463,0.21177684989509202,-9.51756287175809e-05,0.013549158816277995,0.06680815505367937,0.35626159150070497,0.08324894503758279,0.0009596934234761823,0.10244064894138077,0.09592641330228881,0.9610553947613473,0.022623480830288187,0.03245318900235519,0.006486419826716605,0.0003334875577298002,0.0010105934086097612,1.1196940226480148,0.09910393475413981,0.40287966631578603,0.037371905217044976,0.044414940201612206,0.0430473198303066,0.00034195729948857667,0.17440580432726602,0.35254972457812417,0.0020608810680490253,0.04165379472408379,0.010881398658941402,0.15722892904027017,-3.5905394348223485e-05,0.0369762455355636,-4.8874138425608615e-05,0.0005027976132307987,0.0439937762202596,0.13218163960138057,0.09814955800478037,0.0018541721331849503,0.0003419304936341794,-9.731164848797436e-05,1.4454902575233852e-05,0.03928292202885103,0.00013805302603719927,0.0016656331539937896,0.0324949446985518,0.39928624142552216,0.4858676231731788,0.331812420424361,0.004009866439121018,3.245855456179836e-05,0.4745034998986454,9.847330353621175e-05,0.0008180130238714112,0.00016382600513542567,0.3965853968563792,0.011544714343279389,-1.319924653700455e-05,0.045292314602175796,0.0484196006238716,-4.900241551561435e-05,0.0011775448315921866,0.0001305770174430121,0.008881122651129003,1.038173457087072,-1.2182640216004681e-05,6.549447772458139e-05,8.405274112319172e-05,0.4052455259196932,0.669164036291599,1.666222155882746e-05,-9.200006911525005e-05,0.10367132113565819,0.0437243155959092,0.01902333086323099,1.2699915072384664,0.3386519437088744,1.2781779581286081,0.4726650337414962,8.529336123919151e-05,0.01624156973468141,0.49577659878318847,-4.885176635560651e-05,0.1923521242227112,1.0915670591804538e-05,0.0630948567997518,0.06632909387842162,0.0321128977188154,0.002096573705304361,0.30173197980498234,-2.005838650120939e-05
0.0318918205074514,0.0586217443351188,0.0007281426646439937,0.6400534109238738,0.47969588226183857,1.07471856964081,0.00048284212797161663,0.00040719451361401204,0.709203532940361,0.0015110798320570051,-0.00020239818886341743,-8.105306684941249e-05,0.5400520799849313,0.006552170880891023,0.009101207040046008,0.043268153292761596,0.00745309488498741,0.054426175710210994,0.5951015241817196,0.31596454181709016,0.20395507871088842,0.06177990251265161,-9.646714372008036e-06,0.0009765595233904023,0.682237357350757,0.3407771666171162,0.2495124008155046,0.0063441182412246055,0.00023063071937018398,0.102166690424077,0.1685245592481578,0.059254586976719814,0.1028980553229738,0.6581038844908333,3.668816101198846e-05,0.07381218558822122,0.0984329718685194,0.015598749962022623,6.922401870598782e-06,0.058418167003581406,0.29522940828592636,0.04332559194833138,0.5695797217781013,-6.531456076938613e-05,0.008177389207791319,0.00021649348375238353,-5.067698040284174e-05,0.768725854488924,0.0009949974434557973,0.008222592423073771,0.3938577177421212,-1.9655559002573764e-05,0.3138721851880636,0.24797461554398736,0.18939568537842566,0.1591538138922154,5.1038817326820585e-05,0.10643089423195784,0.00013021416840020006,0.01802510868840701,0.4295811388824078,0.40172927158171334,1.7900311686247505e-06,-3.75381028439592e-05,-1.1547592489002945e-05,0.04986894317994084,-3.834740689279137e-05,0.11491931381233239,0.00020175642529299265,0.020545718568386606,0.5309167349778972,0.010317743423101405,-6.351987184222141e-05,0.0021664357817542113,0.5877043721283053,0.01624843394598441,0.013796806632750014,0.06942007871653219,0.30682962830917404,0.00393644635119017,0.1442460966094926,1.045281789066893,0.3560294018266238,1.1026101256279561,0.06927373517974278,-0.00013894798879476866,0.0008197546196022087,0.04691589860209522,0.19469818101129716,-3.094076258780554e-05,-5.1124451643402846e-05,0.20316103772255859,0.03734171784121604,0.01394254675496076,0.22005002418701497,0.021853262634382226,0.00013215839592262135
0.0008016081943481579,0.10508655040127102,0.14862124881517358,0.7895613753592542,0.0002944635071880364,0.2794639687425152,0.0021487385338323506,0.00024027453843919466,0.21285451146606216,0.000240653727821602,-2.2768799114808447e-05,0.06020769319475919,0.1315147172721876,0.0073194284134524,0.2395445814361298,0.00028613723003320657,0.0008285574284102037,0.09881477150126058,0.5743443104659376,0.08280776008952022,0.04559067693604041,0.00010535462185079503,0.031470939731990985,0.0015638255817251867,0.765896469443704,0.681236266331538,0.226951364415889,0.5784113692735198,-0.0001011925670985625,0.10961688059111999,0.8195617144396925,0.0685850838758996,0.36410848744668556,0.6121774310195208,-3.7884748926297895e-06,0.1092280816695842,-4.293569229502081e-05,0.0023260902687955998,0.06230204453173199,0.0011424423845630138,0.1977086917487848,0.06094551151664379,0.13202035084132901,-2.381680674340414e-05,0.0003014601969943964,6.890567071882181e-05,0.40433231655628554,0.0001289010369589505,0.0621942831423932,0.00020106307685499591,-4.845938134900862e-05,-0.00037266078079700726,4.400774700658028e-05,0.04390670104659855,0.44059521891965037,0.0031555160771203905,0.006593690526705387,0.278090585251415,-1.4194602486583552e-05,0.010387607398449017,0.5679248866792046,1.5989025108555492,0.012286909832092408,-5.530502053457953e-05,0.06306702790665664,0.007800517217322778,0.00010449840362500296,0.18837527965957862,0.00013554986781677547,0.28076202111205845,0.041340998663017214,0.22080748410092776,-3.5434755536412066e-05,3.654429849681007e-05,0.09215577364352581,0.5542073649364269,0.029544563082780195,0.010500628498433195,0.19571207186782003,0.0002946619752768054,0.23583494886973583,0.6924368735132438,0.039397704025495195,0.0002944368208523951,0.222909571157558,9.513853321241328e-05,0.12624592079552155,0.0044840952258293765,0.0015930487927735548,0.057647841256536575,-5.843107793640501e-05,0.14493673829864143,0.5162207175817322,0.00187833984554725,0.31031779967257983,0.2810775134751044,-4.100268617399094e-06
0.0007292264575571861,0.4859939886071852,-9.338356698640471e-06,0.08084092581582819,0.8232615350920028,0.4580564952408852,0.1407547888482762,0.027588542186617188,0.5065864401096956,0.005880042076448794,7.751409328660142e-05,1.6249886403807423e-05,0.002930329522446762,0.8382252929244981,0.30731051371027,0.0002662944570311909,0.44707417375569186,0.7153640528752688,0.3420758647968022,0.299011569587729,-9.104185713801338e-06,4.192232460500933e-05,5.9154603193598e-05,4.357503494512027e-05,0.24411502492686543,0.4551162011419714,0.1640918375361448,0.4615036199847322,0.006803972577229589,0.09407418357236821,0.037623945212055976,0.03757180584948999,0.0017064749127670004,0.609907854044881,0.03888162159537839,0.04570141106787995,0.05241252835112942,-2.731916375398047e-06,0.37031118943304137,0.018231803823607784,0.078389389325045,0.1142280858063844,0.002318014897934012,0.2372907087959184,0.1875113751023042,0.00010940398537279128,0.04485705275647567,0.3554594066796934,0.0474882301267294,4.3090392962574775e-05,-3.084182751800224e-05,0.44659994913811896,0.1272228372228858,0.21232156427777799,0.8822062949826237,0.5976232831539559,0.0007092785369300358,0.20671691036902398,0.0004107087363943718,0.10454867249953922,0.4304833197404886,0.6369637943030075,0.000989526276570174,0.021479871363664804,0.00037655214291121286,0.148692292851072,0.5964074778337928,0.0002386552548908072,0.0001288941169418356,0.3655002778276032,0.005846614539149364,7.81975811800506e-06,0.011899592184436009,2.9708150792062682e-05,0.1689238711915656,0.00015474840359830377,0.002884979477989824,0.020900264276269592,0.06538891826960239,-6.572826396405995e-06,0.0064994172660380045,1.4500506200646681,0.4797149231755766,0.017870266832457793,0.26793628321698437,8.96718420262399e-06,0.0304239487100868,0.006573825519393395,0.3071841501527206,-2.8974511261409264e-05,0.19684718437158558,0.03785295270793401,6.040076496738322e-07,0.004306598540157414,0.6188893319073782,-1.3619273821791067e-05,-1.0043658323355409e-05
0.1662285190598572,0.007631794437163997,-0.00010615386297260776,0.49894091727201273,0.987229238708738,0.5246188250465023,0.0015337261062537966,0.0264910473497858,1.2880039543723718,8.139824381758753e-05,-0.00011486292661322395,3.4390011582563496e-05,0.07626918103147884,0.16751229730324602,0.22544698709615119,0.0013480791788307994,0.3258397782337896,1.3283519340046013e-07,2.4720756014197036,0.1827733596899846,0.005870109860641015,6.292594634882409e-05,0.026982218610560604,4.115592561698689e-05,0.013382501795870638,0.1749187919342578,0.12959495679417038,0.07009421666201662,0.005498887656086998,0.257725052593138,0.5506662439356452,0.1578548905391768,0.2267328957238094,0.9135065544683763,0.00019717079475617405,0.007378299206274808,0.005930521337305761,0.00074428356234435,0.08325424076685081,0.04933270983068058,0.4369376425704066,0.0057325366124448,0.0320270686315358,2.7934838825183217e-05,0.0023792657777482185,4.468994461617748e-05,2.5091412059197182e-05,0.001769375505999815,0.2397492380839364,0.0002014587056294037,0.1334573600141278,0.262084917293369,-2.4925868595593315e-05,0.10652502993882923,0.3937251831666082,0.1125198293341676,-0.00017404667305959132,5.093245554779746e-05,0.0006791868379713573,0.23300867642808978,0.6827691177209452,0.14823853670556,0.12983929519287302,4.906387741740459e-05,7.14419640917563e-05,0.0018133887447978059,0.05056507363741919,0.0004946143838819861,0.14146628945779158,0.13627065767907343,0.480940966026167,0.39642075408320765,-2.0959650543994623e-05,-5.970587878961764e-05,0.34907069750260317,0.13645644163642182,0.0009981986696910305,0.5931089516285756,0.08644695863573079,3.920319717401477e-05,0.11761300559335158,1.820560935814278,0.9814291212736087,0.539700801819738,0.002331299362599598,-0.00016074387230718967,0.3670359840267472,0.030273807750319612,0.049154100749063595,1.1092857492918633,0.0007808494933173593,0.052226033738486596,0.43181021746964415,0.1639633587991492,0.046929750748282206,0.12396533909400181,0.005664748673080422
0.45089452926850804,-7.727663989598454e-06,2.296641517199327e-06,0.527547549063013,0.9121685991166154,0.22649638210248818,-5.285801583987393e-06,0.3141244569573892,0.6581469545599976,0.095815292737023,0.003976846211920959,0.017041591268698808,0.0012765937458446008,0.0343823828141126,0.1136815128725776,0.05803097175235261,-1.8239823190158155e-06,-7.151769479962766e-07,0.31122502139547903,0.1738942085356554,0.00429763862741861,-6.81364801093931e-05,0.028381500383084235,0.05174094993832684,0.7768370092849697,0.6609512426687225,1.2900050900266358e-06,0.3889984069713823,-0.00010303676891143532,0.18604613389708638,0.2426671922671702,0.023387227359094404,0.2619493862770148,0.011869829000983767,0.00026055112725320573,0.024217458920685594,0.0001784752093367814,4.2996935036607176e-05,0.04715089085119879,0.6605150777671434,0.06652776128547,0.07874103153112699,0.1367158246271286,0.36667571966572887,0.0003527317946522279,0.0004410876877586345,0.017302930944956607,0.1389491160288558,0.15321781450882477,0.0020813516992548298,0.12122903694842663,0.4086813810402956,-9.02397199719629e-05,0.047667471818229806,0.3474932086529866,0.019591974980196825,0.0002493793200613603,0.361793097398203,0.004671930464464347,0.0012606329336509736,0.2618083221355758,0.36321334458910637,0.1949299418354658,0.20835501199717898,0.00013935361506700605,3.7376721724324824e-06,-1.2715808105190352e-05,4.7951280557193e-05,-0.00010891511389660158,0.3200862270237252,0.4101466243727935,0.06246128563591519,0.001617672965219974,0.00311837160473577,0.09908060825778381,0.1074828284234216,0.028957705400747595,0.00011570261644661128,-4.70719633410277e-05,-4.887483365081935e-05,0.0506305570090646,0.9569292377372475,0.5219097254218432,1.054269307634965,0.0929493676072452,0.00011767065864379256,0.042127388093433804,0.029117215134343843,-6.170361687860004e-05,-0.00035378976148559005,0.44415208881962115,0.383195810695628,-0.00012323814111159237,0.5155107076005843,0.001319437106629795,0.6293962076189749,0.0015933274676027953
0.5596162856735692,0.5642126292899354,1.5630412701805874e-05,0.5107827537428374,3.6899346672059075e-06,0.6454479437687873,1.113124434547177,0.2032524222697928,0.5319340269548636,0.0008121256029944013,-0.00010662422505258728,0.027867447350937602,-4.7653396226421396e-05,0.3447012284567912,0.13338951306094,0.43230487277345225,0.21499062091034082,-1.581696807001487e-06,0.47589627543446866,0.1603113458980086,0.03904321449246401,0.06666287686965958,7.518618581742187e-05,0.0008015961409258976,0.7019608784069917,0.545865399698259,3.052622760124635e-08,-3.889657460010021e-08,-3.435773628759908e-05,0.04567897126400877,0.1699992174342414,0.0016276456852865606,0.35661652751834855,0.8968591655742733,4.5463917007604326e-05,0.060125458983076197,0.0005727472535351774,0.010346856417584205,0.00020656911066380124,0.15440777121538418,-0.00012603833026758604,-1.6267207574582887e-05,-1.1658098740541245e-07,-7.510488496020873e-05,0.0001839666556567865,-2.2772437181517446e-06,0.010248333055565217,0.31207357929665225,0.0933034833945398,0.033890933525273184,0.00011452388473462416,-1.2474259276612498e-05,0.0004017304805268296,0.17741044283875257,0.30930451440299117,1.2490771068407458e-05,-7.523603440195981e-06,1.1124068894832777,7.933153911299229e-05,7.860624507582958e-06,0.084073338090913,0.264273760973829,0.11021683229486923,0.0729912808198042,0.00021639105611015452,0.001745179070058167,1.0951051472994633e-05,-1.6978496276132127e-06,6.510271952639424e-05,0.044135754446294403,0.17141798340269665,2.482905742695607e-05,-5.166343688745023e-05,5.741929849860383e-05,0.21429975108853921,0.6721426803838346,0.004830739332273626,3.32079183205658e-05,0.1746423005668754,2.0611790992053347e-06,0.04863793557206961,0.48853750500417664,0.1976722161955282,0.21662706049697178,3.936363895318262e-05,7.098289273660408e-05,0.028599548549131604,0.5540711942771342,0.035050304080890216,0.12270200329544038,0.10204830699292655,0.0426881270952192,0.049556171147243366,0.003372964411833379,0.00012544714213458263,0.2861463358099,0.0008533015345260075
-0.00013294707556044116,-2.2818743369845684e-06,0.13551473839725997,0.0717628463635408,0.01448279309377598,0.0777591754452068,0.19255702871294988,0.03247412295135979,0.5510075200432709,0.02922574504100703,0.00026440584484738183,0.039540568505706,0.172969442670927,0.7672889517158502,0.1065282818178486,0.2722880810463854,0.1251432968627232,0.07646106330592459,1.1233084126189559,0.40335149827155425,0.1661013698652922,0.00014856288540300577,-0.00011183884985180303,0.00010238937355966371,0.23238081261640786,0.6321495523076763,0.691852118327405,0.05299857880484379,0.05969536623952082,0.016595695666787008,0.24043201264434996,0.002430161044748802,0.0759097294956516,0.0047832325530385855,0.035955833628195405,0.170442916227106,0.000785071940747617,0.030657292200317404,0.16791151947492342,0.3096860004493536,0.19197687015866002,3.120996357060257e-05,0.280071859527221,5.837591134058573e-05,1.861270352221389e-05,0.002172823131976198,-0.00044230919096743815,0.20879627429133996,0.021421345721981594,4.77285259216087e-05,6.0735170430009644e-05,0.3340585828794864,0.028706071838803027,0.2854340362766462,0.7757657530816526,0.0004519370553708324,5.143832424880923e-05,9.420915020361131e-05,0.0005003647179259163,2.960257271922284e-05,0.022956803520171598,0.07699542373852959,0.0244423730413596,0.026775908929259407,4.884236579627554e-07,0.00023959313864463372,0.00033133864268503066,0.2533473375381552,3.746652543280826e-05,0.05188298124343238,0.1994604866108648,0.0003794993810168068,8.096756880793254e-06,0.1046828120641444,0.4912458470214662,0.0015803981735331984,0.1345140525474778,2.380628236764437e-06,0.3032499799417152,0.4542580660723682,0.12777388614154522,1.7475074463307256,0.218399727461993,0.9253636446404574,0.48168202008145944,8.009184282120607e-05,0.0006321903354344072,0.0005496882701493955,0.1579217842466758,0.009523361336879796,0.0005150034576067997,0.33852013699896677,1.3270539882537236e-06,0.0785010128970334,6.431483178598318e-05,0.2492181757249658,0.0356943628552934
-5.438415376363137e-05,0.09822238355989239,0.2991249708854138,0.3390908991768278,0.1847748369534862,0.00023233089347560187,0.028434239432988062,0.1839632136151574,0.0038616137266511974,4.965719300198401e-07,0.0031104197129045996,0.0799387642139894,0.02866382736715581,0.2815692695070336,0.1757801843395574,2.094523719720076e-05,2.262246555417846e-06,0.12316722496432175,0.6413226844161946,0.9183558330724213,0.16000202571353042,9.40546759263805e-05,-4.407187238431032e-06,0.490288085021801,0.4849905145029273,0.36052986051394464,0.28904415375962655,0.492808417569688,-0.00014486141566899535,0.009520301933089587,0.816887290626988,0.0006407170159100084,0.1048556545373536,0.19993191864417081,0.00038422808550597765,0.4385302091265534,0.5642998189455211,0.2238323835414598,0.031198743335155002,0.03945461619752538,0.0007824466737367808,0.010218572619276806,-8.771394001960697e-07,0.0002781425790470138,-4.595778191102129e-05,0.0008920210637947679,-0.00017955246482179166,0.5001494037354739,0.054505009299754215,8.077811196605111e-06,0.0023818348633161956,0.1671720089407988,0.0006101764909262064,0.5863846586396393,0.7520584616397383,0.11384308726894221,0.0006833087811037863,0.16991932844386962,0.0576280044331296,0.07793675879969059,0.00010935389648197846,0.6884269504340994,-4.7062400302999574e-05,0.08282540332799898,0.0802997308446872,-0.0002767002407831898,0.00019352515689624594,8.612241514699415e-05,-4.1722598906224206e-05,0.16057276130669,1.792984735515486,-1.803545447179311e-05,0.038814035603048996,-4.646920652759401e-05,0.318897888986381,0.0017730143979441948,0.138882970464723,0.0003255352911253895,0.41283502696527696,0.1403248581728902,0.04576189358947241,1.0029794924568662,0.8224709800711426,0.014577299561546797,0.0418715290749834,0.0004782867041221994,0.012282863360883634,0.004230660188440399,-8.214533908679211e-05,0.01508007644864598,-0.00011963662986341772,0.00022364901443278074,0.4022748835784322,0.1951414886945626,0.14537546123340878,0.7323788181067281,9.689495274720072e-05
0.000624972072428398,0.022394095265689584,0.17857227724350222,0.37356538742204903,0.6525465103315644,0.1590839349393426,0.1751083946398384,0.1273291562398888,0.05719418819253519,-1.33496835045821e-05,9.589447239899407e-05,0.016889057599988405,2.651186145141704e-05,0.11157981634638939,0.7603688609663213,0.015095922821699803,0.0016181892185311852,0.13893949078319043,0.1811657575137034,0.2385448939160598,0.20774040656572723,0.0712505845081392,2.1991320000191994e-05,4.9962185482810284e-05,1.5035857118922966,0.3115724567255534,0.6353053608208791,0.0028207671630949838,0.00017557879663177012,0.32802936450301057,0.0755889284481,2.3177689722209127e-06,0.023393454845177394,0.10250276584745532,0.05700106718029943,0.009763409208739596,0.0059654367110136275,0.0603771365076826,0.13636946912420161,0.02935028416068719,0.2149886584529952,0.08997909908822777,0.17347556710234258,-1.980164589460154e-05,6.333407244879519e-05,0.0004237744190794812,8.140256269983936e-05,0.0050586571945714365,0.14500584136248157,0.00017395647729578911,0.0004385561018765971,0.15721496375671717,0.00020447759992819892,0.2323926382945618,0.03203985868440179,0.0021281911424408384,0.00037277166321381117,0.2190099454845274,0.0005078868019144367,-0.0001260617247546003,0.302986265768288,0.4034532984075724,0.002094932647398018,7.3684210546765e-05,5.936183074417567e-05,0.0013646877512560052,0.00010773256701859801,0.006337283478609179,7.101899112038623e-05,0.015463353339107394,0.5789272655872354,0.003414317377877424,5.778764599501107e-05,-5.0824974399801826e-05,0.10509359532217019,0.00022994074571019985,0.2077804144481496,5.238188677758604e-05,0.08969165208797619,0.15730457914426216,0.00018120034761776038,2.3863890312228144,0.079208065470564,0.5335801199712717,0.19158858623566322,0.5330968040550372,0.23219909232004518,0.004635692407150616,0.046292094582292026,7.291538427500743e-05,-0.000328142309818813,-0.00019966235030544066,-3.7285381328966416e-05,0.061337343915965986,0.0033062321330874014,0.014357571931506413,0.007882964075601628
-0.00016761968026762775,0.1246486560880994,0.1667615438088872,0.8683491909457223,8.648972411040567e-06,0.7673592959665524,0.5785810944376635,0.0444118946717164,0.44633555534029984,0.029091500033496615,4.33267906360113e-05,0.027504331944674776,0.0005531014491901853,0.2102031998008326,0.1652358509551634,0.0915835730621766,0.06790865986107741,0.00936879612276878,0.6457440555740845,0.28679215090541055,-1.538305478118729e-05,-3.9204993139210775e-05,2.323837111541105e-05,0.19717071173990658,0.6662822481674124,0.10985373375645241,0.08409733531142341,0.21373845907749206,-4.897646011620127e-05,0.10652425547742816,0.6034473616011696,0.18556454571418401,0.08755219393628381,0.13209495583281983,0.0001841024828657667,0.0003041879315504037,0.0753880293520342,0.015014873922074012,0.2561102547079332,0.4381805863727186,0.002504913926039798,0.001197071662297211,0.1662365554409632,-1.0423511790202955e-05,0.0002217347952622184,3.90582057940847e-06,-6.041894114117152e-05,0.022101140011344195,0.00010923391524519932,0.0001361285519099753,0.022800158826516176,-5.056085277183042e-05,0.00023341698679202327,0.2573061351697392,0.077130640337648,0.0974255219545826,-8.705521469382083e-05,0.1217319373489042,0.0003362806093523685,3.8771435000029e-07,0.22914152907165058,0.05062431855385721,-9.075809525395384e-06,0.0032200750903231823,0.0006786643683644455,-8.913736923860105e-05,3.4753272024012904e-05,0.3031333884697212,-1.7026541449000065e-05,0.205933253772954,0.6726458049691855,0.355005712245809,-3.454624266280293e-05,-1.4484771564599042e-05,0.321213540928657,0.0007134325709627909,0.07711713879111698,3.4952585354408594e-05,0.23740246941586238,0.012903373571701793,0.13248431724456644,0.24089933829138518,0.05922969805963879,0.0836690909573844,-4.775754129199283e-05,0.00019761649402161297,0.18098033981918238,0.004038250453686332,0.023800451922955018,0.23108288997819598,0.1758022937316568,0.01831784426515501,0.03296627621230597,0.18126199914213817,-6.338524328439177e-05,0.17097937298003318,0.03310436810496137
0.002108994231257766,0.0994895120423352,0.30548161559535836,0.10072726211813143,0.5360935794324018,0.6226771443746162,0.11720040248199376,0.00034473262121019477,0.712349658172317,0.04802884276722519,0.0004313910232192075,0.005665965466410239,0.049616659631956994,0.256206038942805,0.3218405788071328,0.2172136505270354,0.591046569362701,0.2819275210739922,0.6267543086854378,0.265345098939337,0.0811972494924984,0.0016981425194128041,0.6599794180424429,0.00710367807021739,0.34896194121185237,0.4485187870255364,0.10473979808894801,0.15362733217362778,0.0002336854403619526,0.019494536896562997,0.4065437458239962,1.9715216483806586e-05,0.038291600604381415,0.11068322585209178,-5.573501544761661e-05,0.3235353044566718,0.01387278920735896,0.0007411642755671966,0.02580440445599559,0.2787655488989712,-6.641607110940972e-05,0.22236260118616563,2.1178509962416214e-07,0.02710937466810759,0.00035094969336557646,0.0862272082613176,0.1805312247218156,0.00012265515248000014,0.0698823849230578,7.386742941839497e-05,0.00014089540789519184,0.08359810330145101,0.0001237625900983863,0.7164407936243136,0.0950951172665298,0.17290165767114463,8.154733743162557e-05,0.5277941189155788,0.0003296441823571472,0.1270630642408942,0.7206944260058277,0.13518400826774638,0.0004720248500031943,9.616628111180914e-05,0.0008750276497042631,0.1413411074301516,-7.834918897497989e-05,0.366129037831415,0.015640484859840986,0.010750664889002781,0.7284549016015316,0.1195936410843092,-6.75986306904186e-05,0.0772561622842142,0.08434793684240122,0.0016313606552322002,0.36966606302956284,0.04740115671631917,0.005796951762155611,0.31097138749220693,4.8510791131883835e-06,0.8061540582942812,0.002494638296173801,0.1774853168234142,0.125940978280314,3.162942908641053e-05,8.592751650188246e-06,0.0036392790385653684,0.10522973060414201,0.000357811544894171,0.00020813358465099352,0.0658047573020974,0.29050409473723116,0.4343092113506888,-4.5530368179808045e-05,0.304667262363765,8.256593853800398e-05
0.16619195001285098,-6.306825346361067e-05,0.007879111455938392,0.6431001570680255,0.15428081422107778,5.007337968343517e-05,0.10541454978606041,0.030123191156784024,1.1951467853597388,-2.1907974403795327e-05,0.0006753360711921896,1.0409983680625956e-05,0.0006456884316674016,0.042035793641884006,0.006348273388984804,0.2053371008581098,0.1524127867008144,0.00022928449094880565,0.0568021788060562,0.3465112226835674,0.1822832836079612,0.00032898627332195174,-0.0002129488372776267,0.11960501778369398,0.8179175104214446,0.4090950586109594,0.00041575754479322713,0.46778155834448604,-2.8028763670029377e-06,0.004316047492429587,0.7419050698913346,0.0016741911052912117,0.04417796579293862,0.0076759716736710115,-7.949501494874944e-05,0.0016772199632026086,0.0511294781014886,0.0004147240291159926,0.11795453308745181,0.34917368827894635,0.445539086308109,-3.5963176390069185e-06,0.2744492244250136,0.0004823468593831981,1.9423755215575156e-05,8.25153677550261e-05,0.06557989913985157,0.15498726287577413,0.0429491171718798,0.27650935409997457,2.2719953013616845e-05,0.1392196366964884,0.46659540727665605,0.3153572572212578,0.14154707523505639,0.0013086995233376197,0.000959096495133982,0.5089506401754458,0.0011038355532240196,0.10701287398041975,0.7878332348770412,0.5332221984632,0.027799616714543007,-4.538110508800486e-05,0.0005720520690950526,0.016698626882424378,0.00028059067969919693,0.00010472929398719355,-2.4208998498198575e-05,0.1461776825276498,0.593556539188224,-1.1270152072001549e-05,-1.620548041519898e-05,-6.350598968080101e-05,0.074224953979317,-9.957423350193118e-06,0.01369196803512382,0.2442888121412476,0.05884088946020119,0.14546741256942142,-4.7675791818607705e-05,1.3623973790646415,0.4326746631858354,0.5901630727765812,0.010511469609344015,4.6496723470623724e-05,0.25476425036195904,0.009273914532533567,0.0672287749614234,-3.0336500322025728e-05,0.06486996175450199,1.026500686473259,0.3032324378963981,0.002403503419040387,7.206626000820504e-05,0.27917978693540335,-5.3359590518053945e-06
0.0004940201997747917,0.0015224900038020017,-8.782834964937702e-05,0.00021423942814499664,2.7168694275825356e-05,0.24311691512271844,0.0009939967691687812,0.08880033765072019,0.28548055250901416,0.07283468871428261,0.00014002578062100035,-3.099402559977871e-05,0.015235836255512003,0.07560053475847478,0.26763571224513283,0.0539941827513162,-3.8199506763314517e-07,0.065139874943122,1.726124928791168,0.2621705086026334,0.012834090840923004,0.004915461200374616,-0.0001425211942787663,0.0005704179681833565,0.8152035758763151,0.40675625071004057,0.016478678769984212,0.409053222623855,-4.943206794619237e-05,0.4604818151014697,0.18231352777450122,0.13846514132562524,0.013692593424298405,0.220017971323631,0.011499089162215204,0.12408113457288378,0.050980740882797415,2.3489290206596403e-05,4.186986782879487e-05,0.09600505523808162,0.0007616397853219548,-6.453965523939287e-05,0.414052624183453,0.010602683373056226,0.0002712460963761876,0.00010476279018817314,0.35177867931044726,0.03284053932453179,0.1440435326556802,2.142729583221037e-05,0.002299089613182592,0.03315966652233682,0.030541835326237776,1.7353214702365178,0.01855868438880459,0.0019690728764322207,0.009046933880235586,0.013670214947112014,0.0074702124816434234,0.10187496464099322,0.7142632315928332,0.021060570814042195,0.0006056694698795967,-0.00042077774596238626,0.00034061851940259125,0.2346457076124308,5.155010779919755e-05,0.3773095229708846,1.2354563784400252e-05,-4.2500572393799896e-05,0.7747444661711056,0.025031855256458208,-2.9387077279841023e-05,6.1550026000598e-05,0.031060422146728606,0.1698782483066846,-9.375747353300434e-05,0.003237454622429803,0.1210907977994112,0.316203959127369,0.08707637970047044,1.0149943710917138,0.236066210228503,0.6464631926558734,0.04543822226942079,-1.7545128576434976e-05,0.001606306826433604,0.005542727844693784,-9.563977236520804e-05,0.0006061009554283459,0.006990310454749404,0.013186922143126403,0.23584017542763824,-0.00018814361828561887,9.351151607939201e-05,0.43412002209872536,0.09957703557825603
0.3361154230282868,-0.00020303003863098024,0.00010179194456255702,0.23443382081245737,0.075763934519086,0.003571786934786547,0.0013490956763645423,0.0001003496514710156,0.3416194972069062,0.045819157476450795,0.00015251572841279426,0.015015522179884583,0.06629886209961083,0.4136411883219484,0.12055559146662553,0.14276014665146378,0.2752865040448408,0.008450934277523414,0.46687993735364597,0.13620507010937744,-1.2458756366573454e-05,0.17008230826195517,0.00021194429565601913,0.47326924291655703,1.1743524655964244,0.1109225901143578,-5.699428978211962e-07,0.006007115680763606,-6.564671164638325e-05,-1.55024903053802e-05,0.3006810409763082,0.1070549487189824,0.018346302055554597,0.036863763116007364,0.00045069581934159553,0.30749477161296024,0.05663528247770641,0.2281349306842932,0.00022658456712000563,4.47043603337971e-05,-7.707396201395156e-05,0.007626946060258405,0.09440692145997581,0.046013361876395154,0.0025514553721992517,-6.18117696385978e-05,0.2543276872686867,0.13769935193591362,0.03997477997408841,0.16264841983297262,-0.00019510833368957536,0.21748618682635157,7.651051965801292e-05,0.352285880025011,0.07632472353966901,0.011155262089228457,5.220735181776792e-05,0.07260958793573322,0.0001900100049526121,0.015850520855925587,0.3957695320717718,0.3522012625701668,0.0006759764706042032,0.06214727945375778,0.00014719747395181004,0.0014635461926202076,0.00020569562193473168,6.980097849995648e-07,-4.0911397990589515e-05,0.05918756310458059,0.43655577357148584,6.331100886503016e-05,-4.681343892365408e-06,0.0031541530877464002,0.2793721963247226,0.08713281929340341,-1.5985816512797957e-05,0.06988849905677957,0.03867247083882519,1.84589319495998e-05,0.004885139218399781,0.7959667461590124,0.7535749280340422,0.1070695353392776,1.2113959513766097,7.24976287828083e-05,0.22071059226543743,6.748525743341394e-05,0.12732180411933114,0.051483027305146783,0.13496841028360362,0.3976194747685402,0.317466560540119,0.03200157569134099,-3.920378617838782e-05,0.2937538741644654,1.454909828960127e-05
0.028853132621331795,5.14362237280519e-06,9.707354120599976e-05,0.22726903666083337,0.7286843104084797,0.5093817210090062,0.0006109127408465698,0.00012337543711921084,1.0137800078204284,0.0663438692432092,1.6502486650193937e-05,0.017276324991770176,0.0038183911896390033,0.8955513349401096,0.7031191350273741,0.06027966649504621,0.211525870144403,0.0004761136554132239,0.1806413236943372,0.11637701072166662,-7.676333910200395e-05,0.023977128417857207,9.275825091414891e-06,0.0010702238448535573,0.6927754563372319,0.6740177007478154,0.02609409323161982,0.5890036514941632,0.005280779310397943,0.34638997568103125,0.38808325695605683,0.08403451986916616,0.2956290709303554,0.4629541643694902,0.0004922301248274086,0.55087054482417,0.06138965465750218,-6.232546604841016e-05,0.6187677680495618,0.0004979670174546091,0.016538842504015994,0.19104919813689378,-3.1448265803979414e-06,3.372594732042877e-05,0.001865395664654823,-1.0744449198601957e-05,0.00012252820216318572,0.06562624949466142,0.219357544027729,0.03131743850679938,0.04528505006164679,-1.8136431046006374e-05,8.72412534689837e-05,0.2079547488907852,0.0175886669170236,0.01562801711056444,0.0004320889408010453,0.13793797101653998,0.09356166267255817,0.13323839445217717,1.3409680731037943,0.2586729670656892,0.24137626689431962,0.03313320808258635,-2.2915805403200817e-05,0.0236724965651344,0.008565308977071417,0.783721089708331,0.00044473411486462,4.1768147849202686e-05,0.4156329735709515,0.37098604646744104,0.001309274961922402,9.84793784931659e-05,0.13346610395694822,0.002854736826873039,0.0711606201755074,0.0031172936139693963,0.0868048240023358,0.010519453828746,0.1639863990340028,0.9757722255985573,0.3559915237844446,4.215726946121823e-05,0.037954907009706385,-0.00015803170269440558,0.07045018535572502,0.0006445095342393903,0.15403719173405378,0.009412692390952382,0.042188922119907823,0.00021557123608278994,-5.8857965862246786e-05,0.22143976764869922,2.744968203849396e-07,0.2513776925891278,0.027851976895375594
0.1346894980250266,0.1477629439972068,0.090093184016104,0.16035866087858303,1.920393788479302e-05,0.1375618107826678,0.0012325197135202304,0.015559422713640414,0.2194039651338976,0.002675839328550589,6.0905341597750073e-05,-8.406396815940909e-05,0.4453518445512766,0.12290355557330757,0.38072495640613185,0.040135929964931205,0.39572486481759184,0.22065809427577762,0.1352210595663898,0.179647087497193,0.2690624067434304,0.0444072752070262,0.0004670377663024139,0.07818794828867298,0.19469240551680422,0.2601225698767242,4.232140398924278e-05,0.8170543337737086,6.814743003197288e-05,0.0033004334119147716,0.031925103277748806,0.08194844296948059,0.035622206958217384,1.7209196292444773e-05,0.00012314224141557473,0.7321491460250725,0.0462233143004136,0.028940360451846003,0.16982505991559438,0.15035974381571937,0.03879997964210419,0.00032837064677682104,0.5014685094901679,0.1563002660447964,6.671945813985225e-05,-4.073643316979125e-05,0.22463091399104496,0.001215880343033826,0.23181983420501318,0.032380988317517595,0.31456904523926477,0.82917914780094,0.00039714222294640056,0.198239961989167,0.3564698770140208,0.0009506581375613443,-7.331069251220734e-05,0.5586768399433174,0.029951963669388404,0.004072791400555803,0.41098888238783743,0.98044448255282,0.04839774900171118,-8.787013555799916e-05,0.00045571179387993155,0.1017772847661746,0.002759251501731008,0.009456330945256594,0.0004846172360462031,0.0006088790679943945,0.031325187806685195,-2.3543851983776065e-05,-6.4920907986154575e-06,-4.688014480280778e-05,0.3509357477659724,2.932530694782498e-05,0.00027571577019179505,0.011010398940756838,0.03732489420293619,0.09800688871769739,0.006873841457864002,1.3460987632655714,0.38203612189370884,0.00030471084094602086,0.09192634843516401,-2.055008819579207e-05,0.12561113022552564,0.2053100484323258,3.304908672760454e-05,0.01214718209274257,0.4404308679694324,0.5426900091753302,0.06283035129454101,0.147851021714517,0.31763151424378777,0.18051588111277456,0.031450833080285
0.08875169315552117,-1.895897531178914e-05,-3.4620473138569086e-05,0.1168648722403288,0.38976027546188297,0.03470714858676055,0.0801913468235432,0.0981305360052956,0.4609406655207,0.0078857270480788,0.00017906806099077244,0.1502340325175166,0.219004096097495,0.6114482724200601,0.490363253968495,0.14083409241131478,0.3055724684880914,0.39421091403393277,0.07655870139448001,0.05701358743764362,0.31072664662316896,5.0628603629393476e-05,0.0775100264115906,0.0029439635517332086,0.5385113542333191,0.724072284068335,0.5637110473131763,0.29792149382233074,2.9514077233838698e-05,0.061050548241390196,0.6822628547421989,-1.1491571481780927e-05,0.0195272880553152,0.20150803893114522,4.4247707679384574e-05,0.28661637089677144,0.0011434149190081566,0.0023341940477748513,0.016742341984780792,0.0006170769140662058,0.07085509469125906,0.0016189465302949846,0.3960656983146694,-8.178356089455496e-05,0.0001296646880064034,0.00012446908773156018,0.0001458804716963913,0.30101857958627565,0.13852128081483778,0.057018130068640815,7.606192501619091e-06,0.15609015948333,0.0848236927082492,0.08079157744592819,0.16257112965193554,-3.887366472740683e-05,0.09827696307194361,0.15621928526644,0.05956875139962339,2.6845211542614322e-05,0.20067933702115437,0.2383003927111256,0.1295331113919618,3.576681253661396e-05,0.0027112193688816344,2.3263807177598128e-05,3.2332054183820125e-05,0.0168668063398818,0.058272635770903594,-2.9732638863411154e-05,0.21130719647524482,-4.209653110259781e-05,0.006848783669798797,0.025560638237753175,0.410257472715661,0.3274443376119018,1.0740051864799316e-05,0.1485369492324692,0.8524801294650484,0.1048291490676676,0.19935901731392416,1.1824710928701638,0.5842110814298652,0.12418761543080042,0.08502577257948299,-0.00014145459478759337,0.0007261386625821986,0.007666845970238256,-0.00011771957652839671,0.48349578907861157,0.04635656867268839,0.2653141549808502,0.5421109134137436,0.06879717499729443,3.941719928790555e-06,0.5323340603380288,-4.982781836676553e-05
0.09826120465535265,0.19545660504588022,0.0026782505034353976,0.1585722981402828,-2.2945537540008942e-06,0.03450488885600361,7.488586166981559e-05,0.14555916857501822,0.5633531388205602,0.22946273914417536,0.0004525006842094337,-8.765633218615898e-05,0.14801334708375602,0.2295802442362966,0.10768713362131319,0.3235938011299956,0.2518028357308024,0.1516693113947008,1.1098112522633772,0.33895646526282663,0.0017626595009903878,0.00024106126318640397,5.151482125920204e-05,1.295475979558884,1.6461439839060115,0.026487208970442197,0.07480861817678963,0.10039473833353257,0.06787241368587182,0.022790332289671006,0.09671837665372623,2.1782403277215145e-05,0.2641039703305768,0.12519623974945343,0.11298180591347257,9.036817066158942e-05,0.004214741011373396,0.0657266344580416,0.012840184667041399,1.277839002820913e-05,-4.923646558881167e-05,0.00017794471040039062,-1.60726970788172e-07,7.271463355329466e-06,0.0004259211760823667,-0.0002638496105261956,0.01683834328036543,0.002911245986013611,0.0617580245086148,6.926009775976016e-07,0.5567232158276407,0.0011438489670237972,0.0003004422187670164,0.8864655666420376,0.4376765453414009,0.06218164718694999,1.509480610784042e-05,0.1021005350526406,0.0003864794605167865,0.1490484904998866,0.530071769603647,0.565621281147715,0.04869717817236302,6.638704570605114e-05,0.00033666714672220266,-0.00046239158149996573,0.03799133190014681,0.09114351423283923,0.15538933703894842,0.0266519454843476,0.300953537765024,-4.114313514599899e-05,0.0032991011981062246,0.005426194238572199,0.766287948478982,0.001725554786477984,0.016913468993227793,1.096715915138713e-05,0.00582830773495796,0.22590480734039478,0.0012000508169579538,1.4679490124871906,0.005107633539312012,0.005836972843178204,0.10433256501854282,-0.00010350304226336426,0.20795673690850142,0.0011381100465812088,0.08213128342943063,0.6790340748801742,-1.869439761378877e-05,0.1065142732900396,-8.843115964607406e-06,0.2103357174675038,0.07917976234748542,0.309032703776114,-2.1205399313203865e-05
-1.4185707254199542e-05,0.11113649137792561,1.9770043656414105e-05,1.8662035941570658,6.471635478033644e-05,1.2611321046247248,0.0009470401710389709,0.2039099359797142,0.28751128569778295,0.0501777505350986,2.326458543422394e-05,2.805676031741866e-05,0.005666743097166804,0.05910225239128539,0.224446785535942,0.056730144289821,1.073225121217547e-05,0.08078079647070899,1.373569198686072,0.2687914368356368,0.11596782830046021,8.577991858771394e-06,-3.45843810506119e-05,0.009794677177000222,1.1923166324114662,0.44725108623557364,0.07432091608956698,1.0381860698904788e-07,-0.00011481014299641323,4.0260674610992364e-05,0.23106273719209103,-7.29852001989939e-05,0.08198085752957801,0.00837573035369199,0.0001794981301204146,0.0063049567117802185,0.2335621987510484,0.040332895671852,0.024642234630894405,1.8648249766994862e-05,0.03571579037258321,5.378600302086145e-05,0.5318440276160522,0.0219311971230656,0.00021621835623258923,-2.4927077462016944e-06,0.00030515627369176457,0.024267344959215398,0.05821209013132761,0.224979278795093,0.05228704199329719,0.0011258107812540108,0.3878539544523118,0.14661783838787323,0.115897350215548,0.000539491612947085,0.0009183765495224261,0.002959034943297578,0.000787283148410034,0.04153285848639679,0.6577802671003203,0.3810413418198898,0.024732349227864825,9.28944529418052e-05,0.006985504761071987,0.033296235891362186,0.00034471453703618926,3.920590900000076e-06,0.00011408703215201599,0.6612427121358544,0.5710002247290856,0.0006307176853762031,-3.588959270178771e-05,0.0003131524977262323,0.2794475896549442,0.0012731137850147678,0.11699732119818759,-3.683494310641189e-05,0.19284951154677704,-7.308209217404826e-06,0.010827172525777584,1.2783726084922538,0.1473623497879768,1.9393662472610984e-06,0.6687289111536098,-4.439412983878177e-05,0.00249822850300363,0.003830294753012997,0.0002519979946533635,0.3828479348931484,0.3199964864282916,0.18131410356105238,-1.0410629785129188e-05,0.3583086623735048,0.00044200699090179985,0.1912309637833216,0.1641670747713508
0.19898705613215673,0.0938554828608994,0.00030184234508762176,0.05106835431637802,0.21229057213784264,0.24986806594126898,0.06224351744450424,0.005902587875451781,0.17192561527804479,-3.2552887336584346e-05,0.0002784157050695901,0.013584291957971811,0.14557805756180361,1.7245055212385354,0.6213991025723002,0.011428491471436208,0.135311373793063,0.28573668268022145,0.9322685373317111,1.1380660309497284,0.020415338462813626,-2.1062275577993228e-05,-7.15790224429802e-05,0.05686450724205999,1.8552160674792741,0.1159212400109024,0.0644972783545606,0.007422491775791407,9.719361986060271e-05,0.08021410415051301,1.0319227126187602e-05,0.00046467457903681675,0.011829639095767397,0.006576769531752014,0.0188298919190798,0.0005269536850868034,0.0002556613684873976,0.050021876862541795,0.13958801253179443,0.1822191830242378,0.49488606202594737,0.00011396582211078976,0.0032222859723639863,0.0740126114681432,8.493493477718106e-05,0.0003799634985566236,-5.5214869281616785e-05,0.03997916220336223,0.25332157187257565,0.1827823594380456,0.03173711438705898,0.021496835612032805,0.003734873974136188,0.5946341101946209,0.12458545857480141,-5.628998987061706e-05,0.0005258420885716486,0.2793997100373186,4.519451667020502e-05,0.2510552467451362,0.0696529085798254,0.558685853426846,0.001452910862968615,0.04986783869774439,0.0006118652744991904,-0.00010154678076260137,-6.191393124899136e-05,0.2393391240006076,0.0007440370630403814,0.0004037502251595937,0.3509828078946932,-2.2353242232986403e-05,0.00028374498373856527,0.003694852083456601,0.47809260608380383,0.0140633278928598,-0.00013001196329875953,0.3473972832015878,0.03135494000538758,0.17221358765374842,0.38277935507519223,0.2695225662985204,0.2235463127456116,0.043797588776374574,0.35916069751337776,-1.2583761836604257e-05,0.405904961981831,0.19453701166858062,0.050236863067025184,0.002405569205049196,-0.00025139456873263244,0.093154072859077,-4.258915177934863e-05,0.1840196766162286,0.00011700187767380021,0.1219862275713724,-2.8268743520798445e-05
0.0011781553909075981,0.0006178317204676015,0.00016352868180999347,0.05046979576547121,0.2561431635037038,0.3539350093796838,0.0572966267567,0.20206311040620217,0.5643131846776398,-8.285317786793645e-06,-3.7992919226986777e-05,-0.00010126127952861386,0.02539373925032201,0.18071647606267777,7.087610778599984e-05,0.009562670464513812,0.22519212114078377,0.0035852078962061995,0.4155090710295742,0.010397544908996387,-5.5021407816407963e-05,-2.8512482272397e-05,2.34553955310024e-05,0.556942233447422,0.36493621253257097,0.16473149043934723,0.7985117958894012,0.15575584663762662,0.17688588367838043,0.24066990506697677,0.18771454163608559,0.194467861603566,3.064071289539394e-05,0.03387827495310769,0.0002831392726205806,6.411237650941204e-05,0.20797397260941164,-2.405400137239777e-05,-0.0002070758689977914,0.0728427547811858,0.4633638646480033,0.014609001353398376,0.21483155565784745,0.44285670592519766,0.0015185469796513695,-5.141720659695981e-05,-1.7211437654429673e-05,0.14299558287924402,0.0462252315496782,-3.559526074339847e-05,0.0024513411759095605,-2.5714809960802887e-05,-0.00017350472380062154,0.33666942244953535,0.46218474027528317,0.15364117803732158,0.00018157743823976613,0.9806521585884941,0.006244742210841175,0.07020411522593817,0.21313779604058924,0.21555097585757038,0.07813126907979599,0.28416426185643723,0.0007550813078096019,0.003408392082423606,0.0004335341012077776,0.0990110733384478,0.0037067697882678385,0.0013473511725519138,0.009918951121114183,0.05669232971748661,-9.296121862420459e-05,0.05636694356535818,0.1464494686299766,0.33306630844213503,0.29407757599322143,-6.971648289000321e-06,0.0111416396614272,0.305996650893329,0.0004490563469765618,0.9461200311148792,0.5042686118695185,0.7021547948237719,0.1746741111085814,5.687941681986608e-06,0.10044911958350683,0.031834114481696596,0.08589813777550959,-0.00012596191709457472,0.005602307978024801,0.24841052048757323,0.38407543121143595,0.004428022226042216,0.0646339109640654,0.0684489223122092,0.014889798784784636
-4.697469775827301e-06,0.0009196200405102162,8.720827541661147e-05,1.24890163401021,0.000534955542397797,0.483553322572574,0.0006102791536969909,0.10907438900558501,1.2247584815421426,0.0666307441663064,0.00020540276199654262,0.03714425733515403,0.5256584831828346,0.028048770230719167,0.4266875177121435,0.6114703884046757,0.24632101806155,-1.0895750208184118e-06,1.6903778204428492,0.28956093822178625,-1.5889492487819457e-05,-3.147994352040162e-05,0.19951335547320798,4.066798030444296e-05,0.761018593557952,0.3782359713326058,0.3827125489444454,0.08743194551475941,-0.00012177984785077811,0.0378532051193152,0.22220514916640516,0.004128729033950201,0.001452391628902594,0.027313299735263752,-7.578120813039879e-05,0.345637308576034,-5.8594910890996665e-05,0.000952462152194411,0.0876628817832268,0.0005444238168182125,0.000967831267745578,0.015842116708034787,0.03734287441060563,0.13268300718410997,0.00019723930763437814,0.002990871873671641,0.00010350729303465478,0.2717204208224604,0.0586542509560562,3.4698989931775115e-05,0.012053640643543001,0.19394500975941242,-9.008578417862845e-05,0.2428576011077364,0.6310586820801312,0.007614414631230637,8.149730042078529e-05,0.06888821362340461,7.64479409623986e-05,0.127625171519374,0.634838652480072,0.18946187334025957,0.0040961744395227595,-8.891737891941753e-05,0.0008052958053141879,0.0025976642901362063,9.266362569398945e-05,0.2740025743779032,5.02816768823966e-05,0.0514021920566638,0.3131618221536862,0.5938447768950288,0.05775908342708819,0.0313643170261256,0.18914359129210379,2.5264004080594038e-05,0.1625194172074988,0.15105808706216697,0.0010974926184164069,0.0005205877299620243,-1.5604661530999042e-05,0.8540078222193938,0.1396858781978486,0.5394624537219728,0.14422729385829383,0.0015047426938311625,0.3925076758010422,0.019466606249903817,-2.854315214617653e-05,0.09430966519075959,0.00012327290317559747,0.0486530389931234,0.31431328168427897,3.4350588198062137e-06,0.0005895913605644121,0.04071540041999441,-9.807252235261021e-05
0.30106087745262633,0.0011608990125220042,0.00040917454341460324,0.2778496702248512,0.062224166724103,0.456827234910252,0.0017948200254159774,0.3909181187824914,0.29002884669442,0.008015448530589414,-6.85884192000441e-05,0.03917663550003361,0.053690423935427806,0.06884919068749859,0.07145348120700878,0.37301134431796135,0.20324992085887317,0.12109152368488144,0.49363646653935656,0.3214507335903194,0.1195227982859634,0.055533170977512404,-3.3112264066215147e-06,0.02848365817613796,0.078301003039638,0.4206132790673894,0.2163041443300818,0.23680359526014821,-6.724795530800576e-05,0.1428656253815334,0.14705359451760458,0.0008160219936171886,-1.2450562899599116e-05,0.013695500219288781,0.00013212336711887485,0.02479670599014358,0.009628371544567194,-6.488475490940004e-05,0.0571965796049602,0.08635232391026518,0.027275746509804466,2.756647015078606e-05,0.023586815685299606,-9.595082254101883e-05,0.011924363050050013,0.00019615045546184096,-4.685947073324037e-05,0.04686381233524639,0.25391979717607244,1.4004528116395853e-05,4.4576478806235276e-06,0.12567542899026218,0.048853250006796384,0.1254344784282102,0.0007142013475445741,0.06495377378101841,0.004180711512884627,0.24883630609807794,0.027642384748063964,-7.837901954188542e-06,0.08284962557373243,0.20754032075801582,0.000976636675624587,-7.749782164812036e-05,0.003627026085201601,0.0005173937900218029,0.001875755641563226,0.00012277465903359763,-0.00010312385495103715,0.028719547956640806,0.35743609447959557,0.08197413995768278,-0.00012876375160075781,2.000545983199542e-05,0.2887001852904566,0.0008296399410797628,0.03977600147575583,0.0061975549109204164,0.0628958008961924,0.00028058528612981415,0.0021390051860369907,1.0118548841918673,0.12020915497167639,1.0631159296163593,0.5629601963947832,0.00015721057611001177,0.04328276460218039,0.00013031058342238833,-0.0001397062832478313,3.0965100845659066e-06,0.009358329834853393,5.695152606982612e-05,0.43081273601968745,0.00020396908702779992,0.08586197700103099,0.0575195420969012,-2.495716764361333e-05
0.5649085909854785,0.21007059294103902,3.4372807140803374e-05,0.3884333685205504,0.1747764304836954,0.7796069813397029,0.0005891570277899993,0.04994591377694681,0.18529345064334063,-2.4417341286608885e-05,0.17800123668038081,0.024071323143766393,0.16851469831345184,0.3894675605356696,0.447485606336872,0.5180832376199912,0.6030395478172488,0.0329585258128422,0.2042240162086758,0.232624147574194,0.0448545140720614,0.00020197259419779678,-3.885984355900263e-05,0.006411251574892196,0.209743486166065,0.1138644678028384,-0.0002688548700590099,0.22657476122692619,0.015076641937604413,0.06133832272504161,0.5200648298991011,-3.768943588805529e-06,0.046903014075982796,0.012155833451307108,0.08308720440209602,0.066192382040733,0.04540258952414439,-3.124821961442148e-05,5.857756348190413e-06,3.512594905141775e-05,-2.988083949501119e-05,1.9936148278054677e-06,0.032202184515815996,6.165452249423664e-05,0.00011042558841858896,0.00042848734690603685,-7.667372018638208e-05,0.26091732678893775,0.2303845018908686,0.0014734824398128232,0.05904085329775319,0.19226280636837262,1.4758637687795062e-05,0.1899248501227052,0.5551282000268352,0.4562636952332858,-4.59343929380962e-05,0.00025524118361158754,0.0003472733818075946,-0.00010507457416419896,0.2863423508004834,0.6499937805019026,-1.3985866263999114e-05,0.00010785925262540852,0.00017880355341404197,0.013133448018828597,0.028039686090852778,5.3476979377575784e-05,0.00038673153997481613,0.036414581133906804,1.1047956966065506,0.040295623390005,0.00032661679389139886,6.124713568100848e-05,0.01682162633405415,0.00012997024454140804,0.09104697374547821,-2.542702515478945e-05,0.25417373463995896,-1.7469077184195658e-05,0.4406439025272376,1.8273876437906433,0.6393588349490839,0.07329697993304862,1.3482235889927807e-06,0.00014168037178641235,-2.3960147844226398e-05,0.002364086576299801,-2.4824411317625472e-05,0.038464080500384995,0.36721727960485817,0.16456585036634241,0.002236512343571806,0.0004669311967477885,0.0031832183135415693,0.1259055487145922,0.011469458354004813
0.07358569574623819,0.06808039314627638,0.1761861212540868,0.9614332635813625,0.3217496569098546,0.14386743820652842,0.0009856028389605975,0.12215522621916641,1.144022925901091,0.015364089454630803,9.2376221681012e-05,-5.033935704099046e-05,7.717567007237136e-06,0.30497573083816243,0.316480539411448,0.0021251397203604083,0.10068553102866981,0.0014259803658947523,0.5045037888671295,0.053551657909121,0.33123021051736623,-4.732134674659272e-05,0.0003116098429910008,0.0017210798993922138,0.2395909360581978,0.502728653028649,0.005850880866438202,0.04336144486924062,0.00018678495707297182,0.00242447933841361,0.5006866849904992,0.0014601458074658125,0.07107987661581522,0.7262003001941416,0.00022868912125700858,0.36375088484420204,0.2525006242275616,0.006404534837966394,0.011093527236868794,0.014291919968936195,0.05979667648347481,0.12579952340536,0.6497497368795775,4.221419994399067e-06,0.0005113576036491763,8.394378464060548e-05,-9.64379731202003e-05,0.1539916369899496,0.325491063961323,0.17384904845896337,0.0016482289228635927,0.18431848370034143,7.16918494659824e-05,0.17535504159044737,0.5534491150965875,0.08530968625114402,0.0023482376092661683,0.10616210139746063,6.34242063606294e-05,0.0006337103656479937,0.2561024307640386,0.5552425002167134,0.023494852809877398,-3.673504681017681e-05,0.0017063295568039427,-0.00013782230497139114,0.00023951243650038867,0.00020680896901839607,0.00015035214873021507,0.1444442166910084,0.403259640856616,0.008556477710671001,0.0004718113033314042,0.0012246276893075891,0.280815412546087,7.979945661401588e-06,-2.9846298528396487e-05,3.061423543279651e-05,0.12719513259355184,0.01635425319232399,0.005970351109770011,1.4181030295304045,0.0575508719618292,0.06794496784467358,0.2151390643293768,-0.00015480604890960592,0.0021110056562435864,0.004779311317249568,3.302142747219072e-05,0.037960219408836204,0.0004968717515789756,0.30059827466509903,0.18721224500905737,0.203302587356753,0.1944553193769202,0.9283375098596428,0.13555566757721577
0.6627308412983567,0.07236531167429859,0.0499163875783874,0.5998666997361118,0.9276735933197356,0.053253291752545395,-0.00012975985175867066,0.0885779249931128,0.23806258363607824,-3.9078997678410055e-05,4.100145365515395e-05,0.004070321511395997,0.02758818626845419,0.097360853936442,0.423111017789383,0.21421684670451122,0.024230309052693605,0.5206690903582708,0.4079280116581844,0.1830209897612242,-4.919460309760204e-05,-9.166587527198455e-06,0.0010142230001842223,0.07954606732833602,0.26838126668012197,0.0935749879126656,0.18276109232077936,1.1691185494627048,-2.6634434111216798e-05,0.2985131341239162,0.7873381821600907,-5.8980533062996665e-05,0.4603799848276332,0.06897325418087497,0.00011772046368119238,0.00042772944734570384,0.007948908216559192,0.03883812313748161,0.00044421440046379934,0.3662517556679782,0.13651966613489258,-1.8820708785005635e-05,0.08737429848942999,0.036609920919073974,0.003950690821129421,0.007543556351102987,0.0006053565468715771,0.3497759123543207,0.4135918727711596,1.8385516245805755e-05,0.0034914229311975853,0.16190709410162518,0.0823984384532088,0.2027360726736972,0.08122368642981179,0.3091968663383346,0.0006043667259434393,0.5087579853863817,5.21964868858138e-05,0.20891328030444517,0.554291525655047,0.6778056774014414,0.009404599014826986,-0.00012765701808481467,0.0007981488783695978,0.058936597773618205,0.1266354599422556,0.1428609003334472,0.0001510444140541689,-6.698668839438815e-05,0.9400416354484847,-2.9585325975800547e-05,0.005246980886711411,0.00013977083922456224,0.07957442615383398,0.09196328070399198,0.000866074426485397,0.0020025787201075895,0.2774038488194522,0.12450714522416562,0.22820079557075243,0.5041076799341222,0.2687344520283854,0.07008780409621843,-8.534305609791959e-06,-4.303822824902603e-06,0.088796390901564,0.047176895823370396,0.0853872288112362,0.7798348834931589,0.000585208258714609,0.07892942512778259,0.3197171403239226,0.23425181255070437,0.5045517203231386,0.37118676417813656,0.016077670866955163
0.00010942291235299662,0.04517944724417999,0.0001535736222849915,0.06225114001092258,3.587958442574646e-06,0.41869053150964175,0.00039378316356442067,0.0031111312557449977,0.0741890003689436,0.00012338435647701873,0.00024545870953118776,0.0667633738928578,-0.00011835005788379815,0.354124493440568,0.389411970891749,0.36242508035337573,8.97094345198024e-07,1.910348784023297e-07,1.1275134956852653,0.019662855450994415,0.14158201003540838,-4.523774945699999e-05,-9.498137146579655e-05,0.008514301049157014,0.5653729213263524,0.13203716443200342,0.1824758816264816,0.38925131086850945,8.816833856559181e-05,0.42466570165857376,0.00323678920412121,-9.814664362395309e-06,0.06138809516546141,0.00868646060885958,0.00021198479095263512,0.41532928963681987,0.0008083119664847871,0.0350300303199636,0.0630510118711774,0.038662030312180184,0.13653351147874118,-4.6966873757797734e-05,0.176419783567281,0.018574466001036793,0.0011831517453571028,0.0009063895153488266,-0.00014100146562978644,-2.7925002976991742e-05,0.156716771862733,0.00030498216552576896,-8.61050141620634e-06,0.13220720293894095,-5.2498046837989865e-05,0.4981418831906342,0.14427843671569607,0.01780338740371462,0.005788595867525198,0.1611123697999872,0.042787268731259764,0.038109129967765415,0.9327175784670265,0.43537335322238085,-6.955444827579788e-05,4.579650743639918e-05,0.00033984801198405634,0.0019095998137236003,0.0007636935141114298,0.00015323097670980057,-4.087263767621474e-05,0.14416076477359463,1.1922482084820973,7.380001153081683e-05,0.169029079175289,-5.3917622172008906e-05,0.08111859146310241,0.014144016468495613,0.069264683729919,0.0009648205699907542,0.006090005000027793,2.2123185558498015e-07,-5.46484496226074e-05,0.739585945442628,0.029532006570689995,1.8796955045391472e-05,0.1579683918392854,0.00026032058360703214,0.00038868538447497936,0.35695305209420336,-1.954837611600757e-05,0.1252225910439952,0.17304707565913022,0.3966340760042282,0.20067186802237763,1.0213755220563763,8.783260206463028e-05,0.3666966781983134,1.468600970680467e-05
0.0004663732091682027,0.0784838746877684,7.061615120840248e-05,0.1189858401122814,0.09862890862115642,0.7875724563845664,0.40854057750814476,0.0002145221932091934,0.15897483900345338,0.0005038889291782006,-0.00010419369819320012,0.006536820386602998,0.08684087764475279,0.25307904410529714,0.06565345648477222,0.5102830154726071,0.0624184825180186,0.3124698699272096,0.16542774548334477,0.12214367978063623,0.12215631309326277,0.39342888752730876,2.109605253519664e-05,0.002668716332990817,0.47223270351933766,0.4163237214781112,-3.285664761931706e-07,0.22763850902636046,0.00014629977974180142,0.4968414826979378,-6.278026788542057e-05,0.1562362673981444,0.041419184920133384,0.5414136013040324,0.00014243402662339477,0.09192456454795539,0.00014557300214501634,7.910094980778659e-05,0.17489947897972719,0.02281703497292381,0.0807889096153294,0.33142078792021656,0.2630743228119532,9.250311458799954e-05,0.0018437377985119907,-1.2891312866247784e-05,3.344877426147974e-07,0.13741843618339522,0.0002768757328389937,0.023136061887853443,7.920717869380756e-05,0.06354639702922382,-0.0001482823318045834,0.9175943490333092,0.1842637082208258,0.00033752878877718606,0.0003851799605398831,0.3470569294189442,7.659598920581323e-05,0.02917008832693141,0.018638891852622796,0.1689251786534518,0.1155594373480596,0.00010911468631458199,-0.0001027600268702078,0.00348166708377301,0.144091823418581,-1.7511424669200415e-05,-6.38563390681357e-06,0.02232449790962701,0.002057997912918802,0.034872116138760206,0.00015320716466882267,-2.5102415494998587e-05,0.23491706989794736,0.0559459630849688,0.0066324041398186095,0.155344630466507,0.2920737780578298,0.00034238736938818626,0.12442552917481156,1.1583885243139416,0.24261087796115358,1.0333151192469496,0.2251952358013846,-3.3970278867645476e-06,0.11424531825601078,0.002438343260311615,-8.532382229359259e-05,0.08950673610218518,0.09274136586041479,0.1626160549429138,-3.0856084871855316e-05,0.29549177668240134,-1.0784852638195952e-05,0.10426242024139465,0.012097375755832598
-0.0001243771128168758,0.0940451361667726,4.005709077181674e-05,0.062450125707399995,0.7747579322917292,0.849400915959586,0.3136873217038532,0.0002777415187193988,0.06277312304624,-2.9063474472013073e-05,2.9303929388047045e-06,-5.777668248979628e-05,0.10317494278463696,0.5012983653846441,0.044128502689906,0.6046986253113408,0.1071970862347254,0.06675493078067762,0.6474463551790558,0.17716493635329156,-3.9444525724630086e-05,-7.615191471499472e-05,0.21837638051354918,0.24986940906186178,1.9100776991616657,0.3489977812579238,0.1362970638342354,0.466493869004377,9.730886689240936e-05,0.03609514558313198,0.25030560051807016,-9.058810825579577e-06,0.0836038795423304,0.0719482987833342,0.00028018858506639877,0.000247247006710416,9.30838041621751e-05,-3.646517949601469e-05,0.0030432219816128037,0.09285896462620521,0.20526509020423922,2.7079191850104545e-06,0.009090535113947584,4.761506258960102e-05,0.0016556810335197625,0.002147280822334008,0.05928519788545594,0.0017936889485463958,0.0718109046883474,0.11743345368027219,0.03594728813846501,0.0468165715909864,0.079999223726445,0.4515946402022475,0.2702054036470128,-1.6593730342018276e-05,0.0056637540174839796,0.6459695141175859,0.0006056898924634013,0.36061871659553196,0.6105629315878107,0.15984291670366318,0.048050143152020997,-3.625877408158784e-05,5.376715523242037e-05,0.00042523850995779267,0.0007600616646445957,2.5380063796986985e-05,0.0005274713242603979,0.0953898011058486,0.6656445552069566,-5.328502475182573e-05,0.1605805061664624,0.1785463043398694,0.6716792051290275,6.0626781703376764e-05,0.011327478328400808,0.08950817381065482,0.043408298512564406,-4.281639688119565e-05,0.16324936426558823,0.33097937506242736,0.3073941303504192,0.47724343972187955,0.00019994720365318353,-5.2599291225419176e-05,0.1156488819731824,0.011371467031043025,0.015946116220334816,0.07024961574618521,0.020845543017612378,0.09507655777695961,2.8015370048817267e-05,0.018831760789360608,0.0001528813085864278,0.0473206096477278,0.1233682366867146
0.0007888572934331983,0.2397464009924532,-5.9954827714009395e-06,0.16169387544550923,0.2592363201103354,0.07736246141156661,0.023375851172173,0.08650222150183959,0.28041018241953297,-7.627469697882305e-05,0.0007539364914119773,0.026426325382440607,0.0007800036118793541,0.1869036212209378,0.697706231002184,0.09029799813120118,0.42509501697260377,0.3858762409190962,0.8452487525911965,0.3026635728790398,0.07895076026652337,-3.310940029199738e-05,0.0011802141115293957,0.344798083632884,1.123246703671027,0.21284102214037037,0.01294119665559279,0.0323228291894494,9.497710792599756e-05,0.1315890560755638,0.022565613817049607,0.00023483591745299126,0.020026377720803956,0.3817173066983438,0.0021870885334527856,3.727923874496941e-05,0.05367644656005699,-2.9821394323947814e-06,0.1137556971751228,0.022785374610493014,0.06326724211234479,-2.821250769979855e-05,0.8415829829688336,-7.020679651609241e-06,0.0006199951692271721,0.09883664561840502,-5.781172428942494e-05,0.15871275822446018,0.2493587155465188,0.000629158859874801,0.00031210075897020184,-5.431021363661026e-05,0.05940340798309898,0.8325611649746477,0.1564930575944874,0.09696356056057176,0.20548447889161836,0.21785905228333619,0.0034972610822746053,-1.946079442499693e-05,0.39150836836050895,0.001536150707736994,0.00048800330254319957,-0.00010964634266957818,-2.6961758790022827e-05,0.050137096330937186,7.304315846334841e-05,0.005786405170827999,0.0004538486933002017,0.0015344551556120134,0.07612916613591661,0.06290240158867699,0.0012784770107541754,9.108285693079643e-05,0.15162806492268582,0.21970585383415459,0.22889189660926418,0.06375093874055998,0.09044845705769677,0.05105824142838622,0.3218560792729042,0.596131622247472,0.1667112534318942,0.2356077667410466,0.13793240186548522,0.0002916728657798018,1.895194481721374e-05,0.0106526149343672,0.00013892807208598645,2.5151856311578236e-05,-0.0001352124167915969,0.12281241122373401,-5.826686817161919e-05,0.1676639149587794,0.00024614843642656314,0.7438213631529045,0.003268715708223402
0.07343691810074882,0.8433540490523944,0.09490209940258562,0.10713261107050917,0.09419900418786081,0.8289962988691397,0.00405697406164221,0.0055206643051132,0.9549832895122279,-5.185105228200371e-05,4.891131977080576e-05,-1.172295882040375e-05,0.5608598335013756,0.6015143987389702,0.0011901534480396048,0.10606626985169401,0.5239521239744491,0.12262138499426259,0.9719313831221653,0.4174019662136936,0.26001357403094083,0.030605091784996,4.396430901981718e-05,0.2214139741479412,0.2890737980281208,0.6871948512529753,0.18931695945870763,0.974502618441275,0.0035957467676627775,0.12981430493177398,0.1819286386209114,0.03697832410605542,4.80541339319962e-05,0.023876157687909183,-2.0316316522606126e-05,0.477730343826685,0.2962120486152674,0.14232080491253857,0.2465884225036578,0.09249723751211,0.005018361433129004,-1.697730150219956e-05,0.1865239398840164,0.1938516099930196,0.0005024357982977845,0.0008523112941021815,0.06470470606321799,0.0009135331623476017,0.08764761956249881,0.00017628836249659885,1.756028209903837e-05,-1.0158885751399005e-05,-6.581331176380711e-05,0.6312611602260338,0.0339082161450886,0.3837348643228804,0.001004682162798809,0.2967902742341432,9.803788463941254e-05,0.03707722151009801,0.2311090383070484,0.1477884805615442,0.20543878547482758,0.00010321373389876598,0.0037588544796941514,0.085926078108647,0.012346032387320183,2.444661234002332e-06,6.487549348302424e-05,-1.0698719269203183e-05,0.10167824547776116,0.19866512315183138,5.778358751218349e-05,3.995618884899965e-05,0.05924276373607301,0.011726720162454185,0.1714480125983598,0.011132653456496194,0.012421091981259402,0.5080912461704736,0.001059764317032641,1.398715848725557,0.8602840298576153,0.14318650476257758,0.08646707834492978,-0.00014600026075728412,0.10381566106989362,0.2533678541341608,7.240014854015264e-05,7.656562123492527e-05,0.028135916763209187,-9.475020203986162e-07,-9.867004888364228e-05,0.00012072623106662572,0.00048011204180320455,0.06790504863982938,-8.686601850560471e-05
0.0015665834817290003,0.01978437432013,4.051876970398438e-05,0.3143853506711157,0.07795810930607,0.13005453660285918,0.002916045686771007,0.1593178587340496,0.0038406326508342026,0.043601495352708006,-4.9303667803396456e-05,0.1064299947227486,0.00016139314125901416,0.38774225641628735,0.23127319057309004,0.2444002466626254,0.16570777625948396,0.1573761662762616,0.6197386265535145,0.5036029271150754,0.003608507465627797,8.622561429039166e-05,0.0005034725721190236,0.0019962426481684448,0.6570792767821816,0.6346381745509551,0.1697443816831422,0.06299937888410442,-2.679496196039688e-05,0.15161191377141742,0.369716230795486,0.0017751212298092178,0.07225999369285378,9.752608553326159e-05,0.0006769101122335863,-1.2944232340383888e-05,0.3958913778304138,0.022008728326418175,0.031891810606272594,0.4672001520361402,0.07621382314888697,5.949741642807815e-06,-1.331976868190754e-06,-5.375448632538582e-05,0.0004807326411699897,0.00029230028520599305,0.08449730241242998,0.33087383903088263,0.2104340639668702,0.10912332299100361,0.0005784532465916148,0.29277313195297255,0.0002858080177047806,0.3989076884299684,0.47753763058312615,0.027239952278414803,5.1402185895499386e-05,0.3130109291893696,0.0003957302208937863,-3.060535400761788e-05,0.09409530402494659,0.6838038084751986,0.0048082229972332136,0.0003930555259003543,7.014049187420435e-05,1.7482307143795728e-05,0.2181373287820066,0.07561486685488181,0.0701233224850652,0.141844247130123,0.7991138833215924,-2.5589826982419517e-05,4.819941055481114e-05,0.15934691733310058,0.48861935349928537,0.1136539507593938,0.0006106442183397842,0.3690345195141348,0.1831442798144312,0.0814263931020778,0.04211843822449779,1.45570050900747,0.76276274606158,0.5119110168396181,0.10501577134305398,0.010283435653859807,0.03860123289262361,0.0013019649636336061,-8.49510274126275e-05,-6.924967779681213e-05,0.0021368216135723983,0.4484105292110712,0.711309481983604,0.05700188622274582,0.00020595479133661554,0.0024067950137796057,-8.169387446999021e-05
0.00520221184986519,0.0011144414778331835,6.928662496219484e-05,0.6744987348839152,0.3548804033170384,0.003516489179061444,0.4130702358406468,0.3472341764737964,0.5286252908170148,-5.291648304001084e-05,-1.7234845316793646e-05,0.07171362287468319,-0.0003125630319879835,0.13873162210028497,0.2552617915850308,0.18625858449732458,0.5445970874798356,0.15484535615153022,1.0272741866730715,0.22183032868142663,0.19151104111579303,7.330281603300237e-05,0.0008670812273019468,0.6325561345136692,1.0410445078322887,0.15868178402599398,0.042442472276615184,0.06372821512476759,0.00013818433485202064,0.002128022243623587,0.5174857135615722,-9.718276764375533e-05,0.2523652263643084,0.029847918816220953,0.021100696857693585,0.0844703386375526,0.0011073604429585604,-1.991846842261391e-05,1.1554487118980994e-05,0.05138513524406457,-9.925956255557589e-05,-7.984923341020078e-05,0.019746454696023985,0.299949465379791,0.013570323758452019,-4.865581022792109e-06,6.958614264840346e-05,4.599247015124597e-06,0.13926796198006242,0.023379143531909813,-5.8272860782249136e-05,0.00019109414058360308,-4.912803265100241e-05,0.8549757920572705,0.16129881516434919,0.0017910119707618133,0.005157079236721818,0.8917945032749872,0.01781574482318382,0.1047083829776132,0.4338777188621322,0.0008500434952082025,0.000305809365015397,-5.9775788069593716e-05,-9.00061051997969e-05,0.011156687208786598,1.6762205284404086e-05,0.023945210942886597,0.00042406038698239445,0.045700964071186,0.43276189227735395,0.1362549011110164,1.6789343048217997e-05,0.23057203039395163,0.08251928226591759,0.012604271581996007,0.00018831576136880274,-8.646537933981735e-05,0.004302533111809392,0.2677851333718032,0.002349741316697601,2.274782230435687,0.1565840206491766,0.2372581411467438,0.04000388947411379,4.9132756667791266e-05,2.6176654773613084e-05,0.0014039410424172005,0.0005955870069278002,-0.0004901303868427853,0.0005861879817076199,0.05204220347648725,0.1171424022064134,0.1305756921821114,3.343772295259784e-05,0.009520733589493402,0.1976073168337076
0.131082357425235,-5.493903786013554e-06,0.035180770308815404,0.05983141893957741,0.2537250643059482,0.0013164515844590052,0.1348809099842846,0.0567303818913386,0.5396551223749058,0.2602253955279408,0.024448527786796792,-6.091818764741852e-05,0.1928832829879392,0.1675585424202982,0.47614200363911385,0.19700724972179337,0.0007940330535946005,0.026878083150871618,1.3006716454599097,0.21854802263533843,0.03045468344893218,0.061093512432673,-2.873012406978681e-06,0.45744569563640103,1.0931068796187748,1.0099222707486015,0.17300500453945955,0.8114314354548045,0.005857002323757604,0.12412707930294703,0.2396248528200574,0.010408560641526593,0.130264543338777,0.0014463341287793696,0.0886276140482044,0.32139259015174515,0.02418279376377938,0.19903059454815059,0.007449736633177995,0.03882085286337841,0.012482794869462355,0.07749789718370662,0.28405254904992006,0.018442241112302804,0.05334475445289702,0.00014144412879280033,0.01989178424652055,0.15260541162961921,0.004422117054739383,0.10141749228480643,0.10076887607417018,0.02535923107967597,0.013311836984361392,0.003340701425097403,0.08960802896154041,0.07678504908524558,0.001313661262168031,0.5272720350826102,0.0001374802648324014,0.1143460972551276,0.3511814267987888,0.422987343489342,0.0060239935368494035,0.0003361193533248097,0.0004022183906983168,0.007716445122695592,0.028725485066453206,0.0001606521771791991,-0.00010525153509938212,0.000722088296942397,0.1796284872731266,0.00023156630976760295,-6.27459447821721e-06,0.006536981569683402,0.12192287567531342,0.3492568848925366,0.04127055632601456,-0.00011306658731619068,0.7611443755481536,0.0008049940120409826,0.0010647558305421634,1.2326390380406993,0.861062483045444,0.0563347355017918,1.149847301901242,0.21896871071363258,0.2243550250881124,0.060839349262280795,0.0002514048781945277,-3.420332041498275e-05,0.017271873005365368,0.1344125527472114,0.0018424564855037406,0.024244155886453206,0.00026270670378641947,0.004914664394001206,0.02406151521378999
0.13262328281441493,-1.3461647176388203e-05,0.003105707134856195,0.22460661285347078,0.42142994063459654,1.1018909892877733,0.06920480235099835,0.009216703492246597,0.2722153047342504,0.1983765868611298,1.2550595818172638e-07,0.011894347714538997,2.440800202219151e-05,0.5503646023071065,1.1851247168016026,0.14635863956808298,-4.416014208002972e-06,0.19862343655378262,0.1887940788394234,0.40296041932920257,-3.6843956019438906e-07,3.3833295052576595e-05,0.002254351606843605,0.466121322493473,1.3173933974610654,0.33233563597769483,0.1185519205526504,0.3090932764145748,0.0007121661242019961,0.2360386285597584,0.002046550333555802,0.004984521922491408,0.0008395670781072007,0.008791962696695799,6.696632523900403e-05,0.0990465984645978,0.11202570410287044,0.05742407176296899,0.07448910709220699,0.009513104930625377,0.4458079548464374,0.4137005528599318,0.157184449322287,-2.1402215429788818e-05,0.0001022350064919797,0.0003732064114105871,-0.00013517124918879797,0.04967096798587142,0.1580886040505134,0.0301934796617416,0.018671211433881202,0.0440328304210032,1.946671878094719e-05,0.330868044234276,0.5317088751099754,0.03454706673497199,-7.575192181041857e-05,0.3286857326525058,0.0008194840441564377,5.484185497700578e-05,0.35409227006487043,0.4466960339018358,0.03797237021332078,0.13940951665873041,0.00031273917322760525,0.00013547526898857742,-2.9593705359820532e-05,0.6888160823564884,0.00011673003480300315,0.005986525605982396,0.42121372010480995,0.2048408229798456,0.00013255821015500935,0.0004861149725441938,0.048839219152307004,0.2071012965358604,0.0028378081290270085,0.0011942916323159913,0.294625325815454,0.603754313220856,0.03311868532095341,0.9552105190680993,0.16948275683369002,0.06600668356180017,0.03806912472794141,9.944740865786006e-05,0.1196736137521372,0.07847791298091081,-5.063621294898457e-05,0.11169791698309897,0.270961989209843,0.09984533949284419,4.747425848855569e-05,0.13863894874160382,0.0014593732719870023,0.21244637086740736,-3.982354659939902e-05
0.001994443624862341,0.0455573810652706,9.39536226572113e-05,0.008288488030068014,0.5339722691270536,0.4291837545287076,0.05487315207936083,0.03639318609690381,0.30227344426800695,4.1972264480660826e-07,-0.0001209411723466225,1.396796550201529e-06,0.001015413997940362,0.03264102661571941,0.42706992246125,0.16816781358482202,-7.966274098991644e-06,8.215319019511114e-08,0.566966920690223,0.11200424174780477,-2.5502736037796847e-05,0.000594784924119629,1.657204206718943e-05,9.307918819240202e-05,0.336266569640829,0.07718038683741558,4.30142502172437e-08,0.5912142389317686,2.5916870039638384e-07,0.1111991041084964,0.006088341264929215,0.009281796719481192,0.17943959509587198,0.8751336526112301,0.007338412938527994,0.009463337776182787,0.0002970505891004005,7.244656295007923e-06,0.0001809958675738077,0.1523467334534976,0.0788335201163588,-6.097660419923656e-07,0.00046553532072099446,-0.00015001906660142006,0.0003803438959923966,0.0003213871827937864,0.04589355453959976,0.0341061270671702,0.38514840003353457,0.11887001723887358,-8.284840299779828e-05,-5.55316476925638e-05,-8.126425613677601e-05,0.09266525839399439,0.1366839920887098,2.2695601127609155e-05,0.0033650623563173943,0.37630611118746027,0.00024370733736017725,0.1423401731410868,0.0001289821989587936,0.7900928783023942,0.022394182190166617,0.00012914824203241748,8.754326023518999e-05,0.0038714975216347924,-8.142887524678621e-05,9.835032602212301e-08,4.4619602792006496e-05,0.06177159571808441,1.1685143326278893,2.6436233261400988e-05,0.0014165247315683915,0.02984715573543538,0.5109690213408988,0.13031369295446898,0.005913095484027409,0.0016026590472232316,0.12323202885548698,0.14743695067979062,0.03359229765183981,2.12944283235929,0.0009790504958328006,0.14835298074697623,0.0297623744279972,0.01425186743273077,0.04595782955789521,0.0002134489846133958,3.877060884180383e-05,0.0190421743740552,0.00045716444606722084,1.2122799327385358e-05,0.3492967091850246,0.07697338242875817,0.0005227820115385889,0.5813394992707682,0.034555974074251206
0.0002861689074340479,0.0011956899738536086,0.0002102528167812201,0.12578908609406336,0.7582726135116646,0.16581228932745543,0.012388383131842429,0.11394226212051499,0.04613332522038521,-1.582567841500182e-05,7.482235494959966e-05,0.006452678059983799,0.06584674680096461,0.4298991820097946,0.7761287939402716,0.05241861084214321,-1.0847847178863113e-07,0.27144244370594806,0.10035174609418619,0.0766526248093024,0.0065747059714618,0.000529297628255404,9.658994523598086e-05,0.0018173708313808934,0.043844943734723224,0.348516416677494,0.020233212578497195,0.10852897741531298,1.6172148836396394e-05,0.22962586463699577,0.0005044803257838043,-9.597255727816778e-05,0.35671817240588677,0.00576137869700738,7.797461714520448e-05,0.1505186447442896,0.9267520544638861,0.023283403796963392,0.11860583725983742,0.35393511343100764,-4.895848576619288e-05,0.00011800267171724332,0.006206121600270592,0.0917706071291656,0.0002626482508186201,0.0011077702752954055,0.00010715116227721921,0.014450861127843995,0.36595898314044445,0.006131597196313399,0.1143209133860328,-3.2124604489425224e-05,1.1393841699563434,0.0688528128009962,0.16326889769985498,0.22992877641461182,0.0014236770488784134,0.050651137280060765,0.004864605577625802,0.05836387965924339,0.5446874795881689,0.290323442244205,0.09099737518000421,0.13121605004685197,0.0003695852042595871,0.037178373300472405,0.0005702254431936282,0.025345601053640213,3.710483837859879e-05,-7.958055450299484e-05,1.3372239231396965,0.24139707161019042,-2.287411630996772e-06,9.948322727604264e-06,0.0672048903374976,0.4620387687940368,0.065637255857073,0.044192086039133216,0.38506421532991,0.38679840038234214,0.00677860093560223,0.5965729955205785,0.8194575357925302,-6.20760651290353e-05,6.510563453909768e-07,0.00011538665093435707,0.1547096220631456,0.044415886336146404,-4.5991728429561896e-05,9.817528954658705e-05,0.0005539439620683706,0.08637345952644779,0.30419983735531325,-4.6079390680797694e-05,0.00026505987261821184,0.14994718114677702,4.818488748337124e-05
1.1061330054870782,0.00012434338765780761,0.2403643306686296,0.93797903575159,0.2026971363279158,0.4356990523232986,0.04037914896194861,0.2098659865407918,0.21531355805505276,0.03165335543141019,-8.630815631283095e-05,0.0437861932201212,-8.755942865756872e-06,0.0558086264561522,0.5417378292390453,0.0212600761765884,0.5020957709469712,0.0546740365229928,0.20087247676753117,0.2152701702300232,0.0007135695443183931,0.0001549463634685777,0.00013334246627400015,0.2351514687072478,1.2918238452925026,0.1885636946178538,0.23748571779016736,0.0002960380534326179,-6.136349500923677e-05,0.017125758799876406,0.173014677294906,0.03383878708882579,0.00017616676782197804,0.0015518426408461794,0.11224015705671059,0.004395321955762602,0.28507880772572897,-4.927011024220829e-05,-0.0002698217801171965,0.034548093297812416,0.0004392509291096247,0.005857722906058405,0.12497202752555042,-0.00010302528484296136,8.930724073280549e-05,0.014492521523141622,-7.88442296054126e-05,0.03991957607054719,0.006549223512042596,8.897365618817932e-05,0.002032070855278789,0.008198305213098611,-2.4755287191979836e-05,0.5376707683309833,-1.4920384722172386e-07,0.032334531061540384,0.00032833816208938105,0.1850536421427146,0.011824971332369982,0.1316591466285706,0.10981127773998642,0.5560797307208052,0.0017637854857083801,-0.00011981697909096978,-3.776144696099326e-07,0.0018282522787866073,0.008008464779644453,-2.2589469013956087e-06,-1.5307861045310567e-05,0.418249928194785,0.4453643165364984,-8.022328543760837e-05,9.322351932478101e-05,8.513996886957975e-05,0.46427403580884324,0.4563179041121514,1.3677359579578052e-05,0.03640929914870156,0.06532864503149541,0.0006958196152715979,0.000313832890794008,0.3148973058045798,0.05267279922206619,0.3789102532599722,0.193261103172583,0.0077124273512022,0.0017995951970586066,0.004822371254238206,0.05206480084650822,0.16617343565716558,0.607671421026055,0.04478988654157076,-3.14907906340256e-05,0.17247015115813003,0.4117804604921386,0.18928027232729394,2.6370679441417577e-05
0.0006066609906225651,0.41527247121845223,0.00017515440097642943,0.0659997444845134,0.1307227209434672,0.538004121014003,0.24186000032287736,0.06377474617298001,0.6684945450508202,0.12340126108069699,0.00024406022194123356,0.12513849270795,-0.00010201218718774996,0.09209729248450019,0.20426657727341163,-3.0260567007417416e-05,0.038787247179445594,0.2573595266006064,0.5488209324484495,0.19293862771138237,0.08728149740961841,1.5433703516809505e-05,1.4853890418012328e-05,0.0026991974817129893,0.31958926547236777,0.7815936385077336,0.3824274953489868,0.2569122761797098,0.00016016308881938723,0.009484294400422755,0.5130127334503988,0.009359990229414611,-6.436152854005783e-06,0.5899894830298136,2.704567381117684e-05,0.0006229618006085014,0.09167735604238891,0.006752400075188805,0.11461004172107539,0.305209051760754,-0.0002380904518093363,-8.893363238893226e-08,0.1290704224543256,-0.00011737954847279575,0.061357629451003204,0.002318120466549778,-0.00014486520457135388,0.5668433991177512,0.03152325546850898,0.0011958888539291834,-0.00011436837494560592,0.0008410712636962026,0.0004908260185834123,0.0075139670927618085,0.16550393984875778,0.489922090423162,0.0002314490940872327,0.1538525433683116,0.0018811553374701862,0.0012742047974141912,0.4674321180239442,0.24490878012943681,0.2502221666547352,-1.6414807052611557e-05,0.00019666798155082432,0.03611735789172982,0.025179516708990587,0.21777806652386178,-3.052106964657186e-05,0.5763528248535268,9.747615800939635e-05,0.08001316969071778,-0.0001011008645068201,0.00010661282968679742,0.5657068075229744,0.17029795495217162,-7.943352329337072e-05,-5.9821509743152035e-05,0.20817892297712742,0.00021079905845161617,-0.00011035528031577702,0.9744749979892735,0.2811618944950462,1.1174627398659032,0.05042444941606061,-0.00011193111087970387,0.019466539424299212,4.0681510039608515e-05,1.2681873369835284e-05,0.3544074672908327,0.00010947568642816208,0.033971633369561216,0.0002253683509795823,0.23935239512592843,0.00994850123135621,0.7802056539042714,-2.4013660017779825e-05
0.1805101252078372,4.036223372422265e-05,3.359309841965974e-06,0.40617529108344663,0.00010577425385160932,0.004848018949465016,0.00645267681708539,0.0013214501147754132,0.8820949541280632,0.017276438425612994,0.008680694377475207,0.09634972596307595,0.0421209950066722,0.11346509121049742,0.16052339133421778,8.166742644100111e-05,0.3526711557212306,0.09811849053922878,0.8235425491781445,0.007677188397574405,1.8270939071973746e-05,0.0002828784067691603,-2.9000283133212568e-05,0.0404816253313276,0.7014968654802646,0.1435393855339352,0.3077698931890636,0.4552192194647168,0.00047780963414939537,0.043542214888574585,0.076103394323044,2.5007039964414224e-05,0.0313627569626672,0.002857278416054765,-7.386578834384094e-05,0.0003985573617638627,0.00046245708517578255,7.747487206444248e-06,0.007723134753575583,7.175626457461837e-05,0.20121145107089142,0.6584438450986876,0.2938295114518912,0.031863900310677595,-0.00010386674671503116,0.0003841836739801874,-9.380191763896928e-05,0.003524521492502264,9.828030533398646e-06,4.8327243290624544e-05,0.1224809116881766,0.03173121940004381,0.03604310440883421,1.0542766031755562,0.5216487714436067,0.044968027187095194,4.463554395178759e-06,0.13957258827011942,0.007668212412196396,0.08672211382533801,0.031234334006328995,0.0671511491691982,0.0012503391074450004,0.1971113916188156,4.607607625906063e-05,1.2739672418382586e-05,7.480380430657796e-05,0.0506516380692878,0.0519787206453618,0.42394747428488755,0.04409383220747659,0.001626365460684398,-7.721193695775508e-05,-1.1079017941395541e-05,0.19014651046580922,0.10444873881906461,0.013552303966527193,0.4034722890797453,0.1697751667459756,-1.3834449287208894e-05,0.0871781099126972,2.0210639143404094,0.30451553214250543,0.24126122147311585,0.38338833351050083,0.0002325446397347941,0.021748481240843998,0.1775117497536922,0.0006528396568193928,0.00020893652401120233,0.06139566919697581,0.3643436750631846,0.03412778839169606,0.052279550598586605,0.373982596906191,0.0001525692110388166,2.706691807299877e-05
-2.4047632850354717e-05,4.875257878997341e-06,-3.9234483316191726e-05,0.014874457257641194,0.00017173363893197013,0.18752107534230997,0.31621712619688647,0.0004510107018000087,0.5463525216245426,-4.9296589338387875e-05,0.00021342050255079847,0.0003221645119187988,0.09684478410800101,0.5314222002945188,0.5698526655486588,0.546641505871203,0.23113411602996578,0.03597315216593561,0.7907484940142046,0.07401035287245056,-1.164030320960352e-05,0.0003045104225928297,0.03485808276035099,0.8347842370030412,0.5388824164464856,0.6789296902984996,0.2959653541101538,0.3781893353785638,0.025865812286188394,0.03222296058110058,0.014234175605684796,0.08095514554025662,0.013061153532327202,0.08811322150548562,0.04698171426793621,0.09726883673715198,0.08299890808515839,-6.379165755798777e-06,0.059824909105209795,0.3648212526640754,0.007149170680349259,0.008275756152383601,0.15837227892258637,-5.371784419755388e-05,-7.916346199643431e-05,0.11447038622927859,0.3703369863702956,0.18478253071162581,0.06419975437203781,-0.00018897460643819974,0.00025884037766676915,0.5602307037082132,0.0003705862760802203,0.9467646061826811,0.08177802703324377,0.03695107613797102,-0.00020597806192301782,0.354240284271893,0.034119409012300206,2.1614453299401148e-07,0.161611223096294,0.1580300038037096,0.002440255954060999,0.0006413144002752058,7.048357654387827e-06,3.51711431615942e-05,0.0011611599505986225,0.20397547613721137,0.0002452856222477928,0.02245968214498617,0.08246492580753301,2.049312342479459e-05,3.0204077093004544e-05,0.07104831474485179,0.13270367464597854,0.15179891148991276,0.1086018610513168,0.233949969952219,0.022472366347269998,0.21009566360986318,0.012820917426829781,0.8998014514867139,0.18777621411368622,0.603808825185233,0.07655196194315803,-9.159239207612302e-05,0.15152258910251903,0.020725428445232952,0.014219431761291201,0.20948791315950638,0.06728544051692041,-1.563433098816791e-06,0.147981205443606,0.01486824677808879,-3.200453499396794e-05,0.36915856160204463,9.736084591738248e-05
0.03343073133094876,0.030275305894450183,0.01084000628984097,0.16277498267753898,0.1290755532797678,0.80382280763853,-1.3109199955396722e-05,0.017245130520465203,0.1013787333291572,0.041996107115922415,0.28838193896890985,3.141362456500485e-05,0.38076660118173544,0.20250127112718502,0.0699494458535028,0.07302948590879402,0.5905993936952774,0.024368516832421416,0.8699387851382505,0.29719508043717524,-5.6797515131767895e-05,-4.078020661299475e-05,4.967140587139318e-05,0.11427927248280037,0.7853456835843242,0.4889019376056108,0.010668791002658773,0.2652651377831734,0.00013734513934218762,0.067877894272582,0.010960566572671193,0.0693932232954418,0.09104099310773639,0.03898100164715518,0.11768529692010202,0.0005032172161120174,0.014849198517888185,0.0008364836085528182,0.023887361004476,0.242203907725085,0.001561938838725796,0.03886027772025122,-5.579486002382783e-06,-6.52030429366679e-05,0.00023217784629200877,0.00042882519264839103,6.068339150067104e-07,0.08293047957820901,0.018238517054943393,0.00010307602132160476,0.11678068034872999,0.0011995796234884337,0.0001736234784939783,0.8025303101499986,0.19372501417851,0.559499794257558,0.005608287101975029,0.2184079414581674,-2.254208707708205e-05,0.0009902988827618087,0.7695344160470656,0.2555915889901272,0.03265072750009601,-9.440260438586812e-06,8.870800061799855e-05,0.235372247410518,0.12119765790781717,0.040696738085145207,0.00020009172715979018,0.588049723972227,0.9457750053060747,0.012487407058475203,-1.0274701812418296e-05,0.0001328484121694007,1.0664858463117755,0.2519876270918808,0.0005004756863524057,0.27650898945034214,0.02774646237373879,0.04884819851811417,0.0010118694136133644,1.4517756066910779,0.6743010673727436,0.284883595923381,0.23623537123285454,8.780800743379835e-05,0.24257874889815784,0.00029354580784440865,3.6109968860414954e-05,0.024256484847248405,-0.0003337235397490035,0.2273203843852316,0.11824565243463059,0.1324301364928258,0.00048285167100681203,0.664159486510683,9.266327641865857e-06
0.09428417297972058,0.8416605458873304,0.22376446567407637,0.1329022619357118,0.16907169482647022,0.338901516274768,0.7733182191030566,0.00015828346978499774,0.34550056228129183,0.28513061114816984,-2.830619836602377e-05,0.0007245783739399936,-0.00037644702724104473,0.8703143865800285,0.382883569314805,0.019939364232106793,0.18717953200719942,0.0440619566525344,0.6024784544216676,0.2502142405356528,0.05325287056083883,0.00025139285793540633,0.00021078056087539543,0.0002569032837952401,0.5954440949184829,0.33133191429664677,0.8089278324410619,0.045716082080724196,0.0002472670724762427,0.0035852603839564012,0.20768271417331338,0.0262383504319178,0.0624079065563842,1.0164435278721007,0.011395553334932196,0.006545822535368784,0.06268100166949958,-8.754512498998501e-05,0.019573457778370607,0.11992151518022179,0.3460371231356134,-5.335063252442929e-05,0.4896504178943788,0.1262507485266472,1.5136635895585115e-05,0.005851105813214796,-0.0001616546244209982,0.0008146562289860215,0.0005069645612610085,0.0007329082453070013,0.00022277755546140643,0.19103880726994954,7.066924999160618e-05,0.5360322497079639,0.191145802196522,0.0002857633173918017,3.0354612968186423e-05,0.3899097662340536,0.00037324911000313765,-3.33646961022116e-05,0.10235217934490276,0.25763860153868723,0.06328040652575118,4.206557294558766e-05,3.976969908681127e-05,0.00011701429629562554,-6.923426906380037e-05,0.10067528191252641,-3.540353871378521e-05,0.0348394789255424,0.3259323591783646,0.18943945297337061,-7.411035551563305e-05,0.00010856203440559598,1.221634168280444,2.3593078750383523e-05,0.0003198762922616005,0.0008006312404930105,0.028344071494948997,0.37703276612944836,0.0014464992074758043,1.0779979069051007,0.35319179199793244,0.09486007916081363,0.12145618522335061,-6.600723430760791e-05,0.0609851448437094,0.6423356497866024,-0.0001807267987845862,0.24248540572829042,0.0510443652341452,0.755843539418562,-0.00012530984632619369,0.05839623149323098,0.00016914475493218228,0.9923080583572401,0.08839296468843039
0.05618042857956618,0.46313588569058356,0.077865503346375,0.0901503248990172,0.42065996641875125,6.796994376317977e-05,-1.9445365734283016e-06,4.966943460207873e-06,0.12513899414232577,-6.645710459457499e-05,4.540776373140876e-05,0.006637845917681018,0.083339117080101,0.0804026126926094,1.7834408756982354,0.1077048486804878,0.0572365762591914,-4.988833757907374e-07,0.8244576351169944,0.08524102225382763,0.04221498483982977,-2.123612330945379e-05,0.0033109120979694096,0.5583486438841793,0.6871269569396257,0.24945106222601457,-7.888064501582193e-08,0.5166418796142136,-0.0001363111073078016,0.008852934598718804,0.10685394814259278,-1.0179823077605121e-05,0.0004739570069271781,0.00044787861073602997,0.00015178789889164213,0.0002909272773125582,-0.00010001855578120611,0.0005890698942132011,0.06591989536406398,0.02571676547600059,-0.00011192690879235911,0.00026558505803041255,0.05561455540706217,9.849109740539541e-05,-5.44550837100477e-06,0.00015668914658398259,0.11551421380861443,0.1411089131002188,0.2580458625695152,1.1379076415796163e-05,0.0936349042693904,0.10347311543170981,0.00017426799254799397,0.2782113665533666,1.4432842530220924e-05,7.705987222217381e-06,0.1198377451552054,0.017478967827096403,0.00010334255642940882,7.229568570410461e-06,0.3123468883863868,0.551411549647754,0.07205459813063597,0.00012559692953759138,0.0015071950377542054,0.007171138791097598,2.6099429005790875e-05,0.11100939368875823,0.007386283723299192,0.16673134050494698,0.8682404227435414,0.022688031082149798,0.00014105752901039104,1.3103938507008639e-05,0.3677073804048206,0.49419466470793494,1.4698820839799398e-05,-7.246412661743307e-05,0.13627304003750723,0.00013595341364919244,0.0015724261784403892,0.4107238017984224,0.2275063049205034,0.143440513749315,0.20159725963292482,0.001144034205266986,0.04753808103317003,0.06939654490772959,0.019741297371468014,0.1448298667308854,0.2503680389516882,0.6900426158629002,-9.381204922881414e-05,0.8256180946417676,0.00018162442500879727,0.0025955959721266075,0.00011381641799140807
0.004063547715260796,0.0022620370057818,0.003226624807515177,0.2836879490117484,0.00029512986139240693,0.1762790889646352,0.0011794583105573242,0.00011666479246480455,0.057672353047167224,5.88953447569901e-05,0.00016896848634923023,0.07052929127164759,-5.0194511096224304e-05,0.002266403417712226,0.6254381051844242,4.271737440997292e-06,0.0886004524498194,0.005095700060462199,0.6251088100868487,0.11122629099887679,0.00045722812112278244,-1.5056331013396651e-05,0.0031769877840925886,0.1710259715413246,0.48993146394003406,0.3385497994460156,0.298237901963437,0.00041662344424520104,6.668845180879401e-05,0.00043678206858238644,0.38698960071325217,-6.834374046998937e-06,0.7781884128984404,0.0986172428946146,0.0767844939031388,0.02035525147219197,0.24980596411816042,0.001169928503282014,0.012418975161061607,0.1433626608574362,0.018064215840611908,0.01176181459891601,0.0700755464586392,7.752360278168169e-07,-4.211762466099778e-05,-1.3766536046011524e-05,0.0411782412757854,0.352064639954111,0.6074618969082592,0.004914413686533614,0.008660966929886216,0.0010877690276782093,0.018587572820985,0.33135134191821625,0.3716933198322428,0.3718886060986403,0.00023959453618860316,0.05385467118814641,0.002864179980119397,0.0001687442084358226,0.47964005599231885,0.2172028338621844,6.174417217719164e-05,-5.438046698599819e-05,4.21081272465873e-05,-5.832263389582426e-05,0.2016964216359644,0.1966926633676746,-5.0240840752197036e-05,0.0008579516998312164,0.0177775185357128,-8.130266555000931e-05,0.017978038647993577,0.00012801714944341014,0.16480632329616757,0.11505494791061405,-8.653329122901288e-05,0.06007707658011796,0.33464711612025017,0.0004959304618225857,0.0524294912108902,1.4743897086654516,0.10058339455044221,0.0956648494727314,0.1857141282699632,-1.5092774869385206e-05,0.010255591059882385,0.22524660221652038,-0.00010499546011283334,0.5345001061954859,-4.685384461622366e-05,0.4617665427771114,-1.3634678502183473e-05,0.0005763301843781932,0.151530059664798,-0.00015290895673800153,0.06150864405331399
-2.346438816361318e-05,0.1568460941962444,9.726357379918893e-05,0.10620963424656421,0.2836228094979974,0.08710759711389282,-0.00010318404491138633,0.07040452043386841,0.270431156295447,2.866249075619831e-05,0.00020487764716281553,8.00858234181745e-06,-1.2563255433195586e-05,1.0750068825889967,0.5411294123067254,0.463501422012636,0.2785982583956208,0.3951885442711134,0.849552442404789,0.014287059743490788,0.00027364458334400155,0.21671879628374363,0.009926858040666786,0.32750328710088245,1.5424595074210874,0.34029019836112595,0.09702881580492881,0.3116736625334346,-3.70397542193146e-07,0.0011596412151194113,0.23911151845566397,0.08756022057033738,0.4052642830941976,0.0206449363334118,0.00770192288239957,0.0959307307577458,0.007916479297005397,0.00016008404382678032,0.1715704560189884,-2.9562538417238216e-07,0.0009712043613342436,0.03517213401479258,0.11480096670259682,0.05540805337636978,1.4525917407387512e-05,-4.3427246300020705e-05,0.12563239699440262,0.028158035357648825,0.5706049017127026,0.0006811937767789988,-8.997239406541291e-05,0.12249306154026945,0.00015157888572381317,0.7630962399720582,1.3826335044317584,0.4597821672503842,3.914086954720508e-05,0.10626289863784963,0.00017120177217261334,0.0001361955082296029,1.512765891418725,0.8785971580288319,0.051040126724199206,-6.309354047606686e-06,0.0003990090175172156,2.500764481938589e-06,0.0003096326015732398,0.20071050083061623,0.002832157449852407,1.2685026770403729e-05,0.2629448970992908,0.0013025873172271552,0.0005357664099491788,0.0004537586409524008,0.6818055248662446,0.027295397726474047,0.023409472301578,0.0014027940722883964,0.0010495578678332007,0.000586200778876611,8.963577757459262e-05,1.655457926444544,0.020120073456294824,1.551635178120847e-05,0.38421420136610723,-6.459374225603609e-05,0.2551390511937388,0.07835287593295101,-5.466149840457901e-05,0.253584913896431,0.32429723389324316,-6.187360596099367e-09,-1.3936294828820195e-05,0.5712582756606517,-1.7790322227595468e-05,1.2168644158193682,0.09234513624283519
0.3042644712127438,0.025083094550832005,0.004559683300165818,0.10716925438961619,0.09851772007421039,0.04541593437920219,0.07262476810599838,3.864538004361151e-05,0.47460648577342357,0.36419436328166477,-0.00018994031799801636,0.073328660709368,0.2875588446275612,0.21403597405072178,0.15660401585651879,0.403759011613782,0.6904820491203847,0.17758308090739539,0.3090204577968956,0.2580995260437438,0.012751586329527803,0.026213115116166003,0.0006526863474713984,0.369618152275305,1.3020847678750083,0.3083150457466934,0.5945175199024286,0.40203172828666717,-5.985844227798798e-05,0.20520958632738678,0.18167470935507038,-3.0159242230987093e-05,0.21664840997183057,0.009961091782694442,-2.541879131978675e-05,0.011755450282548804,0.0008920562999445991,-8.126796155080718e-05,0.4608831649298388,0.16742337131673102,0.0005337222117711982,-4.986918185401201e-06,0.20336330020480897,0.0001572437805728022,0.0007003095173718776,0.020527229129094826,0.4821798050987567,0.10469674446872138,0.13283045980473637,0.1310741480820386,0.1507715045029592,-4.7583823511609946e-05,-0.00010596479716701301,0.215341073057658,0.4222529296036488,0.7704637573812699,0.00011911782274220961,0.3891437982770154,-1.8688839306113536e-06,0.025952730081326203,0.3242739648485704,0.686583771272795,0.34395023602747243,0.002816859945035388,3.0379277199787946e-05,0.05057632952304922,0.08672167767972841,0.011161513938718393,0.003757436992062796,0.2779916240415872,1.4209261286981685,0.011463619937871594,-6.797543346659385e-05,0.00011441595382138958,0.050312741054728605,0.009479100441326771,0.0047052682997819895,0.044350079142969207,0.4183643055785488,0.3577321922245612,-2.971325538561609e-05,0.4882586002039118,0.7049949896788145,0.5999725864423074,0.418250731631039,-8.32043521159509e-06,0.16389981167751042,0.2016091028413022,8.257321623372782e-05,0.10097847777424379,0.02271309599752319,0.0790608308748752,-0.00013565039585583527,2.973407261187331,0.0808458453726106,0.284006193183509,-9.145104314139951e-05
0.04735310578374019,0.17017297161739459,2.539944267379579e-05,0.6591697965795009,0.060041946845565186,1.2673309798528505,-0.0003881806586851777,0.27159920892182843,0.3792703829942836,0.10058154960747279,-0.00014859118227700252,0.006854784079255827,-0.00021580081402144957,0.0947544898197402,0.6560212247722779,2.3951396931592983e-05,0.0036712287131512034,-9.06462142014064e-08,0.5968043038129879,0.0795273390892558,0.017485677436844593,0.0010284581122191883,0.19233376183771878,-0.0007025504839359709,0.42275267405897904,0.5442093491704392,0.010042062038610189,0.5037484425020334,5.9353736924783185e-05,0.8007201580661764,0.120754128049259,0.1706766792227426,0.0052979345091669905,0.015444513096152246,0.0002591680914603989,0.04343192864402981,-0.00019428122794798441,0.0873364189077684,0.0665701426870598,0.0005357260349979631,0.13353826631369803,-6.449667282998339e-06,0.15481452116728361,6.0234000326980786e-05,0.0029434495505827885,0.00015628019904623258,-0.00016102403446904834,0.21593951582757417,0.008056548571668598,0.002809861651092399,-2.577619508842277e-05,0.2111947235188632,0.029677822066051796,0.23064828021584818,0.48130228709664197,0.06214951648334022,-3.7940253561991044e-05,0.5334616231993498,5.010478568800991e-05,0.11741623337886181,0.4897136258587808,0.5288527125212996,0.1297522942712296,7.82997477318248e-05,0.0014117046226376218,0.057934134858729835,0.11125581130695641,0.00020256813047678235,0.00016059967407699993,0.018216176347859436,0.542516016400691,6.046146063615199e-06,-3.346302703999271e-05,0.008130104126091608,0.27558807207932484,0.5757274168795302,-2.790016767559994e-05,2.577736419517862e-05,0.06217636853613581,0.18958166928790965,0.10664669803630877,1.2866402119016083,0.3389289972671122,0.036545546072454804,0.4047691790329412,0.04482387450196579,0.200233547526696,0.017374704717435602,0.0008305376480751692,0.0005296509909327729,0.04325605706208621,0.09668505880491,-0.00019512730568638226,9.324314213007834e-06,0.00017283418992958266,0.008629222374517409,0.37950018863431456
0.09668522395048396,0.3185052016616518,1.3915132495989635e-05,0.5372398598781165,0.30603975213974555,0.6461759975742826,0.015287743030927614,0.012555689543416806,0.729357221060882,0.0022393058015666156,0.0002158924914125726,-7.641838890359853e-05,0.1490496018620308,0.17101704828736317,0.6740182073576209,0.25364391284775123,0.7947895165185201,0.07676632310060319,2.6940776722583544,0.47280385718137985,0.057019883968691995,0.26377972646157966,0.06478619332343077,0.00043242856148895115,0.1782647483966066,0.22852274376693,0.023305435561400994,0.3422918116192485,3.2652346496075957e-06,0.038794648096714596,0.010791395315140617,0.22536656102729657,0.0885601628102366,0.030591522106865332,0.02436749947532381,0.012648538605060405,0.2572991095550502,0.038295287725717386,0.27403053928885557,0.18510335601008365,0.03886221129242362,-8.057712041339982e-05,2.7242845020147843e-07,1.1198884870000647e-06,0.0002596454592831976,-6.106504326058859e-05,-4.269019621616632e-05,0.03274328530193199,0.18168687345320622,0.0569522782834266,4.160191742935693e-05,0.011528029276708401,-3.824701489280047e-05,0.10528488298668881,0.5627947111118652,0.0240366193425072,0.1483310392385548,0.08967877764617538,0.018461010212243,0.020390477228225595,0.16375649323333258,0.44803145808806577,0.0005128480564986077,-1.5309805516783292e-05,-2.603225513558849e-05,0.043724800373185185,0.00013114825617899228,0.076574182616614,6.45754700506207e-05,-6.53372189534096e-05,0.052518697453945204,0.008348020009195212,-3.9313490940606766e-05,0.14163485733586478,0.0921294769491432,0.18291149993394,0.012112349841838843,-0.00022525326518452182,0.3508793142322126,0.038560085101217,0.21520197375942457,0.1148291462938054,0.9160492092939339,0.46879420428734386,2.9560302040793074e-05,8.066240363158172e-05,0.0014133870215434219,0.009916647537321605,0.24327126710959424,-0.00011163956576698553,0.08405607158166878,0.004248891656825612,0.003052997370817795,1.632265443499148e-05,-6.755756972340321e-05,0.1661749362840466,0.017491596438274193
0.00044982243368463237,0.0015562161574365907,0.0001352192261329932,0.0006632262212866169,0.2879694314750444,0.7180368385001198,0.025551918910556637,0.12415689976075361,0.5721658621740036,0.10782585322727639,-0.00013876153827879767,0.03473152195781237,0.22269093986061583,0.5853438597690793,0.08568343003073642,0.09237537013187863,0.772685422329801,0.0070719849428196035,0.650253481042744,0.12493910158321281,0.1169006281603188,0.0713431134012874,8.306775959759927e-05,0.2521465838510024,1.3742447732791152,0.2760163639914454,0.08336600130608698,0.1329169003925554,0.0205487276390742,0.14671464448133278,0.6218727564419514,0.011167726875410178,0.24342008349808059,0.21560780434228177,-3.09296597660047e-05,0.0866075122262478,0.013556098610472578,0.0022295939111205976,0.020340131137485992,0.033042895997539595,0.3442533884115314,0.5151600795924026,0.2600696220589206,0.00022073966653812782,0.004756499260999081,0.012632227450199651,0.0008297489286366311,0.030568003322707593,0.4035916850066698,0.04519391583526977,9.855417169918335e-05,0.03690557022665181,0.1496258833807636,0.019651377946756976,0.013678706254859202,0.703471022224174,-4.907274454260535e-05,0.067325490686796,0.0002107991561305922,0.026189800411942604,0.04595295937408739,0.08259423218382739,0.0015209299397688225,0.12112697937736402,0.02806793496204263,3.323747520211917e-06,-5.0117987384218354e-05,0.00011483567075698531,0.00012359117067761716,0.08167464339113717,0.7919292390324982,1.9554652581604826e-05,1.848487886979555e-05,-2.838437631380586e-06,0.007489535761521199,0.2588073875799622,0.00027761083087321503,7.421680855440593e-05,0.4825087387854732,0.0009196680204127672,0.022782345941620402,0.239889077683762,0.9088064282675898,0.0001460828637697975,0.22255982832203242,2.1813757775213105e-05,0.042947782678659174,0.0009433348767078076,0.032093327681734785,0.0006351329818966578,0.00048248350204377344,0.0443846422356928,-2.8815173134411065e-05,0.1501472279765374,6.220626103586868e-06,0.11440447421003258,0.010232763218392199
0.045412873378468444,-1.544230362381105e-05,0.03461479023286859,1.2210749566894687,0.14327910293227658,0.5762027361400719,0.26603165818100094,0.08582698716986022,0.10838515146722016,0.09546848094431319,4.165022777921634e-05,0.1833543315742412,0.043920931825189025,0.5883606135158104,0.38602743881047163,0.0913089371001676,0.013760898900053387,0.1788662681650942,1.2880942771294202,0.17059879821384502,0.0003360293598959896,2.2934006153801922e-05,-7.277013132739318e-05,0.0009820130063289967,0.5609152010124545,0.04415067843488199,0.4683370548788756,0.10387814898431302,5.7939970872389335e-05,9.135261364395797e-06,0.1567314933383984,0.0406825632827216,0.16935430403029378,0.06747928727397717,0.00011332967347160716,0.00035007071541659496,0.0021124161323421986,7.971524287639364e-05,4.800697178078406e-05,0.19148490054445538,0.0013439097155232005,0.04844467990413778,0.9099923267772385,0.00016262099483921322,0.034874095913389996,-3.870492821780869e-05,-9.01956814303162e-05,3.3421119131904486e-06,0.3692368079262252,7.822389029599197e-05,-4.181469934141924e-05,0.04555892424018401,1.9205480470962932e-05,0.31034494872056506,1.0611436191315602,0.0005026205661285976,6.118767361590338e-06,0.26856210050596263,0.00012877974148517435,0.02857083321289361,0.3898997802626052,0.48972177877876083,0.019615576266015178,-4.1210589290407995e-05,3.638461764177148e-05,0.0359818313430496,0.0003115536079738579,0.00014146284518440355,-0.00011890950477944084,-0.00011099323039565068,0.6426484919934293,-2.9896472271417895e-05,1.59190365537909e-05,-6.40895986206147e-05,0.510101143051467,0.42665602509133516,-5.538766997820188e-05,-9.06231465507834e-05,0.16070295424375963,2.358823171802471e-06,0.10256095427673279,0.807402097999547,0.16364122377519322,0.000173187813026221,0.5435531104064028,0.00051587748192361,0.1285167776463302,0.00459525174001979,-5.39827091223799e-05,0.0002560242730194062,0.031559157462166004,4.150784988943279e-06,0.08332976165435524,0.15321784148345582,0.009876011087798786,0.11387952043276317,-0.0001924577666452265
0.04278574694715759,0.35714455652690336,0.00025927917118356847,0.009005357599497804,0.3992512941745408,0.0168491197991798,0.007097843981650198,0.023057185245782014,0.1357362856429566,0.1157828038068366,-7.778278178038889e-05,0.04276080081585079,0.07256385661588283,0.5976579077598494,0.5370440351498555,0.3233427074251348,0.0424825859116478,0.0521223558839146,0.5805204565528047,0.24109896643519,0.00023517927625321677,0.027428971381832007,-5.1462146665390285e-05,2.6001287618815372e-05,0.3042132204802332,0.29828328711429997,0.10518103986054839,0.15181325156174877,0.06846525201034603,0.2638742779211602,1.0350646222315205,0.0064635450561078,0.07747382494114602,0.007247194565622006,0.004767214958406013,0.11824119329077304,-3.693074518160144e-05,0.08346257825293381,0.012861249740577799,0.09227326596107199,0.6261117431057736,2.9077729974624766e-05,0.08394913907503682,0.08976446872632643,0.001740580295215205,-1.1158462831006855e-05,-8.156304522644042e-05,0.021716232217384224,0.2108433279111238,0.00015483493505241697,0.16117984234337418,-3.896121116481188e-05,0.0018233678894291894,0.3566711510556194,0.3126846098567948,0.5294380660802569,0.00013841549784043838,0.021449715285297405,0.0022643412511810235,0.40822926928076486,0.32179807150220385,0.5374980631531688,-5.5293956211011075e-05,0.014563219443097408,0.00016008119380428454,-0.00016468450809103974,-1.883072944958153e-05,5.614552324380295e-05,0.00013305668921681502,-0.00013291635860623874,0.18138708580657364,0.006597355987093212,0.0009994638144418255,0.00013958942219260972,0.028007057511188413,0.16353390257542838,0.003703648057074821,-1.0643682033795177e-05,6.975243019818889e-06,0.1050409151325232,0.2519965020462488,1.1935508983402185,0.0007338427818515958,3.0157055708857072e-05,0.3455591182451186,0.0001886491929813383,0.0010275876372437959,0.010429909617134192,7.046541185218302e-05,0.028290774654492618,0.018464512164788408,-2.8551152083666764e-06,0.17707811272602875,2.9159396504052637e-06,0.30479959009842317,-2.362204406880508e-05,0.03090504261871041
0.007875018718439819,0.1099280340480982,-2.2576075805802454e-05,0.2373993357479074,0.2942943344871104,0.1690539268149548,0.010714670228901435,0.0997192160723126,0.5578371325367244,0.11494524070815482,-4.36596629694308e-05,-3.1170686894621547e-05,0.17732862484494963,0.12578816627191258,0.7125873537072787,0.3320986565682086,0.42003139276151213,-2.5873259074105093e-06,0.2895733748941538,0.16267941125870441,0.00855314420164599,0.4359350804556968,0.3507904504345598,0.030269590510790978,0.44735197748947786,0.1204137471840954,0.14192385886475403,0.0029846907433142,-8.613458341599767e-05,0.0007519297804198105,0.7591801597076684,0.019037685518112385,0.09229845647724358,0.07034249505251738,-4.54417258711759e-05,0.13748216151704024,0.01741684580361602,0.00296234861131299,0.16565955062936516,0.0001207477865100004,0.025493245871383796,0.022701506040441605,0.23091877263955202,0.05440340019394119,0.009526401556571806,0.0045652772673552,0.005252830241338824,6.619143993003007e-05,2.0634429065607973e-05,0.222150101158358,0.00026540356613402594,0.08198112754111378,0.134089604202087,0.1050874670079334,0.2747640953290478,0.08278030288832,1.1639477335192994e-05,0.06660702056335821,0.0012256836451418063,0.15086371180676217,0.1818416416690518,0.4795917838504107,0.005240059211057996,0.003948376198857989,0.0001960757469948171,-2.596488544004405e-06,0.00011342304821398974,-3.4597896653998372e-06,0.0001330351154913978,-5.909306243839785e-05,0.001397346920636755,-1.6677504252604614e-05,-1.4185441653408182e-05,-6.177097532006348e-06,0.001540176729021403,0.028382440368146217,-1.3421777387556677e-05,0.24090162103131538,0.0027425400260981947,0.12648003160671095,0.0002220521142521914,1.4167949419731083,0.1800560350593256,0.18043597675927103,5.788005746680536e-05,0.0029805686857283797,-6.833781512577408e-05,0.00040779574462340706,-2.111244693181469e-06,-0.00023798496789939616,0.03464015715096358,0.014362731948691781,0.6085218391609942,0.009385366890866192,0.3361556394150402,0.30581706297681804,-0.000142959868257575
0.017260974482200653,0.0389933083128514,0.2633597498583176,0.6422129012086982,0.05581680563045399,0.47548209668914865,0.049958336161533806,6.0098728632787535e-05,0.1958134426828164,-0.0001238725643458033,-0.00011014237026360507,0.0008039684092793903,-1.356412059277945e-05,0.1755911792355726,0.260588594250455,0.4131592053294336,0.40811671663643,0.26815703764697857,0.722359943249316,0.501349824589254,0.0005501676965432023,0.00015522144209162425,0.16469353333327402,0.0011129018175898286,0.28101791226288697,0.37820587617942203,0.28503585146875465,0.06905203717696323,8.593549928798128e-06,0.0641904665750464,0.0011372474683846168,0.10153007495518859,0.35483314038640157,0.00897369282011884,0.0004053647046041997,0.2502194321727208,0.025360654345704003,0.00010249131030681813,0.11922982440116801,0.39446620549383316,0.017488778860184212,0.0874147001994374,0.008459986819269003,0.01649896287643199,6.130742408819168e-05,3.0874341217596024e-05,0.0690351129042096,0.01547141544512537,0.033690094648251984,0.00132196875921603,0.0002721922271297639,0.28200239309441383,0.0001107643368473965,0.8463274124418682,0.6056383217287944,0.007768188907862017,-1.6158590135928463e-06,0.484170115109927,0.00019715902556399767,3.451059865000605e-05,0.7354559771338532,0.09298075199732979,0.013821739602900979,2.3133443412592936e-05,0.1348404898768796,0.00350904536151625,8.665007614983011e-06,0.0006390560773144038,0.0361748766538952,0.18104661879321898,0.7822360922169982,0.10797332008112441,-6.34383798815974e-05,5.953015318499455e-05,0.07388584087191863,0.39120912556107595,0.00712135413175119,0.10872490451330738,0.2054758773318396,0.065456775322311,0.0011545477287879802,0.39429754995411515,0.27458471565972264,6.834200767896759e-05,0.00020293399084460317,0.0005862713790736329,0.1523831785245634,-0.00013774430737162335,0.004743154885178014,0.003317007728296184,0.028645888519927998,0.0279774851851588,-5.57491430380197e-05,0.003932099017491142,0.1355547429395598,0.1743831979153988,0.3359336530374816
0.05929896251252742,0.07122746765114041,-0.00013093275703779383,0.28504972533643763,0.00037309805896879045,0.0012537572736345814,-1.4902940019378974e-05,0.091713002296745,0.39074138360894517,0.1105857411222552,1.9150784163757262e-05,0.27162888966686216,8.42050203728184e-05,0.12112773564451082,0.5163415576592142,0.0715565205472694,8.127723031992051e-06,-6.441482919838926e-07,0.7547756205466277,0.271887261210351,-8.310553921975217e-06,2.9681308239395965e-05,-5.8260156770212346e-05,0.0001440142685462109,0.030431970631482397,0.1532924121992736,0.7404951901786772,0.41976116189774976,0.106134645933595,0.0011425042471742142,0.40584844472602905,0.07854707951685,0.00023435557384279826,0.1429142103843306,0.2605395078785678,-3.235156514758142e-05,0.00032415024579479645,-1.2999025684190535e-05,0.07801484578886839,0.033921706997945986,0.259574577612804,-0.0001180736108956082,6.725031231757939e-05,0.2576101087590106,0.00031109496168940654,0.010158422094086572,0.0002817398751783218,0.02917517631599964,1.021982121207255,0.00014135596482819923,0.005466423239015389,0.13078621393143858,7.606967309398138e-05,0.2401502519186634,0.03177244849165761,0.39459558854157806,0.00029402667231692714,0.12533565054883317,0.0001507897296977867,0.34825775258388003,0.9726826392125008,0.5501366688372002,3.2453477492033755e-06,9.934178330395227e-06,0.025312556230338568,0.0057513617812876006,0.0502649672306784,3.6520710104209764e-05,0.0044025590699061645,0.0009427436486356133,0.18564027448979903,0.6266057313144809,0.008258719667043002,0.001432550288532397,0.078752821503836,0.0004644386470747941,2.7676498713935516e-06,5.2307984259203355e-05,0.07465607846510039,0.02554419348464837,0.010293017936843007,2.388222625303298,0.1222837905197348,0.004488151495761761,0.2485738759158262,-4.084704798040795e-05,0.14983399845501322,0.0004591395892391825,0.2150609391591778,0.22091472944244706,0.18359323361427393,0.5774329803475025,9.93255017118777e-05,0.028138211406871783,0.0012623229595301877,0.14939340517586258,-4.364408550561194e-06
0.0014397997086226244,0.07493923556009202,2.5898072765151436e-05,0.1533755114353828,0.6167451088406695,0.6619109839151652,0.01071949059492977,8.041155506260944e-05,0.008662238553199392,0.17439162709400818,-3.343471452876834e-05,0.018371299355215406,0.030775378013744747,0.05243607376710918,0.014145002346879196,0.5136685825419827,-1.7172277825827642e-06,0.01370215782183079,0.3269829720300002,0.1372400533857598,-1.2165294195176646e-05,7.043957751740049e-05,3.1533807414024784e-06,0.13658757631437102,0.5984725173463445,0.05108527532893917,1.492087082654776,0.09553081114533418,5.656194996900288e-05,0.032273870016684594,-3.296586500958765e-05,0.0519399659216378,0.05518190623256361,0.002465091857319135,4.839919774568546e-06,0.07698246614424697,-2.1741623564608403e-05,-2.7390239501601243e-05,0.029157880537444197,0.173042637196496,0.14106825985285543,0.00014595625665320133,0.0749482920377062,0.05773536241208241,0.0026346969078215876,5.169051414277703e-05,-6.199838957521298e-05,0.2024656738133212,0.18632208254531557,2.3456299109381185e-05,0.07188081869003202,0.18980124386668557,1.1851751128388877e-05,0.07346246495457381,0.08157424352727577,0.09621117128621459,0.005535519715825665,0.7891038274660618,0.0007243643372754072,6.14393446823902e-05,0.22629630208995238,0.09606928243955219,0.0005255834127027847,-1.0774777271183034e-05,-4.380314638785521e-08,0.071422521502526,0.2585634311404358,0.5413689740482054,0.00038712736684279325,0.0011488772693184074,0.00010933049639560988,-1.7344315138001498e-05,-1.269825613992026e-06,0.1592895292679938,0.0233244502153806,7.376733524411261e-06,0.068177658615485,0.0157349846290446,0.07381733378323199,0.18965170446356558,0.02944060002315721,1.4006165064195846,0.1362075254533096,0.09465847955520279,0.1463700701555224,-0.00010308261712099753,-3.146189282238199e-05,0.20257956920601838,2.208899206639081e-05,0.23849232255828395,0.07968053147807219,0.24072740746608803,-5.1184915329793856e-05,0.3846597474649278,-5.1092678159586624e-05,0.5244260995525668,-0.00011826800065894982
0.11705796510891164,0.6300453700978634,0.2876258041727626,0.2137185040174976,0.11131695163903743,0.06718340216490398,1.2945880135784016e-05,0.004201522755028192,1.214268179641576,-2.128428053999043e-06,0.0005078709359264133,-0.0001227775490917904,0.1199241385946318,0.030141064450850186,0.3200420183905274,0.023474896336776407,0.0932842461158862,0.0006092859615550172,0.5531963630157175,0.036175836880535994,0.0977549810818506,0.0004909714030880141,0.007260133374123179,0.006316363456261853,0.7390131391336552,0.3213926155996182,0.002634770434405631,0.039857869132433804,-1.4953344742607566e-05,0.001380572920102574,7.638750726984833e-06,2.769300731980673e-06,0.023965735732900603,7.855375243281948e-05,0.026226108026767794,0.07269241220882416,0.013796527815450599,0.0134125602072388,0.04329616262015401,0.5334953299582786,0.1236381791689466,0.031181878370947796,0.8480324641701554,-4.971271328718663e-05,-9.361907899407829e-06,-0.00010002698563238432,-0.00017992675134936853,5.159670838839059e-05,0.030475375697655793,0.006130234201123963,-9.440083752393358e-06,-2.3825628992002468e-05,0.0008806362714560145,0.2013235822979232,0.5568050512639979,0.337996751504249,0.0002143130170422225,0.0645238108975994,0.0008549315577901506,0.204275692601541,0.5491116911860525,0.6729539480158961,0.09901748248817877,1.6250512110127513e-06,-0.0002183981994475781,0.299588522686273,0.004888239719006801,0.04239817954852601,-1.9890210066597636e-05,0.04844773183406681,0.11306570342609198,2.5400622466198453e-05,-0.00014390993655280515,0.00012152342134419403,1.3556844784991975,-3.2077289843390755e-05,0.0673500475072228,0.059031991451574006,0.043994985294239425,0.00018832912283256453,0.009699837366734215,0.9575890425988505,0.9522142798436861,0.013030169399614822,0.03528547125695922,0.00027001904090562245,0.146986667410269,0.002181723321353801,2.2537192443411458e-05,0.22287636223090157,0.15008844023246318,0.09993128965877361,0.1587435061563866,0.018869968434226225,0.05766465272227944,0.2604925575945536,0.0011504226661842587
-2.200529332499479e-05,0.05153145615610777,0.012759173825516584,0.1703526669065706,0.09592567175432959,0.002687873544609587,0.18845571221815594,0.14267820899176042,0.4219550806891572,0.0010958885228344317,8.995253754751076e-05,0.03865513050030259,-0.00011792580977015854,0.08787881708730838,0.3156182068822612,0.13979023952142755,7.212058827199552e-06,0.06318530062791941,0.19814909594461738,0.1916958037477706,-1.9864296195382103e-05,0.0002668421631026041,-1.1478012136245663e-05,0.12209104767748763,0.56041634155462,0.44966032467168576,0.010026751233776776,1.4929999651753756,2.8368723984206756e-05,0.22356691083758418,0.07948413166754618,0.1174455019601646,0.2746456534553114,0.07708369869770704,0.0716633866675918,0.2742776975292932,0.0026842152135330144,0.0774153036140512,0.026043390641291006,0.410753134218946,1.6313931852085517e-06,0.0003443031100763827,0.17165228621762918,0.10047291776394657,0.00010522032535198456,-2.5514026935624656e-06,0.06325944804762562,0.3426380381615552,0.22860228458273618,-0.00015773794451580392,0.2255983687571022,0.3220562743082534,7.034241377901207e-05,0.1494547074632654,-2.3983846784148e-06,0.7344107279150498,0.007898604842559803,0.022495133777442222,0.0003993336950387505,0.5216486532903268,0.07565095582205839,0.1332082689221486,0.23756304637231238,0.0013210031952797796,6.465327907739793e-05,0.001658929021042782,3.560333640295621e-05,0.2340701313579138,-2.270638913717815e-05,0.005118028299950006,0.47724971704864544,-1.0052402200588784e-05,1.5610627822959522e-05,-4.5113979889988e-05,0.2697105196560472,0.00016738696696400046,0.007859295468795213,0.13944751585672738,0.0020951488653346007,0.06224342187002441,0.19238860689916198,1.3419812138215992,0.257806348739044,0.11644905527816019,0.1278313523560708,1.8750225583841207e-06,0.0027938442310943834,0.0017984479435907974,0.044822087122094206,0.0002627582952530183,0.08564193723545319,0.64873501982629,0.4246224480200348,0.4268903732913214,0.00027452717294451645,0.223904714968426,0.0395872056542078
0.07735459862022742,0.3012660360678982,0.2259256859207878,0.2609661333293444,0.3844007560093058,0.8778904333110806,0.06756188941469732,0.0021444352102973907,0.14991990085338117,0.11689240738670281,5.582339387499857e-05,0.001031331281997172,0.025549794019782635,0.007844060265390584,0.6221936630747218,0.12900449978038803,-1.9819248995994743e-06,0.1188311401963692,0.8641305364251631,0.3649683533481794,0.09264792266115321,0.10102962120784503,-7.876067290341071e-05,0.038938904788498596,0.8830450932585814,0.39462409995870523,0.08086434354861238,0.01553012827394179,0.0001109593108462037,0.00032812042859259316,0.7010139498107946,0.0035988058647050125,0.31951538311640537,8.731155514063449e-05,0.1461389352979518,0.025723991636628196,0.0008124676030056288,0.02099588531254859,0.0369208040684984,0.0018031747739252063,0.16368100429277405,0.123157457861591,0.028196450939555806,0.011447066390352978,0.07000970016001717,0.0033738748300879973,0.014380109006263186,0.10143059599647777,0.1910917009155348,0.030156818617200015,0.00010338386636460362,0.083916817565174,0.00029794102535163347,0.4372439178095192,0.11444636661042801,0.000701341033012004,-6.970358465502313e-05,0.22004789688916962,0.00013514071658277116,0.12189041389863722,0.0004422698887057708,0.9303239577433113,0.008863215772538457,-3.316106175216271e-05,0.0007050235335301913,0.019898097237138812,4.824175637918593e-05,0.22852203262988918,5.690364537838666e-05,0.002170734276921771,0.12352457212361961,-3.0415993141602593e-05,1.6228203487955728e-06,7.792757168961773e-05,1.0750487068417578,0.216398939397642,0.0016459731099839892,0.0378035922643814,0.003969401730091599,0.06892743170283616,-1.2083589519595872e-05,0.3487235937057542,0.7987925410688725,0.28115154104387985,0.3733883340024782,-8.05920725631959e-05,0.303578193571097,0.00980829422612478,0.0370280407523694,0.08860194234764501,0.5083475475209167,0.1571053037192286,-8.204945755541093e-05,0.15142354204345698,0.00030487187455663367,-3.5197205196096926e-06,4.379596114120754e-05
0.39715788755328596,0.1890763171657966,0.00016333594051401445,0.3066787722329008,0.3060149085081352,0.6327586849853191,0.05359221865389052,0.044458292650618625,0.2565439970004242,3.356950296320993e-05,0.0003418590319363979,0.0969065824455704,0.4525267803475768,0.45803002983501295,0.3860009742930148,0.1394241986542848,1.5488364998777817,0.14612446718570143,1.0819489689304518,0.20008212179515217,3.3331306373979297e-06,0.081376180267898,0.0005204249291451968,0.0007659231348684514,0.2579316358626512,0.3539640632742744,1.3968911460882083e-07,0.7040885175666124,0.06072998107276284,0.00012313833523577844,0.1690088456032494,-2.477131769457186e-05,0.35089699668161356,0.0014376795430466327,0.00023886591638822008,0.11770162713493718,0.0007492654884841965,0.0002278454805048069,3.498592182779592e-05,0.06778788347732859,0.0009242002952497552,0.15243081900634342,0.026694415206676397,0.00014833534329977693,0.0028240539660743247,0.0019713189810958154,-0.00023630831641119343,0.024694953085151794,0.0007850090069053961,-0.00024912898682799556,5.6744584208789917e-05,0.1914442013677478,3.357282984800536e-05,0.3714472229346274,0.11892491309201558,-9.983897055199087e-06,0.000701212278873764,0.232367187107794,8.443650752981702e-05,0.06636241878440419,0.2074249568021842,0.0803900581182576,0.0017359478637190007,-2.773003859637968e-05,-0.00010742800765659033,0.01878141963350982,0.00047864402503600134,3.739622703735623e-05,0.0002545801752293908,0.0764680935856846,0.8132941244132394,1.0445926753284183,0.00011177347723598241,0.00016316266132360147,0.21559821724023018,0.018872348193758798,9.964202562801061e-05,0.017073579541255823,0.032839499170359804,0.07389898226243802,0.1543002339944688,0.21417854150247817,0.2561332291964634,0.3684001850791023,0.6140739365911744,0.0001319239380151993,0.1219797256235914,0.11358924846115598,0.0008880554803775975,0.041838559644145956,0.010801832016462232,0.03234716413875682,0.17101276770099977,-3.97593618067793e-05,0.00013228362325495846,0.324776640740516,7.207236722756027e-05
0.032995853476986,-1.1613206492205874e-05,-2.537975562058592e-05,0.10583486651151564,0.6007290383734202,0.0005091184835842033,0.034229649200473,0.0812570207272584,0.254786808146969,1.1504566930220506e-06,0.0007517138565792392,0.06621662804907762,-5.10664668867955e-05,0.4629208764367948,0.28627065218035164,0.12046930597567321,0.05926102020470719,0.17204934060710858,0.156292080496696,0.014536058981341582,-1.6313716873800344e-05,0.00011264225025220398,0.0003860092413334182,0.0010575634568171788,0.36053116759038195,0.2364329003534894,0.03175986967756961,0.012764864375055973,-0.00020726234763102092,0.002166951745792206,0.1826326535903692,-1.5294108972399578e-05,0.29410719398484375,0.00025082455220737376,5.024414456838988e-05,0.06983117223153901,0.1422555498472528,-7.407063202358177e-05,0.260546838182729,0.15964381854252602,0.25680079135995304,2.0831178252606053e-05,0.005611919940839011,9.243906625780451e-05,0.00020413316339379373,0.00010653363471058164,0.0522244190286664,0.39552731407040903,0.04724682183037479,0.000872940005253009,0.0001062540520123667,0.002062118158142612,-3.6901871135197606e-05,0.2948932968625458,0.10152031128793682,0.015495382086747,0.0004076662013963728,0.4162252165727922,7.154923861824036e-05,1.0959662335996434e-06,0.3308523732891646,0.3760443746971378,0.00034340085597678316,3.4296685679224836e-05,0.0017262441790037997,0.02463353766929019,0.28310666134836737,0.43451379701269677,9.472630883600175e-05,0.0008843147139810104,0.3650759649289706,0.7193597176895936,0.026380149436105393,0.1381790631434206,0.9395347939720229,0.6092066279811403,-1.989876402863633e-05,0.1017593792002976,0.34826992908154863,0.04242224841295,0.10944659991140762,0.44784192842156834,0.253082197219494,0.0002791942223300259,0.0520039019163816,0.027345142963163427,0.020523032953552983,0.003408788441051608,0.3927714137939178,0.3761478572660496,0.09028621928280062,-7.693141742592946e-06,0.010022435456181783,0.00215301071803925,0.0584278934455668,0.267785758860301,-8.769785087048287e-05
0.16729885305116277,0.07294224298672822,0.029510182940855,0.016789562095204547,0.331754015855033,0.2878901482742056,0.2273877171110188,0.0011716643886887923,0.7960807126572556,0.344176818756164,-0.00011805294637379227,0.07134561834247341,0.10878289542603722,0.35370369541396957,0.31359547035867336,0.0712584894915266,0.04321303587745162,0.0008709102757747944,0.9097216442044196,0.030021096555476412,0.10497388165859499,6.414630021339685e-05,9.334693553600393e-05,0.024251971123014193,0.590269639351619,0.33733717580076544,0.09835203803533743,0.014782851051270196,-3.533091523277854e-05,-1.0944344285224172e-05,0.4409001975691642,8.434330626699849e-05,0.201072439125635,0.01800332862281473,0.00019131656144499853,0.0003399370084291864,0.0022988047413859958,-3.3507308503932798e-06,0.04504602807971242,0.1032677709466808,0.15101496876423398,0.0498323922132896,0.1759213612905608,9.616609550344712e-07,0.00010555903118719678,-2.5490146561835125e-06,0.010915746608140597,0.017363726944491176,0.0898872869318594,-0.00022870075979919413,0.0016548837449048004,0.7490278727620503,0.0366763904492822,1.6089851841271492,0.39570919169733265,0.1866727336397582,0.0002483027030500129,0.10727790210603538,0.4681035810731826,-2.6774189211015154e-05,0.47392470676870957,0.3867012971053732,0.0031823237111402447,2.5940695941806258e-05,-4.9660612199409204e-05,0.09211327081279982,-2.0003638368210064e-05,0.00024456613550521977,8.291449853919941e-05,0.0027136836387245955,0.05984804492278184,0.14211528372787602,-8.417766100576873e-05,0.0685813723944146,0.946579123548727,0.07743840658749118,0.10859549083603798,0.001641000532990794,0.10428567728408959,0.1374994842325934,0.1240739432534282,1.3903495313119534,0.35836448292455536,0.07745998669992182,0.4243232828554895,0.0003051322368404219,0.022498808699417422,0.0033381961998376064,-7.688808607039799e-05,7.627881968008676e-07,0.00018530747138123527,0.017013305799112588,0.07899525893605835,0.11685788380068218,0.0007040681081476041,0.033511024192541206,0.001346175486703599
0.00649139325687581,0.1779308494334058,-6.652955112160241e-05,0.9395394347136982,0.013328633985753013,0.09318584409278202,0.001151098980531784,0.0012909312517547927,0.582744621164653,7.75102442756026e-05,0.0005401800997799633,0.017484672938369195,0.25485297394270734,0.004402316440275195,0.1915382198826568,0.17121475785404258,0.5081410346135385,2.6452736158200096e-06,0.5817395485717431,0.4406680789212446,0.0134990513783812,0.017130883633449417,0.000309256259258206,9.153923712201806e-06,0.6369799081793446,1.312894133445709,0.27254736903450416,0.036632811335751,0.0001442495215192019,0.04978689082354382,0.0009288713490873957,0.0005830067634768066,0.0025523802199513834,0.0003730180385406179,0.0195069742008952,0.10364465114534338,-5.199889089679832e-05,0.048339325783349596,-1.2626208358013091e-06,0.00551263137031438,0.01182837317092239,0.029827697883442,0.04156131923916262,0.08174170714063919,0.00022967580616839456,0.000747220597779652,-0.00010742558958820592,0.06736045708580762,0.027115992624747204,0.005649043347054572,0.029244414771809613,0.06182396139431118,0.0004756556934609746,0.06935629594553261,0.09156101207121803,0.005623662986777578,6.695193599881577e-05,0.018766235412075616,1.841284657477793e-05,0.2479582607911834,1.0847547563249051,0.055859992275064996,0.0008321824968773872,0.31870144995163785,0.04319024370609001,0.024702299118767618,1.8645259328001207e-05,0.0792703324996688,0.0015522687596599694,0.04343788144537081,0.761814862976873,2.5680512083237073e-05,0.01360501701818101,1.7827780293411255e-05,0.034409402106972825,0.32440840002704957,0.5202381393990015,0.13077265061457521,0.22459355522937283,0.0006135223780412424,0.22781637528012944,0.8881084970019839,0.4579672611448832,0.5538686297808294,0.0582799812159486,-8.301845711977673e-05,0.008931551519888614,0.003295453520294367,1.0810007762040996e-05,0.5256456629905822,0.013429201612499192,0.0763587380936826,-4.037035449999671e-05,0.05264338963889821,0.4947744615205446,0.0006510966963866049,0.012009371635647581
0.000453781665607611,0.1322361226828738,0.00022655111875780065,0.9459179537392525,1.2944498556853588,0.09958015603828499,0.13879934608552602,0.041783706091016004,0.5617435255558538,0.04463646332947879,0.16916094386240282,0.0109118356404522,0.3284214161580854,0.45808341333198116,0.9377035459633146,0.4105420150505554,0.09198814572775821,0.0529478547418924,0.7272028319893948,0.056786289140277585,0.024374080865551595,0.0017254112292863985,0.00010782441693418798,0.39065498567185136,0.8503185982607441,0.43236806023590846,0.3986901717135178,0.007555456807039396,4.836177766504024e-05,0.13371453734629218,0.11723108732082001,0.0006092685411445975,0.04830166049667084,0.05629664010150337,4.650649391499395e-05,0.0508103828606028,0.2893994792963132,-1.857921037085042e-05,-0.0001077053769240055,0.034046953129607205,0.004257875687447621,0.49444235143463755,0.032994816215852,0.00020926470773902084,0.00016539372031321165,0.0026207251238927753,0.023951419395182194,0.049439310648206,0.13481487629603062,0.0034067953442203924,9.953082123741186e-05,0.05860947418127538,0.0373129345613826,0.3931292350172204,0.3904373849076168,0.017528727832405555,0.0005839357303225601,0.58804753186657,2.431933600099967e-05,0.4078825120029513,0.6154430167621232,0.17259332417627316,0.00011294885878619654,-3.954705797459823e-05,0.00031739551059717375,0.0007719932516218053,8.361391625721915e-05,0.13254465366013363,0.000197095252552959,0.0018649503466408035,0.24705890101279576,0.03895148336999321,-1.8641843297972915e-05,0.0053847856349996115,0.07013036334444961,0.0001978224281903862,-8.396508218383447e-05,-9.425847419120004e-05,0.15806467819409697,0.019357734180586006,0.13083912126603464,0.9575472771939469,0.29827295957558997,0.0003712170482735866,0.06456635048229253,-3.7364539235640315e-05,0.0769236150237444,0.14806797501696262,0.1390928241498684,-1.6527114173991997e-05,0.3959673094904802,0.062212727896687595,0.5353624084417958,0.006625456839216004,0.1547759837260346,0.47846406158066,-5.130808142719823e-05
0.0006904187923999494,0.0354158584679704,0.016981183718052198,0.010775036551682188,0.00016758980536057955,0.00021368516936842719,0.1419024843830388,0.011410245917811007,0.39328547331529506,0.13972755961109462,6.224058804893406e-05,-2.9342419996192248e-05,0.0012247708321904138,0.238380918400721,0.9461711332321245,0.0273516464734498,1.62403366603093,0.006040560746463197,0.4998702212349372,0.05066895616250239,0.049785805260029986,0.004229522622093612,0.0002498276087787854,0.0009025416695198629,0.834318965109629,0.5771133703998084,0.244898561407631,0.2044953606273534,0.00043936321672860545,0.00018951579210840785,0.030636033337555213,0.07882694944930402,-0.0003746520372922002,0.011427909914491385,0.03393094555085541,0.0005906110667103781,0.005886529034169391,-9.549241193784752e-06,0.009660821395081412,0.471203366611777,0.3326238365565456,-7.211877527318888e-05,0.029878978740310203,0.00011231477830053738,7.438867251480241e-05,6.505349844032615e-06,-1.5764696826015e-05,0.24181380580362963,0.1517218564856948,4.275590568839083e-05,-0.00018680463612519294,-2.2124211252583237e-05,-0.00012893937360819452,0.08291693871446243,1.3503773704091584,0.02396675984733121,0.00010882688531116402,0.04127080515261419,0.013645389692700016,0.3435750034792142,0.49887630135134636,0.0023929997300715933,0.017268146201629794,9.836647117578146e-05,2.8995287659761004e-06,0.1611255984619382,2.0390049550178535e-05,3.876194402718802e-05,0.0010906348075890027,0.00014093844417861767,0.3648780664575398,-3.2676701968159527e-06,0.015209944629256789,0.00014452895245478659,0.0037470571025601807,0.0037533486266308064,0.39200284040207223,-3.953991025484882e-05,0.11698505770850343,-1.2053205277390289e-05,0.0006729167650277867,0.5666089575428639,0.642209607213993,0.007800547151766202,0.4641812302237118,0.0009441420140676171,0.031622583266511184,0.2927456839463312,-4.572258052820688e-05,0.007377658864917813,0.0005467013113593655,0.0011772236489220045,0.296641615882241,0.37230905647669243,-7.838670286600125e-06,0.6085710391123064,0.00214180691862198
0.14549434063621258,0.2915414452232922,0.00034251599037360414,0.22172774803388998,0.0005739561224091805,0.14921670766595663,0.634521610145302,0.1808784911996886,0.1808315117086726,0.006940751638953413,3.4433845801373764e-05,0.02795528538375258,0.058772872561829836,0.18259253557110658,0.6968229409041324,0.012697483749750216,0.12830878376200683,0.01642839959857481,0.11229665453871279,0.6936522955628598,2.1136846803604392e-05,0.003869807579977791,2.0286279513392902e-05,0.0025543889620689986,0.12609221132938864,0.5195500833103291,0.11371241511309421,0.08585155936153861,0.00019845976945115362,0.009709690766051993,0.9052738804948334,0.041382351905191794,0.11319391117591682,0.2743173559599184,5.964194838975478e-06,7.45849075979993e-05,0.0035919540236825642,0.0004819063568576032,0.0183195509855216,0.043901213602882794,0.05548685750413862,6.68471036851942e-05,0.008960586737659995,0.04998871046294699,0.00010700685389258835,0.00028684488949881626,0.00010599980248215957,-7.4508356103786255e-06,0.2573583624433032,0.051392057242933,2.3172327873410836e-05,0.0012282152002062174,0.00019678218081087273,0.9141045402944985,0.1393746373592058,0.004046534116780021,0.0038330426052689826,5.952134430178835e-05,0.0006086601572410366,0.2737091536052856,0.2127282482875184,0.5083276815119917,0.17098004173065606,5.335159258679223e-05,8.650534830700884e-05,0.0001030174622506097,0.1996415130897616,-4.766048116194854e-06,0.000331237278987373,1.390767264619619e-05,0.6928701647400369,0.009491212921549419,0.0865703473566534,0.02509511359527139,0.124613125671349,0.2861208635659832,-1.652478098859711e-05,0.0003644553885323587,0.22391567432290999,0.10640950467246257,0.008273716804077388,1.362467897123661,0.009448913530410413,0.08281746150414021,0.22176565381237523,7.271948794798644e-05,0.017089851108750997,0.005496406300983803,0.15962451630021623,0.005377227067978996,0.00026652475011684773,0.06547400883091199,0.47531661828885985,0.004929707461856392,-1.9221830709903465e-06,0.9106007092592384,-6.77242680887924e-05
0.107486092247979,0.1689926023476186,-2.0141583492422344e-05,0.16777529764593097,0.8059802697383295,0.09644499867422879,0.48901134500175714,0.014687086488583218,0.18783064752138,-2.0965294828395598e-05,0.00015482699488617024,3.904973677282264e-05,0.05866452977347922,0.7060946061147516,0.19297383709228158,0.5336060659061326,0.2057342053790404,0.02028940373209459,0.16009395842075858,0.40046165548207624,2.8279680038989508e-05,0.013796862298088575,0.3749601808387696,0.0008200805718882043,0.19941251845470243,0.4008652642328662,0.12327542424862742,0.0214604459843612,4.324000844259379e-05,0.20614226297961702,0.19591468718883182,0.00010271367902320305,0.6439382395710973,0.00023760325426760986,0.02026364895329079,0.000256335856890999,-0.0012893407370355714,2.219112473081375e-05,-1.669650517566179e-06,0.043663055862718014,0.0009029740730304159,0.01844423266200898,0.040851200406376215,0.00013886193656298396,-2.3928681272600283e-05,-2.487785085497629e-05,0.1945591714892524,0.42348629000636434,0.1126694215073906,0.0002491457994547863,5.1714366019639524e-05,0.3185931994649212,9.117154132104455e-05,0.2339985061877984,0.27276682603086155,0.05227583084561721,0.0004036367169437671,0.3966788438963656,7.990582734401785e-05,0.05088518282087098,1.0431886992812327,0.08348804230333261,0.029872232324740414,-9.24024531853973e-05,0.0003226089109049646,0.1497981054923744,0.00047500506410780297,0.22019441306006962,-3.389215143217994e-05,0.2753638871304698,0.40087144266067826,0.06337041193468781,1.1403179160096588e-06,-5.627024267298997e-05,0.2626853656328218,0.08714257682551782,-2.1443068810189647e-05,-5.228653390182414e-05,0.1307573859136386,0.1889774235343486,0.028745649538092777,1.3067949583558318,0.09126420955923419,0.1448318849811358,0.42281652828387256,0.003337997263953618,0.00013066275135120708,-0.00041951337829940205,0.21603661239875419,0.3368673041763296,0.1369157403153544,0.08779478717478739,0.061598806749603996,0.06944376182524059,0.0002728849614565543,1.166306513778858,-2.8396949050379927e-05
0.6138185564460724,0.026498327749985798,0.0009632036373053987,0.6284330267050351,0.4364719954395854,0.24106619981451702,0.0013324771769943622,0.020286084393180415,1.1432464041900574,0.0033286425820210075,-9.606868641998112e-05,0.14237355259025983,4.656299591354607e-05,0.9075517444787359,0.4195708567399512,-6.6831721851901005e-06,0.40172520445588716,0.1081954326698466,1.9583996219738624,0.0008986078328706015,0.07940265038984781,0.00016553822092080228,-6.431181812879827e-05,0.0004781829159337947,0.22883750116439927,0.5069999213634178,0.1029456297473604,0.0225990581760096,-1.6731719213403107e-05,1.843569048620708e-05,0.1470206471293986,8.051075101800365e-05,0.0897686385124368,0.00011804794538627927,7.010461508200061e-05,0.00018935167199052305,0.09897086707064759,0.0968050903890902,0.2519655936768478,0.18427219507302203,0.003915671298506007,5.047249021519762e-05,0.06884038507342399,6.093821911340447e-05,0.0005994741754349331,0.0001549106533413891,0.11231119823984598,0.7959438364552376,0.0003153083325510009,0.0036614317351034154,4.7925505823193104e-05,0.00143989690646662,0.00020026966054399742,0.4635558153025528,1.544390419246483,0.5335198452399857,-0.00012336577047056263,0.010381448077999178,0.0003287051277295894,7.884222539805696e-06,0.5988593641951301,0.029809396800263198,0.024799634094340786,5.315696676000403e-06,5.882384702660115e-05,0.02270056362448858,0.013620175342985597,0.268016971923541,0.0007564801111104025,-7.033123522401374e-05,0.2128188998843294,4.981588066998999e-06,-0.00011723057515677926,0.0013194081671872027,0.1563192101843516,5.233303259659372e-05,-5.2581363690074046e-06,0.033132027939820785,0.00804803560017861,0.0013240324915965995,0.00010909610527559677,0.5099563276233778,1.1419684769381584,0.0013031161702210525,-6.0410411547612286e-05,-4.0809185985007934e-05,-0.00034077641661561797,-1.7951504323404643e-05,0.0011424362840353752,-6.315338742804433e-06,0.04690703289546799,0.0830013266644686,0.09353407170610961,-8.649676965918895e-05,0.0003949702409226097,0.5192605699336892,-5.1335279947994916e-05
0.35725119443613385,0.10268385367615099,0.00011297410234581418,0.19168303131755318,1.1765597524414615,0.17061057575654504,0.03470501027054179,0.00026040537500979233,0.2949570612291742,0.047025041244977805,7.455190949340329e-05,9.159659767543626e-05,0.0677396696560486,0.555568957379912,0.1417917343686984,0.0157439873562836,2.2633117544024195e-06,0.030894482982341376,0.08564414265158682,0.4194601673994838,0.10305116828895722,2.530613871359888e-05,-6.496293542601617e-06,0.0038579322337516375,0.2925218073669334,0.09129705462970761,0.3437255777806246,0.06400935743721081,-7.616556829259657e-05,0.0196468813424652,0.10396393179855157,0.039581607446434186,0.01717309528700761,3.1845500620263967,9.860938077033143e-06,0.09360716775122219,0.0984896189872066,0.00018532240702040514,0.0712480281235448,0.06946005375371739,0.10105866249118484,0.11594741149286583,0.38454239077403357,5.589770569575103e-05,0.00018506683001673352,0.000615165676152607,0.0008137053435690045,0.05109566110672739,0.004340639455837403,0.006898012327252623,-8.957831945441419e-05,0.2077918826668102,0.0001210913956691817,0.8442420517333944,0.06264080338713623,0.4717768502653886,5.415219065038612e-05,0.01642367771087061,0.0016006429831201818,5.4550714047807425e-05,0.21206871342073777,0.8811508268725253,0.048401307890237555,-1.7487085220618814e-05,7.028742627102069e-05,0.1929716786941316,-6.020008112120334e-05,5.726026321983824e-07,5.6752581902408394e-05,0.0009884568960196183,0.7094623877911876,1.6901060639201715e-05,0.11160336965039797,-5.506621995682304e-05,-0.00017438293189936394,0.02817235647684785,0.07455378360641218,0.060777662249065806,0.24386311763926738,-3.131393198357868e-05,-4.239816192042056e-05,0.296538675453574,0.2614087570184098,0.00014291623937601194,0.22751718330745102,7.777691112359486e-05,0.005058176462727201,0.07042585495638741,-6.846515201264225e-05,0.2271746286715472,-2.166151709419306e-05,0.40050250532358217,0.1784635582872286,0.004231643343305835,0.0692187975962672,0.7378548724817127,0.038032864300535985
0.097926167270111,0.005069449940190207,0.37426883756763857,0.9793547697926691,0.15807980772430402,0.4260833203243558,0.00030053485328840335,0.012392825618745607,0.1024727570083428,0.00043509010938960757,7.682381168239161e-05,0.08166577954722401,0.12949931560731637,0.01473313574576382,0.2382762401683892,0.030924710765424995,2.564133216031994e-07,0.038300928749233604,0.6304213795221516,0.1370865877485738,0.15815854653943398,8.40000139444852e-05,0.025503225079630598,0.029981495608905007,1.131873758795279,0.2218156882309124,0.022685406612637626,0.14246140891861758,8.063530658020124e-06,0.008434803901573806,0.012037578170386587,0.1057106853763296,4.48595657540074e-05,0.006287962851983853,0.0001803536535128214,0.0038386412293235916,0.47318871836157117,0.11248606151639295,0.34056035798554,0.032404256059593795,0.0032942188879340195,1.0646731505026263e-05,0.1327611721005418,0.2217348507453718,0.005300585855191775,0.00017452089145159055,-0.00013735257781838373,0.0011194800062092058,0.292680112509817,0.0003862033632692219,0.007619531105878402,0.046470992761658225,0.0001997537227828028,0.46097322842430843,0.012474935330174214,0.00015777778102860074,-4.029682622197495e-06,0.365586972160616,0.0014300962920478222,0.32799786660033076,0.2542589080272535,0.40117790404183407,0.0206841656023916,-4.2428493421398095e-07,-4.524336921202243e-05,0.07888604352943021,0.0012542749459845681,0.054373462191236996,0.166631303004846,0.0009623111202524126,1.5081256502140605,0.0360213486370608,0.00044675452139875116,0.01123690709819658,0.6667804457420697,0.12061981674515682,0.0695605500710958,4.5675089465624374e-05,0.24961837795484104,0.07386202275385198,0.0315426086061332,0.9559575368622253,0.5561546288781749,0.19736735801116306,0.0050375518679295905,6.878733766102485e-05,0.00013162588086740312,0.0011197726284618015,0.05008183844402797,0.03982231796735902,0.40468483276668304,0.012542768025002399,0.02955687671932128,3.411102863121185e-05,5.619039164556083e-05,0.0910031222383792,0.0023522452707079866
0.0017338716997211678,0.0551777784094,9.122699849817284e-05,0.516959944933556,0.029451541913840418,0.0838688809140346,0.12314346565933676,0.0445645176522238,0.6342159493121761,0.001431105962803006,0.0003527794868504186,0.09789014941931001,0.22546090383169382,0.14984681493916818,0.46005484068884783,0.05062802812408701,6.854648128606922e-06,-1.7751498265605736e-05,0.7841165239371448,0.037873441455735596,0.021517107331773394,0.021468607527484973,0.1163820162977976,0.00043471153816038166,0.11387687330060699,0.055454334243216,0.33336361415329097,0.05996656092323138,2.5586953817213764e-05,0.1432628459420024,0.3476141029181952,0.03853995263721459,0.0016699251260408055,1.2505743700918608,0.004128511427983206,0.1313884977550168,0.07554546543618618,7.056624848239545e-05,0.0682358058869744,0.014894944305060998,0.005449389498375257,0.017189588690669805,0.400593408431388,-2.5137411199388504e-05,0.00020564703046843658,0.0051537792838720065,0.08072729917754662,2.1255530835984082e-06,0.0373420827930276,3.145986018299185e-05,0.00022089143583259307,0.31280900118889265,0.3574325229326458,0.29709088123125504,0.01036389001895277,0.21904543159775947,9.439243714692847e-05,0.6719343911788351,0.0016262120522038126,0.01995443150264739,0.18404171148675438,0.8619967337138826,0.08227922450719521,5.107298817341732e-05,0.00022489214390697398,0.000486040967313639,7.881497540840332e-05,4.060821371079659e-05,0.0002464763162404182,0.0007855987489056027,0.5614672584559948,0.0634054990275032,-0.0001345272304762446,0.0010045473268766036,0.9755210106606913,0.03465680951284139,0.06316384415883519,0.08377105467213217,0.37080803874631696,0.0010247846418023343,0.002783918225115589,2.400157777874675,0.47661805413613745,1.8518862193627792,0.4144003083653864,-9.403710521319053e-05,0.09762000496921519,0.005245176025069187,-0.00011247736087222071,0.01770497592398984,0.0543050021673078,7.706446258914923e-08,3.0851453447000576e-05,0.01592014876473158,-1.1187424931807799e-05,0.0076800432057479995,-2.2466159963902e-06
0.0007286263787319447,0.018402090792565204,0.03526125793551581,0.0394006892154074,0.261597068862192,0.49331394249475213,0.006746673882762955,0.0007240295348527881,0.3860119198406624,-1.5851505369424146e-05,-6.649574067785213e-05,0.11098739833594284,0.000468288438062181,0.3207989761908816,0.3280487360175728,0.08681962817117977,1.2730157908830817,0.02565016811403839,0.6418598663552482,0.0065954715809312114,0.056060467123093594,9.89839757691846e-05,0.4965498155325008,0.0035046661938349932,0.8967231510844309,0.13765913630406418,0.36548080246863757,0.005247365754153799,0.00017287478133279355,0.050278656052318016,0.5081522734278262,0.020363400283681193,4.428170340992077e-06,0.0029839552313695172,6.298137121660274e-05,0.03436796501966838,-5.306791169759628e-05,0.0003815269333174165,-2.918471202206785e-06,0.23379186559961937,0.0006700279369998008,0.012396078099037783,0.24533018145090257,0.008831485074912382,-5.7624150490598325e-05,7.598234113020963e-05,-1.3609051374707803e-07,0.02994333602457655,0.1953754363059418,0.0005402500476516248,0.0002128149981032168,0.05273837624051042,0.0045100639959616,0.24772628899937366,0.40469865572439717,0.1734635379326826,6.325824975023098e-05,0.40443633448822924,5.705257397820018e-05,0.005492609385308989,0.08875073417753843,0.9281706995510661,0.0005611021645494096,0.00013396473931259756,-4.909939466390956e-06,0.00014678804704199022,0.00025174367661157104,0.09092972374474739,0.00024328680589061347,0.19610107995988224,0.5310536212217214,0.06466817982584241,-0.00011798953137737156,0.005500596637941599,0.13949838478882737,0.1524606842062932,0.0006371083670139999,0.4185480312998142,0.40279615319551454,0.5292400153400678,-0.00019602037007404594,0.9400036795819574,0.24969052580305318,0.23872093184473842,0.6989201988586382,0.00010499478285419528,-0.00012674531053238902,0.0007542057346889841,0.0058319108488871785,2.8746313413430258e-05,0.0005765755089162106,0.0466708118172518,-1.9588654154412133e-05,0.056426853959387374,0.0002856124886481959,-1.8594495653806442e-05,-8.198923579200157e-05
0.004091338057242988,0.3891367386697724,0.028778478716875805,0.01037143004293578,0.49706812324669875,0.5305565250953173,1.0105608851174175e-05,0.026235066675730792,0.4055897561689114,0.00020037241613501955,8.566544942717469e-05,0.07006259878653759,0.34094180109115635,0.6158187339893818,0.6792088198492235,0.37475486132722796,0.05343333982463541,4.246370318150561e-07,0.4735904217170186,0.0319202456945632,-1.5116901859790755e-05,7.742599934340566e-05,0.3068798880812196,0.11074149584453719,0.5627367225867941,0.3302752007278586,5.11725883889369e-08,0.0273734989046244,0.0004358526827346054,0.04746941623272499,0.14462460717779838,0.020049844090568397,0.0068297038522917575,0.17312260915037214,0.005785997065972992,0.41336629970623406,0.40647994609958243,0.2686032373650986,0.0164061575745418,7.671550816201744e-05,-3.5556130083574944e-05,0.003738144668405191,0.6737335687334118,3.391167130195605e-05,-0.0002466373320644255,-1.1502413273578593e-05,0.07806771935711501,0.028257999239373388,0.3970046540011782,0.0005906000474135698,0.000639187830884208,0.20644783444690423,-9.568996862240053e-05,0.14349314213612321,-1.4787229263291124e-07,0.0782734316015894,0.001286927876420374,0.2041388521162504,0.11859176449502837,0.013628452453468387,0.3155252950650236,0.4961126775291572,0.00020316818362420275,-1.2386425150001656e-06,9.97947113076103e-05,0.0317612444920726,0.0006567717178914134,8.711644727821266e-07,-9.42428091764147e-05,0.12346511035572841,0.9462328132765397,0.060681742857579185,-2.753862157339748e-05,0.0002561011313320094,0.295040356244456,0.22519160253514858,-7.612773614662505e-05,0.08704842731042559,0.059406348027506384,0.5063192923392885,0.0018562469533480175,0.9335143807389936,0.2797408643948394,1.504920533891927,0.343324097432777,-4.907821108657284e-05,0.33004938493492963,0.00039292553503877947,0.07022657992637982,6.5731153077730475e-06,0.04818702104235359,0.39383437820529016,0.14560262331803778,0.06749780587916579,0.2837972320128928,0.011169968391311597,0.00013929944565960195
0.039541329483238186,0.13880383311948016,-1.5461746686595834e-05,0.020373497623410397,0.06086930762691334,0.1478614405973292,0.13667223687880692,0.2751550832800484,0.054380120314444,-3.4071482565400935e-05,3.853375782578161e-05,-1.396021615801546e-05,0.3064835848221092,0.07329284585245001,0.6693338262588069,0.004781125261272612,0.650283828718616,0.4191316801154838,0.9863073933217692,0.18259976413102122,0.3348790977806858,0.078678282134375,0.00024913936690379446,3.639082194117904e-05,0.5840425871971413,0.1524999811202636,0.07628710882240397,0.299056504605767,-1.0869460071588621e-05,0.0968698062207224,0.0017312548299626002,-8.747407691622744e-05,0.2313586501177724,0.5871451297440504,0.00033745536606238913,0.014034158191491564,0.3463254692842528,-2.551599495803636e-05,7.300465719860261e-05,0.0008182529330482136,0.002107382232942795,0.11151176499523358,0.017341279095460987,-2.88470965906229e-05,0.00015337095540601808,0.0481441169320308,0.001671958866144796,0.0009043136948275743,0.08696868551184302,-8.584192955302106e-05,0.028225841893954606,0.15703911011407962,0.16543770363565957,0.2912250626877059,0.7960505873606036,0.0010798340049028576,-2.3192271014577104e-05,0.07585659083163798,3.5979293868670936e-05,0.17460161101322058,0.12034173011443242,0.794473640682823,0.0015210122748218202,1.4893489898415435e-05,-0.00011684786214544163,0.07412925396207898,-3.627286366100768e-05,0.20363022703706019,0.0003369773096834061,0.00033249665964019126,0.47507777471621576,0.14383202070636203,0.0002676164974020345,0.0006467744496869987,0.03511310539004539,-3.5107943504031347e-06,0.008500031075647008,0.2437645018710668,0.03349742487758062,0.0020400887610788065,0.06395165534707842,1.0238705401746113,1.032488274271408,0.8725923632919207,0.0499948761718812,0.00013177347357018476,0.04102420792598899,0.007055511125434594,0.42933426520765644,0.14044903590335722,-0.00012809989591777704,1.0082213393674317,-0.00032112022661912043,0.17491425712374,0.0016326469216251804,0.001495383861406352,0.016582417792758
